2026-09-07 23:53:22
20260908 013302.140 INFO             PET0 !!!!!!!!!!!!!!!!!!!!!!!!!!!!!!!!!!!!!!!!!!!!!!!!!!!!!!
20260908 013302.140 INFO             PET0 !!! THE ESMF_LOG IS SET TO OUTPUT ALL LOG MESSAGES !!!
20260908 013302.140 INFO             PET0 !!!     THIS MAY CAUSE SLOWDOWN IN PERFORMANCE     !!!
20260908 013302.140 INFO             PET0 !!! FOR PRODUCTION RUNS, USE:                      !!!
20260908 013302.140 INFO             PET0 !!!                   ESMF_LOGKIND_Multi_On_Error  !!!
20260908 013302.140 INFO             PET0 !!!!!!!!!!!!!!!!!!!!!!!!!!!!!!!!!!!!!!!!!!!!!!!!!!!!!!
20260908 013302.140 INFO             PET0 Running with ESMF Version   : feature/esmx-cmake+gdd1288b46b
20260908 013302.140 INFO             PET0 ESMF library build date/time: "Sep  7 2026" "23:49:07"
20260908 013302.140 INFO             PET0 ESMF library build location : /scratch3/NCEPDEV/stmp/Gerhard.Theurich/ESMF-Nightly-Testing-Hera/nvhpc_24.1_openmpi_g_feature_esmx-cmake/esmf
20260908 013302.140 INFO             PET0 ESMF_COMM                   : openmpi
20260908 013302.141 INFO             PET0 ESMF_MOAB                   : enabled
20260908 013302.141 INFO             PET0 ESMF_LAPACK                 : enabled
20260908 013302.141 INFO             PET0 ESMF_NETCDF                 : disabled
20260908 013302.141 INFO             PET0 ESMF_PNETCDF                : disabled
20260908 013302.141 INFO             PET0 ESMF_PIO                    : disabled
20260908 013302.141 INFO             PET0 ESMF_YAMLCPP                : enabled
20260908 013302.142 INFO             PET0 esmApp STARTING
20260908 013302.157 INFO             PET0 esm: InitializeGeneric intro.
20260908 013302.157 INFO             PET0   esm: InitializeGeneric intro {IS}:--- StateLog() start -----------------
20260908 013302.157 INFO             PET0   esm: InitializeGeneric intro {IS}:State object is invalid! Not created or deleted!
20260908 013302.157 INFO             PET0   esm: InitializeGeneric intro {IS}:--- StateLog() end -------------------
20260908 013302.157 INFO             PET0   esm: InitializeGeneric intro {ES}:--- StateLog() start -----------------
20260908 013302.157 INFO             PET0   esm: InitializeGeneric intro {ES}:State object is invalid! Not created or deleted!
20260908 013302.157 INFO             PET0   esm: InitializeGeneric intro {ES}:--- StateLog() end -------------------
20260908 013302.158 INFO             PET0   >>>esm: entered Initialize (phase=<none>) without valid internal Clock.
20260908 013302.158 INFO             PET0   esm: InitializeP0 intro.
20260908 013302.158 INFO             PET0     esm: InitializeP0 intro {IS}:--- StateLog() start -----------------
20260908 013302.158 INFO             PET0     esm: InitializeP0 intro {IS}:State object is invalid! Not created or deleted!
20260908 013302.158 INFO             PET0     esm: InitializeP0 intro {IS}:--- StateLog() end -------------------
20260908 013302.158 INFO             PET0     esm: InitializeP0 intro {ES}:--- StateLog() start -----------------
20260908 013302.158 INFO             PET0     esm: InitializeP0 intro {ES}:State object is invalid! Not created or deleted!
20260908 013302.158 INFO             PET0     esm: InitializeP0 intro {ES}:--- StateLog() end -------------------
20260908 013302.158 INFO             PET0     >>>esm: entered Initialize (phase=<none>) without valid internal Clock.
20260908 013302.159 INFO             PET0     <<<esm: leaving Initialize (phase=<none>) without valid internal Clock.
20260908 013302.159 INFO             PET0     esm: InitializeP0 extro {IS}:--- StateLog() start -----------------
20260908 013302.159 INFO             PET0     esm: InitializeP0 extro {IS}:State object is invalid! Not created or deleted!
20260908 013302.159 INFO             PET0     esm: InitializeP0 extro {IS}:--- StateLog() end -------------------
20260908 013302.159 INFO             PET0     esm: InitializeP0 extro {ES}:--- StateLog() start -----------------
20260908 013302.159 INFO             PET0     esm: InitializeP0 extro {ES}:State object is invalid! Not created or deleted!
20260908 013302.159 INFO             PET0     esm: InitializeP0 extro {ES}:--- StateLog() end -------------------
20260908 013302.159 INFO             PET0   esm: InitializeP0 extro.
20260908 013302.159 INFO             PET0   esm: InitializeIPDv02p1 intro.
20260908 013302.159 INFO             PET0     esm: InitializeIPDv02p1 intro {IS}:--- StateLog() start -----------------
20260908 013302.159 INFO             PET0     esm: InitializeIPDv02p1 intro {IS}:State object is invalid! Not created or deleted!
20260908 013302.159 INFO             PET0     esm: InitializeIPDv02p1 intro {IS}:--- StateLog() end -------------------
20260908 013302.159 INFO             PET0     esm: InitializeIPDv02p1 intro {ES}:--- StateLog() start -----------------
20260908 013302.160 INFO             PET0     esm: InitializeIPDv02p1 intro {ES}:State object is invalid! Not created or deleted!
20260908 013302.160 INFO             PET0     esm: InitializeIPDv02p1 intro {ES}:--- StateLog() end -------------------
20260908 013302.160 INFO             PET0     >>>esm: entered Initialize (phase=<none>) without valid internal Clock.
20260908 013302.161 INFO             PET0     esm - Creating model component ATM with petList of size 2 :
20260908 013302.161 INFO             PET0           0      1
20260908 013302.172 INFO             PET0     esm - Creating model component OCN with petList of size 2 :
20260908 013302.172 INFO             PET0           2      3
20260908 013302.173 INFO             PET0     esm - Creating connector component ATM-TO-OCN with petList of size 4 :
20260908 013302.173 INFO             PET0           0      1      2      3
20260908 013302.201 INFO             PET0     esm - Creating connector component OCN-TO-ATM with petList of size 4 :
20260908 013302.201 INFO             PET0           2      3      0      1
20260908 013302.224 INFO             PET0     esm - Creating state: modelComp 1 Import State
20260908 013302.224 INFO             PET0     esm - Creating state: modelComp 1 Export State
20260908 013302.225 INFO             PET0     esm - Creating state: modelComp 2 Import State
20260908 013302.226 INFO             PET0     esm - Creating state: modelComp 2 Export State
20260908 013302.230 INFO             PET0     ATM: InitializeP0 intro.
20260908 013302.230 INFO             PET0       ATM: InitializeP0 intro {IS}:--- StateLog() start -----------------
20260908 013302.230 INFO             PET0       ATM: InitializeP0 intro {IS}:<name: ATM-ImportState> <intent: ESMF_STATEINTENT_IMPORT> <itemCount:    0>
20260908 013302.230 INFO             PET0       ATM: InitializeP0 intro {IS}:--- StateLog() end -------------------
20260908 013302.230 INFO             PET0       ATM: InitializeP0 intro {ES}:--- StateLog() start -----------------
20260908 013302.230 INFO             PET0       ATM: InitializeP0 intro {ES}:<name: ATM-ExportState> <intent: ESMF_STATEINTENT_EXPORT> <itemCount:    0>
20260908 013302.230 INFO             PET0       ATM: InitializeP0 intro {ES}:--- StateLog() end -------------------
20260908 013302.231 INFO             PET0       >>>ATM: entered Initialize (phase=<none>) without valid internal Clock.
20260908 013302.235 INFO             PET0       <<<ATM: leaving Initialize (phase=<none>) without valid internal Clock.
20260908 013302.235 INFO             PET0       ATM: InitializeP0 extro {IS}:--- StateLog() start -----------------
20260908 013302.235 INFO             PET0       ATM: InitializeP0 extro {IS}:<name: ATM-ImportState> <intent: ESMF_STATEINTENT_IMPORT> <itemCount:    0>
20260908 013302.235 INFO             PET0       ATM: InitializeP0 extro {IS}:--- StateLog() end -------------------
20260908 013302.235 INFO             PET0       ATM: InitializeP0 extro {ES}:--- StateLog() start -----------------
20260908 013302.235 INFO             PET0       ATM: InitializeP0 extro {ES}:<name: ATM-ExportState> <intent: ESMF_STATEINTENT_EXPORT> <itemCount:    0>
20260908 013302.235 INFO             PET0       ATM: InitializeP0 extro {ES}:--- StateLog() end -------------------
20260908 013302.235 INFO             PET0     ATM: InitializeP0 extro.
20260908 013302.241 INFO             PET0     ATM-TO-OCN: InitializeP0 intro.
20260908 013302.241 INFO             PET0       ATM-TO-OCN: InitializeP0 intro {IS}:--- StateLog() start -----------------
20260908 013302.241 INFO             PET0       ATM-TO-OCN: InitializeP0 intro {IS}:<name: ATM-ExportState> <intent: ESMF_STATEINTENT_EXPORT> <itemCount:    0>
20260908 013302.241 INFO             PET0       ATM-TO-OCN: InitializeP0 intro {IS}:--- StateLog() end -------------------
20260908 013302.241 INFO             PET0       ATM-TO-OCN: InitializeP0 intro {ES}:--- StateLog() start -----------------
20260908 013302.241 INFO             PET0       ATM-TO-OCN: InitializeP0 intro {ES}:<name: OCN-ImportState> <intent: ESMF_STATEINTENT_IMPORT> <itemCount:    0>
20260908 013302.241 INFO             PET0       ATM-TO-OCN: InitializeP0 intro {ES}:--- StateLog() end -------------------
20260908 013302.243 INFO             PET0       ATM-TO-OCN: InitializeP0 extro {IS}:--- StateLog() start -----------------
20260908 013302.243 INFO             PET0       ATM-TO-OCN: InitializeP0 extro {IS}:<name: ATM-ExportState> <intent: ESMF_STATEINTENT_EXPORT> <itemCount:    0>
20260908 013302.243 INFO             PET0       ATM-TO-OCN: InitializeP0 extro {IS}:--- StateLog() end -------------------
20260908 013302.243 INFO             PET0       ATM-TO-OCN: InitializeP0 extro {ES}:--- StateLog() start -----------------
20260908 013302.243 INFO             PET0       ATM-TO-OCN: InitializeP0 extro {ES}:<name: OCN-ImportState> <intent: ESMF_STATEINTENT_IMPORT> <itemCount:    0>
20260908 013302.243 INFO             PET0       ATM-TO-OCN: InitializeP0 extro {ES}:--- StateLog() end -------------------
20260908 013302.243 INFO             PET0     ATM-TO-OCN: InitializeP0 extro.
20260908 013302.245 INFO             PET0     OCN-TO-ATM: InitializeP0 intro.
20260908 013302.245 INFO             PET0       OCN-TO-ATM: InitializeP0 intro {IS}:--- StateLog() start -----------------
20260908 013302.245 INFO             PET0       OCN-TO-ATM: InitializeP0 intro {IS}:<name: OCN-ExportState> <intent: ESMF_STATEINTENT_EXPORT> <itemCount:    0>
20260908 013302.245 INFO             PET0       OCN-TO-ATM: InitializeP0 intro {IS}:--- StateLog() end -------------------
20260908 013302.245 INFO             PET0       OCN-TO-ATM: InitializeP0 intro {ES}:--- StateLog() start -----------------
20260908 013302.246 INFO             PET0       OCN-TO-ATM: InitializeP0 intro {ES}:<name: ATM-ImportState> <intent: ESMF_STATEINTENT_IMPORT> <itemCount:    0>
20260908 013302.246 INFO             PET0       OCN-TO-ATM: InitializeP0 intro {ES}:--- StateLog() end -------------------
20260908 013302.247 INFO             PET0       OCN-TO-ATM: InitializeP0 extro {IS}:--- StateLog() start -----------------
20260908 013302.247 INFO             PET0       OCN-TO-ATM: InitializeP0 extro {IS}:<name: OCN-ExportState> <intent: ESMF_STATEINTENT_EXPORT> <itemCount:    0>
20260908 013302.247 INFO             PET0       OCN-TO-ATM: InitializeP0 extro {IS}:--- StateLog() end -------------------
20260908 013302.247 INFO             PET0       OCN-TO-ATM: InitializeP0 extro {ES}:--- StateLog() start -----------------
20260908 013302.247 INFO             PET0       OCN-TO-ATM: InitializeP0 extro {ES}:<name: ATM-ImportState> <intent: ESMF_STATEINTENT_IMPORT> <itemCount:    0>
20260908 013302.247 INFO             PET0       OCN-TO-ATM: InitializeP0 extro {ES}:--- StateLog() end -------------------
20260908 013302.247 INFO             PET0     OCN-TO-ATM: InitializeP0 extro.
20260908 013302.254 INFO             PET0     esm: IInitAdvertise intro.
20260908 013302.254 INFO             PET0       esm: IInitAdvertise intro {IS}:--- StateLog() start -----------------
20260908 013302.254 INFO             PET0       esm: IInitAdvertise intro {IS}:State object is invalid! Not created or deleted!
20260908 013302.254 INFO             PET0       esm: IInitAdvertise intro {IS}:--- StateLog() end -------------------
20260908 013302.254 INFO             PET0       esm: IInitAdvertise intro {ES}:--- StateLog() start -----------------
20260908 013302.254 INFO             PET0       esm: IInitAdvertise intro {ES}:State object is invalid! Not created or deleted!
20260908 013302.254 INFO             PET0       esm: IInitAdvertise intro {ES}:--- StateLog() end -------------------
20260908 013302.254 INFO             PET0       >>>esm: entered Initialize (phase=<none>) with current time: 2010  6  1  0  0  0   0
20260908 013302.254 INFO             PET0       <<<esm: leaving Initialize (phase=<none>) with current time: 2010  6  1  0  0  0   0
20260908 013302.255 INFO             PET0       esm: IInitAdvertise extro {IS}:--- StateLog() start -----------------
20260908 013302.255 INFO             PET0       esm: IInitAdvertise extro {IS}:State object is invalid! Not created or deleted!
20260908 013302.255 INFO             PET0       esm: IInitAdvertise extro {IS}:--- StateLog() end -------------------
20260908 013302.255 INFO             PET0       esm: IInitAdvertise extro {ES}:--- StateLog() start -----------------
20260908 013302.255 INFO             PET0       esm: IInitAdvertise extro {ES}:State object is invalid! Not created or deleted!
20260908 013302.255 INFO             PET0       esm: IInitAdvertise extro {ES}:--- StateLog() end -------------------
20260908 013302.255 INFO             PET0     esm: IInitAdvertise extro.
20260908 013302.255 INFO             PET0     ATM: InitializeIPDvXp01 intro.
20260908 013302.255 INFO             PET0       ATM: InitializeIPDvXp01 intro {IS}:--- StateLog() start -----------------
20260908 013302.255 INFO             PET0       ATM: InitializeIPDvXp01 intro {IS}:<name: ATM-ImportState> <intent: ESMF_STATEINTENT_IMPORT> <itemCount:    0>
20260908 013302.255 INFO             PET0       ATM: InitializeIPDvXp01 intro {IS}:--- StateLog() end -------------------
20260908 013302.255 INFO             PET0       ATM: InitializeIPDvXp01 intro {ES}:--- StateLog() start -----------------
20260908 013302.255 INFO             PET0       ATM: InitializeIPDvXp01 intro {ES}:<name: ATM-ExportState> <intent: ESMF_STATEINTENT_EXPORT> <itemCount:    0>
20260908 013302.255 INFO             PET0       ATM: InitializeIPDvXp01 intro {ES}:--- StateLog() end -------------------
20260908 013302.256 INFO             PET0       >>>ATM: entered Initialize (phase=IPDvXp01) without valid internal Clock.
20260908 013302.256 INFO             PET0       <<<ATM: leaving Initialize (phase=IPDvXp01) without valid internal Clock.
20260908 013302.256 INFO             PET0       ATM: InitializeIPDvXp01 extro {IS}:--- StateLog() start -----------------
20260908 013302.256 INFO             PET0       ATM: InitializeIPDvXp01 extro {IS}:<name: ATM-ImportState> <intent: ESMF_STATEINTENT_IMPORT> <itemCount:    0>
20260908 013302.256 INFO             PET0       ATM: InitializeIPDvXp01 extro {IS}:--- StateLog() end -------------------
20260908 013302.256 INFO             PET0       ATM: InitializeIPDvXp01 extro {ES}:--- StateLog() start -----------------
20260908 013302.256 INFO             PET0       ATM: InitializeIPDvXp01 extro {ES}:<name: ATM-ExportState> <intent: ESMF_STATEINTENT_EXPORT> <itemCount:    0>
20260908 013302.256 INFO             PET0       ATM: InitializeIPDvXp01 extro {ES}:--- StateLog() end -------------------
20260908 013302.256 INFO             PET0     ATM: InitializeIPDvXp01 extro.
20260908 013302.265 INFO             PET0     ATM-TO-OCN: InitializeIPDv05p1 intro.
20260908 013302.265 INFO             PET0       ATM-TO-OCN: InitializeIPDv05p1 intro {IS}:--- StateLog() start -----------------
20260908 013302.265 INFO             PET0       ATM-TO-OCN: InitializeIPDv05p1 intro {IS}:<name: ATM-ExportState> <intent: ESMF_STATEINTENT_EXPORT> <itemCount:    0>
20260908 013302.265 INFO             PET0       ATM-TO-OCN: InitializeIPDv05p1 intro {IS}:--- StateLog() end -------------------
20260908 013302.265 INFO             PET0       ATM-TO-OCN: InitializeIPDv05p1 intro {ES}:--- StateLog() start -----------------
20260908 013302.265 INFO             PET0       ATM-TO-OCN: InitializeIPDv05p1 intro {ES}:<name: OCN-ImportState> <intent: ESMF_STATEINTENT_IMPORT> <itemCount:    0>
20260908 013302.265 INFO             PET0       ATM-TO-OCN: InitializeIPDv05p1 intro {ES}:--- StateLog() end -------------------
20260908 013302.267 INFO             PET0       ATM-TO-OCN: importState FieldTransferPolicy = transferNone
20260908 013302.267 INFO             PET0       ATM-TO-OCN: exportState FieldTransferPolicy = transferNone
20260908 013302.267 INFO             PET0       ATM-TO-OCN: InitializeIPDv05p1 extro {IS}:--- StateLog() start -----------------
20260908 013302.267 INFO             PET0       ATM-TO-OCN: InitializeIPDv05p1 extro {IS}:<name: ATM-ExportState> <intent: ESMF_STATEINTENT_EXPORT> <itemCount:    0>
20260908 013302.267 INFO             PET0       ATM-TO-OCN: InitializeIPDv05p1 extro {IS}:--- StateLog() end -------------------
20260908 013302.267 INFO             PET0       ATM-TO-OCN: InitializeIPDv05p1 extro {ES}:--- StateLog() start -----------------
20260908 013302.267 INFO             PET0       ATM-TO-OCN: InitializeIPDv05p1 extro {ES}:<name: OCN-ImportState> <intent: ESMF_STATEINTENT_IMPORT> <itemCount:    0>
20260908 013302.267 INFO             PET0       ATM-TO-OCN: InitializeIPDv05p1 extro {ES}:--- StateLog() end -------------------
20260908 013302.267 INFO             PET0     ATM-TO-OCN: InitializeIPDv05p1 extro.
20260908 013302.268 INFO             PET0     OCN-TO-ATM: InitializeIPDv05p1 intro.
20260908 013302.268 INFO             PET0       OCN-TO-ATM: InitializeIPDv05p1 intro {IS}:--- StateLog() start -----------------
20260908 013302.268 INFO             PET0       OCN-TO-ATM: InitializeIPDv05p1 intro {IS}:<name: OCN-ExportState> <intent: ESMF_STATEINTENT_EXPORT> <itemCount:    0>
20260908 013302.268 INFO             PET0       OCN-TO-ATM: InitializeIPDv05p1 intro {IS}:--- StateLog() end -------------------
20260908 013302.268 INFO             PET0       OCN-TO-ATM: InitializeIPDv05p1 intro {ES}:--- StateLog() start -----------------
20260908 013302.268 INFO             PET0       OCN-TO-ATM: InitializeIPDv05p1 intro {ES}:<name: ATM-ImportState> <intent: ESMF_STATEINTENT_IMPORT> <itemCount:    0>
20260908 013302.268 INFO             PET0       OCN-TO-ATM: InitializeIPDv05p1 intro {ES}:--- StateLog() end -------------------
20260908 013302.273 INFO             PET0       OCN-TO-ATM: importState FieldTransferPolicy = transferNone
20260908 013302.273 INFO             PET0       OCN-TO-ATM: exportState FieldTransferPolicy = transferAllWithNamespace
20260908 013302.274 INFO             PET0       OCN-TO-ATM: mirroring: sea_surface_temperature into acceptorState: ATM-ImportState-namespace:OCN
20260908 013302.277 INFO             PET0       OCN-TO-ATM: InitializeIPDv05p1 extro {IS}:--- StateLog() start -----------------
20260908 013302.277 INFO             PET0       OCN-TO-ATM: InitializeIPDv05p1 extro {IS}:<name: OCN-ExportState> <intent: ESMF_STATEINTENT_EXPORT> <itemCount:    1>
20260908 013302.277 INFO             PET0       OCN-TO-ATM: InitializeIPDv05p1 extro {IS}:+-<item: 0001> <itemType: Field> <itemName: sst>
20260908 013302.277 INFO             PET0       OCN-TO-ATM: InitializeIPDv05p1 extro {IS}:!--- FieldLog() start -----------------
20260908 013302.277 INFO             PET0       OCN-TO-ATM: InitializeIPDv05p1 extro {IS}:! <name: sst> <fieldStatus: ESMF_FIELDSTATUS_EMPTY>
20260908 013302.278 INFO             PET0       OCN-TO-ATM: InitializeIPDv05p1 extro {IS}:! 0x7ffe5d4afee0 => 0xd63be0 => 0xd0da90
20260908 013302.278 INFO             PET0       OCN-TO-ATM: InitializeIPDv05p1 extro {IS}:!--- FieldLog() end -------------------
20260908 013302.278 INFO             PET0       OCN-TO-ATM: InitializeIPDv05p1 extro {IS}:--- StateLog() end -------------------
20260908 013302.278 INFO             PET0       OCN-TO-ATM: InitializeIPDv05p1 extro {ES}:--- StateLog() start -----------------
20260908 013302.278 INFO             PET0       OCN-TO-ATM: InitializeIPDv05p1 extro {ES}:<name: ATM-ImportState> <intent: ESMF_STATEINTENT_IMPORT> <itemCount:    1>
20260908 013302.278 INFO             PET0       OCN-TO-ATM: InitializeIPDv05p1 extro {ES}:+-<item: 0001> <itemType: State> <itemName: ATM-ImportState-namespace:OCN>
20260908 013302.278 INFO             PET0       OCN-TO-ATM: InitializeIPDv05p1 extro {ES}:! <name: ATM-ImportState-namespace:OCN> <intent: ESMF_STATEINTENT_IMPORT> <itemCount:    1>
20260908 013302.278 INFO             PET0       OCN-TO-ATM: InitializeIPDv05p1 extro {ES}:! +-<item: 0001> <itemType: Field> <itemName: sea_surface_temperature>
20260908 013302.278 INFO             PET0       OCN-TO-ATM: InitializeIPDv05p1 extro {ES}:! !--- FieldLog() start -----------------
20260908 013302.278 INFO             PET0       OCN-TO-ATM: InitializeIPDv05p1 extro {ES}:! ! <name: sea_surface_temperature> <fieldStatus: ESMF_FIELDSTATUS_EMPTY>
20260908 013302.278 INFO             PET0       OCN-TO-ATM: InitializeIPDv05p1 extro {ES}:! ! 0x7ffe5d4ae6f0 => 0xd0a780 => 0xdb5380
20260908 013302.278 INFO             PET0       OCN-TO-ATM: InitializeIPDv05p1 extro {ES}:! !--- FieldLog() end -------------------
20260908 013302.278 INFO             PET0       OCN-TO-ATM: InitializeIPDv05p1 extro {ES}:--- StateLog() end -------------------
20260908 013302.278 INFO             PET0     OCN-TO-ATM: InitializeIPDv05p1 extro.
20260908 013302.278 INFO             PET0     esm: IInitAdvertiseFinish intro.
20260908 013302.278 INFO             PET0       esm: IInitAdvertiseFinish intro {IS}:--- StateLog() start -----------------
20260908 013302.278 INFO             PET0       esm: IInitAdvertiseFinish intro {IS}:State object is invalid! Not created or deleted!
20260908 013302.278 INFO             PET0       esm: IInitAdvertiseFinish intro {IS}:--- StateLog() end -------------------
20260908 013302.279 INFO             PET0       esm: IInitAdvertiseFinish intro {ES}:--- StateLog() start -----------------
20260908 013302.279 INFO             PET0       esm: IInitAdvertiseFinish intro {ES}:State object is invalid! Not created or deleted!
20260908 013302.279 INFO             PET0       esm: IInitAdvertiseFinish intro {ES}:--- StateLog() end -------------------
20260908 013302.279 INFO             PET0       >>>esm: entered Initialize (phase=<none>) with current time: 2010  6  1  0  0  0   0
20260908 013302.279 INFO             PET0       <<<esm: leaving Initialize (phase=<none>) with current time: 2010  6  1  0  0  0   0
20260908 013302.279 INFO             PET0       esm: IInitAdvertiseFinish extro {IS}:--- StateLog() start -----------------
20260908 013302.279 INFO             PET0       esm: IInitAdvertiseFinish extro {IS}:State object is invalid! Not created or deleted!
20260908 013302.279 INFO             PET0       esm: IInitAdvertiseFinish extro {IS}:--- StateLog() end -------------------
20260908 013302.279 INFO             PET0       esm: IInitAdvertiseFinish extro {ES}:--- StateLog() start -----------------
20260908 013302.279 INFO             PET0       esm: IInitAdvertiseFinish extro {ES}:State object is invalid! Not created or deleted!
20260908 013302.279 INFO             PET0       esm: IInitAdvertiseFinish extro {ES}:--- StateLog() end -------------------
20260908 013302.279 INFO             PET0     esm: IInitAdvertiseFinish extro.
20260908 013302.280 INFO             PET0     ATM-TO-OCN: InitializeIPDv05p2a intro.
20260908 013302.280 INFO             PET0       ATM-TO-OCN: InitializeIPDv05p2a intro {IS}:--- StateLog() start -----------------
20260908 013302.280 INFO             PET0       ATM-TO-OCN: InitializeIPDv05p2a intro {IS}:<name: ATM-ExportState> <intent: ESMF_STATEINTENT_EXPORT> <itemCount:    0>
20260908 013302.280 INFO             PET0       ATM-TO-OCN: InitializeIPDv05p2a intro {IS}:--- StateLog() end -------------------
20260908 013302.280 INFO             PET0       ATM-TO-OCN: InitializeIPDv05p2a intro {ES}:--- StateLog() start -----------------
20260908 013302.280 INFO             PET0       ATM-TO-OCN: InitializeIPDv05p2a intro {ES}:<name: OCN-ImportState> <intent: ESMF_STATEINTENT_IMPORT> <itemCount:    0>
20260908 013302.280 INFO             PET0       ATM-TO-OCN: InitializeIPDv05p2a intro {ES}:--- StateLog() end -------------------
20260908 013302.281 INFO             PET0       ATM-TO-OCN: InitializeIPDv05p2a extro {IS}:--- StateLog() start -----------------
20260908 013302.281 INFO             PET0       ATM-TO-OCN: InitializeIPDv05p2a extro {IS}:<name: ATM-ExportState> <intent: ESMF_STATEINTENT_EXPORT> <itemCount:    0>
20260908 013302.281 INFO             PET0       ATM-TO-OCN: InitializeIPDv05p2a extro {IS}:--- StateLog() end -------------------
20260908 013302.281 INFO             PET0       ATM-TO-OCN: InitializeIPDv05p2a extro {ES}:--- StateLog() start -----------------
20260908 013302.281 INFO             PET0       ATM-TO-OCN: InitializeIPDv05p2a extro {ES}:<name: OCN-ImportState> <intent: ESMF_STATEINTENT_IMPORT> <itemCount:    0>
20260908 013302.281 INFO             PET0       ATM-TO-OCN: InitializeIPDv05p2a extro {ES}:--- StateLog() end -------------------
20260908 013302.281 INFO             PET0     ATM-TO-OCN: InitializeIPDv05p2a extro.
20260908 013302.282 INFO             PET0     OCN-TO-ATM: InitializeIPDv05p2a intro.
20260908 013302.282 INFO             PET0       OCN-TO-ATM: InitializeIPDv05p2a intro {IS}:--- StateLog() start -----------------
20260908 013302.282 INFO             PET0       OCN-TO-ATM: InitializeIPDv05p2a intro {IS}:<name: OCN-ExportState> <intent: ESMF_STATEINTENT_EXPORT> <itemCount:    1>
20260908 013302.282 INFO             PET0       OCN-TO-ATM: InitializeIPDv05p2a intro {IS}:+-<item: 0001> <itemType: Field> <itemName: sst>
20260908 013302.282 INFO             PET0       OCN-TO-ATM: InitializeIPDv05p2a intro {IS}:!--- FieldLog() start -----------------
20260908 013302.282 INFO             PET0       OCN-TO-ATM: InitializeIPDv05p2a intro {IS}:! <name: sst> <fieldStatus: ESMF_FIELDSTATUS_EMPTY>
20260908 013302.282 INFO             PET0       OCN-TO-ATM: InitializeIPDv05p2a intro {IS}:! 0x7ffe5d4b55d0 => 0xd63be0 => 0xd0da90
20260908 013302.282 INFO             PET0       OCN-TO-ATM: InitializeIPDv05p2a intro {IS}:!--- FieldLog() end -------------------
20260908 013302.282 INFO             PET0       OCN-TO-ATM: InitializeIPDv05p2a intro {IS}:--- StateLog() end -------------------
20260908 013302.282 INFO             PET0       OCN-TO-ATM: InitializeIPDv05p2a intro {ES}:--- StateLog() start -----------------
20260908 013302.282 INFO             PET0       OCN-TO-ATM: InitializeIPDv05p2a intro {ES}:<name: ATM-ImportState> <intent: ESMF_STATEINTENT_IMPORT> <itemCount:    1>
20260908 013302.282 INFO             PET0       OCN-TO-ATM: InitializeIPDv05p2a intro {ES}:+-<item: 0001> <itemType: State> <itemName: ATM-ImportState-namespace:OCN>
20260908 013302.282 INFO             PET0       OCN-TO-ATM: InitializeIPDv05p2a intro {ES}:! <name: ATM-ImportState-namespace:OCN> <intent: ESMF_STATEINTENT_IMPORT> <itemCount:    1>
20260908 013302.282 INFO             PET0       OCN-TO-ATM: InitializeIPDv05p2a intro {ES}:! +-<item: 0001> <itemType: Field> <itemName: sea_surface_temperature>
20260908 013302.282 INFO             PET0       OCN-TO-ATM: InitializeIPDv05p2a intro {ES}:! !--- FieldLog() start -----------------
20260908 013302.282 INFO             PET0       OCN-TO-ATM: InitializeIPDv05p2a intro {ES}:! ! <name: sea_surface_temperature> <fieldStatus: ESMF_FIELDSTATUS_EMPTY>
20260908 013302.282 INFO             PET0       OCN-TO-ATM: InitializeIPDv05p2a intro {ES}:! ! 0x7ffe5d4b3de0 => 0xd0a780 => 0xdb5380
20260908 013302.282 INFO             PET0       OCN-TO-ATM: InitializeIPDv05p2a intro {ES}:! !--- FieldLog() end -------------------
20260908 013302.282 INFO             PET0       OCN-TO-ATM: InitializeIPDv05p2a intro {ES}:--- StateLog() end -------------------
20260908 013302.291 INFO             PET0       OCN-TO-ATM:      importStandardNameList(i=  1): sea_surface_temperature
20260908 013302.291 INFO             PET0       OCN-TO-ATM:         importNamespaceList(i=  1): OCN
20260908 013302.291 INFO             PET0       OCN-TO-ATM:            importCplSetList(i=  1): __UNSPECIFIED__
20260908 013302.291 INFO             PET0       OCN-TO-ATM:      exportStandardNameList(j=  1): sea_surface_temperature
20260908 013302.291 INFO             PET0       OCN-TO-ATM:         exportNamespaceList(j=  1): ATM:OCN
20260908 013302.291 INFO             PET0       OCN-TO-ATM:            exportCplSetList(j=  1): __UNSPECIFIED__
20260908 013302.291 INFO             PET0       OCN-TO-ATM: bondLevel= 2
20260908 013302.291 INFO             PET0       OCN-TO-ATM: ProducerConnection (bondLevelMax):         2
20260908 013302.291 INFO             PET0       OCN-TO-ATM: InitializeIPDv05p2a extro {IS}:--- StateLog() start -----------------
20260908 013302.291 INFO             PET0       OCN-TO-ATM: InitializeIPDv05p2a extro {IS}:<name: OCN-ExportState> <intent: ESMF_STATEINTENT_EXPORT> <itemCount:    1>
20260908 013302.291 INFO             PET0       OCN-TO-ATM: InitializeIPDv05p2a extro {IS}:+-<item: 0001> <itemType: Field> <itemName: sst>
20260908 013302.291 INFO             PET0       OCN-TO-ATM: InitializeIPDv05p2a extro {IS}:!--- FieldLog() start -----------------
20260908 013302.291 INFO             PET0       OCN-TO-ATM: InitializeIPDv05p2a extro {IS}:! <name: sst> <fieldStatus: ESMF_FIELDSTATUS_EMPTY>
20260908 013302.291 INFO             PET0       OCN-TO-ATM: InitializeIPDv05p2a extro {IS}:! 0x7ffe5d4b57a0 => 0xd63be0 => 0xdb8610
20260908 013302.291 INFO             PET0       OCN-TO-ATM: InitializeIPDv05p2a extro {IS}:!--- FieldLog() end -------------------
20260908 013302.292 INFO             PET0       OCN-TO-ATM: InitializeIPDv05p2a extro {IS}:--- StateLog() end -------------------
20260908 013302.292 INFO             PET0       OCN-TO-ATM: InitializeIPDv05p2a extro {ES}:--- StateLog() start -----------------
20260908 013302.292 INFO             PET0       OCN-TO-ATM: InitializeIPDv05p2a extro {ES}:<name: ATM-ImportState> <intent: ESMF_STATEINTENT_IMPORT> <itemCount:    1>
20260908 013302.292 INFO             PET0       OCN-TO-ATM: InitializeIPDv05p2a extro {ES}:+-<item: 0001> <itemType: State> <itemName: ATM-ImportState-namespace:OCN>
20260908 013302.292 INFO             PET0       OCN-TO-ATM: InitializeIPDv05p2a extro {ES}:! <name: ATM-ImportState-namespace:OCN> <intent: ESMF_STATEINTENT_IMPORT> <itemCount:    1>
20260908 013302.292 INFO             PET0       OCN-TO-ATM: InitializeIPDv05p2a extro {ES}:! +-<item: 0001> <itemType: Field> <itemName: sea_surface_temperature>
20260908 013302.292 INFO             PET0       OCN-TO-ATM: InitializeIPDv05p2a extro {ES}:! !--- FieldLog() start -----------------
20260908 013302.292 INFO             PET0       OCN-TO-ATM: InitializeIPDv05p2a extro {ES}:! ! <name: sea_surface_temperature> <fieldStatus: ESMF_FIELDSTATUS_EMPTY>
20260908 013302.292 INFO             PET0       OCN-TO-ATM: InitializeIPDv05p2a extro {ES}:! ! 0x7ffe5d4b3fb0 => 0xd0a780 => 0xdb5380
20260908 013302.292 INFO             PET0       OCN-TO-ATM: InitializeIPDv05p2a extro {ES}:! !--- FieldLog() end -------------------
20260908 013302.292 INFO             PET0       OCN-TO-ATM: InitializeIPDv05p2a extro {ES}:--- StateLog() end -------------------
20260908 013302.292 INFO             PET0     OCN-TO-ATM: InitializeIPDv05p2a extro.
20260908 013302.292 INFO             PET0     ATM-TO-OCN: InitializeIPDv05p2b intro.
20260908 013302.293 INFO             PET0       ATM-TO-OCN: InitializeIPDv05p2b intro {IS}:--- StateLog() start -----------------
20260908 013302.293 INFO             PET0       ATM-TO-OCN: InitializeIPDv05p2b intro {IS}:<name: ATM-ExportState> <intent: ESMF_STATEINTENT_EXPORT> <itemCount:    0>
20260908 013302.293 INFO             PET0       ATM-TO-OCN: InitializeIPDv05p2b intro {IS}:--- StateLog() end -------------------
20260908 013302.293 INFO             PET0       ATM-TO-OCN: InitializeIPDv05p2b intro {ES}:--- StateLog() start -----------------
20260908 013302.293 INFO             PET0       ATM-TO-OCN: InitializeIPDv05p2b intro {ES}:<name: OCN-ImportState> <intent: ESMF_STATEINTENT_IMPORT> <itemCount:    0>
20260908 013302.293 INFO             PET0       ATM-TO-OCN: InitializeIPDv05p2b intro {ES}:--- StateLog() end -------------------
20260908 013302.295 INFO             PET0       ATM-TO-OCN: InitializeIPDv05p2b extro {IS}:--- StateLog() start -----------------
20260908 013302.295 INFO             PET0       ATM-TO-OCN: InitializeIPDv05p2b extro {IS}:<name: ATM-ExportState> <intent: ESMF_STATEINTENT_EXPORT> <itemCount:    0>
20260908 013302.295 INFO             PET0       ATM-TO-OCN: InitializeIPDv05p2b extro {IS}:--- StateLog() end -------------------
20260908 013302.295 INFO             PET0       ATM-TO-OCN: InitializeIPDv05p2b extro {ES}:--- StateLog() start -----------------
20260908 013302.295 INFO             PET0       ATM-TO-OCN: InitializeIPDv05p2b extro {ES}:<name: OCN-ImportState> <intent: ESMF_STATEINTENT_IMPORT> <itemCount:    0>
20260908 013302.295 INFO             PET0       ATM-TO-OCN: InitializeIPDv05p2b extro {ES}:--- StateLog() end -------------------
20260908 013302.295 INFO             PET0     ATM-TO-OCN: InitializeIPDv05p2b extro.
20260908 013302.296 INFO             PET0     OCN-TO-ATM: InitializeIPDv05p2b intro.
20260908 013302.296 INFO             PET0       OCN-TO-ATM: InitializeIPDv05p2b intro {IS}:--- StateLog() start -----------------
20260908 013302.296 INFO             PET0       OCN-TO-ATM: InitializeIPDv05p2b intro {IS}:<name: OCN-ExportState> <intent: ESMF_STATEINTENT_EXPORT> <itemCount:    1>
20260908 013302.296 INFO             PET0       OCN-TO-ATM: InitializeIPDv05p2b intro {IS}:+-<item: 0001> <itemType: Field> <itemName: sst>
20260908 013302.296 INFO             PET0       OCN-TO-ATM: InitializeIPDv05p2b intro {IS}:!--- FieldLog() start -----------------
20260908 013302.296 INFO             PET0       OCN-TO-ATM: InitializeIPDv05p2b intro {IS}:! <name: sst> <fieldStatus: ESMF_FIELDSTATUS_EMPTY>
20260908 013302.296 INFO             PET0       OCN-TO-ATM: InitializeIPDv05p2b intro {IS}:! 0x7ffe5d4b4380 => 0xd63be0 => 0xdb8610
20260908 013302.296 INFO             PET0       OCN-TO-ATM: InitializeIPDv05p2b intro {IS}:!--- FieldLog() end -------------------
20260908 013302.296 INFO             PET0       OCN-TO-ATM: InitializeIPDv05p2b intro {IS}:--- StateLog() end -------------------
20260908 013302.296 INFO             PET0       OCN-TO-ATM: InitializeIPDv05p2b intro {ES}:--- StateLog() start -----------------
20260908 013302.296 INFO             PET0       OCN-TO-ATM: InitializeIPDv05p2b intro {ES}:<name: ATM-ImportState> <intent: ESMF_STATEINTENT_IMPORT> <itemCount:    1>
20260908 013302.296 INFO             PET0       OCN-TO-ATM: InitializeIPDv05p2b intro {ES}:+-<item: 0001> <itemType: State> <itemName: ATM-ImportState-namespace:OCN>
20260908 013302.296 INFO             PET0       OCN-TO-ATM: InitializeIPDv05p2b intro {ES}:! <name: ATM-ImportState-namespace:OCN> <intent: ESMF_STATEINTENT_IMPORT> <itemCount:    1>
20260908 013302.296 INFO             PET0       OCN-TO-ATM: InitializeIPDv05p2b intro {ES}:! +-<item: 0001> <itemType: Field> <itemName: sea_surface_temperature>
20260908 013302.296 INFO             PET0       OCN-TO-ATM: InitializeIPDv05p2b intro {ES}:! !--- FieldLog() start -----------------
20260908 013302.296 INFO             PET0       OCN-TO-ATM: InitializeIPDv05p2b intro {ES}:! ! <name: sea_surface_temperature> <fieldStatus: ESMF_FIELDSTATUS_EMPTY>
20260908 013302.296 INFO             PET0       OCN-TO-ATM: InitializeIPDv05p2b intro {ES}:! ! 0x7ffe5d4b2b90 => 0xd0a780 => 0xdb5380
20260908 013302.296 INFO             PET0       OCN-TO-ATM: InitializeIPDv05p2b intro {ES}:! !--- FieldLog() end -------------------
20260908 013302.296 INFO             PET0       OCN-TO-ATM: InitializeIPDv05p2b intro {ES}:--- StateLog() end -------------------
20260908 013302.305 INFO             PET0       OCN-TO-ATM:      importStandardNameList(i=  1): sea_surface_temperature
20260908 013302.305 INFO             PET0       OCN-TO-ATM:         importNamespaceList(i=  1): OCN
20260908 013302.305 INFO             PET0       OCN-TO-ATM:            importCplSetList(i=  1): __UNSPECIFIED__
20260908 013302.305 INFO             PET0       OCN-TO-ATM:      exportStandardNameList(j=  1): sea_surface_temperature
20260908 013302.305 INFO             PET0       OCN-TO-ATM:         exportNamespaceList(j=  1): ATM:OCN
20260908 013302.305 INFO             PET0       OCN-TO-ATM:            exportCplSetList(j=  1): __UNSPECIFIED__
20260908 013302.305 INFO             PET0       OCN-TO-ATM: bondLevel= 2
20260908 013302.305 INFO             PET0       OCN-TO-ATM: => added cplList(  1)=sea_surface_temperature, cplSetList(  1)=__UNSPECIFIED__
20260908 013302.306 INFO             PET0       OCN-TO-ATM: InitializeIPDv05p2b extro {IS}:--- StateLog() start -----------------
20260908 013302.306 INFO             PET0       OCN-TO-ATM: InitializeIPDv05p2b extro {IS}:<name: OCN-ExportState> <intent: ESMF_STATEINTENT_EXPORT> <itemCount:    1>
20260908 013302.306 INFO             PET0       OCN-TO-ATM: InitializeIPDv05p2b extro {IS}:+-<item: 0001> <itemType: Field> <itemName: sst>
20260908 013302.306 INFO             PET0       OCN-TO-ATM: InitializeIPDv05p2b extro {IS}:!--- FieldLog() start -----------------
20260908 013302.306 INFO             PET0       OCN-TO-ATM: InitializeIPDv05p2b extro {IS}:! <name: sst> <fieldStatus: ESMF_FIELDSTATUS_EMPTY>
20260908 013302.306 INFO             PET0       OCN-TO-ATM: InitializeIPDv05p2b extro {IS}:! 0x7ffe5d4b4550 => 0xd63be0 => 0xd0da90
20260908 013302.306 INFO             PET0       OCN-TO-ATM: InitializeIPDv05p2b extro {IS}:!--- FieldLog() end -------------------
20260908 013302.306 INFO             PET0       OCN-TO-ATM: InitializeIPDv05p2b extro {IS}:--- StateLog() end -------------------
20260908 013302.306 INFO             PET0       OCN-TO-ATM: InitializeIPDv05p2b extro {ES}:--- StateLog() start -----------------
20260908 013302.306 INFO             PET0       OCN-TO-ATM: InitializeIPDv05p2b extro {ES}:<name: ATM-ImportState> <intent: ESMF_STATEINTENT_IMPORT> <itemCount:    1>
20260908 013302.306 INFO             PET0       OCN-TO-ATM: InitializeIPDv05p2b extro {ES}:+-<item: 0001> <itemType: State> <itemName: ATM-ImportState-namespace:OCN>
20260908 013302.306 INFO             PET0       OCN-TO-ATM: InitializeIPDv05p2b extro {ES}:! <name: ATM-ImportState-namespace:OCN> <intent: ESMF_STATEINTENT_IMPORT> <itemCount:    1>
20260908 013302.306 INFO             PET0       OCN-TO-ATM: InitializeIPDv05p2b extro {ES}:! +-<item: 0001> <itemType: Field> <itemName: sea_surface_temperature>
20260908 013302.306 INFO             PET0       OCN-TO-ATM: InitializeIPDv05p2b extro {ES}:! !--- FieldLog() start -----------------
20260908 013302.306 INFO             PET0       OCN-TO-ATM: InitializeIPDv05p2b extro {ES}:! ! <name: sea_surface_temperature> <fieldStatus: ESMF_FIELDSTATUS_EMPTY>
20260908 013302.306 INFO             PET0       OCN-TO-ATM: InitializeIPDv05p2b extro {ES}:! ! 0x7ffe5d4b2d60 => 0xd0a780 => 0xdb5380
20260908 013302.306 INFO             PET0       OCN-TO-ATM: InitializeIPDv05p2b extro {ES}:! !--- FieldLog() end -------------------
20260908 013302.306 INFO             PET0       OCN-TO-ATM: InitializeIPDv05p2b extro {ES}:--- StateLog() end -------------------
20260908 013302.306 INFO             PET0     OCN-TO-ATM: InitializeIPDv05p2b extro.
20260908 013302.307 INFO             PET0     esm: IInitModifyCplLists intro.
20260908 013302.307 INFO             PET0       esm: IInitModifyCplLists intro {IS}:--- StateLog() start -----------------
20260908 013302.307 INFO             PET0       esm: IInitModifyCplLists intro {IS}:State object is invalid! Not created or deleted!
20260908 013302.307 INFO             PET0       esm: IInitModifyCplLists intro {IS}:--- StateLog() end -------------------
20260908 013302.307 INFO             PET0       esm: IInitModifyCplLists intro {ES}:--- StateLog() start -----------------
20260908 013302.307 INFO             PET0       esm: IInitModifyCplLists intro {ES}:State object is invalid! Not created or deleted!
20260908 013302.307 INFO             PET0       esm: IInitModifyCplLists intro {ES}:--- StateLog() end -------------------
20260908 013302.307 INFO             PET0       >>>esm: entered Initialize (phase=<none>) with current time: 2010  6  1  0  0  0   0
20260908 013302.308 INFO             PET0       <<<esm: leaving Initialize (phase=<none>) with current time: 2010  6  1  0  0  0   0
20260908 013302.308 INFO             PET0       esm: IInitModifyCplLists extro {IS}:--- StateLog() start -----------------
20260908 013302.308 INFO             PET0       esm: IInitModifyCplLists extro {IS}:State object is invalid! Not created or deleted!
20260908 013302.308 INFO             PET0       esm: IInitModifyCplLists extro {IS}:--- StateLog() end -------------------
20260908 013302.308 INFO             PET0       esm: IInitModifyCplLists extro {ES}:--- StateLog() start -----------------
20260908 013302.308 INFO             PET0       esm: IInitModifyCplLists extro {ES}:State object is invalid! Not created or deleted!
20260908 013302.308 INFO             PET0       esm: IInitModifyCplLists extro {ES}:--- StateLog() end -------------------
20260908 013302.308 INFO             PET0     esm: IInitModifyCplLists extro.
20260908 013302.308 INFO             PET0     ATM-TO-OCN: InitializeIPDv05p3 intro.
20260908 013302.308 INFO             PET0       ATM-TO-OCN: InitializeIPDv05p3 intro {IS}:--- StateLog() start -----------------
20260908 013302.308 INFO             PET0       ATM-TO-OCN: InitializeIPDv05p3 intro {IS}:<name: ATM-ExportState> <intent: ESMF_STATEINTENT_EXPORT> <itemCount:    0>
20260908 013302.309 INFO             PET0       ATM-TO-OCN: InitializeIPDv05p3 intro {IS}:--- StateLog() end -------------------
20260908 013302.309 INFO             PET0       ATM-TO-OCN: InitializeIPDv05p3 intro {ES}:--- StateLog() start -----------------
20260908 013302.309 INFO             PET0       ATM-TO-OCN: InitializeIPDv05p3 intro {ES}:<name: OCN-ImportState> <intent: ESMF_STATEINTENT_IMPORT> <itemCount:    0>
20260908 013302.309 INFO             PET0       ATM-TO-OCN: InitializeIPDv05p3 intro {ES}:--- StateLog() end -------------------
20260908 013302.311 INFO             PET0       ATM-TO-OCN: InitializeIPDv05p3 extro {IS}:--- StateLog() start -----------------
20260908 013302.311 INFO             PET0       ATM-TO-OCN: InitializeIPDv05p3 extro {IS}:<name: ATM-ExportState> <intent: ESMF_STATEINTENT_EXPORT> <itemCount:    0>
20260908 013302.311 INFO             PET0       ATM-TO-OCN: InitializeIPDv05p3 extro {IS}:--- StateLog() end -------------------
20260908 013302.311 INFO             PET0       ATM-TO-OCN: InitializeIPDv05p3 extro {ES}:--- StateLog() start -----------------
20260908 013302.311 INFO             PET0       ATM-TO-OCN: InitializeIPDv05p3 extro {ES}:<name: OCN-ImportState> <intent: ESMF_STATEINTENT_IMPORT> <itemCount:    0>
20260908 013302.311 INFO             PET0       ATM-TO-OCN: InitializeIPDv05p3 extro {ES}:--- StateLog() end -------------------
20260908 013302.311 INFO             PET0     ATM-TO-OCN: InitializeIPDv05p3 extro.
20260908 013302.312 INFO             PET0     OCN-TO-ATM: InitializeIPDv05p3 intro.
20260908 013302.312 INFO             PET0       OCN-TO-ATM: InitializeIPDv05p3 intro {IS}:--- StateLog() start -----------------
20260908 013302.312 INFO             PET0       OCN-TO-ATM: InitializeIPDv05p3 intro {IS}:<name: OCN-ExportState> <intent: ESMF_STATEINTENT_EXPORT> <itemCount:    1>
20260908 013302.312 INFO             PET0       OCN-TO-ATM: InitializeIPDv05p3 intro {IS}:+-<item: 0001> <itemType: Field> <itemName: sst>
20260908 013302.312 INFO             PET0       OCN-TO-ATM: InitializeIPDv05p3 intro {IS}:!--- FieldLog() start -----------------
20260908 013302.312 INFO             PET0       OCN-TO-ATM: InitializeIPDv05p3 intro {IS}:! <name: sst> <fieldStatus: ESMF_FIELDSTATUS_EMPTY>
20260908 013302.312 INFO             PET0       OCN-TO-ATM: InitializeIPDv05p3 intro {IS}:! 0x7ffe5d4a80d0 => 0xd63be0 => 0xd0da90
20260908 013302.312 INFO             PET0       OCN-TO-ATM: InitializeIPDv05p3 intro {IS}:!--- FieldLog() end -------------------
20260908 013302.312 INFO             PET0       OCN-TO-ATM: InitializeIPDv05p3 intro {IS}:--- StateLog() end -------------------
20260908 013302.312 INFO             PET0       OCN-TO-ATM: InitializeIPDv05p3 intro {ES}:--- StateLog() start -----------------
20260908 013302.312 INFO             PET0       OCN-TO-ATM: InitializeIPDv05p3 intro {ES}:<name: ATM-ImportState> <intent: ESMF_STATEINTENT_IMPORT> <itemCount:    1>
20260908 013302.312 INFO             PET0       OCN-TO-ATM: InitializeIPDv05p3 intro {ES}:+-<item: 0001> <itemType: State> <itemName: ATM-ImportState-namespace:OCN>
20260908 013302.312 INFO             PET0       OCN-TO-ATM: InitializeIPDv05p3 intro {ES}:! <name: ATM-ImportState-namespace:OCN> <intent: ESMF_STATEINTENT_IMPORT> <itemCount:    1>
20260908 013302.312 INFO             PET0       OCN-TO-ATM: InitializeIPDv05p3 intro {ES}:! +-<item: 0001> <itemType: Field> <itemName: sea_surface_temperature>
20260908 013302.312 INFO             PET0       OCN-TO-ATM: InitializeIPDv05p3 intro {ES}:! !--- FieldLog() start -----------------
20260908 013302.312 INFO             PET0       OCN-TO-ATM: InitializeIPDv05p3 intro {ES}:! ! <name: sea_surface_temperature> <fieldStatus: ESMF_FIELDSTATUS_EMPTY>
20260908 013302.312 INFO             PET0       OCN-TO-ATM: InitializeIPDv05p3 intro {ES}:! ! 0x7ffe5d4a68e0 => 0xd0a780 => 0xdb5380
20260908 013302.312 INFO             PET0       OCN-TO-ATM: InitializeIPDv05p3 intro {ES}:! !--- FieldLog() end -------------------
20260908 013302.312 INFO             PET0       OCN-TO-ATM: InitializeIPDv05p3 intro {ES}:--- StateLog() end -------------------
20260908 013302.322 INFO             PET0       OCN-TO-ATM: handle cplList(1): sea_surface_temperature, cplSetList(1): __UNSPECIFIED__
20260908 013302.322 INFO             PET0       OCN-TO-ATM: - connected.
20260908 013302.322 INFO             PET0       OCN-TO-ATM: - import side must provide, export side may accept the Field/GeomObject.
20260908 013302.324 INFO             PET0       OCN-TO-ATM: - combination of provider and acceptor VM does NOT support Field and/or GeomObject sharing between them.
20260908 013302.324 INFO             PET0       OCN-TO-ATM: InitializeIPDv05p3 extro {IS}:--- StateLog() start -----------------
20260908 013302.324 INFO             PET0       OCN-TO-ATM: InitializeIPDv05p3 extro {IS}:<name: OCN-ExportState> <intent: ESMF_STATEINTENT_EXPORT> <itemCount:    1>
20260908 013302.324 INFO             PET0       OCN-TO-ATM: InitializeIPDv05p3 extro {IS}:+-<item: 0001> <itemType: Field> <itemName: sst>
20260908 013302.324 INFO             PET0       OCN-TO-ATM: InitializeIPDv05p3 extro {IS}:!--- FieldLog() start -----------------
20260908 013302.324 INFO             PET0       OCN-TO-ATM: InitializeIPDv05p3 extro {IS}:! <name: sst> <fieldStatus: ESMF_FIELDSTATUS_EMPTY>
20260908 013302.324 INFO             PET0       OCN-TO-ATM: InitializeIPDv05p3 extro {IS}:! 0x7ffe5d4a82a0 => 0xd63be0 => 0xdcb3f0
20260908 013302.324 INFO             PET0       OCN-TO-ATM: InitializeIPDv05p3 extro {IS}:!--- FieldLog() end -------------------
20260908 013302.324 INFO             PET0       OCN-TO-ATM: InitializeIPDv05p3 extro {IS}:--- StateLog() end -------------------
20260908 013302.324 INFO             PET0       OCN-TO-ATM: InitializeIPDv05p3 extro {ES}:--- StateLog() start -----------------
20260908 013302.324 INFO             PET0       OCN-TO-ATM: InitializeIPDv05p3 extro {ES}:<name: ATM-ImportState> <intent: ESMF_STATEINTENT_IMPORT> <itemCount:    1>
20260908 013302.324 INFO             PET0       OCN-TO-ATM: InitializeIPDv05p3 extro {ES}:+-<item: 0001> <itemType: State> <itemName: ATM-ImportState-namespace:OCN>
20260908 013302.325 INFO             PET0       OCN-TO-ATM: InitializeIPDv05p3 extro {ES}:! <name: ATM-ImportState-namespace:OCN> <intent: ESMF_STATEINTENT_IMPORT> <itemCount:    1>
20260908 013302.325 INFO             PET0       OCN-TO-ATM: InitializeIPDv05p3 extro {ES}:! +-<item: 0001> <itemType: Field> <itemName: sea_surface_temperature>
20260908 013302.325 INFO             PET0       OCN-TO-ATM: InitializeIPDv05p3 extro {ES}:! !--- FieldLog() start -----------------
20260908 013302.325 INFO             PET0       OCN-TO-ATM: InitializeIPDv05p3 extro {ES}:! ! <name: sea_surface_temperature> <fieldStatus: ESMF_FIELDSTATUS_EMPTY>
20260908 013302.325 INFO             PET0       OCN-TO-ATM: InitializeIPDv05p3 extro {ES}:! ! 0x7ffe5d4a6ab0 => 0xd0a780 => 0xdb5380
20260908 013302.325 INFO             PET0       OCN-TO-ATM: InitializeIPDv05p3 extro {ES}:! !--- FieldLog() end -------------------
20260908 013302.325 INFO             PET0       OCN-TO-ATM: InitializeIPDv05p3 extro {ES}:--- StateLog() end -------------------
20260908 013302.325 INFO             PET0     OCN-TO-ATM: InitializeIPDv05p3 extro.
20260908 013302.325 INFO             PET0     <<<esm: leaving Initialize (phase=<none>) with current time: 2010  6  1  0  0  0   0
20260908 013302.325 INFO             PET0     esm: InitializeIPDv02p1 extro {IS}:--- StateLog() start -----------------
20260908 013302.325 INFO             PET0     esm: InitializeIPDv02p1 extro {IS}:State object is invalid! Not created or deleted!
20260908 013302.325 INFO             PET0     esm: InitializeIPDv02p1 extro {IS}:--- StateLog() end -------------------
20260908 013302.325 INFO             PET0     esm: InitializeIPDv02p1 extro {ES}:--- StateLog() start -----------------
20260908 013302.325 INFO             PET0     esm: InitializeIPDv02p1 extro {ES}:State object is invalid! Not created or deleted!
20260908 013302.325 INFO             PET0     esm: InitializeIPDv02p1 extro {ES}:--- StateLog() end -------------------
20260908 013302.325 INFO             PET0   esm: InitializeIPDv02p1 extro.
20260908 013302.326 INFO             PET0   esm: InitializeIPDv02p3 intro.
20260908 013302.326 INFO             PET0     esm: InitializeIPDv02p3 intro {IS}:--- StateLog() start -----------------
20260908 013302.326 INFO             PET0     esm: InitializeIPDv02p3 intro {IS}:State object is invalid! Not created or deleted!
20260908 013302.326 INFO             PET0     esm: InitializeIPDv02p3 intro {IS}:--- StateLog() end -------------------
20260908 013302.326 INFO             PET0     esm: InitializeIPDv02p3 intro {ES}:--- StateLog() start -----------------
20260908 013302.326 INFO             PET0     esm: InitializeIPDv02p3 intro {ES}:State object is invalid! Not created or deleted!
20260908 013302.326 INFO             PET0     esm: InitializeIPDv02p3 intro {ES}:--- StateLog() end -------------------
20260908 013302.326 INFO             PET0     >>>esm: entered Initialize (phase=<none>) with current time: 2010  6  1  0  0  0   0
20260908 013302.327 INFO             PET0     esm: IInitCheck intro.
20260908 013302.327 INFO             PET0       esm: IInitCheck intro {IS}:--- StateLog() start -----------------
20260908 013302.327 INFO             PET0       esm: IInitCheck intro {IS}:State object is invalid! Not created or deleted!
20260908 013302.327 INFO             PET0       esm: IInitCheck intro {IS}:--- StateLog() end -------------------
20260908 013302.327 INFO             PET0       esm: IInitCheck intro {ES}:--- StateLog() start -----------------
20260908 013302.327 INFO             PET0       esm: IInitCheck intro {ES}:State object is invalid! Not created or deleted!
20260908 013302.327 INFO             PET0       esm: IInitCheck intro {ES}:--- StateLog() end -------------------
20260908 013302.327 INFO             PET0       >>>esm: entered Initialize (phase=<none>) with current time: 2010  6  1  0  0  0   0
20260908 013302.327 INFO             PET0       <<<esm: leaving Initialize (phase=<none>) with current time: 2010  6  1  0  0  0   0
20260908 013302.327 INFO             PET0       esm: IInitCheck extro {IS}:--- StateLog() start -----------------
20260908 013302.327 INFO             PET0       esm: IInitCheck extro {IS}:State object is invalid! Not created or deleted!
20260908 013302.327 INFO             PET0       esm: IInitCheck extro {IS}:--- StateLog() end -------------------
20260908 013302.327 INFO             PET0       esm: IInitCheck extro {ES}:--- StateLog() start -----------------
20260908 013302.327 INFO             PET0       esm: IInitCheck extro {ES}:State object is invalid! Not created or deleted!
20260908 013302.327 INFO             PET0       esm: IInitCheck extro {ES}:--- StateLog() end -------------------
20260908 013302.328 INFO             PET0     esm: IInitCheck extro.
20260908 013302.340 INFO             PET0     ATM-TO-OCN: InitializeIPDv05p4 intro.
20260908 013302.340 INFO             PET0       ATM-TO-OCN: InitializeIPDv05p4 intro {IS}:--- StateLog() start -----------------
20260908 013302.340 INFO             PET0       ATM-TO-OCN: InitializeIPDv05p4 intro {IS}:<name: ATM-ExportState> <intent: ESMF_STATEINTENT_EXPORT> <itemCount:    0>
20260908 013302.340 INFO             PET0       ATM-TO-OCN: InitializeIPDv05p4 intro {IS}:--- StateLog() end -------------------
20260908 013302.340 INFO             PET0       ATM-TO-OCN: InitializeIPDv05p4 intro {ES}:--- StateLog() start -----------------
20260908 013302.340 INFO             PET0       ATM-TO-OCN: InitializeIPDv05p4 intro {ES}:<name: OCN-ImportState> <intent: ESMF_STATEINTENT_IMPORT> <itemCount:    0>
20260908 013302.340 INFO             PET0       ATM-TO-OCN: InitializeIPDv05p4 intro {ES}:--- StateLog() end -------------------
20260908 013302.341 INFO             PET0       ATM-TO-OCN: InitializeIPDv05p4 extro {IS}:--- StateLog() start -----------------
20260908 013302.341 INFO             PET0       ATM-TO-OCN: InitializeIPDv05p4 extro {IS}:<name: ATM-ExportState> <intent: ESMF_STATEINTENT_EXPORT> <itemCount:    0>
20260908 013302.341 INFO             PET0       ATM-TO-OCN: InitializeIPDv05p4 extro {IS}:--- StateLog() end -------------------
20260908 013302.341 INFO             PET0       ATM-TO-OCN: InitializeIPDv05p4 extro {ES}:--- StateLog() start -----------------
20260908 013302.341 INFO             PET0       ATM-TO-OCN: InitializeIPDv05p4 extro {ES}:<name: OCN-ImportState> <intent: ESMF_STATEINTENT_IMPORT> <itemCount:    0>
20260908 013302.341 INFO             PET0       ATM-TO-OCN: InitializeIPDv05p4 extro {ES}:--- StateLog() end -------------------
20260908 013302.341 INFO             PET0     ATM-TO-OCN: InitializeIPDv05p4 extro.
20260908 013302.341 INFO             PET0     OCN-TO-ATM: InitializeIPDv05p4 intro.
20260908 013302.341 INFO             PET0       OCN-TO-ATM: InitializeIPDv05p4 intro {IS}:--- StateLog() start -----------------
20260908 013302.341 INFO             PET0       OCN-TO-ATM: InitializeIPDv05p4 intro {IS}:<name: OCN-ExportState> <intent: ESMF_STATEINTENT_EXPORT> <itemCount:    1>
20260908 013302.341 INFO             PET0       OCN-TO-ATM: InitializeIPDv05p4 intro {IS}:+-<item: 0001> <itemType: Field> <itemName: sst>
20260908 013302.341 INFO             PET0       OCN-TO-ATM: InitializeIPDv05p4 intro {IS}:!--- FieldLog() start -----------------
20260908 013302.341 INFO             PET0       OCN-TO-ATM: InitializeIPDv05p4 intro {IS}:! <name: sst> <fieldStatus: ESMF_FIELDSTATUS_EMPTY>
20260908 013302.341 INFO             PET0       OCN-TO-ATM: InitializeIPDv05p4 intro {IS}:! 0x7ffe5d4aa8f0 => 0xd63be0 => 0xdcb3f0
20260908 013302.341 INFO             PET0       OCN-TO-ATM: InitializeIPDv05p4 intro {IS}:!--- FieldLog() end -------------------
20260908 013302.341 INFO             PET0       OCN-TO-ATM: InitializeIPDv05p4 intro {IS}:--- StateLog() end -------------------
20260908 013302.341 INFO             PET0       OCN-TO-ATM: InitializeIPDv05p4 intro {ES}:--- StateLog() start -----------------
20260908 013302.342 INFO             PET0       OCN-TO-ATM: InitializeIPDv05p4 intro {ES}:<name: ATM-ImportState> <intent: ESMF_STATEINTENT_IMPORT> <itemCount:    1>
20260908 013302.342 INFO             PET0       OCN-TO-ATM: InitializeIPDv05p4 intro {ES}:+-<item: 0001> <itemType: State> <itemName: ATM-ImportState-namespace:OCN>
20260908 013302.342 INFO             PET0       OCN-TO-ATM: InitializeIPDv05p4 intro {ES}:! <name: ATM-ImportState-namespace:OCN> <intent: ESMF_STATEINTENT_IMPORT> <itemCount:    1>
20260908 013302.342 INFO             PET0       OCN-TO-ATM: InitializeIPDv05p4 intro {ES}:! +-<item: 0001> <itemType: Field> <itemName: sea_surface_temperature>
20260908 013302.342 INFO             PET0       OCN-TO-ATM: InitializeIPDv05p4 intro {ES}:! !--- FieldLog() start -----------------
20260908 013302.342 INFO             PET0       OCN-TO-ATM: InitializeIPDv05p4 intro {ES}:! ! <name: sea_surface_temperature> <fieldStatus: ESMF_FIELDSTATUS_EMPTY>
20260908 013302.342 INFO             PET0       OCN-TO-ATM: InitializeIPDv05p4 intro {ES}:! ! 0x7ffe5d4a9100 => 0xd0a780 => 0xdb5380
20260908 013302.342 INFO             PET0       OCN-TO-ATM: InitializeIPDv05p4 intro {ES}:! !--- FieldLog() end -------------------
20260908 013302.342 INFO             PET0       OCN-TO-ATM: InitializeIPDv05p4 intro {ES}:--- StateLog() end -------------------
20260908 013302.355 INFO             PET0       OCN-TO-ATM: handle cplList(1): sea_surface_temperature, cplSetList(1): __UNSPECIFIED__
20260908 013302.356 INFO             PET0       OCN-TO-ATM: - import ShareStatusGeomObject=not shared
20260908 013302.356 INFO             PET0       OCN-TO-ATM: - export ShareStatusGeomObject=not shared
20260908 013302.356 INFO             PET0       OCN-TO-ATM: -> NOT sharing GeomObject
20260908 013302.356 INFO             PET0       OCN-TO-ATM: - import ShareStatusField=not shared
20260908 013302.356 INFO             PET0       OCN-TO-ATM: - export ShareStatusField=not shared
20260908 013302.356 INFO             PET0       OCN-TO-ATM: -> NOT sharing Field.
20260908 013302.356 INFO             PET0       OCN-TO-ATM:  gridListMatch=  F for provider Grid: Grid003
20260908 013302.356 INFO             PET0       OCN-TO-ATM: - transferring underlying DistGrid (import -> export) for Grid: Grid003
20260908 013302.358 INFO             PET0       OCN-TO-ATM: - done creating acceptorDG from providerDG
20260908 013302.358 INFO             PET0       OCN-TO-ATM: - done transferring underlying DistGrid
20260908 013302.359 INFO             PET0       OCN-TO-ATM: InitializeIPDv05p4 extro {IS}:--- StateLog() start -----------------
20260908 013302.359 INFO             PET0       OCN-TO-ATM: InitializeIPDv05p4 extro {IS}:<name: OCN-ExportState> <intent: ESMF_STATEINTENT_EXPORT> <itemCount:    1>
20260908 013302.359 INFO             PET0       OCN-TO-ATM: InitializeIPDv05p4 extro {IS}:+-<item: 0001> <itemType: Field> <itemName: sst>
20260908 013302.359 INFO             PET0       OCN-TO-ATM: InitializeIPDv05p4 extro {IS}:!--- FieldLog() start -----------------
20260908 013302.359 INFO             PET0       OCN-TO-ATM: InitializeIPDv05p4 extro {IS}:! <name: sst> <fieldStatus: ESMF_FIELDSTATUS_COMPLETE>
20260908 013302.359 INFO             PET0       OCN-TO-ATM: InitializeIPDv05p4 extro {IS}:! 0x7ffe5d4aaac0 => 0xd63be0 => 0xdc91e0
20260908 013302.359 INFO             PET0       OCN-TO-ATM: InitializeIPDv05p4 extro {IS}:! <typekind: Real*8> <rank:    2> <dimCount:    2>
20260908 013302.359 INFO             PET0       OCN-TO-ATM: InitializeIPDv05p4 extro {IS}:! ! --- Array::log() start -----------------------------------
20260908 013302.359 INFO             PET0       OCN-TO-ATM: InitializeIPDv05p4 extro {IS}:! ! 0xe2a140
20260908 013302.359 INFO             PET0       OCN-TO-ATM: InitializeIPDv05p4 extro {IS}:! ! <name: sst>
20260908 013302.359 INFO             PET0       OCN-TO-ATM: InitializeIPDv05p4 extro {IS}:! ! ! --- DistGrid::log() start --------------------------------
20260908 013302.359 INFO             PET0       OCN-TO-ATM: InitializeIPDv05p4 extro {IS}:! ! ! 0xe2aaa0
20260908 013302.359 INFO             PET0       OCN-TO-ATM: InitializeIPDv05p4 extro {IS}:! ! ! DistGrid object is valid!<name: DG-Grid003-sloc:0>
20260908 013302.359 INFO             PET0       OCN-TO-ATM: InitializeIPDv05p4 extro {IS}:! ! ! --- DistGrid::log() end ----------------------------------
20260908 013302.359 INFO             PET0       OCN-TO-ATM: InitializeIPDv05p4 extro {IS}:! ! --- Array::log() end -------------------------------------
20260908 013302.359 INFO             PET0       OCN-TO-ATM: InitializeIPDv05p4 extro {IS}:!--- FieldLog() end -------------------
20260908 013302.359 INFO             PET0       OCN-TO-ATM: InitializeIPDv05p4 extro {IS}:--- StateLog() end -------------------
20260908 013302.359 INFO             PET0       OCN-TO-ATM: InitializeIPDv05p4 extro {ES}:--- StateLog() start -----------------
20260908 013302.359 INFO             PET0       OCN-TO-ATM: InitializeIPDv05p4 extro {ES}:<name: ATM-ImportState> <intent: ESMF_STATEINTENT_IMPORT> <itemCount:    1>
20260908 013302.359 INFO             PET0       OCN-TO-ATM: InitializeIPDv05p4 extro {ES}:+-<item: 0001> <itemType: State> <itemName: ATM-ImportState-namespace:OCN>
20260908 013302.359 INFO             PET0       OCN-TO-ATM: InitializeIPDv05p4 extro {ES}:! <name: ATM-ImportState-namespace:OCN> <intent: ESMF_STATEINTENT_IMPORT> <itemCount:    1>
20260908 013302.359 INFO             PET0       OCN-TO-ATM: InitializeIPDv05p4 extro {ES}:! +-<item: 0001> <itemType: Field> <itemName: sea_surface_temperature>
20260908 013302.359 INFO             PET0       OCN-TO-ATM: InitializeIPDv05p4 extro {ES}:! !--- FieldLog() start -----------------
20260908 013302.359 INFO             PET0       OCN-TO-ATM: InitializeIPDv05p4 extro {ES}:! ! <name: sea_surface_temperature> <fieldStatus: ESMF_FIELDSTATUS_GEOMSET>
20260908 013302.359 INFO             PET0       OCN-TO-ATM: InitializeIPDv05p4 extro {ES}:! ! 0x7ffe5d4a92d0 => 0xd0a780 => 0xdb5380
20260908 013302.359 INFO             PET0       OCN-TO-ATM: InitializeIPDv05p4 extro {ES}:! !--- FieldLog() end -------------------
20260908 013302.359 INFO             PET0       OCN-TO-ATM: InitializeIPDv05p4 extro {ES}:--- StateLog() end -------------------
20260908 013302.359 INFO             PET0     OCN-TO-ATM: InitializeIPDv05p4 extro.
20260908 013302.360 INFO             PET0     ATM-TO-OCN: InitializeIPDv05p5 intro.
20260908 013302.360 INFO             PET0       ATM-TO-OCN: InitializeIPDv05p5 intro {IS}:--- StateLog() start -----------------
20260908 013302.360 INFO             PET0       ATM-TO-OCN: InitializeIPDv05p5 intro {IS}:<name: ATM-ExportState> <intent: ESMF_STATEINTENT_EXPORT> <itemCount:    0>
20260908 013302.360 INFO             PET0       ATM-TO-OCN: InitializeIPDv05p5 intro {IS}:--- StateLog() end -------------------
20260908 013302.360 INFO             PET0       ATM-TO-OCN: InitializeIPDv05p5 intro {ES}:--- StateLog() start -----------------
20260908 013302.360 INFO             PET0       ATM-TO-OCN: InitializeIPDv05p5 intro {ES}:<name: OCN-ImportState> <intent: ESMF_STATEINTENT_IMPORT> <itemCount:    0>
20260908 013302.360 INFO             PET0       ATM-TO-OCN: InitializeIPDv05p5 intro {ES}:--- StateLog() end -------------------
20260908 013302.361 INFO             PET0       ATM-TO-OCN: InitializeIPDv05p5 extro {IS}:--- StateLog() start -----------------
20260908 013302.361 INFO             PET0       ATM-TO-OCN: InitializeIPDv05p5 extro {IS}:<name: ATM-ExportState> <intent: ESMF_STATEINTENT_EXPORT> <itemCount:    0>
20260908 013302.361 INFO             PET0       ATM-TO-OCN: InitializeIPDv05p5 extro {IS}:--- StateLog() end -------------------
20260908 013302.361 INFO             PET0       ATM-TO-OCN: InitializeIPDv05p5 extro {ES}:--- StateLog() start -----------------
20260908 013302.361 INFO             PET0       ATM-TO-OCN: InitializeIPDv05p5 extro {ES}:<name: OCN-ImportState> <intent: ESMF_STATEINTENT_IMPORT> <itemCount:    0>
20260908 013302.361 INFO             PET0       ATM-TO-OCN: InitializeIPDv05p5 extro {ES}:--- StateLog() end -------------------
20260908 013302.361 INFO             PET0     ATM-TO-OCN: InitializeIPDv05p5 extro.
20260908 013302.362 INFO             PET0     OCN-TO-ATM: InitializeIPDv05p5 intro.
20260908 013302.362 INFO             PET0       OCN-TO-ATM: InitializeIPDv05p5 intro {IS}:--- StateLog() start -----------------
20260908 013302.362 INFO             PET0       OCN-TO-ATM: InitializeIPDv05p5 intro {IS}:<name: OCN-ExportState> <intent: ESMF_STATEINTENT_EXPORT> <itemCount:    1>
20260908 013302.362 INFO             PET0       OCN-TO-ATM: InitializeIPDv05p5 intro {IS}:+-<item: 0001> <itemType: Field> <itemName: sst>
20260908 013302.362 INFO             PET0       OCN-TO-ATM: InitializeIPDv05p5 intro {IS}:!--- FieldLog() start -----------------
20260908 013302.362 INFO             PET0       OCN-TO-ATM: InitializeIPDv05p5 intro {IS}:! <name: sst> <fieldStatus: ESMF_FIELDSTATUS_COMPLETE>
20260908 013302.362 INFO             PET0       OCN-TO-ATM: InitializeIPDv05p5 intro {IS}:! 0x7ffe5d4b2800 => 0xd63be0 => 0xdc91e0
20260908 013302.362 INFO             PET0       OCN-TO-ATM: InitializeIPDv05p5 intro {IS}:! <typekind: Real*8> <rank:    2> <dimCount:    2>
20260908 013302.362 INFO             PET0       OCN-TO-ATM: InitializeIPDv05p5 intro {IS}:! ! --- Array::log() start -----------------------------------
20260908 013302.362 INFO             PET0       OCN-TO-ATM: InitializeIPDv05p5 intro {IS}:! ! 0xe2a140
20260908 013302.362 INFO             PET0       OCN-TO-ATM: InitializeIPDv05p5 intro {IS}:! ! <name: sst>
20260908 013302.362 INFO             PET0       OCN-TO-ATM: InitializeIPDv05p5 intro {IS}:! ! ! --- DistGrid::log() start --------------------------------
20260908 013302.362 INFO             PET0       OCN-TO-ATM: InitializeIPDv05p5 intro {IS}:! ! ! 0xe2aaa0
20260908 013302.362 INFO             PET0       OCN-TO-ATM: InitializeIPDv05p5 intro {IS}:! ! ! DistGrid object is valid!<name: DG-Grid003-sloc:0>
20260908 013302.362 INFO             PET0       OCN-TO-ATM: InitializeIPDv05p5 intro {IS}:! ! ! --- DistGrid::log() end ----------------------------------
20260908 013302.362 INFO             PET0       OCN-TO-ATM: InitializeIPDv05p5 intro {IS}:! ! --- Array::log() end -------------------------------------
20260908 013302.362 INFO             PET0       OCN-TO-ATM: InitializeIPDv05p5 intro {IS}:!--- FieldLog() end -------------------
20260908 013302.362 INFO             PET0       OCN-TO-ATM: InitializeIPDv05p5 intro {IS}:--- StateLog() end -------------------
20260908 013302.362 INFO             PET0       OCN-TO-ATM: InitializeIPDv05p5 intro {ES}:--- StateLog() start -----------------
20260908 013302.362 INFO             PET0       OCN-TO-ATM: InitializeIPDv05p5 intro {ES}:<name: ATM-ImportState> <intent: ESMF_STATEINTENT_IMPORT> <itemCount:    1>
20260908 013302.362 INFO             PET0       OCN-TO-ATM: InitializeIPDv05p5 intro {ES}:+-<item: 0001> <itemType: State> <itemName: ATM-ImportState-namespace:OCN>
20260908 013302.362 INFO             PET0       OCN-TO-ATM: InitializeIPDv05p5 intro {ES}:! <name: ATM-ImportState-namespace:OCN> <intent: ESMF_STATEINTENT_IMPORT> <itemCount:    1>
20260908 013302.362 INFO             PET0       OCN-TO-ATM: InitializeIPDv05p5 intro {ES}:! +-<item: 0001> <itemType: Field> <itemName: sea_surface_temperature>
20260908 013302.362 INFO             PET0       OCN-TO-ATM: InitializeIPDv05p5 intro {ES}:! !--- FieldLog() start -----------------
20260908 013302.362 INFO             PET0       OCN-TO-ATM: InitializeIPDv05p5 intro {ES}:! ! <name: sea_surface_temperature> <fieldStatus: ESMF_FIELDSTATUS_GEOMSET>
20260908 013302.362 INFO             PET0       OCN-TO-ATM: InitializeIPDv05p5 intro {ES}:! ! 0x7ffe5d4b1010 => 0xd0a780 => 0xdb5380
20260908 013302.362 INFO             PET0       OCN-TO-ATM: InitializeIPDv05p5 intro {ES}:! !--- FieldLog() end -------------------
20260908 013302.362 INFO             PET0       OCN-TO-ATM: InitializeIPDv05p5 intro {ES}:--- StateLog() end -------------------
20260908 013302.377 INFO             PET0       OCN-TO-ATM: handle cplList(1): sea_surface_temperature, cplSetList(1): __UNSPECIFIED__
20260908 013302.377 INFO             PET0       OCN-TO-ATM: - import ShareStatusGeomObject=not shared
20260908 013302.377 INFO             PET0       OCN-TO-ATM: - export ShareStatusGeomObject=not shared
20260908 013302.377 INFO             PET0       OCN-TO-ATM: -> NOT sharing GeomObject
20260908 013302.377 INFO             PET0       OCN-TO-ATM: - import ShareStatusField=not shared
20260908 013302.377 INFO             PET0       OCN-TO-ATM: - export ShareStatusField=not shared
20260908 013302.377 INFO             PET0       OCN-TO-ATM: -> NOT sharing Field
20260908 013302.377 INFO             PET0       OCN-TO-ATM:  gridListMatch=  F for acceptor Grid: Grid003
20260908 013302.377 INFO             PET0       OCN-TO-ATM: - transferring the full geomobject with coordinates (import -> export) for Grid: Grid003
20260908 013302.429 INFO             PET0       OCN-TO-ATM: - done transferring the full Grid with coordinates
20260908 013302.429 INFO             PET0       OCN-TO-ATM: InitializeIPDv05p5 extro {IS}:--- StateLog() start -----------------
20260908 013302.429 INFO             PET0       OCN-TO-ATM: InitializeIPDv05p5 extro {IS}:<name: OCN-ExportState> <intent: ESMF_STATEINTENT_EXPORT> <itemCount:    1>
20260908 013302.429 INFO             PET0       OCN-TO-ATM: InitializeIPDv05p5 extro {IS}:+-<item: 0001> <itemType: Field> <itemName: sst>
20260908 013302.429 INFO             PET0       OCN-TO-ATM: InitializeIPDv05p5 extro {IS}:!--- FieldLog() start -----------------
20260908 013302.429 INFO             PET0       OCN-TO-ATM: InitializeIPDv05p5 extro {IS}:! <name: sst> <fieldStatus: ESMF_FIELDSTATUS_COMPLETE>
20260908 013302.429 INFO             PET0       OCN-TO-ATM: InitializeIPDv05p5 extro {IS}:! 0x7ffe5d4b29d0 => 0xd63be0 => 0xdcb3f0
20260908 013302.429 INFO             PET0       OCN-TO-ATM: InitializeIPDv05p5 extro {IS}:! <typekind: Real*8> <rank:    2> <dimCount:    2>
20260908 013302.429 INFO             PET0       OCN-TO-ATM: InitializeIPDv05p5 extro {IS}:! ! --- Array::log() start -----------------------------------
20260908 013302.429 INFO             PET0       OCN-TO-ATM: InitializeIPDv05p5 extro {IS}:! ! 0xdd5c80
20260908 013302.429 INFO             PET0       OCN-TO-ATM: InitializeIPDv05p5 extro {IS}:! ! <name: sst>
20260908 013302.429 INFO             PET0       OCN-TO-ATM: InitializeIPDv05p5 extro {IS}:! ! ! --- DistGrid::log() start --------------------------------
20260908 013302.429 INFO             PET0       OCN-TO-ATM: InitializeIPDv05p5 extro {IS}:! ! ! 0xdd65e0
20260908 013302.429 INFO             PET0       OCN-TO-ATM: InitializeIPDv05p5 extro {IS}:! ! ! DistGrid object is valid!<name: DG-Grid003-sloc:0>
20260908 013302.429 INFO             PET0       OCN-TO-ATM: InitializeIPDv05p5 extro {IS}:! ! ! --- DistGrid::log() end ----------------------------------
20260908 013302.429 INFO             PET0       OCN-TO-ATM: InitializeIPDv05p5 extro {IS}:! ! --- Array::log() end -------------------------------------
20260908 013302.429 INFO             PET0       OCN-TO-ATM: InitializeIPDv05p5 extro {IS}:!--- FieldLog() end -------------------
20260908 013302.429 INFO             PET0       OCN-TO-ATM: InitializeIPDv05p5 extro {IS}:--- StateLog() end -------------------
20260908 013302.429 INFO             PET0       OCN-TO-ATM: InitializeIPDv05p5 extro {ES}:--- StateLog() start -----------------
20260908 013302.429 INFO             PET0       OCN-TO-ATM: InitializeIPDv05p5 extro {ES}:<name: ATM-ImportState> <intent: ESMF_STATEINTENT_IMPORT> <itemCount:    1>
20260908 013302.429 INFO             PET0       OCN-TO-ATM: InitializeIPDv05p5 extro {ES}:+-<item: 0001> <itemType: State> <itemName: ATM-ImportState-namespace:OCN>
20260908 013302.430 INFO             PET0       OCN-TO-ATM: InitializeIPDv05p5 extro {ES}:! <name: ATM-ImportState-namespace:OCN> <intent: ESMF_STATEINTENT_IMPORT> <itemCount:    1>
20260908 013302.430 INFO             PET0       OCN-TO-ATM: InitializeIPDv05p5 extro {ES}:! +-<item: 0001> <itemType: Field> <itemName: sea_surface_temperature>
20260908 013302.430 INFO             PET0       OCN-TO-ATM: InitializeIPDv05p5 extro {ES}:! !--- FieldLog() start -----------------
20260908 013302.430 INFO             PET0       OCN-TO-ATM: InitializeIPDv05p5 extro {ES}:! ! <name: sea_surface_temperature> <fieldStatus: ESMF_FIELDSTATUS_GEOMSET>
20260908 013302.430 INFO             PET0       OCN-TO-ATM: InitializeIPDv05p5 extro {ES}:! ! 0x7ffe5d4b11e0 => 0xd0a780 => 0xdb5380
20260908 013302.430 INFO             PET0       OCN-TO-ATM: InitializeIPDv05p5 extro {ES}:! !--- FieldLog() end -------------------
20260908 013302.430 INFO             PET0       OCN-TO-ATM: InitializeIPDv05p5 extro {ES}:--- StateLog() end -------------------
20260908 013302.430 INFO             PET0     OCN-TO-ATM: InitializeIPDv05p5 extro.
20260908 013302.430 INFO             PET0     esm: IInitRealize intro.
20260908 013302.430 INFO             PET0       esm: IInitRealize intro {IS}:--- StateLog() start -----------------
20260908 013302.430 INFO             PET0       esm: IInitRealize intro {IS}:State object is invalid! Not created or deleted!
20260908 013302.430 INFO             PET0       esm: IInitRealize intro {IS}:--- StateLog() end -------------------
20260908 013302.430 INFO             PET0       esm: IInitRealize intro {ES}:--- StateLog() start -----------------
20260908 013302.430 INFO             PET0       esm: IInitRealize intro {ES}:State object is invalid! Not created or deleted!
20260908 013302.430 INFO             PET0       esm: IInitRealize intro {ES}:--- StateLog() end -------------------
20260908 013302.431 INFO             PET0       >>>esm: entered Initialize (phase=<none>) with current time: 2010  6  1  0  0  0   0
20260908 013302.431 INFO             PET0       <<<esm: leaving Initialize (phase=<none>) with current time: 2010  6  1  0  0  0   0
20260908 013302.431 INFO             PET0       esm: IInitRealize extro {IS}:--- StateLog() start -----------------
20260908 013302.431 INFO             PET0       esm: IInitRealize extro {IS}:State object is invalid! Not created or deleted!
20260908 013302.431 INFO             PET0       esm: IInitRealize extro {IS}:--- StateLog() end -------------------
20260908 013302.431 INFO             PET0       esm: IInitRealize extro {ES}:--- StateLog() start -----------------
20260908 013302.431 INFO             PET0       esm: IInitRealize extro {ES}:State object is invalid! Not created or deleted!
20260908 013302.431 INFO             PET0       esm: IInitRealize extro {ES}:--- StateLog() end -------------------
20260908 013302.431 INFO             PET0     esm: IInitRealize extro.
20260908 013302.432 INFO             PET0     ATM: InitializeIPDvXp06 intro.
20260908 013302.432 INFO             PET0       ATM: InitializeIPDvXp06 intro {IS}:--- StateLog() start -----------------
20260908 013302.432 INFO             PET0       ATM: InitializeIPDvXp06 intro {IS}:<name: ATM-ImportState> <intent: ESMF_STATEINTENT_IMPORT> <itemCount:    1>
20260908 013302.432 INFO             PET0       ATM: InitializeIPDvXp06 intro {IS}:+-<item: 0001> <itemType: State> <itemName: ATM-ImportState-namespace:OCN>
20260908 013302.432 INFO             PET0       ATM: InitializeIPDvXp06 intro {IS}:! <name: ATM-ImportState-namespace:OCN> <intent: ESMF_STATEINTENT_IMPORT> <itemCount:    1>
20260908 013302.432 INFO             PET0       ATM: InitializeIPDvXp06 intro {IS}:! +-<item: 0001> <itemType: Field> <itemName: sea_surface_temperature>
20260908 013302.432 INFO             PET0       ATM: InitializeIPDvXp06 intro {IS}:! !--- FieldLog() start -----------------
20260908 013302.432 INFO             PET0       ATM: InitializeIPDvXp06 intro {IS}:! ! <name: sea_surface_temperature> <fieldStatus: ESMF_FIELDSTATUS_GEOMSET>
20260908 013302.432 INFO             PET0       ATM: InitializeIPDvXp06 intro {IS}:! ! 0x7ffe5d4c4de0 => 0xd0a780 => 0xdb5380
20260908 013302.432 INFO             PET0       ATM: InitializeIPDvXp06 intro {IS}:! !--- FieldLog() end -------------------
20260908 013302.432 INFO             PET0       ATM: InitializeIPDvXp06 intro {IS}:--- StateLog() end -------------------
20260908 013302.432 INFO             PET0       ATM: InitializeIPDvXp06 intro {ES}:--- StateLog() start -----------------
20260908 013302.432 INFO             PET0       ATM: InitializeIPDvXp06 intro {ES}:<name: ATM-ExportState> <intent: ESMF_STATEINTENT_EXPORT> <itemCount:    0>
20260908 013302.432 INFO             PET0       ATM: InitializeIPDvXp06 intro {ES}:--- StateLog() end -------------------
20260908 013302.432 INFO             PET0       >>>ATM: entered Initialize (phase=IPDvXp06) without valid internal Clock.
20260908 013302.432 INFO             PET0       realize sea_surface_temperature import field received from ATM-ImportState-namespace:OCN
20260908 013302.434 INFO             PET0       <<<ATM: leaving Initialize (phase=IPDvXp06) without valid internal Clock.
20260908 013302.434 INFO             PET0       ATM: InitializeIPDvXp06 extro {IS}:--- StateLog() start -----------------
20260908 013302.434 INFO             PET0       ATM: InitializeIPDvXp06 extro {IS}:<name: ATM-ImportState> <intent: ESMF_STATEINTENT_IMPORT> <itemCount:    1>
20260908 013302.434 INFO             PET0       ATM: InitializeIPDvXp06 extro {IS}:+-<item: 0001> <itemType: State> <itemName: ATM-ImportState-namespace:OCN>
20260908 013302.434 INFO             PET0       ATM: InitializeIPDvXp06 extro {IS}:! <name: ATM-ImportState-namespace:OCN> <intent: ESMF_STATEINTENT_IMPORT> <itemCount:    1>
20260908 013302.434 INFO             PET0       ATM: InitializeIPDvXp06 extro {IS}:! +-<item: 0001> <itemType: Field> <itemName: sea_surface_temperature>
20260908 013302.434 INFO             PET0       ATM: InitializeIPDvXp06 extro {IS}:! !--- FieldLog() start -----------------
20260908 013302.434 INFO             PET0       ATM: InitializeIPDvXp06 extro {IS}:! ! <name: sea_surface_temperature> <fieldStatus: ESMF_FIELDSTATUS_COMPLETE>
20260908 013302.434 INFO             PET0       ATM: InitializeIPDvXp06 extro {IS}:! ! 0x7ffe5d4c4fb0 => 0xd0a780 => 0xdb5380
20260908 013302.434 INFO             PET0       ATM: InitializeIPDvXp06 extro {IS}:! ! <typekind: Real*8> <rank:    2> <dimCount:    2>
20260908 013302.434 INFO             PET0       ATM: InitializeIPDvXp06 extro {IS}:! ! ! --- Array::log() start -----------------------------------
20260908 013302.434 INFO             PET0       ATM: InitializeIPDvXp06 extro {IS}:! ! ! 0xe695f0
20260908 013302.434 INFO             PET0       ATM: InitializeIPDvXp06 extro {IS}:! ! ! <name: sea_surface_temperature>
20260908 013302.434 INFO             PET0       ATM: InitializeIPDvXp06 extro {IS}:! ! ! ! --- DistGrid::log() start --------------------------------
20260908 013302.434 INFO             PET0       ATM: InitializeIPDvXp06 extro {IS}:! ! ! ! 0xe2b2b0
20260908 013302.434 INFO             PET0       ATM: InitializeIPDvXp06 extro {IS}:! ! ! ! DistGrid object is valid!<name: DG-Grid003-sloc:0>
20260908 013302.434 INFO             PET0       ATM: InitializeIPDvXp06 extro {IS}:! ! ! ! --- DistGrid::log() end ----------------------------------
20260908 013302.434 INFO             PET0       ATM: InitializeIPDvXp06 extro {IS}:! ! ! --- Array::log() end -------------------------------------
20260908 013302.434 INFO             PET0       ATM: InitializeIPDvXp06 extro {IS}:! !--- FieldLog() end -------------------
20260908 013302.434 INFO             PET0       ATM: InitializeIPDvXp06 extro {IS}:--- StateLog() end -------------------
20260908 013302.434 INFO             PET0       ATM: InitializeIPDvXp06 extro {ES}:--- StateLog() start -----------------
20260908 013302.434 INFO             PET0       ATM: InitializeIPDvXp06 extro {ES}:<name: ATM-ExportState> <intent: ESMF_STATEINTENT_EXPORT> <itemCount:    0>
20260908 013302.434 INFO             PET0       ATM: InitializeIPDvXp06 extro {ES}:--- StateLog() end -------------------
20260908 013302.434 INFO             PET0     ATM: InitializeIPDvXp06 extro.
20260908 013302.437 INFO             PET0     ATM-TO-OCN: InitializeIPDv05p6a intro.
20260908 013302.437 INFO             PET0       ATM-TO-OCN: InitializeIPDv05p6a intro {IS}:--- StateLog() start -----------------
20260908 013302.437 INFO             PET0       ATM-TO-OCN: InitializeIPDv05p6a intro {IS}:<name: ATM-ExportState> <intent: ESMF_STATEINTENT_EXPORT> <itemCount:    0>
20260908 013302.437 INFO             PET0       ATM-TO-OCN: InitializeIPDv05p6a intro {IS}:--- StateLog() end -------------------
20260908 013302.437 INFO             PET0       ATM-TO-OCN: InitializeIPDv05p6a intro {ES}:--- StateLog() start -----------------
20260908 013302.437 INFO             PET0       ATM-TO-OCN: InitializeIPDv05p6a intro {ES}:<name: OCN-ImportState> <intent: ESMF_STATEINTENT_IMPORT> <itemCount:    0>
20260908 013302.437 INFO             PET0       ATM-TO-OCN: InitializeIPDv05p6a intro {ES}:--- StateLog() end -------------------
20260908 013302.438 INFO             PET0       ATM-TO-OCN: InitializeIPDv05p6a extro {IS}:--- StateLog() start -----------------
20260908 013302.438 INFO             PET0       ATM-TO-OCN: InitializeIPDv05p6a extro {IS}:<name: ATM-ExportState> <intent: ESMF_STATEINTENT_EXPORT> <itemCount:    0>
20260908 013302.438 INFO             PET0       ATM-TO-OCN: InitializeIPDv05p6a extro {IS}:--- StateLog() end -------------------
20260908 013302.438 INFO             PET0       ATM-TO-OCN: InitializeIPDv05p6a extro {ES}:--- StateLog() start -----------------
20260908 013302.438 INFO             PET0       ATM-TO-OCN: InitializeIPDv05p6a extro {ES}:<name: OCN-ImportState> <intent: ESMF_STATEINTENT_IMPORT> <itemCount:    0>
20260908 013302.438 INFO             PET0       ATM-TO-OCN: InitializeIPDv05p6a extro {ES}:--- StateLog() end -------------------
20260908 013302.438 INFO             PET0     ATM-TO-OCN: InitializeIPDv05p6a extro.
20260908 013302.439 INFO             PET0     OCN-TO-ATM: InitializeIPDv05p6a intro.
20260908 013302.439 INFO             PET0       OCN-TO-ATM: InitializeIPDv05p6a intro {IS}:--- StateLog() start -----------------
20260908 013302.439 INFO             PET0       OCN-TO-ATM: InitializeIPDv05p6a intro {IS}:<name: OCN-ExportState> <intent: ESMF_STATEINTENT_EXPORT> <itemCount:    1>
20260908 013302.439 INFO             PET0       OCN-TO-ATM: InitializeIPDv05p6a intro {IS}:+-<item: 0001> <itemType: Field> <itemName: sst>
20260908 013302.439 INFO             PET0       OCN-TO-ATM: InitializeIPDv05p6a intro {IS}:!--- FieldLog() start -----------------
20260908 013302.439 INFO             PET0       OCN-TO-ATM: InitializeIPDv05p6a intro {IS}:! <name: sst> <fieldStatus: ESMF_FIELDSTATUS_COMPLETE>
20260908 013302.439 INFO             PET0       OCN-TO-ATM: InitializeIPDv05p6a intro {IS}:! 0x7ffe5d4c5370 => 0xd63be0 => 0xdcb3f0
20260908 013302.439 INFO             PET0       OCN-TO-ATM: InitializeIPDv05p6a intro {IS}:! <typekind: Real*8> <rank:    2> <dimCount:    2>
20260908 013302.439 INFO             PET0       OCN-TO-ATM: InitializeIPDv05p6a intro {IS}:! ! --- Array::log() start -----------------------------------
20260908 013302.439 INFO             PET0       OCN-TO-ATM: InitializeIPDv05p6a intro {IS}:! ! 0xdd5c80
20260908 013302.439 INFO             PET0       OCN-TO-ATM: InitializeIPDv05p6a intro {IS}:! ! <name: sst>
20260908 013302.439 INFO             PET0       OCN-TO-ATM: InitializeIPDv05p6a intro {IS}:! ! ! --- DistGrid::log() start --------------------------------
20260908 013302.439 INFO             PET0       OCN-TO-ATM: InitializeIPDv05p6a intro {IS}:! ! ! 0xdd65e0
20260908 013302.439 INFO             PET0       OCN-TO-ATM: InitializeIPDv05p6a intro {IS}:! ! ! DistGrid object is valid!<name: DG-Grid003-sloc:0>
20260908 013302.439 INFO             PET0       OCN-TO-ATM: InitializeIPDv05p6a intro {IS}:! ! ! --- DistGrid::log() end ----------------------------------
20260908 013302.439 INFO             PET0       OCN-TO-ATM: InitializeIPDv05p6a intro {IS}:! ! --- Array::log() end -------------------------------------
20260908 013302.439 INFO             PET0       OCN-TO-ATM: InitializeIPDv05p6a intro {IS}:!--- FieldLog() end -------------------
20260908 013302.439 INFO             PET0       OCN-TO-ATM: InitializeIPDv05p6a intro {IS}:--- StateLog() end -------------------
20260908 013302.439 INFO             PET0       OCN-TO-ATM: InitializeIPDv05p6a intro {ES}:--- StateLog() start -----------------
20260908 013302.439 INFO             PET0       OCN-TO-ATM: InitializeIPDv05p6a intro {ES}:<name: ATM-ImportState> <intent: ESMF_STATEINTENT_IMPORT> <itemCount:    1>
20260908 013302.439 INFO             PET0       OCN-TO-ATM: InitializeIPDv05p6a intro {ES}:+-<item: 0001> <itemType: State> <itemName: ATM-ImportState-namespace:OCN>
20260908 013302.439 INFO             PET0       OCN-TO-ATM: InitializeIPDv05p6a intro {ES}:! <name: ATM-ImportState-namespace:OCN> <intent: ESMF_STATEINTENT_IMPORT> <itemCount:    1>
20260908 013302.440 INFO             PET0       OCN-TO-ATM: InitializeIPDv05p6a intro {ES}:! +-<item: 0001> <itemType: Field> <itemName: sea_surface_temperature>
20260908 013302.440 INFO             PET0       OCN-TO-ATM: InitializeIPDv05p6a intro {ES}:! !--- FieldLog() start -----------------
20260908 013302.440 INFO             PET0       OCN-TO-ATM: InitializeIPDv05p6a intro {ES}:! ! <name: sea_surface_temperature> <fieldStatus: ESMF_FIELDSTATUS_COMPLETE>
20260908 013302.440 INFO             PET0       OCN-TO-ATM: InitializeIPDv05p6a intro {ES}:! ! 0x7ffe5d4c3b80 => 0xd0a780 => 0xdb5380
20260908 013302.440 INFO             PET0       OCN-TO-ATM: InitializeIPDv05p6a intro {ES}:! ! <typekind: Real*8> <rank:    2> <dimCount:    2>
20260908 013302.440 INFO             PET0       OCN-TO-ATM: InitializeIPDv05p6a intro {ES}:! ! ! --- Array::log() start -----------------------------------
20260908 013302.440 INFO             PET0       OCN-TO-ATM: InitializeIPDv05p6a intro {ES}:! ! ! 0xe695f0
20260908 013302.440 INFO             PET0       OCN-TO-ATM: InitializeIPDv05p6a intro {ES}:! ! ! <name: sea_surface_temperature>
20260908 013302.440 INFO             PET0       OCN-TO-ATM: InitializeIPDv05p6a intro {ES}:! ! ! ! --- DistGrid::log() start --------------------------------
20260908 013302.440 INFO             PET0       OCN-TO-ATM: InitializeIPDv05p6a intro {ES}:! ! ! ! 0xe2b2b0
20260908 013302.440 INFO             PET0       OCN-TO-ATM: InitializeIPDv05p6a intro {ES}:! ! ! ! DistGrid object is valid!<name: DG-Grid003-sloc:0>
20260908 013302.440 INFO             PET0       OCN-TO-ATM: InitializeIPDv05p6a intro {ES}:! ! ! ! --- DistGrid::log() end ----------------------------------
20260908 013302.440 INFO             PET0       OCN-TO-ATM: InitializeIPDv05p6a intro {ES}:! ! ! --- Array::log() end -------------------------------------
20260908 013302.440 INFO             PET0       OCN-TO-ATM: InitializeIPDv05p6a intro {ES}:! !--- FieldLog() end -------------------
20260908 013302.440 INFO             PET0       OCN-TO-ATM: InitializeIPDv05p6a intro {ES}:--- StateLog() end -------------------
20260908 013302.454 INFO             PET0       OCN-TO-ATM: InitializeIPDv05p6a extro {IS}:--- StateLog() start -----------------
20260908 013302.454 INFO             PET0       OCN-TO-ATM: InitializeIPDv05p6a extro {IS}:<name: OCN-ExportState> <intent: ESMF_STATEINTENT_EXPORT> <itemCount:    1>
20260908 013302.454 INFO             PET0       OCN-TO-ATM: InitializeIPDv05p6a extro {IS}:+-<item: 0001> <itemType: Field> <itemName: sst>
20260908 013302.454 INFO             PET0       OCN-TO-ATM: InitializeIPDv05p6a extro {IS}:!--- FieldLog() start -----------------
20260908 013302.454 INFO             PET0       OCN-TO-ATM: InitializeIPDv05p6a extro {IS}:! <name: sst> <fieldStatus: ESMF_FIELDSTATUS_COMPLETE>
20260908 013302.454 INFO             PET0       OCN-TO-ATM: InitializeIPDv05p6a extro {IS}:! 0x7ffe5d4c5540 => 0xd63be0 => 0xdc91e0
20260908 013302.454 INFO             PET0       OCN-TO-ATM: InitializeIPDv05p6a extro {IS}:! <typekind: Real*8> <rank:    2> <dimCount:    2>
20260908 013302.454 INFO             PET0       OCN-TO-ATM: InitializeIPDv05p6a extro {IS}:! ! --- Array::log() start -----------------------------------
20260908 013302.454 INFO             PET0       OCN-TO-ATM: InitializeIPDv05p6a extro {IS}:! ! 0xe35930
20260908 013302.454 INFO             PET0       OCN-TO-ATM: InitializeIPDv05p6a extro {IS}:! ! <name: sst>
20260908 013302.454 INFO             PET0       OCN-TO-ATM: InitializeIPDv05p6a extro {IS}:! ! ! --- DistGrid::log() start --------------------------------
20260908 013302.454 INFO             PET0       OCN-TO-ATM: InitializeIPDv05p6a extro {IS}:! ! ! 0xe36290
20260908 013302.454 INFO             PET0       OCN-TO-ATM: InitializeIPDv05p6a extro {IS}:! ! ! DistGrid object is valid!<name: DG-Grid003-sloc:0>
20260908 013302.454 INFO             PET0       OCN-TO-ATM: InitializeIPDv05p6a extro {IS}:! ! ! --- DistGrid::log() end ----------------------------------
20260908 013302.454 INFO             PET0       OCN-TO-ATM: InitializeIPDv05p6a extro {IS}:! ! --- Array::log() end -------------------------------------
20260908 013302.454 INFO             PET0       OCN-TO-ATM: InitializeIPDv05p6a extro {IS}:!--- FieldLog() end -------------------
20260908 013302.454 INFO             PET0       OCN-TO-ATM: InitializeIPDv05p6a extro {IS}:--- StateLog() end -------------------
20260908 013302.454 INFO             PET0       OCN-TO-ATM: InitializeIPDv05p6a extro {ES}:--- StateLog() start -----------------
20260908 013302.454 INFO             PET0       OCN-TO-ATM: InitializeIPDv05p6a extro {ES}:<name: ATM-ImportState> <intent: ESMF_STATEINTENT_IMPORT> <itemCount:    1>
20260908 013302.454 INFO             PET0       OCN-TO-ATM: InitializeIPDv05p6a extro {ES}:+-<item: 0001> <itemType: State> <itemName: ATM-ImportState-namespace:OCN>
20260908 013302.454 INFO             PET0       OCN-TO-ATM: InitializeIPDv05p6a extro {ES}:! <name: ATM-ImportState-namespace:OCN> <intent: ESMF_STATEINTENT_IMPORT> <itemCount:    1>
20260908 013302.454 INFO             PET0       OCN-TO-ATM: InitializeIPDv05p6a extro {ES}:! +-<item: 0001> <itemType: Field> <itemName: sea_surface_temperature>
20260908 013302.454 INFO             PET0       OCN-TO-ATM: InitializeIPDv05p6a extro {ES}:! !--- FieldLog() start -----------------
20260908 013302.454 INFO             PET0       OCN-TO-ATM: InitializeIPDv05p6a extro {ES}:! ! <name: sea_surface_temperature> <fieldStatus: ESMF_FIELDSTATUS_COMPLETE>
20260908 013302.454 INFO             PET0       OCN-TO-ATM: InitializeIPDv05p6a extro {ES}:! ! 0x7ffe5d4c3d50 => 0xd0a780 => 0xdb5380
20260908 013302.455 INFO             PET0       OCN-TO-ATM: InitializeIPDv05p6a extro {ES}:! ! <typekind: Real*8> <rank:    2> <dimCount:    2>
20260908 013302.455 INFO             PET0       OCN-TO-ATM: InitializeIPDv05p6a extro {ES}:! ! ! --- Array::log() start -----------------------------------
20260908 013302.455 INFO             PET0       OCN-TO-ATM: InitializeIPDv05p6a extro {ES}:! ! ! 0xe695f0
20260908 013302.455 INFO             PET0       OCN-TO-ATM: InitializeIPDv05p6a extro {ES}:! ! ! <name: sea_surface_temperature>
20260908 013302.455 INFO             PET0       OCN-TO-ATM: InitializeIPDv05p6a extro {ES}:! ! ! ! --- DistGrid::log() start --------------------------------
20260908 013302.455 INFO             PET0       OCN-TO-ATM: InitializeIPDv05p6a extro {ES}:! ! ! ! 0xe2b2b0
20260908 013302.455 INFO             PET0       OCN-TO-ATM: InitializeIPDv05p6a extro {ES}:! ! ! ! DistGrid object is valid!<name: DG-Grid003-sloc:0>
20260908 013302.455 INFO             PET0       OCN-TO-ATM: InitializeIPDv05p6a extro {ES}:! ! ! ! --- DistGrid::log() end ----------------------------------
20260908 013302.455 INFO             PET0       OCN-TO-ATM: InitializeIPDv05p6a extro {ES}:! ! ! --- Array::log() end -------------------------------------
20260908 013302.455 INFO             PET0       OCN-TO-ATM: InitializeIPDv05p6a extro {ES}:! !--- FieldLog() end -------------------
20260908 013302.455 INFO             PET0       OCN-TO-ATM: InitializeIPDv05p6a extro {ES}:--- StateLog() end -------------------
20260908 013302.455 INFO             PET0     OCN-TO-ATM: InitializeIPDv05p6a extro.
20260908 013302.456 INFO             PET0     ATM-TO-OCN: InitializeIPDv05p6b intro.
20260908 013302.456 INFO             PET0       ATM-TO-OCN: InitializeIPDv05p6b intro {IS}:--- StateLog() start -----------------
20260908 013302.456 INFO             PET0       ATM-TO-OCN: InitializeIPDv05p6b intro {IS}:<name: ATM-ExportState> <intent: ESMF_STATEINTENT_EXPORT> <itemCount:    0>
20260908 013302.456 INFO             PET0       ATM-TO-OCN: InitializeIPDv05p6b intro {IS}:--- StateLog() end -------------------
20260908 013302.456 INFO             PET0       ATM-TO-OCN: InitializeIPDv05p6b intro {ES}:--- StateLog() start -----------------
20260908 013302.456 INFO             PET0       ATM-TO-OCN: InitializeIPDv05p6b intro {ES}:<name: OCN-ImportState> <intent: ESMF_STATEINTENT_IMPORT> <itemCount:    0>
20260908 013302.456 INFO             PET0       ATM-TO-OCN: InitializeIPDv05p6b intro {ES}:--- StateLog() end -------------------
20260908 013302.456 INFO             PET0       ATM-TO-OCN: called default label_ComputeRouteHandle
20260908 013302.460 INFO             PET0        DetermineSrcDstOverlap: srcDstOverlap=  F
20260908 013302.460 INFO             PET0        BuildUpdatePackets: final UpdatePacket count=            0
20260908 013302.460 INFO             PET0       ATM-TO-OCN: CplSet List:
20260908 013302.460 INFO             PET0       ATM-TO-OCN: InitializeIPDv05p6b extro {IS}:--- StateLog() start -----------------
20260908 013302.461 INFO             PET0       ATM-TO-OCN: InitializeIPDv05p6b extro {IS}:<name: ATM-ExportState> <intent: ESMF_STATEINTENT_EXPORT> <itemCount:    0>
20260908 013302.461 INFO             PET0       ATM-TO-OCN: InitializeIPDv05p6b extro {IS}:--- StateLog() end -------------------
20260908 013302.461 INFO             PET0       ATM-TO-OCN: InitializeIPDv05p6b extro {ES}:--- StateLog() start -----------------
20260908 013302.461 INFO             PET0       ATM-TO-OCN: InitializeIPDv05p6b extro {ES}:<name: OCN-ImportState> <intent: ESMF_STATEINTENT_IMPORT> <itemCount:    0>
20260908 013302.461 INFO             PET0       ATM-TO-OCN: InitializeIPDv05p6b extro {ES}:--- StateLog() end -------------------
20260908 013302.461 INFO             PET0     ATM-TO-OCN: InitializeIPDv05p6b extro.
20260908 013302.461 INFO             PET0     OCN-TO-ATM: InitializeIPDv05p6b intro.
20260908 013302.461 INFO             PET0       OCN-TO-ATM: InitializeIPDv05p6b intro {IS}:--- StateLog() start -----------------
20260908 013302.461 INFO             PET0       OCN-TO-ATM: InitializeIPDv05p6b intro {IS}:<name: OCN-ExportState> <intent: ESMF_STATEINTENT_EXPORT> <itemCount:    1>
20260908 013302.461 INFO             PET0       OCN-TO-ATM: InitializeIPDv05p6b intro {IS}:+-<item: 0001> <itemType: Field> <itemName: sst>
20260908 013302.461 INFO             PET0       OCN-TO-ATM: InitializeIPDv05p6b intro {IS}:!--- FieldLog() start -----------------
20260908 013302.461 INFO             PET0       OCN-TO-ATM: InitializeIPDv05p6b intro {IS}:! <name: sst> <fieldStatus: ESMF_FIELDSTATUS_COMPLETE>
20260908 013302.461 INFO             PET0       OCN-TO-ATM: InitializeIPDv05p6b intro {IS}:! 0x7ffe5d4bb8a0 => 0xd63be0 => 0xdc91e0
20260908 013302.461 INFO             PET0       OCN-TO-ATM: InitializeIPDv05p6b intro {IS}:! <typekind: Real*8> <rank:    2> <dimCount:    2>
20260908 013302.461 INFO             PET0       OCN-TO-ATM: InitializeIPDv05p6b intro {IS}:! ! --- Array::log() start -----------------------------------
20260908 013302.462 INFO             PET0       OCN-TO-ATM: InitializeIPDv05p6b intro {IS}:! ! 0xe35930
20260908 013302.462 INFO             PET0       OCN-TO-ATM: InitializeIPDv05p6b intro {IS}:! ! <name: sst>
20260908 013302.462 INFO             PET0       OCN-TO-ATM: InitializeIPDv05p6b intro {IS}:! ! ! --- DistGrid::log() start --------------------------------
20260908 013302.462 INFO             PET0       OCN-TO-ATM: InitializeIPDv05p6b intro {IS}:! ! ! 0xe36290
20260908 013302.462 INFO             PET0       OCN-TO-ATM: InitializeIPDv05p6b intro {IS}:! ! ! DistGrid object is valid!<name: DG-Grid003-sloc:0>
20260908 013302.462 INFO             PET0       OCN-TO-ATM: InitializeIPDv05p6b intro {IS}:! ! ! --- DistGrid::log() end ----------------------------------
20260908 013302.462 INFO             PET0       OCN-TO-ATM: InitializeIPDv05p6b intro {IS}:! ! --- Array::log() end -------------------------------------
20260908 013302.462 INFO             PET0       OCN-TO-ATM: InitializeIPDv05p6b intro {IS}:!--- FieldLog() end -------------------
20260908 013302.462 INFO             PET0       OCN-TO-ATM: InitializeIPDv05p6b intro {IS}:--- StateLog() end -------------------
20260908 013302.462 INFO             PET0       OCN-TO-ATM: InitializeIPDv05p6b intro {ES}:--- StateLog() start -----------------
20260908 013302.462 INFO             PET0       OCN-TO-ATM: InitializeIPDv05p6b intro {ES}:<name: ATM-ImportState> <intent: ESMF_STATEINTENT_IMPORT> <itemCount:    1>
20260908 013302.462 INFO             PET0       OCN-TO-ATM: InitializeIPDv05p6b intro {ES}:+-<item: 0001> <itemType: State> <itemName: ATM-ImportState-namespace:OCN>
20260908 013302.462 INFO             PET0       OCN-TO-ATM: InitializeIPDv05p6b intro {ES}:! <name: ATM-ImportState-namespace:OCN> <intent: ESMF_STATEINTENT_IMPORT> <itemCount:    1>
20260908 013302.462 INFO             PET0       OCN-TO-ATM: InitializeIPDv05p6b intro {ES}:! +-<item: 0001> <itemType: Field> <itemName: sea_surface_temperature>
20260908 013302.462 INFO             PET0       OCN-TO-ATM: InitializeIPDv05p6b intro {ES}:! !--- FieldLog() start -----------------
20260908 013302.462 INFO             PET0       OCN-TO-ATM: InitializeIPDv05p6b intro {ES}:! ! <name: sea_surface_temperature> <fieldStatus: ESMF_FIELDSTATUS_COMPLETE>
20260908 013302.462 INFO             PET0       OCN-TO-ATM: InitializeIPDv05p6b intro {ES}:! ! 0x7ffe5d4ba0b0 => 0xd0a780 => 0xdb5380
20260908 013302.462 INFO             PET0       OCN-TO-ATM: InitializeIPDv05p6b intro {ES}:! ! <typekind: Real*8> <rank:    2> <dimCount:    2>
20260908 013302.462 INFO             PET0       OCN-TO-ATM: InitializeIPDv05p6b intro {ES}:! ! ! --- Array::log() start -----------------------------------
20260908 013302.462 INFO             PET0       OCN-TO-ATM: InitializeIPDv05p6b intro {ES}:! ! ! 0xe695f0
20260908 013302.462 INFO             PET0       OCN-TO-ATM: InitializeIPDv05p6b intro {ES}:! ! ! <name: sea_surface_temperature>
20260908 013302.462 INFO             PET0       OCN-TO-ATM: InitializeIPDv05p6b intro {ES}:! ! ! ! --- DistGrid::log() start --------------------------------
20260908 013302.462 INFO             PET0       OCN-TO-ATM: InitializeIPDv05p6b intro {ES}:! ! ! ! 0xe2b2b0
20260908 013302.462 INFO             PET0       OCN-TO-ATM: InitializeIPDv05p6b intro {ES}:! ! ! ! DistGrid object is valid!<name: DG-Grid003-sloc:0>
20260908 013302.462 INFO             PET0       OCN-TO-ATM: InitializeIPDv05p6b intro {ES}:! ! ! ! --- DistGrid::log() end ----------------------------------
20260908 013302.462 INFO             PET0       OCN-TO-ATM: InitializeIPDv05p6b intro {ES}:! ! ! --- Array::log() end -------------------------------------
20260908 013302.462 INFO             PET0       OCN-TO-ATM: InitializeIPDv05p6b intro {ES}:! !--- FieldLog() end -------------------
20260908 013302.462 INFO             PET0       OCN-TO-ATM: InitializeIPDv05p6b intro {ES}:--- StateLog() end -------------------
20260908 013302.464 INFO             PET0       OCN-TO-ATM: handle cplList(1): sea_surface_temperature, cplSetList(1): __UNSPECIFIED__
20260908 013302.464 INFO             PET0       OCN-TO-ATM: - no Field sharing between import and export side: remap.
20260908 013302.465 DEBUG            PET0       ESMF_FieldBundleRegridStorePair(): srcField: sst dimCount= 2 rank= 2
20260908 013302.465 DEBUG            PET0       ESMF_FieldBundleRegridStorePair(): dstField: sea_surface_temperature dimCount= 2 rank= 2
20260908 013302.465 DEBUG            PET0       ESMF_FieldBundleRegridStorePair(): Inside 'rhReuse' branch!
20260908 013302.465 DEBUG            PET0       ESMF_FieldBundleRegridStorePair(): srcGeomtype==ESMF_GEOMTYPE_GRID dimCount= 2
20260908 013302.465 DEBUG            PET0       ESMF_FieldBundleRegridStorePair(): dstGeomtype==ESMF_GEOMTYPE_GRID dimCount= 2
20260908 013302.465 DEBUG            PET0       ESMF_FieldBundleRegridStorePair(): no rhListMatch -> pre-compute new remapping!
20260908 013302.465 DEBUG            PET0       ESMF_FieldBundleRegridStorePair(): must precompute full regridding!
20260908 013302.911 INFO             PET0       OCN-TO-ATM: called default label_ComputeRouteHandle
20260908 013302.911 INFO             PET0        DetermineSrcDstOverlap: sst, srcLocalPet=           -1
20260908 013302.911 INFO             PET0        DetermineSrcDstOverlap: sea_surface_temperature, dstLocalPet=            0
20260908 013302.913 INFO             PET0        DetermineSrcDstOverlap: srcDstOverlap=  F
20260908 013302.913 INFO             PET0        BuildUpdatePackets: sst, srcLocalPet=           -1
20260908 013302.913 INFO             PET0        BuildUpdatePackets: sea_surface_temperature, dstLocalPet=            0
20260908 013302.913 INFO             PET0        creating new UpdatePacket for srcPetCount=            2  dstPetCount=            2
20260908 013302.913 INFO             PET0        upE%sendToPets list of size 0 :
20260908 013302.913 INFO             PET0        upE%recvFromPet=            0
20260908 013302.913 INFO             PET0        after field add, now upE%fieldCount=            1
20260908 013302.913 INFO             PET0        BuildUpdatePackets: final UpdatePacket count=            1
20260908 013302.913 INFO             PET0       OCN-TO-ATM: CplSet List:
20260908 013302.913 INFO             PET0       OCN-TO-ATM: ->CplSet(  1): __UNSPECIFIED__
20260908 013302.913 INFO             PET0       OCN-TO-ATM: -->Field(  1): sea_surface_temperature
20260908 013302.913 INFO             PET0       OCN-TO-ATM: InitializeIPDv05p6b extro {IS}:--- StateLog() start -----------------
20260908 013302.913 INFO             PET0       OCN-TO-ATM: InitializeIPDv05p6b extro {IS}:<name: OCN-ExportState> <intent: ESMF_STATEINTENT_EXPORT> <itemCount:    1>
20260908 013302.913 INFO             PET0       OCN-TO-ATM: InitializeIPDv05p6b extro {IS}:+-<item: 0001> <itemType: Field> <itemName: sst>
20260908 013302.913 INFO             PET0       OCN-TO-ATM: InitializeIPDv05p6b extro {IS}:!--- FieldLog() start -----------------
20260908 013302.913 INFO             PET0       OCN-TO-ATM: InitializeIPDv05p6b extro {IS}:! <name: sst> <fieldStatus: ESMF_FIELDSTATUS_COMPLETE>
20260908 013302.913 INFO             PET0       OCN-TO-ATM: InitializeIPDv05p6b extro {IS}:! 0x7ffe5d4bba70 => 0xd63be0 => 0xdc91e0
20260908 013302.914 INFO             PET0       OCN-TO-ATM: InitializeIPDv05p6b extro {IS}:! <typekind: Real*8> <rank:    2> <dimCount:    2>
20260908 013302.914 INFO             PET0       OCN-TO-ATM: InitializeIPDv05p6b extro {IS}:! ! --- Array::log() start -----------------------------------
20260908 013302.914 INFO             PET0       OCN-TO-ATM: InitializeIPDv05p6b extro {IS}:! ! 0xe35930
20260908 013302.914 INFO             PET0       OCN-TO-ATM: InitializeIPDv05p6b extro {IS}:! ! <name: sst>
20260908 013302.914 INFO             PET0       OCN-TO-ATM: InitializeIPDv05p6b extro {IS}:! ! ! --- DistGrid::log() start --------------------------------
20260908 013302.914 INFO             PET0       OCN-TO-ATM: InitializeIPDv05p6b extro {IS}:! ! ! 0xe36290
20260908 013302.914 INFO             PET0       OCN-TO-ATM: InitializeIPDv05p6b extro {IS}:! ! ! DistGrid object is valid!<name: DG-Grid003-sloc:0>
20260908 013302.914 INFO             PET0       OCN-TO-ATM: InitializeIPDv05p6b extro {IS}:! ! ! --- DistGrid::log() end ----------------------------------
20260908 013302.914 INFO             PET0       OCN-TO-ATM: InitializeIPDv05p6b extro {IS}:! ! --- Array::log() end -------------------------------------
20260908 013302.914 INFO             PET0       OCN-TO-ATM: InitializeIPDv05p6b extro {IS}:!--- FieldLog() end -------------------
20260908 013302.914 INFO             PET0       OCN-TO-ATM: InitializeIPDv05p6b extro {IS}:--- StateLog() end -------------------
20260908 013302.914 INFO             PET0       OCN-TO-ATM: InitializeIPDv05p6b extro {ES}:--- StateLog() start -----------------
20260908 013302.914 INFO             PET0       OCN-TO-ATM: InitializeIPDv05p6b extro {ES}:<name: ATM-ImportState> <intent: ESMF_STATEINTENT_IMPORT> <itemCount:    1>
20260908 013302.914 INFO             PET0       OCN-TO-ATM: InitializeIPDv05p6b extro {ES}:+-<item: 0001> <itemType: State> <itemName: ATM-ImportState-namespace:OCN>
20260908 013302.914 INFO             PET0       OCN-TO-ATM: InitializeIPDv05p6b extro {ES}:! <name: ATM-ImportState-namespace:OCN> <intent: ESMF_STATEINTENT_IMPORT> <itemCount:    1>
20260908 013302.914 INFO             PET0       OCN-TO-ATM: InitializeIPDv05p6b extro {ES}:! +-<item: 0001> <itemType: Field> <itemName: sea_surface_temperature>
20260908 013302.914 INFO             PET0       OCN-TO-ATM: InitializeIPDv05p6b extro {ES}:! !--- FieldLog() start -----------------
20260908 013302.914 INFO             PET0       OCN-TO-ATM: InitializeIPDv05p6b extro {ES}:! ! <name: sea_surface_temperature> <fieldStatus: ESMF_FIELDSTATUS_COMPLETE>
20260908 013302.914 INFO             PET0       OCN-TO-ATM: InitializeIPDv05p6b extro {ES}:! ! 0x7ffe5d4ba280 => 0xd0a780 => 0xdb5380
20260908 013302.914 INFO             PET0       OCN-TO-ATM: InitializeIPDv05p6b extro {ES}:! ! <typekind: Real*8> <rank:    2> <dimCount:    2>
20260908 013302.914 INFO             PET0       OCN-TO-ATM: InitializeIPDv05p6b extro {ES}:! ! ! --- Array::log() start -----------------------------------
20260908 013302.914 INFO             PET0       OCN-TO-ATM: InitializeIPDv05p6b extro {ES}:! ! ! 0xe695f0
20260908 013302.914 INFO             PET0       OCN-TO-ATM: InitializeIPDv05p6b extro {ES}:! ! ! <name: sea_surface_temperature>
20260908 013302.914 INFO             PET0       OCN-TO-ATM: InitializeIPDv05p6b extro {ES}:! ! ! ! --- DistGrid::log() start --------------------------------
20260908 013302.914 INFO             PET0       OCN-TO-ATM: InitializeIPDv05p6b extro {ES}:! ! ! ! 0xe2b2b0
20260908 013302.914 INFO             PET0       OCN-TO-ATM: InitializeIPDv05p6b extro {ES}:! ! ! ! DistGrid object is valid!<name: DG-Grid003-sloc:0>
20260908 013302.914 INFO             PET0       OCN-TO-ATM: InitializeIPDv05p6b extro {ES}:! ! ! ! --- DistGrid::log() end ----------------------------------
20260908 013302.914 INFO             PET0       OCN-TO-ATM: InitializeIPDv05p6b extro {ES}:! ! ! --- Array::log() end -------------------------------------
20260908 013302.914 INFO             PET0       OCN-TO-ATM: InitializeIPDv05p6b extro {ES}:! !--- FieldLog() end -------------------
20260908 013302.914 INFO             PET0       OCN-TO-ATM: InitializeIPDv05p6b extro {ES}:--- StateLog() end -------------------
20260908 013302.914 INFO             PET0     OCN-TO-ATM: InitializeIPDv05p6b extro.
20260908 013302.915 INFO             PET0     ATM: InitializeIPDvXp07 intro.
20260908 013302.915 INFO             PET0       ATM: InitializeIPDvXp07 intro {IS}:--- StateLog() start -----------------
20260908 013302.915 INFO             PET0       ATM: InitializeIPDvXp07 intro {IS}:<name: ATM-ImportState> <intent: ESMF_STATEINTENT_IMPORT> <itemCount:    1>
20260908 013302.915 INFO             PET0       ATM: InitializeIPDvXp07 intro {IS}:+-<item: 0001> <itemType: State> <itemName: ATM-ImportState-namespace:OCN>
20260908 013302.915 INFO             PET0       ATM: InitializeIPDvXp07 intro {IS}:! <name: ATM-ImportState-namespace:OCN> <intent: ESMF_STATEINTENT_IMPORT> <itemCount:    1>
20260908 013302.915 INFO             PET0       ATM: InitializeIPDvXp07 intro {IS}:! +-<item: 0001> <itemType: Field> <itemName: sea_surface_temperature>
20260908 013302.915 INFO             PET0       ATM: InitializeIPDvXp07 intro {IS}:! !--- FieldLog() start -----------------
20260908 013302.915 INFO             PET0       ATM: InitializeIPDvXp07 intro {IS}:! ! <name: sea_surface_temperature> <fieldStatus: ESMF_FIELDSTATUS_COMPLETE>
20260908 013302.915 INFO             PET0       ATM: InitializeIPDvXp07 intro {IS}:! ! 0x7ffe5d4c3860 => 0xd0a780 => 0xdb5380
20260908 013302.915 INFO             PET0       ATM: InitializeIPDvXp07 intro {IS}:! ! <typekind: Real*8> <rank:    2> <dimCount:    2>
20260908 013302.915 INFO             PET0       ATM: InitializeIPDvXp07 intro {IS}:! ! ! --- Array::log() start -----------------------------------
20260908 013302.915 INFO             PET0       ATM: InitializeIPDvXp07 intro {IS}:! ! ! 0xe695f0
20260908 013302.915 INFO             PET0       ATM: InitializeIPDvXp07 intro {IS}:! ! ! <name: sea_surface_temperature>
20260908 013302.916 INFO             PET0       ATM: InitializeIPDvXp07 intro {IS}:! ! ! ! --- DistGrid::log() start --------------------------------
20260908 013302.916 INFO             PET0       ATM: InitializeIPDvXp07 intro {IS}:! ! ! ! 0xe2b2b0
20260908 013302.916 INFO             PET0       ATM: InitializeIPDvXp07 intro {IS}:! ! ! ! DistGrid object is valid!<name: DG-Grid003-sloc:0>
20260908 013302.916 INFO             PET0       ATM: InitializeIPDvXp07 intro {IS}:! ! ! ! --- DistGrid::log() end ----------------------------------
20260908 013302.916 INFO             PET0       ATM: InitializeIPDvXp07 intro {IS}:! ! ! --- Array::log() end -------------------------------------
20260908 013302.916 INFO             PET0       ATM: InitializeIPDvXp07 intro {IS}:! !--- FieldLog() end -------------------
20260908 013302.916 INFO             PET0       ATM: InitializeIPDvXp07 intro {IS}:--- StateLog() end -------------------
20260908 013302.916 INFO             PET0       ATM: InitializeIPDvXp07 intro {ES}:--- StateLog() start -----------------
20260908 013302.916 INFO             PET0       ATM: InitializeIPDvXp07 intro {ES}:<name: ATM-ExportState> <intent: ESMF_STATEINTENT_EXPORT> <itemCount:    0>
20260908 013302.916 INFO             PET0       ATM: InitializeIPDvXp07 intro {ES}:--- StateLog() end -------------------
20260908 013302.916 INFO             PET0       >>>ATM: entered Initialize (phase=IPDvXp07) without valid internal Clock.
20260908 013302.916 INFO             PET0       <<<ATM: leaving Initialize (phase=IPDvXp07) with current time: 2010  6  1  0  0  0   0
20260908 013302.916 INFO             PET0       ATM: InitializeIPDvXp07 extro {IS}:--- StateLog() start -----------------
20260908 013302.916 INFO             PET0       ATM: InitializeIPDvXp07 extro {IS}:<name: ATM-ImportState> <intent: ESMF_STATEINTENT_IMPORT> <itemCount:    1>
20260908 013302.916 INFO             PET0       ATM: InitializeIPDvXp07 extro {IS}:+-<item: 0001> <itemType: State> <itemName: ATM-ImportState-namespace:OCN>
20260908 013302.916 INFO             PET0       ATM: InitializeIPDvXp07 extro {IS}:! <name: ATM-ImportState-namespace:OCN> <intent: ESMF_STATEINTENT_IMPORT> <itemCount:    1>
20260908 013302.917 INFO             PET0       ATM: InitializeIPDvXp07 extro {IS}:! +-<item: 0001> <itemType: Field> <itemName: sea_surface_temperature>
20260908 013302.917 INFO             PET0       ATM: InitializeIPDvXp07 extro {IS}:! !--- FieldLog() start -----------------
20260908 013302.917 INFO             PET0       ATM: InitializeIPDvXp07 extro {IS}:! ! <name: sea_surface_temperature> <fieldStatus: ESMF_FIELDSTATUS_COMPLETE>
20260908 013302.917 INFO             PET0       ATM: InitializeIPDvXp07 extro {IS}:! ! 0x7ffe5d4c3a30 => 0xd0a780 => 0xdb5380
20260908 013302.917 INFO             PET0       ATM: InitializeIPDvXp07 extro {IS}:! ! <typekind: Real*8> <rank:    2> <dimCount:    2>
20260908 013302.917 INFO             PET0       ATM: InitializeIPDvXp07 extro {IS}:! ! ! --- Array::log() start -----------------------------------
20260908 013302.917 INFO             PET0       ATM: InitializeIPDvXp07 extro {IS}:! ! ! 0xe695f0
20260908 013302.917 INFO             PET0       ATM: InitializeIPDvXp07 extro {IS}:! ! ! <name: sea_surface_temperature>
20260908 013302.917 INFO             PET0       ATM: InitializeIPDvXp07 extro {IS}:! ! ! ! --- DistGrid::log() start --------------------------------
20260908 013302.917 INFO             PET0       ATM: InitializeIPDvXp07 extro {IS}:! ! ! ! 0xe2b2b0
20260908 013302.917 INFO             PET0       ATM: InitializeIPDvXp07 extro {IS}:! ! ! ! DistGrid object is valid!<name: DG-Grid003-sloc:0>
20260908 013302.917 INFO             PET0       ATM: InitializeIPDvXp07 extro {IS}:! ! ! ! --- DistGrid::log() end ----------------------------------
20260908 013302.917 INFO             PET0       ATM: InitializeIPDvXp07 extro {IS}:! ! ! --- Array::log() end -------------------------------------
20260908 013302.917 INFO             PET0       ATM: InitializeIPDvXp07 extro {IS}:! !--- FieldLog() end -------------------
20260908 013302.917 INFO             PET0       ATM: InitializeIPDvXp07 extro {IS}:--- StateLog() end -------------------
20260908 013302.917 INFO             PET0       ATM: InitializeIPDvXp07 extro {ES}:--- StateLog() start -----------------
20260908 013302.917 INFO             PET0       ATM: InitializeIPDvXp07 extro {ES}:<name: ATM-ExportState> <intent: ESMF_STATEINTENT_EXPORT> <itemCount:    0>
20260908 013302.917 INFO             PET0       ATM: InitializeIPDvXp07 extro {ES}:--- StateLog() end -------------------
20260908 013302.917 INFO             PET0     ATM: InitializeIPDvXp07 extro.
20260908 013302.918 INFO             PET0     <<<esm: leaving Initialize (phase=<none>) with current time: 2010  6  1  0  0  0   0
20260908 013302.918 INFO             PET0     esm: InitializeIPDv02p3 extro {IS}:--- StateLog() start -----------------
20260908 013302.918 INFO             PET0     esm: InitializeIPDv02p3 extro {IS}:State object is invalid! Not created or deleted!
20260908 013302.918 INFO             PET0     esm: InitializeIPDv02p3 extro {IS}:--- StateLog() end -------------------
20260908 013302.918 INFO             PET0     esm: InitializeIPDv02p3 extro {ES}:--- StateLog() start -----------------
20260908 013302.918 INFO             PET0     esm: InitializeIPDv02p3 extro {ES}:State object is invalid! Not created or deleted!
20260908 013302.918 INFO             PET0     esm: InitializeIPDv02p3 extro {ES}:--- StateLog() end -------------------
20260908 013302.918 INFO             PET0   esm: InitializeIPDv02p3 extro.
20260908 013302.918 INFO             PET0   esm: InitializeIPDv02p5 intro.
20260908 013302.918 INFO             PET0     esm: InitializeIPDv02p5 intro {IS}:--- StateLog() start -----------------
20260908 013302.918 INFO             PET0     esm: InitializeIPDv02p5 intro {IS}:State object is invalid! Not created or deleted!
20260908 013302.918 INFO             PET0     esm: InitializeIPDv02p5 intro {IS}:--- StateLog() end -------------------
20260908 013302.918 INFO             PET0     esm: InitializeIPDv02p5 intro {ES}:--- StateLog() start -----------------
20260908 013302.918 INFO             PET0     esm: InitializeIPDv02p5 intro {ES}:State object is invalid! Not created or deleted!
20260908 013302.918 INFO             PET0     esm: InitializeIPDv02p5 intro {ES}:--- StateLog() end -------------------
20260908 013302.918 INFO             PET0     >>>esm: entered Initialize (phase=<none>) with current time: 2010  6  1  0  0  0   0
20260908 013302.918 INFO             PET0     esm: this is a top level driver, no 'Updated' and 'InitializeDataComplete' info on this level.
20260908 013302.919 INFO             PET0     esm: InitializeIPDv02p5Data intro.
20260908 013302.919 INFO             PET0       esm: InitializeIPDv02p5Data intro {IS}:--- StateLog() start -----------------
20260908 013302.919 INFO             PET0       esm: InitializeIPDv02p5Data intro {IS}:State object is invalid! Not created or deleted!
20260908 013302.919 INFO             PET0       esm: InitializeIPDv02p5Data intro {IS}:--- StateLog() end -------------------
20260908 013302.919 INFO             PET0       esm: InitializeIPDv02p5Data intro {ES}:--- StateLog() start -----------------
20260908 013302.919 INFO             PET0       esm: InitializeIPDv02p5Data intro {ES}:State object is invalid! Not created or deleted!
20260908 013302.919 INFO             PET0       esm: InitializeIPDv02p5Data intro {ES}:--- StateLog() end -------------------
20260908 013302.919 INFO             PET0       >>>esm: entered Initialize (phase=<none>) with current time: 2010  6  1  0  0  0   0
20260908 013302.920 INFO             PET0       esm: InternalInitializeComplete intro.
20260908 013302.920 INFO             PET0         esm: InternalInitializeComplete intro {IS}:--- StateLog() start -----------------
20260908 013302.920 INFO             PET0         esm: InternalInitializeComplete intro {IS}:State object is invalid! Not created or deleted!
20260908 013302.920 INFO             PET0         esm: InternalInitializeComplete intro {IS}:--- StateLog() end -------------------
20260908 013302.920 INFO             PET0         esm: InternalInitializeComplete intro {ES}:--- StateLog() start -----------------
20260908 013302.920 INFO             PET0         esm: InternalInitializeComplete intro {ES}:State object is invalid! Not created or deleted!
20260908 013302.920 INFO             PET0         esm: InternalInitializeComplete intro {ES}:--- StateLog() end -------------------
20260908 013302.920 INFO             PET0         >>>esm: entered Initialize (phase=<none>) with current time: 2010  6  1  0  0  0   0
20260908 013302.920 INFO             PET0         esm: InitializeDataComplete='true'
20260908 013302.921 INFO             PET0         <<<esm: leaving Initialize (phase=<none>) with current time: 2010  6  1  0  0  0   0
20260908 013302.921 INFO             PET0         esm: InternalInitializeComplete extro {IS}:--- StateLog() start -----------------
20260908 013302.921 INFO             PET0         esm: InternalInitializeComplete extro {IS}:State object is invalid! Not created or deleted!
20260908 013302.921 INFO             PET0         esm: InternalInitializeComplete extro {IS}:--- StateLog() end -------------------
20260908 013302.921 INFO             PET0         esm: InternalInitializeComplete extro {ES}:--- StateLog() start -----------------
20260908 013302.921 INFO             PET0         esm: InternalInitializeComplete extro {ES}:State object is invalid! Not created or deleted!
20260908 013302.921 INFO             PET0         esm: InternalInitializeComplete extro {ES}:--- StateLog() end -------------------
20260908 013302.921 INFO             PET0       esm: InternalInitializeComplete extro.
20260908 013302.921 INFO             PET0       ATM: InitializeIPDv01p5 intro.
20260908 013302.921 INFO             PET0         ATM: InitializeIPDv01p5 intro {IS}:--- StateLog() start -----------------
20260908 013302.921 INFO             PET0         ATM: InitializeIPDv01p5 intro {IS}:<name: ATM-ImportState> <intent: ESMF_STATEINTENT_IMPORT> <itemCount:    1>
20260908 013302.922 INFO             PET0         ATM: InitializeIPDv01p5 intro {IS}:+-<item: 0001> <itemType: State> <itemName: ATM-ImportState-namespace:OCN>
20260908 013302.922 INFO             PET0         ATM: InitializeIPDv01p5 intro {IS}:! <name: ATM-ImportState-namespace:OCN> <intent: ESMF_STATEINTENT_IMPORT> <itemCount:    1>
20260908 013302.922 INFO             PET0         ATM: InitializeIPDv01p5 intro {IS}:! +-<item: 0001> <itemType: Field> <itemName: sea_surface_temperature>
20260908 013302.922 INFO             PET0         ATM: InitializeIPDv01p5 intro {IS}:! !--- FieldLog() start -----------------
20260908 013302.922 INFO             PET0         ATM: InitializeIPDv01p5 intro {IS}:! ! <name: sea_surface_temperature> <fieldStatus: ESMF_FIELDSTATUS_COMPLETE>
20260908 013302.922 INFO             PET0         ATM: InitializeIPDv01p5 intro {IS}:! ! 0x7ffe5d4c27b0 => 0xd0a780 => 0xdb5380
20260908 013302.922 INFO             PET0         ATM: InitializeIPDv01p5 intro {IS}:! ! <typekind: Real*8> <rank:    2> <dimCount:    2>
20260908 013302.922 INFO             PET0         ATM: InitializeIPDv01p5 intro {IS}:! ! ! --- Array::log() start -----------------------------------
20260908 013302.922 INFO             PET0         ATM: InitializeIPDv01p5 intro {IS}:! ! ! 0xe695f0
20260908 013302.922 INFO             PET0         ATM: InitializeIPDv01p5 intro {IS}:! ! ! <name: sea_surface_temperature>
20260908 013302.922 INFO             PET0         ATM: InitializeIPDv01p5 intro {IS}:! ! ! ! --- DistGrid::log() start --------------------------------
20260908 013302.922 INFO             PET0         ATM: InitializeIPDv01p5 intro {IS}:! ! ! ! 0xe2b2b0
20260908 013302.922 INFO             PET0         ATM: InitializeIPDv01p5 intro {IS}:! ! ! ! DistGrid object is valid!<name: DG-Grid003-sloc:0>
20260908 013302.922 INFO             PET0         ATM: InitializeIPDv01p5 intro {IS}:! ! ! ! --- DistGrid::log() end ----------------------------------
20260908 013302.922 INFO             PET0         ATM: InitializeIPDv01p5 intro {IS}:! ! ! --- Array::log() end -------------------------------------
20260908 013302.922 INFO             PET0         ATM: InitializeIPDv01p5 intro {IS}:! !--- FieldLog() end -------------------
20260908 013302.922 INFO             PET0         ATM: InitializeIPDv01p5 intro {IS}:--- StateLog() end -------------------
20260908 013302.922 INFO             PET0         ATM: InitializeIPDv01p5 intro {ES}:--- StateLog() start -----------------
20260908 013302.922 INFO             PET0         ATM: InitializeIPDv01p5 intro {ES}:<name: ATM-ExportState> <intent: ESMF_STATEINTENT_EXPORT> <itemCount:    0>
20260908 013302.922 INFO             PET0         ATM: InitializeIPDv01p5 intro {ES}:--- StateLog() end -------------------
20260908 013302.922 INFO             PET0         >>>ATM: entered Initialize (phase=IPDvXp08) with current time: 2010  6  1  0  0  0   0
20260908 013302.923 INFO             PET0         <<<ATM: leaving Initialize (phase=IPDvXp08) with current time: 2010  6  1  0  0  0   0
20260908 013302.923 INFO             PET0         ATM: InitializeIPDv01p5 extro {IS}:--- StateLog() start -----------------
20260908 013302.923 INFO             PET0         ATM: InitializeIPDv01p5 extro {IS}:<name: ATM-ImportState> <intent: ESMF_STATEINTENT_IMPORT> <itemCount:    1>
20260908 013302.923 INFO             PET0         ATM: InitializeIPDv01p5 extro {IS}:+-<item: 0001> <itemType: State> <itemName: ATM-ImportState-namespace:OCN>
20260908 013302.923 INFO             PET0         ATM: InitializeIPDv01p5 extro {IS}:! <name: ATM-ImportState-namespace:OCN> <intent: ESMF_STATEINTENT_IMPORT> <itemCount:    1>
20260908 013302.923 INFO             PET0         ATM: InitializeIPDv01p5 extro {IS}:! +-<item: 0001> <itemType: Field> <itemName: sea_surface_temperature>
20260908 013302.923 INFO             PET0         ATM: InitializeIPDv01p5 extro {IS}:! !--- FieldLog() start -----------------
20260908 013302.923 INFO             PET0         ATM: InitializeIPDv01p5 extro {IS}:! ! <name: sea_surface_temperature> <fieldStatus: ESMF_FIELDSTATUS_COMPLETE>
20260908 013302.923 INFO             PET0         ATM: InitializeIPDv01p5 extro {IS}:! ! 0x7ffe5d4c2980 => 0xd0a780 => 0xdb5380
20260908 013302.923 INFO             PET0         ATM: InitializeIPDv01p5 extro {IS}:! ! <typekind: Real*8> <rank:    2> <dimCount:    2>
20260908 013302.923 INFO             PET0         ATM: InitializeIPDv01p5 extro {IS}:! ! ! --- Array::log() start -----------------------------------
20260908 013302.923 INFO             PET0         ATM: InitializeIPDv01p5 extro {IS}:! ! ! 0xe695f0
20260908 013302.923 INFO             PET0         ATM: InitializeIPDv01p5 extro {IS}:! ! ! <name: sea_surface_temperature>
20260908 013302.923 INFO             PET0         ATM: InitializeIPDv01p5 extro {IS}:! ! ! ! --- DistGrid::log() start --------------------------------
20260908 013302.923 INFO             PET0         ATM: InitializeIPDv01p5 extro {IS}:! ! ! ! 0xe2b2b0
20260908 013302.923 INFO             PET0         ATM: InitializeIPDv01p5 extro {IS}:! ! ! ! DistGrid object is valid!<name: DG-Grid003-sloc:0>
20260908 013302.923 INFO             PET0         ATM: InitializeIPDv01p5 extro {IS}:! ! ! ! --- DistGrid::log() end ----------------------------------
20260908 013302.923 INFO             PET0         ATM: InitializeIPDv01p5 extro {IS}:! ! ! --- Array::log() end -------------------------------------
20260908 013302.923 INFO             PET0         ATM: InitializeIPDv01p5 extro {IS}:! !--- FieldLog() end -------------------
20260908 013302.923 INFO             PET0         ATM: InitializeIPDv01p5 extro {IS}:--- StateLog() end -------------------
20260908 013302.923 INFO             PET0         ATM: InitializeIPDv01p5 extro {ES}:--- StateLog() start -----------------
20260908 013302.923 INFO             PET0         ATM: InitializeIPDv01p5 extro {ES}:<name: ATM-ExportState> <intent: ESMF_STATEINTENT_EXPORT> <itemCount:    0>
20260908 013302.923 INFO             PET0         ATM: InitializeIPDv01p5 extro {ES}:--- StateLog() end -------------------
20260908 013302.923 INFO             PET0       ATM: InitializeIPDv01p5 extro.
20260908 013302.929 INFO             PET0       esm: components present that trigger loopDataDependentInitialize().
20260908 013302.930 INFO             PET0       esm: loopDataDependentInitialize intro.
20260908 013302.930 INFO             PET0         esm: loopDataDependentInitialize intro {IS}:--- StateLog() start -----------------
20260908 013302.930 INFO             PET0         esm: loopDataDependentInitialize intro {IS}:State object is invalid! Not created or deleted!
20260908 013302.930 INFO             PET0         esm: loopDataDependentInitialize intro {IS}:--- StateLog() end -------------------
20260908 013302.930 INFO             PET0         esm: loopDataDependentInitialize intro {ES}:--- StateLog() start -----------------
20260908 013302.930 INFO             PET0         esm: loopDataDependentInitialize intro {ES}:State object is invalid! Not created or deleted!
20260908 013302.930 INFO             PET0         esm: loopDataDependentInitialize intro {ES}:--- StateLog() end -------------------
20260908 013302.930 INFO             PET0         >>>esm: entered Initialize (phase=<none>) with current time: 2010  6  1  0  0  0   0
20260908 013302.930 INFO             PET0         esm: component    0=esm, dataComplete (local): true
20260908 013302.930 INFO             PET0         esm: component    0=esm, dataComplete (global):  T
20260908 013302.930 INFO             PET0         esm: component    1=ATM, dataComplete (local): true
20260908 013302.931 INFO             PET0         esm: component    1=ATM, dataComplete (global):  T
20260908 013302.931 INFO             PET0         esm: component    2=OCN, dataComplete (local): true
20260908 013302.931 INFO             PET0         esm: component    2=OCN, dataComplete (global):  T
20260908 013302.931 INFO             PET0         esm: someProgress= F, allComplete= T, present(dataDepAllComplete)= T
20260908 013302.931 INFO             PET0         esm: finished resolving initialize data dependencies on this level.
20260908 013302.931 INFO             PET0         <<<esm: leaving Initialize (phase=<none>) with current time: 2010  6  1  0  0  0   0
20260908 013302.931 INFO             PET0         esm: loopDataDependentInitialize extro {IS}:--- StateLog() start -----------------
20260908 013302.931 INFO             PET0         esm: loopDataDependentInitialize extro {IS}:State object is invalid! Not created or deleted!
20260908 013302.931 INFO             PET0         esm: loopDataDependentInitialize extro {IS}:--- StateLog() end -------------------
20260908 013302.931 INFO             PET0         esm: loopDataDependentInitialize extro {ES}:--- StateLog() start -----------------
20260908 013302.931 INFO             PET0         esm: loopDataDependentInitialize extro {ES}:State object is invalid! Not created or deleted!
20260908 013302.931 INFO             PET0         esm: loopDataDependentInitialize extro {ES}:--- StateLog() end -------------------
20260908 013302.931 INFO             PET0       esm: loopDataDependentInitialize extro.
20260908 013302.931 INFO             PET0       esm: loopDataDependentInitialize() returned with dataDepAllComplete:  T
20260908 013302.932 INFO             PET0       <<<esm: leaving Initialize (phase=<none>) with current time: 2010  6  1  0  0  0   0
20260908 013302.932 INFO             PET0       esm: InitializeIPDv02p5Data extro {IS}:--- StateLog() start -----------------
20260908 013302.932 INFO             PET0       esm: InitializeIPDv02p5Data extro {IS}:State object is invalid! Not created or deleted!
20260908 013302.932 INFO             PET0       esm: InitializeIPDv02p5Data extro {IS}:--- StateLog() end -------------------
20260908 013302.932 INFO             PET0       esm: InitializeIPDv02p5Data extro {ES}:--- StateLog() start -----------------
20260908 013302.932 INFO             PET0       esm: InitializeIPDv02p5Data extro {ES}:State object is invalid! Not created or deleted!
20260908 013302.932 INFO             PET0       esm: InitializeIPDv02p5Data extro {ES}:--- StateLog() end -------------------
20260908 013302.932 INFO             PET0     esm: InitializeIPDv02p5Data extro.
20260908 013302.932 INFO             PET0     <<<esm: leaving Initialize (phase=<none>) with current time: 2010  6  1  0  0  0   0
20260908 013302.932 INFO             PET0     esm: InitializeIPDv02p5 extro {IS}:--- StateLog() start -----------------
20260908 013302.932 INFO             PET0     esm: InitializeIPDv02p5 extro {IS}:State object is invalid! Not created or deleted!
20260908 013302.932 INFO             PET0     esm: InitializeIPDv02p5 extro {IS}:--- StateLog() end -------------------
20260908 013302.932 INFO             PET0     esm: InitializeIPDv02p5 extro {ES}:--- StateLog() start -----------------
20260908 013302.932 INFO             PET0     esm: InitializeIPDv02p5 extro {ES}:State object is invalid! Not created or deleted!
20260908 013302.932 INFO             PET0     esm: InitializeIPDv02p5 extro {ES}:--- StateLog() end -------------------
20260908 013302.932 INFO             PET0   esm: InitializeIPDv02p5 extro.
20260908 013302.932 INFO             PET0   <<<esm: leaving Initialize (phase=<none>) with current time: 2010  6  1  0  0  0   0
20260908 013302.932 INFO             PET0   esm: InitializeGeneric extro {IS}:--- StateLog() start -----------------
20260908 013302.932 INFO             PET0   esm: InitializeGeneric extro {IS}:State object is invalid! Not created or deleted!
20260908 013302.933 INFO             PET0   esm: InitializeGeneric extro {IS}:--- StateLog() end -------------------
20260908 013302.933 INFO             PET0   esm: InitializeGeneric extro {ES}:--- StateLog() start -----------------
20260908 013302.933 INFO             PET0   esm: InitializeGeneric extro {ES}:State object is invalid! Not created or deleted!
20260908 013302.933 INFO             PET0   esm: InitializeGeneric extro {ES}:--- StateLog() end -------------------
20260908 013302.933 INFO             PET0 esm: InitializeGeneric extro.
20260908 013302.933 INFO             PET0 esm: Run intro.
20260908 013302.933 INFO             PET0   esm: Run intro {IS}:--- StateLog() start -----------------
20260908 013302.933 INFO             PET0   esm: Run intro {IS}:State object is invalid! Not created or deleted!
20260908 013302.933 INFO             PET0   esm: Run intro {IS}:--- StateLog() end -------------------
20260908 013302.933 INFO             PET0   esm: Run intro {ES}:--- StateLog() start -----------------
20260908 013302.933 INFO             PET0   esm: Run intro {ES}:State object is invalid! Not created or deleted!
20260908 013302.933 INFO             PET0   esm: Run intro {ES}:--- StateLog() end -------------------
20260908 013302.933 INFO             PET0   >>>esm: entered Run (phase=RunPhase1) with current time: 2010  6  1  0  0  0   0
20260908 013302.933 INFO             PET0   esm: after lable_SetRunClock, current time: 2010  6  1  0  0  0   0
20260908 013302.933 INFO             PET0   esm: begin -------> RunSequence.
20260908 013302.933 INFO             PET0     esm: RunSequence event loopLevel=   1  levelMember=   1  loopIteration=   1, current time: 2010  6  1  0  0  0   0
20260908 013302.934 INFO             PET0     ATM-TO-OCN: Run intro.
20260908 013302.934 INFO             PET0       ATM-TO-OCN: Run intro {IS}:--- StateLog() start -----------------
20260908 013302.934 INFO             PET0       ATM-TO-OCN: Run intro {IS}:<name: ATM-ExportState> <intent: ESMF_STATEINTENT_EXPORT> <itemCount:    0>
20260908 013302.934 INFO             PET0       ATM-TO-OCN: Run intro {IS}:--- StateLog() end -------------------
20260908 013302.934 INFO             PET0       ATM-TO-OCN: Run intro {ES}:--- StateLog() start -----------------
20260908 013302.934 INFO             PET0       ATM-TO-OCN: Run intro {ES}:<name: OCN-ImportState> <intent: ESMF_STATEINTENT_IMPORT> <itemCount:    0>
20260908 013302.934 INFO             PET0       ATM-TO-OCN: Run intro {ES}:--- StateLog() end -------------------
20260908 013302.934 INFO             PET0       >>>ATM-TO-OCN entered Run (phase=RunPhase1)
20260908 013302.934 INFO             PET0       ATM-TO-OCN: called default RouteHandle execution
20260908 013302.934 INFO             PET0       <<<ATM-TO-OCN leaving Run (phase=RunPhase1)
20260908 013302.934 INFO             PET0       ATM-TO-OCN: Run extro {IS}:--- StateLog() start -----------------
20260908 013302.934 INFO             PET0       ATM-TO-OCN: Run extro {IS}:<name: ATM-ExportState> <intent: ESMF_STATEINTENT_EXPORT> <itemCount:    0>
20260908 013302.934 INFO             PET0       ATM-TO-OCN: Run extro {IS}:--- StateLog() end -------------------
20260908 013302.934 INFO             PET0       ATM-TO-OCN: Run extro {ES}:--- StateLog() start -----------------
20260908 013302.934 INFO             PET0       ATM-TO-OCN: Run extro {ES}:<name: OCN-ImportState> <intent: ESMF_STATEINTENT_IMPORT> <itemCount:    0>
20260908 013302.934 INFO             PET0       ATM-TO-OCN: Run extro {ES}:--- StateLog() end -------------------
20260908 013302.934 INFO             PET0     ATM-TO-OCN: Run extro.
20260908 013302.935 INFO             PET0     OCN-TO-ATM: Run intro.
20260908 013302.935 INFO             PET0       OCN-TO-ATM: Run intro {IS}:--- StateLog() start -----------------
20260908 013302.935 INFO             PET0       OCN-TO-ATM: Run intro {IS}:<name: OCN-ExportState> <intent: ESMF_STATEINTENT_EXPORT> <itemCount:    1>
20260908 013302.935 INFO             PET0       OCN-TO-ATM: Run intro {IS}:+-<item: 0001> <itemType: Field> <itemName: sst>
20260908 013302.935 INFO             PET0       OCN-TO-ATM: Run intro {IS}:!--- FieldLog() start -----------------
20260908 013302.935 INFO             PET0       OCN-TO-ATM: Run intro {IS}:! <name: sst> <fieldStatus: ESMF_FIELDSTATUS_COMPLETE>
20260908 013302.935 INFO             PET0       OCN-TO-ATM: Run intro {IS}:! 0x7ffe5d4c5c00 => 0xd63be0 => 0xdc91e0
20260908 013302.935 INFO             PET0       OCN-TO-ATM: Run intro {IS}:! <typekind: Real*8> <rank:    2> <dimCount:    2>
20260908 013302.935 INFO             PET0       OCN-TO-ATM: Run intro {IS}:! ! --- Array::log() start -----------------------------------
20260908 013302.935 INFO             PET0       OCN-TO-ATM: Run intro {IS}:! ! 0xe35930
20260908 013302.935 INFO             PET0       OCN-TO-ATM: Run intro {IS}:! ! <name: sst>
20260908 013302.935 INFO             PET0       OCN-TO-ATM: Run intro {IS}:! ! ! --- DistGrid::log() start --------------------------------
20260908 013302.935 INFO             PET0       OCN-TO-ATM: Run intro {IS}:! ! ! 0xe36290
20260908 013302.935 INFO             PET0       OCN-TO-ATM: Run intro {IS}:! ! ! DistGrid object is valid!<name: DG-Grid003-sloc:0>
20260908 013302.935 INFO             PET0       OCN-TO-ATM: Run intro {IS}:! ! ! --- DistGrid::log() end ----------------------------------
20260908 013302.935 INFO             PET0       OCN-TO-ATM: Run intro {IS}:! ! --- Array::log() end -------------------------------------
20260908 013302.935 INFO             PET0       OCN-TO-ATM: Run intro {IS}:!--- FieldLog() end -------------------
20260908 013302.935 INFO             PET0       OCN-TO-ATM: Run intro {IS}:--- StateLog() end -------------------
20260908 013302.935 INFO             PET0       OCN-TO-ATM: Run intro {ES}:--- StateLog() start -----------------
20260908 013302.935 INFO             PET0       OCN-TO-ATM: Run intro {ES}:<name: ATM-ImportState> <intent: ESMF_STATEINTENT_IMPORT> <itemCount:    1>
20260908 013302.935 INFO             PET0       OCN-TO-ATM: Run intro {ES}:+-<item: 0001> <itemType: State> <itemName: ATM-ImportState-namespace:OCN>
20260908 013302.935 INFO             PET0       OCN-TO-ATM: Run intro {ES}:! <name: ATM-ImportState-namespace:OCN> <intent: ESMF_STATEINTENT_IMPORT> <itemCount:    1>
20260908 013302.935 INFO             PET0       OCN-TO-ATM: Run intro {ES}:! +-<item: 0001> <itemType: Field> <itemName: sea_surface_temperature>
20260908 013302.935 INFO             PET0       OCN-TO-ATM: Run intro {ES}:! !--- FieldLog() start -----------------
20260908 013302.935 INFO             PET0       OCN-TO-ATM: Run intro {ES}:! ! <name: sea_surface_temperature> <fieldStatus: ESMF_FIELDSTATUS_COMPLETE>
20260908 013302.935 INFO             PET0       OCN-TO-ATM: Run intro {ES}:! ! 0x7ffe5d4c4410 => 0xd0a780 => 0xdb5380
20260908 013302.935 INFO             PET0       OCN-TO-ATM: Run intro {ES}:! ! <typekind: Real*8> <rank:    2> <dimCount:    2>
20260908 013302.936 INFO             PET0       OCN-TO-ATM: Run intro {ES}:! ! ! --- Array::log() start -----------------------------------
20260908 013302.936 INFO             PET0       OCN-TO-ATM: Run intro {ES}:! ! ! 0xe695f0
20260908 013302.936 INFO             PET0       OCN-TO-ATM: Run intro {ES}:! ! ! <name: sea_surface_temperature>
20260908 013302.936 INFO             PET0       OCN-TO-ATM: Run intro {ES}:! ! ! ! --- DistGrid::log() start --------------------------------
20260908 013302.936 INFO             PET0       OCN-TO-ATM: Run intro {ES}:! ! ! ! 0xe2b2b0
20260908 013302.936 INFO             PET0       OCN-TO-ATM: Run intro {ES}:! ! ! ! DistGrid object is valid!<name: DG-Grid003-sloc:0>
20260908 013302.936 INFO             PET0       OCN-TO-ATM: Run intro {ES}:! ! ! ! --- DistGrid::log() end ----------------------------------
20260908 013302.936 INFO             PET0       OCN-TO-ATM: Run intro {ES}:! ! ! --- Array::log() end -------------------------------------
20260908 013302.936 INFO             PET0       OCN-TO-ATM: Run intro {ES}:! !--- FieldLog() end -------------------
20260908 013302.936 INFO             PET0       OCN-TO-ATM: Run intro {ES}:--- StateLog() end -------------------
20260908 013302.936 INFO             PET0       >>>OCN-TO-ATM entered Run (phase=RunPhase1)
20260908 013302.936 INFO             PET0       OCN-TO-ATM: called default RouteHandle execution
20260908 013302.936 INFO             PET0       <<<OCN-TO-ATM leaving Run (phase=RunPhase1)
20260908 013302.936 INFO             PET0       OCN-TO-ATM: Run extro {IS}:--- StateLog() start -----------------
20260908 013302.936 INFO             PET0       OCN-TO-ATM: Run extro {IS}:<name: OCN-ExportState> <intent: ESMF_STATEINTENT_EXPORT> <itemCount:    1>
20260908 013302.936 INFO             PET0       OCN-TO-ATM: Run extro {IS}:+-<item: 0001> <itemType: Field> <itemName: sst>
20260908 013302.936 INFO             PET0       OCN-TO-ATM: Run extro {IS}:!--- FieldLog() start -----------------
20260908 013302.937 INFO             PET0       OCN-TO-ATM: Run extro {IS}:! <name: sst> <fieldStatus: ESMF_FIELDSTATUS_COMPLETE>
20260908 013302.937 INFO             PET0       OCN-TO-ATM: Run extro {IS}:! 0x7ffe5d4c5dd0 => 0xd63be0 => 0xdc91e0
20260908 013302.937 INFO             PET0       OCN-TO-ATM: Run extro {IS}:! <typekind: Real*8> <rank:    2> <dimCount:    2>
20260908 013302.937 INFO             PET0       OCN-TO-ATM: Run extro {IS}:! ! --- Array::log() start -----------------------------------
20260908 013302.937 INFO             PET0       OCN-TO-ATM: Run extro {IS}:! ! 0xe35930
20260908 013302.937 INFO             PET0       OCN-TO-ATM: Run extro {IS}:! ! <name: sst>
20260908 013302.937 INFO             PET0       OCN-TO-ATM: Run extro {IS}:! ! ! --- DistGrid::log() start --------------------------------
20260908 013302.937 INFO             PET0       OCN-TO-ATM: Run extro {IS}:! ! ! 0xe36290
20260908 013302.937 INFO             PET0       OCN-TO-ATM: Run extro {IS}:! ! ! DistGrid object is valid!<name: DG-Grid003-sloc:0>
20260908 013302.937 INFO             PET0       OCN-TO-ATM: Run extro {IS}:! ! ! --- DistGrid::log() end ----------------------------------
20260908 013302.937 INFO             PET0       OCN-TO-ATM: Run extro {IS}:! ! --- Array::log() end -------------------------------------
20260908 013302.937 INFO             PET0       OCN-TO-ATM: Run extro {IS}:!--- FieldLog() end -------------------
20260908 013302.937 INFO             PET0       OCN-TO-ATM: Run extro {IS}:--- StateLog() end -------------------
20260908 013302.937 INFO             PET0       OCN-TO-ATM: Run extro {ES}:--- StateLog() start -----------------
20260908 013302.937 INFO             PET0       OCN-TO-ATM: Run extro {ES}:<name: ATM-ImportState> <intent: ESMF_STATEINTENT_IMPORT> <itemCount:    1>
20260908 013302.937 INFO             PET0       OCN-TO-ATM: Run extro {ES}:+-<item: 0001> <itemType: State> <itemName: ATM-ImportState-namespace:OCN>
20260908 013302.937 INFO             PET0       OCN-TO-ATM: Run extro {ES}:! <name: ATM-ImportState-namespace:OCN> <intent: ESMF_STATEINTENT_IMPORT> <itemCount:    1>
20260908 013302.937 INFO             PET0       OCN-TO-ATM: Run extro {ES}:! +-<item: 0001> <itemType: Field> <itemName: sea_surface_temperature>
20260908 013302.937 INFO             PET0       OCN-TO-ATM: Run extro {ES}:! !--- FieldLog() start -----------------
20260908 013302.937 INFO             PET0       OCN-TO-ATM: Run extro {ES}:! ! <name: sea_surface_temperature> <fieldStatus: ESMF_FIELDSTATUS_COMPLETE>
20260908 013302.937 INFO             PET0       OCN-TO-ATM: Run extro {ES}:! ! 0x7ffe5d4c45e0 => 0xd0a780 => 0xdb5380
20260908 013302.937 INFO             PET0       OCN-TO-ATM: Run extro {ES}:! ! <typekind: Real*8> <rank:    2> <dimCount:    2>
20260908 013302.937 INFO             PET0       OCN-TO-ATM: Run extro {ES}:! ! ! --- Array::log() start -----------------------------------
20260908 013302.937 INFO             PET0       OCN-TO-ATM: Run extro {ES}:! ! ! 0xe695f0
20260908 013302.937 INFO             PET0       OCN-TO-ATM: Run extro {ES}:! ! ! <name: sea_surface_temperature>
20260908 013302.937 INFO             PET0       OCN-TO-ATM: Run extro {ES}:! ! ! ! --- DistGrid::log() start --------------------------------
20260908 013302.937 INFO             PET0       OCN-TO-ATM: Run extro {ES}:! ! ! ! 0xe2b2b0
20260908 013302.937 INFO             PET0       OCN-TO-ATM: Run extro {ES}:! ! ! ! DistGrid object is valid!<name: DG-Grid003-sloc:0>
20260908 013302.937 INFO             PET0       OCN-TO-ATM: Run extro {ES}:! ! ! ! --- DistGrid::log() end ----------------------------------
20260908 013302.937 INFO             PET0       OCN-TO-ATM: Run extro {ES}:! ! ! --- Array::log() end -------------------------------------
20260908 013302.937 INFO             PET0       OCN-TO-ATM: Run extro {ES}:! !--- FieldLog() end -------------------
20260908 013302.937 INFO             PET0       OCN-TO-ATM: Run extro {ES}:--- StateLog() end -------------------
20260908 013302.937 INFO             PET0     OCN-TO-ATM: Run extro.
20260908 013302.938 INFO             PET0     ATM: Run intro.
20260908 013302.938 INFO             PET0       ATM: Run intro {IS}:--- StateLog() start -----------------
20260908 013302.938 INFO             PET0       ATM: Run intro {IS}:<name: ATM-ImportState> <intent: ESMF_STATEINTENT_IMPORT> <itemCount:    1>
20260908 013302.938 INFO             PET0       ATM: Run intro {IS}:+-<item: 0001> <itemType: State> <itemName: ATM-ImportState-namespace:OCN>
20260908 013302.938 INFO             PET0       ATM: Run intro {IS}:! <name: ATM-ImportState-namespace:OCN> <intent: ESMF_STATEINTENT_IMPORT> <itemCount:    1>
20260908 013302.938 INFO             PET0       ATM: Run intro {IS}:! +-<item: 0001> <itemType: Field> <itemName: sea_surface_temperature>
20260908 013302.938 INFO             PET0       ATM: Run intro {IS}:! !--- FieldLog() start -----------------
20260908 013302.938 INFO             PET0       ATM: Run intro {IS}:! ! <name: sea_surface_temperature> <fieldStatus: ESMF_FIELDSTATUS_COMPLETE>
20260908 013302.938 INFO             PET0       ATM: Run intro {IS}:! ! 0x7ffe5d4c2c30 => 0xd0a780 => 0xdb5380
20260908 013302.938 INFO             PET0       ATM: Run intro {IS}:! ! <typekind: Real*8> <rank:    2> <dimCount:    2>
20260908 013302.938 INFO             PET0       ATM: Run intro {IS}:! ! ! --- Array::log() start -----------------------------------
20260908 013302.938 INFO             PET0       ATM: Run intro {IS}:! ! ! 0xe695f0
20260908 013302.938 INFO             PET0       ATM: Run intro {IS}:! ! ! <name: sea_surface_temperature>
20260908 013302.938 INFO             PET0       ATM: Run intro {IS}:! ! ! ! --- DistGrid::log() start --------------------------------
20260908 013302.938 INFO             PET0       ATM: Run intro {IS}:! ! ! ! 0xe2b2b0
20260908 013302.938 INFO             PET0       ATM: Run intro {IS}:! ! ! ! DistGrid object is valid!<name: DG-Grid003-sloc:0>
20260908 013302.938 INFO             PET0       ATM: Run intro {IS}:! ! ! ! --- DistGrid::log() end ----------------------------------
20260908 013302.938 INFO             PET0       ATM: Run intro {IS}:! ! ! --- Array::log() end -------------------------------------
20260908 013302.938 INFO             PET0       ATM: Run intro {IS}:! !--- FieldLog() end -------------------
20260908 013302.938 INFO             PET0       ATM: Run intro {IS}:--- StateLog() end -------------------
20260908 013302.938 INFO             PET0       ATM: Run intro {ES}:--- StateLog() start -----------------
20260908 013302.938 INFO             PET0       ATM: Run intro {ES}:<name: ATM-ExportState> <intent: ESMF_STATEINTENT_EXPORT> <itemCount:    0>
20260908 013302.938 INFO             PET0       ATM: Run intro {ES}:--- StateLog() end -------------------
20260908 013302.939 INFO             PET0       >>>ATM: entered Run (phase=RunPhase1) with current time: 2010  6  1  0  0  0   0
20260908 013302.939 INFO             PET0       ATM: time step-loop starting, current time: 2010  6  1  0  0  0   0
20260908 013302.939 INFO             PET0       ------>Advancing ATM from: 2010  6  1  0  0  0   0
20260908 013302.939 INFO             PET0       ---------------------> to: 2010  6  1  0 15  0   0
20260908 013302.939 INFO             PET0       ATM: time step-loop ending,   current time: 2010  6  1  0 15  0   0
20260908 013302.939 INFO             PET0       <<<ATM: leaving Run (phase=RunPhase1) with current time: 2010  6  1  0 15  0   0
20260908 013302.939 INFO             PET0       ATM: Run extro {IS}:--- StateLog() start -----------------
20260908 013302.939 INFO             PET0       ATM: Run extro {IS}:<name: ATM-ImportState> <intent: ESMF_STATEINTENT_IMPORT> <itemCount:    1>
20260908 013302.939 INFO             PET0       ATM: Run extro {IS}:+-<item: 0001> <itemType: State> <itemName: ATM-ImportState-namespace:OCN>
20260908 013302.939 INFO             PET0       ATM: Run extro {IS}:! <name: ATM-ImportState-namespace:OCN> <intent: ESMF_STATEINTENT_IMPORT> <itemCount:    1>
20260908 013302.939 INFO             PET0       ATM: Run extro {IS}:! +-<item: 0001> <itemType: Field> <itemName: sea_surface_temperature>
20260908 013302.939 INFO             PET0       ATM: Run extro {IS}:! !--- FieldLog() start -----------------
20260908 013302.939 INFO             PET0       ATM: Run extro {IS}:! ! <name: sea_surface_temperature> <fieldStatus: ESMF_FIELDSTATUS_COMPLETE>
20260908 013302.939 INFO             PET0       ATM: Run extro {IS}:! ! 0x7ffe5d4c2e00 => 0xd0a780 => 0xdb5380
20260908 013302.939 INFO             PET0       ATM: Run extro {IS}:! ! <typekind: Real*8> <rank:    2> <dimCount:    2>
20260908 013302.939 INFO             PET0       ATM: Run extro {IS}:! ! ! --- Array::log() start -----------------------------------
20260908 013302.939 INFO             PET0       ATM: Run extro {IS}:! ! ! 0xe695f0
20260908 013302.940 INFO             PET0       ATM: Run extro {IS}:! ! ! <name: sea_surface_temperature>
20260908 013302.940 INFO             PET0       ATM: Run extro {IS}:! ! ! ! --- DistGrid::log() start --------------------------------
20260908 013302.940 INFO             PET0       ATM: Run extro {IS}:! ! ! ! 0xe2b2b0
20260908 013302.940 INFO             PET0       ATM: Run extro {IS}:! ! ! ! DistGrid object is valid!<name: DG-Grid003-sloc:0>
20260908 013302.940 INFO             PET0       ATM: Run extro {IS}:! ! ! ! --- DistGrid::log() end ----------------------------------
20260908 013302.940 INFO             PET0       ATM: Run extro {IS}:! ! ! --- Array::log() end -------------------------------------
20260908 013302.940 INFO             PET0       ATM: Run extro {IS}:! !--- FieldLog() end -------------------
20260908 013302.940 INFO             PET0       ATM: Run extro {IS}:--- StateLog() end -------------------
20260908 013302.940 INFO             PET0       ATM: Run extro {ES}:--- StateLog() start -----------------
20260908 013302.940 INFO             PET0       ATM: Run extro {ES}:<name: ATM-ExportState> <intent: ESMF_STATEINTENT_EXPORT> <itemCount:    0>
20260908 013302.940 INFO             PET0       ATM: Run extro {ES}:--- StateLog() end -------------------
20260908 013302.940 INFO             PET0     ATM: Run extro.
20260908 013302.940 INFO             PET0     esm: RunSequence event loopLevel=   1  levelMember=   1  loopIteration=   2, current time: 2010  6  1  0 15  0   0
20260908 013302.940 INFO             PET0     ATM-TO-OCN: Run intro.
20260908 013302.940 INFO             PET0       ATM-TO-OCN: Run intro {IS}:--- StateLog() start -----------------
20260908 013302.940 INFO             PET0       ATM-TO-OCN: Run intro {IS}:<name: ATM-ExportState> <intent: ESMF_STATEINTENT_EXPORT> <itemCount:    0>
20260908 013302.940 INFO             PET0       ATM-TO-OCN: Run intro {IS}:--- StateLog() end -------------------
20260908 013302.940 INFO             PET0       ATM-TO-OCN: Run intro {ES}:--- StateLog() start -----------------
20260908 013302.940 INFO             PET0       ATM-TO-OCN: Run intro {ES}:<name: OCN-ImportState> <intent: ESMF_STATEINTENT_IMPORT> <itemCount:    0>
20260908 013302.940 INFO             PET0       ATM-TO-OCN: Run intro {ES}:--- StateLog() end -------------------
20260908 013302.941 INFO             PET0       >>>ATM-TO-OCN entered Run (phase=RunPhase1)
20260908 013302.941 INFO             PET0       ATM-TO-OCN: called default RouteHandle execution
20260908 013302.941 INFO             PET0       <<<ATM-TO-OCN leaving Run (phase=RunPhase1)
20260908 013302.941 INFO             PET0       ATM-TO-OCN: Run extro {IS}:--- StateLog() start -----------------
20260908 013302.941 INFO             PET0       ATM-TO-OCN: Run extro {IS}:<name: ATM-ExportState> <intent: ESMF_STATEINTENT_EXPORT> <itemCount:    0>
20260908 013302.941 INFO             PET0       ATM-TO-OCN: Run extro {IS}:--- StateLog() end -------------------
20260908 013302.941 INFO             PET0       ATM-TO-OCN: Run extro {ES}:--- StateLog() start -----------------
20260908 013302.941 INFO             PET0       ATM-TO-OCN: Run extro {ES}:<name: OCN-ImportState> <intent: ESMF_STATEINTENT_IMPORT> <itemCount:    0>
20260908 013302.941 INFO             PET0       ATM-TO-OCN: Run extro {ES}:--- StateLog() end -------------------
20260908 013302.941 INFO             PET0     ATM-TO-OCN: Run extro.
20260908 013302.941 INFO             PET0     OCN-TO-ATM: Run intro.
20260908 013302.941 INFO             PET0       OCN-TO-ATM: Run intro {IS}:--- StateLog() start -----------------
20260908 013302.941 INFO             PET0       OCN-TO-ATM: Run intro {IS}:<name: OCN-ExportState> <intent: ESMF_STATEINTENT_EXPORT> <itemCount:    1>
20260908 013302.941 INFO             PET0       OCN-TO-ATM: Run intro {IS}:+-<item: 0001> <itemType: Field> <itemName: sst>
20260908 013302.941 INFO             PET0       OCN-TO-ATM: Run intro {IS}:!--- FieldLog() start -----------------
20260908 013302.941 INFO             PET0       OCN-TO-ATM: Run intro {IS}:! <name: sst> <fieldStatus: ESMF_FIELDSTATUS_COMPLETE>
20260908 013302.941 INFO             PET0       OCN-TO-ATM: Run intro {IS}:! 0x7ffe5d4c5c00 => 0xd63be0 => 0xdc91e0
20260908 013302.941 INFO             PET0       OCN-TO-ATM: Run intro {IS}:! <typekind: Real*8> <rank:    2> <dimCount:    2>
20260908 013302.941 INFO             PET0       OCN-TO-ATM: Run intro {IS}:! ! --- Array::log() start -----------------------------------
20260908 013302.941 INFO             PET0       OCN-TO-ATM: Run intro {IS}:! ! 0xe35930
20260908 013302.941 INFO             PET0       OCN-TO-ATM: Run intro {IS}:! ! <name: sst>
20260908 013302.941 INFO             PET0       OCN-TO-ATM: Run intro {IS}:! ! ! --- DistGrid::log() start --------------------------------
20260908 013302.942 INFO             PET0       OCN-TO-ATM: Run intro {IS}:! ! ! 0xe36290
20260908 013302.942 INFO             PET0       OCN-TO-ATM: Run intro {IS}:! ! ! DistGrid object is valid!<name: DG-Grid003-sloc:0>
20260908 013302.942 INFO             PET0       OCN-TO-ATM: Run intro {IS}:! ! ! --- DistGrid::log() end ----------------------------------
20260908 013302.942 INFO             PET0       OCN-TO-ATM: Run intro {IS}:! ! --- Array::log() end -------------------------------------
20260908 013302.942 INFO             PET0       OCN-TO-ATM: Run intro {IS}:!--- FieldLog() end -------------------
20260908 013302.942 INFO             PET0       OCN-TO-ATM: Run intro {IS}:--- StateLog() end -------------------
20260908 013302.942 INFO             PET0       OCN-TO-ATM: Run intro {ES}:--- StateLog() start -----------------
20260908 013302.942 INFO             PET0       OCN-TO-ATM: Run intro {ES}:<name: ATM-ImportState> <intent: ESMF_STATEINTENT_IMPORT> <itemCount:    1>
20260908 013302.942 INFO             PET0       OCN-TO-ATM: Run intro {ES}:+-<item: 0001> <itemType: State> <itemName: ATM-ImportState-namespace:OCN>
20260908 013302.942 INFO             PET0       OCN-TO-ATM: Run intro {ES}:! <name: ATM-ImportState-namespace:OCN> <intent: ESMF_STATEINTENT_IMPORT> <itemCount:    1>
20260908 013302.942 INFO             PET0       OCN-TO-ATM: Run intro {ES}:! +-<item: 0001> <itemType: Field> <itemName: sea_surface_temperature>
20260908 013302.942 INFO             PET0       OCN-TO-ATM: Run intro {ES}:! !--- FieldLog() start -----------------
20260908 013302.942 INFO             PET0       OCN-TO-ATM: Run intro {ES}:! ! <name: sea_surface_temperature> <fieldStatus: ESMF_FIELDSTATUS_COMPLETE>
20260908 013302.942 INFO             PET0       OCN-TO-ATM: Run intro {ES}:! ! 0x7ffe5d4c4410 => 0xd0a780 => 0xdb5380
20260908 013302.942 INFO             PET0       OCN-TO-ATM: Run intro {ES}:! ! <typekind: Real*8> <rank:    2> <dimCount:    2>
20260908 013302.942 INFO             PET0       OCN-TO-ATM: Run intro {ES}:! ! ! --- Array::log() start -----------------------------------
20260908 013302.942 INFO             PET0       OCN-TO-ATM: Run intro {ES}:! ! ! 0xe695f0
20260908 013302.942 INFO             PET0       OCN-TO-ATM: Run intro {ES}:! ! ! <name: sea_surface_temperature>
20260908 013302.942 INFO             PET0       OCN-TO-ATM: Run intro {ES}:! ! ! ! --- DistGrid::log() start --------------------------------
20260908 013302.942 INFO             PET0       OCN-TO-ATM: Run intro {ES}:! ! ! ! 0xe2b2b0
20260908 013302.942 INFO             PET0       OCN-TO-ATM: Run intro {ES}:! ! ! ! DistGrid object is valid!<name: DG-Grid003-sloc:0>
20260908 013302.942 INFO             PET0       OCN-TO-ATM: Run intro {ES}:! ! ! ! --- DistGrid::log() end ----------------------------------
20260908 013302.942 INFO             PET0       OCN-TO-ATM: Run intro {ES}:! ! ! --- Array::log() end -------------------------------------
20260908 013302.942 INFO             PET0       OCN-TO-ATM: Run intro {ES}:! !--- FieldLog() end -------------------
20260908 013302.942 INFO             PET0       OCN-TO-ATM: Run intro {ES}:--- StateLog() end -------------------
20260908 013302.942 INFO             PET0       >>>OCN-TO-ATM entered Run (phase=RunPhase1)
20260908 013302.944 INFO             PET0       OCN-TO-ATM: called default RouteHandle execution
20260908 013302.944 INFO             PET0       <<<OCN-TO-ATM leaving Run (phase=RunPhase1)
20260908 013302.944 INFO             PET0       OCN-TO-ATM: Run extro {IS}:--- StateLog() start -----------------
20260908 013302.944 INFO             PET0       OCN-TO-ATM: Run extro {IS}:<name: OCN-ExportState> <intent: ESMF_STATEINTENT_EXPORT> <itemCount:    1>
20260908 013302.944 INFO             PET0       OCN-TO-ATM: Run extro {IS}:+-<item: 0001> <itemType: Field> <itemName: sst>
20260908 013302.944 INFO             PET0       OCN-TO-ATM: Run extro {IS}:!--- FieldLog() start -----------------
20260908 013302.944 INFO             PET0       OCN-TO-ATM: Run extro {IS}:! <name: sst> <fieldStatus: ESMF_FIELDSTATUS_COMPLETE>
20260908 013302.944 INFO             PET0       OCN-TO-ATM: Run extro {IS}:! 0x7ffe5d4c5dd0 => 0xd63be0 => 0xdc91e0
20260908 013302.944 INFO             PET0       OCN-TO-ATM: Run extro {IS}:! <typekind: Real*8> <rank:    2> <dimCount:    2>
20260908 013302.944 INFO             PET0       OCN-TO-ATM: Run extro {IS}:! ! --- Array::log() start -----------------------------------
20260908 013302.944 INFO             PET0       OCN-TO-ATM: Run extro {IS}:! ! 0xe35930
20260908 013302.944 INFO             PET0       OCN-TO-ATM: Run extro {IS}:! ! <name: sst>
20260908 013302.944 INFO             PET0       OCN-TO-ATM: Run extro {IS}:! ! ! --- DistGrid::log() start --------------------------------
20260908 013302.944 INFO             PET0       OCN-TO-ATM: Run extro {IS}:! ! ! 0xe36290
20260908 013302.944 INFO             PET0       OCN-TO-ATM: Run extro {IS}:! ! ! DistGrid object is valid!<name: DG-Grid003-sloc:0>
20260908 013302.944 INFO             PET0       OCN-TO-ATM: Run extro {IS}:! ! ! --- DistGrid::log() end ----------------------------------
20260908 013302.944 INFO             PET0       OCN-TO-ATM: Run extro {IS}:! ! --- Array::log() end -------------------------------------
20260908 013302.944 INFO             PET0       OCN-TO-ATM: Run extro {IS}:!--- FieldLog() end -------------------
20260908 013302.944 INFO             PET0       OCN-TO-ATM: Run extro {IS}:--- StateLog() end -------------------
20260908 013302.944 INFO             PET0       OCN-TO-ATM: Run extro {ES}:--- StateLog() start -----------------
20260908 013302.944 INFO             PET0       OCN-TO-ATM: Run extro {ES}:<name: ATM-ImportState> <intent: ESMF_STATEINTENT_IMPORT> <itemCount:    1>
20260908 013302.944 INFO             PET0       OCN-TO-ATM: Run extro {ES}:+-<item: 0001> <itemType: State> <itemName: ATM-ImportState-namespace:OCN>
20260908 013302.944 INFO             PET0       OCN-TO-ATM: Run extro {ES}:! <name: ATM-ImportState-namespace:OCN> <intent: ESMF_STATEINTENT_IMPORT> <itemCount:    1>
20260908 013302.944 INFO             PET0       OCN-TO-ATM: Run extro {ES}:! +-<item: 0001> <itemType: Field> <itemName: sea_surface_temperature>
20260908 013302.944 INFO             PET0       OCN-TO-ATM: Run extro {ES}:! !--- FieldLog() start -----------------
20260908 013302.944 INFO             PET0       OCN-TO-ATM: Run extro {ES}:! ! <name: sea_surface_temperature> <fieldStatus: ESMF_FIELDSTATUS_COMPLETE>
20260908 013302.944 INFO             PET0       OCN-TO-ATM: Run extro {ES}:! ! 0x7ffe5d4c45e0 => 0xd0a780 => 0xdb5380
20260908 013302.944 INFO             PET0       OCN-TO-ATM: Run extro {ES}:! ! <typekind: Real*8> <rank:    2> <dimCount:    2>
20260908 013302.944 INFO             PET0       OCN-TO-ATM: Run extro {ES}:! ! ! --- Array::log() start -----------------------------------
20260908 013302.944 INFO             PET0       OCN-TO-ATM: Run extro {ES}:! ! ! 0xe695f0
20260908 013302.944 INFO             PET0       OCN-TO-ATM: Run extro {ES}:! ! ! <name: sea_surface_temperature>
20260908 013302.944 INFO             PET0       OCN-TO-ATM: Run extro {ES}:! ! ! ! --- DistGrid::log() start --------------------------------
20260908 013302.945 INFO             PET0       OCN-TO-ATM: Run extro {ES}:! ! ! ! 0xe2b2b0
20260908 013302.945 INFO             PET0       OCN-TO-ATM: Run extro {ES}:! ! ! ! DistGrid object is valid!<name: DG-Grid003-sloc:0>
20260908 013302.945 INFO             PET0       OCN-TO-ATM: Run extro {ES}:! ! ! ! --- DistGrid::log() end ----------------------------------
20260908 013302.945 INFO             PET0       OCN-TO-ATM: Run extro {ES}:! ! ! --- Array::log() end -------------------------------------
20260908 013302.945 INFO             PET0       OCN-TO-ATM: Run extro {ES}:! !--- FieldLog() end -------------------
20260908 013302.945 INFO             PET0       OCN-TO-ATM: Run extro {ES}:--- StateLog() end -------------------
20260908 013302.945 INFO             PET0     OCN-TO-ATM: Run extro.
20260908 013302.945 INFO             PET0     ATM: Run intro.
20260908 013302.945 INFO             PET0       ATM: Run intro {IS}:--- StateLog() start -----------------
20260908 013302.945 INFO             PET0       ATM: Run intro {IS}:<name: ATM-ImportState> <intent: ESMF_STATEINTENT_IMPORT> <itemCount:    1>
20260908 013302.945 INFO             PET0       ATM: Run intro {IS}:+-<item: 0001> <itemType: State> <itemName: ATM-ImportState-namespace:OCN>
20260908 013302.945 INFO             PET0       ATM: Run intro {IS}:! <name: ATM-ImportState-namespace:OCN> <intent: ESMF_STATEINTENT_IMPORT> <itemCount:    1>
20260908 013302.945 INFO             PET0       ATM: Run intro {IS}:! +-<item: 0001> <itemType: Field> <itemName: sea_surface_temperature>
20260908 013302.945 INFO             PET0       ATM: Run intro {IS}:! !--- FieldLog() start -----------------
20260908 013302.945 INFO             PET0       ATM: Run intro {IS}:! ! <name: sea_surface_temperature> <fieldStatus: ESMF_FIELDSTATUS_COMPLETE>
20260908 013302.945 INFO             PET0       ATM: Run intro {IS}:! ! 0x7ffe5d4c2c30 => 0xd0a780 => 0xdb5380
20260908 013302.945 INFO             PET0       ATM: Run intro {IS}:! ! <typekind: Real*8> <rank:    2> <dimCount:    2>
20260908 013302.945 INFO             PET0       ATM: Run intro {IS}:! ! ! --- Array::log() start -----------------------------------
20260908 013302.945 INFO             PET0       ATM: Run intro {IS}:! ! ! 0xe695f0
20260908 013302.945 INFO             PET0       ATM: Run intro {IS}:! ! ! <name: sea_surface_temperature>
20260908 013302.946 INFO             PET0       ATM: Run intro {IS}:! ! ! ! --- DistGrid::log() start --------------------------------
20260908 013302.946 INFO             PET0       ATM: Run intro {IS}:! ! ! ! 0xe2b2b0
20260908 013302.946 INFO             PET0       ATM: Run intro {IS}:! ! ! ! DistGrid object is valid!<name: DG-Grid003-sloc:0>
20260908 013302.946 INFO             PET0       ATM: Run intro {IS}:! ! ! ! --- DistGrid::log() end ----------------------------------
20260908 013302.946 INFO             PET0       ATM: Run intro {IS}:! ! ! --- Array::log() end -------------------------------------
20260908 013302.946 INFO             PET0       ATM: Run intro {IS}:! !--- FieldLog() end -------------------
20260908 013302.946 INFO             PET0       ATM: Run intro {IS}:--- StateLog() end -------------------
20260908 013302.946 INFO             PET0       ATM: Run intro {ES}:--- StateLog() start -----------------
20260908 013302.946 INFO             PET0       ATM: Run intro {ES}:<name: ATM-ExportState> <intent: ESMF_STATEINTENT_EXPORT> <itemCount:    0>
20260908 013302.946 INFO             PET0       ATM: Run intro {ES}:--- StateLog() end -------------------
20260908 013302.946 INFO             PET0       >>>ATM: entered Run (phase=RunPhase1) with current time: 2010  6  1  0 15  0   0
20260908 013302.946 INFO             PET0       ATM: time step-loop starting, current time: 2010  6  1  0 15  0   0
20260908 013302.946 INFO             PET0       ------>Advancing ATM from: 2010  6  1  0 15  0   0
20260908 013302.946 INFO             PET0       ---------------------> to: 2010  6  1  0 30  0   0
20260908 013302.946 INFO             PET0       ATM: time step-loop ending,   current time: 2010  6  1  0 30  0   0
20260908 013302.946 INFO             PET0       <<<ATM: leaving Run (phase=RunPhase1) with current time: 2010  6  1  0 30  0   0
20260908 013302.946 INFO             PET0       ATM: Run extro {IS}:--- StateLog() start -----------------
20260908 013302.946 INFO             PET0       ATM: Run extro {IS}:<name: ATM-ImportState> <intent: ESMF_STATEINTENT_IMPORT> <itemCount:    1>
20260908 013302.946 INFO             PET0       ATM: Run extro {IS}:+-<item: 0001> <itemType: State> <itemName: ATM-ImportState-namespace:OCN>
20260908 013302.946 INFO             PET0       ATM: Run extro {IS}:! <name: ATM-ImportState-namespace:OCN> <intent: ESMF_STATEINTENT_IMPORT> <itemCount:    1>
20260908 013302.947 INFO             PET0       ATM: Run extro {IS}:! +-<item: 0001> <itemType: Field> <itemName: sea_surface_temperature>
20260908 013302.947 INFO             PET0       ATM: Run extro {IS}:! !--- FieldLog() start -----------------
20260908 013302.947 INFO             PET0       ATM: Run extro {IS}:! ! <name: sea_surface_temperature> <fieldStatus: ESMF_FIELDSTATUS_COMPLETE>
20260908 013302.947 INFO             PET0       ATM: Run extro {IS}:! ! 0x7ffe5d4c2e00 => 0xd0a780 => 0xdb5380
20260908 013302.947 INFO             PET0       ATM: Run extro {IS}:! ! <typekind: Real*8> <rank:    2> <dimCount:    2>
20260908 013302.947 INFO             PET0       ATM: Run extro {IS}:! ! ! --- Array::log() start -----------------------------------
20260908 013302.947 INFO             PET0       ATM: Run extro {IS}:! ! ! 0xe695f0
20260908 013302.947 INFO             PET0       ATM: Run extro {IS}:! ! ! <name: sea_surface_temperature>
20260908 013302.947 INFO             PET0       ATM: Run extro {IS}:! ! ! ! --- DistGrid::log() start --------------------------------
20260908 013302.947 INFO             PET0       ATM: Run extro {IS}:! ! ! ! 0xe2b2b0
20260908 013302.947 INFO             PET0       ATM: Run extro {IS}:! ! ! ! DistGrid object is valid!<name: DG-Grid003-sloc:0>
20260908 013302.947 INFO             PET0       ATM: Run extro {IS}:! ! ! ! --- DistGrid::log() end ----------------------------------
20260908 013302.947 INFO             PET0       ATM: Run extro {IS}:! ! ! --- Array::log() end -------------------------------------
20260908 013302.947 INFO             PET0       ATM: Run extro {IS}:! !--- FieldLog() end -------------------
20260908 013302.947 INFO             PET0       ATM: Run extro {IS}:--- StateLog() end -------------------
20260908 013302.947 INFO             PET0       ATM: Run extro {ES}:--- StateLog() start -----------------
20260908 013302.947 INFO             PET0       ATM: Run extro {ES}:<name: ATM-ExportState> <intent: ESMF_STATEINTENT_EXPORT> <itemCount:    0>
20260908 013302.947 INFO             PET0       ATM: Run extro {ES}:--- StateLog() end -------------------
20260908 013302.947 INFO             PET0     ATM: Run extro.
20260908 013302.947 INFO             PET0     esm: RunSequence event loopLevel=   1  levelMember=   1  loopIteration=   3, current time: 2010  6  1  0 30  0   0
20260908 013302.948 INFO             PET0     ATM-TO-OCN: Run intro.
20260908 013302.948 INFO             PET0       ATM-TO-OCN: Run intro {IS}:--- StateLog() start -----------------
20260908 013302.948 INFO             PET0       ATM-TO-OCN: Run intro {IS}:<name: ATM-ExportState> <intent: ESMF_STATEINTENT_EXPORT> <itemCount:    0>
20260908 013302.948 INFO             PET0       ATM-TO-OCN: Run intro {IS}:--- StateLog() end -------------------
20260908 013302.948 INFO             PET0       ATM-TO-OCN: Run intro {ES}:--- StateLog() start -----------------
20260908 013302.948 INFO             PET0       ATM-TO-OCN: Run intro {ES}:<name: OCN-ImportState> <intent: ESMF_STATEINTENT_IMPORT> <itemCount:    0>
20260908 013302.948 INFO             PET0       ATM-TO-OCN: Run intro {ES}:--- StateLog() end -------------------
20260908 013302.948 INFO             PET0       >>>ATM-TO-OCN entered Run (phase=RunPhase1)
20260908 013302.948 INFO             PET0       ATM-TO-OCN: called default RouteHandle execution
20260908 013302.948 INFO             PET0       <<<ATM-TO-OCN leaving Run (phase=RunPhase1)
20260908 013302.948 INFO             PET0       ATM-TO-OCN: Run extro {IS}:--- StateLog() start -----------------
20260908 013302.948 INFO             PET0       ATM-TO-OCN: Run extro {IS}:<name: ATM-ExportState> <intent: ESMF_STATEINTENT_EXPORT> <itemCount:    0>
20260908 013302.948 INFO             PET0       ATM-TO-OCN: Run extro {IS}:--- StateLog() end -------------------
20260908 013302.948 INFO             PET0       ATM-TO-OCN: Run extro {ES}:--- StateLog() start -----------------
20260908 013302.948 INFO             PET0       ATM-TO-OCN: Run extro {ES}:<name: OCN-ImportState> <intent: ESMF_STATEINTENT_IMPORT> <itemCount:    0>
20260908 013302.948 INFO             PET0       ATM-TO-OCN: Run extro {ES}:--- StateLog() end -------------------
20260908 013302.948 INFO             PET0     ATM-TO-OCN: Run extro.
20260908 013302.948 INFO             PET0     OCN-TO-ATM: Run intro.
20260908 013302.948 INFO             PET0       OCN-TO-ATM: Run intro {IS}:--- StateLog() start -----------------
20260908 013302.948 INFO             PET0       OCN-TO-ATM: Run intro {IS}:<name: OCN-ExportState> <intent: ESMF_STATEINTENT_EXPORT> <itemCount:    1>
20260908 013302.948 INFO             PET0       OCN-TO-ATM: Run intro {IS}:+-<item: 0001> <itemType: Field> <itemName: sst>
20260908 013302.948 INFO             PET0       OCN-TO-ATM: Run intro {IS}:!--- FieldLog() start -----------------
20260908 013302.948 INFO             PET0       OCN-TO-ATM: Run intro {IS}:! <name: sst> <fieldStatus: ESMF_FIELDSTATUS_COMPLETE>
20260908 013302.948 INFO             PET0       OCN-TO-ATM: Run intro {IS}:! 0x7ffe5d4c5c00 => 0xd63be0 => 0xdc91e0
20260908 013302.949 INFO             PET0       OCN-TO-ATM: Run intro {IS}:! <typekind: Real*8> <rank:    2> <dimCount:    2>
20260908 013302.949 INFO             PET0       OCN-TO-ATM: Run intro {IS}:! ! --- Array::log() start -----------------------------------
20260908 013302.949 INFO             PET0       OCN-TO-ATM: Run intro {IS}:! ! 0xe35930
20260908 013302.949 INFO             PET0       OCN-TO-ATM: Run intro {IS}:! ! <name: sst>
20260908 013302.949 INFO             PET0       OCN-TO-ATM: Run intro {IS}:! ! ! --- DistGrid::log() start --------------------------------
20260908 013302.949 INFO             PET0       OCN-TO-ATM: Run intro {IS}:! ! ! 0xe36290
20260908 013302.949 INFO             PET0       OCN-TO-ATM: Run intro {IS}:! ! ! DistGrid object is valid!<name: DG-Grid003-sloc:0>
20260908 013302.949 INFO             PET0       OCN-TO-ATM: Run intro {IS}:! ! ! --- DistGrid::log() end ----------------------------------
20260908 013302.949 INFO             PET0       OCN-TO-ATM: Run intro {IS}:! ! --- Array::log() end -------------------------------------
20260908 013302.949 INFO             PET0       OCN-TO-ATM: Run intro {IS}:!--- FieldLog() end -------------------
20260908 013302.949 INFO             PET0       OCN-TO-ATM: Run intro {IS}:--- StateLog() end -------------------
20260908 013302.949 INFO             PET0       OCN-TO-ATM: Run intro {ES}:--- StateLog() start -----------------
20260908 013302.949 INFO             PET0       OCN-TO-ATM: Run intro {ES}:<name: ATM-ImportState> <intent: ESMF_STATEINTENT_IMPORT> <itemCount:    1>
20260908 013302.949 INFO             PET0       OCN-TO-ATM: Run intro {ES}:+-<item: 0001> <itemType: State> <itemName: ATM-ImportState-namespace:OCN>
20260908 013302.949 INFO             PET0       OCN-TO-ATM: Run intro {ES}:! <name: ATM-ImportState-namespace:OCN> <intent: ESMF_STATEINTENT_IMPORT> <itemCount:    1>
20260908 013302.949 INFO             PET0       OCN-TO-ATM: Run intro {ES}:! +-<item: 0001> <itemType: Field> <itemName: sea_surface_temperature>
20260908 013302.949 INFO             PET0       OCN-TO-ATM: Run intro {ES}:! !--- FieldLog() start -----------------
20260908 013302.949 INFO             PET0       OCN-TO-ATM: Run intro {ES}:! ! <name: sea_surface_temperature> <fieldStatus: ESMF_FIELDSTATUS_COMPLETE>
20260908 013302.949 INFO             PET0       OCN-TO-ATM: Run intro {ES}:! ! 0x7ffe5d4c4410 => 0xd0a780 => 0xdb5380
20260908 013302.949 INFO             PET0       OCN-TO-ATM: Run intro {ES}:! ! <typekind: Real*8> <rank:    2> <dimCount:    2>
20260908 013302.949 INFO             PET0       OCN-TO-ATM: Run intro {ES}:! ! ! --- Array::log() start -----------------------------------
20260908 013302.949 INFO             PET0       OCN-TO-ATM: Run intro {ES}:! ! ! 0xe695f0
20260908 013302.949 INFO             PET0       OCN-TO-ATM: Run intro {ES}:! ! ! <name: sea_surface_temperature>
20260908 013302.949 INFO             PET0       OCN-TO-ATM: Run intro {ES}:! ! ! ! --- DistGrid::log() start --------------------------------
20260908 013302.949 INFO             PET0       OCN-TO-ATM: Run intro {ES}:! ! ! ! 0xe2b2b0
20260908 013302.949 INFO             PET0       OCN-TO-ATM: Run intro {ES}:! ! ! ! DistGrid object is valid!<name: DG-Grid003-sloc:0>
20260908 013302.949 INFO             PET0       OCN-TO-ATM: Run intro {ES}:! ! ! ! --- DistGrid::log() end ----------------------------------
20260908 013302.949 INFO             PET0       OCN-TO-ATM: Run intro {ES}:! ! ! --- Array::log() end -------------------------------------
20260908 013302.949 INFO             PET0       OCN-TO-ATM: Run intro {ES}:! !--- FieldLog() end -------------------
20260908 013302.949 INFO             PET0       OCN-TO-ATM: Run intro {ES}:--- StateLog() end -------------------
20260908 013302.949 INFO             PET0       >>>OCN-TO-ATM entered Run (phase=RunPhase1)
20260908 013302.951 INFO             PET0       OCN-TO-ATM: called default RouteHandle execution
20260908 013302.951 INFO             PET0       <<<OCN-TO-ATM leaving Run (phase=RunPhase1)
20260908 013302.951 INFO             PET0       OCN-TO-ATM: Run extro {IS}:--- StateLog() start -----------------
20260908 013302.951 INFO             PET0       OCN-TO-ATM: Run extro {IS}:<name: OCN-ExportState> <intent: ESMF_STATEINTENT_EXPORT> <itemCount:    1>
20260908 013302.951 INFO             PET0       OCN-TO-ATM: Run extro {IS}:+-<item: 0001> <itemType: Field> <itemName: sst>
20260908 013302.951 INFO             PET0       OCN-TO-ATM: Run extro {IS}:!--- FieldLog() start -----------------
20260908 013302.951 INFO             PET0       OCN-TO-ATM: Run extro {IS}:! <name: sst> <fieldStatus: ESMF_FIELDSTATUS_COMPLETE>
20260908 013302.951 INFO             PET0       OCN-TO-ATM: Run extro {IS}:! 0x7ffe5d4c5dd0 => 0xd63be0 => 0xdc91e0
20260908 013302.951 INFO             PET0       OCN-TO-ATM: Run extro {IS}:! <typekind: Real*8> <rank:    2> <dimCount:    2>
20260908 013302.951 INFO             PET0       OCN-TO-ATM: Run extro {IS}:! ! --- Array::log() start -----------------------------------
20260908 013302.951 INFO             PET0       OCN-TO-ATM: Run extro {IS}:! ! 0xe35930
20260908 013302.951 INFO             PET0       OCN-TO-ATM: Run extro {IS}:! ! <name: sst>
20260908 013302.951 INFO             PET0       OCN-TO-ATM: Run extro {IS}:! ! ! --- DistGrid::log() start --------------------------------
20260908 013302.951 INFO             PET0       OCN-TO-ATM: Run extro {IS}:! ! ! 0xe36290
20260908 013302.951 INFO             PET0       OCN-TO-ATM: Run extro {IS}:! ! ! DistGrid object is valid!<name: DG-Grid003-sloc:0>
20260908 013302.951 INFO             PET0       OCN-TO-ATM: Run extro {IS}:! ! ! --- DistGrid::log() end ----------------------------------
20260908 013302.951 INFO             PET0       OCN-TO-ATM: Run extro {IS}:! ! --- Array::log() end -------------------------------------
20260908 013302.951 INFO             PET0       OCN-TO-ATM: Run extro {IS}:!--- FieldLog() end -------------------
20260908 013302.951 INFO             PET0       OCN-TO-ATM: Run extro {IS}:--- StateLog() end -------------------
20260908 013302.951 INFO             PET0       OCN-TO-ATM: Run extro {ES}:--- StateLog() start -----------------
20260908 013302.951 INFO             PET0       OCN-TO-ATM: Run extro {ES}:<name: ATM-ImportState> <intent: ESMF_STATEINTENT_IMPORT> <itemCount:    1>
20260908 013302.951 INFO             PET0       OCN-TO-ATM: Run extro {ES}:+-<item: 0001> <itemType: State> <itemName: ATM-ImportState-namespace:OCN>
20260908 013302.951 INFO             PET0       OCN-TO-ATM: Run extro {ES}:! <name: ATM-ImportState-namespace:OCN> <intent: ESMF_STATEINTENT_IMPORT> <itemCount:    1>
20260908 013302.951 INFO             PET0       OCN-TO-ATM: Run extro {ES}:! +-<item: 0001> <itemType: Field> <itemName: sea_surface_temperature>
20260908 013302.951 INFO             PET0       OCN-TO-ATM: Run extro {ES}:! !--- FieldLog() start -----------------
20260908 013302.951 INFO             PET0       OCN-TO-ATM: Run extro {ES}:! ! <name: sea_surface_temperature> <fieldStatus: ESMF_FIELDSTATUS_COMPLETE>
20260908 013302.952 INFO             PET0       OCN-TO-ATM: Run extro {ES}:! ! 0x7ffe5d4c45e0 => 0xd0a780 => 0xdb5380
20260908 013302.952 INFO             PET0       OCN-TO-ATM: Run extro {ES}:! ! <typekind: Real*8> <rank:    2> <dimCount:    2>
20260908 013302.952 INFO             PET0       OCN-TO-ATM: Run extro {ES}:! ! ! --- Array::log() start -----------------------------------
20260908 013302.952 INFO             PET0       OCN-TO-ATM: Run extro {ES}:! ! ! 0xe695f0
20260908 013302.952 INFO             PET0       OCN-TO-ATM: Run extro {ES}:! ! ! <name: sea_surface_temperature>
20260908 013302.952 INFO             PET0       OCN-TO-ATM: Run extro {ES}:! ! ! ! --- DistGrid::log() start --------------------------------
20260908 013302.952 INFO             PET0       OCN-TO-ATM: Run extro {ES}:! ! ! ! 0xe2b2b0
20260908 013302.952 INFO             PET0       OCN-TO-ATM: Run extro {ES}:! ! ! ! DistGrid object is valid!<name: DG-Grid003-sloc:0>
20260908 013302.952 INFO             PET0       OCN-TO-ATM: Run extro {ES}:! ! ! ! --- DistGrid::log() end ----------------------------------
20260908 013302.952 INFO             PET0       OCN-TO-ATM: Run extro {ES}:! ! ! --- Array::log() end -------------------------------------
20260908 013302.952 INFO             PET0       OCN-TO-ATM: Run extro {ES}:! !--- FieldLog() end -------------------
20260908 013302.952 INFO             PET0       OCN-TO-ATM: Run extro {ES}:--- StateLog() end -------------------
20260908 013302.952 INFO             PET0     OCN-TO-ATM: Run extro.
20260908 013302.952 INFO             PET0     ATM: Run intro.
20260908 013302.952 INFO             PET0       ATM: Run intro {IS}:--- StateLog() start -----------------
20260908 013302.952 INFO             PET0       ATM: Run intro {IS}:<name: ATM-ImportState> <intent: ESMF_STATEINTENT_IMPORT> <itemCount:    1>
20260908 013302.952 INFO             PET0       ATM: Run intro {IS}:+-<item: 0001> <itemType: State> <itemName: ATM-ImportState-namespace:OCN>
20260908 013302.952 INFO             PET0       ATM: Run intro {IS}:! <name: ATM-ImportState-namespace:OCN> <intent: ESMF_STATEINTENT_IMPORT> <itemCount:    1>
20260908 013302.952 INFO             PET0       ATM: Run intro {IS}:! +-<item: 0001> <itemType: Field> <itemName: sea_surface_temperature>
20260908 013302.953 INFO             PET0       ATM: Run intro {IS}:! !--- FieldLog() start -----------------
20260908 013302.953 INFO             PET0       ATM: Run intro {IS}:! ! <name: sea_surface_temperature> <fieldStatus: ESMF_FIELDSTATUS_COMPLETE>
20260908 013302.953 INFO             PET0       ATM: Run intro {IS}:! ! 0x7ffe5d4c2c30 => 0xd0a780 => 0xdb5380
20260908 013302.953 INFO             PET0       ATM: Run intro {IS}:! ! <typekind: Real*8> <rank:    2> <dimCount:    2>
20260908 013302.953 INFO             PET0       ATM: Run intro {IS}:! ! ! --- Array::log() start -----------------------------------
20260908 013302.953 INFO             PET0       ATM: Run intro {IS}:! ! ! 0xe695f0
20260908 013302.953 INFO             PET0       ATM: Run intro {IS}:! ! ! <name: sea_surface_temperature>
20260908 013302.953 INFO             PET0       ATM: Run intro {IS}:! ! ! ! --- DistGrid::log() start --------------------------------
20260908 013302.953 INFO             PET0       ATM: Run intro {IS}:! ! ! ! 0xe2b2b0
20260908 013302.953 INFO             PET0       ATM: Run intro {IS}:! ! ! ! DistGrid object is valid!<name: DG-Grid003-sloc:0>
20260908 013302.953 INFO             PET0       ATM: Run intro {IS}:! ! ! ! --- DistGrid::log() end ----------------------------------
20260908 013302.953 INFO             PET0       ATM: Run intro {IS}:! ! ! --- Array::log() end -------------------------------------
20260908 013302.953 INFO             PET0       ATM: Run intro {IS}:! !--- FieldLog() end -------------------
20260908 013302.953 INFO             PET0       ATM: Run intro {IS}:--- StateLog() end -------------------
20260908 013302.953 INFO             PET0       ATM: Run intro {ES}:--- StateLog() start -----------------
20260908 013302.953 INFO             PET0       ATM: Run intro {ES}:<name: ATM-ExportState> <intent: ESMF_STATEINTENT_EXPORT> <itemCount:    0>
20260908 013302.953 INFO             PET0       ATM: Run intro {ES}:--- StateLog() end -------------------
20260908 013302.953 INFO             PET0       >>>ATM: entered Run (phase=RunPhase1) with current time: 2010  6  1  0 30  0   0
20260908 013302.953 INFO             PET0       ATM: time step-loop starting, current time: 2010  6  1  0 30  0   0
20260908 013302.953 INFO             PET0       ------>Advancing ATM from: 2010  6  1  0 30  0   0
20260908 013302.953 INFO             PET0       ---------------------> to: 2010  6  1  0 45  0   0
20260908 013302.953 INFO             PET0       ATM: time step-loop ending,   current time: 2010  6  1  0 45  0   0
20260908 013302.954 INFO             PET0       <<<ATM: leaving Run (phase=RunPhase1) with current time: 2010  6  1  0 45  0   0
20260908 013302.954 INFO             PET0       ATM: Run extro {IS}:--- StateLog() start -----------------
20260908 013302.954 INFO             PET0       ATM: Run extro {IS}:<name: ATM-ImportState> <intent: ESMF_STATEINTENT_IMPORT> <itemCount:    1>
20260908 013302.954 INFO             PET0       ATM: Run extro {IS}:+-<item: 0001> <itemType: State> <itemName: ATM-ImportState-namespace:OCN>
20260908 013302.954 INFO             PET0       ATM: Run extro {IS}:! <name: ATM-ImportState-namespace:OCN> <intent: ESMF_STATEINTENT_IMPORT> <itemCount:    1>
20260908 013302.954 INFO             PET0       ATM: Run extro {IS}:! +-<item: 0001> <itemType: Field> <itemName: sea_surface_temperature>
20260908 013302.954 INFO             PET0       ATM: Run extro {IS}:! !--- FieldLog() start -----------------
20260908 013302.954 INFO             PET0       ATM: Run extro {IS}:! ! <name: sea_surface_temperature> <fieldStatus: ESMF_FIELDSTATUS_COMPLETE>
20260908 013302.954 INFO             PET0       ATM: Run extro {IS}:! ! 0x7ffe5d4c2e00 => 0xd0a780 => 0xdb5380
20260908 013302.954 INFO             PET0       ATM: Run extro {IS}:! ! <typekind: Real*8> <rank:    2> <dimCount:    2>
20260908 013302.954 INFO             PET0       ATM: Run extro {IS}:! ! ! --- Array::log() start -----------------------------------
20260908 013302.954 INFO             PET0       ATM: Run extro {IS}:! ! ! 0xe695f0
20260908 013302.954 INFO             PET0       ATM: Run extro {IS}:! ! ! <name: sea_surface_temperature>
20260908 013302.954 INFO             PET0       ATM: Run extro {IS}:! ! ! ! --- DistGrid::log() start --------------------------------
20260908 013302.954 INFO             PET0       ATM: Run extro {IS}:! ! ! ! 0xe2b2b0
20260908 013302.954 INFO             PET0       ATM: Run extro {IS}:! ! ! ! DistGrid object is valid!<name: DG-Grid003-sloc:0>
20260908 013302.954 INFO             PET0       ATM: Run extro {IS}:! ! ! ! --- DistGrid::log() end ----------------------------------
20260908 013302.954 INFO             PET0       ATM: Run extro {IS}:! ! ! --- Array::log() end -------------------------------------
20260908 013302.954 INFO             PET0       ATM: Run extro {IS}:! !--- FieldLog() end -------------------
20260908 013302.954 INFO             PET0       ATM: Run extro {IS}:--- StateLog() end -------------------
20260908 013302.954 INFO             PET0       ATM: Run extro {ES}:--- StateLog() start -----------------
20260908 013302.954 INFO             PET0       ATM: Run extro {ES}:<name: ATM-ExportState> <intent: ESMF_STATEINTENT_EXPORT> <itemCount:    0>
20260908 013302.954 INFO             PET0       ATM: Run extro {ES}:--- StateLog() end -------------------
20260908 013302.954 INFO             PET0     ATM: Run extro.
20260908 013302.954 INFO             PET0     esm: RunSequence event loopLevel=   1  levelMember=   1  loopIteration=   4, current time: 2010  6  1  0 45  0   0
20260908 013302.955 INFO             PET0     ATM-TO-OCN: Run intro.
20260908 013302.955 INFO             PET0       ATM-TO-OCN: Run intro {IS}:--- StateLog() start -----------------
20260908 013302.955 INFO             PET0       ATM-TO-OCN: Run intro {IS}:<name: ATM-ExportState> <intent: ESMF_STATEINTENT_EXPORT> <itemCount:    0>
20260908 013302.955 INFO             PET0       ATM-TO-OCN: Run intro {IS}:--- StateLog() end -------------------
20260908 013302.955 INFO             PET0       ATM-TO-OCN: Run intro {ES}:--- StateLog() start -----------------
20260908 013302.955 INFO             PET0       ATM-TO-OCN: Run intro {ES}:<name: OCN-ImportState> <intent: ESMF_STATEINTENT_IMPORT> <itemCount:    0>
20260908 013302.955 INFO             PET0       ATM-TO-OCN: Run intro {ES}:--- StateLog() end -------------------
20260908 013302.955 INFO             PET0       >>>ATM-TO-OCN entered Run (phase=RunPhase1)
20260908 013302.955 INFO             PET0       ATM-TO-OCN: called default RouteHandle execution
20260908 013302.955 INFO             PET0       <<<ATM-TO-OCN leaving Run (phase=RunPhase1)
20260908 013302.955 INFO             PET0       ATM-TO-OCN: Run extro {IS}:--- StateLog() start -----------------
20260908 013302.955 INFO             PET0       ATM-TO-OCN: Run extro {IS}:<name: ATM-ExportState> <intent: ESMF_STATEINTENT_EXPORT> <itemCount:    0>
20260908 013302.955 INFO             PET0       ATM-TO-OCN: Run extro {IS}:--- StateLog() end -------------------
20260908 013302.955 INFO             PET0       ATM-TO-OCN: Run extro {ES}:--- StateLog() start -----------------
20260908 013302.955 INFO             PET0       ATM-TO-OCN: Run extro {ES}:<name: OCN-ImportState> <intent: ESMF_STATEINTENT_IMPORT> <itemCount:    0>
20260908 013302.955 INFO             PET0       ATM-TO-OCN: Run extro {ES}:--- StateLog() end -------------------
20260908 013302.955 INFO             PET0     ATM-TO-OCN: Run extro.
20260908 013302.955 INFO             PET0     OCN-TO-ATM: Run intro.
20260908 013302.955 INFO             PET0       OCN-TO-ATM: Run intro {IS}:--- StateLog() start -----------------
20260908 013302.955 INFO             PET0       OCN-TO-ATM: Run intro {IS}:<name: OCN-ExportState> <intent: ESMF_STATEINTENT_EXPORT> <itemCount:    1>
20260908 013302.955 INFO             PET0       OCN-TO-ATM: Run intro {IS}:+-<item: 0001> <itemType: Field> <itemName: sst>
20260908 013302.955 INFO             PET0       OCN-TO-ATM: Run intro {IS}:!--- FieldLog() start -----------------
20260908 013302.956 INFO             PET0       OCN-TO-ATM: Run intro {IS}:! <name: sst> <fieldStatus: ESMF_FIELDSTATUS_COMPLETE>
20260908 013302.956 INFO             PET0       OCN-TO-ATM: Run intro {IS}:! 0x7ffe5d4c5c00 => 0xd63be0 => 0xdc91e0
20260908 013302.956 INFO             PET0       OCN-TO-ATM: Run intro {IS}:! <typekind: Real*8> <rank:    2> <dimCount:    2>
20260908 013302.956 INFO             PET0       OCN-TO-ATM: Run intro {IS}:! ! --- Array::log() start -----------------------------------
20260908 013302.956 INFO             PET0       OCN-TO-ATM: Run intro {IS}:! ! 0xe35930
20260908 013302.956 INFO             PET0       OCN-TO-ATM: Run intro {IS}:! ! <name: sst>
20260908 013302.956 INFO             PET0       OCN-TO-ATM: Run intro {IS}:! ! ! --- DistGrid::log() start --------------------------------
20260908 013302.956 INFO             PET0       OCN-TO-ATM: Run intro {IS}:! ! ! 0xe36290
20260908 013302.956 INFO             PET0       OCN-TO-ATM: Run intro {IS}:! ! ! DistGrid object is valid!<name: DG-Grid003-sloc:0>
20260908 013302.956 INFO             PET0       OCN-TO-ATM: Run intro {IS}:! ! ! --- DistGrid::log() end ----------------------------------
20260908 013302.956 INFO             PET0       OCN-TO-ATM: Run intro {IS}:! ! --- Array::log() end -------------------------------------
20260908 013302.956 INFO             PET0       OCN-TO-ATM: Run intro {IS}:!--- FieldLog() end -------------------
20260908 013302.956 INFO             PET0       OCN-TO-ATM: Run intro {IS}:--- StateLog() end -------------------
20260908 013302.956 INFO             PET0       OCN-TO-ATM: Run intro {ES}:--- StateLog() start -----------------
20260908 013302.956 INFO             PET0       OCN-TO-ATM: Run intro {ES}:<name: ATM-ImportState> <intent: ESMF_STATEINTENT_IMPORT> <itemCount:    1>
20260908 013302.956 INFO             PET0       OCN-TO-ATM: Run intro {ES}:+-<item: 0001> <itemType: State> <itemName: ATM-ImportState-namespace:OCN>
20260908 013302.956 INFO             PET0       OCN-TO-ATM: Run intro {ES}:! <name: ATM-ImportState-namespace:OCN> <intent: ESMF_STATEINTENT_IMPORT> <itemCount:    1>
20260908 013302.956 INFO             PET0       OCN-TO-ATM: Run intro {ES}:! +-<item: 0001> <itemType: Field> <itemName: sea_surface_temperature>
20260908 013302.956 INFO             PET0       OCN-TO-ATM: Run intro {ES}:! !--- FieldLog() start -----------------
20260908 013302.956 INFO             PET0       OCN-TO-ATM: Run intro {ES}:! ! <name: sea_surface_temperature> <fieldStatus: ESMF_FIELDSTATUS_COMPLETE>
20260908 013302.956 INFO             PET0       OCN-TO-ATM: Run intro {ES}:! ! 0x7ffe5d4c4410 => 0xd0a780 => 0xdb5380
20260908 013302.956 INFO             PET0       OCN-TO-ATM: Run intro {ES}:! ! <typekind: Real*8> <rank:    2> <dimCount:    2>
20260908 013302.956 INFO             PET0       OCN-TO-ATM: Run intro {ES}:! ! ! --- Array::log() start -----------------------------------
20260908 013302.956 INFO             PET0       OCN-TO-ATM: Run intro {ES}:! ! ! 0xe695f0
20260908 013302.956 INFO             PET0       OCN-TO-ATM: Run intro {ES}:! ! ! <name: sea_surface_temperature>
20260908 013302.956 INFO             PET0       OCN-TO-ATM: Run intro {ES}:! ! ! ! --- DistGrid::log() start --------------------------------
20260908 013302.956 INFO             PET0       OCN-TO-ATM: Run intro {ES}:! ! ! ! 0xe2b2b0
20260908 013302.956 INFO             PET0       OCN-TO-ATM: Run intro {ES}:! ! ! ! DistGrid object is valid!<name: DG-Grid003-sloc:0>
20260908 013302.956 INFO             PET0       OCN-TO-ATM: Run intro {ES}:! ! ! ! --- DistGrid::log() end ----------------------------------
20260908 013302.956 INFO             PET0       OCN-TO-ATM: Run intro {ES}:! ! ! --- Array::log() end -------------------------------------
20260908 013302.956 INFO             PET0       OCN-TO-ATM: Run intro {ES}:! !--- FieldLog() end -------------------
20260908 013302.956 INFO             PET0       OCN-TO-ATM: Run intro {ES}:--- StateLog() end -------------------
20260908 013302.957 INFO             PET0       >>>OCN-TO-ATM entered Run (phase=RunPhase1)
20260908 013302.958 INFO             PET0       OCN-TO-ATM: called default RouteHandle execution
20260908 013302.958 INFO             PET0       <<<OCN-TO-ATM leaving Run (phase=RunPhase1)
20260908 013302.958 INFO             PET0       OCN-TO-ATM: Run extro {IS}:--- StateLog() start -----------------
20260908 013302.958 INFO             PET0       OCN-TO-ATM: Run extro {IS}:<name: OCN-ExportState> <intent: ESMF_STATEINTENT_EXPORT> <itemCount:    1>
20260908 013302.958 INFO             PET0       OCN-TO-ATM: Run extro {IS}:+-<item: 0001> <itemType: Field> <itemName: sst>
20260908 013302.958 INFO             PET0       OCN-TO-ATM: Run extro {IS}:!--- FieldLog() start -----------------
20260908 013302.958 INFO             PET0       OCN-TO-ATM: Run extro {IS}:! <name: sst> <fieldStatus: ESMF_FIELDSTATUS_COMPLETE>
20260908 013302.958 INFO             PET0       OCN-TO-ATM: Run extro {IS}:! 0x7ffe5d4c5dd0 => 0xd63be0 => 0xdc91e0
20260908 013302.958 INFO             PET0       OCN-TO-ATM: Run extro {IS}:! <typekind: Real*8> <rank:    2> <dimCount:    2>
20260908 013302.958 INFO             PET0       OCN-TO-ATM: Run extro {IS}:! ! --- Array::log() start -----------------------------------
20260908 013302.958 INFO             PET0       OCN-TO-ATM: Run extro {IS}:! ! 0xe35930
20260908 013302.958 INFO             PET0       OCN-TO-ATM: Run extro {IS}:! ! <name: sst>
20260908 013302.958 INFO             PET0       OCN-TO-ATM: Run extro {IS}:! ! ! --- DistGrid::log() start --------------------------------
20260908 013302.958 INFO             PET0       OCN-TO-ATM: Run extro {IS}:! ! ! 0xe36290
20260908 013302.958 INFO             PET0       OCN-TO-ATM: Run extro {IS}:! ! ! DistGrid object is valid!<name: DG-Grid003-sloc:0>
20260908 013302.958 INFO             PET0       OCN-TO-ATM: Run extro {IS}:! ! ! --- DistGrid::log() end ----------------------------------
20260908 013302.958 INFO             PET0       OCN-TO-ATM: Run extro {IS}:! ! --- Array::log() end -------------------------------------
20260908 013302.958 INFO             PET0       OCN-TO-ATM: Run extro {IS}:!--- FieldLog() end -------------------
20260908 013302.958 INFO             PET0       OCN-TO-ATM: Run extro {IS}:--- StateLog() end -------------------
20260908 013302.958 INFO             PET0       OCN-TO-ATM: Run extro {ES}:--- StateLog() start -----------------
20260908 013302.958 INFO             PET0       OCN-TO-ATM: Run extro {ES}:<name: ATM-ImportState> <intent: ESMF_STATEINTENT_IMPORT> <itemCount:    1>
20260908 013302.958 INFO             PET0       OCN-TO-ATM: Run extro {ES}:+-<item: 0001> <itemType: State> <itemName: ATM-ImportState-namespace:OCN>
20260908 013302.958 INFO             PET0       OCN-TO-ATM: Run extro {ES}:! <name: ATM-ImportState-namespace:OCN> <intent: ESMF_STATEINTENT_IMPORT> <itemCount:    1>
20260908 013302.959 INFO             PET0       OCN-TO-ATM: Run extro {ES}:! +-<item: 0001> <itemType: Field> <itemName: sea_surface_temperature>
20260908 013302.959 INFO             PET0       OCN-TO-ATM: Run extro {ES}:! !--- FieldLog() start -----------------
20260908 013302.959 INFO             PET0       OCN-TO-ATM: Run extro {ES}:! ! <name: sea_surface_temperature> <fieldStatus: ESMF_FIELDSTATUS_COMPLETE>
20260908 013302.959 INFO             PET0       OCN-TO-ATM: Run extro {ES}:! ! 0x7ffe5d4c45e0 => 0xd0a780 => 0xdb5380
20260908 013302.959 INFO             PET0       OCN-TO-ATM: Run extro {ES}:! ! <typekind: Real*8> <rank:    2> <dimCount:    2>
20260908 013302.959 INFO             PET0       OCN-TO-ATM: Run extro {ES}:! ! ! --- Array::log() start -----------------------------------
20260908 013302.959 INFO             PET0       OCN-TO-ATM: Run extro {ES}:! ! ! 0xe695f0
20260908 013302.959 INFO             PET0       OCN-TO-ATM: Run extro {ES}:! ! ! <name: sea_surface_temperature>
20260908 013302.959 INFO             PET0       OCN-TO-ATM: Run extro {ES}:! ! ! ! --- DistGrid::log() start --------------------------------
20260908 013302.959 INFO             PET0       OCN-TO-ATM: Run extro {ES}:! ! ! ! 0xe2b2b0
20260908 013302.959 INFO             PET0       OCN-TO-ATM: Run extro {ES}:! ! ! ! DistGrid object is valid!<name: DG-Grid003-sloc:0>
20260908 013302.959 INFO             PET0       OCN-TO-ATM: Run extro {ES}:! ! ! ! --- DistGrid::log() end ----------------------------------
20260908 013302.959 INFO             PET0       OCN-TO-ATM: Run extro {ES}:! ! ! --- Array::log() end -------------------------------------
20260908 013302.959 INFO             PET0       OCN-TO-ATM: Run extro {ES}:! !--- FieldLog() end -------------------
20260908 013302.959 INFO             PET0       OCN-TO-ATM: Run extro {ES}:--- StateLog() end -------------------
20260908 013302.959 INFO             PET0     OCN-TO-ATM: Run extro.
20260908 013302.959 INFO             PET0     ATM: Run intro.
20260908 013302.959 INFO             PET0       ATM: Run intro {IS}:--- StateLog() start -----------------
20260908 013302.959 INFO             PET0       ATM: Run intro {IS}:<name: ATM-ImportState> <intent: ESMF_STATEINTENT_IMPORT> <itemCount:    1>
20260908 013302.960 INFO             PET0       ATM: Run intro {IS}:+-<item: 0001> <itemType: State> <itemName: ATM-ImportState-namespace:OCN>
20260908 013302.960 INFO             PET0       ATM: Run intro {IS}:! <name: ATM-ImportState-namespace:OCN> <intent: ESMF_STATEINTENT_IMPORT> <itemCount:    1>
20260908 013302.960 INFO             PET0       ATM: Run intro {IS}:! +-<item: 0001> <itemType: Field> <itemName: sea_surface_temperature>
20260908 013302.960 INFO             PET0       ATM: Run intro {IS}:! !--- FieldLog() start -----------------
20260908 013302.960 INFO             PET0       ATM: Run intro {IS}:! ! <name: sea_surface_temperature> <fieldStatus: ESMF_FIELDSTATUS_COMPLETE>
20260908 013302.960 INFO             PET0       ATM: Run intro {IS}:! ! 0x7ffe5d4c2c30 => 0xd0a780 => 0xdb5380
20260908 013302.960 INFO             PET0       ATM: Run intro {IS}:! ! <typekind: Real*8> <rank:    2> <dimCount:    2>
20260908 013302.960 INFO             PET0       ATM: Run intro {IS}:! ! ! --- Array::log() start -----------------------------------
20260908 013302.960 INFO             PET0       ATM: Run intro {IS}:! ! ! 0xe695f0
20260908 013302.960 INFO             PET0       ATM: Run intro {IS}:! ! ! <name: sea_surface_temperature>
20260908 013302.960 INFO             PET0       ATM: Run intro {IS}:! ! ! ! --- DistGrid::log() start --------------------------------
20260908 013302.960 INFO             PET0       ATM: Run intro {IS}:! ! ! ! 0xe2b2b0
20260908 013302.960 INFO             PET0       ATM: Run intro {IS}:! ! ! ! DistGrid object is valid!<name: DG-Grid003-sloc:0>
20260908 013302.960 INFO             PET0       ATM: Run intro {IS}:! ! ! ! --- DistGrid::log() end ----------------------------------
20260908 013302.960 INFO             PET0       ATM: Run intro {IS}:! ! ! --- Array::log() end -------------------------------------
20260908 013302.960 INFO             PET0       ATM: Run intro {IS}:! !--- FieldLog() end -------------------
20260908 013302.960 INFO             PET0       ATM: Run intro {IS}:--- StateLog() end -------------------
20260908 013302.960 INFO             PET0       ATM: Run intro {ES}:--- StateLog() start -----------------
20260908 013302.960 INFO             PET0       ATM: Run intro {ES}:<name: ATM-ExportState> <intent: ESMF_STATEINTENT_EXPORT> <itemCount:    0>
20260908 013302.960 INFO             PET0       ATM: Run intro {ES}:--- StateLog() end -------------------
20260908 013302.960 INFO             PET0       >>>ATM: entered Run (phase=RunPhase1) with current time: 2010  6  1  0 45  0   0
20260908 013302.960 INFO             PET0       ATM: time step-loop starting, current time: 2010  6  1  0 45  0   0
20260908 013302.960 INFO             PET0       ------>Advancing ATM from: 2010  6  1  0 45  0   0
20260908 013302.960 INFO             PET0       ---------------------> to: 2010  6  1  1  0  0   0
20260908 013302.961 INFO             PET0       ATM: time step-loop ending,   current time: 2010  6  1  1  0  0   0
20260908 013302.961 INFO             PET0       <<<ATM: leaving Run (phase=RunPhase1) with current time: 2010  6  1  1  0  0   0
20260908 013302.961 INFO             PET0       ATM: Run extro {IS}:--- StateLog() start -----------------
20260908 013302.961 INFO             PET0       ATM: Run extro {IS}:<name: ATM-ImportState> <intent: ESMF_STATEINTENT_IMPORT> <itemCount:    1>
20260908 013302.961 INFO             PET0       ATM: Run extro {IS}:+-<item: 0001> <itemType: State> <itemName: ATM-ImportState-namespace:OCN>
20260908 013302.961 INFO             PET0       ATM: Run extro {IS}:! <name: ATM-ImportState-namespace:OCN> <intent: ESMF_STATEINTENT_IMPORT> <itemCount:    1>
20260908 013302.961 INFO             PET0       ATM: Run extro {IS}:! +-<item: 0001> <itemType: Field> <itemName: sea_surface_temperature>
20260908 013302.961 INFO             PET0       ATM: Run extro {IS}:! !--- FieldLog() start -----------------
20260908 013302.961 INFO             PET0       ATM: Run extro {IS}:! ! <name: sea_surface_temperature> <fieldStatus: ESMF_FIELDSTATUS_COMPLETE>
20260908 013302.961 INFO             PET0       ATM: Run extro {IS}:! ! 0x7ffe5d4c2e00 => 0xd0a780 => 0xdb5380
20260908 013302.961 INFO             PET0       ATM: Run extro {IS}:! ! <typekind: Real*8> <rank:    2> <dimCount:    2>
20260908 013302.961 INFO             PET0       ATM: Run extro {IS}:! ! ! --- Array::log() start -----------------------------------
20260908 013302.961 INFO             PET0       ATM: Run extro {IS}:! ! ! 0xe695f0
20260908 013302.961 INFO             PET0       ATM: Run extro {IS}:! ! ! <name: sea_surface_temperature>
20260908 013302.961 INFO             PET0       ATM: Run extro {IS}:! ! ! ! --- DistGrid::log() start --------------------------------
20260908 013302.961 INFO             PET0       ATM: Run extro {IS}:! ! ! ! 0xe2b2b0
20260908 013302.961 INFO             PET0       ATM: Run extro {IS}:! ! ! ! DistGrid object is valid!<name: DG-Grid003-sloc:0>
20260908 013302.961 INFO             PET0       ATM: Run extro {IS}:! ! ! ! --- DistGrid::log() end ----------------------------------
20260908 013302.961 INFO             PET0       ATM: Run extro {IS}:! ! ! --- Array::log() end -------------------------------------
20260908 013302.961 INFO             PET0       ATM: Run extro {IS}:! !--- FieldLog() end -------------------
20260908 013302.961 INFO             PET0       ATM: Run extro {IS}:--- StateLog() end -------------------
20260908 013302.961 INFO             PET0       ATM: Run extro {ES}:--- StateLog() start -----------------
20260908 013302.961 INFO             PET0       ATM: Run extro {ES}:<name: ATM-ExportState> <intent: ESMF_STATEINTENT_EXPORT> <itemCount:    0>
20260908 013302.961 INFO             PET0       ATM: Run extro {ES}:--- StateLog() end -------------------
20260908 013302.961 INFO             PET0     ATM: Run extro.
20260908 013302.961 INFO             PET0   esm: end <--------- RunSequence
20260908 013302.961 INFO             PET0   <<<esm: leaving Run (phase=RunPhase1) with current time: 2010  6  1  1  0  0   0
20260908 013302.961 INFO             PET0   esm: Run extro {IS}:--- StateLog() start -----------------
20260908 013302.961 INFO             PET0   esm: Run extro {IS}:State object is invalid! Not created or deleted!
20260908 013302.961 INFO             PET0   esm: Run extro {IS}:--- StateLog() end -------------------
20260908 013302.961 INFO             PET0   esm: Run extro {ES}:--- StateLog() start -----------------
20260908 013302.961 INFO             PET0   esm: Run extro {ES}:State object is invalid! Not created or deleted!
20260908 013302.962 INFO             PET0   esm: Run extro {ES}:--- StateLog() end -------------------
20260908 013302.962 INFO             PET0 esm: Run extro.
20260908 013302.962 INFO             PET0 esm: Finalize intro.
20260908 013302.962 INFO             PET0   esm: Finalize intro {IS}:--- StateLog() start -----------------
20260908 013302.962 INFO             PET0   esm: Finalize intro {IS}:State object is invalid! Not created or deleted!
20260908 013302.962 INFO             PET0   esm: Finalize intro {IS}:--- StateLog() end -------------------
20260908 013302.962 INFO             PET0   esm: Finalize intro {ES}:--- StateLog() start -----------------
20260908 013302.962 INFO             PET0   esm: Finalize intro {ES}:State object is invalid! Not created or deleted!
20260908 013302.962 INFO             PET0   esm: Finalize intro {ES}:--- StateLog() end -------------------
20260908 013302.962 INFO             PET0   >>>esm: entered Finalize (phase=FinalizePhase1) with current time: 2010  6  1  1  0  0   0
20260908 013302.962 INFO             PET0   Calling Finalize phase 1 for connectorComp: ATM-TO-OCN
20260908 013302.962 INFO             PET0   ATM-TO-OCN: Finalize intro.
20260908 013302.962 INFO             PET0     ATM-TO-OCN: Finalize intro {IS}:--- StateLog() start -----------------
20260908 013302.962 INFO             PET0     ATM-TO-OCN: Finalize intro {IS}:<name: ATM-ExportState> <intent: ESMF_STATEINTENT_EXPORT> <itemCount:    0>
20260908 013302.962 INFO             PET0     ATM-TO-OCN: Finalize intro {IS}:--- StateLog() end -------------------
20260908 013302.962 INFO             PET0     ATM-TO-OCN: Finalize intro {ES}:--- StateLog() start -----------------
20260908 013302.962 INFO             PET0     ATM-TO-OCN: Finalize intro {ES}:<name: OCN-ImportState> <intent: ESMF_STATEINTENT_IMPORT> <itemCount:    0>
20260908 013302.962 INFO             PET0     ATM-TO-OCN: Finalize intro {ES}:--- StateLog() end -------------------
20260908 013302.963 INFO             PET0     ATM-TO-OCN: called default label_ReleaseRouteHandle
20260908 013302.963 INFO             PET0     ATM-TO-OCN: Finalize extro {IS}:--- StateLog() start -----------------
20260908 013302.963 INFO             PET0     ATM-TO-OCN: Finalize extro {IS}:<name: ATM-ExportState> <intent: ESMF_STATEINTENT_EXPORT> <itemCount:    0>
20260908 013302.963 INFO             PET0     ATM-TO-OCN: Finalize extro {IS}:--- StateLog() end -------------------
20260908 013302.963 INFO             PET0     ATM-TO-OCN: Finalize extro {ES}:--- StateLog() start -----------------
20260908 013302.963 INFO             PET0     ATM-TO-OCN: Finalize extro {ES}:<name: OCN-ImportState> <intent: ESMF_STATEINTENT_IMPORT> <itemCount:    0>
20260908 013302.963 INFO             PET0     ATM-TO-OCN: Finalize extro {ES}:--- StateLog() end -------------------
20260908 013302.963 INFO             PET0   ATM-TO-OCN: Finalize extro.
20260908 013302.963 INFO             PET0   Calling Finalize phase 1 for connectorComp: OCN-TO-ATM
20260908 013302.963 INFO             PET0   OCN-TO-ATM: Finalize intro.
20260908 013302.963 INFO             PET0     OCN-TO-ATM: Finalize intro {IS}:--- StateLog() start -----------------
20260908 013302.963 INFO             PET0     OCN-TO-ATM: Finalize intro {IS}:<name: OCN-ExportState> <intent: ESMF_STATEINTENT_EXPORT> <itemCount:    1>
20260908 013302.963 INFO             PET0     OCN-TO-ATM: Finalize intro {IS}:+-<item: 0001> <itemType: Field> <itemName: sst>
20260908 013302.963 INFO             PET0     OCN-TO-ATM: Finalize intro {IS}:!--- FieldLog() start -----------------
20260908 013302.963 INFO             PET0     OCN-TO-ATM: Finalize intro {IS}:! <name: sst> <fieldStatus: ESMF_FIELDSTATUS_COMPLETE>
20260908 013302.963 INFO             PET0     OCN-TO-ATM: Finalize intro {IS}:! 0x7ffe5d4c5770 => 0xd63be0 => 0xdc91e0
20260908 013302.963 INFO             PET0     OCN-TO-ATM: Finalize intro {IS}:! <typekind: Real*8> <rank:    2> <dimCount:    2>
20260908 013302.963 INFO             PET0     OCN-TO-ATM: Finalize intro {IS}:! ! --- Array::log() start -----------------------------------
20260908 013302.963 INFO             PET0     OCN-TO-ATM: Finalize intro {IS}:! ! 0xe35930
20260908 013302.963 INFO             PET0     OCN-TO-ATM: Finalize intro {IS}:! ! <name: sst>
20260908 013302.963 INFO             PET0     OCN-TO-ATM: Finalize intro {IS}:! ! ! --- DistGrid::log() start --------------------------------
20260908 013302.963 INFO             PET0     OCN-TO-ATM: Finalize intro {IS}:! ! ! 0xe36290
20260908 013302.964 INFO             PET0     OCN-TO-ATM: Finalize intro {IS}:! ! ! DistGrid object is valid!<name: DG-Grid003-sloc:0>
20260908 013302.964 INFO             PET0     OCN-TO-ATM: Finalize intro {IS}:! ! ! --- DistGrid::log() end ----------------------------------
20260908 013302.964 INFO             PET0     OCN-TO-ATM: Finalize intro {IS}:! ! --- Array::log() end -------------------------------------
20260908 013302.964 INFO             PET0     OCN-TO-ATM: Finalize intro {IS}:!--- FieldLog() end -------------------
20260908 013302.964 INFO             PET0     OCN-TO-ATM: Finalize intro {IS}:--- StateLog() end -------------------
20260908 013302.964 INFO             PET0     OCN-TO-ATM: Finalize intro {ES}:--- StateLog() start -----------------
20260908 013302.964 INFO             PET0     OCN-TO-ATM: Finalize intro {ES}:<name: ATM-ImportState> <intent: ESMF_STATEINTENT_IMPORT> <itemCount:    1>
20260908 013302.964 INFO             PET0     OCN-TO-ATM: Finalize intro {ES}:+-<item: 0001> <itemType: State> <itemName: ATM-ImportState-namespace:OCN>
20260908 013302.964 INFO             PET0     OCN-TO-ATM: Finalize intro {ES}:! <name: ATM-ImportState-namespace:OCN> <intent: ESMF_STATEINTENT_IMPORT> <itemCount:    1>
20260908 013302.964 INFO             PET0     OCN-TO-ATM: Finalize intro {ES}:! +-<item: 0001> <itemType: Field> <itemName: sea_surface_temperature>
20260908 013302.964 INFO             PET0     OCN-TO-ATM: Finalize intro {ES}:! !--- FieldLog() start -----------------
20260908 013302.964 INFO             PET0     OCN-TO-ATM: Finalize intro {ES}:! ! <name: sea_surface_temperature> <fieldStatus: ESMF_FIELDSTATUS_COMPLETE>
20260908 013302.964 INFO             PET0     OCN-TO-ATM: Finalize intro {ES}:! ! 0x7ffe5d4c3f80 => 0xd0a780 => 0xdb5380
20260908 013302.964 INFO             PET0     OCN-TO-ATM: Finalize intro {ES}:! ! <typekind: Real*8> <rank:    2> <dimCount:    2>
20260908 013302.964 INFO             PET0     OCN-TO-ATM: Finalize intro {ES}:! ! ! --- Array::log() start -----------------------------------
20260908 013302.964 INFO             PET0     OCN-TO-ATM: Finalize intro {ES}:! ! ! 0xe695f0
20260908 013302.964 INFO             PET0     OCN-TO-ATM: Finalize intro {ES}:! ! ! <name: sea_surface_temperature>
20260908 013302.964 INFO             PET0     OCN-TO-ATM: Finalize intro {ES}:! ! ! ! --- DistGrid::log() start --------------------------------
20260908 013302.964 INFO             PET0     OCN-TO-ATM: Finalize intro {ES}:! ! ! ! 0xe2b2b0
20260908 013302.964 INFO             PET0     OCN-TO-ATM: Finalize intro {ES}:! ! ! ! DistGrid object is valid!<name: DG-Grid003-sloc:0>
20260908 013302.964 INFO             PET0     OCN-TO-ATM: Finalize intro {ES}:! ! ! ! --- DistGrid::log() end ----------------------------------
20260908 013302.964 INFO             PET0     OCN-TO-ATM: Finalize intro {ES}:! ! ! --- Array::log() end -------------------------------------
20260908 013302.964 INFO             PET0     OCN-TO-ATM: Finalize intro {ES}:! !--- FieldLog() end -------------------
20260908 013302.964 INFO             PET0     OCN-TO-ATM: Finalize intro {ES}:--- StateLog() end -------------------
20260908 013302.964 INFO             PET0     OCN-TO-ATM: called default label_ReleaseRouteHandle
20260908 013302.964 INFO             PET0     OCN-TO-ATM: Finalize extro {IS}:--- StateLog() start -----------------
20260908 013302.964 INFO             PET0     OCN-TO-ATM: Finalize extro {IS}:<name: OCN-ExportState> <intent: ESMF_STATEINTENT_EXPORT> <itemCount:    1>
20260908 013302.964 INFO             PET0     OCN-TO-ATM: Finalize extro {IS}:+-<item: 0001> <itemType: Field> <itemName: sst>
20260908 013302.964 INFO             PET0     OCN-TO-ATM: Finalize extro {IS}:!--- FieldLog() start -----------------
20260908 013302.964 INFO             PET0     OCN-TO-ATM: Finalize extro {IS}:! <name: sst> <fieldStatus: ESMF_FIELDSTATUS_COMPLETE>
20260908 013302.965 INFO             PET0     OCN-TO-ATM: Finalize extro {IS}:! 0x7ffe5d4c5940 => 0xd63be0 => 0xdc91e0
20260908 013302.965 INFO             PET0     OCN-TO-ATM: Finalize extro {IS}:! <typekind: Real*8> <rank:    2> <dimCount:    2>
20260908 013302.965 INFO             PET0     OCN-TO-ATM: Finalize extro {IS}:! ! --- Array::log() start -----------------------------------
20260908 013302.965 INFO             PET0     OCN-TO-ATM: Finalize extro {IS}:! ! 0xe35930
20260908 013302.965 INFO             PET0     OCN-TO-ATM: Finalize extro {IS}:! ! <name: sst>
20260908 013302.965 INFO             PET0     OCN-TO-ATM: Finalize extro {IS}:! ! ! --- DistGrid::log() start --------------------------------
20260908 013302.965 INFO             PET0     OCN-TO-ATM: Finalize extro {IS}:! ! ! 0xe36290
20260908 013302.965 INFO             PET0     OCN-TO-ATM: Finalize extro {IS}:! ! ! DistGrid object is valid!<name: DG-Grid003-sloc:0>
20260908 013302.965 INFO             PET0     OCN-TO-ATM: Finalize extro {IS}:! ! ! --- DistGrid::log() end ----------------------------------
20260908 013302.965 INFO             PET0     OCN-TO-ATM: Finalize extro {IS}:! ! --- Array::log() end -------------------------------------
20260908 013302.965 INFO             PET0     OCN-TO-ATM: Finalize extro {IS}:!--- FieldLog() end -------------------
20260908 013302.965 INFO             PET0     OCN-TO-ATM: Finalize extro {IS}:--- StateLog() end -------------------
20260908 013302.965 INFO             PET0     OCN-TO-ATM: Finalize extro {ES}:--- StateLog() start -----------------
20260908 013302.965 INFO             PET0     OCN-TO-ATM: Finalize extro {ES}:<name: ATM-ImportState> <intent: ESMF_STATEINTENT_IMPORT> <itemCount:    1>
20260908 013302.965 INFO             PET0     OCN-TO-ATM: Finalize extro {ES}:+-<item: 0001> <itemType: State> <itemName: ATM-ImportState-namespace:OCN>
20260908 013302.965 INFO             PET0     OCN-TO-ATM: Finalize extro {ES}:! <name: ATM-ImportState-namespace:OCN> <intent: ESMF_STATEINTENT_IMPORT> <itemCount:    1>
20260908 013302.965 INFO             PET0     OCN-TO-ATM: Finalize extro {ES}:! +-<item: 0001> <itemType: Field> <itemName: sea_surface_temperature>
20260908 013302.965 INFO             PET0     OCN-TO-ATM: Finalize extro {ES}:! !--- FieldLog() start -----------------
20260908 013302.965 INFO             PET0     OCN-TO-ATM: Finalize extro {ES}:! ! <name: sea_surface_temperature> <fieldStatus: ESMF_FIELDSTATUS_COMPLETE>
20260908 013302.965 INFO             PET0     OCN-TO-ATM: Finalize extro {ES}:! ! 0x7ffe5d4c4150 => 0xd0a780 => 0xdb5380
20260908 013302.965 INFO             PET0     OCN-TO-ATM: Finalize extro {ES}:! ! <typekind: Real*8> <rank:    2> <dimCount:    2>
20260908 013302.965 INFO             PET0     OCN-TO-ATM: Finalize extro {ES}:! ! ! --- Array::log() start -----------------------------------
20260908 013302.965 INFO             PET0     OCN-TO-ATM: Finalize extro {ES}:! ! ! 0xe695f0
20260908 013302.965 INFO             PET0     OCN-TO-ATM: Finalize extro {ES}:! ! ! <name: sea_surface_temperature>
20260908 013302.965 INFO             PET0     OCN-TO-ATM: Finalize extro {ES}:! ! ! ! --- DistGrid::log() start --------------------------------
20260908 013302.965 INFO             PET0     OCN-TO-ATM: Finalize extro {ES}:! ! ! ! 0xe2b2b0
20260908 013302.965 INFO             PET0     OCN-TO-ATM: Finalize extro {ES}:! ! ! ! DistGrid object is valid!<name: DG-Grid003-sloc:0>
20260908 013302.965 INFO             PET0     OCN-TO-ATM: Finalize extro {ES}:! ! ! ! --- DistGrid::log() end ----------------------------------
20260908 013302.965 INFO             PET0     OCN-TO-ATM: Finalize extro {ES}:! ! ! --- Array::log() end -------------------------------------
20260908 013302.965 INFO             PET0     OCN-TO-ATM: Finalize extro {ES}:! !--- FieldLog() end -------------------
20260908 013302.965 INFO             PET0     OCN-TO-ATM: Finalize extro {ES}:--- StateLog() end -------------------
20260908 013302.965 INFO             PET0   OCN-TO-ATM: Finalize extro.
20260908 013302.965 INFO             PET0   Calling Finalize phase 1 for modelComp: ATM
20260908 013302.966 INFO             PET0   ATM: Finalize intro.
20260908 013302.966 INFO             PET0     ATM: Finalize intro {IS}:--- StateLog() start -----------------
20260908 013302.966 INFO             PET0     ATM: Finalize intro {IS}:<name: ATM-ImportState> <intent: ESMF_STATEINTENT_IMPORT> <itemCount:    1>
20260908 013302.966 INFO             PET0     ATM: Finalize intro {IS}:+-<item: 0001> <itemType: State> <itemName: ATM-ImportState-namespace:OCN>
20260908 013302.966 INFO             PET0     ATM: Finalize intro {IS}:! <name: ATM-ImportState-namespace:OCN> <intent: ESMF_STATEINTENT_IMPORT> <itemCount:    1>
20260908 013302.966 INFO             PET0     ATM: Finalize intro {IS}:! +-<item: 0001> <itemType: Field> <itemName: sea_surface_temperature>
20260908 013302.966 INFO             PET0     ATM: Finalize intro {IS}:! !--- FieldLog() start -----------------
20260908 013302.966 INFO             PET0     ATM: Finalize intro {IS}:! ! <name: sea_surface_temperature> <fieldStatus: ESMF_FIELDSTATUS_COMPLETE>
20260908 013302.966 INFO             PET0     ATM: Finalize intro {IS}:! ! 0x7ffe5d4c5c00 => 0xd0a780 => 0xdb5380
20260908 013302.966 INFO             PET0     ATM: Finalize intro {IS}:! ! <typekind: Real*8> <rank:    2> <dimCount:    2>
20260908 013302.966 INFO             PET0     ATM: Finalize intro {IS}:! ! ! --- Array::log() start -----------------------------------
20260908 013302.966 INFO             PET0     ATM: Finalize intro {IS}:! ! ! 0xe695f0
20260908 013302.966 INFO             PET0     ATM: Finalize intro {IS}:! ! ! <name: sea_surface_temperature>
20260908 013302.966 INFO             PET0     ATM: Finalize intro {IS}:! ! ! ! --- DistGrid::log() start --------------------------------
20260908 013302.966 INFO             PET0     ATM: Finalize intro {IS}:! ! ! ! 0xe2b2b0
20260908 013302.966 INFO             PET0     ATM: Finalize intro {IS}:! ! ! ! DistGrid object is valid!<name: DG-Grid003-sloc:0>
20260908 013302.966 INFO             PET0     ATM: Finalize intro {IS}:! ! ! ! --- DistGrid::log() end ----------------------------------
20260908 013302.966 INFO             PET0     ATM: Finalize intro {IS}:! ! ! --- Array::log() end -------------------------------------
20260908 013302.966 INFO             PET0     ATM: Finalize intro {IS}:! !--- FieldLog() end -------------------
20260908 013302.966 INFO             PET0     ATM: Finalize intro {IS}:--- StateLog() end -------------------
20260908 013302.966 INFO             PET0     ATM: Finalize intro {ES}:--- StateLog() start -----------------
20260908 013302.966 INFO             PET0     ATM: Finalize intro {ES}:<name: ATM-ExportState> <intent: ESMF_STATEINTENT_EXPORT> <itemCount:    0>
20260908 013302.966 INFO             PET0     ATM: Finalize intro {ES}:--- StateLog() end -------------------
20260908 013302.967 INFO             PET0     >>>ATM: entered Finalize (phase=FinalizePhase1) with current time: 2010  6  1  1  0  0   0
20260908 013302.967 INFO             PET0     <<<ATM: leaving Finalize (phase=FinalizePhase1) with current time: 2010  6  1  1  0  0   0
20260908 013302.967 INFO             PET0   ATM: Finalize extro.
20260908 013302.967 INFO             PET0   Calling Finalize phase 1 for modelComp: OCN
20260908 013302.967 INFO             PET0   Delete modelComp: ATM
20260908 013302.967 INFO             PET0   Delete Import-/Export State for modelComp: ATM
20260908 013302.967 INFO             PET0   Delete modelComp: OCN
20260908 013302.967 INFO             PET0   Delete Import-/Export State for modelComp: OCN
20260908 013302.967 INFO             PET0   Delete connectorComp: ATM-TO-OCN
20260908 013302.967 INFO             PET0   Delete connectorComp: OCN-TO-ATM
20260908 013302.967 INFO             PET0   <<<esm: leaving Finalize (phase=FinalizePhase1) with current time: 2010  6  1  1  0  0   0
20260908 013302.967 INFO             PET0 esm: Finalize extro.
20260908 013302.967 INFO             PET0 esmApp FINISHED
20260908 013302.967 INFO             PET0  Finalizing ESMF
20260908 013302.141 INFO             PET1 !!!!!!!!!!!!!!!!!!!!!!!!!!!!!!!!!!!!!!!!!!!!!!!!!!!!!!
20260908 013302.141 INFO             PET1 !!! THE ESMF_LOG IS SET TO OUTPUT ALL LOG MESSAGES !!!
20260908 013302.141 INFO             PET1 !!!     THIS MAY CAUSE SLOWDOWN IN PERFORMANCE     !!!
20260908 013302.141 INFO             PET1 !!! FOR PRODUCTION RUNS, USE:                      !!!
20260908 013302.141 INFO             PET1 !!!                   ESMF_LOGKIND_Multi_On_Error  !!!
20260908 013302.141 INFO             PET1 !!!!!!!!!!!!!!!!!!!!!!!!!!!!!!!!!!!!!!!!!!!!!!!!!!!!!!
20260908 013302.141 INFO             PET1 Running with ESMF Version   : feature/esmx-cmake+gdd1288b46b
20260908 013302.141 INFO             PET1 ESMF library build date/time: "Sep  7 2026" "23:49:07"
20260908 013302.141 INFO             PET1 ESMF library build location : /scratch3/NCEPDEV/stmp/Gerhard.Theurich/ESMF-Nightly-Testing-Hera/nvhpc_24.1_openmpi_g_feature_esmx-cmake/esmf
20260908 013302.141 INFO             PET1 ESMF_COMM                   : openmpi
20260908 013302.142 INFO             PET1 ESMF_MOAB                   : enabled
20260908 013302.142 INFO             PET1 ESMF_LAPACK                 : enabled
20260908 013302.142 INFO             PET1 ESMF_NETCDF                 : disabled
20260908 013302.142 INFO             PET1 ESMF_PNETCDF                : disabled
20260908 013302.142 INFO             PET1 ESMF_PIO                    : disabled
20260908 013302.142 INFO             PET1 ESMF_YAMLCPP                : enabled
20260908 013302.142 INFO             PET1 esmApp STARTING
20260908 013302.156 INFO             PET1 esm: InitializeGeneric intro.
20260908 013302.156 INFO             PET1   esm: InitializeGeneric intro {IS}:--- StateLog() start -----------------
20260908 013302.156 INFO             PET1   esm: InitializeGeneric intro {IS}:State object is invalid! Not created or deleted!
20260908 013302.156 INFO             PET1   esm: InitializeGeneric intro {IS}:--- StateLog() end -------------------
20260908 013302.156 INFO             PET1   esm: InitializeGeneric intro {ES}:--- StateLog() start -----------------
20260908 013302.156 INFO             PET1   esm: InitializeGeneric intro {ES}:State object is invalid! Not created or deleted!
20260908 013302.156 INFO             PET1   esm: InitializeGeneric intro {ES}:--- StateLog() end -------------------
20260908 013302.156 INFO             PET1   >>>esm: entered Initialize (phase=<none>) without valid internal Clock.
20260908 013302.157 INFO             PET1   esm: InitializeP0 intro.
20260908 013302.157 INFO             PET1     esm: InitializeP0 intro {IS}:--- StateLog() start -----------------
20260908 013302.157 INFO             PET1     esm: InitializeP0 intro {IS}:State object is invalid! Not created or deleted!
20260908 013302.157 INFO             PET1     esm: InitializeP0 intro {IS}:--- StateLog() end -------------------
20260908 013302.157 INFO             PET1     esm: InitializeP0 intro {ES}:--- StateLog() start -----------------
20260908 013302.157 INFO             PET1     esm: InitializeP0 intro {ES}:State object is invalid! Not created or deleted!
20260908 013302.157 INFO             PET1     esm: InitializeP0 intro {ES}:--- StateLog() end -------------------
20260908 013302.157 INFO             PET1     >>>esm: entered Initialize (phase=<none>) without valid internal Clock.
20260908 013302.158 INFO             PET1     <<<esm: leaving Initialize (phase=<none>) without valid internal Clock.
20260908 013302.158 INFO             PET1     esm: InitializeP0 extro {IS}:--- StateLog() start -----------------
20260908 013302.158 INFO             PET1     esm: InitializeP0 extro {IS}:State object is invalid! Not created or deleted!
20260908 013302.158 INFO             PET1     esm: InitializeP0 extro {IS}:--- StateLog() end -------------------
20260908 013302.158 INFO             PET1     esm: InitializeP0 extro {ES}:--- StateLog() start -----------------
20260908 013302.158 INFO             PET1     esm: InitializeP0 extro {ES}:State object is invalid! Not created or deleted!
20260908 013302.158 INFO             PET1     esm: InitializeP0 extro {ES}:--- StateLog() end -------------------
20260908 013302.158 INFO             PET1   esm: InitializeP0 extro.
20260908 013302.158 INFO             PET1   esm: InitializeIPDv02p1 intro.
20260908 013302.158 INFO             PET1     esm: InitializeIPDv02p1 intro {IS}:--- StateLog() start -----------------
20260908 013302.158 INFO             PET1     esm: InitializeIPDv02p1 intro {IS}:State object is invalid! Not created or deleted!
20260908 013302.158 INFO             PET1     esm: InitializeIPDv02p1 intro {IS}:--- StateLog() end -------------------
20260908 013302.158 INFO             PET1     esm: InitializeIPDv02p1 intro {ES}:--- StateLog() start -----------------
20260908 013302.158 INFO             PET1     esm: InitializeIPDv02p1 intro {ES}:State object is invalid! Not created or deleted!
20260908 013302.158 INFO             PET1     esm: InitializeIPDv02p1 intro {ES}:--- StateLog() end -------------------
20260908 013302.159 INFO             PET1     >>>esm: entered Initialize (phase=<none>) without valid internal Clock.
20260908 013302.161 INFO             PET1     esm - Creating model component ATM with petList of size 2 :
20260908 013302.161 INFO             PET1           0      1
20260908 013302.172 INFO             PET1     esm - Creating model component OCN with petList of size 2 :
20260908 013302.172 INFO             PET1           2      3
20260908 013302.173 INFO             PET1     esm - Creating connector component ATM-TO-OCN with petList of size 4 :
20260908 013302.173 INFO             PET1           0      1      2      3
20260908 013302.203 INFO             PET1     esm - Creating connector component OCN-TO-ATM with petList of size 4 :
20260908 013302.203 INFO             PET1           2      3      0      1
20260908 013302.226 INFO             PET1     esm - Creating state: modelComp 1 Import State
20260908 013302.226 INFO             PET1     esm - Creating state: modelComp 1 Export State
20260908 013302.228 INFO             PET1     esm - Creating state: modelComp 2 Import State
20260908 013302.228 INFO             PET1     esm - Creating state: modelComp 2 Export State
20260908 013302.232 INFO             PET1     ATM: InitializeP0 intro.
20260908 013302.232 INFO             PET1       ATM: InitializeP0 intro {IS}:--- StateLog() start -----------------
20260908 013302.232 INFO             PET1       ATM: InitializeP0 intro {IS}:<name: ATM-ImportState> <intent: ESMF_STATEINTENT_IMPORT> <itemCount:    0>
20260908 013302.232 INFO             PET1       ATM: InitializeP0 intro {IS}:--- StateLog() end -------------------
20260908 013302.232 INFO             PET1       ATM: InitializeP0 intro {ES}:--- StateLog() start -----------------
20260908 013302.232 INFO             PET1       ATM: InitializeP0 intro {ES}:<name: ATM-ExportState> <intent: ESMF_STATEINTENT_EXPORT> <itemCount:    0>
20260908 013302.232 INFO             PET1       ATM: InitializeP0 intro {ES}:--- StateLog() end -------------------
20260908 013302.233 INFO             PET1       >>>ATM: entered Initialize (phase=<none>) without valid internal Clock.
20260908 013302.238 INFO             PET1       <<<ATM: leaving Initialize (phase=<none>) without valid internal Clock.
20260908 013302.238 INFO             PET1       ATM: InitializeP0 extro {IS}:--- StateLog() start -----------------
20260908 013302.238 INFO             PET1       ATM: InitializeP0 extro {IS}:<name: ATM-ImportState> <intent: ESMF_STATEINTENT_IMPORT> <itemCount:    0>
20260908 013302.238 INFO             PET1       ATM: InitializeP0 extro {IS}:--- StateLog() end -------------------
20260908 013302.238 INFO             PET1       ATM: InitializeP0 extro {ES}:--- StateLog() start -----------------
20260908 013302.238 INFO             PET1       ATM: InitializeP0 extro {ES}:<name: ATM-ExportState> <intent: ESMF_STATEINTENT_EXPORT> <itemCount:    0>
20260908 013302.238 INFO             PET1       ATM: InitializeP0 extro {ES}:--- StateLog() end -------------------
20260908 013302.238 INFO             PET1     ATM: InitializeP0 extro.
20260908 013302.244 INFO             PET1     ATM-TO-OCN: InitializeP0 intro.
20260908 013302.244 INFO             PET1       ATM-TO-OCN: InitializeP0 intro {IS}:--- StateLog() start -----------------
20260908 013302.244 INFO             PET1       ATM-TO-OCN: InitializeP0 intro {IS}:<name: ATM-ExportState> <intent: ESMF_STATEINTENT_EXPORT> <itemCount:    0>
20260908 013302.244 INFO             PET1       ATM-TO-OCN: InitializeP0 intro {IS}:--- StateLog() end -------------------
20260908 013302.244 INFO             PET1       ATM-TO-OCN: InitializeP0 intro {ES}:--- StateLog() start -----------------
20260908 013302.244 INFO             PET1       ATM-TO-OCN: InitializeP0 intro {ES}:<name: OCN-ImportState> <intent: ESMF_STATEINTENT_IMPORT> <itemCount:    0>
20260908 013302.244 INFO             PET1       ATM-TO-OCN: InitializeP0 intro {ES}:--- StateLog() end -------------------
20260908 013302.246 INFO             PET1       ATM-TO-OCN: InitializeP0 extro {IS}:--- StateLog() start -----------------
20260908 013302.246 INFO             PET1       ATM-TO-OCN: InitializeP0 extro {IS}:<name: ATM-ExportState> <intent: ESMF_STATEINTENT_EXPORT> <itemCount:    0>
20260908 013302.246 INFO             PET1       ATM-TO-OCN: InitializeP0 extro {IS}:--- StateLog() end -------------------
20260908 013302.246 INFO             PET1       ATM-TO-OCN: InitializeP0 extro {ES}:--- StateLog() start -----------------
20260908 013302.246 INFO             PET1       ATM-TO-OCN: InitializeP0 extro {ES}:<name: OCN-ImportState> <intent: ESMF_STATEINTENT_IMPORT> <itemCount:    0>
20260908 013302.246 INFO             PET1       ATM-TO-OCN: InitializeP0 extro {ES}:--- StateLog() end -------------------
20260908 013302.246 INFO             PET1     ATM-TO-OCN: InitializeP0 extro.
20260908 013302.248 INFO             PET1     OCN-TO-ATM: InitializeP0 intro.
20260908 013302.248 INFO             PET1       OCN-TO-ATM: InitializeP0 intro {IS}:--- StateLog() start -----------------
20260908 013302.248 INFO             PET1       OCN-TO-ATM: InitializeP0 intro {IS}:<name: OCN-ExportState> <intent: ESMF_STATEINTENT_EXPORT> <itemCount:    0>
20260908 013302.248 INFO             PET1       OCN-TO-ATM: InitializeP0 intro {IS}:--- StateLog() end -------------------
20260908 013302.248 INFO             PET1       OCN-TO-ATM: InitializeP0 intro {ES}:--- StateLog() start -----------------
20260908 013302.249 INFO             PET1       OCN-TO-ATM: InitializeP0 intro {ES}:<name: ATM-ImportState> <intent: ESMF_STATEINTENT_IMPORT> <itemCount:    0>
20260908 013302.249 INFO             PET1       OCN-TO-ATM: InitializeP0 intro {ES}:--- StateLog() end -------------------
20260908 013302.251 INFO             PET1       OCN-TO-ATM: InitializeP0 extro {IS}:--- StateLog() start -----------------
20260908 013302.251 INFO             PET1       OCN-TO-ATM: InitializeP0 extro {IS}:<name: OCN-ExportState> <intent: ESMF_STATEINTENT_EXPORT> <itemCount:    0>
20260908 013302.251 INFO             PET1       OCN-TO-ATM: InitializeP0 extro {IS}:--- StateLog() end -------------------
20260908 013302.251 INFO             PET1       OCN-TO-ATM: InitializeP0 extro {ES}:--- StateLog() start -----------------
20260908 013302.251 INFO             PET1       OCN-TO-ATM: InitializeP0 extro {ES}:<name: ATM-ImportState> <intent: ESMF_STATEINTENT_IMPORT> <itemCount:    0>
20260908 013302.251 INFO             PET1       OCN-TO-ATM: InitializeP0 extro {ES}:--- StateLog() end -------------------
20260908 013302.251 INFO             PET1     OCN-TO-ATM: InitializeP0 extro.
20260908 013302.256 INFO             PET1     esm: IInitAdvertise intro.
20260908 013302.256 INFO             PET1       esm: IInitAdvertise intro {IS}:--- StateLog() start -----------------
20260908 013302.256 INFO             PET1       esm: IInitAdvertise intro {IS}:State object is invalid! Not created or deleted!
20260908 013302.256 INFO             PET1       esm: IInitAdvertise intro {IS}:--- StateLog() end -------------------
20260908 013302.256 INFO             PET1       esm: IInitAdvertise intro {ES}:--- StateLog() start -----------------
20260908 013302.256 INFO             PET1       esm: IInitAdvertise intro {ES}:State object is invalid! Not created or deleted!
20260908 013302.256 INFO             PET1       esm: IInitAdvertise intro {ES}:--- StateLog() end -------------------
20260908 013302.257 INFO             PET1       >>>esm: entered Initialize (phase=<none>) with current time: 2010  6  1  0  0  0   0
20260908 013302.257 INFO             PET1       <<<esm: leaving Initialize (phase=<none>) with current time: 2010  6  1  0  0  0   0
20260908 013302.257 INFO             PET1       esm: IInitAdvertise extro {IS}:--- StateLog() start -----------------
20260908 013302.257 INFO             PET1       esm: IInitAdvertise extro {IS}:State object is invalid! Not created or deleted!
20260908 013302.257 INFO             PET1       esm: IInitAdvertise extro {IS}:--- StateLog() end -------------------
20260908 013302.257 INFO             PET1       esm: IInitAdvertise extro {ES}:--- StateLog() start -----------------
20260908 013302.257 INFO             PET1       esm: IInitAdvertise extro {ES}:State object is invalid! Not created or deleted!
20260908 013302.257 INFO             PET1       esm: IInitAdvertise extro {ES}:--- StateLog() end -------------------
20260908 013302.257 INFO             PET1     esm: IInitAdvertise extro.
20260908 013302.258 INFO             PET1     ATM: InitializeIPDvXp01 intro.
20260908 013302.258 INFO             PET1       ATM: InitializeIPDvXp01 intro {IS}:--- StateLog() start -----------------
20260908 013302.258 INFO             PET1       ATM: InitializeIPDvXp01 intro {IS}:<name: ATM-ImportState> <intent: ESMF_STATEINTENT_IMPORT> <itemCount:    0>
20260908 013302.258 INFO             PET1       ATM: InitializeIPDvXp01 intro {IS}:--- StateLog() end -------------------
20260908 013302.258 INFO             PET1       ATM: InitializeIPDvXp01 intro {ES}:--- StateLog() start -----------------
20260908 013302.258 INFO             PET1       ATM: InitializeIPDvXp01 intro {ES}:<name: ATM-ExportState> <intent: ESMF_STATEINTENT_EXPORT> <itemCount:    0>
20260908 013302.258 INFO             PET1       ATM: InitializeIPDvXp01 intro {ES}:--- StateLog() end -------------------
20260908 013302.258 INFO             PET1       >>>ATM: entered Initialize (phase=IPDvXp01) without valid internal Clock.
20260908 013302.259 INFO             PET1       <<<ATM: leaving Initialize (phase=IPDvXp01) without valid internal Clock.
20260908 013302.259 INFO             PET1       ATM: InitializeIPDvXp01 extro {IS}:--- StateLog() start -----------------
20260908 013302.259 INFO             PET1       ATM: InitializeIPDvXp01 extro {IS}:<name: ATM-ImportState> <intent: ESMF_STATEINTENT_IMPORT> <itemCount:    0>
20260908 013302.259 INFO             PET1       ATM: InitializeIPDvXp01 extro {IS}:--- StateLog() end -------------------
20260908 013302.259 INFO             PET1       ATM: InitializeIPDvXp01 extro {ES}:--- StateLog() start -----------------
20260908 013302.259 INFO             PET1       ATM: InitializeIPDvXp01 extro {ES}:<name: ATM-ExportState> <intent: ESMF_STATEINTENT_EXPORT> <itemCount:    0>
20260908 013302.259 INFO             PET1       ATM: InitializeIPDvXp01 extro {ES}:--- StateLog() end -------------------
20260908 013302.259 INFO             PET1     ATM: InitializeIPDvXp01 extro.
20260908 013302.267 INFO             PET1     ATM-TO-OCN: InitializeIPDv05p1 intro.
20260908 013302.267 INFO             PET1       ATM-TO-OCN: InitializeIPDv05p1 intro {IS}:--- StateLog() start -----------------
20260908 013302.267 INFO             PET1       ATM-TO-OCN: InitializeIPDv05p1 intro {IS}:<name: ATM-ExportState> <intent: ESMF_STATEINTENT_EXPORT> <itemCount:    0>
20260908 013302.267 INFO             PET1       ATM-TO-OCN: InitializeIPDv05p1 intro {IS}:--- StateLog() end -------------------
20260908 013302.267 INFO             PET1       ATM-TO-OCN: InitializeIPDv05p1 intro {ES}:--- StateLog() start -----------------
20260908 013302.267 INFO             PET1       ATM-TO-OCN: InitializeIPDv05p1 intro {ES}:<name: OCN-ImportState> <intent: ESMF_STATEINTENT_IMPORT> <itemCount:    0>
20260908 013302.267 INFO             PET1       ATM-TO-OCN: InitializeIPDv05p1 intro {ES}:--- StateLog() end -------------------
20260908 013302.267 INFO             PET1       ATM-TO-OCN: importState FieldTransferPolicy = transferNone
20260908 013302.267 INFO             PET1       ATM-TO-OCN: exportState FieldTransferPolicy = transferNone
20260908 013302.267 INFO             PET1       ATM-TO-OCN: InitializeIPDv05p1 extro {IS}:--- StateLog() start -----------------
20260908 013302.267 INFO             PET1       ATM-TO-OCN: InitializeIPDv05p1 extro {IS}:<name: ATM-ExportState> <intent: ESMF_STATEINTENT_EXPORT> <itemCount:    0>
20260908 013302.267 INFO             PET1       ATM-TO-OCN: InitializeIPDv05p1 extro {IS}:--- StateLog() end -------------------
20260908 013302.267 INFO             PET1       ATM-TO-OCN: InitializeIPDv05p1 extro {ES}:--- StateLog() start -----------------
20260908 013302.267 INFO             PET1       ATM-TO-OCN: InitializeIPDv05p1 extro {ES}:<name: OCN-ImportState> <intent: ESMF_STATEINTENT_IMPORT> <itemCount:    0>
20260908 013302.267 INFO             PET1       ATM-TO-OCN: InitializeIPDv05p1 extro {ES}:--- StateLog() end -------------------
20260908 013302.267 INFO             PET1     ATM-TO-OCN: InitializeIPDv05p1 extro.
20260908 013302.268 INFO             PET1     OCN-TO-ATM: InitializeIPDv05p1 intro.
20260908 013302.268 INFO             PET1       OCN-TO-ATM: InitializeIPDv05p1 intro {IS}:--- StateLog() start -----------------
20260908 013302.268 INFO             PET1       OCN-TO-ATM: InitializeIPDv05p1 intro {IS}:<name: OCN-ExportState> <intent: ESMF_STATEINTENT_EXPORT> <itemCount:    0>
20260908 013302.268 INFO             PET1       OCN-TO-ATM: InitializeIPDv05p1 intro {IS}:--- StateLog() end -------------------
20260908 013302.268 INFO             PET1       OCN-TO-ATM: InitializeIPDv05p1 intro {ES}:--- StateLog() start -----------------
20260908 013302.268 INFO             PET1       OCN-TO-ATM: InitializeIPDv05p1 intro {ES}:<name: ATM-ImportState> <intent: ESMF_STATEINTENT_IMPORT> <itemCount:    0>
20260908 013302.268 INFO             PET1       OCN-TO-ATM: InitializeIPDv05p1 intro {ES}:--- StateLog() end -------------------
20260908 013302.273 INFO             PET1       OCN-TO-ATM: importState FieldTransferPolicy = transferNone
20260908 013302.273 INFO             PET1       OCN-TO-ATM: exportState FieldTransferPolicy = transferAllWithNamespace
20260908 013302.274 INFO             PET1       OCN-TO-ATM: mirroring: sea_surface_temperature into acceptorState: ATM-ImportState-namespace:OCN
20260908 013302.278 INFO             PET1       OCN-TO-ATM: InitializeIPDv05p1 extro {IS}:--- StateLog() start -----------------
20260908 013302.278 INFO             PET1       OCN-TO-ATM: InitializeIPDv05p1 extro {IS}:<name: OCN-ExportState> <intent: ESMF_STATEINTENT_EXPORT> <itemCount:    1>
20260908 013302.278 INFO             PET1       OCN-TO-ATM: InitializeIPDv05p1 extro {IS}:+-<item: 0001> <itemType: Field> <itemName: sst>
20260908 013302.278 INFO             PET1       OCN-TO-ATM: InitializeIPDv05p1 extro {IS}:!--- FieldLog() start -----------------
20260908 013302.278 INFO             PET1       OCN-TO-ATM: InitializeIPDv05p1 extro {IS}:! <name: sst> <fieldStatus: ESMF_FIELDSTATUS_EMPTY>
20260908 013302.278 INFO             PET1       OCN-TO-ATM: InitializeIPDv05p1 extro {IS}:! 0x7ffcde44d6c0 => 0xf6fde0 => 0xfb04d0
20260908 013302.278 INFO             PET1       OCN-TO-ATM: InitializeIPDv05p1 extro {IS}:!--- FieldLog() end -------------------
20260908 013302.278 INFO             PET1       OCN-TO-ATM: InitializeIPDv05p1 extro {IS}:--- StateLog() end -------------------
20260908 013302.278 INFO             PET1       OCN-TO-ATM: InitializeIPDv05p1 extro {ES}:--- StateLog() start -----------------
20260908 013302.278 INFO             PET1       OCN-TO-ATM: InitializeIPDv05p1 extro {ES}:<name: ATM-ImportState> <intent: ESMF_STATEINTENT_IMPORT> <itemCount:    1>
20260908 013302.278 INFO             PET1       OCN-TO-ATM: InitializeIPDv05p1 extro {ES}:+-<item: 0001> <itemType: State> <itemName: ATM-ImportState-namespace:OCN>
20260908 013302.278 INFO             PET1       OCN-TO-ATM: InitializeIPDv05p1 extro {ES}:! <name: ATM-ImportState-namespace:OCN> <intent: ESMF_STATEINTENT_IMPORT> <itemCount:    1>
20260908 013302.278 INFO             PET1       OCN-TO-ATM: InitializeIPDv05p1 extro {ES}:! +-<item: 0001> <itemType: Field> <itemName: sea_surface_temperature>
20260908 013302.278 INFO             PET1       OCN-TO-ATM: InitializeIPDv05p1 extro {ES}:! !--- FieldLog() start -----------------
20260908 013302.278 INFO             PET1       OCN-TO-ATM: InitializeIPDv05p1 extro {ES}:! ! <name: sea_surface_temperature> <fieldStatus: ESMF_FIELDSTATUS_EMPTY>
20260908 013302.278 INFO             PET1       OCN-TO-ATM: InitializeIPDv05p1 extro {ES}:! ! 0x7ffcde44bed0 => 0xf371d0 => 0xf37400
20260908 013302.278 INFO             PET1       OCN-TO-ATM: InitializeIPDv05p1 extro {ES}:! !--- FieldLog() end -------------------
20260908 013302.278 INFO             PET1       OCN-TO-ATM: InitializeIPDv05p1 extro {ES}:--- StateLog() end -------------------
20260908 013302.278 INFO             PET1     OCN-TO-ATM: InitializeIPDv05p1 extro.
20260908 013302.279 INFO             PET1     esm: IInitAdvertiseFinish intro.
20260908 013302.279 INFO             PET1       esm: IInitAdvertiseFinish intro {IS}:--- StateLog() start -----------------
20260908 013302.279 INFO             PET1       esm: IInitAdvertiseFinish intro {IS}:State object is invalid! Not created or deleted!
20260908 013302.279 INFO             PET1       esm: IInitAdvertiseFinish intro {IS}:--- StateLog() end -------------------
20260908 013302.279 INFO             PET1       esm: IInitAdvertiseFinish intro {ES}:--- StateLog() start -----------------
20260908 013302.279 INFO             PET1       esm: IInitAdvertiseFinish intro {ES}:State object is invalid! Not created or deleted!
20260908 013302.279 INFO             PET1       esm: IInitAdvertiseFinish intro {ES}:--- StateLog() end -------------------
20260908 013302.279 INFO             PET1       >>>esm: entered Initialize (phase=<none>) with current time: 2010  6  1  0  0  0   0
20260908 013302.280 INFO             PET1       <<<esm: leaving Initialize (phase=<none>) with current time: 2010  6  1  0  0  0   0
20260908 013302.280 INFO             PET1       esm: IInitAdvertiseFinish extro {IS}:--- StateLog() start -----------------
20260908 013302.280 INFO             PET1       esm: IInitAdvertiseFinish extro {IS}:State object is invalid! Not created or deleted!
20260908 013302.280 INFO             PET1       esm: IInitAdvertiseFinish extro {IS}:--- StateLog() end -------------------
20260908 013302.280 INFO             PET1       esm: IInitAdvertiseFinish extro {ES}:--- StateLog() start -----------------
20260908 013302.280 INFO             PET1       esm: IInitAdvertiseFinish extro {ES}:State object is invalid! Not created or deleted!
20260908 013302.280 INFO             PET1       esm: IInitAdvertiseFinish extro {ES}:--- StateLog() end -------------------
20260908 013302.280 INFO             PET1     esm: IInitAdvertiseFinish extro.
20260908 013302.281 INFO             PET1     ATM-TO-OCN: InitializeIPDv05p2a intro.
20260908 013302.281 INFO             PET1       ATM-TO-OCN: InitializeIPDv05p2a intro {IS}:--- StateLog() start -----------------
20260908 013302.281 INFO             PET1       ATM-TO-OCN: InitializeIPDv05p2a intro {IS}:<name: ATM-ExportState> <intent: ESMF_STATEINTENT_EXPORT> <itemCount:    0>
20260908 013302.281 INFO             PET1       ATM-TO-OCN: InitializeIPDv05p2a intro {IS}:--- StateLog() end -------------------
20260908 013302.281 INFO             PET1       ATM-TO-OCN: InitializeIPDv05p2a intro {ES}:--- StateLog() start -----------------
20260908 013302.281 INFO             PET1       ATM-TO-OCN: InitializeIPDv05p2a intro {ES}:<name: OCN-ImportState> <intent: ESMF_STATEINTENT_IMPORT> <itemCount:    0>
20260908 013302.281 INFO             PET1       ATM-TO-OCN: InitializeIPDv05p2a intro {ES}:--- StateLog() end -------------------
20260908 013302.281 INFO             PET1       ATM-TO-OCN: InitializeIPDv05p2a extro {IS}:--- StateLog() start -----------------
20260908 013302.281 INFO             PET1       ATM-TO-OCN: InitializeIPDv05p2a extro {IS}:<name: ATM-ExportState> <intent: ESMF_STATEINTENT_EXPORT> <itemCount:    0>
20260908 013302.281 INFO             PET1       ATM-TO-OCN: InitializeIPDv05p2a extro {IS}:--- StateLog() end -------------------
20260908 013302.281 INFO             PET1       ATM-TO-OCN: InitializeIPDv05p2a extro {ES}:--- StateLog() start -----------------
20260908 013302.281 INFO             PET1       ATM-TO-OCN: InitializeIPDv05p2a extro {ES}:<name: OCN-ImportState> <intent: ESMF_STATEINTENT_IMPORT> <itemCount:    0>
20260908 013302.281 INFO             PET1       ATM-TO-OCN: InitializeIPDv05p2a extro {ES}:--- StateLog() end -------------------
20260908 013302.281 INFO             PET1     ATM-TO-OCN: InitializeIPDv05p2a extro.
20260908 013302.282 INFO             PET1     OCN-TO-ATM: InitializeIPDv05p2a intro.
20260908 013302.282 INFO             PET1       OCN-TO-ATM: InitializeIPDv05p2a intro {IS}:--- StateLog() start -----------------
20260908 013302.282 INFO             PET1       OCN-TO-ATM: InitializeIPDv05p2a intro {IS}:<name: OCN-ExportState> <intent: ESMF_STATEINTENT_EXPORT> <itemCount:    1>
20260908 013302.282 INFO             PET1       OCN-TO-ATM: InitializeIPDv05p2a intro {IS}:+-<item: 0001> <itemType: Field> <itemName: sst>
20260908 013302.282 INFO             PET1       OCN-TO-ATM: InitializeIPDv05p2a intro {IS}:!--- FieldLog() start -----------------
20260908 013302.282 INFO             PET1       OCN-TO-ATM: InitializeIPDv05p2a intro {IS}:! <name: sst> <fieldStatus: ESMF_FIELDSTATUS_EMPTY>
20260908 013302.282 INFO             PET1       OCN-TO-ATM: InitializeIPDv05p2a intro {IS}:! 0x7ffcde452db0 => 0xf6fde0 => 0xfb04d0
20260908 013302.282 INFO             PET1       OCN-TO-ATM: InitializeIPDv05p2a intro {IS}:!--- FieldLog() end -------------------
20260908 013302.282 INFO             PET1       OCN-TO-ATM: InitializeIPDv05p2a intro {IS}:--- StateLog() end -------------------
20260908 013302.282 INFO             PET1       OCN-TO-ATM: InitializeIPDv05p2a intro {ES}:--- StateLog() start -----------------
20260908 013302.282 INFO             PET1       OCN-TO-ATM: InitializeIPDv05p2a intro {ES}:<name: ATM-ImportState> <intent: ESMF_STATEINTENT_IMPORT> <itemCount:    1>
20260908 013302.282 INFO             PET1       OCN-TO-ATM: InitializeIPDv05p2a intro {ES}:+-<item: 0001> <itemType: State> <itemName: ATM-ImportState-namespace:OCN>
20260908 013302.282 INFO             PET1       OCN-TO-ATM: InitializeIPDv05p2a intro {ES}:! <name: ATM-ImportState-namespace:OCN> <intent: ESMF_STATEINTENT_IMPORT> <itemCount:    1>
20260908 013302.282 INFO             PET1       OCN-TO-ATM: InitializeIPDv05p2a intro {ES}:! +-<item: 0001> <itemType: Field> <itemName: sea_surface_temperature>
20260908 013302.282 INFO             PET1       OCN-TO-ATM: InitializeIPDv05p2a intro {ES}:! !--- FieldLog() start -----------------
20260908 013302.282 INFO             PET1       OCN-TO-ATM: InitializeIPDv05p2a intro {ES}:! ! <name: sea_surface_temperature> <fieldStatus: ESMF_FIELDSTATUS_EMPTY>
20260908 013302.282 INFO             PET1       OCN-TO-ATM: InitializeIPDv05p2a intro {ES}:! ! 0x7ffcde4515c0 => 0xf371d0 => 0xf37400
20260908 013302.282 INFO             PET1       OCN-TO-ATM: InitializeIPDv05p2a intro {ES}:! !--- FieldLog() end -------------------
20260908 013302.282 INFO             PET1       OCN-TO-ATM: InitializeIPDv05p2a intro {ES}:--- StateLog() end -------------------
20260908 013302.291 INFO             PET1       OCN-TO-ATM:      importStandardNameList(i=  1): sea_surface_temperature
20260908 013302.291 INFO             PET1       OCN-TO-ATM:         importNamespaceList(i=  1): OCN
20260908 013302.291 INFO             PET1       OCN-TO-ATM:            importCplSetList(i=  1): __UNSPECIFIED__
20260908 013302.291 INFO             PET1       OCN-TO-ATM:      exportStandardNameList(j=  1): sea_surface_temperature
20260908 013302.291 INFO             PET1       OCN-TO-ATM:         exportNamespaceList(j=  1): ATM:OCN
20260908 013302.292 INFO             PET1       OCN-TO-ATM:            exportCplSetList(j=  1): __UNSPECIFIED__
20260908 013302.292 INFO             PET1       OCN-TO-ATM: bondLevel= 2
20260908 013302.292 INFO             PET1       OCN-TO-ATM: ProducerConnection (bondLevelMax):         2
20260908 013302.292 INFO             PET1       OCN-TO-ATM: InitializeIPDv05p2a extro {IS}:--- StateLog() start -----------------
20260908 013302.292 INFO             PET1       OCN-TO-ATM: InitializeIPDv05p2a extro {IS}:<name: OCN-ExportState> <intent: ESMF_STATEINTENT_EXPORT> <itemCount:    1>
20260908 013302.292 INFO             PET1       OCN-TO-ATM: InitializeIPDv05p2a extro {IS}:+-<item: 0001> <itemType: Field> <itemName: sst>
20260908 013302.292 INFO             PET1       OCN-TO-ATM: InitializeIPDv05p2a extro {IS}:!--- FieldLog() start -----------------
20260908 013302.292 INFO             PET1       OCN-TO-ATM: InitializeIPDv05p2a extro {IS}:! <name: sst> <fieldStatus: ESMF_FIELDSTATUS_EMPTY>
20260908 013302.292 INFO             PET1       OCN-TO-ATM: InitializeIPDv05p2a extro {IS}:! 0x7ffcde452f80 => 0xf6fde0 => 0x1033d10
20260908 013302.292 INFO             PET1       OCN-TO-ATM: InitializeIPDv05p2a extro {IS}:!--- FieldLog() end -------------------
20260908 013302.292 INFO             PET1       OCN-TO-ATM: InitializeIPDv05p2a extro {IS}:--- StateLog() end -------------------
20260908 013302.292 INFO             PET1       OCN-TO-ATM: InitializeIPDv05p2a extro {ES}:--- StateLog() start -----------------
20260908 013302.292 INFO             PET1       OCN-TO-ATM: InitializeIPDv05p2a extro {ES}:<name: ATM-ImportState> <intent: ESMF_STATEINTENT_IMPORT> <itemCount:    1>
20260908 013302.292 INFO             PET1       OCN-TO-ATM: InitializeIPDv05p2a extro {ES}:+-<item: 0001> <itemType: State> <itemName: ATM-ImportState-namespace:OCN>
20260908 013302.292 INFO             PET1       OCN-TO-ATM: InitializeIPDv05p2a extro {ES}:! <name: ATM-ImportState-namespace:OCN> <intent: ESMF_STATEINTENT_IMPORT> <itemCount:    1>
20260908 013302.292 INFO             PET1       OCN-TO-ATM: InitializeIPDv05p2a extro {ES}:! +-<item: 0001> <itemType: Field> <itemName: sea_surface_temperature>
20260908 013302.292 INFO             PET1       OCN-TO-ATM: InitializeIPDv05p2a extro {ES}:! !--- FieldLog() start -----------------
20260908 013302.292 INFO             PET1       OCN-TO-ATM: InitializeIPDv05p2a extro {ES}:! ! <name: sea_surface_temperature> <fieldStatus: ESMF_FIELDSTATUS_EMPTY>
20260908 013302.292 INFO             PET1       OCN-TO-ATM: InitializeIPDv05p2a extro {ES}:! ! 0x7ffcde451790 => 0xf371d0 => 0xf37400
20260908 013302.292 INFO             PET1       OCN-TO-ATM: InitializeIPDv05p2a extro {ES}:! !--- FieldLog() end -------------------
20260908 013302.292 INFO             PET1       OCN-TO-ATM: InitializeIPDv05p2a extro {ES}:--- StateLog() end -------------------
20260908 013302.292 INFO             PET1     OCN-TO-ATM: InitializeIPDv05p2a extro.
20260908 013302.293 INFO             PET1     ATM-TO-OCN: InitializeIPDv05p2b intro.
20260908 013302.293 INFO             PET1       ATM-TO-OCN: InitializeIPDv05p2b intro {IS}:--- StateLog() start -----------------
20260908 013302.293 INFO             PET1       ATM-TO-OCN: InitializeIPDv05p2b intro {IS}:<name: ATM-ExportState> <intent: ESMF_STATEINTENT_EXPORT> <itemCount:    0>
20260908 013302.293 INFO             PET1       ATM-TO-OCN: InitializeIPDv05p2b intro {IS}:--- StateLog() end -------------------
20260908 013302.293 INFO             PET1       ATM-TO-OCN: InitializeIPDv05p2b intro {ES}:--- StateLog() start -----------------
20260908 013302.293 INFO             PET1       ATM-TO-OCN: InitializeIPDv05p2b intro {ES}:<name: OCN-ImportState> <intent: ESMF_STATEINTENT_IMPORT> <itemCount:    0>
20260908 013302.293 INFO             PET1       ATM-TO-OCN: InitializeIPDv05p2b intro {ES}:--- StateLog() end -------------------
20260908 013302.295 INFO             PET1       ATM-TO-OCN: InitializeIPDv05p2b extro {IS}:--- StateLog() start -----------------
20260908 013302.295 INFO             PET1       ATM-TO-OCN: InitializeIPDv05p2b extro {IS}:<name: ATM-ExportState> <intent: ESMF_STATEINTENT_EXPORT> <itemCount:    0>
20260908 013302.295 INFO             PET1       ATM-TO-OCN: InitializeIPDv05p2b extro {IS}:--- StateLog() end -------------------
20260908 013302.295 INFO             PET1       ATM-TO-OCN: InitializeIPDv05p2b extro {ES}:--- StateLog() start -----------------
20260908 013302.295 INFO             PET1       ATM-TO-OCN: InitializeIPDv05p2b extro {ES}:<name: OCN-ImportState> <intent: ESMF_STATEINTENT_IMPORT> <itemCount:    0>
20260908 013302.295 INFO             PET1       ATM-TO-OCN: InitializeIPDv05p2b extro {ES}:--- StateLog() end -------------------
20260908 013302.295 INFO             PET1     ATM-TO-OCN: InitializeIPDv05p2b extro.
20260908 013302.296 INFO             PET1     OCN-TO-ATM: InitializeIPDv05p2b intro.
20260908 013302.296 INFO             PET1       OCN-TO-ATM: InitializeIPDv05p2b intro {IS}:--- StateLog() start -----------------
20260908 013302.296 INFO             PET1       OCN-TO-ATM: InitializeIPDv05p2b intro {IS}:<name: OCN-ExportState> <intent: ESMF_STATEINTENT_EXPORT> <itemCount:    1>
20260908 013302.296 INFO             PET1       OCN-TO-ATM: InitializeIPDv05p2b intro {IS}:+-<item: 0001> <itemType: Field> <itemName: sst>
20260908 013302.296 INFO             PET1       OCN-TO-ATM: InitializeIPDv05p2b intro {IS}:!--- FieldLog() start -----------------
20260908 013302.296 INFO             PET1       OCN-TO-ATM: InitializeIPDv05p2b intro {IS}:! <name: sst> <fieldStatus: ESMF_FIELDSTATUS_EMPTY>
20260908 013302.296 INFO             PET1       OCN-TO-ATM: InitializeIPDv05p2b intro {IS}:! 0x7ffcde451b60 => 0xf6fde0 => 0x1033d10
20260908 013302.296 INFO             PET1       OCN-TO-ATM: InitializeIPDv05p2b intro {IS}:!--- FieldLog() end -------------------
20260908 013302.296 INFO             PET1       OCN-TO-ATM: InitializeIPDv05p2b intro {IS}:--- StateLog() end -------------------
20260908 013302.296 INFO             PET1       OCN-TO-ATM: InitializeIPDv05p2b intro {ES}:--- StateLog() start -----------------
20260908 013302.296 INFO             PET1       OCN-TO-ATM: InitializeIPDv05p2b intro {ES}:<name: ATM-ImportState> <intent: ESMF_STATEINTENT_IMPORT> <itemCount:    1>
20260908 013302.296 INFO             PET1       OCN-TO-ATM: InitializeIPDv05p2b intro {ES}:+-<item: 0001> <itemType: State> <itemName: ATM-ImportState-namespace:OCN>
20260908 013302.296 INFO             PET1       OCN-TO-ATM: InitializeIPDv05p2b intro {ES}:! <name: ATM-ImportState-namespace:OCN> <intent: ESMF_STATEINTENT_IMPORT> <itemCount:    1>
20260908 013302.296 INFO             PET1       OCN-TO-ATM: InitializeIPDv05p2b intro {ES}:! +-<item: 0001> <itemType: Field> <itemName: sea_surface_temperature>
20260908 013302.296 INFO             PET1       OCN-TO-ATM: InitializeIPDv05p2b intro {ES}:! !--- FieldLog() start -----------------
20260908 013302.296 INFO             PET1       OCN-TO-ATM: InitializeIPDv05p2b intro {ES}:! ! <name: sea_surface_temperature> <fieldStatus: ESMF_FIELDSTATUS_EMPTY>
20260908 013302.296 INFO             PET1       OCN-TO-ATM: InitializeIPDv05p2b intro {ES}:! ! 0x7ffcde450370 => 0xf371d0 => 0xf37400
20260908 013302.296 INFO             PET1       OCN-TO-ATM: InitializeIPDv05p2b intro {ES}:! !--- FieldLog() end -------------------
20260908 013302.296 INFO             PET1       OCN-TO-ATM: InitializeIPDv05p2b intro {ES}:--- StateLog() end -------------------
20260908 013302.305 INFO             PET1       OCN-TO-ATM:      importStandardNameList(i=  1): sea_surface_temperature
20260908 013302.305 INFO             PET1       OCN-TO-ATM:         importNamespaceList(i=  1): OCN
20260908 013302.305 INFO             PET1       OCN-TO-ATM:            importCplSetList(i=  1): __UNSPECIFIED__
20260908 013302.305 INFO             PET1       OCN-TO-ATM:      exportStandardNameList(j=  1): sea_surface_temperature
20260908 013302.305 INFO             PET1       OCN-TO-ATM:         exportNamespaceList(j=  1): ATM:OCN
20260908 013302.305 INFO             PET1       OCN-TO-ATM:            exportCplSetList(j=  1): __UNSPECIFIED__
20260908 013302.305 INFO             PET1       OCN-TO-ATM: bondLevel= 2
20260908 013302.305 INFO             PET1       OCN-TO-ATM: => added cplList(  1)=sea_surface_temperature, cplSetList(  1)=__UNSPECIFIED__
20260908 013302.306 INFO             PET1       OCN-TO-ATM: InitializeIPDv05p2b extro {IS}:--- StateLog() start -----------------
20260908 013302.306 INFO             PET1       OCN-TO-ATM: InitializeIPDv05p2b extro {IS}:<name: OCN-ExportState> <intent: ESMF_STATEINTENT_EXPORT> <itemCount:    1>
20260908 013302.306 INFO             PET1       OCN-TO-ATM: InitializeIPDv05p2b extro {IS}:+-<item: 0001> <itemType: Field> <itemName: sst>
20260908 013302.306 INFO             PET1       OCN-TO-ATM: InitializeIPDv05p2b extro {IS}:!--- FieldLog() start -----------------
20260908 013302.306 INFO             PET1       OCN-TO-ATM: InitializeIPDv05p2b extro {IS}:! <name: sst> <fieldStatus: ESMF_FIELDSTATUS_EMPTY>
20260908 013302.306 INFO             PET1       OCN-TO-ATM: InitializeIPDv05p2b extro {IS}:! 0x7ffcde451d30 => 0xf6fde0 => 0xfb04d0
20260908 013302.306 INFO             PET1       OCN-TO-ATM: InitializeIPDv05p2b extro {IS}:!--- FieldLog() end -------------------
20260908 013302.306 INFO             PET1       OCN-TO-ATM: InitializeIPDv05p2b extro {IS}:--- StateLog() end -------------------
20260908 013302.306 INFO             PET1       OCN-TO-ATM: InitializeIPDv05p2b extro {ES}:--- StateLog() start -----------------
20260908 013302.306 INFO             PET1       OCN-TO-ATM: InitializeIPDv05p2b extro {ES}:<name: ATM-ImportState> <intent: ESMF_STATEINTENT_IMPORT> <itemCount:    1>
20260908 013302.306 INFO             PET1       OCN-TO-ATM: InitializeIPDv05p2b extro {ES}:+-<item: 0001> <itemType: State> <itemName: ATM-ImportState-namespace:OCN>
20260908 013302.306 INFO             PET1       OCN-TO-ATM: InitializeIPDv05p2b extro {ES}:! <name: ATM-ImportState-namespace:OCN> <intent: ESMF_STATEINTENT_IMPORT> <itemCount:    1>
20260908 013302.306 INFO             PET1       OCN-TO-ATM: InitializeIPDv05p2b extro {ES}:! +-<item: 0001> <itemType: Field> <itemName: sea_surface_temperature>
20260908 013302.306 INFO             PET1       OCN-TO-ATM: InitializeIPDv05p2b extro {ES}:! !--- FieldLog() start -----------------
20260908 013302.306 INFO             PET1       OCN-TO-ATM: InitializeIPDv05p2b extro {ES}:! ! <name: sea_surface_temperature> <fieldStatus: ESMF_FIELDSTATUS_EMPTY>
20260908 013302.306 INFO             PET1       OCN-TO-ATM: InitializeIPDv05p2b extro {ES}:! ! 0x7ffcde450540 => 0xf371d0 => 0xf37400
20260908 013302.306 INFO             PET1       OCN-TO-ATM: InitializeIPDv05p2b extro {ES}:! !--- FieldLog() end -------------------
20260908 013302.306 INFO             PET1       OCN-TO-ATM: InitializeIPDv05p2b extro {ES}:--- StateLog() end -------------------
20260908 013302.306 INFO             PET1     OCN-TO-ATM: InitializeIPDv05p2b extro.
20260908 013302.307 INFO             PET1     esm: IInitModifyCplLists intro.
20260908 013302.307 INFO             PET1       esm: IInitModifyCplLists intro {IS}:--- StateLog() start -----------------
20260908 013302.307 INFO             PET1       esm: IInitModifyCplLists intro {IS}:State object is invalid! Not created or deleted!
20260908 013302.307 INFO             PET1       esm: IInitModifyCplLists intro {IS}:--- StateLog() end -------------------
20260908 013302.307 INFO             PET1       esm: IInitModifyCplLists intro {ES}:--- StateLog() start -----------------
20260908 013302.307 INFO             PET1       esm: IInitModifyCplLists intro {ES}:State object is invalid! Not created or deleted!
20260908 013302.307 INFO             PET1       esm: IInitModifyCplLists intro {ES}:--- StateLog() end -------------------
20260908 013302.307 INFO             PET1       >>>esm: entered Initialize (phase=<none>) with current time: 2010  6  1  0  0  0   0
20260908 013302.308 INFO             PET1       <<<esm: leaving Initialize (phase=<none>) with current time: 2010  6  1  0  0  0   0
20260908 013302.308 INFO             PET1       esm: IInitModifyCplLists extro {IS}:--- StateLog() start -----------------
20260908 013302.308 INFO             PET1       esm: IInitModifyCplLists extro {IS}:State object is invalid! Not created or deleted!
20260908 013302.308 INFO             PET1       esm: IInitModifyCplLists extro {IS}:--- StateLog() end -------------------
20260908 013302.308 INFO             PET1       esm: IInitModifyCplLists extro {ES}:--- StateLog() start -----------------
20260908 013302.308 INFO             PET1       esm: IInitModifyCplLists extro {ES}:State object is invalid! Not created or deleted!
20260908 013302.308 INFO             PET1       esm: IInitModifyCplLists extro {ES}:--- StateLog() end -------------------
20260908 013302.308 INFO             PET1     esm: IInitModifyCplLists extro.
20260908 013302.309 INFO             PET1     ATM-TO-OCN: InitializeIPDv05p3 intro.
20260908 013302.309 INFO             PET1       ATM-TO-OCN: InitializeIPDv05p3 intro {IS}:--- StateLog() start -----------------
20260908 013302.309 INFO             PET1       ATM-TO-OCN: InitializeIPDv05p3 intro {IS}:<name: ATM-ExportState> <intent: ESMF_STATEINTENT_EXPORT> <itemCount:    0>
20260908 013302.309 INFO             PET1       ATM-TO-OCN: InitializeIPDv05p3 intro {IS}:--- StateLog() end -------------------
20260908 013302.309 INFO             PET1       ATM-TO-OCN: InitializeIPDv05p3 intro {ES}:--- StateLog() start -----------------
20260908 013302.309 INFO             PET1       ATM-TO-OCN: InitializeIPDv05p3 intro {ES}:<name: OCN-ImportState> <intent: ESMF_STATEINTENT_IMPORT> <itemCount:    0>
20260908 013302.309 INFO             PET1       ATM-TO-OCN: InitializeIPDv05p3 intro {ES}:--- StateLog() end -------------------
20260908 013302.311 INFO             PET1       ATM-TO-OCN: InitializeIPDv05p3 extro {IS}:--- StateLog() start -----------------
20260908 013302.311 INFO             PET1       ATM-TO-OCN: InitializeIPDv05p3 extro {IS}:<name: ATM-ExportState> <intent: ESMF_STATEINTENT_EXPORT> <itemCount:    0>
20260908 013302.311 INFO             PET1       ATM-TO-OCN: InitializeIPDv05p3 extro {IS}:--- StateLog() end -------------------
20260908 013302.311 INFO             PET1       ATM-TO-OCN: InitializeIPDv05p3 extro {ES}:--- StateLog() start -----------------
20260908 013302.311 INFO             PET1       ATM-TO-OCN: InitializeIPDv05p3 extro {ES}:<name: OCN-ImportState> <intent: ESMF_STATEINTENT_IMPORT> <itemCount:    0>
20260908 013302.311 INFO             PET1       ATM-TO-OCN: InitializeIPDv05p3 extro {ES}:--- StateLog() end -------------------
20260908 013302.311 INFO             PET1     ATM-TO-OCN: InitializeIPDv05p3 extro.
20260908 013302.312 INFO             PET1     OCN-TO-ATM: InitializeIPDv05p3 intro.
20260908 013302.312 INFO             PET1       OCN-TO-ATM: InitializeIPDv05p3 intro {IS}:--- StateLog() start -----------------
20260908 013302.312 INFO             PET1       OCN-TO-ATM: InitializeIPDv05p3 intro {IS}:<name: OCN-ExportState> <intent: ESMF_STATEINTENT_EXPORT> <itemCount:    1>
20260908 013302.312 INFO             PET1       OCN-TO-ATM: InitializeIPDv05p3 intro {IS}:+-<item: 0001> <itemType: Field> <itemName: sst>
20260908 013302.312 INFO             PET1       OCN-TO-ATM: InitializeIPDv05p3 intro {IS}:!--- FieldLog() start -----------------
20260908 013302.312 INFO             PET1       OCN-TO-ATM: InitializeIPDv05p3 intro {IS}:! <name: sst> <fieldStatus: ESMF_FIELDSTATUS_EMPTY>
20260908 013302.312 INFO             PET1       OCN-TO-ATM: InitializeIPDv05p3 intro {IS}:! 0x7ffcde4458b0 => 0xf6fde0 => 0xfb04d0
20260908 013302.312 INFO             PET1       OCN-TO-ATM: InitializeIPDv05p3 intro {IS}:!--- FieldLog() end -------------------
20260908 013302.312 INFO             PET1       OCN-TO-ATM: InitializeIPDv05p3 intro {IS}:--- StateLog() end -------------------
20260908 013302.312 INFO             PET1       OCN-TO-ATM: InitializeIPDv05p3 intro {ES}:--- StateLog() start -----------------
20260908 013302.312 INFO             PET1       OCN-TO-ATM: InitializeIPDv05p3 intro {ES}:<name: ATM-ImportState> <intent: ESMF_STATEINTENT_IMPORT> <itemCount:    1>
20260908 013302.312 INFO             PET1       OCN-TO-ATM: InitializeIPDv05p3 intro {ES}:+-<item: 0001> <itemType: State> <itemName: ATM-ImportState-namespace:OCN>
20260908 013302.312 INFO             PET1       OCN-TO-ATM: InitializeIPDv05p3 intro {ES}:! <name: ATM-ImportState-namespace:OCN> <intent: ESMF_STATEINTENT_IMPORT> <itemCount:    1>
20260908 013302.312 INFO             PET1       OCN-TO-ATM: InitializeIPDv05p3 intro {ES}:! +-<item: 0001> <itemType: Field> <itemName: sea_surface_temperature>
20260908 013302.312 INFO             PET1       OCN-TO-ATM: InitializeIPDv05p3 intro {ES}:! !--- FieldLog() start -----------------
20260908 013302.312 INFO             PET1       OCN-TO-ATM: InitializeIPDv05p3 intro {ES}:! ! <name: sea_surface_temperature> <fieldStatus: ESMF_FIELDSTATUS_EMPTY>
20260908 013302.312 INFO             PET1       OCN-TO-ATM: InitializeIPDv05p3 intro {ES}:! ! 0x7ffcde4440c0 => 0xf371d0 => 0xf37400
20260908 013302.312 INFO             PET1       OCN-TO-ATM: InitializeIPDv05p3 intro {ES}:! !--- FieldLog() end -------------------
20260908 013302.312 INFO             PET1       OCN-TO-ATM: InitializeIPDv05p3 intro {ES}:--- StateLog() end -------------------
20260908 013302.322 INFO             PET1       OCN-TO-ATM: handle cplList(1): sea_surface_temperature, cplSetList(1): __UNSPECIFIED__
20260908 013302.322 INFO             PET1       OCN-TO-ATM: - connected.
20260908 013302.322 INFO             PET1       OCN-TO-ATM: - import side must provide, export side may accept the Field/GeomObject.
20260908 013302.324 INFO             PET1       OCN-TO-ATM: - combination of provider and acceptor VM does NOT support Field and/or GeomObject sharing between them.
20260908 013302.324 INFO             PET1       OCN-TO-ATM: InitializeIPDv05p3 extro {IS}:--- StateLog() start -----------------
20260908 013302.324 INFO             PET1       OCN-TO-ATM: InitializeIPDv05p3 extro {IS}:<name: OCN-ExportState> <intent: ESMF_STATEINTENT_EXPORT> <itemCount:    1>
20260908 013302.324 INFO             PET1       OCN-TO-ATM: InitializeIPDv05p3 extro {IS}:+-<item: 0001> <itemType: Field> <itemName: sst>
20260908 013302.324 INFO             PET1       OCN-TO-ATM: InitializeIPDv05p3 extro {IS}:!--- FieldLog() start -----------------
20260908 013302.324 INFO             PET1       OCN-TO-ATM: InitializeIPDv05p3 extro {IS}:! <name: sst> <fieldStatus: ESMF_FIELDSTATUS_EMPTY>
20260908 013302.324 INFO             PET1       OCN-TO-ATM: InitializeIPDv05p3 extro {IS}:! 0x7ffcde445a80 => 0xf6fde0 => 0x1046a40
20260908 013302.324 INFO             PET1       OCN-TO-ATM: InitializeIPDv05p3 extro {IS}:!--- FieldLog() end -------------------
20260908 013302.324 INFO             PET1       OCN-TO-ATM: InitializeIPDv05p3 extro {IS}:--- StateLog() end -------------------
20260908 013302.324 INFO             PET1       OCN-TO-ATM: InitializeIPDv05p3 extro {ES}:--- StateLog() start -----------------
20260908 013302.324 INFO             PET1       OCN-TO-ATM: InitializeIPDv05p3 extro {ES}:<name: ATM-ImportState> <intent: ESMF_STATEINTENT_IMPORT> <itemCount:    1>
20260908 013302.325 INFO             PET1       OCN-TO-ATM: InitializeIPDv05p3 extro {ES}:+-<item: 0001> <itemType: State> <itemName: ATM-ImportState-namespace:OCN>
20260908 013302.325 INFO             PET1       OCN-TO-ATM: InitializeIPDv05p3 extro {ES}:! <name: ATM-ImportState-namespace:OCN> <intent: ESMF_STATEINTENT_IMPORT> <itemCount:    1>
20260908 013302.325 INFO             PET1       OCN-TO-ATM: InitializeIPDv05p3 extro {ES}:! +-<item: 0001> <itemType: Field> <itemName: sea_surface_temperature>
20260908 013302.325 INFO             PET1       OCN-TO-ATM: InitializeIPDv05p3 extro {ES}:! !--- FieldLog() start -----------------
20260908 013302.325 INFO             PET1       OCN-TO-ATM: InitializeIPDv05p3 extro {ES}:! ! <name: sea_surface_temperature> <fieldStatus: ESMF_FIELDSTATUS_EMPTY>
20260908 013302.325 INFO             PET1       OCN-TO-ATM: InitializeIPDv05p3 extro {ES}:! ! 0x7ffcde444290 => 0xf371d0 => 0xf37400
20260908 013302.325 INFO             PET1       OCN-TO-ATM: InitializeIPDv05p3 extro {ES}:! !--- FieldLog() end -------------------
20260908 013302.325 INFO             PET1       OCN-TO-ATM: InitializeIPDv05p3 extro {ES}:--- StateLog() end -------------------
20260908 013302.325 INFO             PET1     OCN-TO-ATM: InitializeIPDv05p3 extro.
20260908 013302.325 INFO             PET1     <<<esm: leaving Initialize (phase=<none>) with current time: 2010  6  1  0  0  0   0
20260908 013302.325 INFO             PET1     esm: InitializeIPDv02p1 extro {IS}:--- StateLog() start -----------------
20260908 013302.325 INFO             PET1     esm: InitializeIPDv02p1 extro {IS}:State object is invalid! Not created or deleted!
20260908 013302.325 INFO             PET1     esm: InitializeIPDv02p1 extro {IS}:--- StateLog() end -------------------
20260908 013302.325 INFO             PET1     esm: InitializeIPDv02p1 extro {ES}:--- StateLog() start -----------------
20260908 013302.325 INFO             PET1     esm: InitializeIPDv02p1 extro {ES}:State object is invalid! Not created or deleted!
20260908 013302.325 INFO             PET1     esm: InitializeIPDv02p1 extro {ES}:--- StateLog() end -------------------
20260908 013302.325 INFO             PET1   esm: InitializeIPDv02p1 extro.
20260908 013302.326 INFO             PET1   esm: InitializeIPDv02p3 intro.
20260908 013302.326 INFO             PET1     esm: InitializeIPDv02p3 intro {IS}:--- StateLog() start -----------------
20260908 013302.326 INFO             PET1     esm: InitializeIPDv02p3 intro {IS}:State object is invalid! Not created or deleted!
20260908 013302.326 INFO             PET1     esm: InitializeIPDv02p3 intro {IS}:--- StateLog() end -------------------
20260908 013302.326 INFO             PET1     esm: InitializeIPDv02p3 intro {ES}:--- StateLog() start -----------------
20260908 013302.326 INFO             PET1     esm: InitializeIPDv02p3 intro {ES}:State object is invalid! Not created or deleted!
20260908 013302.326 INFO             PET1     esm: InitializeIPDv02p3 intro {ES}:--- StateLog() end -------------------
20260908 013302.326 INFO             PET1     >>>esm: entered Initialize (phase=<none>) with current time: 2010  6  1  0  0  0   0
20260908 013302.327 INFO             PET1     esm: IInitCheck intro.
20260908 013302.327 INFO             PET1       esm: IInitCheck intro {IS}:--- StateLog() start -----------------
20260908 013302.327 INFO             PET1       esm: IInitCheck intro {IS}:State object is invalid! Not created or deleted!
20260908 013302.327 INFO             PET1       esm: IInitCheck intro {IS}:--- StateLog() end -------------------
20260908 013302.327 INFO             PET1       esm: IInitCheck intro {ES}:--- StateLog() start -----------------
20260908 013302.327 INFO             PET1       esm: IInitCheck intro {ES}:State object is invalid! Not created or deleted!
20260908 013302.327 INFO             PET1       esm: IInitCheck intro {ES}:--- StateLog() end -------------------
20260908 013302.327 INFO             PET1       >>>esm: entered Initialize (phase=<none>) with current time: 2010  6  1  0  0  0   0
20260908 013302.328 INFO             PET1       <<<esm: leaving Initialize (phase=<none>) with current time: 2010  6  1  0  0  0   0
20260908 013302.328 INFO             PET1       esm: IInitCheck extro {IS}:--- StateLog() start -----------------
20260908 013302.328 INFO             PET1       esm: IInitCheck extro {IS}:State object is invalid! Not created or deleted!
20260908 013302.328 INFO             PET1       esm: IInitCheck extro {IS}:--- StateLog() end -------------------
20260908 013302.328 INFO             PET1       esm: IInitCheck extro {ES}:--- StateLog() start -----------------
20260908 013302.328 INFO             PET1       esm: IInitCheck extro {ES}:State object is invalid! Not created or deleted!
20260908 013302.328 INFO             PET1       esm: IInitCheck extro {ES}:--- StateLog() end -------------------
20260908 013302.328 INFO             PET1     esm: IInitCheck extro.
20260908 013302.340 INFO             PET1     ATM-TO-OCN: InitializeIPDv05p4 intro.
20260908 013302.340 INFO             PET1       ATM-TO-OCN: InitializeIPDv05p4 intro {IS}:--- StateLog() start -----------------
20260908 013302.340 INFO             PET1       ATM-TO-OCN: InitializeIPDv05p4 intro {IS}:<name: ATM-ExportState> <intent: ESMF_STATEINTENT_EXPORT> <itemCount:    0>
20260908 013302.340 INFO             PET1       ATM-TO-OCN: InitializeIPDv05p4 intro {IS}:--- StateLog() end -------------------
20260908 013302.340 INFO             PET1       ATM-TO-OCN: InitializeIPDv05p4 intro {ES}:--- StateLog() start -----------------
20260908 013302.340 INFO             PET1       ATM-TO-OCN: InitializeIPDv05p4 intro {ES}:<name: OCN-ImportState> <intent: ESMF_STATEINTENT_IMPORT> <itemCount:    0>
20260908 013302.340 INFO             PET1       ATM-TO-OCN: InitializeIPDv05p4 intro {ES}:--- StateLog() end -------------------
20260908 013302.341 INFO             PET1       ATM-TO-OCN: InitializeIPDv05p4 extro {IS}:--- StateLog() start -----------------
20260908 013302.341 INFO             PET1       ATM-TO-OCN: InitializeIPDv05p4 extro {IS}:<name: ATM-ExportState> <intent: ESMF_STATEINTENT_EXPORT> <itemCount:    0>
20260908 013302.341 INFO             PET1       ATM-TO-OCN: InitializeIPDv05p4 extro {IS}:--- StateLog() end -------------------
20260908 013302.341 INFO             PET1       ATM-TO-OCN: InitializeIPDv05p4 extro {ES}:--- StateLog() start -----------------
20260908 013302.341 INFO             PET1       ATM-TO-OCN: InitializeIPDv05p4 extro {ES}:<name: OCN-ImportState> <intent: ESMF_STATEINTENT_IMPORT> <itemCount:    0>
20260908 013302.341 INFO             PET1       ATM-TO-OCN: InitializeIPDv05p4 extro {ES}:--- StateLog() end -------------------
20260908 013302.341 INFO             PET1     ATM-TO-OCN: InitializeIPDv05p4 extro.
20260908 013302.341 INFO             PET1     OCN-TO-ATM: InitializeIPDv05p4 intro.
20260908 013302.341 INFO             PET1       OCN-TO-ATM: InitializeIPDv05p4 intro {IS}:--- StateLog() start -----------------
20260908 013302.341 INFO             PET1       OCN-TO-ATM: InitializeIPDv05p4 intro {IS}:<name: OCN-ExportState> <intent: ESMF_STATEINTENT_EXPORT> <itemCount:    1>
20260908 013302.341 INFO             PET1       OCN-TO-ATM: InitializeIPDv05p4 intro {IS}:+-<item: 0001> <itemType: Field> <itemName: sst>
20260908 013302.341 INFO             PET1       OCN-TO-ATM: InitializeIPDv05p4 intro {IS}:!--- FieldLog() start -----------------
20260908 013302.341 INFO             PET1       OCN-TO-ATM: InitializeIPDv05p4 intro {IS}:! <name: sst> <fieldStatus: ESMF_FIELDSTATUS_EMPTY>
20260908 013302.341 INFO             PET1       OCN-TO-ATM: InitializeIPDv05p4 intro {IS}:! 0x7ffcde4480d0 => 0xf6fde0 => 0x1046a40
20260908 013302.341 INFO             PET1       OCN-TO-ATM: InitializeIPDv05p4 intro {IS}:!--- FieldLog() end -------------------
20260908 013302.341 INFO             PET1       OCN-TO-ATM: InitializeIPDv05p4 intro {IS}:--- StateLog() end -------------------
20260908 013302.341 INFO             PET1       OCN-TO-ATM: InitializeIPDv05p4 intro {ES}:--- StateLog() start -----------------
20260908 013302.342 INFO             PET1       OCN-TO-ATM: InitializeIPDv05p4 intro {ES}:<name: ATM-ImportState> <intent: ESMF_STATEINTENT_IMPORT> <itemCount:    1>
20260908 013302.342 INFO             PET1       OCN-TO-ATM: InitializeIPDv05p4 intro {ES}:+-<item: 0001> <itemType: State> <itemName: ATM-ImportState-namespace:OCN>
20260908 013302.342 INFO             PET1       OCN-TO-ATM: InitializeIPDv05p4 intro {ES}:! <name: ATM-ImportState-namespace:OCN> <intent: ESMF_STATEINTENT_IMPORT> <itemCount:    1>
20260908 013302.342 INFO             PET1       OCN-TO-ATM: InitializeIPDv05p4 intro {ES}:! +-<item: 0001> <itemType: Field> <itemName: sea_surface_temperature>
20260908 013302.342 INFO             PET1       OCN-TO-ATM: InitializeIPDv05p4 intro {ES}:! !--- FieldLog() start -----------------
20260908 013302.342 INFO             PET1       OCN-TO-ATM: InitializeIPDv05p4 intro {ES}:! ! <name: sea_surface_temperature> <fieldStatus: ESMF_FIELDSTATUS_EMPTY>
20260908 013302.342 INFO             PET1       OCN-TO-ATM: InitializeIPDv05p4 intro {ES}:! ! 0x7ffcde4468e0 => 0xf371d0 => 0xf37400
20260908 013302.342 INFO             PET1       OCN-TO-ATM: InitializeIPDv05p4 intro {ES}:! !--- FieldLog() end -------------------
20260908 013302.342 INFO             PET1       OCN-TO-ATM: InitializeIPDv05p4 intro {ES}:--- StateLog() end -------------------
20260908 013302.355 INFO             PET1       OCN-TO-ATM: handle cplList(1): sea_surface_temperature, cplSetList(1): __UNSPECIFIED__
20260908 013302.356 INFO             PET1       OCN-TO-ATM: - import ShareStatusGeomObject=not shared
20260908 013302.356 INFO             PET1       OCN-TO-ATM: - export ShareStatusGeomObject=not shared
20260908 013302.356 INFO             PET1       OCN-TO-ATM: -> NOT sharing GeomObject
20260908 013302.356 INFO             PET1       OCN-TO-ATM: - import ShareStatusField=not shared
20260908 013302.356 INFO             PET1       OCN-TO-ATM: - export ShareStatusField=not shared
20260908 013302.356 INFO             PET1       OCN-TO-ATM: -> NOT sharing Field.
20260908 013302.356 INFO             PET1       OCN-TO-ATM:  gridListMatch=  F for provider Grid: Grid003
20260908 013302.356 INFO             PET1       OCN-TO-ATM: - transferring underlying DistGrid (import -> export) for Grid: Grid003
20260908 013302.358 INFO             PET1       OCN-TO-ATM: - done creating acceptorDG from providerDG
20260908 013302.358 INFO             PET1       OCN-TO-ATM: - done transferring underlying DistGrid
20260908 013302.359 INFO             PET1       OCN-TO-ATM: InitializeIPDv05p4 extro {IS}:--- StateLog() start -----------------
20260908 013302.359 INFO             PET1       OCN-TO-ATM: InitializeIPDv05p4 extro {IS}:<name: OCN-ExportState> <intent: ESMF_STATEINTENT_EXPORT> <itemCount:    1>
20260908 013302.359 INFO             PET1       OCN-TO-ATM: InitializeIPDv05p4 extro {IS}:+-<item: 0001> <itemType: Field> <itemName: sst>
20260908 013302.359 INFO             PET1       OCN-TO-ATM: InitializeIPDv05p4 extro {IS}:!--- FieldLog() start -----------------
20260908 013302.359 INFO             PET1       OCN-TO-ATM: InitializeIPDv05p4 extro {IS}:! <name: sst> <fieldStatus: ESMF_FIELDSTATUS_COMPLETE>
20260908 013302.359 INFO             PET1       OCN-TO-ATM: InitializeIPDv05p4 extro {IS}:! 0x7ffcde4482a0 => 0xf6fde0 => 0x1048110
20260908 013302.359 INFO             PET1       OCN-TO-ATM: InitializeIPDv05p4 extro {IS}:! <typekind: Real*8> <rank:    2> <dimCount:    2>
20260908 013302.359 INFO             PET1       OCN-TO-ATM: InitializeIPDv05p4 extro {IS}:! ! --- Array::log() start -----------------------------------
20260908 013302.359 INFO             PET1       OCN-TO-ATM: InitializeIPDv05p4 extro {IS}:! ! 0x1002d90
20260908 013302.359 INFO             PET1       OCN-TO-ATM: InitializeIPDv05p4 extro {IS}:! ! <name: sst>
20260908 013302.359 INFO             PET1       OCN-TO-ATM: InitializeIPDv05p4 extro {IS}:! ! ! --- DistGrid::log() start --------------------------------
20260908 013302.359 INFO             PET1       OCN-TO-ATM: InitializeIPDv05p4 extro {IS}:! ! ! 0x10036f0
20260908 013302.359 INFO             PET1       OCN-TO-ATM: InitializeIPDv05p4 extro {IS}:! ! ! DistGrid object is valid!<name: DG-Grid003-sloc:0>
20260908 013302.359 INFO             PET1       OCN-TO-ATM: InitializeIPDv05p4 extro {IS}:! ! ! --- DistGrid::log() end ----------------------------------
20260908 013302.359 INFO             PET1       OCN-TO-ATM: InitializeIPDv05p4 extro {IS}:! ! --- Array::log() end -------------------------------------
20260908 013302.359 INFO             PET1       OCN-TO-ATM: InitializeIPDv05p4 extro {IS}:!--- FieldLog() end -------------------
20260908 013302.359 INFO             PET1       OCN-TO-ATM: InitializeIPDv05p4 extro {IS}:--- StateLog() end -------------------
20260908 013302.359 INFO             PET1       OCN-TO-ATM: InitializeIPDv05p4 extro {ES}:--- StateLog() start -----------------
20260908 013302.359 INFO             PET1       OCN-TO-ATM: InitializeIPDv05p4 extro {ES}:<name: ATM-ImportState> <intent: ESMF_STATEINTENT_IMPORT> <itemCount:    1>
20260908 013302.359 INFO             PET1       OCN-TO-ATM: InitializeIPDv05p4 extro {ES}:+-<item: 0001> <itemType: State> <itemName: ATM-ImportState-namespace:OCN>
20260908 013302.359 INFO             PET1       OCN-TO-ATM: InitializeIPDv05p4 extro {ES}:! <name: ATM-ImportState-namespace:OCN> <intent: ESMF_STATEINTENT_IMPORT> <itemCount:    1>
20260908 013302.359 INFO             PET1       OCN-TO-ATM: InitializeIPDv05p4 extro {ES}:! +-<item: 0001> <itemType: Field> <itemName: sea_surface_temperature>
20260908 013302.359 INFO             PET1       OCN-TO-ATM: InitializeIPDv05p4 extro {ES}:! !--- FieldLog() start -----------------
20260908 013302.359 INFO             PET1       OCN-TO-ATM: InitializeIPDv05p4 extro {ES}:! ! <name: sea_surface_temperature> <fieldStatus: ESMF_FIELDSTATUS_GEOMSET>
20260908 013302.359 INFO             PET1       OCN-TO-ATM: InitializeIPDv05p4 extro {ES}:! ! 0x7ffcde446ab0 => 0xf371d0 => 0xf37400
20260908 013302.359 INFO             PET1       OCN-TO-ATM: InitializeIPDv05p4 extro {ES}:! !--- FieldLog() end -------------------
20260908 013302.359 INFO             PET1       OCN-TO-ATM: InitializeIPDv05p4 extro {ES}:--- StateLog() end -------------------
20260908 013302.359 INFO             PET1     OCN-TO-ATM: InitializeIPDv05p4 extro.
20260908 013302.360 INFO             PET1     ATM-TO-OCN: InitializeIPDv05p5 intro.
20260908 013302.360 INFO             PET1       ATM-TO-OCN: InitializeIPDv05p5 intro {IS}:--- StateLog() start -----------------
20260908 013302.360 INFO             PET1       ATM-TO-OCN: InitializeIPDv05p5 intro {IS}:<name: ATM-ExportState> <intent: ESMF_STATEINTENT_EXPORT> <itemCount:    0>
20260908 013302.360 INFO             PET1       ATM-TO-OCN: InitializeIPDv05p5 intro {IS}:--- StateLog() end -------------------
20260908 013302.360 INFO             PET1       ATM-TO-OCN: InitializeIPDv05p5 intro {ES}:--- StateLog() start -----------------
20260908 013302.360 INFO             PET1       ATM-TO-OCN: InitializeIPDv05p5 intro {ES}:<name: OCN-ImportState> <intent: ESMF_STATEINTENT_IMPORT> <itemCount:    0>
20260908 013302.360 INFO             PET1       ATM-TO-OCN: InitializeIPDv05p5 intro {ES}:--- StateLog() end -------------------
20260908 013302.361 INFO             PET1       ATM-TO-OCN: InitializeIPDv05p5 extro {IS}:--- StateLog() start -----------------
20260908 013302.361 INFO             PET1       ATM-TO-OCN: InitializeIPDv05p5 extro {IS}:<name: ATM-ExportState> <intent: ESMF_STATEINTENT_EXPORT> <itemCount:    0>
20260908 013302.361 INFO             PET1       ATM-TO-OCN: InitializeIPDv05p5 extro {IS}:--- StateLog() end -------------------
20260908 013302.361 INFO             PET1       ATM-TO-OCN: InitializeIPDv05p5 extro {ES}:--- StateLog() start -----------------
20260908 013302.361 INFO             PET1       ATM-TO-OCN: InitializeIPDv05p5 extro {ES}:<name: OCN-ImportState> <intent: ESMF_STATEINTENT_IMPORT> <itemCount:    0>
20260908 013302.361 INFO             PET1       ATM-TO-OCN: InitializeIPDv05p5 extro {ES}:--- StateLog() end -------------------
20260908 013302.361 INFO             PET1     ATM-TO-OCN: InitializeIPDv05p5 extro.
20260908 013302.362 INFO             PET1     OCN-TO-ATM: InitializeIPDv05p5 intro.
20260908 013302.362 INFO             PET1       OCN-TO-ATM: InitializeIPDv05p5 intro {IS}:--- StateLog() start -----------------
20260908 013302.362 INFO             PET1       OCN-TO-ATM: InitializeIPDv05p5 intro {IS}:<name: OCN-ExportState> <intent: ESMF_STATEINTENT_EXPORT> <itemCount:    1>
20260908 013302.362 INFO             PET1       OCN-TO-ATM: InitializeIPDv05p5 intro {IS}:+-<item: 0001> <itemType: Field> <itemName: sst>
20260908 013302.362 INFO             PET1       OCN-TO-ATM: InitializeIPDv05p5 intro {IS}:!--- FieldLog() start -----------------
20260908 013302.362 INFO             PET1       OCN-TO-ATM: InitializeIPDv05p5 intro {IS}:! <name: sst> <fieldStatus: ESMF_FIELDSTATUS_COMPLETE>
20260908 013302.362 INFO             PET1       OCN-TO-ATM: InitializeIPDv05p5 intro {IS}:! 0x7ffcde44ffe0 => 0xf6fde0 => 0x1048110
20260908 013302.362 INFO             PET1       OCN-TO-ATM: InitializeIPDv05p5 intro {IS}:! <typekind: Real*8> <rank:    2> <dimCount:    2>
20260908 013302.362 INFO             PET1       OCN-TO-ATM: InitializeIPDv05p5 intro {IS}:! ! --- Array::log() start -----------------------------------
20260908 013302.362 INFO             PET1       OCN-TO-ATM: InitializeIPDv05p5 intro {IS}:! ! 0x1002d90
20260908 013302.362 INFO             PET1       OCN-TO-ATM: InitializeIPDv05p5 intro {IS}:! ! <name: sst>
20260908 013302.362 INFO             PET1       OCN-TO-ATM: InitializeIPDv05p5 intro {IS}:! ! ! --- DistGrid::log() start --------------------------------
20260908 013302.362 INFO             PET1       OCN-TO-ATM: InitializeIPDv05p5 intro {IS}:! ! ! 0x10036f0
20260908 013302.362 INFO             PET1       OCN-TO-ATM: InitializeIPDv05p5 intro {IS}:! ! ! DistGrid object is valid!<name: DG-Grid003-sloc:0>
20260908 013302.362 INFO             PET1       OCN-TO-ATM: InitializeIPDv05p5 intro {IS}:! ! ! --- DistGrid::log() end ----------------------------------
20260908 013302.362 INFO             PET1       OCN-TO-ATM: InitializeIPDv05p5 intro {IS}:! ! --- Array::log() end -------------------------------------
20260908 013302.362 INFO             PET1       OCN-TO-ATM: InitializeIPDv05p5 intro {IS}:!--- FieldLog() end -------------------
20260908 013302.362 INFO             PET1       OCN-TO-ATM: InitializeIPDv05p5 intro {IS}:--- StateLog() end -------------------
20260908 013302.362 INFO             PET1       OCN-TO-ATM: InitializeIPDv05p5 intro {ES}:--- StateLog() start -----------------
20260908 013302.362 INFO             PET1       OCN-TO-ATM: InitializeIPDv05p5 intro {ES}:<name: ATM-ImportState> <intent: ESMF_STATEINTENT_IMPORT> <itemCount:    1>
20260908 013302.362 INFO             PET1       OCN-TO-ATM: InitializeIPDv05p5 intro {ES}:+-<item: 0001> <itemType: State> <itemName: ATM-ImportState-namespace:OCN>
20260908 013302.362 INFO             PET1       OCN-TO-ATM: InitializeIPDv05p5 intro {ES}:! <name: ATM-ImportState-namespace:OCN> <intent: ESMF_STATEINTENT_IMPORT> <itemCount:    1>
20260908 013302.362 INFO             PET1       OCN-TO-ATM: InitializeIPDv05p5 intro {ES}:! +-<item: 0001> <itemType: Field> <itemName: sea_surface_temperature>
20260908 013302.362 INFO             PET1       OCN-TO-ATM: InitializeIPDv05p5 intro {ES}:! !--- FieldLog() start -----------------
20260908 013302.362 INFO             PET1       OCN-TO-ATM: InitializeIPDv05p5 intro {ES}:! ! <name: sea_surface_temperature> <fieldStatus: ESMF_FIELDSTATUS_GEOMSET>
20260908 013302.362 INFO             PET1       OCN-TO-ATM: InitializeIPDv05p5 intro {ES}:! ! 0x7ffcde44e7f0 => 0xf371d0 => 0xf37400
20260908 013302.362 INFO             PET1       OCN-TO-ATM: InitializeIPDv05p5 intro {ES}:! !--- FieldLog() end -------------------
20260908 013302.362 INFO             PET1       OCN-TO-ATM: InitializeIPDv05p5 intro {ES}:--- StateLog() end -------------------
20260908 013302.377 INFO             PET1       OCN-TO-ATM: handle cplList(1): sea_surface_temperature, cplSetList(1): __UNSPECIFIED__
20260908 013302.377 INFO             PET1       OCN-TO-ATM: - import ShareStatusGeomObject=not shared
20260908 013302.377 INFO             PET1       OCN-TO-ATM: - export ShareStatusGeomObject=not shared
20260908 013302.377 INFO             PET1       OCN-TO-ATM: -> NOT sharing GeomObject
20260908 013302.377 INFO             PET1       OCN-TO-ATM: - import ShareStatusField=not shared
20260908 013302.377 INFO             PET1       OCN-TO-ATM: - export ShareStatusField=not shared
20260908 013302.377 INFO             PET1       OCN-TO-ATM: -> NOT sharing Field
20260908 013302.377 INFO             PET1       OCN-TO-ATM:  gridListMatch=  F for acceptor Grid: Grid003
20260908 013302.377 INFO             PET1       OCN-TO-ATM: - transferring the full geomobject with coordinates (import -> export) for Grid: Grid003
20260908 013302.429 INFO             PET1       OCN-TO-ATM: - done transferring the full Grid with coordinates
20260908 013302.429 INFO             PET1       OCN-TO-ATM: InitializeIPDv05p5 extro {IS}:--- StateLog() start -----------------
20260908 013302.429 INFO             PET1       OCN-TO-ATM: InitializeIPDv05p5 extro {IS}:<name: OCN-ExportState> <intent: ESMF_STATEINTENT_EXPORT> <itemCount:    1>
20260908 013302.429 INFO             PET1       OCN-TO-ATM: InitializeIPDv05p5 extro {IS}:+-<item: 0001> <itemType: Field> <itemName: sst>
20260908 013302.429 INFO             PET1       OCN-TO-ATM: InitializeIPDv05p5 extro {IS}:!--- FieldLog() start -----------------
20260908 013302.429 INFO             PET1       OCN-TO-ATM: InitializeIPDv05p5 extro {IS}:! <name: sst> <fieldStatus: ESMF_FIELDSTATUS_COMPLETE>
20260908 013302.429 INFO             PET1       OCN-TO-ATM: InitializeIPDv05p5 extro {IS}:! 0x7ffcde4501b0 => 0xf6fde0 => 0x1046a40
20260908 013302.429 INFO             PET1       OCN-TO-ATM: InitializeIPDv05p5 extro {IS}:! <typekind: Real*8> <rank:    2> <dimCount:    2>
20260908 013302.429 INFO             PET1       OCN-TO-ATM: InitializeIPDv05p5 extro {IS}:! ! --- Array::log() start -----------------------------------
20260908 013302.429 INFO             PET1       OCN-TO-ATM: InitializeIPDv05p5 extro {IS}:! ! 0x1056400
20260908 013302.429 INFO             PET1       OCN-TO-ATM: InitializeIPDv05p5 extro {IS}:! ! <name: sst>
20260908 013302.429 INFO             PET1       OCN-TO-ATM: InitializeIPDv05p5 extro {IS}:! ! ! --- DistGrid::log() start --------------------------------
20260908 013302.429 INFO             PET1       OCN-TO-ATM: InitializeIPDv05p5 extro {IS}:! ! ! 0x1056d60
20260908 013302.429 INFO             PET1       OCN-TO-ATM: InitializeIPDv05p5 extro {IS}:! ! ! DistGrid object is valid!<name: DG-Grid003-sloc:0>
20260908 013302.429 INFO             PET1       OCN-TO-ATM: InitializeIPDv05p5 extro {IS}:! ! ! --- DistGrid::log() end ----------------------------------
20260908 013302.429 INFO             PET1       OCN-TO-ATM: InitializeIPDv05p5 extro {IS}:! ! --- Array::log() end -------------------------------------
20260908 013302.429 INFO             PET1       OCN-TO-ATM: InitializeIPDv05p5 extro {IS}:!--- FieldLog() end -------------------
20260908 013302.429 INFO             PET1       OCN-TO-ATM: InitializeIPDv05p5 extro {IS}:--- StateLog() end -------------------
20260908 013302.429 INFO             PET1       OCN-TO-ATM: InitializeIPDv05p5 extro {ES}:--- StateLog() start -----------------
20260908 013302.429 INFO             PET1       OCN-TO-ATM: InitializeIPDv05p5 extro {ES}:<name: ATM-ImportState> <intent: ESMF_STATEINTENT_IMPORT> <itemCount:    1>
20260908 013302.429 INFO             PET1       OCN-TO-ATM: InitializeIPDv05p5 extro {ES}:+-<item: 0001> <itemType: State> <itemName: ATM-ImportState-namespace:OCN>
20260908 013302.430 INFO             PET1       OCN-TO-ATM: InitializeIPDv05p5 extro {ES}:! <name: ATM-ImportState-namespace:OCN> <intent: ESMF_STATEINTENT_IMPORT> <itemCount:    1>
20260908 013302.430 INFO             PET1       OCN-TO-ATM: InitializeIPDv05p5 extro {ES}:! +-<item: 0001> <itemType: Field> <itemName: sea_surface_temperature>
20260908 013302.430 INFO             PET1       OCN-TO-ATM: InitializeIPDv05p5 extro {ES}:! !--- FieldLog() start -----------------
20260908 013302.430 INFO             PET1       OCN-TO-ATM: InitializeIPDv05p5 extro {ES}:! ! <name: sea_surface_temperature> <fieldStatus: ESMF_FIELDSTATUS_GEOMSET>
20260908 013302.430 INFO             PET1       OCN-TO-ATM: InitializeIPDv05p5 extro {ES}:! ! 0x7ffcde44e9c0 => 0xf371d0 => 0xf37400
20260908 013302.430 INFO             PET1       OCN-TO-ATM: InitializeIPDv05p5 extro {ES}:! !--- FieldLog() end -------------------
20260908 013302.430 INFO             PET1       OCN-TO-ATM: InitializeIPDv05p5 extro {ES}:--- StateLog() end -------------------
20260908 013302.430 INFO             PET1     OCN-TO-ATM: InitializeIPDv05p5 extro.
20260908 013302.430 INFO             PET1     esm: IInitRealize intro.
20260908 013302.430 INFO             PET1       esm: IInitRealize intro {IS}:--- StateLog() start -----------------
20260908 013302.431 INFO             PET1       esm: IInitRealize intro {IS}:State object is invalid! Not created or deleted!
20260908 013302.431 INFO             PET1       esm: IInitRealize intro {IS}:--- StateLog() end -------------------
20260908 013302.431 INFO             PET1       esm: IInitRealize intro {ES}:--- StateLog() start -----------------
20260908 013302.431 INFO             PET1       esm: IInitRealize intro {ES}:State object is invalid! Not created or deleted!
20260908 013302.431 INFO             PET1       esm: IInitRealize intro {ES}:--- StateLog() end -------------------
20260908 013302.431 INFO             PET1       >>>esm: entered Initialize (phase=<none>) with current time: 2010  6  1  0  0  0   0
20260908 013302.431 INFO             PET1       <<<esm: leaving Initialize (phase=<none>) with current time: 2010  6  1  0  0  0   0
20260908 013302.431 INFO             PET1       esm: IInitRealize extro {IS}:--- StateLog() start -----------------
20260908 013302.431 INFO             PET1       esm: IInitRealize extro {IS}:State object is invalid! Not created or deleted!
20260908 013302.431 INFO             PET1       esm: IInitRealize extro {IS}:--- StateLog() end -------------------
20260908 013302.431 INFO             PET1       esm: IInitRealize extro {ES}:--- StateLog() start -----------------
20260908 013302.431 INFO             PET1       esm: IInitRealize extro {ES}:State object is invalid! Not created or deleted!
20260908 013302.431 INFO             PET1       esm: IInitRealize extro {ES}:--- StateLog() end -------------------
20260908 013302.431 INFO             PET1     esm: IInitRealize extro.
20260908 013302.432 INFO             PET1     ATM: InitializeIPDvXp06 intro.
20260908 013302.432 INFO             PET1       ATM: InitializeIPDvXp06 intro {IS}:--- StateLog() start -----------------
20260908 013302.432 INFO             PET1       ATM: InitializeIPDvXp06 intro {IS}:<name: ATM-ImportState> <intent: ESMF_STATEINTENT_IMPORT> <itemCount:    1>
20260908 013302.432 INFO             PET1       ATM: InitializeIPDvXp06 intro {IS}:+-<item: 0001> <itemType: State> <itemName: ATM-ImportState-namespace:OCN>
20260908 013302.432 INFO             PET1       ATM: InitializeIPDvXp06 intro {IS}:! <name: ATM-ImportState-namespace:OCN> <intent: ESMF_STATEINTENT_IMPORT> <itemCount:    1>
20260908 013302.432 INFO             PET1       ATM: InitializeIPDvXp06 intro {IS}:! +-<item: 0001> <itemType: Field> <itemName: sea_surface_temperature>
20260908 013302.432 INFO             PET1       ATM: InitializeIPDvXp06 intro {IS}:! !--- FieldLog() start -----------------
20260908 013302.432 INFO             PET1       ATM: InitializeIPDvXp06 intro {IS}:! ! <name: sea_surface_temperature> <fieldStatus: ESMF_FIELDSTATUS_GEOMSET>
20260908 013302.432 INFO             PET1       ATM: InitializeIPDvXp06 intro {IS}:! ! 0x7ffcde4625c0 => 0xf371d0 => 0xf37400
20260908 013302.432 INFO             PET1       ATM: InitializeIPDvXp06 intro {IS}:! !--- FieldLog() end -------------------
20260908 013302.432 INFO             PET1       ATM: InitializeIPDvXp06 intro {IS}:--- StateLog() end -------------------
20260908 013302.432 INFO             PET1       ATM: InitializeIPDvXp06 intro {ES}:--- StateLog() start -----------------
20260908 013302.432 INFO             PET1       ATM: InitializeIPDvXp06 intro {ES}:<name: ATM-ExportState> <intent: ESMF_STATEINTENT_EXPORT> <itemCount:    0>
20260908 013302.432 INFO             PET1       ATM: InitializeIPDvXp06 intro {ES}:--- StateLog() end -------------------
20260908 013302.433 INFO             PET1       >>>ATM: entered Initialize (phase=IPDvXp06) without valid internal Clock.
20260908 013302.433 INFO             PET1       realize sea_surface_temperature import field received from ATM-ImportState-namespace:OCN
20260908 013302.434 INFO             PET1       <<<ATM: leaving Initialize (phase=IPDvXp06) without valid internal Clock.
20260908 013302.434 INFO             PET1       ATM: InitializeIPDvXp06 extro {IS}:--- StateLog() start -----------------
20260908 013302.434 INFO             PET1       ATM: InitializeIPDvXp06 extro {IS}:<name: ATM-ImportState> <intent: ESMF_STATEINTENT_IMPORT> <itemCount:    1>
20260908 013302.434 INFO             PET1       ATM: InitializeIPDvXp06 extro {IS}:+-<item: 0001> <itemType: State> <itemName: ATM-ImportState-namespace:OCN>
20260908 013302.434 INFO             PET1       ATM: InitializeIPDvXp06 extro {IS}:! <name: ATM-ImportState-namespace:OCN> <intent: ESMF_STATEINTENT_IMPORT> <itemCount:    1>
20260908 013302.434 INFO             PET1       ATM: InitializeIPDvXp06 extro {IS}:! +-<item: 0001> <itemType: Field> <itemName: sea_surface_temperature>
20260908 013302.434 INFO             PET1       ATM: InitializeIPDvXp06 extro {IS}:! !--- FieldLog() start -----------------
20260908 013302.434 INFO             PET1       ATM: InitializeIPDvXp06 extro {IS}:! ! <name: sea_surface_temperature> <fieldStatus: ESMF_FIELDSTATUS_COMPLETE>
20260908 013302.434 INFO             PET1       ATM: InitializeIPDvXp06 extro {IS}:! ! 0x7ffcde462790 => 0xf371d0 => 0xf37400
20260908 013302.434 INFO             PET1       ATM: InitializeIPDvXp06 extro {IS}:! ! <typekind: Real*8> <rank:    2> <dimCount:    2>
20260908 013302.434 INFO             PET1       ATM: InitializeIPDvXp06 extro {IS}:! ! ! --- Array::log() start -----------------------------------
20260908 013302.434 INFO             PET1       ATM: InitializeIPDvXp06 extro {IS}:! ! ! 0x1073a00
20260908 013302.434 INFO             PET1       ATM: InitializeIPDvXp06 extro {IS}:! ! ! <name: sea_surface_temperature>
20260908 013302.434 INFO             PET1       ATM: InitializeIPDvXp06 extro {IS}:! ! ! ! --- DistGrid::log() start --------------------------------
20260908 013302.434 INFO             PET1       ATM: InitializeIPDvXp06 extro {IS}:! ! ! ! 0x1003f00
20260908 013302.434 INFO             PET1       ATM: InitializeIPDvXp06 extro {IS}:! ! ! ! DistGrid object is valid!<name: DG-Grid003-sloc:0>
20260908 013302.434 INFO             PET1       ATM: InitializeIPDvXp06 extro {IS}:! ! ! ! --- DistGrid::log() end ----------------------------------
20260908 013302.434 INFO             PET1       ATM: InitializeIPDvXp06 extro {IS}:! ! ! --- Array::log() end -------------------------------------
20260908 013302.434 INFO             PET1       ATM: InitializeIPDvXp06 extro {IS}:! !--- FieldLog() end -------------------
20260908 013302.434 INFO             PET1       ATM: InitializeIPDvXp06 extro {IS}:--- StateLog() end -------------------
20260908 013302.434 INFO             PET1       ATM: InitializeIPDvXp06 extro {ES}:--- StateLog() start -----------------
20260908 013302.434 INFO             PET1       ATM: InitializeIPDvXp06 extro {ES}:<name: ATM-ExportState> <intent: ESMF_STATEINTENT_EXPORT> <itemCount:    0>
20260908 013302.435 INFO             PET1       ATM: InitializeIPDvXp06 extro {ES}:--- StateLog() end -------------------
20260908 013302.435 INFO             PET1     ATM: InitializeIPDvXp06 extro.
20260908 013302.438 INFO             PET1     ATM-TO-OCN: InitializeIPDv05p6a intro.
20260908 013302.438 INFO             PET1       ATM-TO-OCN: InitializeIPDv05p6a intro {IS}:--- StateLog() start -----------------
20260908 013302.438 INFO             PET1       ATM-TO-OCN: InitializeIPDv05p6a intro {IS}:<name: ATM-ExportState> <intent: ESMF_STATEINTENT_EXPORT> <itemCount:    0>
20260908 013302.438 INFO             PET1       ATM-TO-OCN: InitializeIPDv05p6a intro {IS}:--- StateLog() end -------------------
20260908 013302.438 INFO             PET1       ATM-TO-OCN: InitializeIPDv05p6a intro {ES}:--- StateLog() start -----------------
20260908 013302.438 INFO             PET1       ATM-TO-OCN: InitializeIPDv05p6a intro {ES}:<name: OCN-ImportState> <intent: ESMF_STATEINTENT_IMPORT> <itemCount:    0>
20260908 013302.438 INFO             PET1       ATM-TO-OCN: InitializeIPDv05p6a intro {ES}:--- StateLog() end -------------------
20260908 013302.438 INFO             PET1       ATM-TO-OCN: InitializeIPDv05p6a extro {IS}:--- StateLog() start -----------------
20260908 013302.438 INFO             PET1       ATM-TO-OCN: InitializeIPDv05p6a extro {IS}:<name: ATM-ExportState> <intent: ESMF_STATEINTENT_EXPORT> <itemCount:    0>
20260908 013302.438 INFO             PET1       ATM-TO-OCN: InitializeIPDv05p6a extro {IS}:--- StateLog() end -------------------
20260908 013302.438 INFO             PET1       ATM-TO-OCN: InitializeIPDv05p6a extro {ES}:--- StateLog() start -----------------
20260908 013302.438 INFO             PET1       ATM-TO-OCN: InitializeIPDv05p6a extro {ES}:<name: OCN-ImportState> <intent: ESMF_STATEINTENT_IMPORT> <itemCount:    0>
20260908 013302.438 INFO             PET1       ATM-TO-OCN: InitializeIPDv05p6a extro {ES}:--- StateLog() end -------------------
20260908 013302.438 INFO             PET1     ATM-TO-OCN: InitializeIPDv05p6a extro.
20260908 013302.439 INFO             PET1     OCN-TO-ATM: InitializeIPDv05p6a intro.
20260908 013302.439 INFO             PET1       OCN-TO-ATM: InitializeIPDv05p6a intro {IS}:--- StateLog() start -----------------
20260908 013302.439 INFO             PET1       OCN-TO-ATM: InitializeIPDv05p6a intro {IS}:<name: OCN-ExportState> <intent: ESMF_STATEINTENT_EXPORT> <itemCount:    1>
20260908 013302.439 INFO             PET1       OCN-TO-ATM: InitializeIPDv05p6a intro {IS}:+-<item: 0001> <itemType: Field> <itemName: sst>
20260908 013302.439 INFO             PET1       OCN-TO-ATM: InitializeIPDv05p6a intro {IS}:!--- FieldLog() start -----------------
20260908 013302.439 INFO             PET1       OCN-TO-ATM: InitializeIPDv05p6a intro {IS}:! <name: sst> <fieldStatus: ESMF_FIELDSTATUS_COMPLETE>
20260908 013302.439 INFO             PET1       OCN-TO-ATM: InitializeIPDv05p6a intro {IS}:! 0x7ffcde462b50 => 0xf6fde0 => 0x1046a40
20260908 013302.439 INFO             PET1       OCN-TO-ATM: InitializeIPDv05p6a intro {IS}:! <typekind: Real*8> <rank:    2> <dimCount:    2>
20260908 013302.439 INFO             PET1       OCN-TO-ATM: InitializeIPDv05p6a intro {IS}:! ! --- Array::log() start -----------------------------------
20260908 013302.439 INFO             PET1       OCN-TO-ATM: InitializeIPDv05p6a intro {IS}:! ! 0x1056400
20260908 013302.439 INFO             PET1       OCN-TO-ATM: InitializeIPDv05p6a intro {IS}:! ! <name: sst>
20260908 013302.439 INFO             PET1       OCN-TO-ATM: InitializeIPDv05p6a intro {IS}:! ! ! --- DistGrid::log() start --------------------------------
20260908 013302.439 INFO             PET1       OCN-TO-ATM: InitializeIPDv05p6a intro {IS}:! ! ! 0x1056d60
20260908 013302.439 INFO             PET1       OCN-TO-ATM: InitializeIPDv05p6a intro {IS}:! ! ! DistGrid object is valid!<name: DG-Grid003-sloc:0>
20260908 013302.439 INFO             PET1       OCN-TO-ATM: InitializeIPDv05p6a intro {IS}:! ! ! --- DistGrid::log() end ----------------------------------
20260908 013302.439 INFO             PET1       OCN-TO-ATM: InitializeIPDv05p6a intro {IS}:! ! --- Array::log() end -------------------------------------
20260908 013302.439 INFO             PET1       OCN-TO-ATM: InitializeIPDv05p6a intro {IS}:!--- FieldLog() end -------------------
20260908 013302.439 INFO             PET1       OCN-TO-ATM: InitializeIPDv05p6a intro {IS}:--- StateLog() end -------------------
20260908 013302.439 INFO             PET1       OCN-TO-ATM: InitializeIPDv05p6a intro {ES}:--- StateLog() start -----------------
20260908 013302.439 INFO             PET1       OCN-TO-ATM: InitializeIPDv05p6a intro {ES}:<name: ATM-ImportState> <intent: ESMF_STATEINTENT_IMPORT> <itemCount:    1>
20260908 013302.439 INFO             PET1       OCN-TO-ATM: InitializeIPDv05p6a intro {ES}:+-<item: 0001> <itemType: State> <itemName: ATM-ImportState-namespace:OCN>
20260908 013302.440 INFO             PET1       OCN-TO-ATM: InitializeIPDv05p6a intro {ES}:! <name: ATM-ImportState-namespace:OCN> <intent: ESMF_STATEINTENT_IMPORT> <itemCount:    1>
20260908 013302.440 INFO             PET1       OCN-TO-ATM: InitializeIPDv05p6a intro {ES}:! +-<item: 0001> <itemType: Field> <itemName: sea_surface_temperature>
20260908 013302.440 INFO             PET1       OCN-TO-ATM: InitializeIPDv05p6a intro {ES}:! !--- FieldLog() start -----------------
20260908 013302.440 INFO             PET1       OCN-TO-ATM: InitializeIPDv05p6a intro {ES}:! ! <name: sea_surface_temperature> <fieldStatus: ESMF_FIELDSTATUS_COMPLETE>
20260908 013302.440 INFO             PET1       OCN-TO-ATM: InitializeIPDv05p6a intro {ES}:! ! 0x7ffcde461360 => 0xf371d0 => 0xf37400
20260908 013302.440 INFO             PET1       OCN-TO-ATM: InitializeIPDv05p6a intro {ES}:! ! <typekind: Real*8> <rank:    2> <dimCount:    2>
20260908 013302.440 INFO             PET1       OCN-TO-ATM: InitializeIPDv05p6a intro {ES}:! ! ! --- Array::log() start -----------------------------------
20260908 013302.440 INFO             PET1       OCN-TO-ATM: InitializeIPDv05p6a intro {ES}:! ! ! 0x1073a00
20260908 013302.440 INFO             PET1       OCN-TO-ATM: InitializeIPDv05p6a intro {ES}:! ! ! <name: sea_surface_temperature>
20260908 013302.440 INFO             PET1       OCN-TO-ATM: InitializeIPDv05p6a intro {ES}:! ! ! ! --- DistGrid::log() start --------------------------------
20260908 013302.440 INFO             PET1       OCN-TO-ATM: InitializeIPDv05p6a intro {ES}:! ! ! ! 0x1003f00
20260908 013302.440 INFO             PET1       OCN-TO-ATM: InitializeIPDv05p6a intro {ES}:! ! ! ! DistGrid object is valid!<name: DG-Grid003-sloc:0>
20260908 013302.440 INFO             PET1       OCN-TO-ATM: InitializeIPDv05p6a intro {ES}:! ! ! ! --- DistGrid::log() end ----------------------------------
20260908 013302.440 INFO             PET1       OCN-TO-ATM: InitializeIPDv05p6a intro {ES}:! ! ! --- Array::log() end -------------------------------------
20260908 013302.440 INFO             PET1       OCN-TO-ATM: InitializeIPDv05p6a intro {ES}:! !--- FieldLog() end -------------------
20260908 013302.440 INFO             PET1       OCN-TO-ATM: InitializeIPDv05p6a intro {ES}:--- StateLog() end -------------------
20260908 013302.454 INFO             PET1       OCN-TO-ATM: InitializeIPDv05p6a extro {IS}:--- StateLog() start -----------------
20260908 013302.454 INFO             PET1       OCN-TO-ATM: InitializeIPDv05p6a extro {IS}:<name: OCN-ExportState> <intent: ESMF_STATEINTENT_EXPORT> <itemCount:    1>
20260908 013302.454 INFO             PET1       OCN-TO-ATM: InitializeIPDv05p6a extro {IS}:+-<item: 0001> <itemType: Field> <itemName: sst>
20260908 013302.454 INFO             PET1       OCN-TO-ATM: InitializeIPDv05p6a extro {IS}:!--- FieldLog() start -----------------
20260908 013302.454 INFO             PET1       OCN-TO-ATM: InitializeIPDv05p6a extro {IS}:! <name: sst> <fieldStatus: ESMF_FIELDSTATUS_COMPLETE>
20260908 013302.454 INFO             PET1       OCN-TO-ATM: InitializeIPDv05p6a extro {IS}:! 0x7ffcde462d20 => 0xf6fde0 => 0x1048110
20260908 013302.454 INFO             PET1       OCN-TO-ATM: InitializeIPDv05p6a extro {IS}:! <typekind: Real*8> <rank:    2> <dimCount:    2>
20260908 013302.454 INFO             PET1       OCN-TO-ATM: InitializeIPDv05p6a extro {IS}:! ! --- Array::log() start -----------------------------------
20260908 013302.454 INFO             PET1       OCN-TO-ATM: InitializeIPDv05p6a extro {IS}:! ! 0x100ea90
20260908 013302.454 INFO             PET1       OCN-TO-ATM: InitializeIPDv05p6a extro {IS}:! ! <name: sst>
20260908 013302.454 INFO             PET1       OCN-TO-ATM: InitializeIPDv05p6a extro {IS}:! ! ! --- DistGrid::log() start --------------------------------
20260908 013302.454 INFO             PET1       OCN-TO-ATM: InitializeIPDv05p6a extro {IS}:! ! ! 0x1074e00
20260908 013302.454 INFO             PET1       OCN-TO-ATM: InitializeIPDv05p6a extro {IS}:! ! ! DistGrid object is valid!<name: DG-Grid003-sloc:0>
20260908 013302.454 INFO             PET1       OCN-TO-ATM: InitializeIPDv05p6a extro {IS}:! ! ! --- DistGrid::log() end ----------------------------------
20260908 013302.454 INFO             PET1       OCN-TO-ATM: InitializeIPDv05p6a extro {IS}:! ! --- Array::log() end -------------------------------------
20260908 013302.454 INFO             PET1       OCN-TO-ATM: InitializeIPDv05p6a extro {IS}:!--- FieldLog() end -------------------
20260908 013302.454 INFO             PET1       OCN-TO-ATM: InitializeIPDv05p6a extro {IS}:--- StateLog() end -------------------
20260908 013302.454 INFO             PET1       OCN-TO-ATM: InitializeIPDv05p6a extro {ES}:--- StateLog() start -----------------
20260908 013302.454 INFO             PET1       OCN-TO-ATM: InitializeIPDv05p6a extro {ES}:<name: ATM-ImportState> <intent: ESMF_STATEINTENT_IMPORT> <itemCount:    1>
20260908 013302.454 INFO             PET1       OCN-TO-ATM: InitializeIPDv05p6a extro {ES}:+-<item: 0001> <itemType: State> <itemName: ATM-ImportState-namespace:OCN>
20260908 013302.454 INFO             PET1       OCN-TO-ATM: InitializeIPDv05p6a extro {ES}:! <name: ATM-ImportState-namespace:OCN> <intent: ESMF_STATEINTENT_IMPORT> <itemCount:    1>
20260908 013302.454 INFO             PET1       OCN-TO-ATM: InitializeIPDv05p6a extro {ES}:! +-<item: 0001> <itemType: Field> <itemName: sea_surface_temperature>
20260908 013302.455 INFO             PET1       OCN-TO-ATM: InitializeIPDv05p6a extro {ES}:! !--- FieldLog() start -----------------
20260908 013302.455 INFO             PET1       OCN-TO-ATM: InitializeIPDv05p6a extro {ES}:! ! <name: sea_surface_temperature> <fieldStatus: ESMF_FIELDSTATUS_COMPLETE>
20260908 013302.455 INFO             PET1       OCN-TO-ATM: InitializeIPDv05p6a extro {ES}:! ! 0x7ffcde461530 => 0xf371d0 => 0xf37400
20260908 013302.455 INFO             PET1       OCN-TO-ATM: InitializeIPDv05p6a extro {ES}:! ! <typekind: Real*8> <rank:    2> <dimCount:    2>
20260908 013302.455 INFO             PET1       OCN-TO-ATM: InitializeIPDv05p6a extro {ES}:! ! ! --- Array::log() start -----------------------------------
20260908 013302.455 INFO             PET1       OCN-TO-ATM: InitializeIPDv05p6a extro {ES}:! ! ! 0x1073a00
20260908 013302.455 INFO             PET1       OCN-TO-ATM: InitializeIPDv05p6a extro {ES}:! ! ! <name: sea_surface_temperature>
20260908 013302.455 INFO             PET1       OCN-TO-ATM: InitializeIPDv05p6a extro {ES}:! ! ! ! --- DistGrid::log() start --------------------------------
20260908 013302.455 INFO             PET1       OCN-TO-ATM: InitializeIPDv05p6a extro {ES}:! ! ! ! 0x1003f00
20260908 013302.455 INFO             PET1       OCN-TO-ATM: InitializeIPDv05p6a extro {ES}:! ! ! ! DistGrid object is valid!<name: DG-Grid003-sloc:0>
20260908 013302.455 INFO             PET1       OCN-TO-ATM: InitializeIPDv05p6a extro {ES}:! ! ! ! --- DistGrid::log() end ----------------------------------
20260908 013302.455 INFO             PET1       OCN-TO-ATM: InitializeIPDv05p6a extro {ES}:! ! ! --- Array::log() end -------------------------------------
20260908 013302.455 INFO             PET1       OCN-TO-ATM: InitializeIPDv05p6a extro {ES}:! !--- FieldLog() end -------------------
20260908 013302.455 INFO             PET1       OCN-TO-ATM: InitializeIPDv05p6a extro {ES}:--- StateLog() end -------------------
20260908 013302.455 INFO             PET1     OCN-TO-ATM: InitializeIPDv05p6a extro.
20260908 013302.456 INFO             PET1     ATM-TO-OCN: InitializeIPDv05p6b intro.
20260908 013302.456 INFO             PET1       ATM-TO-OCN: InitializeIPDv05p6b intro {IS}:--- StateLog() start -----------------
20260908 013302.456 INFO             PET1       ATM-TO-OCN: InitializeIPDv05p6b intro {IS}:<name: ATM-ExportState> <intent: ESMF_STATEINTENT_EXPORT> <itemCount:    0>
20260908 013302.456 INFO             PET1       ATM-TO-OCN: InitializeIPDv05p6b intro {IS}:--- StateLog() end -------------------
20260908 013302.456 INFO             PET1       ATM-TO-OCN: InitializeIPDv05p6b intro {ES}:--- StateLog() start -----------------
20260908 013302.456 INFO             PET1       ATM-TO-OCN: InitializeIPDv05p6b intro {ES}:<name: OCN-ImportState> <intent: ESMF_STATEINTENT_IMPORT> <itemCount:    0>
20260908 013302.456 INFO             PET1       ATM-TO-OCN: InitializeIPDv05p6b intro {ES}:--- StateLog() end -------------------
20260908 013302.456 INFO             PET1       ATM-TO-OCN: called default label_ComputeRouteHandle
20260908 013302.460 INFO             PET1        DetermineSrcDstOverlap: srcDstOverlap=  F
20260908 013302.460 INFO             PET1        BuildUpdatePackets: final UpdatePacket count=            0
20260908 013302.460 INFO             PET1       ATM-TO-OCN: CplSet List:
20260908 013302.461 INFO             PET1       ATM-TO-OCN: InitializeIPDv05p6b extro {IS}:--- StateLog() start -----------------
20260908 013302.461 INFO             PET1       ATM-TO-OCN: InitializeIPDv05p6b extro {IS}:<name: ATM-ExportState> <intent: ESMF_STATEINTENT_EXPORT> <itemCount:    0>
20260908 013302.461 INFO             PET1       ATM-TO-OCN: InitializeIPDv05p6b extro {IS}:--- StateLog() end -------------------
20260908 013302.461 INFO             PET1       ATM-TO-OCN: InitializeIPDv05p6b extro {ES}:--- StateLog() start -----------------
20260908 013302.461 INFO             PET1       ATM-TO-OCN: InitializeIPDv05p6b extro {ES}:<name: OCN-ImportState> <intent: ESMF_STATEINTENT_IMPORT> <itemCount:    0>
20260908 013302.461 INFO             PET1       ATM-TO-OCN: InitializeIPDv05p6b extro {ES}:--- StateLog() end -------------------
20260908 013302.461 INFO             PET1     ATM-TO-OCN: InitializeIPDv05p6b extro.
20260908 013302.461 INFO             PET1     OCN-TO-ATM: InitializeIPDv05p6b intro.
20260908 013302.461 INFO             PET1       OCN-TO-ATM: InitializeIPDv05p6b intro {IS}:--- StateLog() start -----------------
20260908 013302.461 INFO             PET1       OCN-TO-ATM: InitializeIPDv05p6b intro {IS}:<name: OCN-ExportState> <intent: ESMF_STATEINTENT_EXPORT> <itemCount:    1>
20260908 013302.461 INFO             PET1       OCN-TO-ATM: InitializeIPDv05p6b intro {IS}:+-<item: 0001> <itemType: Field> <itemName: sst>
20260908 013302.461 INFO             PET1       OCN-TO-ATM: InitializeIPDv05p6b intro {IS}:!--- FieldLog() start -----------------
20260908 013302.461 INFO             PET1       OCN-TO-ATM: InitializeIPDv05p6b intro {IS}:! <name: sst> <fieldStatus: ESMF_FIELDSTATUS_COMPLETE>
20260908 013302.461 INFO             PET1       OCN-TO-ATM: InitializeIPDv05p6b intro {IS}:! 0x7ffcde459080 => 0xf6fde0 => 0x1048110
20260908 013302.462 INFO             PET1       OCN-TO-ATM: InitializeIPDv05p6b intro {IS}:! <typekind: Real*8> <rank:    2> <dimCount:    2>
20260908 013302.462 INFO             PET1       OCN-TO-ATM: InitializeIPDv05p6b intro {IS}:! ! --- Array::log() start -----------------------------------
20260908 013302.462 INFO             PET1       OCN-TO-ATM: InitializeIPDv05p6b intro {IS}:! ! 0x100ea90
20260908 013302.462 INFO             PET1       OCN-TO-ATM: InitializeIPDv05p6b intro {IS}:! ! <name: sst>
20260908 013302.462 INFO             PET1       OCN-TO-ATM: InitializeIPDv05p6b intro {IS}:! ! ! --- DistGrid::log() start --------------------------------
20260908 013302.462 INFO             PET1       OCN-TO-ATM: InitializeIPDv05p6b intro {IS}:! ! ! 0x1074e00
20260908 013302.462 INFO             PET1       OCN-TO-ATM: InitializeIPDv05p6b intro {IS}:! ! ! DistGrid object is valid!<name: DG-Grid003-sloc:0>
20260908 013302.462 INFO             PET1       OCN-TO-ATM: InitializeIPDv05p6b intro {IS}:! ! ! --- DistGrid::log() end ----------------------------------
20260908 013302.462 INFO             PET1       OCN-TO-ATM: InitializeIPDv05p6b intro {IS}:! ! --- Array::log() end -------------------------------------
20260908 013302.462 INFO             PET1       OCN-TO-ATM: InitializeIPDv05p6b intro {IS}:!--- FieldLog() end -------------------
20260908 013302.462 INFO             PET1       OCN-TO-ATM: InitializeIPDv05p6b intro {IS}:--- StateLog() end -------------------
20260908 013302.462 INFO             PET1       OCN-TO-ATM: InitializeIPDv05p6b intro {ES}:--- StateLog() start -----------------
20260908 013302.462 INFO             PET1       OCN-TO-ATM: InitializeIPDv05p6b intro {ES}:<name: ATM-ImportState> <intent: ESMF_STATEINTENT_IMPORT> <itemCount:    1>
20260908 013302.462 INFO             PET1       OCN-TO-ATM: InitializeIPDv05p6b intro {ES}:+-<item: 0001> <itemType: State> <itemName: ATM-ImportState-namespace:OCN>
20260908 013302.462 INFO             PET1       OCN-TO-ATM: InitializeIPDv05p6b intro {ES}:! <name: ATM-ImportState-namespace:OCN> <intent: ESMF_STATEINTENT_IMPORT> <itemCount:    1>
20260908 013302.462 INFO             PET1       OCN-TO-ATM: InitializeIPDv05p6b intro {ES}:! +-<item: 0001> <itemType: Field> <itemName: sea_surface_temperature>
20260908 013302.462 INFO             PET1       OCN-TO-ATM: InitializeIPDv05p6b intro {ES}:! !--- FieldLog() start -----------------
20260908 013302.462 INFO             PET1       OCN-TO-ATM: InitializeIPDv05p6b intro {ES}:! ! <name: sea_surface_temperature> <fieldStatus: ESMF_FIELDSTATUS_COMPLETE>
20260908 013302.462 INFO             PET1       OCN-TO-ATM: InitializeIPDv05p6b intro {ES}:! ! 0x7ffcde457890 => 0xf371d0 => 0xf37400
20260908 013302.462 INFO             PET1       OCN-TO-ATM: InitializeIPDv05p6b intro {ES}:! ! <typekind: Real*8> <rank:    2> <dimCount:    2>
20260908 013302.462 INFO             PET1       OCN-TO-ATM: InitializeIPDv05p6b intro {ES}:! ! ! --- Array::log() start -----------------------------------
20260908 013302.462 INFO             PET1       OCN-TO-ATM: InitializeIPDv05p6b intro {ES}:! ! ! 0x1073a00
20260908 013302.462 INFO             PET1       OCN-TO-ATM: InitializeIPDv05p6b intro {ES}:! ! ! <name: sea_surface_temperature>
20260908 013302.462 INFO             PET1       OCN-TO-ATM: InitializeIPDv05p6b intro {ES}:! ! ! ! --- DistGrid::log() start --------------------------------
20260908 013302.462 INFO             PET1       OCN-TO-ATM: InitializeIPDv05p6b intro {ES}:! ! ! ! 0x1003f00
20260908 013302.462 INFO             PET1       OCN-TO-ATM: InitializeIPDv05p6b intro {ES}:! ! ! ! DistGrid object is valid!<name: DG-Grid003-sloc:0>
20260908 013302.462 INFO             PET1       OCN-TO-ATM: InitializeIPDv05p6b intro {ES}:! ! ! ! --- DistGrid::log() end ----------------------------------
20260908 013302.462 INFO             PET1       OCN-TO-ATM: InitializeIPDv05p6b intro {ES}:! ! ! --- Array::log() end -------------------------------------
20260908 013302.462 INFO             PET1       OCN-TO-ATM: InitializeIPDv05p6b intro {ES}:! !--- FieldLog() end -------------------
20260908 013302.462 INFO             PET1       OCN-TO-ATM: InitializeIPDv05p6b intro {ES}:--- StateLog() end -------------------
20260908 013302.464 INFO             PET1       OCN-TO-ATM: handle cplList(1): sea_surface_temperature, cplSetList(1): __UNSPECIFIED__
20260908 013302.464 INFO             PET1       OCN-TO-ATM: - no Field sharing between import and export side: remap.
20260908 013302.465 DEBUG            PET1       ESMF_FieldBundleRegridStorePair(): srcField: sst dimCount= 2 rank= 2
20260908 013302.465 DEBUG            PET1       ESMF_FieldBundleRegridStorePair(): dstField: sea_surface_temperature dimCount= 2 rank= 2
20260908 013302.465 DEBUG            PET1       ESMF_FieldBundleRegridStorePair(): Inside 'rhReuse' branch!
20260908 013302.465 DEBUG            PET1       ESMF_FieldBundleRegridStorePair(): srcGeomtype==ESMF_GEOMTYPE_GRID dimCount= 2
20260908 013302.465 DEBUG            PET1       ESMF_FieldBundleRegridStorePair(): dstGeomtype==ESMF_GEOMTYPE_GRID dimCount= 2
20260908 013302.465 DEBUG            PET1       ESMF_FieldBundleRegridStorePair(): no rhListMatch -> pre-compute new remapping!
20260908 013302.465 DEBUG            PET1       ESMF_FieldBundleRegridStorePair(): must precompute full regridding!
20260908 013302.911 INFO             PET1       OCN-TO-ATM: called default label_ComputeRouteHandle
20260908 013302.911 INFO             PET1        DetermineSrcDstOverlap: sst, srcLocalPet=           -1
20260908 013302.911 INFO             PET1        DetermineSrcDstOverlap: sea_surface_temperature, dstLocalPet=            1
20260908 013302.913 INFO             PET1        DetermineSrcDstOverlap: srcDstOverlap=  F
20260908 013302.913 INFO             PET1        BuildUpdatePackets: sst, srcLocalPet=           -1
20260908 013302.913 INFO             PET1        BuildUpdatePackets: sea_surface_temperature, dstLocalPet=            1
20260908 013302.913 INFO             PET1        creating new UpdatePacket for srcPetCount=            2  dstPetCount=            2
20260908 013302.913 INFO             PET1        upE%sendToPets list of size 0 :
20260908 013302.913 INFO             PET1        upE%recvFromPet=            1
20260908 013302.913 INFO             PET1        after field add, now upE%fieldCount=            1
20260908 013302.913 INFO             PET1        BuildUpdatePackets: final UpdatePacket count=            1
20260908 013302.913 INFO             PET1       OCN-TO-ATM: CplSet List:
20260908 013302.913 INFO             PET1       OCN-TO-ATM: ->CplSet(  1): __UNSPECIFIED__
20260908 013302.913 INFO             PET1       OCN-TO-ATM: -->Field(  1): sea_surface_temperature
20260908 013302.913 INFO             PET1       OCN-TO-ATM: InitializeIPDv05p6b extro {IS}:--- StateLog() start -----------------
20260908 013302.913 INFO             PET1       OCN-TO-ATM: InitializeIPDv05p6b extro {IS}:<name: OCN-ExportState> <intent: ESMF_STATEINTENT_EXPORT> <itemCount:    1>
20260908 013302.913 INFO             PET1       OCN-TO-ATM: InitializeIPDv05p6b extro {IS}:+-<item: 0001> <itemType: Field> <itemName: sst>
20260908 013302.913 INFO             PET1       OCN-TO-ATM: InitializeIPDv05p6b extro {IS}:!--- FieldLog() start -----------------
20260908 013302.913 INFO             PET1       OCN-TO-ATM: InitializeIPDv05p6b extro {IS}:! <name: sst> <fieldStatus: ESMF_FIELDSTATUS_COMPLETE>
20260908 013302.913 INFO             PET1       OCN-TO-ATM: InitializeIPDv05p6b extro {IS}:! 0x7ffcde459250 => 0xf6fde0 => 0x1048110
20260908 013302.914 INFO             PET1       OCN-TO-ATM: InitializeIPDv05p6b extro {IS}:! <typekind: Real*8> <rank:    2> <dimCount:    2>
20260908 013302.914 INFO             PET1       OCN-TO-ATM: InitializeIPDv05p6b extro {IS}:! ! --- Array::log() start -----------------------------------
20260908 013302.914 INFO             PET1       OCN-TO-ATM: InitializeIPDv05p6b extro {IS}:! ! 0x100ea90
20260908 013302.914 INFO             PET1       OCN-TO-ATM: InitializeIPDv05p6b extro {IS}:! ! <name: sst>
20260908 013302.914 INFO             PET1       OCN-TO-ATM: InitializeIPDv05p6b extro {IS}:! ! ! --- DistGrid::log() start --------------------------------
20260908 013302.914 INFO             PET1       OCN-TO-ATM: InitializeIPDv05p6b extro {IS}:! ! ! 0x1074e00
20260908 013302.914 INFO             PET1       OCN-TO-ATM: InitializeIPDv05p6b extro {IS}:! ! ! DistGrid object is valid!<name: DG-Grid003-sloc:0>
20260908 013302.914 INFO             PET1       OCN-TO-ATM: InitializeIPDv05p6b extro {IS}:! ! ! --- DistGrid::log() end ----------------------------------
20260908 013302.914 INFO             PET1       OCN-TO-ATM: InitializeIPDv05p6b extro {IS}:! ! --- Array::log() end -------------------------------------
20260908 013302.914 INFO             PET1       OCN-TO-ATM: InitializeIPDv05p6b extro {IS}:!--- FieldLog() end -------------------
20260908 013302.914 INFO             PET1       OCN-TO-ATM: InitializeIPDv05p6b extro {IS}:--- StateLog() end -------------------
20260908 013302.914 INFO             PET1       OCN-TO-ATM: InitializeIPDv05p6b extro {ES}:--- StateLog() start -----------------
20260908 013302.914 INFO             PET1       OCN-TO-ATM: InitializeIPDv05p6b extro {ES}:<name: ATM-ImportState> <intent: ESMF_STATEINTENT_IMPORT> <itemCount:    1>
20260908 013302.914 INFO             PET1       OCN-TO-ATM: InitializeIPDv05p6b extro {ES}:+-<item: 0001> <itemType: State> <itemName: ATM-ImportState-namespace:OCN>
20260908 013302.914 INFO             PET1       OCN-TO-ATM: InitializeIPDv05p6b extro {ES}:! <name: ATM-ImportState-namespace:OCN> <intent: ESMF_STATEINTENT_IMPORT> <itemCount:    1>
20260908 013302.914 INFO             PET1       OCN-TO-ATM: InitializeIPDv05p6b extro {ES}:! +-<item: 0001> <itemType: Field> <itemName: sea_surface_temperature>
20260908 013302.914 INFO             PET1       OCN-TO-ATM: InitializeIPDv05p6b extro {ES}:! !--- FieldLog() start -----------------
20260908 013302.914 INFO             PET1       OCN-TO-ATM: InitializeIPDv05p6b extro {ES}:! ! <name: sea_surface_temperature> <fieldStatus: ESMF_FIELDSTATUS_COMPLETE>
20260908 013302.914 INFO             PET1       OCN-TO-ATM: InitializeIPDv05p6b extro {ES}:! ! 0x7ffcde457a60 => 0xf371d0 => 0xf37400
20260908 013302.914 INFO             PET1       OCN-TO-ATM: InitializeIPDv05p6b extro {ES}:! ! <typekind: Real*8> <rank:    2> <dimCount:    2>
20260908 013302.914 INFO             PET1       OCN-TO-ATM: InitializeIPDv05p6b extro {ES}:! ! ! --- Array::log() start -----------------------------------
20260908 013302.914 INFO             PET1       OCN-TO-ATM: InitializeIPDv05p6b extro {ES}:! ! ! 0x1073a00
20260908 013302.914 INFO             PET1       OCN-TO-ATM: InitializeIPDv05p6b extro {ES}:! ! ! <name: sea_surface_temperature>
20260908 013302.914 INFO             PET1       OCN-TO-ATM: InitializeIPDv05p6b extro {ES}:! ! ! ! --- DistGrid::log() start --------------------------------
20260908 013302.914 INFO             PET1       OCN-TO-ATM: InitializeIPDv05p6b extro {ES}:! ! ! ! 0x1003f00
20260908 013302.914 INFO             PET1       OCN-TO-ATM: InitializeIPDv05p6b extro {ES}:! ! ! ! DistGrid object is valid!<name: DG-Grid003-sloc:0>
20260908 013302.914 INFO             PET1       OCN-TO-ATM: InitializeIPDv05p6b extro {ES}:! ! ! ! --- DistGrid::log() end ----------------------------------
20260908 013302.914 INFO             PET1       OCN-TO-ATM: InitializeIPDv05p6b extro {ES}:! ! ! --- Array::log() end -------------------------------------
20260908 013302.914 INFO             PET1       OCN-TO-ATM: InitializeIPDv05p6b extro {ES}:! !--- FieldLog() end -------------------
20260908 013302.914 INFO             PET1       OCN-TO-ATM: InitializeIPDv05p6b extro {ES}:--- StateLog() end -------------------
20260908 013302.914 INFO             PET1     OCN-TO-ATM: InitializeIPDv05p6b extro.
20260908 013302.915 INFO             PET1     ATM: InitializeIPDvXp07 intro.
20260908 013302.915 INFO             PET1       ATM: InitializeIPDvXp07 intro {IS}:--- StateLog() start -----------------
20260908 013302.915 INFO             PET1       ATM: InitializeIPDvXp07 intro {IS}:<name: ATM-ImportState> <intent: ESMF_STATEINTENT_IMPORT> <itemCount:    1>
20260908 013302.915 INFO             PET1       ATM: InitializeIPDvXp07 intro {IS}:+-<item: 0001> <itemType: State> <itemName: ATM-ImportState-namespace:OCN>
20260908 013302.915 INFO             PET1       ATM: InitializeIPDvXp07 intro {IS}:! <name: ATM-ImportState-namespace:OCN> <intent: ESMF_STATEINTENT_IMPORT> <itemCount:    1>
20260908 013302.915 INFO             PET1       ATM: InitializeIPDvXp07 intro {IS}:! +-<item: 0001> <itemType: Field> <itemName: sea_surface_temperature>
20260908 013302.915 INFO             PET1       ATM: InitializeIPDvXp07 intro {IS}:! !--- FieldLog() start -----------------
20260908 013302.915 INFO             PET1       ATM: InitializeIPDvXp07 intro {IS}:! ! <name: sea_surface_temperature> <fieldStatus: ESMF_FIELDSTATUS_COMPLETE>
20260908 013302.915 INFO             PET1       ATM: InitializeIPDvXp07 intro {IS}:! ! 0x7ffcde461040 => 0xf371d0 => 0xf37400
20260908 013302.915 INFO             PET1       ATM: InitializeIPDvXp07 intro {IS}:! ! <typekind: Real*8> <rank:    2> <dimCount:    2>
20260908 013302.916 INFO             PET1       ATM: InitializeIPDvXp07 intro {IS}:! ! ! --- Array::log() start -----------------------------------
20260908 013302.916 INFO             PET1       ATM: InitializeIPDvXp07 intro {IS}:! ! ! 0x1073a00
20260908 013302.916 INFO             PET1       ATM: InitializeIPDvXp07 intro {IS}:! ! ! <name: sea_surface_temperature>
20260908 013302.916 INFO             PET1       ATM: InitializeIPDvXp07 intro {IS}:! ! ! ! --- DistGrid::log() start --------------------------------
20260908 013302.916 INFO             PET1       ATM: InitializeIPDvXp07 intro {IS}:! ! ! ! 0x1003f00
20260908 013302.916 INFO             PET1       ATM: InitializeIPDvXp07 intro {IS}:! ! ! ! DistGrid object is valid!<name: DG-Grid003-sloc:0>
20260908 013302.916 INFO             PET1       ATM: InitializeIPDvXp07 intro {IS}:! ! ! ! --- DistGrid::log() end ----------------------------------
20260908 013302.916 INFO             PET1       ATM: InitializeIPDvXp07 intro {IS}:! ! ! --- Array::log() end -------------------------------------
20260908 013302.916 INFO             PET1       ATM: InitializeIPDvXp07 intro {IS}:! !--- FieldLog() end -------------------
20260908 013302.916 INFO             PET1       ATM: InitializeIPDvXp07 intro {IS}:--- StateLog() end -------------------
20260908 013302.916 INFO             PET1       ATM: InitializeIPDvXp07 intro {ES}:--- StateLog() start -----------------
20260908 013302.916 INFO             PET1       ATM: InitializeIPDvXp07 intro {ES}:<name: ATM-ExportState> <intent: ESMF_STATEINTENT_EXPORT> <itemCount:    0>
20260908 013302.916 INFO             PET1       ATM: InitializeIPDvXp07 intro {ES}:--- StateLog() end -------------------
20260908 013302.916 INFO             PET1       >>>ATM: entered Initialize (phase=IPDvXp07) without valid internal Clock.
20260908 013302.917 INFO             PET1       <<<ATM: leaving Initialize (phase=IPDvXp07) with current time: 2010  6  1  0  0  0   0
20260908 013302.917 INFO             PET1       ATM: InitializeIPDvXp07 extro {IS}:--- StateLog() start -----------------
20260908 013302.917 INFO             PET1       ATM: InitializeIPDvXp07 extro {IS}:<name: ATM-ImportState> <intent: ESMF_STATEINTENT_IMPORT> <itemCount:    1>
20260908 013302.917 INFO             PET1       ATM: InitializeIPDvXp07 extro {IS}:+-<item: 0001> <itemType: State> <itemName: ATM-ImportState-namespace:OCN>
20260908 013302.917 INFO             PET1       ATM: InitializeIPDvXp07 extro {IS}:! <name: ATM-ImportState-namespace:OCN> <intent: ESMF_STATEINTENT_IMPORT> <itemCount:    1>
20260908 013302.917 INFO             PET1       ATM: InitializeIPDvXp07 extro {IS}:! +-<item: 0001> <itemType: Field> <itemName: sea_surface_temperature>
20260908 013302.917 INFO             PET1       ATM: InitializeIPDvXp07 extro {IS}:! !--- FieldLog() start -----------------
20260908 013302.917 INFO             PET1       ATM: InitializeIPDvXp07 extro {IS}:! ! <name: sea_surface_temperature> <fieldStatus: ESMF_FIELDSTATUS_COMPLETE>
20260908 013302.917 INFO             PET1       ATM: InitializeIPDvXp07 extro {IS}:! ! 0x7ffcde461210 => 0xf371d0 => 0xf37400
20260908 013302.917 INFO             PET1       ATM: InitializeIPDvXp07 extro {IS}:! ! <typekind: Real*8> <rank:    2> <dimCount:    2>
20260908 013302.917 INFO             PET1       ATM: InitializeIPDvXp07 extro {IS}:! ! ! --- Array::log() start -----------------------------------
20260908 013302.917 INFO             PET1       ATM: InitializeIPDvXp07 extro {IS}:! ! ! 0x1073a00
20260908 013302.917 INFO             PET1       ATM: InitializeIPDvXp07 extro {IS}:! ! ! <name: sea_surface_temperature>
20260908 013302.917 INFO             PET1       ATM: InitializeIPDvXp07 extro {IS}:! ! ! ! --- DistGrid::log() start --------------------------------
20260908 013302.917 INFO             PET1       ATM: InitializeIPDvXp07 extro {IS}:! ! ! ! 0x1003f00
20260908 013302.917 INFO             PET1       ATM: InitializeIPDvXp07 extro {IS}:! ! ! ! DistGrid object is valid!<name: DG-Grid003-sloc:0>
20260908 013302.917 INFO             PET1       ATM: InitializeIPDvXp07 extro {IS}:! ! ! ! --- DistGrid::log() end ----------------------------------
20260908 013302.917 INFO             PET1       ATM: InitializeIPDvXp07 extro {IS}:! ! ! --- Array::log() end -------------------------------------
20260908 013302.917 INFO             PET1       ATM: InitializeIPDvXp07 extro {IS}:! !--- FieldLog() end -------------------
20260908 013302.917 INFO             PET1       ATM: InitializeIPDvXp07 extro {IS}:--- StateLog() end -------------------
20260908 013302.917 INFO             PET1       ATM: InitializeIPDvXp07 extro {ES}:--- StateLog() start -----------------
20260908 013302.917 INFO             PET1       ATM: InitializeIPDvXp07 extro {ES}:<name: ATM-ExportState> <intent: ESMF_STATEINTENT_EXPORT> <itemCount:    0>
20260908 013302.917 INFO             PET1       ATM: InitializeIPDvXp07 extro {ES}:--- StateLog() end -------------------
20260908 013302.917 INFO             PET1     ATM: InitializeIPDvXp07 extro.
20260908 013302.918 INFO             PET1     <<<esm: leaving Initialize (phase=<none>) with current time: 2010  6  1  0  0  0   0
20260908 013302.918 INFO             PET1     esm: InitializeIPDv02p3 extro {IS}:--- StateLog() start -----------------
20260908 013302.918 INFO             PET1     esm: InitializeIPDv02p3 extro {IS}:State object is invalid! Not created or deleted!
20260908 013302.918 INFO             PET1     esm: InitializeIPDv02p3 extro {IS}:--- StateLog() end -------------------
20260908 013302.918 INFO             PET1     esm: InitializeIPDv02p3 extro {ES}:--- StateLog() start -----------------
20260908 013302.918 INFO             PET1     esm: InitializeIPDv02p3 extro {ES}:State object is invalid! Not created or deleted!
20260908 013302.918 INFO             PET1     esm: InitializeIPDv02p3 extro {ES}:--- StateLog() end -------------------
20260908 013302.918 INFO             PET1   esm: InitializeIPDv02p3 extro.
20260908 013302.918 INFO             PET1   esm: InitializeIPDv02p5 intro.
20260908 013302.918 INFO             PET1     esm: InitializeIPDv02p5 intro {IS}:--- StateLog() start -----------------
20260908 013302.918 INFO             PET1     esm: InitializeIPDv02p5 intro {IS}:State object is invalid! Not created or deleted!
20260908 013302.918 INFO             PET1     esm: InitializeIPDv02p5 intro {IS}:--- StateLog() end -------------------
20260908 013302.918 INFO             PET1     esm: InitializeIPDv02p5 intro {ES}:--- StateLog() start -----------------
20260908 013302.918 INFO             PET1     esm: InitializeIPDv02p5 intro {ES}:State object is invalid! Not created or deleted!
20260908 013302.918 INFO             PET1     esm: InitializeIPDv02p5 intro {ES}:--- StateLog() end -------------------
20260908 013302.919 INFO             PET1     >>>esm: entered Initialize (phase=<none>) with current time: 2010  6  1  0  0  0   0
20260908 013302.919 INFO             PET1     esm: this is a top level driver, no 'Updated' and 'InitializeDataComplete' info on this level.
20260908 013302.919 INFO             PET1     esm: InitializeIPDv02p5Data intro.
20260908 013302.919 INFO             PET1       esm: InitializeIPDv02p5Data intro {IS}:--- StateLog() start -----------------
20260908 013302.919 INFO             PET1       esm: InitializeIPDv02p5Data intro {IS}:State object is invalid! Not created or deleted!
20260908 013302.919 INFO             PET1       esm: InitializeIPDv02p5Data intro {IS}:--- StateLog() end -------------------
20260908 013302.919 INFO             PET1       esm: InitializeIPDv02p5Data intro {ES}:--- StateLog() start -----------------
20260908 013302.919 INFO             PET1       esm: InitializeIPDv02p5Data intro {ES}:State object is invalid! Not created or deleted!
20260908 013302.919 INFO             PET1       esm: InitializeIPDv02p5Data intro {ES}:--- StateLog() end -------------------
20260908 013302.919 INFO             PET1       >>>esm: entered Initialize (phase=<none>) with current time: 2010  6  1  0  0  0   0
20260908 013302.920 INFO             PET1       esm: InternalInitializeComplete intro.
20260908 013302.920 INFO             PET1         esm: InternalInitializeComplete intro {IS}:--- StateLog() start -----------------
20260908 013302.920 INFO             PET1         esm: InternalInitializeComplete intro {IS}:State object is invalid! Not created or deleted!
20260908 013302.920 INFO             PET1         esm: InternalInitializeComplete intro {IS}:--- StateLog() end -------------------
20260908 013302.920 INFO             PET1         esm: InternalInitializeComplete intro {ES}:--- StateLog() start -----------------
20260908 013302.920 INFO             PET1         esm: InternalInitializeComplete intro {ES}:State object is invalid! Not created or deleted!
20260908 013302.920 INFO             PET1         esm: InternalInitializeComplete intro {ES}:--- StateLog() end -------------------
20260908 013302.921 INFO             PET1         >>>esm: entered Initialize (phase=<none>) with current time: 2010  6  1  0  0  0   0
20260908 013302.921 INFO             PET1         esm: InitializeDataComplete='true'
20260908 013302.921 INFO             PET1         <<<esm: leaving Initialize (phase=<none>) with current time: 2010  6  1  0  0  0   0
20260908 013302.921 INFO             PET1         esm: InternalInitializeComplete extro {IS}:--- StateLog() start -----------------
20260908 013302.921 INFO             PET1         esm: InternalInitializeComplete extro {IS}:State object is invalid! Not created or deleted!
20260908 013302.921 INFO             PET1         esm: InternalInitializeComplete extro {IS}:--- StateLog() end -------------------
20260908 013302.921 INFO             PET1         esm: InternalInitializeComplete extro {ES}:--- StateLog() start -----------------
20260908 013302.921 INFO             PET1         esm: InternalInitializeComplete extro {ES}:State object is invalid! Not created or deleted!
20260908 013302.921 INFO             PET1         esm: InternalInitializeComplete extro {ES}:--- StateLog() end -------------------
20260908 013302.921 INFO             PET1       esm: InternalInitializeComplete extro.
20260908 013302.922 INFO             PET1       ATM: InitializeIPDv01p5 intro.
20260908 013302.922 INFO             PET1         ATM: InitializeIPDv01p5 intro {IS}:--- StateLog() start -----------------
20260908 013302.922 INFO             PET1         ATM: InitializeIPDv01p5 intro {IS}:<name: ATM-ImportState> <intent: ESMF_STATEINTENT_IMPORT> <itemCount:    1>
20260908 013302.922 INFO             PET1         ATM: InitializeIPDv01p5 intro {IS}:+-<item: 0001> <itemType: State> <itemName: ATM-ImportState-namespace:OCN>
20260908 013302.922 INFO             PET1         ATM: InitializeIPDv01p5 intro {IS}:! <name: ATM-ImportState-namespace:OCN> <intent: ESMF_STATEINTENT_IMPORT> <itemCount:    1>
20260908 013302.922 INFO             PET1         ATM: InitializeIPDv01p5 intro {IS}:! +-<item: 0001> <itemType: Field> <itemName: sea_surface_temperature>
20260908 013302.922 INFO             PET1         ATM: InitializeIPDv01p5 intro {IS}:! !--- FieldLog() start -----------------
20260908 013302.922 INFO             PET1         ATM: InitializeIPDv01p5 intro {IS}:! ! <name: sea_surface_temperature> <fieldStatus: ESMF_FIELDSTATUS_COMPLETE>
20260908 013302.922 INFO             PET1         ATM: InitializeIPDv01p5 intro {IS}:! ! 0x7ffcde45ff90 => 0xf371d0 => 0xf37400
20260908 013302.922 INFO             PET1         ATM: InitializeIPDv01p5 intro {IS}:! ! <typekind: Real*8> <rank:    2> <dimCount:    2>
20260908 013302.922 INFO             PET1         ATM: InitializeIPDv01p5 intro {IS}:! ! ! --- Array::log() start -----------------------------------
20260908 013302.922 INFO             PET1         ATM: InitializeIPDv01p5 intro {IS}:! ! ! 0x1073a00
20260908 013302.922 INFO             PET1         ATM: InitializeIPDv01p5 intro {IS}:! ! ! <name: sea_surface_temperature>
20260908 013302.922 INFO             PET1         ATM: InitializeIPDv01p5 intro {IS}:! ! ! ! --- DistGrid::log() start --------------------------------
20260908 013302.922 INFO             PET1         ATM: InitializeIPDv01p5 intro {IS}:! ! ! ! 0x1003f00
20260908 013302.922 INFO             PET1         ATM: InitializeIPDv01p5 intro {IS}:! ! ! ! DistGrid object is valid!<name: DG-Grid003-sloc:0>
20260908 013302.922 INFO             PET1         ATM: InitializeIPDv01p5 intro {IS}:! ! ! ! --- DistGrid::log() end ----------------------------------
20260908 013302.922 INFO             PET1         ATM: InitializeIPDv01p5 intro {IS}:! ! ! --- Array::log() end -------------------------------------
20260908 013302.922 INFO             PET1         ATM: InitializeIPDv01p5 intro {IS}:! !--- FieldLog() end -------------------
20260908 013302.922 INFO             PET1         ATM: InitializeIPDv01p5 intro {IS}:--- StateLog() end -------------------
20260908 013302.922 INFO             PET1         ATM: InitializeIPDv01p5 intro {ES}:--- StateLog() start -----------------
20260908 013302.922 INFO             PET1         ATM: InitializeIPDv01p5 intro {ES}:<name: ATM-ExportState> <intent: ESMF_STATEINTENT_EXPORT> <itemCount:    0>
20260908 013302.922 INFO             PET1         ATM: InitializeIPDv01p5 intro {ES}:--- StateLog() end -------------------
20260908 013302.923 INFO             PET1         >>>ATM: entered Initialize (phase=IPDvXp08) with current time: 2010  6  1  0  0  0   0
20260908 013302.923 INFO             PET1         <<<ATM: leaving Initialize (phase=IPDvXp08) with current time: 2010  6  1  0  0  0   0
20260908 013302.923 INFO             PET1         ATM: InitializeIPDv01p5 extro {IS}:--- StateLog() start -----------------
20260908 013302.923 INFO             PET1         ATM: InitializeIPDv01p5 extro {IS}:<name: ATM-ImportState> <intent: ESMF_STATEINTENT_IMPORT> <itemCount:    1>
20260908 013302.923 INFO             PET1         ATM: InitializeIPDv01p5 extro {IS}:+-<item: 0001> <itemType: State> <itemName: ATM-ImportState-namespace:OCN>
20260908 013302.923 INFO             PET1         ATM: InitializeIPDv01p5 extro {IS}:! <name: ATM-ImportState-namespace:OCN> <intent: ESMF_STATEINTENT_IMPORT> <itemCount:    1>
20260908 013302.923 INFO             PET1         ATM: InitializeIPDv01p5 extro {IS}:! +-<item: 0001> <itemType: Field> <itemName: sea_surface_temperature>
20260908 013302.923 INFO             PET1         ATM: InitializeIPDv01p5 extro {IS}:! !--- FieldLog() start -----------------
20260908 013302.923 INFO             PET1         ATM: InitializeIPDv01p5 extro {IS}:! ! <name: sea_surface_temperature> <fieldStatus: ESMF_FIELDSTATUS_COMPLETE>
20260908 013302.923 INFO             PET1         ATM: InitializeIPDv01p5 extro {IS}:! ! 0x7ffcde460160 => 0xf371d0 => 0xf37400
20260908 013302.924 INFO             PET1         ATM: InitializeIPDv01p5 extro {IS}:! ! <typekind: Real*8> <rank:    2> <dimCount:    2>
20260908 013302.924 INFO             PET1         ATM: InitializeIPDv01p5 extro {IS}:! ! ! --- Array::log() start -----------------------------------
20260908 013302.924 INFO             PET1         ATM: InitializeIPDv01p5 extro {IS}:! ! ! 0x1073a00
20260908 013302.924 INFO             PET1         ATM: InitializeIPDv01p5 extro {IS}:! ! ! <name: sea_surface_temperature>
20260908 013302.924 INFO             PET1         ATM: InitializeIPDv01p5 extro {IS}:! ! ! ! --- DistGrid::log() start --------------------------------
20260908 013302.924 INFO             PET1         ATM: InitializeIPDv01p5 extro {IS}:! ! ! ! 0x1003f00
20260908 013302.924 INFO             PET1         ATM: InitializeIPDv01p5 extro {IS}:! ! ! ! DistGrid object is valid!<name: DG-Grid003-sloc:0>
20260908 013302.924 INFO             PET1         ATM: InitializeIPDv01p5 extro {IS}:! ! ! ! --- DistGrid::log() end ----------------------------------
20260908 013302.924 INFO             PET1         ATM: InitializeIPDv01p5 extro {IS}:! ! ! --- Array::log() end -------------------------------------
20260908 013302.924 INFO             PET1         ATM: InitializeIPDv01p5 extro {IS}:! !--- FieldLog() end -------------------
20260908 013302.924 INFO             PET1         ATM: InitializeIPDv01p5 extro {IS}:--- StateLog() end -------------------
20260908 013302.924 INFO             PET1         ATM: InitializeIPDv01p5 extro {ES}:--- StateLog() start -----------------
20260908 013302.924 INFO             PET1         ATM: InitializeIPDv01p5 extro {ES}:<name: ATM-ExportState> <intent: ESMF_STATEINTENT_EXPORT> <itemCount:    0>
20260908 013302.924 INFO             PET1         ATM: InitializeIPDv01p5 extro {ES}:--- StateLog() end -------------------
20260908 013302.924 INFO             PET1       ATM: InitializeIPDv01p5 extro.
20260908 013302.929 INFO             PET1       esm: components present that trigger loopDataDependentInitialize().
20260908 013302.930 INFO             PET1       esm: loopDataDependentInitialize intro.
20260908 013302.930 INFO             PET1         esm: loopDataDependentInitialize intro {IS}:--- StateLog() start -----------------
20260908 013302.930 INFO             PET1         esm: loopDataDependentInitialize intro {IS}:State object is invalid! Not created or deleted!
20260908 013302.930 INFO             PET1         esm: loopDataDependentInitialize intro {IS}:--- StateLog() end -------------------
20260908 013302.930 INFO             PET1         esm: loopDataDependentInitialize intro {ES}:--- StateLog() start -----------------
20260908 013302.930 INFO             PET1         esm: loopDataDependentInitialize intro {ES}:State object is invalid! Not created or deleted!
20260908 013302.930 INFO             PET1         esm: loopDataDependentInitialize intro {ES}:--- StateLog() end -------------------
20260908 013302.930 INFO             PET1         >>>esm: entered Initialize (phase=<none>) with current time: 2010  6  1  0  0  0   0
20260908 013302.930 INFO             PET1         esm: component    0=esm, dataComplete (local): true
20260908 013302.930 INFO             PET1         esm: component    0=esm, dataComplete (global):  T
20260908 013302.930 INFO             PET1         esm: component    1=ATM, dataComplete (local): true
20260908 013302.931 INFO             PET1         esm: component    1=ATM, dataComplete (global):  T
20260908 013302.931 INFO             PET1         esm: component    2=OCN, dataComplete (local): true
20260908 013302.931 INFO             PET1         esm: component    2=OCN, dataComplete (global):  T
20260908 013302.931 INFO             PET1         esm: someProgress= F, allComplete= T, present(dataDepAllComplete)= T
20260908 013302.931 INFO             PET1         esm: finished resolving initialize data dependencies on this level.
20260908 013302.931 INFO             PET1         <<<esm: leaving Initialize (phase=<none>) with current time: 2010  6  1  0  0  0   0
20260908 013302.931 INFO             PET1         esm: loopDataDependentInitialize extro {IS}:--- StateLog() start -----------------
20260908 013302.931 INFO             PET1         esm: loopDataDependentInitialize extro {IS}:State object is invalid! Not created or deleted!
20260908 013302.931 INFO             PET1         esm: loopDataDependentInitialize extro {IS}:--- StateLog() end -------------------
20260908 013302.931 INFO             PET1         esm: loopDataDependentInitialize extro {ES}:--- StateLog() start -----------------
20260908 013302.931 INFO             PET1         esm: loopDataDependentInitialize extro {ES}:State object is invalid! Not created or deleted!
20260908 013302.931 INFO             PET1         esm: loopDataDependentInitialize extro {ES}:--- StateLog() end -------------------
20260908 013302.931 INFO             PET1       esm: loopDataDependentInitialize extro.
20260908 013302.931 INFO             PET1       esm: loopDataDependentInitialize() returned with dataDepAllComplete:  T
20260908 013302.932 INFO             PET1       <<<esm: leaving Initialize (phase=<none>) with current time: 2010  6  1  0  0  0   0
20260908 013302.932 INFO             PET1       esm: InitializeIPDv02p5Data extro {IS}:--- StateLog() start -----------------
20260908 013302.932 INFO             PET1       esm: InitializeIPDv02p5Data extro {IS}:State object is invalid! Not created or deleted!
20260908 013302.932 INFO             PET1       esm: InitializeIPDv02p5Data extro {IS}:--- StateLog() end -------------------
20260908 013302.932 INFO             PET1       esm: InitializeIPDv02p5Data extro {ES}:--- StateLog() start -----------------
20260908 013302.932 INFO             PET1       esm: InitializeIPDv02p5Data extro {ES}:State object is invalid! Not created or deleted!
20260908 013302.932 INFO             PET1       esm: InitializeIPDv02p5Data extro {ES}:--- StateLog() end -------------------
20260908 013302.932 INFO             PET1     esm: InitializeIPDv02p5Data extro.
20260908 013302.932 INFO             PET1     <<<esm: leaving Initialize (phase=<none>) with current time: 2010  6  1  0  0  0   0
20260908 013302.932 INFO             PET1     esm: InitializeIPDv02p5 extro {IS}:--- StateLog() start -----------------
20260908 013302.932 INFO             PET1     esm: InitializeIPDv02p5 extro {IS}:State object is invalid! Not created or deleted!
20260908 013302.932 INFO             PET1     esm: InitializeIPDv02p5 extro {IS}:--- StateLog() end -------------------
20260908 013302.932 INFO             PET1     esm: InitializeIPDv02p5 extro {ES}:--- StateLog() start -----------------
20260908 013302.932 INFO             PET1     esm: InitializeIPDv02p5 extro {ES}:State object is invalid! Not created or deleted!
20260908 013302.932 INFO             PET1     esm: InitializeIPDv02p5 extro {ES}:--- StateLog() end -------------------
20260908 013302.932 INFO             PET1   esm: InitializeIPDv02p5 extro.
20260908 013302.932 INFO             PET1   <<<esm: leaving Initialize (phase=<none>) with current time: 2010  6  1  0  0  0   0
20260908 013302.933 INFO             PET1   esm: InitializeGeneric extro {IS}:--- StateLog() start -----------------
20260908 013302.933 INFO             PET1   esm: InitializeGeneric extro {IS}:State object is invalid! Not created or deleted!
20260908 013302.933 INFO             PET1   esm: InitializeGeneric extro {IS}:--- StateLog() end -------------------
20260908 013302.933 INFO             PET1   esm: InitializeGeneric extro {ES}:--- StateLog() start -----------------
20260908 013302.933 INFO             PET1   esm: InitializeGeneric extro {ES}:State object is invalid! Not created or deleted!
20260908 013302.933 INFO             PET1   esm: InitializeGeneric extro {ES}:--- StateLog() end -------------------
20260908 013302.933 INFO             PET1 esm: InitializeGeneric extro.
20260908 013302.933 INFO             PET1 esm: Run intro.
20260908 013302.933 INFO             PET1   esm: Run intro {IS}:--- StateLog() start -----------------
20260908 013302.933 INFO             PET1   esm: Run intro {IS}:State object is invalid! Not created or deleted!
20260908 013302.933 INFO             PET1   esm: Run intro {IS}:--- StateLog() end -------------------
20260908 013302.933 INFO             PET1   esm: Run intro {ES}:--- StateLog() start -----------------
20260908 013302.933 INFO             PET1   esm: Run intro {ES}:State object is invalid! Not created or deleted!
20260908 013302.933 INFO             PET1   esm: Run intro {ES}:--- StateLog() end -------------------
20260908 013302.933 INFO             PET1   >>>esm: entered Run (phase=RunPhase1) with current time: 2010  6  1  0  0  0   0
20260908 013302.933 INFO             PET1   esm: after lable_SetRunClock, current time: 2010  6  1  0  0  0   0
20260908 013302.934 INFO             PET1   esm: begin -------> RunSequence.
20260908 013302.934 INFO             PET1     esm: RunSequence event loopLevel=   1  levelMember=   1  loopIteration=   1, current time: 2010  6  1  0  0  0   0
20260908 013302.934 INFO             PET1     ATM-TO-OCN: Run intro.
20260908 013302.934 INFO             PET1       ATM-TO-OCN: Run intro {IS}:--- StateLog() start -----------------
20260908 013302.934 INFO             PET1       ATM-TO-OCN: Run intro {IS}:<name: ATM-ExportState> <intent: ESMF_STATEINTENT_EXPORT> <itemCount:    0>
20260908 013302.934 INFO             PET1       ATM-TO-OCN: Run intro {IS}:--- StateLog() end -------------------
20260908 013302.934 INFO             PET1       ATM-TO-OCN: Run intro {ES}:--- StateLog() start -----------------
20260908 013302.934 INFO             PET1       ATM-TO-OCN: Run intro {ES}:<name: OCN-ImportState> <intent: ESMF_STATEINTENT_IMPORT> <itemCount:    0>
20260908 013302.934 INFO             PET1       ATM-TO-OCN: Run intro {ES}:--- StateLog() end -------------------
20260908 013302.934 INFO             PET1       >>>ATM-TO-OCN entered Run (phase=RunPhase1)
20260908 013302.934 INFO             PET1       ATM-TO-OCN: called default RouteHandle execution
20260908 013302.934 INFO             PET1       <<<ATM-TO-OCN leaving Run (phase=RunPhase1)
20260908 013302.934 INFO             PET1       ATM-TO-OCN: Run extro {IS}:--- StateLog() start -----------------
20260908 013302.934 INFO             PET1       ATM-TO-OCN: Run extro {IS}:<name: ATM-ExportState> <intent: ESMF_STATEINTENT_EXPORT> <itemCount:    0>
20260908 013302.934 INFO             PET1       ATM-TO-OCN: Run extro {IS}:--- StateLog() end -------------------
20260908 013302.934 INFO             PET1       ATM-TO-OCN: Run extro {ES}:--- StateLog() start -----------------
20260908 013302.935 INFO             PET1       ATM-TO-OCN: Run extro {ES}:<name: OCN-ImportState> <intent: ESMF_STATEINTENT_IMPORT> <itemCount:    0>
20260908 013302.935 INFO             PET1       ATM-TO-OCN: Run extro {ES}:--- StateLog() end -------------------
20260908 013302.935 INFO             PET1     ATM-TO-OCN: Run extro.
20260908 013302.935 INFO             PET1     OCN-TO-ATM: Run intro.
20260908 013302.935 INFO             PET1       OCN-TO-ATM: Run intro {IS}:--- StateLog() start -----------------
20260908 013302.935 INFO             PET1       OCN-TO-ATM: Run intro {IS}:<name: OCN-ExportState> <intent: ESMF_STATEINTENT_EXPORT> <itemCount:    1>
20260908 013302.935 INFO             PET1       OCN-TO-ATM: Run intro {IS}:+-<item: 0001> <itemType: Field> <itemName: sst>
20260908 013302.935 INFO             PET1       OCN-TO-ATM: Run intro {IS}:!--- FieldLog() start -----------------
20260908 013302.935 INFO             PET1       OCN-TO-ATM: Run intro {IS}:! <name: sst> <fieldStatus: ESMF_FIELDSTATUS_COMPLETE>
20260908 013302.935 INFO             PET1       OCN-TO-ATM: Run intro {IS}:! 0x7ffcde4633e0 => 0xf6fde0 => 0x1048110
20260908 013302.935 INFO             PET1       OCN-TO-ATM: Run intro {IS}:! <typekind: Real*8> <rank:    2> <dimCount:    2>
20260908 013302.935 INFO             PET1       OCN-TO-ATM: Run intro {IS}:! ! --- Array::log() start -----------------------------------
20260908 013302.935 INFO             PET1       OCN-TO-ATM: Run intro {IS}:! ! 0x100ea90
20260908 013302.935 INFO             PET1       OCN-TO-ATM: Run intro {IS}:! ! <name: sst>
20260908 013302.935 INFO             PET1       OCN-TO-ATM: Run intro {IS}:! ! ! --- DistGrid::log() start --------------------------------
20260908 013302.935 INFO             PET1       OCN-TO-ATM: Run intro {IS}:! ! ! 0x1074e00
20260908 013302.935 INFO             PET1       OCN-TO-ATM: Run intro {IS}:! ! ! DistGrid object is valid!<name: DG-Grid003-sloc:0>
20260908 013302.935 INFO             PET1       OCN-TO-ATM: Run intro {IS}:! ! ! --- DistGrid::log() end ----------------------------------
20260908 013302.935 INFO             PET1       OCN-TO-ATM: Run intro {IS}:! ! --- Array::log() end -------------------------------------
20260908 013302.935 INFO             PET1       OCN-TO-ATM: Run intro {IS}:!--- FieldLog() end -------------------
20260908 013302.936 INFO             PET1       OCN-TO-ATM: Run intro {IS}:--- StateLog() end -------------------
20260908 013302.936 INFO             PET1       OCN-TO-ATM: Run intro {ES}:--- StateLog() start -----------------
20260908 013302.936 INFO             PET1       OCN-TO-ATM: Run intro {ES}:<name: ATM-ImportState> <intent: ESMF_STATEINTENT_IMPORT> <itemCount:    1>
20260908 013302.936 INFO             PET1       OCN-TO-ATM: Run intro {ES}:+-<item: 0001> <itemType: State> <itemName: ATM-ImportState-namespace:OCN>
20260908 013302.936 INFO             PET1       OCN-TO-ATM: Run intro {ES}:! <name: ATM-ImportState-namespace:OCN> <intent: ESMF_STATEINTENT_IMPORT> <itemCount:    1>
20260908 013302.936 INFO             PET1       OCN-TO-ATM: Run intro {ES}:! +-<item: 0001> <itemType: Field> <itemName: sea_surface_temperature>
20260908 013302.936 INFO             PET1       OCN-TO-ATM: Run intro {ES}:! !--- FieldLog() start -----------------
20260908 013302.936 INFO             PET1       OCN-TO-ATM: Run intro {ES}:! ! <name: sea_surface_temperature> <fieldStatus: ESMF_FIELDSTATUS_COMPLETE>
20260908 013302.936 INFO             PET1       OCN-TO-ATM: Run intro {ES}:! ! 0x7ffcde461bf0 => 0xf371d0 => 0xf37400
20260908 013302.936 INFO             PET1       OCN-TO-ATM: Run intro {ES}:! ! <typekind: Real*8> <rank:    2> <dimCount:    2>
20260908 013302.936 INFO             PET1       OCN-TO-ATM: Run intro {ES}:! ! ! --- Array::log() start -----------------------------------
20260908 013302.936 INFO             PET1       OCN-TO-ATM: Run intro {ES}:! ! ! 0x1073a00
20260908 013302.936 INFO             PET1       OCN-TO-ATM: Run intro {ES}:! ! ! <name: sea_surface_temperature>
20260908 013302.936 INFO             PET1       OCN-TO-ATM: Run intro {ES}:! ! ! ! --- DistGrid::log() start --------------------------------
20260908 013302.936 INFO             PET1       OCN-TO-ATM: Run intro {ES}:! ! ! ! 0x1003f00
20260908 013302.936 INFO             PET1       OCN-TO-ATM: Run intro {ES}:! ! ! ! DistGrid object is valid!<name: DG-Grid003-sloc:0>
20260908 013302.936 INFO             PET1       OCN-TO-ATM: Run intro {ES}:! ! ! ! --- DistGrid::log() end ----------------------------------
20260908 013302.936 INFO             PET1       OCN-TO-ATM: Run intro {ES}:! ! ! --- Array::log() end -------------------------------------
20260908 013302.936 INFO             PET1       OCN-TO-ATM: Run intro {ES}:! !--- FieldLog() end -------------------
20260908 013302.936 INFO             PET1       OCN-TO-ATM: Run intro {ES}:--- StateLog() end -------------------
20260908 013302.936 INFO             PET1       >>>OCN-TO-ATM entered Run (phase=RunPhase1)
20260908 013302.937 INFO             PET1       OCN-TO-ATM: called default RouteHandle execution
20260908 013302.937 INFO             PET1       <<<OCN-TO-ATM leaving Run (phase=RunPhase1)
20260908 013302.937 INFO             PET1       OCN-TO-ATM: Run extro {IS}:--- StateLog() start -----------------
20260908 013302.937 INFO             PET1       OCN-TO-ATM: Run extro {IS}:<name: OCN-ExportState> <intent: ESMF_STATEINTENT_EXPORT> <itemCount:    1>
20260908 013302.937 INFO             PET1       OCN-TO-ATM: Run extro {IS}:+-<item: 0001> <itemType: Field> <itemName: sst>
20260908 013302.937 INFO             PET1       OCN-TO-ATM: Run extro {IS}:!--- FieldLog() start -----------------
20260908 013302.937 INFO             PET1       OCN-TO-ATM: Run extro {IS}:! <name: sst> <fieldStatus: ESMF_FIELDSTATUS_COMPLETE>
20260908 013302.937 INFO             PET1       OCN-TO-ATM: Run extro {IS}:! 0x7ffcde4635b0 => 0xf6fde0 => 0x1048110
20260908 013302.937 INFO             PET1       OCN-TO-ATM: Run extro {IS}:! <typekind: Real*8> <rank:    2> <dimCount:    2>
20260908 013302.937 INFO             PET1       OCN-TO-ATM: Run extro {IS}:! ! --- Array::log() start -----------------------------------
20260908 013302.937 INFO             PET1       OCN-TO-ATM: Run extro {IS}:! ! 0x100ea90
20260908 013302.937 INFO             PET1       OCN-TO-ATM: Run extro {IS}:! ! <name: sst>
20260908 013302.937 INFO             PET1       OCN-TO-ATM: Run extro {IS}:! ! ! --- DistGrid::log() start --------------------------------
20260908 013302.937 INFO             PET1       OCN-TO-ATM: Run extro {IS}:! ! ! 0x1074e00
20260908 013302.937 INFO             PET1       OCN-TO-ATM: Run extro {IS}:! ! ! DistGrid object is valid!<name: DG-Grid003-sloc:0>
20260908 013302.937 INFO             PET1       OCN-TO-ATM: Run extro {IS}:! ! ! --- DistGrid::log() end ----------------------------------
20260908 013302.937 INFO             PET1       OCN-TO-ATM: Run extro {IS}:! ! --- Array::log() end -------------------------------------
20260908 013302.937 INFO             PET1       OCN-TO-ATM: Run extro {IS}:!--- FieldLog() end -------------------
20260908 013302.937 INFO             PET1       OCN-TO-ATM: Run extro {IS}:--- StateLog() end -------------------
20260908 013302.937 INFO             PET1       OCN-TO-ATM: Run extro {ES}:--- StateLog() start -----------------
20260908 013302.937 INFO             PET1       OCN-TO-ATM: Run extro {ES}:<name: ATM-ImportState> <intent: ESMF_STATEINTENT_IMPORT> <itemCount:    1>
20260908 013302.937 INFO             PET1       OCN-TO-ATM: Run extro {ES}:+-<item: 0001> <itemType: State> <itemName: ATM-ImportState-namespace:OCN>
20260908 013302.937 INFO             PET1       OCN-TO-ATM: Run extro {ES}:! <name: ATM-ImportState-namespace:OCN> <intent: ESMF_STATEINTENT_IMPORT> <itemCount:    1>
20260908 013302.937 INFO             PET1       OCN-TO-ATM: Run extro {ES}:! +-<item: 0001> <itemType: Field> <itemName: sea_surface_temperature>
20260908 013302.937 INFO             PET1       OCN-TO-ATM: Run extro {ES}:! !--- FieldLog() start -----------------
20260908 013302.937 INFO             PET1       OCN-TO-ATM: Run extro {ES}:! ! <name: sea_surface_temperature> <fieldStatus: ESMF_FIELDSTATUS_COMPLETE>
20260908 013302.937 INFO             PET1       OCN-TO-ATM: Run extro {ES}:! ! 0x7ffcde461dc0 => 0xf371d0 => 0xf37400
20260908 013302.937 INFO             PET1       OCN-TO-ATM: Run extro {ES}:! ! <typekind: Real*8> <rank:    2> <dimCount:    2>
20260908 013302.937 INFO             PET1       OCN-TO-ATM: Run extro {ES}:! ! ! --- Array::log() start -----------------------------------
20260908 013302.938 INFO             PET1       OCN-TO-ATM: Run extro {ES}:! ! ! 0x1073a00
20260908 013302.938 INFO             PET1       OCN-TO-ATM: Run extro {ES}:! ! ! <name: sea_surface_temperature>
20260908 013302.938 INFO             PET1       OCN-TO-ATM: Run extro {ES}:! ! ! ! --- DistGrid::log() start --------------------------------
20260908 013302.938 INFO             PET1       OCN-TO-ATM: Run extro {ES}:! ! ! ! 0x1003f00
20260908 013302.938 INFO             PET1       OCN-TO-ATM: Run extro {ES}:! ! ! ! DistGrid object is valid!<name: DG-Grid003-sloc:0>
20260908 013302.938 INFO             PET1       OCN-TO-ATM: Run extro {ES}:! ! ! ! --- DistGrid::log() end ----------------------------------
20260908 013302.938 INFO             PET1       OCN-TO-ATM: Run extro {ES}:! ! ! --- Array::log() end -------------------------------------
20260908 013302.938 INFO             PET1       OCN-TO-ATM: Run extro {ES}:! !--- FieldLog() end -------------------
20260908 013302.938 INFO             PET1       OCN-TO-ATM: Run extro {ES}:--- StateLog() end -------------------
20260908 013302.938 INFO             PET1     OCN-TO-ATM: Run extro.
20260908 013302.938 INFO             PET1     ATM: Run intro.
20260908 013302.938 INFO             PET1       ATM: Run intro {IS}:--- StateLog() start -----------------
20260908 013302.938 INFO             PET1       ATM: Run intro {IS}:<name: ATM-ImportState> <intent: ESMF_STATEINTENT_IMPORT> <itemCount:    1>
20260908 013302.938 INFO             PET1       ATM: Run intro {IS}:+-<item: 0001> <itemType: State> <itemName: ATM-ImportState-namespace:OCN>
20260908 013302.938 INFO             PET1       ATM: Run intro {IS}:! <name: ATM-ImportState-namespace:OCN> <intent: ESMF_STATEINTENT_IMPORT> <itemCount:    1>
20260908 013302.938 INFO             PET1       ATM: Run intro {IS}:! +-<item: 0001> <itemType: Field> <itemName: sea_surface_temperature>
20260908 013302.938 INFO             PET1       ATM: Run intro {IS}:! !--- FieldLog() start -----------------
20260908 013302.938 INFO             PET1       ATM: Run intro {IS}:! ! <name: sea_surface_temperature> <fieldStatus: ESMF_FIELDSTATUS_COMPLETE>
20260908 013302.938 INFO             PET1       ATM: Run intro {IS}:! ! 0x7ffcde460410 => 0xf371d0 => 0xf37400
20260908 013302.939 INFO             PET1       ATM: Run intro {IS}:! ! <typekind: Real*8> <rank:    2> <dimCount:    2>
20260908 013302.939 INFO             PET1       ATM: Run intro {IS}:! ! ! --- Array::log() start -----------------------------------
20260908 013302.939 INFO             PET1       ATM: Run intro {IS}:! ! ! 0x1073a00
20260908 013302.939 INFO             PET1       ATM: Run intro {IS}:! ! ! <name: sea_surface_temperature>
20260908 013302.939 INFO             PET1       ATM: Run intro {IS}:! ! ! ! --- DistGrid::log() start --------------------------------
20260908 013302.939 INFO             PET1       ATM: Run intro {IS}:! ! ! ! 0x1003f00
20260908 013302.939 INFO             PET1       ATM: Run intro {IS}:! ! ! ! DistGrid object is valid!<name: DG-Grid003-sloc:0>
20260908 013302.939 INFO             PET1       ATM: Run intro {IS}:! ! ! ! --- DistGrid::log() end ----------------------------------
20260908 013302.939 INFO             PET1       ATM: Run intro {IS}:! ! ! --- Array::log() end -------------------------------------
20260908 013302.939 INFO             PET1       ATM: Run intro {IS}:! !--- FieldLog() end -------------------
20260908 013302.939 INFO             PET1       ATM: Run intro {IS}:--- StateLog() end -------------------
20260908 013302.939 INFO             PET1       ATM: Run intro {ES}:--- StateLog() start -----------------
20260908 013302.939 INFO             PET1       ATM: Run intro {ES}:<name: ATM-ExportState> <intent: ESMF_STATEINTENT_EXPORT> <itemCount:    0>
20260908 013302.939 INFO             PET1       ATM: Run intro {ES}:--- StateLog() end -------------------
20260908 013302.939 INFO             PET1       >>>ATM: entered Run (phase=RunPhase1) with current time: 2010  6  1  0  0  0   0
20260908 013302.939 INFO             PET1       ATM: time step-loop starting, current time: 2010  6  1  0  0  0   0
20260908 013302.939 INFO             PET1       ------>Advancing ATM from: 2010  6  1  0  0  0   0
20260908 013302.939 INFO             PET1       ---------------------> to: 2010  6  1  0 15  0   0
20260908 013302.940 INFO             PET1       ATM: time step-loop ending,   current time: 2010  6  1  0 15  0   0
20260908 013302.940 INFO             PET1       <<<ATM: leaving Run (phase=RunPhase1) with current time: 2010  6  1  0 15  0   0
20260908 013302.940 INFO             PET1       ATM: Run extro {IS}:--- StateLog() start -----------------
20260908 013302.940 INFO             PET1       ATM: Run extro {IS}:<name: ATM-ImportState> <intent: ESMF_STATEINTENT_IMPORT> <itemCount:    1>
20260908 013302.940 INFO             PET1       ATM: Run extro {IS}:+-<item: 0001> <itemType: State> <itemName: ATM-ImportState-namespace:OCN>
20260908 013302.940 INFO             PET1       ATM: Run extro {IS}:! <name: ATM-ImportState-namespace:OCN> <intent: ESMF_STATEINTENT_IMPORT> <itemCount:    1>
20260908 013302.940 INFO             PET1       ATM: Run extro {IS}:! +-<item: 0001> <itemType: Field> <itemName: sea_surface_temperature>
20260908 013302.940 INFO             PET1       ATM: Run extro {IS}:! !--- FieldLog() start -----------------
20260908 013302.940 INFO             PET1       ATM: Run extro {IS}:! ! <name: sea_surface_temperature> <fieldStatus: ESMF_FIELDSTATUS_COMPLETE>
20260908 013302.940 INFO             PET1       ATM: Run extro {IS}:! ! 0x7ffcde4605e0 => 0xf371d0 => 0xf37400
20260908 013302.940 INFO             PET1       ATM: Run extro {IS}:! ! <typekind: Real*8> <rank:    2> <dimCount:    2>
20260908 013302.940 INFO             PET1       ATM: Run extro {IS}:! ! ! --- Array::log() start -----------------------------------
20260908 013302.940 INFO             PET1       ATM: Run extro {IS}:! ! ! 0x1073a00
20260908 013302.940 INFO             PET1       ATM: Run extro {IS}:! ! ! <name: sea_surface_temperature>
20260908 013302.940 INFO             PET1       ATM: Run extro {IS}:! ! ! ! --- DistGrid::log() start --------------------------------
20260908 013302.940 INFO             PET1       ATM: Run extro {IS}:! ! ! ! 0x1003f00
20260908 013302.940 INFO             PET1       ATM: Run extro {IS}:! ! ! ! DistGrid object is valid!<name: DG-Grid003-sloc:0>
20260908 013302.940 INFO             PET1       ATM: Run extro {IS}:! ! ! ! --- DistGrid::log() end ----------------------------------
20260908 013302.940 INFO             PET1       ATM: Run extro {IS}:! ! ! --- Array::log() end -------------------------------------
20260908 013302.940 INFO             PET1       ATM: Run extro {IS}:! !--- FieldLog() end -------------------
20260908 013302.940 INFO             PET1       ATM: Run extro {IS}:--- StateLog() end -------------------
20260908 013302.940 INFO             PET1       ATM: Run extro {ES}:--- StateLog() start -----------------
20260908 013302.940 INFO             PET1       ATM: Run extro {ES}:<name: ATM-ExportState> <intent: ESMF_STATEINTENT_EXPORT> <itemCount:    0>
20260908 013302.940 INFO             PET1       ATM: Run extro {ES}:--- StateLog() end -------------------
20260908 013302.940 INFO             PET1     ATM: Run extro.
20260908 013302.940 INFO             PET1     esm: RunSequence event loopLevel=   1  levelMember=   1  loopIteration=   2, current time: 2010  6  1  0 15  0   0
20260908 013302.941 INFO             PET1     ATM-TO-OCN: Run intro.
20260908 013302.941 INFO             PET1       ATM-TO-OCN: Run intro {IS}:--- StateLog() start -----------------
20260908 013302.941 INFO             PET1       ATM-TO-OCN: Run intro {IS}:<name: ATM-ExportState> <intent: ESMF_STATEINTENT_EXPORT> <itemCount:    0>
20260908 013302.941 INFO             PET1       ATM-TO-OCN: Run intro {IS}:--- StateLog() end -------------------
20260908 013302.941 INFO             PET1       ATM-TO-OCN: Run intro {ES}:--- StateLog() start -----------------
20260908 013302.941 INFO             PET1       ATM-TO-OCN: Run intro {ES}:<name: OCN-ImportState> <intent: ESMF_STATEINTENT_IMPORT> <itemCount:    0>
20260908 013302.941 INFO             PET1       ATM-TO-OCN: Run intro {ES}:--- StateLog() end -------------------
20260908 013302.941 INFO             PET1       >>>ATM-TO-OCN entered Run (phase=RunPhase1)
20260908 013302.941 INFO             PET1       ATM-TO-OCN: called default RouteHandle execution
20260908 013302.941 INFO             PET1       <<<ATM-TO-OCN leaving Run (phase=RunPhase1)
20260908 013302.941 INFO             PET1       ATM-TO-OCN: Run extro {IS}:--- StateLog() start -----------------
20260908 013302.941 INFO             PET1       ATM-TO-OCN: Run extro {IS}:<name: ATM-ExportState> <intent: ESMF_STATEINTENT_EXPORT> <itemCount:    0>
20260908 013302.941 INFO             PET1       ATM-TO-OCN: Run extro {IS}:--- StateLog() end -------------------
20260908 013302.941 INFO             PET1       ATM-TO-OCN: Run extro {ES}:--- StateLog() start -----------------
20260908 013302.941 INFO             PET1       ATM-TO-OCN: Run extro {ES}:<name: OCN-ImportState> <intent: ESMF_STATEINTENT_IMPORT> <itemCount:    0>
20260908 013302.941 INFO             PET1       ATM-TO-OCN: Run extro {ES}:--- StateLog() end -------------------
20260908 013302.941 INFO             PET1     ATM-TO-OCN: Run extro.
20260908 013302.942 INFO             PET1     OCN-TO-ATM: Run intro.
20260908 013302.942 INFO             PET1       OCN-TO-ATM: Run intro {IS}:--- StateLog() start -----------------
20260908 013302.942 INFO             PET1       OCN-TO-ATM: Run intro {IS}:<name: OCN-ExportState> <intent: ESMF_STATEINTENT_EXPORT> <itemCount:    1>
20260908 013302.942 INFO             PET1       OCN-TO-ATM: Run intro {IS}:+-<item: 0001> <itemType: Field> <itemName: sst>
20260908 013302.942 INFO             PET1       OCN-TO-ATM: Run intro {IS}:!--- FieldLog() start -----------------
20260908 013302.942 INFO             PET1       OCN-TO-ATM: Run intro {IS}:! <name: sst> <fieldStatus: ESMF_FIELDSTATUS_COMPLETE>
20260908 013302.942 INFO             PET1       OCN-TO-ATM: Run intro {IS}:! 0x7ffcde4633e0 => 0xf6fde0 => 0x1048110
20260908 013302.942 INFO             PET1       OCN-TO-ATM: Run intro {IS}:! <typekind: Real*8> <rank:    2> <dimCount:    2>
20260908 013302.942 INFO             PET1       OCN-TO-ATM: Run intro {IS}:! ! --- Array::log() start -----------------------------------
20260908 013302.942 INFO             PET1       OCN-TO-ATM: Run intro {IS}:! ! 0x100ea90
20260908 013302.942 INFO             PET1       OCN-TO-ATM: Run intro {IS}:! ! <name: sst>
20260908 013302.942 INFO             PET1       OCN-TO-ATM: Run intro {IS}:! ! ! --- DistGrid::log() start --------------------------------
20260908 013302.942 INFO             PET1       OCN-TO-ATM: Run intro {IS}:! ! ! 0x1074e00
20260908 013302.942 INFO             PET1       OCN-TO-ATM: Run intro {IS}:! ! ! DistGrid object is valid!<name: DG-Grid003-sloc:0>
20260908 013302.942 INFO             PET1       OCN-TO-ATM: Run intro {IS}:! ! ! --- DistGrid::log() end ----------------------------------
20260908 013302.942 INFO             PET1       OCN-TO-ATM: Run intro {IS}:! ! --- Array::log() end -------------------------------------
20260908 013302.942 INFO             PET1       OCN-TO-ATM: Run intro {IS}:!--- FieldLog() end -------------------
20260908 013302.942 INFO             PET1       OCN-TO-ATM: Run intro {IS}:--- StateLog() end -------------------
20260908 013302.942 INFO             PET1       OCN-TO-ATM: Run intro {ES}:--- StateLog() start -----------------
20260908 013302.942 INFO             PET1       OCN-TO-ATM: Run intro {ES}:<name: ATM-ImportState> <intent: ESMF_STATEINTENT_IMPORT> <itemCount:    1>
20260908 013302.942 INFO             PET1       OCN-TO-ATM: Run intro {ES}:+-<item: 0001> <itemType: State> <itemName: ATM-ImportState-namespace:OCN>
20260908 013302.942 INFO             PET1       OCN-TO-ATM: Run intro {ES}:! <name: ATM-ImportState-namespace:OCN> <intent: ESMF_STATEINTENT_IMPORT> <itemCount:    1>
20260908 013302.942 INFO             PET1       OCN-TO-ATM: Run intro {ES}:! +-<item: 0001> <itemType: Field> <itemName: sea_surface_temperature>
20260908 013302.942 INFO             PET1       OCN-TO-ATM: Run intro {ES}:! !--- FieldLog() start -----------------
20260908 013302.942 INFO             PET1       OCN-TO-ATM: Run intro {ES}:! ! <name: sea_surface_temperature> <fieldStatus: ESMF_FIELDSTATUS_COMPLETE>
20260908 013302.942 INFO             PET1       OCN-TO-ATM: Run intro {ES}:! ! 0x7ffcde461bf0 => 0xf371d0 => 0xf37400
20260908 013302.943 INFO             PET1       OCN-TO-ATM: Run intro {ES}:! ! <typekind: Real*8> <rank:    2> <dimCount:    2>
20260908 013302.943 INFO             PET1       OCN-TO-ATM: Run intro {ES}:! ! ! --- Array::log() start -----------------------------------
20260908 013302.943 INFO             PET1       OCN-TO-ATM: Run intro {ES}:! ! ! 0x1073a00
20260908 013302.943 INFO             PET1       OCN-TO-ATM: Run intro {ES}:! ! ! <name: sea_surface_temperature>
20260908 013302.943 INFO             PET1       OCN-TO-ATM: Run intro {ES}:! ! ! ! --- DistGrid::log() start --------------------------------
20260908 013302.943 INFO             PET1       OCN-TO-ATM: Run intro {ES}:! ! ! ! 0x1003f00
20260908 013302.943 INFO             PET1       OCN-TO-ATM: Run intro {ES}:! ! ! ! DistGrid object is valid!<name: DG-Grid003-sloc:0>
20260908 013302.943 INFO             PET1       OCN-TO-ATM: Run intro {ES}:! ! ! ! --- DistGrid::log() end ----------------------------------
20260908 013302.943 INFO             PET1       OCN-TO-ATM: Run intro {ES}:! ! ! --- Array::log() end -------------------------------------
20260908 013302.943 INFO             PET1       OCN-TO-ATM: Run intro {ES}:! !--- FieldLog() end -------------------
20260908 013302.943 INFO             PET1       OCN-TO-ATM: Run intro {ES}:--- StateLog() end -------------------
20260908 013302.943 INFO             PET1       >>>OCN-TO-ATM entered Run (phase=RunPhase1)
20260908 013302.944 INFO             PET1       OCN-TO-ATM: called default RouteHandle execution
20260908 013302.944 INFO             PET1       <<<OCN-TO-ATM leaving Run (phase=RunPhase1)
20260908 013302.944 INFO             PET1       OCN-TO-ATM: Run extro {IS}:--- StateLog() start -----------------
20260908 013302.944 INFO             PET1       OCN-TO-ATM: Run extro {IS}:<name: OCN-ExportState> <intent: ESMF_STATEINTENT_EXPORT> <itemCount:    1>
20260908 013302.944 INFO             PET1       OCN-TO-ATM: Run extro {IS}:+-<item: 0001> <itemType: Field> <itemName: sst>
20260908 013302.944 INFO             PET1       OCN-TO-ATM: Run extro {IS}:!--- FieldLog() start -----------------
20260908 013302.944 INFO             PET1       OCN-TO-ATM: Run extro {IS}:! <name: sst> <fieldStatus: ESMF_FIELDSTATUS_COMPLETE>
20260908 013302.944 INFO             PET1       OCN-TO-ATM: Run extro {IS}:! 0x7ffcde4635b0 => 0xf6fde0 => 0x1048110
20260908 013302.944 INFO             PET1       OCN-TO-ATM: Run extro {IS}:! <typekind: Real*8> <rank:    2> <dimCount:    2>
20260908 013302.944 INFO             PET1       OCN-TO-ATM: Run extro {IS}:! ! --- Array::log() start -----------------------------------
20260908 013302.944 INFO             PET1       OCN-TO-ATM: Run extro {IS}:! ! 0x100ea90
20260908 013302.944 INFO             PET1       OCN-TO-ATM: Run extro {IS}:! ! <name: sst>
20260908 013302.944 INFO             PET1       OCN-TO-ATM: Run extro {IS}:! ! ! --- DistGrid::log() start --------------------------------
20260908 013302.944 INFO             PET1       OCN-TO-ATM: Run extro {IS}:! ! ! 0x1074e00
20260908 013302.944 INFO             PET1       OCN-TO-ATM: Run extro {IS}:! ! ! DistGrid object is valid!<name: DG-Grid003-sloc:0>
20260908 013302.944 INFO             PET1       OCN-TO-ATM: Run extro {IS}:! ! ! --- DistGrid::log() end ----------------------------------
20260908 013302.944 INFO             PET1       OCN-TO-ATM: Run extro {IS}:! ! --- Array::log() end -------------------------------------
20260908 013302.944 INFO             PET1       OCN-TO-ATM: Run extro {IS}:!--- FieldLog() end -------------------
20260908 013302.944 INFO             PET1       OCN-TO-ATM: Run extro {IS}:--- StateLog() end -------------------
20260908 013302.944 INFO             PET1       OCN-TO-ATM: Run extro {ES}:--- StateLog() start -----------------
20260908 013302.944 INFO             PET1       OCN-TO-ATM: Run extro {ES}:<name: ATM-ImportState> <intent: ESMF_STATEINTENT_IMPORT> <itemCount:    1>
20260908 013302.944 INFO             PET1       OCN-TO-ATM: Run extro {ES}:+-<item: 0001> <itemType: State> <itemName: ATM-ImportState-namespace:OCN>
20260908 013302.944 INFO             PET1       OCN-TO-ATM: Run extro {ES}:! <name: ATM-ImportState-namespace:OCN> <intent: ESMF_STATEINTENT_IMPORT> <itemCount:    1>
20260908 013302.944 INFO             PET1       OCN-TO-ATM: Run extro {ES}:! +-<item: 0001> <itemType: Field> <itemName: sea_surface_temperature>
20260908 013302.944 INFO             PET1       OCN-TO-ATM: Run extro {ES}:! !--- FieldLog() start -----------------
20260908 013302.944 INFO             PET1       OCN-TO-ATM: Run extro {ES}:! ! <name: sea_surface_temperature> <fieldStatus: ESMF_FIELDSTATUS_COMPLETE>
20260908 013302.944 INFO             PET1       OCN-TO-ATM: Run extro {ES}:! ! 0x7ffcde461dc0 => 0xf371d0 => 0xf37400
20260908 013302.944 INFO             PET1       OCN-TO-ATM: Run extro {ES}:! ! <typekind: Real*8> <rank:    2> <dimCount:    2>
20260908 013302.945 INFO             PET1       OCN-TO-ATM: Run extro {ES}:! ! ! --- Array::log() start -----------------------------------
20260908 013302.945 INFO             PET1       OCN-TO-ATM: Run extro {ES}:! ! ! 0x1073a00
20260908 013302.945 INFO             PET1       OCN-TO-ATM: Run extro {ES}:! ! ! <name: sea_surface_temperature>
20260908 013302.945 INFO             PET1       OCN-TO-ATM: Run extro {ES}:! ! ! ! --- DistGrid::log() start --------------------------------
20260908 013302.945 INFO             PET1       OCN-TO-ATM: Run extro {ES}:! ! ! ! 0x1003f00
20260908 013302.945 INFO             PET1       OCN-TO-ATM: Run extro {ES}:! ! ! ! DistGrid object is valid!<name: DG-Grid003-sloc:0>
20260908 013302.945 INFO             PET1       OCN-TO-ATM: Run extro {ES}:! ! ! ! --- DistGrid::log() end ----------------------------------
20260908 013302.945 INFO             PET1       OCN-TO-ATM: Run extro {ES}:! ! ! --- Array::log() end -------------------------------------
20260908 013302.945 INFO             PET1       OCN-TO-ATM: Run extro {ES}:! !--- FieldLog() end -------------------
20260908 013302.945 INFO             PET1       OCN-TO-ATM: Run extro {ES}:--- StateLog() end -------------------
20260908 013302.945 INFO             PET1     OCN-TO-ATM: Run extro.
20260908 013302.945 INFO             PET1     ATM: Run intro.
20260908 013302.945 INFO             PET1       ATM: Run intro {IS}:--- StateLog() start -----------------
20260908 013302.945 INFO             PET1       ATM: Run intro {IS}:<name: ATM-ImportState> <intent: ESMF_STATEINTENT_IMPORT> <itemCount:    1>
20260908 013302.945 INFO             PET1       ATM: Run intro {IS}:+-<item: 0001> <itemType: State> <itemName: ATM-ImportState-namespace:OCN>
20260908 013302.945 INFO             PET1       ATM: Run intro {IS}:! <name: ATM-ImportState-namespace:OCN> <intent: ESMF_STATEINTENT_IMPORT> <itemCount:    1>
20260908 013302.945 INFO             PET1       ATM: Run intro {IS}:! +-<item: 0001> <itemType: Field> <itemName: sea_surface_temperature>
20260908 013302.945 INFO             PET1       ATM: Run intro {IS}:! !--- FieldLog() start -----------------
20260908 013302.945 INFO             PET1       ATM: Run intro {IS}:! ! <name: sea_surface_temperature> <fieldStatus: ESMF_FIELDSTATUS_COMPLETE>
20260908 013302.945 INFO             PET1       ATM: Run intro {IS}:! ! 0x7ffcde460410 => 0xf371d0 => 0xf37400
20260908 013302.946 INFO             PET1       ATM: Run intro {IS}:! ! <typekind: Real*8> <rank:    2> <dimCount:    2>
20260908 013302.946 INFO             PET1       ATM: Run intro {IS}:! ! ! --- Array::log() start -----------------------------------
20260908 013302.946 INFO             PET1       ATM: Run intro {IS}:! ! ! 0x1073a00
20260908 013302.946 INFO             PET1       ATM: Run intro {IS}:! ! ! <name: sea_surface_temperature>
20260908 013302.946 INFO             PET1       ATM: Run intro {IS}:! ! ! ! --- DistGrid::log() start --------------------------------
20260908 013302.946 INFO             PET1       ATM: Run intro {IS}:! ! ! ! 0x1003f00
20260908 013302.946 INFO             PET1       ATM: Run intro {IS}:! ! ! ! DistGrid object is valid!<name: DG-Grid003-sloc:0>
20260908 013302.946 INFO             PET1       ATM: Run intro {IS}:! ! ! ! --- DistGrid::log() end ----------------------------------
20260908 013302.946 INFO             PET1       ATM: Run intro {IS}:! ! ! --- Array::log() end -------------------------------------
20260908 013302.946 INFO             PET1       ATM: Run intro {IS}:! !--- FieldLog() end -------------------
20260908 013302.946 INFO             PET1       ATM: Run intro {IS}:--- StateLog() end -------------------
20260908 013302.946 INFO             PET1       ATM: Run intro {ES}:--- StateLog() start -----------------
20260908 013302.946 INFO             PET1       ATM: Run intro {ES}:<name: ATM-ExportState> <intent: ESMF_STATEINTENT_EXPORT> <itemCount:    0>
20260908 013302.946 INFO             PET1       ATM: Run intro {ES}:--- StateLog() end -------------------
20260908 013302.946 INFO             PET1       >>>ATM: entered Run (phase=RunPhase1) with current time: 2010  6  1  0 15  0   0
20260908 013302.946 INFO             PET1       ATM: time step-loop starting, current time: 2010  6  1  0 15  0   0
20260908 013302.946 INFO             PET1       ------>Advancing ATM from: 2010  6  1  0 15  0   0
20260908 013302.946 INFO             PET1       ---------------------> to: 2010  6  1  0 30  0   0
20260908 013302.947 INFO             PET1       ATM: time step-loop ending,   current time: 2010  6  1  0 30  0   0
20260908 013302.947 INFO             PET1       <<<ATM: leaving Run (phase=RunPhase1) with current time: 2010  6  1  0 30  0   0
20260908 013302.947 INFO             PET1       ATM: Run extro {IS}:--- StateLog() start -----------------
20260908 013302.947 INFO             PET1       ATM: Run extro {IS}:<name: ATM-ImportState> <intent: ESMF_STATEINTENT_IMPORT> <itemCount:    1>
20260908 013302.947 INFO             PET1       ATM: Run extro {IS}:+-<item: 0001> <itemType: State> <itemName: ATM-ImportState-namespace:OCN>
20260908 013302.947 INFO             PET1       ATM: Run extro {IS}:! <name: ATM-ImportState-namespace:OCN> <intent: ESMF_STATEINTENT_IMPORT> <itemCount:    1>
20260908 013302.947 INFO             PET1       ATM: Run extro {IS}:! +-<item: 0001> <itemType: Field> <itemName: sea_surface_temperature>
20260908 013302.947 INFO             PET1       ATM: Run extro {IS}:! !--- FieldLog() start -----------------
20260908 013302.947 INFO             PET1       ATM: Run extro {IS}:! ! <name: sea_surface_temperature> <fieldStatus: ESMF_FIELDSTATUS_COMPLETE>
20260908 013302.947 INFO             PET1       ATM: Run extro {IS}:! ! 0x7ffcde4605e0 => 0xf371d0 => 0xf37400
20260908 013302.947 INFO             PET1       ATM: Run extro {IS}:! ! <typekind: Real*8> <rank:    2> <dimCount:    2>
20260908 013302.947 INFO             PET1       ATM: Run extro {IS}:! ! ! --- Array::log() start -----------------------------------
20260908 013302.947 INFO             PET1       ATM: Run extro {IS}:! ! ! 0x1073a00
20260908 013302.947 INFO             PET1       ATM: Run extro {IS}:! ! ! <name: sea_surface_temperature>
20260908 013302.947 INFO             PET1       ATM: Run extro {IS}:! ! ! ! --- DistGrid::log() start --------------------------------
20260908 013302.947 INFO             PET1       ATM: Run extro {IS}:! ! ! ! 0x1003f00
20260908 013302.947 INFO             PET1       ATM: Run extro {IS}:! ! ! ! DistGrid object is valid!<name: DG-Grid003-sloc:0>
20260908 013302.947 INFO             PET1       ATM: Run extro {IS}:! ! ! ! --- DistGrid::log() end ----------------------------------
20260908 013302.947 INFO             PET1       ATM: Run extro {IS}:! ! ! --- Array::log() end -------------------------------------
20260908 013302.947 INFO             PET1       ATM: Run extro {IS}:! !--- FieldLog() end -------------------
20260908 013302.947 INFO             PET1       ATM: Run extro {IS}:--- StateLog() end -------------------
20260908 013302.947 INFO             PET1       ATM: Run extro {ES}:--- StateLog() start -----------------
20260908 013302.947 INFO             PET1       ATM: Run extro {ES}:<name: ATM-ExportState> <intent: ESMF_STATEINTENT_EXPORT> <itemCount:    0>
20260908 013302.947 INFO             PET1       ATM: Run extro {ES}:--- StateLog() end -------------------
20260908 013302.947 INFO             PET1     ATM: Run extro.
20260908 013302.947 INFO             PET1     esm: RunSequence event loopLevel=   1  levelMember=   1  loopIteration=   3, current time: 2010  6  1  0 30  0   0
20260908 013302.948 INFO             PET1     ATM-TO-OCN: Run intro.
20260908 013302.948 INFO             PET1       ATM-TO-OCN: Run intro {IS}:--- StateLog() start -----------------
20260908 013302.948 INFO             PET1       ATM-TO-OCN: Run intro {IS}:<name: ATM-ExportState> <intent: ESMF_STATEINTENT_EXPORT> <itemCount:    0>
20260908 013302.948 INFO             PET1       ATM-TO-OCN: Run intro {IS}:--- StateLog() end -------------------
20260908 013302.948 INFO             PET1       ATM-TO-OCN: Run intro {ES}:--- StateLog() start -----------------
20260908 013302.948 INFO             PET1       ATM-TO-OCN: Run intro {ES}:<name: OCN-ImportState> <intent: ESMF_STATEINTENT_IMPORT> <itemCount:    0>
20260908 013302.948 INFO             PET1       ATM-TO-OCN: Run intro {ES}:--- StateLog() end -------------------
20260908 013302.948 INFO             PET1       >>>ATM-TO-OCN entered Run (phase=RunPhase1)
20260908 013302.948 INFO             PET1       ATM-TO-OCN: called default RouteHandle execution
20260908 013302.948 INFO             PET1       <<<ATM-TO-OCN leaving Run (phase=RunPhase1)
20260908 013302.948 INFO             PET1       ATM-TO-OCN: Run extro {IS}:--- StateLog() start -----------------
20260908 013302.948 INFO             PET1       ATM-TO-OCN: Run extro {IS}:<name: ATM-ExportState> <intent: ESMF_STATEINTENT_EXPORT> <itemCount:    0>
20260908 013302.948 INFO             PET1       ATM-TO-OCN: Run extro {IS}:--- StateLog() end -------------------
20260908 013302.948 INFO             PET1       ATM-TO-OCN: Run extro {ES}:--- StateLog() start -----------------
20260908 013302.948 INFO             PET1       ATM-TO-OCN: Run extro {ES}:<name: OCN-ImportState> <intent: ESMF_STATEINTENT_IMPORT> <itemCount:    0>
20260908 013302.948 INFO             PET1       ATM-TO-OCN: Run extro {ES}:--- StateLog() end -------------------
20260908 013302.948 INFO             PET1     ATM-TO-OCN: Run extro.
20260908 013302.949 INFO             PET1     OCN-TO-ATM: Run intro.
20260908 013302.949 INFO             PET1       OCN-TO-ATM: Run intro {IS}:--- StateLog() start -----------------
20260908 013302.949 INFO             PET1       OCN-TO-ATM: Run intro {IS}:<name: OCN-ExportState> <intent: ESMF_STATEINTENT_EXPORT> <itemCount:    1>
20260908 013302.949 INFO             PET1       OCN-TO-ATM: Run intro {IS}:+-<item: 0001> <itemType: Field> <itemName: sst>
20260908 013302.949 INFO             PET1       OCN-TO-ATM: Run intro {IS}:!--- FieldLog() start -----------------
20260908 013302.949 INFO             PET1       OCN-TO-ATM: Run intro {IS}:! <name: sst> <fieldStatus: ESMF_FIELDSTATUS_COMPLETE>
20260908 013302.949 INFO             PET1       OCN-TO-ATM: Run intro {IS}:! 0x7ffcde4633e0 => 0xf6fde0 => 0x1048110
20260908 013302.949 INFO             PET1       OCN-TO-ATM: Run intro {IS}:! <typekind: Real*8> <rank:    2> <dimCount:    2>
20260908 013302.949 INFO             PET1       OCN-TO-ATM: Run intro {IS}:! ! --- Array::log() start -----------------------------------
20260908 013302.949 INFO             PET1       OCN-TO-ATM: Run intro {IS}:! ! 0x100ea90
20260908 013302.949 INFO             PET1       OCN-TO-ATM: Run intro {IS}:! ! <name: sst>
20260908 013302.949 INFO             PET1       OCN-TO-ATM: Run intro {IS}:! ! ! --- DistGrid::log() start --------------------------------
20260908 013302.949 INFO             PET1       OCN-TO-ATM: Run intro {IS}:! ! ! 0x1074e00
20260908 013302.949 INFO             PET1       OCN-TO-ATM: Run intro {IS}:! ! ! DistGrid object is valid!<name: DG-Grid003-sloc:0>
20260908 013302.949 INFO             PET1       OCN-TO-ATM: Run intro {IS}:! ! ! --- DistGrid::log() end ----------------------------------
20260908 013302.949 INFO             PET1       OCN-TO-ATM: Run intro {IS}:! ! --- Array::log() end -------------------------------------
20260908 013302.949 INFO             PET1       OCN-TO-ATM: Run intro {IS}:!--- FieldLog() end -------------------
20260908 013302.949 INFO             PET1       OCN-TO-ATM: Run intro {IS}:--- StateLog() end -------------------
20260908 013302.949 INFO             PET1       OCN-TO-ATM: Run intro {ES}:--- StateLog() start -----------------
20260908 013302.949 INFO             PET1       OCN-TO-ATM: Run intro {ES}:<name: ATM-ImportState> <intent: ESMF_STATEINTENT_IMPORT> <itemCount:    1>
20260908 013302.949 INFO             PET1       OCN-TO-ATM: Run intro {ES}:+-<item: 0001> <itemType: State> <itemName: ATM-ImportState-namespace:OCN>
20260908 013302.949 INFO             PET1       OCN-TO-ATM: Run intro {ES}:! <name: ATM-ImportState-namespace:OCN> <intent: ESMF_STATEINTENT_IMPORT> <itemCount:    1>
20260908 013302.949 INFO             PET1       OCN-TO-ATM: Run intro {ES}:! +-<item: 0001> <itemType: Field> <itemName: sea_surface_temperature>
20260908 013302.949 INFO             PET1       OCN-TO-ATM: Run intro {ES}:! !--- FieldLog() start -----------------
20260908 013302.949 INFO             PET1       OCN-TO-ATM: Run intro {ES}:! ! <name: sea_surface_temperature> <fieldStatus: ESMF_FIELDSTATUS_COMPLETE>
20260908 013302.949 INFO             PET1       OCN-TO-ATM: Run intro {ES}:! ! 0x7ffcde461bf0 => 0xf371d0 => 0xf37400
20260908 013302.949 INFO             PET1       OCN-TO-ATM: Run intro {ES}:! ! <typekind: Real*8> <rank:    2> <dimCount:    2>
20260908 013302.949 INFO             PET1       OCN-TO-ATM: Run intro {ES}:! ! ! --- Array::log() start -----------------------------------
20260908 013302.949 INFO             PET1       OCN-TO-ATM: Run intro {ES}:! ! ! 0x1073a00
20260908 013302.949 INFO             PET1       OCN-TO-ATM: Run intro {ES}:! ! ! <name: sea_surface_temperature>
20260908 013302.950 INFO             PET1       OCN-TO-ATM: Run intro {ES}:! ! ! ! --- DistGrid::log() start --------------------------------
20260908 013302.950 INFO             PET1       OCN-TO-ATM: Run intro {ES}:! ! ! ! 0x1003f00
20260908 013302.950 INFO             PET1       OCN-TO-ATM: Run intro {ES}:! ! ! ! DistGrid object is valid!<name: DG-Grid003-sloc:0>
20260908 013302.950 INFO             PET1       OCN-TO-ATM: Run intro {ES}:! ! ! ! --- DistGrid::log() end ----------------------------------
20260908 013302.950 INFO             PET1       OCN-TO-ATM: Run intro {ES}:! ! ! --- Array::log() end -------------------------------------
20260908 013302.950 INFO             PET1       OCN-TO-ATM: Run intro {ES}:! !--- FieldLog() end -------------------
20260908 013302.950 INFO             PET1       OCN-TO-ATM: Run intro {ES}:--- StateLog() end -------------------
20260908 013302.950 INFO             PET1       >>>OCN-TO-ATM entered Run (phase=RunPhase1)
20260908 013302.951 INFO             PET1       OCN-TO-ATM: called default RouteHandle execution
20260908 013302.951 INFO             PET1       <<<OCN-TO-ATM leaving Run (phase=RunPhase1)
20260908 013302.951 INFO             PET1       OCN-TO-ATM: Run extro {IS}:--- StateLog() start -----------------
20260908 013302.951 INFO             PET1       OCN-TO-ATM: Run extro {IS}:<name: OCN-ExportState> <intent: ESMF_STATEINTENT_EXPORT> <itemCount:    1>
20260908 013302.951 INFO             PET1       OCN-TO-ATM: Run extro {IS}:+-<item: 0001> <itemType: Field> <itemName: sst>
20260908 013302.951 INFO             PET1       OCN-TO-ATM: Run extro {IS}:!--- FieldLog() start -----------------
20260908 013302.951 INFO             PET1       OCN-TO-ATM: Run extro {IS}:! <name: sst> <fieldStatus: ESMF_FIELDSTATUS_COMPLETE>
20260908 013302.951 INFO             PET1       OCN-TO-ATM: Run extro {IS}:! 0x7ffcde4635b0 => 0xf6fde0 => 0x1048110
20260908 013302.951 INFO             PET1       OCN-TO-ATM: Run extro {IS}:! <typekind: Real*8> <rank:    2> <dimCount:    2>
20260908 013302.951 INFO             PET1       OCN-TO-ATM: Run extro {IS}:! ! --- Array::log() start -----------------------------------
20260908 013302.951 INFO             PET1       OCN-TO-ATM: Run extro {IS}:! ! 0x100ea90
20260908 013302.951 INFO             PET1       OCN-TO-ATM: Run extro {IS}:! ! <name: sst>
20260908 013302.951 INFO             PET1       OCN-TO-ATM: Run extro {IS}:! ! ! --- DistGrid::log() start --------------------------------
20260908 013302.951 INFO             PET1       OCN-TO-ATM: Run extro {IS}:! ! ! 0x1074e00
20260908 013302.951 INFO             PET1       OCN-TO-ATM: Run extro {IS}:! ! ! DistGrid object is valid!<name: DG-Grid003-sloc:0>
20260908 013302.951 INFO             PET1       OCN-TO-ATM: Run extro {IS}:! ! ! --- DistGrid::log() end ----------------------------------
20260908 013302.951 INFO             PET1       OCN-TO-ATM: Run extro {IS}:! ! --- Array::log() end -------------------------------------
20260908 013302.951 INFO             PET1       OCN-TO-ATM: Run extro {IS}:!--- FieldLog() end -------------------
20260908 013302.951 INFO             PET1       OCN-TO-ATM: Run extro {IS}:--- StateLog() end -------------------
20260908 013302.951 INFO             PET1       OCN-TO-ATM: Run extro {ES}:--- StateLog() start -----------------
20260908 013302.951 INFO             PET1       OCN-TO-ATM: Run extro {ES}:<name: ATM-ImportState> <intent: ESMF_STATEINTENT_IMPORT> <itemCount:    1>
20260908 013302.951 INFO             PET1       OCN-TO-ATM: Run extro {ES}:+-<item: 0001> <itemType: State> <itemName: ATM-ImportState-namespace:OCN>
20260908 013302.951 INFO             PET1       OCN-TO-ATM: Run extro {ES}:! <name: ATM-ImportState-namespace:OCN> <intent: ESMF_STATEINTENT_IMPORT> <itemCount:    1>
20260908 013302.951 INFO             PET1       OCN-TO-ATM: Run extro {ES}:! +-<item: 0001> <itemType: Field> <itemName: sea_surface_temperature>
20260908 013302.951 INFO             PET1       OCN-TO-ATM: Run extro {ES}:! !--- FieldLog() start -----------------
20260908 013302.952 INFO             PET1       OCN-TO-ATM: Run extro {ES}:! ! <name: sea_surface_temperature> <fieldStatus: ESMF_FIELDSTATUS_COMPLETE>
20260908 013302.952 INFO             PET1       OCN-TO-ATM: Run extro {ES}:! ! 0x7ffcde461dc0 => 0xf371d0 => 0xf37400
20260908 013302.952 INFO             PET1       OCN-TO-ATM: Run extro {ES}:! ! <typekind: Real*8> <rank:    2> <dimCount:    2>
20260908 013302.952 INFO             PET1       OCN-TO-ATM: Run extro {ES}:! ! ! --- Array::log() start -----------------------------------
20260908 013302.952 INFO             PET1       OCN-TO-ATM: Run extro {ES}:! ! ! 0x1073a00
20260908 013302.952 INFO             PET1       OCN-TO-ATM: Run extro {ES}:! ! ! <name: sea_surface_temperature>
20260908 013302.952 INFO             PET1       OCN-TO-ATM: Run extro {ES}:! ! ! ! --- DistGrid::log() start --------------------------------
20260908 013302.952 INFO             PET1       OCN-TO-ATM: Run extro {ES}:! ! ! ! 0x1003f00
20260908 013302.952 INFO             PET1       OCN-TO-ATM: Run extro {ES}:! ! ! ! DistGrid object is valid!<name: DG-Grid003-sloc:0>
20260908 013302.952 INFO             PET1       OCN-TO-ATM: Run extro {ES}:! ! ! ! --- DistGrid::log() end ----------------------------------
20260908 013302.952 INFO             PET1       OCN-TO-ATM: Run extro {ES}:! ! ! --- Array::log() end -------------------------------------
20260908 013302.952 INFO             PET1       OCN-TO-ATM: Run extro {ES}:! !--- FieldLog() end -------------------
20260908 013302.952 INFO             PET1       OCN-TO-ATM: Run extro {ES}:--- StateLog() end -------------------
20260908 013302.952 INFO             PET1     OCN-TO-ATM: Run extro.
20260908 013302.952 INFO             PET1     ATM: Run intro.
20260908 013302.952 INFO             PET1       ATM: Run intro {IS}:--- StateLog() start -----------------
20260908 013302.952 INFO             PET1       ATM: Run intro {IS}:<name: ATM-ImportState> <intent: ESMF_STATEINTENT_IMPORT> <itemCount:    1>
20260908 013302.952 INFO             PET1       ATM: Run intro {IS}:+-<item: 0001> <itemType: State> <itemName: ATM-ImportState-namespace:OCN>
20260908 013302.952 INFO             PET1       ATM: Run intro {IS}:! <name: ATM-ImportState-namespace:OCN> <intent: ESMF_STATEINTENT_IMPORT> <itemCount:    1>
20260908 013302.952 INFO             PET1       ATM: Run intro {IS}:! +-<item: 0001> <itemType: Field> <itemName: sea_surface_temperature>
20260908 013302.953 INFO             PET1       ATM: Run intro {IS}:! !--- FieldLog() start -----------------
20260908 013302.953 INFO             PET1       ATM: Run intro {IS}:! ! <name: sea_surface_temperature> <fieldStatus: ESMF_FIELDSTATUS_COMPLETE>
20260908 013302.953 INFO             PET1       ATM: Run intro {IS}:! ! 0x7ffcde460410 => 0xf371d0 => 0xf37400
20260908 013302.953 INFO             PET1       ATM: Run intro {IS}:! ! <typekind: Real*8> <rank:    2> <dimCount:    2>
20260908 013302.953 INFO             PET1       ATM: Run intro {IS}:! ! ! --- Array::log() start -----------------------------------
20260908 013302.953 INFO             PET1       ATM: Run intro {IS}:! ! ! 0x1073a00
20260908 013302.953 INFO             PET1       ATM: Run intro {IS}:! ! ! <name: sea_surface_temperature>
20260908 013302.953 INFO             PET1       ATM: Run intro {IS}:! ! ! ! --- DistGrid::log() start --------------------------------
20260908 013302.953 INFO             PET1       ATM: Run intro {IS}:! ! ! ! 0x1003f00
20260908 013302.953 INFO             PET1       ATM: Run intro {IS}:! ! ! ! DistGrid object is valid!<name: DG-Grid003-sloc:0>
20260908 013302.953 INFO             PET1       ATM: Run intro {IS}:! ! ! ! --- DistGrid::log() end ----------------------------------
20260908 013302.953 INFO             PET1       ATM: Run intro {IS}:! ! ! --- Array::log() end -------------------------------------
20260908 013302.953 INFO             PET1       ATM: Run intro {IS}:! !--- FieldLog() end -------------------
20260908 013302.953 INFO             PET1       ATM: Run intro {IS}:--- StateLog() end -------------------
20260908 013302.953 INFO             PET1       ATM: Run intro {ES}:--- StateLog() start -----------------
20260908 013302.953 INFO             PET1       ATM: Run intro {ES}:<name: ATM-ExportState> <intent: ESMF_STATEINTENT_EXPORT> <itemCount:    0>
20260908 013302.953 INFO             PET1       ATM: Run intro {ES}:--- StateLog() end -------------------
20260908 013302.953 INFO             PET1       >>>ATM: entered Run (phase=RunPhase1) with current time: 2010  6  1  0 30  0   0
20260908 013302.953 INFO             PET1       ATM: time step-loop starting, current time: 2010  6  1  0 30  0   0
20260908 013302.953 INFO             PET1       ------>Advancing ATM from: 2010  6  1  0 30  0   0
20260908 013302.954 INFO             PET1       ---------------------> to: 2010  6  1  0 45  0   0
20260908 013302.954 INFO             PET1       ATM: time step-loop ending,   current time: 2010  6  1  0 45  0   0
20260908 013302.954 INFO             PET1       <<<ATM: leaving Run (phase=RunPhase1) with current time: 2010  6  1  0 45  0   0
20260908 013302.954 INFO             PET1       ATM: Run extro {IS}:--- StateLog() start -----------------
20260908 013302.954 INFO             PET1       ATM: Run extro {IS}:<name: ATM-ImportState> <intent: ESMF_STATEINTENT_IMPORT> <itemCount:    1>
20260908 013302.954 INFO             PET1       ATM: Run extro {IS}:+-<item: 0001> <itemType: State> <itemName: ATM-ImportState-namespace:OCN>
20260908 013302.954 INFO             PET1       ATM: Run extro {IS}:! <name: ATM-ImportState-namespace:OCN> <intent: ESMF_STATEINTENT_IMPORT> <itemCount:    1>
20260908 013302.954 INFO             PET1       ATM: Run extro {IS}:! +-<item: 0001> <itemType: Field> <itemName: sea_surface_temperature>
20260908 013302.954 INFO             PET1       ATM: Run extro {IS}:! !--- FieldLog() start -----------------
20260908 013302.954 INFO             PET1       ATM: Run extro {IS}:! ! <name: sea_surface_temperature> <fieldStatus: ESMF_FIELDSTATUS_COMPLETE>
20260908 013302.954 INFO             PET1       ATM: Run extro {IS}:! ! 0x7ffcde4605e0 => 0xf371d0 => 0xf37400
20260908 013302.954 INFO             PET1       ATM: Run extro {IS}:! ! <typekind: Real*8> <rank:    2> <dimCount:    2>
20260908 013302.954 INFO             PET1       ATM: Run extro {IS}:! ! ! --- Array::log() start -----------------------------------
20260908 013302.954 INFO             PET1       ATM: Run extro {IS}:! ! ! 0x1073a00
20260908 013302.954 INFO             PET1       ATM: Run extro {IS}:! ! ! <name: sea_surface_temperature>
20260908 013302.954 INFO             PET1       ATM: Run extro {IS}:! ! ! ! --- DistGrid::log() start --------------------------------
20260908 013302.954 INFO             PET1       ATM: Run extro {IS}:! ! ! ! 0x1003f00
20260908 013302.954 INFO             PET1       ATM: Run extro {IS}:! ! ! ! DistGrid object is valid!<name: DG-Grid003-sloc:0>
20260908 013302.954 INFO             PET1       ATM: Run extro {IS}:! ! ! ! --- DistGrid::log() end ----------------------------------
20260908 013302.954 INFO             PET1       ATM: Run extro {IS}:! ! ! --- Array::log() end -------------------------------------
20260908 013302.954 INFO             PET1       ATM: Run extro {IS}:! !--- FieldLog() end -------------------
20260908 013302.954 INFO             PET1       ATM: Run extro {IS}:--- StateLog() end -------------------
20260908 013302.954 INFO             PET1       ATM: Run extro {ES}:--- StateLog() start -----------------
20260908 013302.954 INFO             PET1       ATM: Run extro {ES}:<name: ATM-ExportState> <intent: ESMF_STATEINTENT_EXPORT> <itemCount:    0>
20260908 013302.954 INFO             PET1       ATM: Run extro {ES}:--- StateLog() end -------------------
20260908 013302.954 INFO             PET1     ATM: Run extro.
20260908 013302.954 INFO             PET1     esm: RunSequence event loopLevel=   1  levelMember=   1  loopIteration=   4, current time: 2010  6  1  0 45  0   0
20260908 013302.955 INFO             PET1     ATM-TO-OCN: Run intro.
20260908 013302.955 INFO             PET1       ATM-TO-OCN: Run intro {IS}:--- StateLog() start -----------------
20260908 013302.955 INFO             PET1       ATM-TO-OCN: Run intro {IS}:<name: ATM-ExportState> <intent: ESMF_STATEINTENT_EXPORT> <itemCount:    0>
20260908 013302.955 INFO             PET1       ATM-TO-OCN: Run intro {IS}:--- StateLog() end -------------------
20260908 013302.955 INFO             PET1       ATM-TO-OCN: Run intro {ES}:--- StateLog() start -----------------
20260908 013302.955 INFO             PET1       ATM-TO-OCN: Run intro {ES}:<name: OCN-ImportState> <intent: ESMF_STATEINTENT_IMPORT> <itemCount:    0>
20260908 013302.955 INFO             PET1       ATM-TO-OCN: Run intro {ES}:--- StateLog() end -------------------
20260908 013302.955 INFO             PET1       >>>ATM-TO-OCN entered Run (phase=RunPhase1)
20260908 013302.955 INFO             PET1       ATM-TO-OCN: called default RouteHandle execution
20260908 013302.955 INFO             PET1       <<<ATM-TO-OCN leaving Run (phase=RunPhase1)
20260908 013302.955 INFO             PET1       ATM-TO-OCN: Run extro {IS}:--- StateLog() start -----------------
20260908 013302.955 INFO             PET1       ATM-TO-OCN: Run extro {IS}:<name: ATM-ExportState> <intent: ESMF_STATEINTENT_EXPORT> <itemCount:    0>
20260908 013302.955 INFO             PET1       ATM-TO-OCN: Run extro {IS}:--- StateLog() end -------------------
20260908 013302.955 INFO             PET1       ATM-TO-OCN: Run extro {ES}:--- StateLog() start -----------------
20260908 013302.955 INFO             PET1       ATM-TO-OCN: Run extro {ES}:<name: OCN-ImportState> <intent: ESMF_STATEINTENT_IMPORT> <itemCount:    0>
20260908 013302.955 INFO             PET1       ATM-TO-OCN: Run extro {ES}:--- StateLog() end -------------------
20260908 013302.955 INFO             PET1     ATM-TO-OCN: Run extro.
20260908 013302.956 INFO             PET1     OCN-TO-ATM: Run intro.
20260908 013302.956 INFO             PET1       OCN-TO-ATM: Run intro {IS}:--- StateLog() start -----------------
20260908 013302.956 INFO             PET1       OCN-TO-ATM: Run intro {IS}:<name: OCN-ExportState> <intent: ESMF_STATEINTENT_EXPORT> <itemCount:    1>
20260908 013302.956 INFO             PET1       OCN-TO-ATM: Run intro {IS}:+-<item: 0001> <itemType: Field> <itemName: sst>
20260908 013302.956 INFO             PET1       OCN-TO-ATM: Run intro {IS}:!--- FieldLog() start -----------------
20260908 013302.956 INFO             PET1       OCN-TO-ATM: Run intro {IS}:! <name: sst> <fieldStatus: ESMF_FIELDSTATUS_COMPLETE>
20260908 013302.956 INFO             PET1       OCN-TO-ATM: Run intro {IS}:! 0x7ffcde4633e0 => 0xf6fde0 => 0x1048110
20260908 013302.956 INFO             PET1       OCN-TO-ATM: Run intro {IS}:! <typekind: Real*8> <rank:    2> <dimCount:    2>
20260908 013302.956 INFO             PET1       OCN-TO-ATM: Run intro {IS}:! ! --- Array::log() start -----------------------------------
20260908 013302.956 INFO             PET1       OCN-TO-ATM: Run intro {IS}:! ! 0x100ea90
20260908 013302.956 INFO             PET1       OCN-TO-ATM: Run intro {IS}:! ! <name: sst>
20260908 013302.956 INFO             PET1       OCN-TO-ATM: Run intro {IS}:! ! ! --- DistGrid::log() start --------------------------------
20260908 013302.956 INFO             PET1       OCN-TO-ATM: Run intro {IS}:! ! ! 0x1074e00
20260908 013302.956 INFO             PET1       OCN-TO-ATM: Run intro {IS}:! ! ! DistGrid object is valid!<name: DG-Grid003-sloc:0>
20260908 013302.956 INFO             PET1       OCN-TO-ATM: Run intro {IS}:! ! ! --- DistGrid::log() end ----------------------------------
20260908 013302.956 INFO             PET1       OCN-TO-ATM: Run intro {IS}:! ! --- Array::log() end -------------------------------------
20260908 013302.956 INFO             PET1       OCN-TO-ATM: Run intro {IS}:!--- FieldLog() end -------------------
20260908 013302.956 INFO             PET1       OCN-TO-ATM: Run intro {IS}:--- StateLog() end -------------------
20260908 013302.956 INFO             PET1       OCN-TO-ATM: Run intro {ES}:--- StateLog() start -----------------
20260908 013302.956 INFO             PET1       OCN-TO-ATM: Run intro {ES}:<name: ATM-ImportState> <intent: ESMF_STATEINTENT_IMPORT> <itemCount:    1>
20260908 013302.956 INFO             PET1       OCN-TO-ATM: Run intro {ES}:+-<item: 0001> <itemType: State> <itemName: ATM-ImportState-namespace:OCN>
20260908 013302.956 INFO             PET1       OCN-TO-ATM: Run intro {ES}:! <name: ATM-ImportState-namespace:OCN> <intent: ESMF_STATEINTENT_IMPORT> <itemCount:    1>
20260908 013302.956 INFO             PET1       OCN-TO-ATM: Run intro {ES}:! +-<item: 0001> <itemType: Field> <itemName: sea_surface_temperature>
20260908 013302.956 INFO             PET1       OCN-TO-ATM: Run intro {ES}:! !--- FieldLog() start -----------------
20260908 013302.956 INFO             PET1       OCN-TO-ATM: Run intro {ES}:! ! <name: sea_surface_temperature> <fieldStatus: ESMF_FIELDSTATUS_COMPLETE>
20260908 013302.956 INFO             PET1       OCN-TO-ATM: Run intro {ES}:! ! 0x7ffcde461bf0 => 0xf371d0 => 0xf37400
20260908 013302.957 INFO             PET1       OCN-TO-ATM: Run intro {ES}:! ! <typekind: Real*8> <rank:    2> <dimCount:    2>
20260908 013302.957 INFO             PET1       OCN-TO-ATM: Run intro {ES}:! ! ! --- Array::log() start -----------------------------------
20260908 013302.957 INFO             PET1       OCN-TO-ATM: Run intro {ES}:! ! ! 0x1073a00
20260908 013302.957 INFO             PET1       OCN-TO-ATM: Run intro {ES}:! ! ! <name: sea_surface_temperature>
20260908 013302.957 INFO             PET1       OCN-TO-ATM: Run intro {ES}:! ! ! ! --- DistGrid::log() start --------------------------------
20260908 013302.957 INFO             PET1       OCN-TO-ATM: Run intro {ES}:! ! ! ! 0x1003f00
20260908 013302.957 INFO             PET1       OCN-TO-ATM: Run intro {ES}:! ! ! ! DistGrid object is valid!<name: DG-Grid003-sloc:0>
20260908 013302.957 INFO             PET1       OCN-TO-ATM: Run intro {ES}:! ! ! ! --- DistGrid::log() end ----------------------------------
20260908 013302.957 INFO             PET1       OCN-TO-ATM: Run intro {ES}:! ! ! --- Array::log() end -------------------------------------
20260908 013302.957 INFO             PET1       OCN-TO-ATM: Run intro {ES}:! !--- FieldLog() end -------------------
20260908 013302.957 INFO             PET1       OCN-TO-ATM: Run intro {ES}:--- StateLog() end -------------------
20260908 013302.957 INFO             PET1       >>>OCN-TO-ATM entered Run (phase=RunPhase1)
20260908 013302.958 INFO             PET1       OCN-TO-ATM: called default RouteHandle execution
20260908 013302.958 INFO             PET1       <<<OCN-TO-ATM leaving Run (phase=RunPhase1)
20260908 013302.958 INFO             PET1       OCN-TO-ATM: Run extro {IS}:--- StateLog() start -----------------
20260908 013302.958 INFO             PET1       OCN-TO-ATM: Run extro {IS}:<name: OCN-ExportState> <intent: ESMF_STATEINTENT_EXPORT> <itemCount:    1>
20260908 013302.958 INFO             PET1       OCN-TO-ATM: Run extro {IS}:+-<item: 0001> <itemType: Field> <itemName: sst>
20260908 013302.958 INFO             PET1       OCN-TO-ATM: Run extro {IS}:!--- FieldLog() start -----------------
20260908 013302.958 INFO             PET1       OCN-TO-ATM: Run extro {IS}:! <name: sst> <fieldStatus: ESMF_FIELDSTATUS_COMPLETE>
20260908 013302.958 INFO             PET1       OCN-TO-ATM: Run extro {IS}:! 0x7ffcde4635b0 => 0xf6fde0 => 0x1048110
20260908 013302.958 INFO             PET1       OCN-TO-ATM: Run extro {IS}:! <typekind: Real*8> <rank:    2> <dimCount:    2>
20260908 013302.958 INFO             PET1       OCN-TO-ATM: Run extro {IS}:! ! --- Array::log() start -----------------------------------
20260908 013302.958 INFO             PET1       OCN-TO-ATM: Run extro {IS}:! ! 0x100ea90
20260908 013302.958 INFO             PET1       OCN-TO-ATM: Run extro {IS}:! ! <name: sst>
20260908 013302.958 INFO             PET1       OCN-TO-ATM: Run extro {IS}:! ! ! --- DistGrid::log() start --------------------------------
20260908 013302.958 INFO             PET1       OCN-TO-ATM: Run extro {IS}:! ! ! 0x1074e00
20260908 013302.958 INFO             PET1       OCN-TO-ATM: Run extro {IS}:! ! ! DistGrid object is valid!<name: DG-Grid003-sloc:0>
20260908 013302.958 INFO             PET1       OCN-TO-ATM: Run extro {IS}:! ! ! --- DistGrid::log() end ----------------------------------
20260908 013302.958 INFO             PET1       OCN-TO-ATM: Run extro {IS}:! ! --- Array::log() end -------------------------------------
20260908 013302.958 INFO             PET1       OCN-TO-ATM: Run extro {IS}:!--- FieldLog() end -------------------
20260908 013302.958 INFO             PET1       OCN-TO-ATM: Run extro {IS}:--- StateLog() end -------------------
20260908 013302.958 INFO             PET1       OCN-TO-ATM: Run extro {ES}:--- StateLog() start -----------------
20260908 013302.958 INFO             PET1       OCN-TO-ATM: Run extro {ES}:<name: ATM-ImportState> <intent: ESMF_STATEINTENT_IMPORT> <itemCount:    1>
20260908 013302.958 INFO             PET1       OCN-TO-ATM: Run extro {ES}:+-<item: 0001> <itemType: State> <itemName: ATM-ImportState-namespace:OCN>
20260908 013302.959 INFO             PET1       OCN-TO-ATM: Run extro {ES}:! <name: ATM-ImportState-namespace:OCN> <intent: ESMF_STATEINTENT_IMPORT> <itemCount:    1>
20260908 013302.959 INFO             PET1       OCN-TO-ATM: Run extro {ES}:! +-<item: 0001> <itemType: Field> <itemName: sea_surface_temperature>
20260908 013302.959 INFO             PET1       OCN-TO-ATM: Run extro {ES}:! !--- FieldLog() start -----------------
20260908 013302.959 INFO             PET1       OCN-TO-ATM: Run extro {ES}:! ! <name: sea_surface_temperature> <fieldStatus: ESMF_FIELDSTATUS_COMPLETE>
20260908 013302.959 INFO             PET1       OCN-TO-ATM: Run extro {ES}:! ! 0x7ffcde461dc0 => 0xf371d0 => 0xf37400
20260908 013302.959 INFO             PET1       OCN-TO-ATM: Run extro {ES}:! ! <typekind: Real*8> <rank:    2> <dimCount:    2>
20260908 013302.959 INFO             PET1       OCN-TO-ATM: Run extro {ES}:! ! ! --- Array::log() start -----------------------------------
20260908 013302.959 INFO             PET1       OCN-TO-ATM: Run extro {ES}:! ! ! 0x1073a00
20260908 013302.959 INFO             PET1       OCN-TO-ATM: Run extro {ES}:! ! ! <name: sea_surface_temperature>
20260908 013302.959 INFO             PET1       OCN-TO-ATM: Run extro {ES}:! ! ! ! --- DistGrid::log() start --------------------------------
20260908 013302.959 INFO             PET1       OCN-TO-ATM: Run extro {ES}:! ! ! ! 0x1003f00
20260908 013302.959 INFO             PET1       OCN-TO-ATM: Run extro {ES}:! ! ! ! DistGrid object is valid!<name: DG-Grid003-sloc:0>
20260908 013302.959 INFO             PET1       OCN-TO-ATM: Run extro {ES}:! ! ! ! --- DistGrid::log() end ----------------------------------
20260908 013302.959 INFO             PET1       OCN-TO-ATM: Run extro {ES}:! ! ! --- Array::log() end -------------------------------------
20260908 013302.959 INFO             PET1       OCN-TO-ATM: Run extro {ES}:! !--- FieldLog() end -------------------
20260908 013302.959 INFO             PET1       OCN-TO-ATM: Run extro {ES}:--- StateLog() end -------------------
20260908 013302.959 INFO             PET1     OCN-TO-ATM: Run extro.
20260908 013302.960 INFO             PET1     ATM: Run intro.
20260908 013302.960 INFO             PET1       ATM: Run intro {IS}:--- StateLog() start -----------------
20260908 013302.960 INFO             PET1       ATM: Run intro {IS}:<name: ATM-ImportState> <intent: ESMF_STATEINTENT_IMPORT> <itemCount:    1>
20260908 013302.960 INFO             PET1       ATM: Run intro {IS}:+-<item: 0001> <itemType: State> <itemName: ATM-ImportState-namespace:OCN>
20260908 013302.960 INFO             PET1       ATM: Run intro {IS}:! <name: ATM-ImportState-namespace:OCN> <intent: ESMF_STATEINTENT_IMPORT> <itemCount:    1>
20260908 013302.960 INFO             PET1       ATM: Run intro {IS}:! +-<item: 0001> <itemType: Field> <itemName: sea_surface_temperature>
20260908 013302.960 INFO             PET1       ATM: Run intro {IS}:! !--- FieldLog() start -----------------
20260908 013302.960 INFO             PET1       ATM: Run intro {IS}:! ! <name: sea_surface_temperature> <fieldStatus: ESMF_FIELDSTATUS_COMPLETE>
20260908 013302.960 INFO             PET1       ATM: Run intro {IS}:! ! 0x7ffcde460410 => 0xf371d0 => 0xf37400
20260908 013302.960 INFO             PET1       ATM: Run intro {IS}:! ! <typekind: Real*8> <rank:    2> <dimCount:    2>
20260908 013302.960 INFO             PET1       ATM: Run intro {IS}:! ! ! --- Array::log() start -----------------------------------
20260908 013302.960 INFO             PET1       ATM: Run intro {IS}:! ! ! 0x1073a00
20260908 013302.960 INFO             PET1       ATM: Run intro {IS}:! ! ! <name: sea_surface_temperature>
20260908 013302.960 INFO             PET1       ATM: Run intro {IS}:! ! ! ! --- DistGrid::log() start --------------------------------
20260908 013302.960 INFO             PET1       ATM: Run intro {IS}:! ! ! ! 0x1003f00
20260908 013302.960 INFO             PET1       ATM: Run intro {IS}:! ! ! ! DistGrid object is valid!<name: DG-Grid003-sloc:0>
20260908 013302.960 INFO             PET1       ATM: Run intro {IS}:! ! ! ! --- DistGrid::log() end ----------------------------------
20260908 013302.960 INFO             PET1       ATM: Run intro {IS}:! ! ! --- Array::log() end -------------------------------------
20260908 013302.960 INFO             PET1       ATM: Run intro {IS}:! !--- FieldLog() end -------------------
20260908 013302.960 INFO             PET1       ATM: Run intro {IS}:--- StateLog() end -------------------
20260908 013302.960 INFO             PET1       ATM: Run intro {ES}:--- StateLog() start -----------------
20260908 013302.960 INFO             PET1       ATM: Run intro {ES}:<name: ATM-ExportState> <intent: ESMF_STATEINTENT_EXPORT> <itemCount:    0>
20260908 013302.960 INFO             PET1       ATM: Run intro {ES}:--- StateLog() end -------------------
20260908 013302.960 INFO             PET1       >>>ATM: entered Run (phase=RunPhase1) with current time: 2010  6  1  0 45  0   0
20260908 013302.960 INFO             PET1       ATM: time step-loop starting, current time: 2010  6  1  0 45  0   0
20260908 013302.961 INFO             PET1       ------>Advancing ATM from: 2010  6  1  0 45  0   0
20260908 013302.961 INFO             PET1       ---------------------> to: 2010  6  1  1  0  0   0
20260908 013302.961 INFO             PET1       ATM: time step-loop ending,   current time: 2010  6  1  1  0  0   0
20260908 013302.961 INFO             PET1       <<<ATM: leaving Run (phase=RunPhase1) with current time: 2010  6  1  1  0  0   0
20260908 013302.961 INFO             PET1       ATM: Run extro {IS}:--- StateLog() start -----------------
20260908 013302.961 INFO             PET1       ATM: Run extro {IS}:<name: ATM-ImportState> <intent: ESMF_STATEINTENT_IMPORT> <itemCount:    1>
20260908 013302.961 INFO             PET1       ATM: Run extro {IS}:+-<item: 0001> <itemType: State> <itemName: ATM-ImportState-namespace:OCN>
20260908 013302.961 INFO             PET1       ATM: Run extro {IS}:! <name: ATM-ImportState-namespace:OCN> <intent: ESMF_STATEINTENT_IMPORT> <itemCount:    1>
20260908 013302.961 INFO             PET1       ATM: Run extro {IS}:! +-<item: 0001> <itemType: Field> <itemName: sea_surface_temperature>
20260908 013302.961 INFO             PET1       ATM: Run extro {IS}:! !--- FieldLog() start -----------------
20260908 013302.961 INFO             PET1       ATM: Run extro {IS}:! ! <name: sea_surface_temperature> <fieldStatus: ESMF_FIELDSTATUS_COMPLETE>
20260908 013302.961 INFO             PET1       ATM: Run extro {IS}:! ! 0x7ffcde4605e0 => 0xf371d0 => 0xf37400
20260908 013302.961 INFO             PET1       ATM: Run extro {IS}:! ! <typekind: Real*8> <rank:    2> <dimCount:    2>
20260908 013302.961 INFO             PET1       ATM: Run extro {IS}:! ! ! --- Array::log() start -----------------------------------
20260908 013302.961 INFO             PET1       ATM: Run extro {IS}:! ! ! 0x1073a00
20260908 013302.961 INFO             PET1       ATM: Run extro {IS}:! ! ! <name: sea_surface_temperature>
20260908 013302.961 INFO             PET1       ATM: Run extro {IS}:! ! ! ! --- DistGrid::log() start --------------------------------
20260908 013302.961 INFO             PET1       ATM: Run extro {IS}:! ! ! ! 0x1003f00
20260908 013302.961 INFO             PET1       ATM: Run extro {IS}:! ! ! ! DistGrid object is valid!<name: DG-Grid003-sloc:0>
20260908 013302.961 INFO             PET1       ATM: Run extro {IS}:! ! ! ! --- DistGrid::log() end ----------------------------------
20260908 013302.961 INFO             PET1       ATM: Run extro {IS}:! ! ! --- Array::log() end -------------------------------------
20260908 013302.961 INFO             PET1       ATM: Run extro {IS}:! !--- FieldLog() end -------------------
20260908 013302.961 INFO             PET1       ATM: Run extro {IS}:--- StateLog() end -------------------
20260908 013302.961 INFO             PET1       ATM: Run extro {ES}:--- StateLog() start -----------------
20260908 013302.961 INFO             PET1       ATM: Run extro {ES}:<name: ATM-ExportState> <intent: ESMF_STATEINTENT_EXPORT> <itemCount:    0>
20260908 013302.961 INFO             PET1       ATM: Run extro {ES}:--- StateLog() end -------------------
20260908 013302.961 INFO             PET1     ATM: Run extro.
20260908 013302.962 INFO             PET1   esm: end <--------- RunSequence
20260908 013302.962 INFO             PET1   <<<esm: leaving Run (phase=RunPhase1) with current time: 2010  6  1  1  0  0   0
20260908 013302.962 INFO             PET1   esm: Run extro {IS}:--- StateLog() start -----------------
20260908 013302.962 INFO             PET1   esm: Run extro {IS}:State object is invalid! Not created or deleted!
20260908 013302.962 INFO             PET1   esm: Run extro {IS}:--- StateLog() end -------------------
20260908 013302.962 INFO             PET1   esm: Run extro {ES}:--- StateLog() start -----------------
20260908 013302.962 INFO             PET1   esm: Run extro {ES}:State object is invalid! Not created or deleted!
20260908 013302.962 INFO             PET1   esm: Run extro {ES}:--- StateLog() end -------------------
20260908 013302.962 INFO             PET1 esm: Run extro.
20260908 013302.962 INFO             PET1 esm: Finalize intro.
20260908 013302.962 INFO             PET1   esm: Finalize intro {IS}:--- StateLog() start -----------------
20260908 013302.962 INFO             PET1   esm: Finalize intro {IS}:State object is invalid! Not created or deleted!
20260908 013302.962 INFO             PET1   esm: Finalize intro {IS}:--- StateLog() end -------------------
20260908 013302.962 INFO             PET1   esm: Finalize intro {ES}:--- StateLog() start -----------------
20260908 013302.962 INFO             PET1   esm: Finalize intro {ES}:State object is invalid! Not created or deleted!
20260908 013302.962 INFO             PET1   esm: Finalize intro {ES}:--- StateLog() end -------------------
20260908 013302.962 INFO             PET1   >>>esm: entered Finalize (phase=FinalizePhase1) with current time: 2010  6  1  1  0  0   0
20260908 013302.962 INFO             PET1   Calling Finalize phase 1 for connectorComp: ATM-TO-OCN
20260908 013302.963 INFO             PET1   ATM-TO-OCN: Finalize intro.
20260908 013302.963 INFO             PET1     ATM-TO-OCN: Finalize intro {IS}:--- StateLog() start -----------------
20260908 013302.963 INFO             PET1     ATM-TO-OCN: Finalize intro {IS}:<name: ATM-ExportState> <intent: ESMF_STATEINTENT_EXPORT> <itemCount:    0>
20260908 013302.963 INFO             PET1     ATM-TO-OCN: Finalize intro {IS}:--- StateLog() end -------------------
20260908 013302.963 INFO             PET1     ATM-TO-OCN: Finalize intro {ES}:--- StateLog() start -----------------
20260908 013302.963 INFO             PET1     ATM-TO-OCN: Finalize intro {ES}:<name: OCN-ImportState> <intent: ESMF_STATEINTENT_IMPORT> <itemCount:    0>
20260908 013302.963 INFO             PET1     ATM-TO-OCN: Finalize intro {ES}:--- StateLog() end -------------------
20260908 013302.963 INFO             PET1     ATM-TO-OCN: called default label_ReleaseRouteHandle
20260908 013302.963 INFO             PET1     ATM-TO-OCN: Finalize extro {IS}:--- StateLog() start -----------------
20260908 013302.963 INFO             PET1     ATM-TO-OCN: Finalize extro {IS}:<name: ATM-ExportState> <intent: ESMF_STATEINTENT_EXPORT> <itemCount:    0>
20260908 013302.963 INFO             PET1     ATM-TO-OCN: Finalize extro {IS}:--- StateLog() end -------------------
20260908 013302.963 INFO             PET1     ATM-TO-OCN: Finalize extro {ES}:--- StateLog() start -----------------
20260908 013302.963 INFO             PET1     ATM-TO-OCN: Finalize extro {ES}:<name: OCN-ImportState> <intent: ESMF_STATEINTENT_IMPORT> <itemCount:    0>
20260908 013302.963 INFO             PET1     ATM-TO-OCN: Finalize extro {ES}:--- StateLog() end -------------------
20260908 013302.963 INFO             PET1   ATM-TO-OCN: Finalize extro.
20260908 013302.963 INFO             PET1   Calling Finalize phase 1 for connectorComp: OCN-TO-ATM
20260908 013302.963 INFO             PET1   OCN-TO-ATM: Finalize intro.
20260908 013302.963 INFO             PET1     OCN-TO-ATM: Finalize intro {IS}:--- StateLog() start -----------------
20260908 013302.963 INFO             PET1     OCN-TO-ATM: Finalize intro {IS}:<name: OCN-ExportState> <intent: ESMF_STATEINTENT_EXPORT> <itemCount:    1>
20260908 013302.964 INFO             PET1     OCN-TO-ATM: Finalize intro {IS}:+-<item: 0001> <itemType: Field> <itemName: sst>
20260908 013302.964 INFO             PET1     OCN-TO-ATM: Finalize intro {IS}:!--- FieldLog() start -----------------
20260908 013302.964 INFO             PET1     OCN-TO-ATM: Finalize intro {IS}:! <name: sst> <fieldStatus: ESMF_FIELDSTATUS_COMPLETE>
20260908 013302.964 INFO             PET1     OCN-TO-ATM: Finalize intro {IS}:! 0x7ffcde462f50 => 0xf6fde0 => 0x1048110
20260908 013302.964 INFO             PET1     OCN-TO-ATM: Finalize intro {IS}:! <typekind: Real*8> <rank:    2> <dimCount:    2>
20260908 013302.964 INFO             PET1     OCN-TO-ATM: Finalize intro {IS}:! ! --- Array::log() start -----------------------------------
20260908 013302.964 INFO             PET1     OCN-TO-ATM: Finalize intro {IS}:! ! 0x100ea90
20260908 013302.964 INFO             PET1     OCN-TO-ATM: Finalize intro {IS}:! ! <name: sst>
20260908 013302.964 INFO             PET1     OCN-TO-ATM: Finalize intro {IS}:! ! ! --- DistGrid::log() start --------------------------------
20260908 013302.964 INFO             PET1     OCN-TO-ATM: Finalize intro {IS}:! ! ! 0x1074e00
20260908 013302.964 INFO             PET1     OCN-TO-ATM: Finalize intro {IS}:! ! ! DistGrid object is valid!<name: DG-Grid003-sloc:0>
20260908 013302.964 INFO             PET1     OCN-TO-ATM: Finalize intro {IS}:! ! ! --- DistGrid::log() end ----------------------------------
20260908 013302.964 INFO             PET1     OCN-TO-ATM: Finalize intro {IS}:! ! --- Array::log() end -------------------------------------
20260908 013302.964 INFO             PET1     OCN-TO-ATM: Finalize intro {IS}:!--- FieldLog() end -------------------
20260908 013302.964 INFO             PET1     OCN-TO-ATM: Finalize intro {IS}:--- StateLog() end -------------------
20260908 013302.964 INFO             PET1     OCN-TO-ATM: Finalize intro {ES}:--- StateLog() start -----------------
20260908 013302.964 INFO             PET1     OCN-TO-ATM: Finalize intro {ES}:<name: ATM-ImportState> <intent: ESMF_STATEINTENT_IMPORT> <itemCount:    1>
20260908 013302.964 INFO             PET1     OCN-TO-ATM: Finalize intro {ES}:+-<item: 0001> <itemType: State> <itemName: ATM-ImportState-namespace:OCN>
20260908 013302.964 INFO             PET1     OCN-TO-ATM: Finalize intro {ES}:! <name: ATM-ImportState-namespace:OCN> <intent: ESMF_STATEINTENT_IMPORT> <itemCount:    1>
20260908 013302.964 INFO             PET1     OCN-TO-ATM: Finalize intro {ES}:! +-<item: 0001> <itemType: Field> <itemName: sea_surface_temperature>
20260908 013302.964 INFO             PET1     OCN-TO-ATM: Finalize intro {ES}:! !--- FieldLog() start -----------------
20260908 013302.964 INFO             PET1     OCN-TO-ATM: Finalize intro {ES}:! ! <name: sea_surface_temperature> <fieldStatus: ESMF_FIELDSTATUS_COMPLETE>
20260908 013302.964 INFO             PET1     OCN-TO-ATM: Finalize intro {ES}:! ! 0x7ffcde461760 => 0xf371d0 => 0xf37400
20260908 013302.965 INFO             PET1     OCN-TO-ATM: Finalize intro {ES}:! ! <typekind: Real*8> <rank:    2> <dimCount:    2>
20260908 013302.965 INFO             PET1     OCN-TO-ATM: Finalize intro {ES}:! ! ! --- Array::log() start -----------------------------------
20260908 013302.965 INFO             PET1     OCN-TO-ATM: Finalize intro {ES}:! ! ! 0x1073a00
20260908 013302.965 INFO             PET1     OCN-TO-ATM: Finalize intro {ES}:! ! ! <name: sea_surface_temperature>
20260908 013302.965 INFO             PET1     OCN-TO-ATM: Finalize intro {ES}:! ! ! ! --- DistGrid::log() start --------------------------------
20260908 013302.965 INFO             PET1     OCN-TO-ATM: Finalize intro {ES}:! ! ! ! 0x1003f00
20260908 013302.965 INFO             PET1     OCN-TO-ATM: Finalize intro {ES}:! ! ! ! DistGrid object is valid!<name: DG-Grid003-sloc:0>
20260908 013302.966 INFO             PET1     OCN-TO-ATM: Finalize intro {ES}:! ! ! ! --- DistGrid::log() end ----------------------------------
20260908 013302.966 INFO             PET1     OCN-TO-ATM: Finalize intro {ES}:! ! ! --- Array::log() end -------------------------------------
20260908 013302.966 INFO             PET1     OCN-TO-ATM: Finalize intro {ES}:! !--- FieldLog() end -------------------
20260908 013302.966 INFO             PET1     OCN-TO-ATM: Finalize intro {ES}:--- StateLog() end -------------------
20260908 013302.966 INFO             PET1     OCN-TO-ATM: called default label_ReleaseRouteHandle
20260908 013302.966 INFO             PET1     OCN-TO-ATM: Finalize extro {IS}:--- StateLog() start -----------------
20260908 013302.966 INFO             PET1     OCN-TO-ATM: Finalize extro {IS}:<name: OCN-ExportState> <intent: ESMF_STATEINTENT_EXPORT> <itemCount:    1>
20260908 013302.966 INFO             PET1     OCN-TO-ATM: Finalize extro {IS}:+-<item: 0001> <itemType: Field> <itemName: sst>
20260908 013302.966 INFO             PET1     OCN-TO-ATM: Finalize extro {IS}:!--- FieldLog() start -----------------
20260908 013302.966 INFO             PET1     OCN-TO-ATM: Finalize extro {IS}:! <name: sst> <fieldStatus: ESMF_FIELDSTATUS_COMPLETE>
20260908 013302.966 INFO             PET1     OCN-TO-ATM: Finalize extro {IS}:! 0x7ffcde463120 => 0xf6fde0 => 0x1048110
20260908 013302.966 INFO             PET1     OCN-TO-ATM: Finalize extro {IS}:! <typekind: Real*8> <rank:    2> <dimCount:    2>
20260908 013302.966 INFO             PET1     OCN-TO-ATM: Finalize extro {IS}:! ! --- Array::log() start -----------------------------------
20260908 013302.966 INFO             PET1     OCN-TO-ATM: Finalize extro {IS}:! ! 0x100ea90
20260908 013302.966 INFO             PET1     OCN-TO-ATM: Finalize extro {IS}:! ! <name: sst>
20260908 013302.966 INFO             PET1     OCN-TO-ATM: Finalize extro {IS}:! ! ! --- DistGrid::log() start --------------------------------
20260908 013302.966 INFO             PET1     OCN-TO-ATM: Finalize extro {IS}:! ! ! 0x1074e00
20260908 013302.966 INFO             PET1     OCN-TO-ATM: Finalize extro {IS}:! ! ! DistGrid object is valid!<name: DG-Grid003-sloc:0>
20260908 013302.966 INFO             PET1     OCN-TO-ATM: Finalize extro {IS}:! ! ! --- DistGrid::log() end ----------------------------------
20260908 013302.966 INFO             PET1     OCN-TO-ATM: Finalize extro {IS}:! ! --- Array::log() end -------------------------------------
20260908 013302.967 INFO             PET1     OCN-TO-ATM: Finalize extro {IS}:!--- FieldLog() end -------------------
20260908 013302.967 INFO             PET1     OCN-TO-ATM: Finalize extro {IS}:--- StateLog() end -------------------
20260908 013302.967 INFO             PET1     OCN-TO-ATM: Finalize extro {ES}:--- StateLog() start -----------------
20260908 013302.967 INFO             PET1     OCN-TO-ATM: Finalize extro {ES}:<name: ATM-ImportState> <intent: ESMF_STATEINTENT_IMPORT> <itemCount:    1>
20260908 013302.967 INFO             PET1     OCN-TO-ATM: Finalize extro {ES}:+-<item: 0001> <itemType: State> <itemName: ATM-ImportState-namespace:OCN>
20260908 013302.967 INFO             PET1     OCN-TO-ATM: Finalize extro {ES}:! <name: ATM-ImportState-namespace:OCN> <intent: ESMF_STATEINTENT_IMPORT> <itemCount:    1>
20260908 013302.967 INFO             PET1     OCN-TO-ATM: Finalize extro {ES}:! +-<item: 0001> <itemType: Field> <itemName: sea_surface_temperature>
20260908 013302.967 INFO             PET1     OCN-TO-ATM: Finalize extro {ES}:! !--- FieldLog() start -----------------
20260908 013302.967 INFO             PET1     OCN-TO-ATM: Finalize extro {ES}:! ! <name: sea_surface_temperature> <fieldStatus: ESMF_FIELDSTATUS_COMPLETE>
20260908 013302.967 INFO             PET1     OCN-TO-ATM: Finalize extro {ES}:! ! 0x7ffcde461930 => 0xf371d0 => 0xf37400
20260908 013302.967 INFO             PET1     OCN-TO-ATM: Finalize extro {ES}:! ! <typekind: Real*8> <rank:    2> <dimCount:    2>
20260908 013302.967 INFO             PET1     OCN-TO-ATM: Finalize extro {ES}:! ! ! --- Array::log() start -----------------------------------
20260908 013302.967 INFO             PET1     OCN-TO-ATM: Finalize extro {ES}:! ! ! 0x1073a00
20260908 013302.967 INFO             PET1     OCN-TO-ATM: Finalize extro {ES}:! ! ! <name: sea_surface_temperature>
20260908 013302.967 INFO             PET1     OCN-TO-ATM: Finalize extro {ES}:! ! ! ! --- DistGrid::log() start --------------------------------
20260908 013302.967 INFO             PET1     OCN-TO-ATM: Finalize extro {ES}:! ! ! ! 0x1003f00
20260908 013302.967 INFO             PET1     OCN-TO-ATM: Finalize extro {ES}:! ! ! ! DistGrid object is valid!<name: DG-Grid003-sloc:0>
20260908 013302.967 INFO             PET1     OCN-TO-ATM: Finalize extro {ES}:! ! ! ! --- DistGrid::log() end ----------------------------------
20260908 013302.967 INFO             PET1     OCN-TO-ATM: Finalize extro {ES}:! ! ! --- Array::log() end -------------------------------------
20260908 013302.967 INFO             PET1     OCN-TO-ATM: Finalize extro {ES}:! !--- FieldLog() end -------------------
20260908 013302.967 INFO             PET1     OCN-TO-ATM: Finalize extro {ES}:--- StateLog() end -------------------
20260908 013302.967 INFO             PET1   OCN-TO-ATM: Finalize extro.
20260908 013302.967 INFO             PET1   Calling Finalize phase 1 for modelComp: ATM
20260908 013302.968 INFO             PET1   ATM: Finalize intro.
20260908 013302.968 INFO             PET1     ATM: Finalize intro {IS}:--- StateLog() start -----------------
20260908 013302.968 INFO             PET1     ATM: Finalize intro {IS}:<name: ATM-ImportState> <intent: ESMF_STATEINTENT_IMPORT> <itemCount:    1>
20260908 013302.968 INFO             PET1     ATM: Finalize intro {IS}:+-<item: 0001> <itemType: State> <itemName: ATM-ImportState-namespace:OCN>
20260908 013302.968 INFO             PET1     ATM: Finalize intro {IS}:! <name: ATM-ImportState-namespace:OCN> <intent: ESMF_STATEINTENT_IMPORT> <itemCount:    1>
20260908 013302.968 INFO             PET1     ATM: Finalize intro {IS}:! +-<item: 0001> <itemType: Field> <itemName: sea_surface_temperature>
20260908 013302.968 INFO             PET1     ATM: Finalize intro {IS}:! !--- FieldLog() start -----------------
20260908 013302.968 INFO             PET1     ATM: Finalize intro {IS}:! ! <name: sea_surface_temperature> <fieldStatus: ESMF_FIELDSTATUS_COMPLETE>
20260908 013302.968 INFO             PET1     ATM: Finalize intro {IS}:! ! 0x7ffcde4633e0 => 0xf371d0 => 0xf37400
20260908 013302.968 INFO             PET1     ATM: Finalize intro {IS}:! ! <typekind: Real*8> <rank:    2> <dimCount:    2>
20260908 013302.968 INFO             PET1     ATM: Finalize intro {IS}:! ! ! --- Array::log() start -----------------------------------
20260908 013302.968 INFO             PET1     ATM: Finalize intro {IS}:! ! ! 0x1073a00
20260908 013302.968 INFO             PET1     ATM: Finalize intro {IS}:! ! ! <name: sea_surface_temperature>
20260908 013302.968 INFO             PET1     ATM: Finalize intro {IS}:! ! ! ! --- DistGrid::log() start --------------------------------
20260908 013302.968 INFO             PET1     ATM: Finalize intro {IS}:! ! ! ! 0x1003f00
20260908 013302.968 INFO             PET1     ATM: Finalize intro {IS}:! ! ! ! DistGrid object is valid!<name: DG-Grid003-sloc:0>
20260908 013302.968 INFO             PET1     ATM: Finalize intro {IS}:! ! ! ! --- DistGrid::log() end ----------------------------------
20260908 013302.968 INFO             PET1     ATM: Finalize intro {IS}:! ! ! --- Array::log() end -------------------------------------
20260908 013302.968 INFO             PET1     ATM: Finalize intro {IS}:! !--- FieldLog() end -------------------
20260908 013302.968 INFO             PET1     ATM: Finalize intro {IS}:--- StateLog() end -------------------
20260908 013302.968 INFO             PET1     ATM: Finalize intro {ES}:--- StateLog() start -----------------
20260908 013302.968 INFO             PET1     ATM: Finalize intro {ES}:<name: ATM-ExportState> <intent: ESMF_STATEINTENT_EXPORT> <itemCount:    0>
20260908 013302.968 INFO             PET1     ATM: Finalize intro {ES}:--- StateLog() end -------------------
20260908 013302.968 INFO             PET1     >>>ATM: entered Finalize (phase=FinalizePhase1) with current time: 2010  6  1  1  0  0   0
20260908 013302.968 INFO             PET1     <<<ATM: leaving Finalize (phase=FinalizePhase1) with current time: 2010  6  1  1  0  0   0
20260908 013302.968 INFO             PET1   ATM: Finalize extro.
20260908 013302.968 INFO             PET1   Calling Finalize phase 1 for modelComp: OCN
20260908 013302.969 INFO             PET1   Delete modelComp: ATM
20260908 013302.969 INFO             PET1   Delete Import-/Export State for modelComp: ATM
20260908 013302.969 INFO             PET1   Delete modelComp: OCN
20260908 013302.969 INFO             PET1   Delete Import-/Export State for modelComp: OCN
20260908 013302.969 INFO             PET1   Delete connectorComp: ATM-TO-OCN
20260908 013302.969 INFO             PET1   Delete connectorComp: OCN-TO-ATM
20260908 013302.969 INFO             PET1   <<<esm: leaving Finalize (phase=FinalizePhase1) with current time: 2010  6  1  1  0  0   0
20260908 013302.969 INFO             PET1 esm: Finalize extro.
20260908 013302.969 INFO             PET1 esmApp FINISHED
20260908 013302.969 INFO             PET1  Finalizing ESMF
20260908 013302.140 INFO             PET2 !!!!!!!!!!!!!!!!!!!!!!!!!!!!!!!!!!!!!!!!!!!!!!!!!!!!!!
20260908 013302.140 INFO             PET2 !!! THE ESMF_LOG IS SET TO OUTPUT ALL LOG MESSAGES !!!
20260908 013302.140 INFO             PET2 !!!     THIS MAY CAUSE SLOWDOWN IN PERFORMANCE     !!!
20260908 013302.140 INFO             PET2 !!! FOR PRODUCTION RUNS, USE:                      !!!
20260908 013302.140 INFO             PET2 !!!                   ESMF_LOGKIND_Multi_On_Error  !!!
20260908 013302.140 INFO             PET2 !!!!!!!!!!!!!!!!!!!!!!!!!!!!!!!!!!!!!!!!!!!!!!!!!!!!!!
20260908 013302.140 INFO             PET2 Running with ESMF Version   : feature/esmx-cmake+gdd1288b46b
20260908 013302.140 INFO             PET2 ESMF library build date/time: "Sep  7 2026" "23:49:07"
20260908 013302.140 INFO             PET2 ESMF library build location : /scratch3/NCEPDEV/stmp/Gerhard.Theurich/ESMF-Nightly-Testing-Hera/nvhpc_24.1_openmpi_g_feature_esmx-cmake/esmf
20260908 013302.140 INFO             PET2 ESMF_COMM                   : openmpi
20260908 013302.141 INFO             PET2 ESMF_MOAB                   : enabled
20260908 013302.141 INFO             PET2 ESMF_LAPACK                 : enabled
20260908 013302.141 INFO             PET2 ESMF_NETCDF                 : disabled
20260908 013302.141 INFO             PET2 ESMF_PNETCDF                : disabled
20260908 013302.141 INFO             PET2 ESMF_PIO                    : disabled
20260908 013302.141 INFO             PET2 ESMF_YAMLCPP                : enabled
20260908 013302.142 INFO             PET2 esmApp STARTING
20260908 013302.157 INFO             PET2 esm: InitializeGeneric intro.
20260908 013302.157 INFO             PET2   esm: InitializeGeneric intro {IS}:--- StateLog() start -----------------
20260908 013302.157 INFO             PET2   esm: InitializeGeneric intro {IS}:State object is invalid! Not created or deleted!
20260908 013302.157 INFO             PET2   esm: InitializeGeneric intro {IS}:--- StateLog() end -------------------
20260908 013302.157 INFO             PET2   esm: InitializeGeneric intro {ES}:--- StateLog() start -----------------
20260908 013302.157 INFO             PET2   esm: InitializeGeneric intro {ES}:State object is invalid! Not created or deleted!
20260908 013302.157 INFO             PET2   esm: InitializeGeneric intro {ES}:--- StateLog() end -------------------
20260908 013302.157 INFO             PET2   >>>esm: entered Initialize (phase=<none>) without valid internal Clock.
20260908 013302.158 INFO             PET2   esm: InitializeP0 intro.
20260908 013302.158 INFO             PET2     esm: InitializeP0 intro {IS}:--- StateLog() start -----------------
20260908 013302.158 INFO             PET2     esm: InitializeP0 intro {IS}:State object is invalid! Not created or deleted!
20260908 013302.158 INFO             PET2     esm: InitializeP0 intro {IS}:--- StateLog() end -------------------
20260908 013302.158 INFO             PET2     esm: InitializeP0 intro {ES}:--- StateLog() start -----------------
20260908 013302.158 INFO             PET2     esm: InitializeP0 intro {ES}:State object is invalid! Not created or deleted!
20260908 013302.158 INFO             PET2     esm: InitializeP0 intro {ES}:--- StateLog() end -------------------
20260908 013302.158 INFO             PET2     >>>esm: entered Initialize (phase=<none>) without valid internal Clock.
20260908 013302.159 INFO             PET2     <<<esm: leaving Initialize (phase=<none>) without valid internal Clock.
20260908 013302.159 INFO             PET2     esm: InitializeP0 extro {IS}:--- StateLog() start -----------------
20260908 013302.159 INFO             PET2     esm: InitializeP0 extro {IS}:State object is invalid! Not created or deleted!
20260908 013302.159 INFO             PET2     esm: InitializeP0 extro {IS}:--- StateLog() end -------------------
20260908 013302.159 INFO             PET2     esm: InitializeP0 extro {ES}:--- StateLog() start -----------------
20260908 013302.159 INFO             PET2     esm: InitializeP0 extro {ES}:State object is invalid! Not created or deleted!
20260908 013302.159 INFO             PET2     esm: InitializeP0 extro {ES}:--- StateLog() end -------------------
20260908 013302.159 INFO             PET2   esm: InitializeP0 extro.
20260908 013302.159 INFO             PET2   esm: InitializeIPDv02p1 intro.
20260908 013302.159 INFO             PET2     esm: InitializeIPDv02p1 intro {IS}:--- StateLog() start -----------------
20260908 013302.159 INFO             PET2     esm: InitializeIPDv02p1 intro {IS}:State object is invalid! Not created or deleted!
20260908 013302.159 INFO             PET2     esm: InitializeIPDv02p1 intro {IS}:--- StateLog() end -------------------
20260908 013302.159 INFO             PET2     esm: InitializeIPDv02p1 intro {ES}:--- StateLog() start -----------------
20260908 013302.160 INFO             PET2     esm: InitializeIPDv02p1 intro {ES}:State object is invalid! Not created or deleted!
20260908 013302.160 INFO             PET2     esm: InitializeIPDv02p1 intro {ES}:--- StateLog() end -------------------
20260908 013302.160 INFO             PET2     >>>esm: entered Initialize (phase=<none>) without valid internal Clock.
20260908 013302.161 INFO             PET2     esm - Creating model component ATM with petList of size 2 :
20260908 013302.161 INFO             PET2           0      1
20260908 013302.172 INFO             PET2     esm - Creating model component OCN with petList of size 2 :
20260908 013302.172 INFO             PET2           2      3
20260908 013302.182 INFO             PET2     esm - Creating connector component ATM-TO-OCN with petList of size 4 :
20260908 013302.182 INFO             PET2           0      1      2      3
20260908 013302.201 INFO             PET2     esm - Creating connector component OCN-TO-ATM with petList of size 4 :
20260908 013302.201 INFO             PET2           2      3      0      1
20260908 013302.224 INFO             PET2     esm - Creating state: modelComp 1 Import State
20260908 013302.224 INFO             PET2     esm - Creating state: modelComp 1 Export State
20260908 013302.225 INFO             PET2     esm - Creating state: modelComp 2 Import State
20260908 013302.225 INFO             PET2     esm - Creating state: modelComp 2 Export State
20260908 013302.229 INFO             PET2     OCN: InitializeP0 intro.
20260908 013302.230 INFO             PET2       OCN: InitializeP0 intro {IS}:--- StateLog() start -----------------
20260908 013302.230 INFO             PET2       OCN: InitializeP0 intro {IS}:<name: OCN-ImportState> <intent: ESMF_STATEINTENT_IMPORT> <itemCount:    0>
20260908 013302.230 INFO             PET2       OCN: InitializeP0 intro {IS}:--- StateLog() end -------------------
20260908 013302.230 INFO             PET2       OCN: InitializeP0 intro {ES}:--- StateLog() start -----------------
20260908 013302.230 INFO             PET2       OCN: InitializeP0 intro {ES}:<name: OCN-ExportState> <intent: ESMF_STATEINTENT_EXPORT> <itemCount:    0>
20260908 013302.230 INFO             PET2       OCN: InitializeP0 intro {ES}:--- StateLog() end -------------------
20260908 013302.231 INFO             PET2       >>>OCN: entered Initialize (phase=<none>) without valid internal Clock.
20260908 013302.235 INFO             PET2       <<<OCN: leaving Initialize (phase=<none>) without valid internal Clock.
20260908 013302.235 INFO             PET2       OCN: InitializeP0 extro {IS}:--- StateLog() start -----------------
20260908 013302.235 INFO             PET2       OCN: InitializeP0 extro {IS}:<name: OCN-ImportState> <intent: ESMF_STATEINTENT_IMPORT> <itemCount:    0>
20260908 013302.235 INFO             PET2       OCN: InitializeP0 extro {IS}:--- StateLog() end -------------------
20260908 013302.235 INFO             PET2       OCN: InitializeP0 extro {ES}:--- StateLog() start -----------------
20260908 013302.235 INFO             PET2       OCN: InitializeP0 extro {ES}:<name: OCN-ExportState> <intent: ESMF_STATEINTENT_EXPORT> <itemCount:    0>
20260908 013302.235 INFO             PET2       OCN: InitializeP0 extro {ES}:--- StateLog() end -------------------
20260908 013302.235 INFO             PET2     OCN: InitializeP0 extro.
20260908 013302.240 INFO             PET2     ATM-TO-OCN: InitializeP0 intro.
20260908 013302.240 INFO             PET2       ATM-TO-OCN: InitializeP0 intro {IS}:--- StateLog() start -----------------
20260908 013302.241 INFO             PET2       ATM-TO-OCN: InitializeP0 intro {IS}:<name: ATM-ExportState> <intent: ESMF_STATEINTENT_EXPORT> <itemCount:    0>
20260908 013302.241 INFO             PET2       ATM-TO-OCN: InitializeP0 intro {IS}:--- StateLog() end -------------------
20260908 013302.241 INFO             PET2       ATM-TO-OCN: InitializeP0 intro {ES}:--- StateLog() start -----------------
20260908 013302.241 INFO             PET2       ATM-TO-OCN: InitializeP0 intro {ES}:<name: OCN-ImportState> <intent: ESMF_STATEINTENT_IMPORT> <itemCount:    0>
20260908 013302.241 INFO             PET2       ATM-TO-OCN: InitializeP0 intro {ES}:--- StateLog() end -------------------
20260908 013302.242 INFO             PET2       ATM-TO-OCN: InitializeP0 extro {IS}:--- StateLog() start -----------------
20260908 013302.242 INFO             PET2       ATM-TO-OCN: InitializeP0 extro {IS}:<name: ATM-ExportState> <intent: ESMF_STATEINTENT_EXPORT> <itemCount:    0>
20260908 013302.242 INFO             PET2       ATM-TO-OCN: InitializeP0 extro {IS}:--- StateLog() end -------------------
20260908 013302.243 INFO             PET2       ATM-TO-OCN: InitializeP0 extro {ES}:--- StateLog() start -----------------
20260908 013302.243 INFO             PET2       ATM-TO-OCN: InitializeP0 extro {ES}:<name: OCN-ImportState> <intent: ESMF_STATEINTENT_IMPORT> <itemCount:    0>
20260908 013302.243 INFO             PET2       ATM-TO-OCN: InitializeP0 extro {ES}:--- StateLog() end -------------------
20260908 013302.243 INFO             PET2     ATM-TO-OCN: InitializeP0 extro.
20260908 013302.246 INFO             PET2     OCN-TO-ATM: InitializeP0 intro.
20260908 013302.246 INFO             PET2       OCN-TO-ATM: InitializeP0 intro {IS}:--- StateLog() start -----------------
20260908 013302.246 INFO             PET2       OCN-TO-ATM: InitializeP0 intro {IS}:<name: OCN-ExportState> <intent: ESMF_STATEINTENT_EXPORT> <itemCount:    0>
20260908 013302.246 INFO             PET2       OCN-TO-ATM: InitializeP0 intro {IS}:--- StateLog() end -------------------
20260908 013302.246 INFO             PET2       OCN-TO-ATM: InitializeP0 intro {ES}:--- StateLog() start -----------------
20260908 013302.246 INFO             PET2       OCN-TO-ATM: InitializeP0 intro {ES}:<name: ATM-ImportState> <intent: ESMF_STATEINTENT_IMPORT> <itemCount:    0>
20260908 013302.246 INFO             PET2       OCN-TO-ATM: InitializeP0 intro {ES}:--- StateLog() end -------------------
20260908 013302.248 INFO             PET2       OCN-TO-ATM: InitializeP0 extro {IS}:--- StateLog() start -----------------
20260908 013302.248 INFO             PET2       OCN-TO-ATM: InitializeP0 extro {IS}:<name: OCN-ExportState> <intent: ESMF_STATEINTENT_EXPORT> <itemCount:    0>
20260908 013302.248 INFO             PET2       OCN-TO-ATM: InitializeP0 extro {IS}:--- StateLog() end -------------------
20260908 013302.248 INFO             PET2       OCN-TO-ATM: InitializeP0 extro {ES}:--- StateLog() start -----------------
20260908 013302.248 INFO             PET2       OCN-TO-ATM: InitializeP0 extro {ES}:<name: ATM-ImportState> <intent: ESMF_STATEINTENT_IMPORT> <itemCount:    0>
20260908 013302.248 INFO             PET2       OCN-TO-ATM: InitializeP0 extro {ES}:--- StateLog() end -------------------
20260908 013302.248 INFO             PET2     OCN-TO-ATM: InitializeP0 extro.
20260908 013302.253 INFO             PET2     esm: IInitAdvertise intro.
20260908 013302.253 INFO             PET2       esm: IInitAdvertise intro {IS}:--- StateLog() start -----------------
20260908 013302.253 INFO             PET2       esm: IInitAdvertise intro {IS}:State object is invalid! Not created or deleted!
20260908 013302.253 INFO             PET2       esm: IInitAdvertise intro {IS}:--- StateLog() end -------------------
20260908 013302.253 INFO             PET2       esm: IInitAdvertise intro {ES}:--- StateLog() start -----------------
20260908 013302.253 INFO             PET2       esm: IInitAdvertise intro {ES}:State object is invalid! Not created or deleted!
20260908 013302.253 INFO             PET2       esm: IInitAdvertise intro {ES}:--- StateLog() end -------------------
20260908 013302.253 INFO             PET2       >>>esm: entered Initialize (phase=<none>) with current time: 2010  6  1  0  0  0   0
20260908 013302.254 INFO             PET2       <<<esm: leaving Initialize (phase=<none>) with current time: 2010  6  1  0  0  0   0
20260908 013302.254 INFO             PET2       esm: IInitAdvertise extro {IS}:--- StateLog() start -----------------
20260908 013302.254 INFO             PET2       esm: IInitAdvertise extro {IS}:State object is invalid! Not created or deleted!
20260908 013302.254 INFO             PET2       esm: IInitAdvertise extro {IS}:--- StateLog() end -------------------
20260908 013302.254 INFO             PET2       esm: IInitAdvertise extro {ES}:--- StateLog() start -----------------
20260908 013302.254 INFO             PET2       esm: IInitAdvertise extro {ES}:State object is invalid! Not created or deleted!
20260908 013302.254 INFO             PET2       esm: IInitAdvertise extro {ES}:--- StateLog() end -------------------
20260908 013302.254 INFO             PET2     esm: IInitAdvertise extro.
20260908 013302.255 INFO             PET2     OCN: InitializeIPDvXp01 intro.
20260908 013302.255 INFO             PET2       OCN: InitializeIPDvXp01 intro {IS}:--- StateLog() start -----------------
20260908 013302.255 INFO             PET2       OCN: InitializeIPDvXp01 intro {IS}:<name: OCN-ImportState> <intent: ESMF_STATEINTENT_IMPORT> <itemCount:    0>
20260908 013302.255 INFO             PET2       OCN: InitializeIPDvXp01 intro {IS}:--- StateLog() end -------------------
20260908 013302.255 INFO             PET2       OCN: InitializeIPDvXp01 intro {ES}:--- StateLog() start -----------------
20260908 013302.255 INFO             PET2       OCN: InitializeIPDvXp01 intro {ES}:<name: OCN-ExportState> <intent: ESMF_STATEINTENT_EXPORT> <itemCount:    0>
20260908 013302.255 INFO             PET2       OCN: InitializeIPDvXp01 intro {ES}:--- StateLog() end -------------------
20260908 013302.255 INFO             PET2       >>>OCN: entered Initialize (phase=IPDvXp01) without valid internal Clock.
20260908 013302.259 INFO             PET2       <<<OCN: leaving Initialize (phase=IPDvXp01) without valid internal Clock.
20260908 013302.259 INFO             PET2       OCN: InitializeIPDvXp01 extro {IS}:--- StateLog() start -----------------
20260908 013302.259 INFO             PET2       OCN: InitializeIPDvXp01 extro {IS}:<name: OCN-ImportState> <intent: ESMF_STATEINTENT_IMPORT> <itemCount:    0>
20260908 013302.259 INFO             PET2       OCN: InitializeIPDvXp01 extro {IS}:--- StateLog() end -------------------
20260908 013302.259 INFO             PET2       OCN: InitializeIPDvXp01 extro {ES}:--- StateLog() start -----------------
20260908 013302.259 INFO             PET2       OCN: InitializeIPDvXp01 extro {ES}:<name: OCN-ExportState> <intent: ESMF_STATEINTENT_EXPORT> <itemCount:    1>
20260908 013302.259 INFO             PET2       OCN: InitializeIPDvXp01 extro {ES}:+-<item: 0001> <itemType: Field> <itemName: sst>
20260908 013302.259 INFO             PET2       OCN: InitializeIPDvXp01 extro {ES}:!--- FieldLog() start -----------------
20260908 013302.259 INFO             PET2       OCN: InitializeIPDvXp01 extro {ES}:! <name: sst> <fieldStatus: ESMF_FIELDSTATUS_EMPTY>
20260908 013302.259 INFO             PET2       OCN: InitializeIPDvXp01 extro {ES}:! 0x7ffd564fee00 => 0x21c0970 => 0x20c4290
20260908 013302.259 INFO             PET2       OCN: InitializeIPDvXp01 extro {ES}:!--- FieldLog() end -------------------
20260908 013302.259 INFO             PET2       OCN: InitializeIPDvXp01 extro {ES}:--- StateLog() end -------------------
20260908 013302.259 INFO             PET2     OCN: InitializeIPDvXp01 extro.
20260908 013302.264 INFO             PET2     ATM-TO-OCN: InitializeIPDv05p1 intro.
20260908 013302.264 INFO             PET2       ATM-TO-OCN: InitializeIPDv05p1 intro {IS}:--- StateLog() start -----------------
20260908 013302.264 INFO             PET2       ATM-TO-OCN: InitializeIPDv05p1 intro {IS}:<name: ATM-ExportState> <intent: ESMF_STATEINTENT_EXPORT> <itemCount:    0>
20260908 013302.264 INFO             PET2       ATM-TO-OCN: InitializeIPDv05p1 intro {IS}:--- StateLog() end -------------------
20260908 013302.264 INFO             PET2       ATM-TO-OCN: InitializeIPDv05p1 intro {ES}:--- StateLog() start -----------------
20260908 013302.264 INFO             PET2       ATM-TO-OCN: InitializeIPDv05p1 intro {ES}:<name: OCN-ImportState> <intent: ESMF_STATEINTENT_IMPORT> <itemCount:    0>
20260908 013302.264 INFO             PET2       ATM-TO-OCN: InitializeIPDv05p1 intro {ES}:--- StateLog() end -------------------
20260908 013302.267 INFO             PET2       ATM-TO-OCN: importState FieldTransferPolicy = transferNone
20260908 013302.267 INFO             PET2       ATM-TO-OCN: exportState FieldTransferPolicy = transferNone
20260908 013302.267 INFO             PET2       ATM-TO-OCN: InitializeIPDv05p1 extro {IS}:--- StateLog() start -----------------
20260908 013302.267 INFO             PET2       ATM-TO-OCN: InitializeIPDv05p1 extro {IS}:<name: ATM-ExportState> <intent: ESMF_STATEINTENT_EXPORT> <itemCount:    0>
20260908 013302.267 INFO             PET2       ATM-TO-OCN: InitializeIPDv05p1 extro {IS}:--- StateLog() end -------------------
20260908 013302.267 INFO             PET2       ATM-TO-OCN: InitializeIPDv05p1 extro {ES}:--- StateLog() start -----------------
20260908 013302.267 INFO             PET2       ATM-TO-OCN: InitializeIPDv05p1 extro {ES}:<name: OCN-ImportState> <intent: ESMF_STATEINTENT_IMPORT> <itemCount:    0>
20260908 013302.267 INFO             PET2       ATM-TO-OCN: InitializeIPDv05p1 extro {ES}:--- StateLog() end -------------------
20260908 013302.267 INFO             PET2     ATM-TO-OCN: InitializeIPDv05p1 extro.
20260908 013302.268 INFO             PET2     OCN-TO-ATM: InitializeIPDv05p1 intro.
20260908 013302.268 INFO             PET2       OCN-TO-ATM: InitializeIPDv05p1 intro {IS}:--- StateLog() start -----------------
20260908 013302.268 INFO             PET2       OCN-TO-ATM: InitializeIPDv05p1 intro {IS}:<name: OCN-ExportState> <intent: ESMF_STATEINTENT_EXPORT> <itemCount:    1>
20260908 013302.268 INFO             PET2       OCN-TO-ATM: InitializeIPDv05p1 intro {IS}:+-<item: 0001> <itemType: Field> <itemName: sst>
20260908 013302.268 INFO             PET2       OCN-TO-ATM: InitializeIPDv05p1 intro {IS}:!--- FieldLog() start -----------------
20260908 013302.268 INFO             PET2       OCN-TO-ATM: InitializeIPDv05p1 intro {IS}:! <name: sst> <fieldStatus: ESMF_FIELDSTATUS_EMPTY>
20260908 013302.268 INFO             PET2       OCN-TO-ATM: InitializeIPDv05p1 intro {IS}:! 0x7ffd564f4bb0 => 0x21c0970 => 0x20c4290
20260908 013302.268 INFO             PET2       OCN-TO-ATM: InitializeIPDv05p1 intro {IS}:!--- FieldLog() end -------------------
20260908 013302.268 INFO             PET2       OCN-TO-ATM: InitializeIPDv05p1 intro {IS}:--- StateLog() end -------------------
20260908 013302.268 INFO             PET2       OCN-TO-ATM: InitializeIPDv05p1 intro {ES}:--- StateLog() start -----------------
20260908 013302.268 INFO             PET2       OCN-TO-ATM: InitializeIPDv05p1 intro {ES}:<name: ATM-ImportState> <intent: ESMF_STATEINTENT_IMPORT> <itemCount:    0>
20260908 013302.268 INFO             PET2       OCN-TO-ATM: InitializeIPDv05p1 intro {ES}:--- StateLog() end -------------------
20260908 013302.273 INFO             PET2       OCN-TO-ATM: importState FieldTransferPolicy = transferNone
20260908 013302.273 INFO             PET2       OCN-TO-ATM: exportState FieldTransferPolicy = transferNone
20260908 013302.273 INFO             PET2       OCN-TO-ATM: InitializeIPDv05p1 extro {IS}:--- StateLog() start -----------------
20260908 013302.273 INFO             PET2       OCN-TO-ATM: InitializeIPDv05p1 extro {IS}:<name: OCN-ExportState> <intent: ESMF_STATEINTENT_EXPORT> <itemCount:    1>
20260908 013302.273 INFO             PET2       OCN-TO-ATM: InitializeIPDv05p1 extro {IS}:+-<item: 0001> <itemType: Field> <itemName: sst>
20260908 013302.273 INFO             PET2       OCN-TO-ATM: InitializeIPDv05p1 extro {IS}:!--- FieldLog() start -----------------
20260908 013302.273 INFO             PET2       OCN-TO-ATM: InitializeIPDv05p1 extro {IS}:! <name: sst> <fieldStatus: ESMF_FIELDSTATUS_EMPTY>
20260908 013302.273 INFO             PET2       OCN-TO-ATM: InitializeIPDv05p1 extro {IS}:! 0x7ffd564f4d80 => 0x21c0970 => 0x20c4290
20260908 013302.273 INFO             PET2       OCN-TO-ATM: InitializeIPDv05p1 extro {IS}:!--- FieldLog() end -------------------
20260908 013302.273 INFO             PET2       OCN-TO-ATM: InitializeIPDv05p1 extro {IS}:--- StateLog() end -------------------
20260908 013302.273 INFO             PET2       OCN-TO-ATM: InitializeIPDv05p1 extro {ES}:--- StateLog() start -----------------
20260908 013302.273 INFO             PET2       OCN-TO-ATM: InitializeIPDv05p1 extro {ES}:<name: ATM-ImportState> <intent: ESMF_STATEINTENT_IMPORT> <itemCount:    0>
20260908 013302.273 INFO             PET2       OCN-TO-ATM: InitializeIPDv05p1 extro {ES}:--- StateLog() end -------------------
20260908 013302.273 INFO             PET2     OCN-TO-ATM: InitializeIPDv05p1 extro.
20260908 013302.274 INFO             PET2     esm: IInitAdvertiseFinish intro.
20260908 013302.274 INFO             PET2       esm: IInitAdvertiseFinish intro {IS}:--- StateLog() start -----------------
20260908 013302.274 INFO             PET2       esm: IInitAdvertiseFinish intro {IS}:State object is invalid! Not created or deleted!
20260908 013302.274 INFO             PET2       esm: IInitAdvertiseFinish intro {IS}:--- StateLog() end -------------------
20260908 013302.274 INFO             PET2       esm: IInitAdvertiseFinish intro {ES}:--- StateLog() start -----------------
20260908 013302.274 INFO             PET2       esm: IInitAdvertiseFinish intro {ES}:State object is invalid! Not created or deleted!
20260908 013302.274 INFO             PET2       esm: IInitAdvertiseFinish intro {ES}:--- StateLog() end -------------------
20260908 013302.274 INFO             PET2       >>>esm: entered Initialize (phase=<none>) with current time: 2010  6  1  0  0  0   0
20260908 013302.275 INFO             PET2       <<<esm: leaving Initialize (phase=<none>) with current time: 2010  6  1  0  0  0   0
20260908 013302.275 INFO             PET2       esm: IInitAdvertiseFinish extro {IS}:--- StateLog() start -----------------
20260908 013302.275 INFO             PET2       esm: IInitAdvertiseFinish extro {IS}:State object is invalid! Not created or deleted!
20260908 013302.275 INFO             PET2       esm: IInitAdvertiseFinish extro {IS}:--- StateLog() end -------------------
20260908 013302.275 INFO             PET2       esm: IInitAdvertiseFinish extro {ES}:--- StateLog() start -----------------
20260908 013302.275 INFO             PET2       esm: IInitAdvertiseFinish extro {ES}:State object is invalid! Not created or deleted!
20260908 013302.275 INFO             PET2       esm: IInitAdvertiseFinish extro {ES}:--- StateLog() end -------------------
20260908 013302.275 INFO             PET2     esm: IInitAdvertiseFinish extro.
20260908 013302.276 INFO             PET2     ATM-TO-OCN: InitializeIPDv05p2a intro.
20260908 013302.276 INFO             PET2       ATM-TO-OCN: InitializeIPDv05p2a intro {IS}:--- StateLog() start -----------------
20260908 013302.276 INFO             PET2       ATM-TO-OCN: InitializeIPDv05p2a intro {IS}:<name: ATM-ExportState> <intent: ESMF_STATEINTENT_EXPORT> <itemCount:    0>
20260908 013302.276 INFO             PET2       ATM-TO-OCN: InitializeIPDv05p2a intro {IS}:--- StateLog() end -------------------
20260908 013302.276 INFO             PET2       ATM-TO-OCN: InitializeIPDv05p2a intro {ES}:--- StateLog() start -----------------
20260908 013302.276 INFO             PET2       ATM-TO-OCN: InitializeIPDv05p2a intro {ES}:<name: OCN-ImportState> <intent: ESMF_STATEINTENT_IMPORT> <itemCount:    0>
20260908 013302.276 INFO             PET2       ATM-TO-OCN: InitializeIPDv05p2a intro {ES}:--- StateLog() end -------------------
20260908 013302.281 INFO             PET2       ATM-TO-OCN: InitializeIPDv05p2a extro {IS}:--- StateLog() start -----------------
20260908 013302.281 INFO             PET2       ATM-TO-OCN: InitializeIPDv05p2a extro {IS}:<name: ATM-ExportState> <intent: ESMF_STATEINTENT_EXPORT> <itemCount:    0>
20260908 013302.281 INFO             PET2       ATM-TO-OCN: InitializeIPDv05p2a extro {IS}:--- StateLog() end -------------------
20260908 013302.281 INFO             PET2       ATM-TO-OCN: InitializeIPDv05p2a extro {ES}:--- StateLog() start -----------------
20260908 013302.281 INFO             PET2       ATM-TO-OCN: InitializeIPDv05p2a extro {ES}:<name: OCN-ImportState> <intent: ESMF_STATEINTENT_IMPORT> <itemCount:    0>
20260908 013302.281 INFO             PET2       ATM-TO-OCN: InitializeIPDv05p2a extro {ES}:--- StateLog() end -------------------
20260908 013302.281 INFO             PET2     ATM-TO-OCN: InitializeIPDv05p2a extro.
20260908 013302.282 INFO             PET2     OCN-TO-ATM: InitializeIPDv05p2a intro.
20260908 013302.282 INFO             PET2       OCN-TO-ATM: InitializeIPDv05p2a intro {IS}:--- StateLog() start -----------------
20260908 013302.282 INFO             PET2       OCN-TO-ATM: InitializeIPDv05p2a intro {IS}:<name: OCN-ExportState> <intent: ESMF_STATEINTENT_EXPORT> <itemCount:    1>
20260908 013302.282 INFO             PET2       OCN-TO-ATM: InitializeIPDv05p2a intro {IS}:+-<item: 0001> <itemType: Field> <itemName: sst>
20260908 013302.282 INFO             PET2       OCN-TO-ATM: InitializeIPDv05p2a intro {IS}:!--- FieldLog() start -----------------
20260908 013302.282 INFO             PET2       OCN-TO-ATM: InitializeIPDv05p2a intro {IS}:! <name: sst> <fieldStatus: ESMF_FIELDSTATUS_EMPTY>
20260908 013302.282 INFO             PET2       OCN-TO-ATM: InitializeIPDv05p2a intro {IS}:! 0x7ffd564fa470 => 0x21c0970 => 0x20c4290
20260908 013302.282 INFO             PET2       OCN-TO-ATM: InitializeIPDv05p2a intro {IS}:!--- FieldLog() end -------------------
20260908 013302.282 INFO             PET2       OCN-TO-ATM: InitializeIPDv05p2a intro {IS}:--- StateLog() end -------------------
20260908 013302.282 INFO             PET2       OCN-TO-ATM: InitializeIPDv05p2a intro {ES}:--- StateLog() start -----------------
20260908 013302.282 INFO             PET2       OCN-TO-ATM: InitializeIPDv05p2a intro {ES}:<name: ATM-ImportState> <intent: ESMF_STATEINTENT_IMPORT> <itemCount:    0>
20260908 013302.282 INFO             PET2       OCN-TO-ATM: InitializeIPDv05p2a intro {ES}:--- StateLog() end -------------------
20260908 013302.293 INFO             PET2       OCN-TO-ATM:      importStandardNameList(i=  1): sea_surface_temperature
20260908 013302.293 INFO             PET2       OCN-TO-ATM:         importNamespaceList(i=  1): OCN
20260908 013302.293 INFO             PET2       OCN-TO-ATM:            importCplSetList(i=  1): __UNSPECIFIED__
20260908 013302.293 INFO             PET2       OCN-TO-ATM:      exportStandardNameList(j=  1): sea_surface_temperature
20260908 013302.293 INFO             PET2       OCN-TO-ATM:         exportNamespaceList(j=  1): ATM:OCN
20260908 013302.293 INFO             PET2       OCN-TO-ATM:            exportCplSetList(j=  1): __UNSPECIFIED__
20260908 013302.293 INFO             PET2       OCN-TO-ATM: bondLevel= 2
20260908 013302.293 INFO             PET2       OCN-TO-ATM: ProducerConnection (bondLevelMax):         2
20260908 013302.293 INFO             PET2       OCN-TO-ATM: InitializeIPDv05p2a extro {IS}:--- StateLog() start -----------------
20260908 013302.293 INFO             PET2       OCN-TO-ATM: InitializeIPDv05p2a extro {IS}:<name: OCN-ExportState> <intent: ESMF_STATEINTENT_EXPORT> <itemCount:    1>
20260908 013302.293 INFO             PET2       OCN-TO-ATM: InitializeIPDv05p2a extro {IS}:+-<item: 0001> <itemType: Field> <itemName: sst>
20260908 013302.293 INFO             PET2       OCN-TO-ATM: InitializeIPDv05p2a extro {IS}:!--- FieldLog() start -----------------
20260908 013302.293 INFO             PET2       OCN-TO-ATM: InitializeIPDv05p2a extro {IS}:! <name: sst> <fieldStatus: ESMF_FIELDSTATUS_EMPTY>
20260908 013302.293 INFO             PET2       OCN-TO-ATM: InitializeIPDv05p2a extro {IS}:! 0x7ffd564fa640 => 0x21c0970 => 0x20c4290
20260908 013302.293 INFO             PET2       OCN-TO-ATM: InitializeIPDv05p2a extro {IS}:!--- FieldLog() end -------------------
20260908 013302.294 INFO             PET2       OCN-TO-ATM: InitializeIPDv05p2a extro {IS}:--- StateLog() end -------------------
20260908 013302.294 INFO             PET2       OCN-TO-ATM: InitializeIPDv05p2a extro {ES}:--- StateLog() start -----------------
20260908 013302.294 INFO             PET2       OCN-TO-ATM: InitializeIPDv05p2a extro {ES}:<name: ATM-ImportState> <intent: ESMF_STATEINTENT_IMPORT> <itemCount:    1>
20260908 013302.294 INFO             PET2       OCN-TO-ATM: InitializeIPDv05p2a extro {ES}:+-<item: 0001> <itemType: State> <itemName: ATM-ImportState-namespace:OCN>
20260908 013302.294 INFO             PET2       OCN-TO-ATM: InitializeIPDv05p2a extro {ES}:! <name: ATM-ImportState-namespace:OCN> <intent: ESMF_STATEINTENT_IMPORT> <itemCount:    1>
20260908 013302.294 INFO             PET2       OCN-TO-ATM: InitializeIPDv05p2a extro {ES}:! +-<item: 0001> <itemType: Field> <itemName: sea_surface_temperature>
20260908 013302.294 INFO             PET2       OCN-TO-ATM: InitializeIPDv05p2a extro {ES}:! !--- FieldLog() start -----------------
20260908 013302.294 INFO             PET2       OCN-TO-ATM: InitializeIPDv05p2a extro {ES}:! ! <name: sea_surface_temperature> <fieldStatus: ESMF_FIELDSTATUS_EMPTY>
20260908 013302.294 INFO             PET2       OCN-TO-ATM: InitializeIPDv05p2a extro {ES}:! ! 0x7ffd564f8e50 => 0x2176970 => 0x2176ba0
20260908 013302.294 INFO             PET2       OCN-TO-ATM: InitializeIPDv05p2a extro {ES}:! !--- FieldLog() end -------------------
20260908 013302.294 INFO             PET2       OCN-TO-ATM: InitializeIPDv05p2a extro {ES}:--- StateLog() end -------------------
20260908 013302.294 INFO             PET2     OCN-TO-ATM: InitializeIPDv05p2a extro.
20260908 013302.294 INFO             PET2     ATM-TO-OCN: InitializeIPDv05p2b intro.
20260908 013302.294 INFO             PET2       ATM-TO-OCN: InitializeIPDv05p2b intro {IS}:--- StateLog() start -----------------
20260908 013302.294 INFO             PET2       ATM-TO-OCN: InitializeIPDv05p2b intro {IS}:<name: ATM-ExportState> <intent: ESMF_STATEINTENT_EXPORT> <itemCount:    0>
20260908 013302.295 INFO             PET2       ATM-TO-OCN: InitializeIPDv05p2b intro {IS}:--- StateLog() end -------------------
20260908 013302.295 INFO             PET2       ATM-TO-OCN: InitializeIPDv05p2b intro {ES}:--- StateLog() start -----------------
20260908 013302.295 INFO             PET2       ATM-TO-OCN: InitializeIPDv05p2b intro {ES}:<name: OCN-ImportState> <intent: ESMF_STATEINTENT_IMPORT> <itemCount:    0>
20260908 013302.295 INFO             PET2       ATM-TO-OCN: InitializeIPDv05p2b intro {ES}:--- StateLog() end -------------------
20260908 013302.295 INFO             PET2       ATM-TO-OCN: InitializeIPDv05p2b extro {IS}:--- StateLog() start -----------------
20260908 013302.295 INFO             PET2       ATM-TO-OCN: InitializeIPDv05p2b extro {IS}:<name: ATM-ExportState> <intent: ESMF_STATEINTENT_EXPORT> <itemCount:    0>
20260908 013302.295 INFO             PET2       ATM-TO-OCN: InitializeIPDv05p2b extro {IS}:--- StateLog() end -------------------
20260908 013302.295 INFO             PET2       ATM-TO-OCN: InitializeIPDv05p2b extro {ES}:--- StateLog() start -----------------
20260908 013302.295 INFO             PET2       ATM-TO-OCN: InitializeIPDv05p2b extro {ES}:<name: OCN-ImportState> <intent: ESMF_STATEINTENT_IMPORT> <itemCount:    0>
20260908 013302.295 INFO             PET2       ATM-TO-OCN: InitializeIPDv05p2b extro {ES}:--- StateLog() end -------------------
20260908 013302.295 INFO             PET2     ATM-TO-OCN: InitializeIPDv05p2b extro.
20260908 013302.296 INFO             PET2     OCN-TO-ATM: InitializeIPDv05p2b intro.
20260908 013302.296 INFO             PET2       OCN-TO-ATM: InitializeIPDv05p2b intro {IS}:--- StateLog() start -----------------
20260908 013302.296 INFO             PET2       OCN-TO-ATM: InitializeIPDv05p2b intro {IS}:<name: OCN-ExportState> <intent: ESMF_STATEINTENT_EXPORT> <itemCount:    1>
20260908 013302.296 INFO             PET2       OCN-TO-ATM: InitializeIPDv05p2b intro {IS}:+-<item: 0001> <itemType: Field> <itemName: sst>
20260908 013302.296 INFO             PET2       OCN-TO-ATM: InitializeIPDv05p2b intro {IS}:!--- FieldLog() start -----------------
20260908 013302.296 INFO             PET2       OCN-TO-ATM: InitializeIPDv05p2b intro {IS}:! <name: sst> <fieldStatus: ESMF_FIELDSTATUS_EMPTY>
20260908 013302.296 INFO             PET2       OCN-TO-ATM: InitializeIPDv05p2b intro {IS}:! 0x7ffd564f9220 => 0x21c0970 => 0x20c4290
20260908 013302.296 INFO             PET2       OCN-TO-ATM: InitializeIPDv05p2b intro {IS}:!--- FieldLog() end -------------------
20260908 013302.296 INFO             PET2       OCN-TO-ATM: InitializeIPDv05p2b intro {IS}:--- StateLog() end -------------------
20260908 013302.296 INFO             PET2       OCN-TO-ATM: InitializeIPDv05p2b intro {ES}:--- StateLog() start -----------------
20260908 013302.296 INFO             PET2       OCN-TO-ATM: InitializeIPDv05p2b intro {ES}:<name: ATM-ImportState> <intent: ESMF_STATEINTENT_IMPORT> <itemCount:    1>
20260908 013302.296 INFO             PET2       OCN-TO-ATM: InitializeIPDv05p2b intro {ES}:+-<item: 0001> <itemType: State> <itemName: ATM-ImportState-namespace:OCN>
20260908 013302.296 INFO             PET2       OCN-TO-ATM: InitializeIPDv05p2b intro {ES}:! <name: ATM-ImportState-namespace:OCN> <intent: ESMF_STATEINTENT_IMPORT> <itemCount:    1>
20260908 013302.296 INFO             PET2       OCN-TO-ATM: InitializeIPDv05p2b intro {ES}:! +-<item: 0001> <itemType: Field> <itemName: sea_surface_temperature>
20260908 013302.296 INFO             PET2       OCN-TO-ATM: InitializeIPDv05p2b intro {ES}:! !--- FieldLog() start -----------------
20260908 013302.296 INFO             PET2       OCN-TO-ATM: InitializeIPDv05p2b intro {ES}:! ! <name: sea_surface_temperature> <fieldStatus: ESMF_FIELDSTATUS_EMPTY>
20260908 013302.296 INFO             PET2       OCN-TO-ATM: InitializeIPDv05p2b intro {ES}:! ! 0x7ffd564f7a30 => 0x2176970 => 0x2176ba0
20260908 013302.296 INFO             PET2       OCN-TO-ATM: InitializeIPDv05p2b intro {ES}:! !--- FieldLog() end -------------------
20260908 013302.296 INFO             PET2       OCN-TO-ATM: InitializeIPDv05p2b intro {ES}:--- StateLog() end -------------------
20260908 013302.307 INFO             PET2       OCN-TO-ATM:      importStandardNameList(i=  1): sea_surface_temperature
20260908 013302.307 INFO             PET2       OCN-TO-ATM:         importNamespaceList(i=  1): OCN
20260908 013302.307 INFO             PET2       OCN-TO-ATM:            importCplSetList(i=  1): __UNSPECIFIED__
20260908 013302.307 INFO             PET2       OCN-TO-ATM:      exportStandardNameList(j=  1): sea_surface_temperature
20260908 013302.307 INFO             PET2       OCN-TO-ATM:         exportNamespaceList(j=  1): ATM:OCN
20260908 013302.307 INFO             PET2       OCN-TO-ATM:            exportCplSetList(j=  1): __UNSPECIFIED__
20260908 013302.307 INFO             PET2       OCN-TO-ATM: bondLevel= 2
20260908 013302.307 INFO             PET2       OCN-TO-ATM: => added cplList(  1)=sea_surface_temperature, cplSetList(  1)=__UNSPECIFIED__
20260908 013302.307 INFO             PET2       OCN-TO-ATM: InitializeIPDv05p2b extro {IS}:--- StateLog() start -----------------
20260908 013302.307 INFO             PET2       OCN-TO-ATM: InitializeIPDv05p2b extro {IS}:<name: OCN-ExportState> <intent: ESMF_STATEINTENT_EXPORT> <itemCount:    1>
20260908 013302.308 INFO             PET2       OCN-TO-ATM: InitializeIPDv05p2b extro {IS}:+-<item: 0001> <itemType: Field> <itemName: sst>
20260908 013302.308 INFO             PET2       OCN-TO-ATM: InitializeIPDv05p2b extro {IS}:!--- FieldLog() start -----------------
20260908 013302.308 INFO             PET2       OCN-TO-ATM: InitializeIPDv05p2b extro {IS}:! <name: sst> <fieldStatus: ESMF_FIELDSTATUS_EMPTY>
20260908 013302.308 INFO             PET2       OCN-TO-ATM: InitializeIPDv05p2b extro {IS}:! 0x7ffd564f93f0 => 0x21c0970 => 0x20c4290
20260908 013302.308 INFO             PET2       OCN-TO-ATM: InitializeIPDv05p2b extro {IS}:!--- FieldLog() end -------------------
20260908 013302.308 INFO             PET2       OCN-TO-ATM: InitializeIPDv05p2b extro {IS}:--- StateLog() end -------------------
20260908 013302.308 INFO             PET2       OCN-TO-ATM: InitializeIPDv05p2b extro {ES}:--- StateLog() start -----------------
20260908 013302.308 INFO             PET2       OCN-TO-ATM: InitializeIPDv05p2b extro {ES}:<name: ATM-ImportState> <intent: ESMF_STATEINTENT_IMPORT> <itemCount:    1>
20260908 013302.308 INFO             PET2       OCN-TO-ATM: InitializeIPDv05p2b extro {ES}:+-<item: 0001> <itemType: State> <itemName: ATM-ImportState-namespace:OCN>
20260908 013302.308 INFO             PET2       OCN-TO-ATM: InitializeIPDv05p2b extro {ES}:! <name: ATM-ImportState-namespace:OCN> <intent: ESMF_STATEINTENT_IMPORT> <itemCount:    1>
20260908 013302.308 INFO             PET2       OCN-TO-ATM: InitializeIPDv05p2b extro {ES}:! +-<item: 0001> <itemType: Field> <itemName: sea_surface_temperature>
20260908 013302.308 INFO             PET2       OCN-TO-ATM: InitializeIPDv05p2b extro {ES}:! !--- FieldLog() start -----------------
20260908 013302.308 INFO             PET2       OCN-TO-ATM: InitializeIPDv05p2b extro {ES}:! ! <name: sea_surface_temperature> <fieldStatus: ESMF_FIELDSTATUS_EMPTY>
20260908 013302.308 INFO             PET2       OCN-TO-ATM: InitializeIPDv05p2b extro {ES}:! ! 0x7ffd564f7c00 => 0x21790e0 => 0x2179310
20260908 013302.308 INFO             PET2       OCN-TO-ATM: InitializeIPDv05p2b extro {ES}:! !--- FieldLog() end -------------------
20260908 013302.308 INFO             PET2       OCN-TO-ATM: InitializeIPDv05p2b extro {ES}:--- StateLog() end -------------------
20260908 013302.308 INFO             PET2     OCN-TO-ATM: InitializeIPDv05p2b extro.
20260908 013302.309 INFO             PET2     esm: IInitModifyCplLists intro.
20260908 013302.309 INFO             PET2       esm: IInitModifyCplLists intro {IS}:--- StateLog() start -----------------
20260908 013302.309 INFO             PET2       esm: IInitModifyCplLists intro {IS}:State object is invalid! Not created or deleted!
20260908 013302.309 INFO             PET2       esm: IInitModifyCplLists intro {IS}:--- StateLog() end -------------------
20260908 013302.309 INFO             PET2       esm: IInitModifyCplLists intro {ES}:--- StateLog() start -----------------
20260908 013302.309 INFO             PET2       esm: IInitModifyCplLists intro {ES}:State object is invalid! Not created or deleted!
20260908 013302.309 INFO             PET2       esm: IInitModifyCplLists intro {ES}:--- StateLog() end -------------------
20260908 013302.309 INFO             PET2       >>>esm: entered Initialize (phase=<none>) with current time: 2010  6  1  0  0  0   0
20260908 013302.310 INFO             PET2       <<<esm: leaving Initialize (phase=<none>) with current time: 2010  6  1  0  0  0   0
20260908 013302.310 INFO             PET2       esm: IInitModifyCplLists extro {IS}:--- StateLog() start -----------------
20260908 013302.310 INFO             PET2       esm: IInitModifyCplLists extro {IS}:State object is invalid! Not created or deleted!
20260908 013302.310 INFO             PET2       esm: IInitModifyCplLists extro {IS}:--- StateLog() end -------------------
20260908 013302.310 INFO             PET2       esm: IInitModifyCplLists extro {ES}:--- StateLog() start -----------------
20260908 013302.310 INFO             PET2       esm: IInitModifyCplLists extro {ES}:State object is invalid! Not created or deleted!
20260908 013302.310 INFO             PET2       esm: IInitModifyCplLists extro {ES}:--- StateLog() end -------------------
20260908 013302.310 INFO             PET2     esm: IInitModifyCplLists extro.
20260908 013302.310 INFO             PET2     ATM-TO-OCN: InitializeIPDv05p3 intro.
20260908 013302.310 INFO             PET2       ATM-TO-OCN: InitializeIPDv05p3 intro {IS}:--- StateLog() start -----------------
20260908 013302.310 INFO             PET2       ATM-TO-OCN: InitializeIPDv05p3 intro {IS}:<name: ATM-ExportState> <intent: ESMF_STATEINTENT_EXPORT> <itemCount:    0>
20260908 013302.310 INFO             PET2       ATM-TO-OCN: InitializeIPDv05p3 intro {IS}:--- StateLog() end -------------------
20260908 013302.310 INFO             PET2       ATM-TO-OCN: InitializeIPDv05p3 intro {ES}:--- StateLog() start -----------------
20260908 013302.310 INFO             PET2       ATM-TO-OCN: InitializeIPDv05p3 intro {ES}:<name: OCN-ImportState> <intent: ESMF_STATEINTENT_IMPORT> <itemCount:    0>
20260908 013302.310 INFO             PET2       ATM-TO-OCN: InitializeIPDv05p3 intro {ES}:--- StateLog() end -------------------
20260908 013302.311 INFO             PET2       ATM-TO-OCN: InitializeIPDv05p3 extro {IS}:--- StateLog() start -----------------
20260908 013302.311 INFO             PET2       ATM-TO-OCN: InitializeIPDv05p3 extro {IS}:<name: ATM-ExportState> <intent: ESMF_STATEINTENT_EXPORT> <itemCount:    0>
20260908 013302.311 INFO             PET2       ATM-TO-OCN: InitializeIPDv05p3 extro {IS}:--- StateLog() end -------------------
20260908 013302.311 INFO             PET2       ATM-TO-OCN: InitializeIPDv05p3 extro {ES}:--- StateLog() start -----------------
20260908 013302.311 INFO             PET2       ATM-TO-OCN: InitializeIPDv05p3 extro {ES}:<name: OCN-ImportState> <intent: ESMF_STATEINTENT_IMPORT> <itemCount:    0>
20260908 013302.311 INFO             PET2       ATM-TO-OCN: InitializeIPDv05p3 extro {ES}:--- StateLog() end -------------------
20260908 013302.311 INFO             PET2     ATM-TO-OCN: InitializeIPDv05p3 extro.
20260908 013302.312 INFO             PET2     OCN-TO-ATM: InitializeIPDv05p3 intro.
20260908 013302.312 INFO             PET2       OCN-TO-ATM: InitializeIPDv05p3 intro {IS}:--- StateLog() start -----------------
20260908 013302.312 INFO             PET2       OCN-TO-ATM: InitializeIPDv05p3 intro {IS}:<name: OCN-ExportState> <intent: ESMF_STATEINTENT_EXPORT> <itemCount:    1>
20260908 013302.312 INFO             PET2       OCN-TO-ATM: InitializeIPDv05p3 intro {IS}:+-<item: 0001> <itemType: Field> <itemName: sst>
20260908 013302.312 INFO             PET2       OCN-TO-ATM: InitializeIPDv05p3 intro {IS}:!--- FieldLog() start -----------------
20260908 013302.312 INFO             PET2       OCN-TO-ATM: InitializeIPDv05p3 intro {IS}:! <name: sst> <fieldStatus: ESMF_FIELDSTATUS_EMPTY>
20260908 013302.312 INFO             PET2       OCN-TO-ATM: InitializeIPDv05p3 intro {IS}:! 0x7ffd564ecf70 => 0x21c0970 => 0x20c4290
20260908 013302.312 INFO             PET2       OCN-TO-ATM: InitializeIPDv05p3 intro {IS}:!--- FieldLog() end -------------------
20260908 013302.312 INFO             PET2       OCN-TO-ATM: InitializeIPDv05p3 intro {IS}:--- StateLog() end -------------------
20260908 013302.312 INFO             PET2       OCN-TO-ATM: InitializeIPDv05p3 intro {ES}:--- StateLog() start -----------------
20260908 013302.312 INFO             PET2       OCN-TO-ATM: InitializeIPDv05p3 intro {ES}:<name: ATM-ImportState> <intent: ESMF_STATEINTENT_IMPORT> <itemCount:    1>
20260908 013302.312 INFO             PET2       OCN-TO-ATM: InitializeIPDv05p3 intro {ES}:+-<item: 0001> <itemType: State> <itemName: ATM-ImportState-namespace:OCN>
20260908 013302.312 INFO             PET2       OCN-TO-ATM: InitializeIPDv05p3 intro {ES}:! <name: ATM-ImportState-namespace:OCN> <intent: ESMF_STATEINTENT_IMPORT> <itemCount:    1>
20260908 013302.312 INFO             PET2       OCN-TO-ATM: InitializeIPDv05p3 intro {ES}:! +-<item: 0001> <itemType: Field> <itemName: sea_surface_temperature>
20260908 013302.312 INFO             PET2       OCN-TO-ATM: InitializeIPDv05p3 intro {ES}:! !--- FieldLog() start -----------------
20260908 013302.312 INFO             PET2       OCN-TO-ATM: InitializeIPDv05p3 intro {ES}:! ! <name: sea_surface_temperature> <fieldStatus: ESMF_FIELDSTATUS_EMPTY>
20260908 013302.312 INFO             PET2       OCN-TO-ATM: InitializeIPDv05p3 intro {ES}:! ! 0x7ffd564eb780 => 0x21790e0 => 0x2179310
20260908 013302.312 INFO             PET2       OCN-TO-ATM: InitializeIPDv05p3 intro {ES}:! !--- FieldLog() end -------------------
20260908 013302.312 INFO             PET2       OCN-TO-ATM: InitializeIPDv05p3 intro {ES}:--- StateLog() end -------------------
20260908 013302.324 INFO             PET2       OCN-TO-ATM: handle cplList(1): sea_surface_temperature, cplSetList(1): __UNSPECIFIED__
20260908 013302.324 INFO             PET2       OCN-TO-ATM: - connected.
20260908 013302.324 INFO             PET2       OCN-TO-ATM: - import side must provide, export side may accept the Field/GeomObject.
20260908 013302.324 INFO             PET2       OCN-TO-ATM: - combination of provider and acceptor VM does NOT support Field and/or GeomObject sharing between them.
20260908 013302.324 INFO             PET2       OCN-TO-ATM: InitializeIPDv05p3 extro {IS}:--- StateLog() start -----------------
20260908 013302.324 INFO             PET2       OCN-TO-ATM: InitializeIPDv05p3 extro {IS}:<name: OCN-ExportState> <intent: ESMF_STATEINTENT_EXPORT> <itemCount:    1>
20260908 013302.324 INFO             PET2       OCN-TO-ATM: InitializeIPDv05p3 extro {IS}:+-<item: 0001> <itemType: Field> <itemName: sst>
20260908 013302.324 INFO             PET2       OCN-TO-ATM: InitializeIPDv05p3 extro {IS}:!--- FieldLog() start -----------------
20260908 013302.324 INFO             PET2       OCN-TO-ATM: InitializeIPDv05p3 extro {IS}:! <name: sst> <fieldStatus: ESMF_FIELDSTATUS_EMPTY>
20260908 013302.324 INFO             PET2       OCN-TO-ATM: InitializeIPDv05p3 extro {IS}:! 0x7ffd564ed140 => 0x21c0970 => 0x20c4290
20260908 013302.324 INFO             PET2       OCN-TO-ATM: InitializeIPDv05p3 extro {IS}:!--- FieldLog() end -------------------
20260908 013302.324 INFO             PET2       OCN-TO-ATM: InitializeIPDv05p3 extro {IS}:--- StateLog() end -------------------
20260908 013302.324 INFO             PET2       OCN-TO-ATM: InitializeIPDv05p3 extro {ES}:--- StateLog() start -----------------
20260908 013302.324 INFO             PET2       OCN-TO-ATM: InitializeIPDv05p3 extro {ES}:<name: ATM-ImportState> <intent: ESMF_STATEINTENT_IMPORT> <itemCount:    1>
20260908 013302.325 INFO             PET2       OCN-TO-ATM: InitializeIPDv05p3 extro {ES}:+-<item: 0001> <itemType: State> <itemName: ATM-ImportState-namespace:OCN>
20260908 013302.325 INFO             PET2       OCN-TO-ATM: InitializeIPDv05p3 extro {ES}:! <name: ATM-ImportState-namespace:OCN> <intent: ESMF_STATEINTENT_IMPORT> <itemCount:    1>
20260908 013302.325 INFO             PET2       OCN-TO-ATM: InitializeIPDv05p3 extro {ES}:! +-<item: 0001> <itemType: Field> <itemName: sea_surface_temperature>
20260908 013302.325 INFO             PET2       OCN-TO-ATM: InitializeIPDv05p3 extro {ES}:! !--- FieldLog() start -----------------
20260908 013302.325 INFO             PET2       OCN-TO-ATM: InitializeIPDv05p3 extro {ES}:! ! <name: sea_surface_temperature> <fieldStatus: ESMF_FIELDSTATUS_EMPTY>
20260908 013302.325 INFO             PET2       OCN-TO-ATM: InitializeIPDv05p3 extro {ES}:! ! 0x7ffd564eb950 => 0x2178500 => 0x2180fb0
20260908 013302.325 INFO             PET2       OCN-TO-ATM: InitializeIPDv05p3 extro {ES}:! !--- FieldLog() end -------------------
20260908 013302.325 INFO             PET2       OCN-TO-ATM: InitializeIPDv05p3 extro {ES}:--- StateLog() end -------------------
20260908 013302.325 INFO             PET2     OCN-TO-ATM: InitializeIPDv05p3 extro.
20260908 013302.325 INFO             PET2     <<<esm: leaving Initialize (phase=<none>) with current time: 2010  6  1  0  0  0   0
20260908 013302.325 INFO             PET2     esm: InitializeIPDv02p1 extro {IS}:--- StateLog() start -----------------
20260908 013302.325 INFO             PET2     esm: InitializeIPDv02p1 extro {IS}:State object is invalid! Not created or deleted!
20260908 013302.325 INFO             PET2     esm: InitializeIPDv02p1 extro {IS}:--- StateLog() end -------------------
20260908 013302.325 INFO             PET2     esm: InitializeIPDv02p1 extro {ES}:--- StateLog() start -----------------
20260908 013302.325 INFO             PET2     esm: InitializeIPDv02p1 extro {ES}:State object is invalid! Not created or deleted!
20260908 013302.325 INFO             PET2     esm: InitializeIPDv02p1 extro {ES}:--- StateLog() end -------------------
20260908 013302.325 INFO             PET2   esm: InitializeIPDv02p1 extro.
20260908 013302.326 INFO             PET2   esm: InitializeIPDv02p3 intro.
20260908 013302.326 INFO             PET2     esm: InitializeIPDv02p3 intro {IS}:--- StateLog() start -----------------
20260908 013302.326 INFO             PET2     esm: InitializeIPDv02p3 intro {IS}:State object is invalid! Not created or deleted!
20260908 013302.326 INFO             PET2     esm: InitializeIPDv02p3 intro {IS}:--- StateLog() end -------------------
20260908 013302.326 INFO             PET2     esm: InitializeIPDv02p3 intro {ES}:--- StateLog() start -----------------
20260908 013302.326 INFO             PET2     esm: InitializeIPDv02p3 intro {ES}:State object is invalid! Not created or deleted!
20260908 013302.326 INFO             PET2     esm: InitializeIPDv02p3 intro {ES}:--- StateLog() end -------------------
20260908 013302.326 INFO             PET2     >>>esm: entered Initialize (phase=<none>) with current time: 2010  6  1  0  0  0   0
20260908 013302.327 INFO             PET2     esm: IInitCheck intro.
20260908 013302.327 INFO             PET2       esm: IInitCheck intro {IS}:--- StateLog() start -----------------
20260908 013302.327 INFO             PET2       esm: IInitCheck intro {IS}:State object is invalid! Not created or deleted!
20260908 013302.327 INFO             PET2       esm: IInitCheck intro {IS}:--- StateLog() end -------------------
20260908 013302.327 INFO             PET2       esm: IInitCheck intro {ES}:--- StateLog() start -----------------
20260908 013302.327 INFO             PET2       esm: IInitCheck intro {ES}:State object is invalid! Not created or deleted!
20260908 013302.327 INFO             PET2       esm: IInitCheck intro {ES}:--- StateLog() end -------------------
20260908 013302.327 INFO             PET2       >>>esm: entered Initialize (phase=<none>) with current time: 2010  6  1  0  0  0   0
20260908 013302.327 INFO             PET2       <<<esm: leaving Initialize (phase=<none>) with current time: 2010  6  1  0  0  0   0
20260908 013302.327 INFO             PET2       esm: IInitCheck extro {IS}:--- StateLog() start -----------------
20260908 013302.327 INFO             PET2       esm: IInitCheck extro {IS}:State object is invalid! Not created or deleted!
20260908 013302.327 INFO             PET2       esm: IInitCheck extro {IS}:--- StateLog() end -------------------
20260908 013302.327 INFO             PET2       esm: IInitCheck extro {ES}:--- StateLog() start -----------------
20260908 013302.327 INFO             PET2       esm: IInitCheck extro {ES}:State object is invalid! Not created or deleted!
20260908 013302.327 INFO             PET2       esm: IInitCheck extro {ES}:--- StateLog() end -------------------
20260908 013302.328 INFO             PET2     esm: IInitCheck extro.
20260908 013302.328 INFO             PET2     OCN: InitializeIPDvXp04 intro.
20260908 013302.328 INFO             PET2       OCN: InitializeIPDvXp04 intro {IS}:--- StateLog() start -----------------
20260908 013302.328 INFO             PET2       OCN: InitializeIPDvXp04 intro {IS}:<name: OCN-ImportState> <intent: ESMF_STATEINTENT_IMPORT> <itemCount:    0>
20260908 013302.328 INFO             PET2       OCN: InitializeIPDvXp04 intro {IS}:--- StateLog() end -------------------
20260908 013302.328 INFO             PET2       OCN: InitializeIPDvXp04 intro {ES}:--- StateLog() start -----------------
20260908 013302.328 INFO             PET2       OCN: InitializeIPDvXp04 intro {ES}:<name: OCN-ExportState> <intent: ESMF_STATEINTENT_EXPORT> <itemCount:    1>
20260908 013302.328 INFO             PET2       OCN: InitializeIPDvXp04 intro {ES}:+-<item: 0001> <itemType: Field> <itemName: sst>
20260908 013302.328 INFO             PET2       OCN: InitializeIPDvXp04 intro {ES}:!--- FieldLog() start -----------------
20260908 013302.328 INFO             PET2       OCN: InitializeIPDvXp04 intro {ES}:! <name: sst> <fieldStatus: ESMF_FIELDSTATUS_EMPTY>
20260908 013302.328 INFO             PET2       OCN: InitializeIPDvXp04 intro {ES}:! 0x7ffd5650b470 => 0x21c0970 => 0x20c4290
20260908 013302.328 INFO             PET2       OCN: InitializeIPDvXp04 intro {ES}:!--- FieldLog() end -------------------
20260908 013302.328 INFO             PET2       OCN: InitializeIPDvXp04 intro {ES}:--- StateLog() end -------------------
20260908 013302.329 INFO             PET2       >>>OCN: entered Initialize (phase=IPDvXp04) without valid internal Clock.
20260908 013302.336 INFO             PET2       <<<OCN: leaving Initialize (phase=IPDvXp04) without valid internal Clock.
20260908 013302.336 INFO             PET2       OCN: InitializeIPDvXp04 extro {IS}:--- StateLog() start -----------------
20260908 013302.336 INFO             PET2       OCN: InitializeIPDvXp04 extro {IS}:<name: OCN-ImportState> <intent: ESMF_STATEINTENT_IMPORT> <itemCount:    0>
20260908 013302.336 INFO             PET2       OCN: InitializeIPDvXp04 extro {IS}:--- StateLog() end -------------------
20260908 013302.336 INFO             PET2       OCN: InitializeIPDvXp04 extro {ES}:--- StateLog() start -----------------
20260908 013302.336 INFO             PET2       OCN: InitializeIPDvXp04 extro {ES}:<name: OCN-ExportState> <intent: ESMF_STATEINTENT_EXPORT> <itemCount:    1>
20260908 013302.336 INFO             PET2       OCN: InitializeIPDvXp04 extro {ES}:+-<item: 0001> <itemType: Field> <itemName: sst>
20260908 013302.336 INFO             PET2       OCN: InitializeIPDvXp04 extro {ES}:!--- FieldLog() start -----------------
20260908 013302.336 INFO             PET2       OCN: InitializeIPDvXp04 extro {ES}:! <name: sst> <fieldStatus: ESMF_FIELDSTATUS_COMPLETE>
20260908 013302.336 INFO             PET2       OCN: InitializeIPDvXp04 extro {ES}:! 0x7ffd5650b640 => 0x2186470 => 0x21846c0
20260908 013302.336 INFO             PET2       OCN: InitializeIPDvXp04 extro {ES}:! <typekind: Real*8> <rank:    2> <dimCount:    2>
20260908 013302.336 INFO             PET2       OCN: InitializeIPDvXp04 extro {ES}:! ! --- Array::log() start -----------------------------------
20260908 013302.336 INFO             PET2       OCN: InitializeIPDvXp04 extro {ES}:! ! 0x2188870
20260908 013302.336 INFO             PET2       OCN: InitializeIPDvXp04 extro {ES}:! ! <name: sst>
20260908 013302.336 INFO             PET2       OCN: InitializeIPDvXp04 extro {ES}:! ! ! --- DistGrid::log() start --------------------------------
20260908 013302.336 INFO             PET2       OCN: InitializeIPDvXp04 extro {ES}:! ! ! 0x2183800
20260908 013302.336 INFO             PET2       OCN: InitializeIPDvXp04 extro {ES}:! ! ! DistGrid object is valid!<name: DG-Grid003-sloc:0>
20260908 013302.336 INFO             PET2       OCN: InitializeIPDvXp04 extro {ES}:! ! ! --- DistGrid::log() end ----------------------------------
20260908 013302.336 INFO             PET2       OCN: InitializeIPDvXp04 extro {ES}:! ! --- Array::log() end -------------------------------------
20260908 013302.336 INFO             PET2       OCN: InitializeIPDvXp04 extro {ES}:!--- FieldLog() end -------------------
20260908 013302.336 INFO             PET2       OCN: InitializeIPDvXp04 extro {ES}:--- StateLog() end -------------------
20260908 013302.336 INFO             PET2     OCN: InitializeIPDvXp04 extro.
20260908 013302.339 INFO             PET2     ATM-TO-OCN: InitializeIPDv05p4 intro.
20260908 013302.339 INFO             PET2       ATM-TO-OCN: InitializeIPDv05p4 intro {IS}:--- StateLog() start -----------------
20260908 013302.339 INFO             PET2       ATM-TO-OCN: InitializeIPDv05p4 intro {IS}:<name: ATM-ExportState> <intent: ESMF_STATEINTENT_EXPORT> <itemCount:    0>
20260908 013302.339 INFO             PET2       ATM-TO-OCN: InitializeIPDv05p4 intro {IS}:--- StateLog() end -------------------
20260908 013302.339 INFO             PET2       ATM-TO-OCN: InitializeIPDv05p4 intro {ES}:--- StateLog() start -----------------
20260908 013302.339 INFO             PET2       ATM-TO-OCN: InitializeIPDv05p4 intro {ES}:<name: OCN-ImportState> <intent: ESMF_STATEINTENT_IMPORT> <itemCount:    0>
20260908 013302.339 INFO             PET2       ATM-TO-OCN: InitializeIPDv05p4 intro {ES}:--- StateLog() end -------------------
20260908 013302.340 INFO             PET2       ATM-TO-OCN: InitializeIPDv05p4 extro {IS}:--- StateLog() start -----------------
20260908 013302.341 INFO             PET2       ATM-TO-OCN: InitializeIPDv05p4 extro {IS}:<name: ATM-ExportState> <intent: ESMF_STATEINTENT_EXPORT> <itemCount:    0>
20260908 013302.341 INFO             PET2       ATM-TO-OCN: InitializeIPDv05p4 extro {IS}:--- StateLog() end -------------------
20260908 013302.341 INFO             PET2       ATM-TO-OCN: InitializeIPDv05p4 extro {ES}:--- StateLog() start -----------------
20260908 013302.341 INFO             PET2       ATM-TO-OCN: InitializeIPDv05p4 extro {ES}:<name: OCN-ImportState> <intent: ESMF_STATEINTENT_IMPORT> <itemCount:    0>
20260908 013302.341 INFO             PET2       ATM-TO-OCN: InitializeIPDv05p4 extro {ES}:--- StateLog() end -------------------
20260908 013302.341 INFO             PET2     ATM-TO-OCN: InitializeIPDv05p4 extro.
20260908 013302.341 INFO             PET2     OCN-TO-ATM: InitializeIPDv05p4 intro.
20260908 013302.341 INFO             PET2       OCN-TO-ATM: InitializeIPDv05p4 intro {IS}:--- StateLog() start -----------------
20260908 013302.341 INFO             PET2       OCN-TO-ATM: InitializeIPDv05p4 intro {IS}:<name: OCN-ExportState> <intent: ESMF_STATEINTENT_EXPORT> <itemCount:    1>
20260908 013302.341 INFO             PET2       OCN-TO-ATM: InitializeIPDv05p4 intro {IS}:+-<item: 0001> <itemType: Field> <itemName: sst>
20260908 013302.341 INFO             PET2       OCN-TO-ATM: InitializeIPDv05p4 intro {IS}:!--- FieldLog() start -----------------
20260908 013302.341 INFO             PET2       OCN-TO-ATM: InitializeIPDv05p4 intro {IS}:! <name: sst> <fieldStatus: ESMF_FIELDSTATUS_COMPLETE>
20260908 013302.341 INFO             PET2       OCN-TO-ATM: InitializeIPDv05p4 intro {IS}:! 0x7ffd564ef790 => 0x2186470 => 0x21846c0
20260908 013302.342 INFO             PET2       OCN-TO-ATM: InitializeIPDv05p4 intro {IS}:! <typekind: Real*8> <rank:    2> <dimCount:    2>
20260908 013302.342 INFO             PET2       OCN-TO-ATM: InitializeIPDv05p4 intro {IS}:! ! --- Array::log() start -----------------------------------
20260908 013302.342 INFO             PET2       OCN-TO-ATM: InitializeIPDv05p4 intro {IS}:! ! 0x2188870
20260908 013302.342 INFO             PET2       OCN-TO-ATM: InitializeIPDv05p4 intro {IS}:! ! <name: sst>
20260908 013302.342 INFO             PET2       OCN-TO-ATM: InitializeIPDv05p4 intro {IS}:! ! ! --- DistGrid::log() start --------------------------------
20260908 013302.342 INFO             PET2       OCN-TO-ATM: InitializeIPDv05p4 intro {IS}:! ! ! 0x2183800
20260908 013302.342 INFO             PET2       OCN-TO-ATM: InitializeIPDv05p4 intro {IS}:! ! ! DistGrid object is valid!<name: DG-Grid003-sloc:0>
20260908 013302.342 INFO             PET2       OCN-TO-ATM: InitializeIPDv05p4 intro {IS}:! ! ! --- DistGrid::log() end ----------------------------------
20260908 013302.342 INFO             PET2       OCN-TO-ATM: InitializeIPDv05p4 intro {IS}:! ! --- Array::log() end -------------------------------------
20260908 013302.342 INFO             PET2       OCN-TO-ATM: InitializeIPDv05p4 intro {IS}:!--- FieldLog() end -------------------
20260908 013302.342 INFO             PET2       OCN-TO-ATM: InitializeIPDv05p4 intro {IS}:--- StateLog() end -------------------
20260908 013302.342 INFO             PET2       OCN-TO-ATM: InitializeIPDv05p4 intro {ES}:--- StateLog() start -----------------
20260908 013302.342 INFO             PET2       OCN-TO-ATM: InitializeIPDv05p4 intro {ES}:<name: ATM-ImportState> <intent: ESMF_STATEINTENT_IMPORT> <itemCount:    1>
20260908 013302.342 INFO             PET2       OCN-TO-ATM: InitializeIPDv05p4 intro {ES}:+-<item: 0001> <itemType: State> <itemName: ATM-ImportState-namespace:OCN>
20260908 013302.342 INFO             PET2       OCN-TO-ATM: InitializeIPDv05p4 intro {ES}:! <name: ATM-ImportState-namespace:OCN> <intent: ESMF_STATEINTENT_IMPORT> <itemCount:    1>
20260908 013302.342 INFO             PET2       OCN-TO-ATM: InitializeIPDv05p4 intro {ES}:! +-<item: 0001> <itemType: Field> <itemName: sea_surface_temperature>
20260908 013302.342 INFO             PET2       OCN-TO-ATM: InitializeIPDv05p4 intro {ES}:! !--- FieldLog() start -----------------
20260908 013302.342 INFO             PET2       OCN-TO-ATM: InitializeIPDv05p4 intro {ES}:! ! <name: sea_surface_temperature> <fieldStatus: ESMF_FIELDSTATUS_EMPTY>
20260908 013302.342 INFO             PET2       OCN-TO-ATM: InitializeIPDv05p4 intro {ES}:! ! 0x7ffd564edfa0 => 0x2178500 => 0x2180fb0
20260908 013302.342 INFO             PET2       OCN-TO-ATM: InitializeIPDv05p4 intro {ES}:! !--- FieldLog() end -------------------
20260908 013302.342 INFO             PET2       OCN-TO-ATM: InitializeIPDv05p4 intro {ES}:--- StateLog() end -------------------
20260908 013302.357 INFO             PET2       OCN-TO-ATM: handle cplList(1): sea_surface_temperature, cplSetList(1): __UNSPECIFIED__
20260908 013302.357 INFO             PET2       OCN-TO-ATM: - import ShareStatusGeomObject=not shared
20260908 013302.358 INFO             PET2       OCN-TO-ATM: - export ShareStatusGeomObject=not shared
20260908 013302.358 INFO             PET2       OCN-TO-ATM: -> NOT sharing GeomObject
20260908 013302.358 INFO             PET2       OCN-TO-ATM: - import ShareStatusField=not shared
20260908 013302.358 INFO             PET2       OCN-TO-ATM: - export ShareStatusField=not shared
20260908 013302.358 INFO             PET2       OCN-TO-ATM: -> NOT sharing Field.
20260908 013302.358 INFO             PET2       OCN-TO-ATM:  gridListMatch=  F for provider Grid: Grid003
20260908 013302.358 INFO             PET2       OCN-TO-ATM: - transferring underlying DistGrid (import -> export) for Grid: Grid003
20260908 013302.358 INFO             PET2       OCN-TO-ATM: - done creating acceptorDG from providerDG
20260908 013302.358 INFO             PET2       OCN-TO-ATM: - done transferring underlying DistGrid
20260908 013302.358 INFO             PET2       OCN-TO-ATM: InitializeIPDv05p4 extro {IS}:--- StateLog() start -----------------
20260908 013302.358 INFO             PET2       OCN-TO-ATM: InitializeIPDv05p4 extro {IS}:<name: OCN-ExportState> <intent: ESMF_STATEINTENT_EXPORT> <itemCount:    1>
20260908 013302.359 INFO             PET2       OCN-TO-ATM: InitializeIPDv05p4 extro {IS}:+-<item: 0001> <itemType: Field> <itemName: sst>
20260908 013302.359 INFO             PET2       OCN-TO-ATM: InitializeIPDv05p4 extro {IS}:!--- FieldLog() start -----------------
20260908 013302.359 INFO             PET2       OCN-TO-ATM: InitializeIPDv05p4 extro {IS}:! <name: sst> <fieldStatus: ESMF_FIELDSTATUS_COMPLETE>
20260908 013302.359 INFO             PET2       OCN-TO-ATM: InitializeIPDv05p4 extro {IS}:! 0x7ffd564ef960 => 0x2186470 => 0x21846c0
20260908 013302.359 INFO             PET2       OCN-TO-ATM: InitializeIPDv05p4 extro {IS}:! <typekind: Real*8> <rank:    2> <dimCount:    2>
20260908 013302.359 INFO             PET2       OCN-TO-ATM: InitializeIPDv05p4 extro {IS}:! ! --- Array::log() start -----------------------------------
20260908 013302.359 INFO             PET2       OCN-TO-ATM: InitializeIPDv05p4 extro {IS}:! ! 0x2188870
20260908 013302.359 INFO             PET2       OCN-TO-ATM: InitializeIPDv05p4 extro {IS}:! ! <name: sst>
20260908 013302.359 INFO             PET2       OCN-TO-ATM: InitializeIPDv05p4 extro {IS}:! ! ! --- DistGrid::log() start --------------------------------
20260908 013302.359 INFO             PET2       OCN-TO-ATM: InitializeIPDv05p4 extro {IS}:! ! ! 0x2183800
20260908 013302.359 INFO             PET2       OCN-TO-ATM: InitializeIPDv05p4 extro {IS}:! ! ! DistGrid object is valid!<name: DG-Grid003-sloc:0>
20260908 013302.359 INFO             PET2       OCN-TO-ATM: InitializeIPDv05p4 extro {IS}:! ! ! --- DistGrid::log() end ----------------------------------
20260908 013302.359 INFO             PET2       OCN-TO-ATM: InitializeIPDv05p4 extro {IS}:! ! --- Array::log() end -------------------------------------
20260908 013302.359 INFO             PET2       OCN-TO-ATM: InitializeIPDv05p4 extro {IS}:!--- FieldLog() end -------------------
20260908 013302.359 INFO             PET2       OCN-TO-ATM: InitializeIPDv05p4 extro {IS}:--- StateLog() end -------------------
20260908 013302.359 INFO             PET2       OCN-TO-ATM: InitializeIPDv05p4 extro {ES}:--- StateLog() start -----------------
20260908 013302.359 INFO             PET2       OCN-TO-ATM: InitializeIPDv05p4 extro {ES}:<name: ATM-ImportState> <intent: ESMF_STATEINTENT_IMPORT> <itemCount:    1>
20260908 013302.359 INFO             PET2       OCN-TO-ATM: InitializeIPDv05p4 extro {ES}:+-<item: 0001> <itemType: State> <itemName: ATM-ImportState-namespace:OCN>
20260908 013302.359 INFO             PET2       OCN-TO-ATM: InitializeIPDv05p4 extro {ES}:! <name: ATM-ImportState-namespace:OCN> <intent: ESMF_STATEINTENT_IMPORT> <itemCount:    1>
20260908 013302.359 INFO             PET2       OCN-TO-ATM: InitializeIPDv05p4 extro {ES}:! +-<item: 0001> <itemType: Field> <itemName: sea_surface_temperature>
20260908 013302.359 INFO             PET2       OCN-TO-ATM: InitializeIPDv05p4 extro {ES}:! !--- FieldLog() start -----------------
20260908 013302.359 INFO             PET2       OCN-TO-ATM: InitializeIPDv05p4 extro {ES}:! ! <name: sea_surface_temperature> <fieldStatus: ESMF_FIELDSTATUS_EMPTY>
20260908 013302.359 INFO             PET2       OCN-TO-ATM: InitializeIPDv05p4 extro {ES}:! ! 0x7ffd564ee170 => 0x218a210 => 0x218b420
20260908 013302.359 INFO             PET2       OCN-TO-ATM: InitializeIPDv05p4 extro {ES}:! !--- FieldLog() end -------------------
20260908 013302.359 INFO             PET2       OCN-TO-ATM: InitializeIPDv05p4 extro {ES}:--- StateLog() end -------------------
20260908 013302.359 INFO             PET2     OCN-TO-ATM: InitializeIPDv05p4 extro.
20260908 013302.360 INFO             PET2     ATM-TO-OCN: InitializeIPDv05p5 intro.
20260908 013302.360 INFO             PET2       ATM-TO-OCN: InitializeIPDv05p5 intro {IS}:--- StateLog() start -----------------
20260908 013302.360 INFO             PET2       ATM-TO-OCN: InitializeIPDv05p5 intro {IS}:<name: ATM-ExportState> <intent: ESMF_STATEINTENT_EXPORT> <itemCount:    0>
20260908 013302.360 INFO             PET2       ATM-TO-OCN: InitializeIPDv05p5 intro {IS}:--- StateLog() end -------------------
20260908 013302.360 INFO             PET2       ATM-TO-OCN: InitializeIPDv05p5 intro {ES}:--- StateLog() start -----------------
20260908 013302.360 INFO             PET2       ATM-TO-OCN: InitializeIPDv05p5 intro {ES}:<name: OCN-ImportState> <intent: ESMF_STATEINTENT_IMPORT> <itemCount:    0>
20260908 013302.360 INFO             PET2       ATM-TO-OCN: InitializeIPDv05p5 intro {ES}:--- StateLog() end -------------------
20260908 013302.361 INFO             PET2       ATM-TO-OCN: InitializeIPDv05p5 extro {IS}:--- StateLog() start -----------------
20260908 013302.361 INFO             PET2       ATM-TO-OCN: InitializeIPDv05p5 extro {IS}:<name: ATM-ExportState> <intent: ESMF_STATEINTENT_EXPORT> <itemCount:    0>
20260908 013302.361 INFO             PET2       ATM-TO-OCN: InitializeIPDv05p5 extro {IS}:--- StateLog() end -------------------
20260908 013302.361 INFO             PET2       ATM-TO-OCN: InitializeIPDv05p5 extro {ES}:--- StateLog() start -----------------
20260908 013302.361 INFO             PET2       ATM-TO-OCN: InitializeIPDv05p5 extro {ES}:<name: OCN-ImportState> <intent: ESMF_STATEINTENT_IMPORT> <itemCount:    0>
20260908 013302.361 INFO             PET2       ATM-TO-OCN: InitializeIPDv05p5 extro {ES}:--- StateLog() end -------------------
20260908 013302.361 INFO             PET2     ATM-TO-OCN: InitializeIPDv05p5 extro.
20260908 013302.362 INFO             PET2     OCN-TO-ATM: InitializeIPDv05p5 intro.
20260908 013302.362 INFO             PET2       OCN-TO-ATM: InitializeIPDv05p5 intro {IS}:--- StateLog() start -----------------
20260908 013302.362 INFO             PET2       OCN-TO-ATM: InitializeIPDv05p5 intro {IS}:<name: OCN-ExportState> <intent: ESMF_STATEINTENT_EXPORT> <itemCount:    1>
20260908 013302.362 INFO             PET2       OCN-TO-ATM: InitializeIPDv05p5 intro {IS}:+-<item: 0001> <itemType: Field> <itemName: sst>
20260908 013302.362 INFO             PET2       OCN-TO-ATM: InitializeIPDv05p5 intro {IS}:!--- FieldLog() start -----------------
20260908 013302.362 INFO             PET2       OCN-TO-ATM: InitializeIPDv05p5 intro {IS}:! <name: sst> <fieldStatus: ESMF_FIELDSTATUS_COMPLETE>
20260908 013302.362 INFO             PET2       OCN-TO-ATM: InitializeIPDv05p5 intro {IS}:! 0x7ffd564f76a0 => 0x2186470 => 0x21846c0
20260908 013302.362 INFO             PET2       OCN-TO-ATM: InitializeIPDv05p5 intro {IS}:! <typekind: Real*8> <rank:    2> <dimCount:    2>
20260908 013302.362 INFO             PET2       OCN-TO-ATM: InitializeIPDv05p5 intro {IS}:! ! --- Array::log() start -----------------------------------
20260908 013302.362 INFO             PET2       OCN-TO-ATM: InitializeIPDv05p5 intro {IS}:! ! 0x2188870
20260908 013302.362 INFO             PET2       OCN-TO-ATM: InitializeIPDv05p5 intro {IS}:! ! <name: sst>
20260908 013302.362 INFO             PET2       OCN-TO-ATM: InitializeIPDv05p5 intro {IS}:! ! ! --- DistGrid::log() start --------------------------------
20260908 013302.362 INFO             PET2       OCN-TO-ATM: InitializeIPDv05p5 intro {IS}:! ! ! 0x2183800
20260908 013302.362 INFO             PET2       OCN-TO-ATM: InitializeIPDv05p5 intro {IS}:! ! ! DistGrid object is valid!<name: DG-Grid003-sloc:0>
20260908 013302.362 INFO             PET2       OCN-TO-ATM: InitializeIPDv05p5 intro {IS}:! ! ! --- DistGrid::log() end ----------------------------------
20260908 013302.362 INFO             PET2       OCN-TO-ATM: InitializeIPDv05p5 intro {IS}:! ! --- Array::log() end -------------------------------------
20260908 013302.362 INFO             PET2       OCN-TO-ATM: InitializeIPDv05p5 intro {IS}:!--- FieldLog() end -------------------
20260908 013302.362 INFO             PET2       OCN-TO-ATM: InitializeIPDv05p5 intro {IS}:--- StateLog() end -------------------
20260908 013302.362 INFO             PET2       OCN-TO-ATM: InitializeIPDv05p5 intro {ES}:--- StateLog() start -----------------
20260908 013302.362 INFO             PET2       OCN-TO-ATM: InitializeIPDv05p5 intro {ES}:<name: ATM-ImportState> <intent: ESMF_STATEINTENT_IMPORT> <itemCount:    1>
20260908 013302.362 INFO             PET2       OCN-TO-ATM: InitializeIPDv05p5 intro {ES}:+-<item: 0001> <itemType: State> <itemName: ATM-ImportState-namespace:OCN>
20260908 013302.362 INFO             PET2       OCN-TO-ATM: InitializeIPDv05p5 intro {ES}:! <name: ATM-ImportState-namespace:OCN> <intent: ESMF_STATEINTENT_IMPORT> <itemCount:    1>
20260908 013302.362 INFO             PET2       OCN-TO-ATM: InitializeIPDv05p5 intro {ES}:! +-<item: 0001> <itemType: Field> <itemName: sea_surface_temperature>
20260908 013302.362 INFO             PET2       OCN-TO-ATM: InitializeIPDv05p5 intro {ES}:! !--- FieldLog() start -----------------
20260908 013302.362 INFO             PET2       OCN-TO-ATM: InitializeIPDv05p5 intro {ES}:! ! <name: sea_surface_temperature> <fieldStatus: ESMF_FIELDSTATUS_EMPTY>
20260908 013302.362 INFO             PET2       OCN-TO-ATM: InitializeIPDv05p5 intro {ES}:! ! 0x7ffd564f5eb0 => 0x218a210 => 0x218b420
20260908 013302.362 INFO             PET2       OCN-TO-ATM: InitializeIPDv05p5 intro {ES}:! !--- FieldLog() end -------------------
20260908 013302.362 INFO             PET2       OCN-TO-ATM: InitializeIPDv05p5 intro {ES}:--- StateLog() end -------------------
20260908 013302.380 INFO             PET2       OCN-TO-ATM: handle cplList(1): sea_surface_temperature, cplSetList(1): __UNSPECIFIED__
20260908 013302.380 INFO             PET2       OCN-TO-ATM: - import ShareStatusGeomObject=not shared
20260908 013302.380 INFO             PET2       OCN-TO-ATM: - export ShareStatusGeomObject=not shared
20260908 013302.380 INFO             PET2       OCN-TO-ATM: -> NOT sharing GeomObject
20260908 013302.380 INFO             PET2       OCN-TO-ATM: - import ShareStatusField=not shared
20260908 013302.380 INFO             PET2       OCN-TO-ATM: - export ShareStatusField=not shared
20260908 013302.380 INFO             PET2       OCN-TO-ATM: -> NOT sharing Field
20260908 013302.380 INFO             PET2       OCN-TO-ATM:  gridListMatch=  F for acceptor Grid: Grid003
20260908 013302.380 INFO             PET2       OCN-TO-ATM: - transferring the full geomobject with coordinates (import -> export) for Grid: Grid003
20260908 013302.429 INFO             PET2       OCN-TO-ATM: - done transferring the full Grid with coordinates
20260908 013302.429 INFO             PET2       OCN-TO-ATM: InitializeIPDv05p5 extro {IS}:--- StateLog() start -----------------
20260908 013302.429 INFO             PET2       OCN-TO-ATM: InitializeIPDv05p5 extro {IS}:<name: OCN-ExportState> <intent: ESMF_STATEINTENT_EXPORT> <itemCount:    1>
20260908 013302.429 INFO             PET2       OCN-TO-ATM: InitializeIPDv05p5 extro {IS}:+-<item: 0001> <itemType: Field> <itemName: sst>
20260908 013302.429 INFO             PET2       OCN-TO-ATM: InitializeIPDv05p5 extro {IS}:!--- FieldLog() start -----------------
20260908 013302.429 INFO             PET2       OCN-TO-ATM: InitializeIPDv05p5 extro {IS}:! <name: sst> <fieldStatus: ESMF_FIELDSTATUS_COMPLETE>
20260908 013302.429 INFO             PET2       OCN-TO-ATM: InitializeIPDv05p5 extro {IS}:! 0x7ffd564f7870 => 0x2186470 => 0x21846c0
20260908 013302.429 INFO             PET2       OCN-TO-ATM: InitializeIPDv05p5 extro {IS}:! <typekind: Real*8> <rank:    2> <dimCount:    2>
20260908 013302.429 INFO             PET2       OCN-TO-ATM: InitializeIPDv05p5 extro {IS}:! ! --- Array::log() start -----------------------------------
20260908 013302.429 INFO             PET2       OCN-TO-ATM: InitializeIPDv05p5 extro {IS}:! ! 0x2188870
20260908 013302.429 INFO             PET2       OCN-TO-ATM: InitializeIPDv05p5 extro {IS}:! ! <name: sst>
20260908 013302.429 INFO             PET2       OCN-TO-ATM: InitializeIPDv05p5 extro {IS}:! ! ! --- DistGrid::log() start --------------------------------
20260908 013302.429 INFO             PET2       OCN-TO-ATM: InitializeIPDv05p5 extro {IS}:! ! ! 0x2183800
20260908 013302.429 INFO             PET2       OCN-TO-ATM: InitializeIPDv05p5 extro {IS}:! ! ! DistGrid object is valid!<name: DG-Grid003-sloc:0>
20260908 013302.429 INFO             PET2       OCN-TO-ATM: InitializeIPDv05p5 extro {IS}:! ! ! --- DistGrid::log() end ----------------------------------
20260908 013302.429 INFO             PET2       OCN-TO-ATM: InitializeIPDv05p5 extro {IS}:! ! --- Array::log() end -------------------------------------
20260908 013302.429 INFO             PET2       OCN-TO-ATM: InitializeIPDv05p5 extro {IS}:!--- FieldLog() end -------------------
20260908 013302.429 INFO             PET2       OCN-TO-ATM: InitializeIPDv05p5 extro {IS}:--- StateLog() end -------------------
20260908 013302.429 INFO             PET2       OCN-TO-ATM: InitializeIPDv05p5 extro {ES}:--- StateLog() start -----------------
20260908 013302.429 INFO             PET2       OCN-TO-ATM: InitializeIPDv05p5 extro {ES}:<name: ATM-ImportState> <intent: ESMF_STATEINTENT_IMPORT> <itemCount:    1>
20260908 013302.429 INFO             PET2       OCN-TO-ATM: InitializeIPDv05p5 extro {ES}:+-<item: 0001> <itemType: State> <itemName: ATM-ImportState-namespace:OCN>
20260908 013302.429 INFO             PET2       OCN-TO-ATM: InitializeIPDv05p5 extro {ES}:! <name: ATM-ImportState-namespace:OCN> <intent: ESMF_STATEINTENT_IMPORT> <itemCount:    1>
20260908 013302.430 INFO             PET2       OCN-TO-ATM: InitializeIPDv05p5 extro {ES}:! +-<item: 0001> <itemType: Field> <itemName: sea_surface_temperature>
20260908 013302.430 INFO             PET2       OCN-TO-ATM: InitializeIPDv05p5 extro {ES}:! !--- FieldLog() start -----------------
20260908 013302.430 INFO             PET2       OCN-TO-ATM: InitializeIPDv05p5 extro {ES}:! ! <name: sea_surface_temperature> <fieldStatus: ESMF_FIELDSTATUS_GEOMSET>
20260908 013302.430 INFO             PET2       OCN-TO-ATM: InitializeIPDv05p5 extro {ES}:! ! 0x7ffd564f6080 => 0x218e470 => 0x21da850
20260908 013302.430 INFO             PET2       OCN-TO-ATM: InitializeIPDv05p5 extro {ES}:! !--- FieldLog() end -------------------
20260908 013302.430 INFO             PET2       OCN-TO-ATM: InitializeIPDv05p5 extro {ES}:--- StateLog() end -------------------
20260908 013302.430 INFO             PET2     OCN-TO-ATM: InitializeIPDv05p5 extro.
20260908 013302.430 INFO             PET2     esm: IInitRealize intro.
20260908 013302.430 INFO             PET2       esm: IInitRealize intro {IS}:--- StateLog() start -----------------
20260908 013302.430 INFO             PET2       esm: IInitRealize intro {IS}:State object is invalid! Not created or deleted!
20260908 013302.430 INFO             PET2       esm: IInitRealize intro {IS}:--- StateLog() end -------------------
20260908 013302.430 INFO             PET2       esm: IInitRealize intro {ES}:--- StateLog() start -----------------
20260908 013302.430 INFO             PET2       esm: IInitRealize intro {ES}:State object is invalid! Not created or deleted!
20260908 013302.430 INFO             PET2       esm: IInitRealize intro {ES}:--- StateLog() end -------------------
20260908 013302.431 INFO             PET2       >>>esm: entered Initialize (phase=<none>) with current time: 2010  6  1  0  0  0   0
20260908 013302.431 INFO             PET2       <<<esm: leaving Initialize (phase=<none>) with current time: 2010  6  1  0  0  0   0
20260908 013302.431 INFO             PET2       esm: IInitRealize extro {IS}:--- StateLog() start -----------------
20260908 013302.431 INFO             PET2       esm: IInitRealize extro {IS}:State object is invalid! Not created or deleted!
20260908 013302.431 INFO             PET2       esm: IInitRealize extro {IS}:--- StateLog() end -------------------
20260908 013302.431 INFO             PET2       esm: IInitRealize extro {ES}:--- StateLog() start -----------------
20260908 013302.431 INFO             PET2       esm: IInitRealize extro {ES}:State object is invalid! Not created or deleted!
20260908 013302.431 INFO             PET2       esm: IInitRealize extro {ES}:--- StateLog() end -------------------
20260908 013302.431 INFO             PET2     esm: IInitRealize extro.
20260908 013302.438 INFO             PET2     ATM-TO-OCN: InitializeIPDv05p6a intro.
20260908 013302.438 INFO             PET2       ATM-TO-OCN: InitializeIPDv05p6a intro {IS}:--- StateLog() start -----------------
20260908 013302.438 INFO             PET2       ATM-TO-OCN: InitializeIPDv05p6a intro {IS}:<name: ATM-ExportState> <intent: ESMF_STATEINTENT_EXPORT> <itemCount:    0>
20260908 013302.438 INFO             PET2       ATM-TO-OCN: InitializeIPDv05p6a intro {IS}:--- StateLog() end -------------------
20260908 013302.438 INFO             PET2       ATM-TO-OCN: InitializeIPDv05p6a intro {ES}:--- StateLog() start -----------------
20260908 013302.438 INFO             PET2       ATM-TO-OCN: InitializeIPDv05p6a intro {ES}:<name: OCN-ImportState> <intent: ESMF_STATEINTENT_IMPORT> <itemCount:    0>
20260908 013302.438 INFO             PET2       ATM-TO-OCN: InitializeIPDv05p6a intro {ES}:--- StateLog() end -------------------
20260908 013302.438 INFO             PET2       ATM-TO-OCN: InitializeIPDv05p6a extro {IS}:--- StateLog() start -----------------
20260908 013302.438 INFO             PET2       ATM-TO-OCN: InitializeIPDv05p6a extro {IS}:<name: ATM-ExportState> <intent: ESMF_STATEINTENT_EXPORT> <itemCount:    0>
20260908 013302.438 INFO             PET2       ATM-TO-OCN: InitializeIPDv05p6a extro {IS}:--- StateLog() end -------------------
20260908 013302.438 INFO             PET2       ATM-TO-OCN: InitializeIPDv05p6a extro {ES}:--- StateLog() start -----------------
20260908 013302.438 INFO             PET2       ATM-TO-OCN: InitializeIPDv05p6a extro {ES}:<name: OCN-ImportState> <intent: ESMF_STATEINTENT_IMPORT> <itemCount:    0>
20260908 013302.438 INFO             PET2       ATM-TO-OCN: InitializeIPDv05p6a extro {ES}:--- StateLog() end -------------------
20260908 013302.438 INFO             PET2     ATM-TO-OCN: InitializeIPDv05p6a extro.
20260908 013302.439 INFO             PET2     OCN-TO-ATM: InitializeIPDv05p6a intro.
20260908 013302.439 INFO             PET2       OCN-TO-ATM: InitializeIPDv05p6a intro {IS}:--- StateLog() start -----------------
20260908 013302.439 INFO             PET2       OCN-TO-ATM: InitializeIPDv05p6a intro {IS}:<name: OCN-ExportState> <intent: ESMF_STATEINTENT_EXPORT> <itemCount:    1>
20260908 013302.439 INFO             PET2       OCN-TO-ATM: InitializeIPDv05p6a intro {IS}:+-<item: 0001> <itemType: Field> <itemName: sst>
20260908 013302.439 INFO             PET2       OCN-TO-ATM: InitializeIPDv05p6a intro {IS}:!--- FieldLog() start -----------------
20260908 013302.439 INFO             PET2       OCN-TO-ATM: InitializeIPDv05p6a intro {IS}:! <name: sst> <fieldStatus: ESMF_FIELDSTATUS_COMPLETE>
20260908 013302.439 INFO             PET2       OCN-TO-ATM: InitializeIPDv05p6a intro {IS}:! 0x7ffd5650a210 => 0x2186470 => 0x21846c0
20260908 013302.439 INFO             PET2       OCN-TO-ATM: InitializeIPDv05p6a intro {IS}:! <typekind: Real*8> <rank:    2> <dimCount:    2>
20260908 013302.439 INFO             PET2       OCN-TO-ATM: InitializeIPDv05p6a intro {IS}:! ! --- Array::log() start -----------------------------------
20260908 013302.439 INFO             PET2       OCN-TO-ATM: InitializeIPDv05p6a intro {IS}:! ! 0x2188870
20260908 013302.439 INFO             PET2       OCN-TO-ATM: InitializeIPDv05p6a intro {IS}:! ! <name: sst>
20260908 013302.439 INFO             PET2       OCN-TO-ATM: InitializeIPDv05p6a intro {IS}:! ! ! --- DistGrid::log() start --------------------------------
20260908 013302.439 INFO             PET2       OCN-TO-ATM: InitializeIPDv05p6a intro {IS}:! ! ! 0x2183800
20260908 013302.439 INFO             PET2       OCN-TO-ATM: InitializeIPDv05p6a intro {IS}:! ! ! DistGrid object is valid!<name: DG-Grid003-sloc:0>
20260908 013302.439 INFO             PET2       OCN-TO-ATM: InitializeIPDv05p6a intro {IS}:! ! ! --- DistGrid::log() end ----------------------------------
20260908 013302.439 INFO             PET2       OCN-TO-ATM: InitializeIPDv05p6a intro {IS}:! ! --- Array::log() end -------------------------------------
20260908 013302.439 INFO             PET2       OCN-TO-ATM: InitializeIPDv05p6a intro {IS}:!--- FieldLog() end -------------------
20260908 013302.439 INFO             PET2       OCN-TO-ATM: InitializeIPDv05p6a intro {IS}:--- StateLog() end -------------------
20260908 013302.439 INFO             PET2       OCN-TO-ATM: InitializeIPDv05p6a intro {ES}:--- StateLog() start -----------------
20260908 013302.439 INFO             PET2       OCN-TO-ATM: InitializeIPDv05p6a intro {ES}:<name: ATM-ImportState> <intent: ESMF_STATEINTENT_IMPORT> <itemCount:    1>
20260908 013302.439 INFO             PET2       OCN-TO-ATM: InitializeIPDv05p6a intro {ES}:+-<item: 0001> <itemType: State> <itemName: ATM-ImportState-namespace:OCN>
20260908 013302.439 INFO             PET2       OCN-TO-ATM: InitializeIPDv05p6a intro {ES}:! <name: ATM-ImportState-namespace:OCN> <intent: ESMF_STATEINTENT_IMPORT> <itemCount:    1>
20260908 013302.439 INFO             PET2       OCN-TO-ATM: InitializeIPDv05p6a intro {ES}:! +-<item: 0001> <itemType: Field> <itemName: sea_surface_temperature>
20260908 013302.440 INFO             PET2       OCN-TO-ATM: InitializeIPDv05p6a intro {ES}:! !--- FieldLog() start -----------------
20260908 013302.440 INFO             PET2       OCN-TO-ATM: InitializeIPDv05p6a intro {ES}:! ! <name: sea_surface_temperature> <fieldStatus: ESMF_FIELDSTATUS_GEOMSET>
20260908 013302.440 INFO             PET2       OCN-TO-ATM: InitializeIPDv05p6a intro {ES}:! ! 0x7ffd56508a20 => 0x218e470 => 0x21da850
20260908 013302.440 INFO             PET2       OCN-TO-ATM: InitializeIPDv05p6a intro {ES}:! !--- FieldLog() end -------------------
20260908 013302.440 INFO             PET2       OCN-TO-ATM: InitializeIPDv05p6a intro {ES}:--- StateLog() end -------------------
20260908 013302.458 INFO             PET2       OCN-TO-ATM: InitializeIPDv05p6a extro {IS}:--- StateLog() start -----------------
20260908 013302.458 INFO             PET2       OCN-TO-ATM: InitializeIPDv05p6a extro {IS}:<name: OCN-ExportState> <intent: ESMF_STATEINTENT_EXPORT> <itemCount:    1>
20260908 013302.458 INFO             PET2       OCN-TO-ATM: InitializeIPDv05p6a extro {IS}:+-<item: 0001> <itemType: Field> <itemName: sst>
20260908 013302.458 INFO             PET2       OCN-TO-ATM: InitializeIPDv05p6a extro {IS}:!--- FieldLog() start -----------------
20260908 013302.458 INFO             PET2       OCN-TO-ATM: InitializeIPDv05p6a extro {IS}:! <name: sst> <fieldStatus: ESMF_FIELDSTATUS_COMPLETE>
20260908 013302.458 INFO             PET2       OCN-TO-ATM: InitializeIPDv05p6a extro {IS}:! 0x7ffd5650a3e0 => 0x2186470 => 0x21846c0
20260908 013302.458 INFO             PET2       OCN-TO-ATM: InitializeIPDv05p6a extro {IS}:! <typekind: Real*8> <rank:    2> <dimCount:    2>
20260908 013302.458 INFO             PET2       OCN-TO-ATM: InitializeIPDv05p6a extro {IS}:! ! --- Array::log() start -----------------------------------
20260908 013302.458 INFO             PET2       OCN-TO-ATM: InitializeIPDv05p6a extro {IS}:! ! 0x2188870
20260908 013302.458 INFO             PET2       OCN-TO-ATM: InitializeIPDv05p6a extro {IS}:! ! <name: sst>
20260908 013302.458 INFO             PET2       OCN-TO-ATM: InitializeIPDv05p6a extro {IS}:! ! ! --- DistGrid::log() start --------------------------------
20260908 013302.458 INFO             PET2       OCN-TO-ATM: InitializeIPDv05p6a extro {IS}:! ! ! 0x2183800
20260908 013302.458 INFO             PET2       OCN-TO-ATM: InitializeIPDv05p6a extro {IS}:! ! ! DistGrid object is valid!<name: DG-Grid003-sloc:0>
20260908 013302.458 INFO             PET2       OCN-TO-ATM: InitializeIPDv05p6a extro {IS}:! ! ! --- DistGrid::log() end ----------------------------------
20260908 013302.458 INFO             PET2       OCN-TO-ATM: InitializeIPDv05p6a extro {IS}:! ! --- Array::log() end -------------------------------------
20260908 013302.458 INFO             PET2       OCN-TO-ATM: InitializeIPDv05p6a extro {IS}:!--- FieldLog() end -------------------
20260908 013302.458 INFO             PET2       OCN-TO-ATM: InitializeIPDv05p6a extro {IS}:--- StateLog() end -------------------
20260908 013302.458 INFO             PET2       OCN-TO-ATM: InitializeIPDv05p6a extro {ES}:--- StateLog() start -----------------
20260908 013302.458 INFO             PET2       OCN-TO-ATM: InitializeIPDv05p6a extro {ES}:<name: ATM-ImportState> <intent: ESMF_STATEINTENT_IMPORT> <itemCount:    1>
20260908 013302.458 INFO             PET2       OCN-TO-ATM: InitializeIPDv05p6a extro {ES}:+-<item: 0001> <itemType: State> <itemName: ATM-ImportState-namespace:OCN>
20260908 013302.458 INFO             PET2       OCN-TO-ATM: InitializeIPDv05p6a extro {ES}:! <name: ATM-ImportState-namespace:OCN> <intent: ESMF_STATEINTENT_IMPORT> <itemCount:    1>
20260908 013302.458 INFO             PET2       OCN-TO-ATM: InitializeIPDv05p6a extro {ES}:! +-<item: 0001> <itemType: Field> <itemName: sea_surface_temperature>
20260908 013302.458 INFO             PET2       OCN-TO-ATM: InitializeIPDv05p6a extro {ES}:! !--- FieldLog() start -----------------
20260908 013302.458 INFO             PET2       OCN-TO-ATM: InitializeIPDv05p6a extro {ES}:! ! <name: sea_surface_temperature> <fieldStatus: ESMF_FIELDSTATUS_COMPLETE>
20260908 013302.459 INFO             PET2       OCN-TO-ATM: InitializeIPDv05p6a extro {ES}:! ! 0x7ffd56508bf0 => 0x21dc6b0 => 0x21df150
20260908 013302.459 INFO             PET2       OCN-TO-ATM: InitializeIPDv05p6a extro {ES}:! ! <typekind: Real*8> <rank:    2> <dimCount:    2>
20260908 013302.459 INFO             PET2       OCN-TO-ATM: InitializeIPDv05p6a extro {ES}:! ! ! --- Array::log() start -----------------------------------
20260908 013302.459 INFO             PET2       OCN-TO-ATM: InitializeIPDv05p6a extro {ES}:! ! ! 0x21e00b0
20260908 013302.459 INFO             PET2       OCN-TO-ATM: InitializeIPDv05p6a extro {ES}:! ! ! <name: sea_surface_temperature>
20260908 013302.459 INFO             PET2       OCN-TO-ATM: InitializeIPDv05p6a extro {ES}:! ! ! ! --- DistGrid::log() start --------------------------------
20260908 013302.459 INFO             PET2       OCN-TO-ATM: InitializeIPDv05p6a extro {ES}:! ! ! ! 0x21e0a10
20260908 013302.459 INFO             PET2       OCN-TO-ATM: InitializeIPDv05p6a extro {ES}:! ! ! ! DistGrid object is valid!<name: DG-Grid003-sloc:0>
20260908 013302.459 INFO             PET2       OCN-TO-ATM: InitializeIPDv05p6a extro {ES}:! ! ! ! --- DistGrid::log() end ----------------------------------
20260908 013302.459 INFO             PET2       OCN-TO-ATM: InitializeIPDv05p6a extro {ES}:! ! ! --- Array::log() end -------------------------------------
20260908 013302.459 INFO             PET2       OCN-TO-ATM: InitializeIPDv05p6a extro {ES}:! !--- FieldLog() end -------------------
20260908 013302.459 INFO             PET2       OCN-TO-ATM: InitializeIPDv05p6a extro {ES}:--- StateLog() end -------------------
20260908 013302.459 INFO             PET2     OCN-TO-ATM: InitializeIPDv05p6a extro.
20260908 013302.460 INFO             PET2     ATM-TO-OCN: InitializeIPDv05p6b intro.
20260908 013302.460 INFO             PET2       ATM-TO-OCN: InitializeIPDv05p6b intro {IS}:--- StateLog() start -----------------
20260908 013302.460 INFO             PET2       ATM-TO-OCN: InitializeIPDv05p6b intro {IS}:<name: ATM-ExportState> <intent: ESMF_STATEINTENT_EXPORT> <itemCount:    0>
20260908 013302.460 INFO             PET2       ATM-TO-OCN: InitializeIPDv05p6b intro {IS}:--- StateLog() end -------------------
20260908 013302.460 INFO             PET2       ATM-TO-OCN: InitializeIPDv05p6b intro {ES}:--- StateLog() start -----------------
20260908 013302.460 INFO             PET2       ATM-TO-OCN: InitializeIPDv05p6b intro {ES}:<name: OCN-ImportState> <intent: ESMF_STATEINTENT_IMPORT> <itemCount:    0>
20260908 013302.460 INFO             PET2       ATM-TO-OCN: InitializeIPDv05p6b intro {ES}:--- StateLog() end -------------------
20260908 013302.460 INFO             PET2       ATM-TO-OCN: called default label_ComputeRouteHandle
20260908 013302.460 INFO             PET2        DetermineSrcDstOverlap: srcDstOverlap=  F
20260908 013302.460 INFO             PET2        BuildUpdatePackets: final UpdatePacket count=            0
20260908 013302.460 INFO             PET2       ATM-TO-OCN: CplSet List:
20260908 013302.460 INFO             PET2       ATM-TO-OCN: InitializeIPDv05p6b extro {IS}:--- StateLog() start -----------------
20260908 013302.460 INFO             PET2       ATM-TO-OCN: InitializeIPDv05p6b extro {IS}:<name: ATM-ExportState> <intent: ESMF_STATEINTENT_EXPORT> <itemCount:    0>
20260908 013302.461 INFO             PET2       ATM-TO-OCN: InitializeIPDv05p6b extro {IS}:--- StateLog() end -------------------
20260908 013302.461 INFO             PET2       ATM-TO-OCN: InitializeIPDv05p6b extro {ES}:--- StateLog() start -----------------
20260908 013302.461 INFO             PET2       ATM-TO-OCN: InitializeIPDv05p6b extro {ES}:<name: OCN-ImportState> <intent: ESMF_STATEINTENT_IMPORT> <itemCount:    0>
20260908 013302.461 INFO             PET2       ATM-TO-OCN: InitializeIPDv05p6b extro {ES}:--- StateLog() end -------------------
20260908 013302.461 INFO             PET2     ATM-TO-OCN: InitializeIPDv05p6b extro.
20260908 013302.461 INFO             PET2     OCN-TO-ATM: InitializeIPDv05p6b intro.
20260908 013302.461 INFO             PET2       OCN-TO-ATM: InitializeIPDv05p6b intro {IS}:--- StateLog() start -----------------
20260908 013302.461 INFO             PET2       OCN-TO-ATM: InitializeIPDv05p6b intro {IS}:<name: OCN-ExportState> <intent: ESMF_STATEINTENT_EXPORT> <itemCount:    1>
20260908 013302.461 INFO             PET2       OCN-TO-ATM: InitializeIPDv05p6b intro {IS}:+-<item: 0001> <itemType: Field> <itemName: sst>
20260908 013302.461 INFO             PET2       OCN-TO-ATM: InitializeIPDv05p6b intro {IS}:!--- FieldLog() start -----------------
20260908 013302.461 INFO             PET2       OCN-TO-ATM: InitializeIPDv05p6b intro {IS}:! <name: sst> <fieldStatus: ESMF_FIELDSTATUS_COMPLETE>
20260908 013302.461 INFO             PET2       OCN-TO-ATM: InitializeIPDv05p6b intro {IS}:! 0x7ffd56500740 => 0x2186470 => 0x21846c0
20260908 013302.461 INFO             PET2       OCN-TO-ATM: InitializeIPDv05p6b intro {IS}:! <typekind: Real*8> <rank:    2> <dimCount:    2>
20260908 013302.461 INFO             PET2       OCN-TO-ATM: InitializeIPDv05p6b intro {IS}:! ! --- Array::log() start -----------------------------------
20260908 013302.461 INFO             PET2       OCN-TO-ATM: InitializeIPDv05p6b intro {IS}:! ! 0x2188870
20260908 013302.462 INFO             PET2       OCN-TO-ATM: InitializeIPDv05p6b intro {IS}:! ! <name: sst>
20260908 013302.462 INFO             PET2       OCN-TO-ATM: InitializeIPDv05p6b intro {IS}:! ! ! --- DistGrid::log() start --------------------------------
20260908 013302.462 INFO             PET2       OCN-TO-ATM: InitializeIPDv05p6b intro {IS}:! ! ! 0x2183800
20260908 013302.462 INFO             PET2       OCN-TO-ATM: InitializeIPDv05p6b intro {IS}:! ! ! DistGrid object is valid!<name: DG-Grid003-sloc:0>
20260908 013302.462 INFO             PET2       OCN-TO-ATM: InitializeIPDv05p6b intro {IS}:! ! ! --- DistGrid::log() end ----------------------------------
20260908 013302.462 INFO             PET2       OCN-TO-ATM: InitializeIPDv05p6b intro {IS}:! ! --- Array::log() end -------------------------------------
20260908 013302.462 INFO             PET2       OCN-TO-ATM: InitializeIPDv05p6b intro {IS}:!--- FieldLog() end -------------------
20260908 013302.462 INFO             PET2       OCN-TO-ATM: InitializeIPDv05p6b intro {IS}:--- StateLog() end -------------------
20260908 013302.462 INFO             PET2       OCN-TO-ATM: InitializeIPDv05p6b intro {ES}:--- StateLog() start -----------------
20260908 013302.462 INFO             PET2       OCN-TO-ATM: InitializeIPDv05p6b intro {ES}:<name: ATM-ImportState> <intent: ESMF_STATEINTENT_IMPORT> <itemCount:    1>
20260908 013302.462 INFO             PET2       OCN-TO-ATM: InitializeIPDv05p6b intro {ES}:+-<item: 0001> <itemType: State> <itemName: ATM-ImportState-namespace:OCN>
20260908 013302.462 INFO             PET2       OCN-TO-ATM: InitializeIPDv05p6b intro {ES}:! <name: ATM-ImportState-namespace:OCN> <intent: ESMF_STATEINTENT_IMPORT> <itemCount:    1>
20260908 013302.462 INFO             PET2       OCN-TO-ATM: InitializeIPDv05p6b intro {ES}:! +-<item: 0001> <itemType: Field> <itemName: sea_surface_temperature>
20260908 013302.462 INFO             PET2       OCN-TO-ATM: InitializeIPDv05p6b intro {ES}:! !--- FieldLog() start -----------------
20260908 013302.462 INFO             PET2       OCN-TO-ATM: InitializeIPDv05p6b intro {ES}:! ! <name: sea_surface_temperature> <fieldStatus: ESMF_FIELDSTATUS_COMPLETE>
20260908 013302.462 INFO             PET2       OCN-TO-ATM: InitializeIPDv05p6b intro {ES}:! ! 0x7ffd564fef50 => 0x21dc6b0 => 0x21df150
20260908 013302.462 INFO             PET2       OCN-TO-ATM: InitializeIPDv05p6b intro {ES}:! ! <typekind: Real*8> <rank:    2> <dimCount:    2>
20260908 013302.462 INFO             PET2       OCN-TO-ATM: InitializeIPDv05p6b intro {ES}:! ! ! --- Array::log() start -----------------------------------
20260908 013302.462 INFO             PET2       OCN-TO-ATM: InitializeIPDv05p6b intro {ES}:! ! ! 0x21e00b0
20260908 013302.462 INFO             PET2       OCN-TO-ATM: InitializeIPDv05p6b intro {ES}:! ! ! <name: sea_surface_temperature>
20260908 013302.462 INFO             PET2       OCN-TO-ATM: InitializeIPDv05p6b intro {ES}:! ! ! ! --- DistGrid::log() start --------------------------------
20260908 013302.462 INFO             PET2       OCN-TO-ATM: InitializeIPDv05p6b intro {ES}:! ! ! ! 0x21e0a10
20260908 013302.462 INFO             PET2       OCN-TO-ATM: InitializeIPDv05p6b intro {ES}:! ! ! ! DistGrid object is valid!<name: DG-Grid003-sloc:0>
20260908 013302.462 INFO             PET2       OCN-TO-ATM: InitializeIPDv05p6b intro {ES}:! ! ! ! --- DistGrid::log() end ----------------------------------
20260908 013302.462 INFO             PET2       OCN-TO-ATM: InitializeIPDv05p6b intro {ES}:! ! ! --- Array::log() end -------------------------------------
20260908 013302.462 INFO             PET2       OCN-TO-ATM: InitializeIPDv05p6b intro {ES}:! !--- FieldLog() end -------------------
20260908 013302.462 INFO             PET2       OCN-TO-ATM: InitializeIPDv05p6b intro {ES}:--- StateLog() end -------------------
20260908 013302.464 INFO             PET2       OCN-TO-ATM: handle cplList(1): sea_surface_temperature, cplSetList(1): __UNSPECIFIED__
20260908 013302.464 INFO             PET2       OCN-TO-ATM: - no Field sharing between import and export side: remap.
20260908 013302.465 DEBUG            PET2       ESMF_FieldBundleRegridStorePair(): srcField: sst dimCount= 2 rank= 2
20260908 013302.465 DEBUG            PET2       ESMF_FieldBundleRegridStorePair(): dstField: sea_surface_temperature dimCount= 2 rank= 2
20260908 013302.465 DEBUG            PET2       ESMF_FieldBundleRegridStorePair(): Inside 'rhReuse' branch!
20260908 013302.465 DEBUG            PET2       ESMF_FieldBundleRegridStorePair(): srcGeomtype==ESMF_GEOMTYPE_GRID dimCount= 2
20260908 013302.465 DEBUG            PET2       ESMF_FieldBundleRegridStorePair(): dstGeomtype==ESMF_GEOMTYPE_GRID dimCount= 2
20260908 013302.465 DEBUG            PET2       ESMF_FieldBundleRegridStorePair(): no rhListMatch -> pre-compute new remapping!
20260908 013302.465 DEBUG            PET2       ESMF_FieldBundleRegridStorePair(): must precompute full regridding!
20260908 013302.913 INFO             PET2       OCN-TO-ATM: called default label_ComputeRouteHandle
20260908 013302.913 INFO             PET2        DetermineSrcDstOverlap: sst, srcLocalPet=            0
20260908 013302.913 INFO             PET2        DetermineSrcDstOverlap: sea_surface_temperature, dstLocalPet=           -1
20260908 013302.913 INFO             PET2        DetermineSrcDstOverlap: srcDstOverlap=  F
20260908 013302.913 INFO             PET2        BuildUpdatePackets: sst, srcLocalPet=            0
20260908 013302.913 INFO             PET2        BuildUpdatePackets: sea_surface_temperature, dstLocalPet=           -1
20260908 013302.913 INFO             PET2        creating new UpdatePacket for srcPetCount=            2  dstPetCount=            2
20260908 013302.913 INFO             PET2        upE%sendToPets list of size 1 :
20260908 013302.913 INFO             PET2             2
20260908 013302.913 INFO             PET2        upE%recvFromPet=           -1
20260908 013302.913 INFO             PET2        after field add, now upE%fieldCount=            1
20260908 013302.913 INFO             PET2        BuildUpdatePackets: final UpdatePacket count=            1
20260908 013302.913 INFO             PET2       OCN-TO-ATM: CplSet List:
20260908 013302.913 INFO             PET2       OCN-TO-ATM: ->CplSet(  1): __UNSPECIFIED__
20260908 013302.913 INFO             PET2       OCN-TO-ATM: -->Field(  1): sea_surface_temperature
20260908 013302.913 INFO             PET2       OCN-TO-ATM: InitializeIPDv05p6b extro {IS}:--- StateLog() start -----------------
20260908 013302.913 INFO             PET2       OCN-TO-ATM: InitializeIPDv05p6b extro {IS}:<name: OCN-ExportState> <intent: ESMF_STATEINTENT_EXPORT> <itemCount:    1>
20260908 013302.913 INFO             PET2       OCN-TO-ATM: InitializeIPDv05p6b extro {IS}:+-<item: 0001> <itemType: Field> <itemName: sst>
20260908 013302.913 INFO             PET2       OCN-TO-ATM: InitializeIPDv05p6b extro {IS}:!--- FieldLog() start -----------------
20260908 013302.913 INFO             PET2       OCN-TO-ATM: InitializeIPDv05p6b extro {IS}:! <name: sst> <fieldStatus: ESMF_FIELDSTATUS_COMPLETE>
20260908 013302.913 INFO             PET2       OCN-TO-ATM: InitializeIPDv05p6b extro {IS}:! 0x7ffd56500910 => 0x2186470 => 0x21846c0
20260908 013302.913 INFO             PET2       OCN-TO-ATM: InitializeIPDv05p6b extro {IS}:! <typekind: Real*8> <rank:    2> <dimCount:    2>
20260908 013302.914 INFO             PET2       OCN-TO-ATM: InitializeIPDv05p6b extro {IS}:! ! --- Array::log() start -----------------------------------
20260908 013302.914 INFO             PET2       OCN-TO-ATM: InitializeIPDv05p6b extro {IS}:! ! 0x2188870
20260908 013302.914 INFO             PET2       OCN-TO-ATM: InitializeIPDv05p6b extro {IS}:! ! <name: sst>
20260908 013302.914 INFO             PET2       OCN-TO-ATM: InitializeIPDv05p6b extro {IS}:! ! ! --- DistGrid::log() start --------------------------------
20260908 013302.914 INFO             PET2       OCN-TO-ATM: InitializeIPDv05p6b extro {IS}:! ! ! 0x2183800
20260908 013302.914 INFO             PET2       OCN-TO-ATM: InitializeIPDv05p6b extro {IS}:! ! ! DistGrid object is valid!<name: DG-Grid003-sloc:0>
20260908 013302.914 INFO             PET2       OCN-TO-ATM: InitializeIPDv05p6b extro {IS}:! ! ! --- DistGrid::log() end ----------------------------------
20260908 013302.914 INFO             PET2       OCN-TO-ATM: InitializeIPDv05p6b extro {IS}:! ! --- Array::log() end -------------------------------------
20260908 013302.914 INFO             PET2       OCN-TO-ATM: InitializeIPDv05p6b extro {IS}:!--- FieldLog() end -------------------
20260908 013302.914 INFO             PET2       OCN-TO-ATM: InitializeIPDv05p6b extro {IS}:--- StateLog() end -------------------
20260908 013302.914 INFO             PET2       OCN-TO-ATM: InitializeIPDv05p6b extro {ES}:--- StateLog() start -----------------
20260908 013302.914 INFO             PET2       OCN-TO-ATM: InitializeIPDv05p6b extro {ES}:<name: ATM-ImportState> <intent: ESMF_STATEINTENT_IMPORT> <itemCount:    1>
20260908 013302.914 INFO             PET2       OCN-TO-ATM: InitializeIPDv05p6b extro {ES}:+-<item: 0001> <itemType: State> <itemName: ATM-ImportState-namespace:OCN>
20260908 013302.914 INFO             PET2       OCN-TO-ATM: InitializeIPDv05p6b extro {ES}:! <name: ATM-ImportState-namespace:OCN> <intent: ESMF_STATEINTENT_IMPORT> <itemCount:    1>
20260908 013302.914 INFO             PET2       OCN-TO-ATM: InitializeIPDv05p6b extro {ES}:! +-<item: 0001> <itemType: Field> <itemName: sea_surface_temperature>
20260908 013302.914 INFO             PET2       OCN-TO-ATM: InitializeIPDv05p6b extro {ES}:! !--- FieldLog() start -----------------
20260908 013302.914 INFO             PET2       OCN-TO-ATM: InitializeIPDv05p6b extro {ES}:! ! <name: sea_surface_temperature> <fieldStatus: ESMF_FIELDSTATUS_COMPLETE>
20260908 013302.914 INFO             PET2       OCN-TO-ATM: InitializeIPDv05p6b extro {ES}:! ! 0x7ffd564ff120 => 0x21dc6b0 => 0x21df150
20260908 013302.914 INFO             PET2       OCN-TO-ATM: InitializeIPDv05p6b extro {ES}:! ! <typekind: Real*8> <rank:    2> <dimCount:    2>
20260908 013302.914 INFO             PET2       OCN-TO-ATM: InitializeIPDv05p6b extro {ES}:! ! ! --- Array::log() start -----------------------------------
20260908 013302.914 INFO             PET2       OCN-TO-ATM: InitializeIPDv05p6b extro {ES}:! ! ! 0x21e00b0
20260908 013302.914 INFO             PET2       OCN-TO-ATM: InitializeIPDv05p6b extro {ES}:! ! ! <name: sea_surface_temperature>
20260908 013302.914 INFO             PET2       OCN-TO-ATM: InitializeIPDv05p6b extro {ES}:! ! ! ! --- DistGrid::log() start --------------------------------
20260908 013302.914 INFO             PET2       OCN-TO-ATM: InitializeIPDv05p6b extro {ES}:! ! ! ! 0x21e0a10
20260908 013302.914 INFO             PET2       OCN-TO-ATM: InitializeIPDv05p6b extro {ES}:! ! ! ! DistGrid object is valid!<name: DG-Grid003-sloc:0>
20260908 013302.914 INFO             PET2       OCN-TO-ATM: InitializeIPDv05p6b extro {ES}:! ! ! ! --- DistGrid::log() end ----------------------------------
20260908 013302.914 INFO             PET2       OCN-TO-ATM: InitializeIPDv05p6b extro {ES}:! ! ! --- Array::log() end -------------------------------------
20260908 013302.914 INFO             PET2       OCN-TO-ATM: InitializeIPDv05p6b extro {ES}:! !--- FieldLog() end -------------------
20260908 013302.914 INFO             PET2       OCN-TO-ATM: InitializeIPDv05p6b extro {ES}:--- StateLog() end -------------------
20260908 013302.914 INFO             PET2     OCN-TO-ATM: InitializeIPDv05p6b extro.
20260908 013302.915 INFO             PET2     OCN: InitializeIPDvXp07 intro.
20260908 013302.915 INFO             PET2       OCN: InitializeIPDvXp07 intro {IS}:--- StateLog() start -----------------
20260908 013302.915 INFO             PET2       OCN: InitializeIPDvXp07 intro {IS}:<name: OCN-ImportState> <intent: ESMF_STATEINTENT_IMPORT> <itemCount:    0>
20260908 013302.915 INFO             PET2       OCN: InitializeIPDvXp07 intro {IS}:--- StateLog() end -------------------
20260908 013302.915 INFO             PET2       OCN: InitializeIPDvXp07 intro {ES}:--- StateLog() start -----------------
20260908 013302.915 INFO             PET2       OCN: InitializeIPDvXp07 intro {ES}:<name: OCN-ExportState> <intent: ESMF_STATEINTENT_EXPORT> <itemCount:    1>
20260908 013302.915 INFO             PET2       OCN: InitializeIPDvXp07 intro {ES}:+-<item: 0001> <itemType: Field> <itemName: sst>
20260908 013302.915 INFO             PET2       OCN: InitializeIPDvXp07 intro {ES}:!--- FieldLog() start -----------------
20260908 013302.915 INFO             PET2       OCN: InitializeIPDvXp07 intro {ES}:! <name: sst> <fieldStatus: ESMF_FIELDSTATUS_COMPLETE>
20260908 013302.916 INFO             PET2       OCN: InitializeIPDvXp07 intro {ES}:! 0x7ffd56509ef0 => 0x2186470 => 0x21846c0
20260908 013302.916 INFO             PET2       OCN: InitializeIPDvXp07 intro {ES}:! <typekind: Real*8> <rank:    2> <dimCount:    2>
20260908 013302.916 INFO             PET2       OCN: InitializeIPDvXp07 intro {ES}:! ! --- Array::log() start -----------------------------------
20260908 013302.916 INFO             PET2       OCN: InitializeIPDvXp07 intro {ES}:! ! 0x2188870
20260908 013302.916 INFO             PET2       OCN: InitializeIPDvXp07 intro {ES}:! ! <name: sst>
20260908 013302.916 INFO             PET2       OCN: InitializeIPDvXp07 intro {ES}:! ! ! --- DistGrid::log() start --------------------------------
20260908 013302.916 INFO             PET2       OCN: InitializeIPDvXp07 intro {ES}:! ! ! 0x2183800
20260908 013302.916 INFO             PET2       OCN: InitializeIPDvXp07 intro {ES}:! ! ! DistGrid object is valid!<name: DG-Grid003-sloc:0>
20260908 013302.916 INFO             PET2       OCN: InitializeIPDvXp07 intro {ES}:! ! ! --- DistGrid::log() end ----------------------------------
20260908 013302.916 INFO             PET2       OCN: InitializeIPDvXp07 intro {ES}:! ! --- Array::log() end -------------------------------------
20260908 013302.916 INFO             PET2       OCN: InitializeIPDvXp07 intro {ES}:!--- FieldLog() end -------------------
20260908 013302.916 INFO             PET2       OCN: InitializeIPDvXp07 intro {ES}:--- StateLog() end -------------------
20260908 013302.916 INFO             PET2       >>>OCN: entered Initialize (phase=IPDvXp07) without valid internal Clock.
20260908 013302.917 INFO             PET2       <<<OCN: leaving Initialize (phase=IPDvXp07) with current time: 2010  6  1  0  0  0   0
20260908 013302.917 INFO             PET2       OCN: InitializeIPDvXp07 extro {IS}:--- StateLog() start -----------------
20260908 013302.917 INFO             PET2       OCN: InitializeIPDvXp07 extro {IS}:<name: OCN-ImportState> <intent: ESMF_STATEINTENT_IMPORT> <itemCount:    0>
20260908 013302.917 INFO             PET2       OCN: InitializeIPDvXp07 extro {IS}:--- StateLog() end -------------------
20260908 013302.917 INFO             PET2       OCN: InitializeIPDvXp07 extro {ES}:--- StateLog() start -----------------
20260908 013302.917 INFO             PET2       OCN: InitializeIPDvXp07 extro {ES}:<name: OCN-ExportState> <intent: ESMF_STATEINTENT_EXPORT> <itemCount:    1>
20260908 013302.917 INFO             PET2       OCN: InitializeIPDvXp07 extro {ES}:+-<item: 0001> <itemType: Field> <itemName: sst>
20260908 013302.917 INFO             PET2       OCN: InitializeIPDvXp07 extro {ES}:!--- FieldLog() start -----------------
20260908 013302.917 INFO             PET2       OCN: InitializeIPDvXp07 extro {ES}:! <name: sst> <fieldStatus: ESMF_FIELDSTATUS_COMPLETE>
20260908 013302.917 INFO             PET2       OCN: InitializeIPDvXp07 extro {ES}:! 0x7ffd5650a0c0 => 0x2186470 => 0x21846c0
20260908 013302.917 INFO             PET2       OCN: InitializeIPDvXp07 extro {ES}:! <typekind: Real*8> <rank:    2> <dimCount:    2>
20260908 013302.917 INFO             PET2       OCN: InitializeIPDvXp07 extro {ES}:! ! --- Array::log() start -----------------------------------
20260908 013302.917 INFO             PET2       OCN: InitializeIPDvXp07 extro {ES}:! ! 0x2188870
20260908 013302.917 INFO             PET2       OCN: InitializeIPDvXp07 extro {ES}:! ! <name: sst>
20260908 013302.917 INFO             PET2       OCN: InitializeIPDvXp07 extro {ES}:! ! ! --- DistGrid::log() start --------------------------------
20260908 013302.917 INFO             PET2       OCN: InitializeIPDvXp07 extro {ES}:! ! ! 0x2183800
20260908 013302.917 INFO             PET2       OCN: InitializeIPDvXp07 extro {ES}:! ! ! DistGrid object is valid!<name: DG-Grid003-sloc:0>
20260908 013302.917 INFO             PET2       OCN: InitializeIPDvXp07 extro {ES}:! ! ! --- DistGrid::log() end ----------------------------------
20260908 013302.917 INFO             PET2       OCN: InitializeIPDvXp07 extro {ES}:! ! --- Array::log() end -------------------------------------
20260908 013302.917 INFO             PET2       OCN: InitializeIPDvXp07 extro {ES}:!--- FieldLog() end -------------------
20260908 013302.917 INFO             PET2       OCN: InitializeIPDvXp07 extro {ES}:--- StateLog() end -------------------
20260908 013302.917 INFO             PET2     OCN: InitializeIPDvXp07 extro.
20260908 013302.917 INFO             PET2     <<<esm: leaving Initialize (phase=<none>) with current time: 2010  6  1  0  0  0   0
20260908 013302.917 INFO             PET2     esm: InitializeIPDv02p3 extro {IS}:--- StateLog() start -----------------
20260908 013302.917 INFO             PET2     esm: InitializeIPDv02p3 extro {IS}:State object is invalid! Not created or deleted!
20260908 013302.917 INFO             PET2     esm: InitializeIPDv02p3 extro {IS}:--- StateLog() end -------------------
20260908 013302.917 INFO             PET2     esm: InitializeIPDv02p3 extro {ES}:--- StateLog() start -----------------
20260908 013302.917 INFO             PET2     esm: InitializeIPDv02p3 extro {ES}:State object is invalid! Not created or deleted!
20260908 013302.917 INFO             PET2     esm: InitializeIPDv02p3 extro {ES}:--- StateLog() end -------------------
20260908 013302.917 INFO             PET2   esm: InitializeIPDv02p3 extro.
20260908 013302.918 INFO             PET2   esm: InitializeIPDv02p5 intro.
20260908 013302.918 INFO             PET2     esm: InitializeIPDv02p5 intro {IS}:--- StateLog() start -----------------
20260908 013302.918 INFO             PET2     esm: InitializeIPDv02p5 intro {IS}:State object is invalid! Not created or deleted!
20260908 013302.918 INFO             PET2     esm: InitializeIPDv02p5 intro {IS}:--- StateLog() end -------------------
20260908 013302.918 INFO             PET2     esm: InitializeIPDv02p5 intro {ES}:--- StateLog() start -----------------
20260908 013302.918 INFO             PET2     esm: InitializeIPDv02p5 intro {ES}:State object is invalid! Not created or deleted!
20260908 013302.918 INFO             PET2     esm: InitializeIPDv02p5 intro {ES}:--- StateLog() end -------------------
20260908 013302.918 INFO             PET2     >>>esm: entered Initialize (phase=<none>) with current time: 2010  6  1  0  0  0   0
20260908 013302.918 INFO             PET2     esm: this is a top level driver, no 'Updated' and 'InitializeDataComplete' info on this level.
20260908 013302.918 INFO             PET2     esm: InitializeIPDv02p5Data intro.
20260908 013302.919 INFO             PET2       esm: InitializeIPDv02p5Data intro {IS}:--- StateLog() start -----------------
20260908 013302.919 INFO             PET2       esm: InitializeIPDv02p5Data intro {IS}:State object is invalid! Not created or deleted!
20260908 013302.919 INFO             PET2       esm: InitializeIPDv02p5Data intro {IS}:--- StateLog() end -------------------
20260908 013302.919 INFO             PET2       esm: InitializeIPDv02p5Data intro {ES}:--- StateLog() start -----------------
20260908 013302.919 INFO             PET2       esm: InitializeIPDv02p5Data intro {ES}:State object is invalid! Not created or deleted!
20260908 013302.919 INFO             PET2       esm: InitializeIPDv02p5Data intro {ES}:--- StateLog() end -------------------
20260908 013302.919 INFO             PET2       >>>esm: entered Initialize (phase=<none>) with current time: 2010  6  1  0  0  0   0
20260908 013302.919 INFO             PET2       esm: InternalInitializeComplete intro.
20260908 013302.919 INFO             PET2         esm: InternalInitializeComplete intro {IS}:--- StateLog() start -----------------
20260908 013302.919 INFO             PET2         esm: InternalInitializeComplete intro {IS}:State object is invalid! Not created or deleted!
20260908 013302.920 INFO             PET2         esm: InternalInitializeComplete intro {IS}:--- StateLog() end -------------------
20260908 013302.920 INFO             PET2         esm: InternalInitializeComplete intro {ES}:--- StateLog() start -----------------
20260908 013302.920 INFO             PET2         esm: InternalInitializeComplete intro {ES}:State object is invalid! Not created or deleted!
20260908 013302.920 INFO             PET2         esm: InternalInitializeComplete intro {ES}:--- StateLog() end -------------------
20260908 013302.920 INFO             PET2         >>>esm: entered Initialize (phase=<none>) with current time: 2010  6  1  0  0  0   0
20260908 013302.920 INFO             PET2         esm: InitializeDataComplete='true'
20260908 013302.920 INFO             PET2         <<<esm: leaving Initialize (phase=<none>) with current time: 2010  6  1  0  0  0   0
20260908 013302.920 INFO             PET2         esm: InternalInitializeComplete extro {IS}:--- StateLog() start -----------------
20260908 013302.920 INFO             PET2         esm: InternalInitializeComplete extro {IS}:State object is invalid! Not created or deleted!
20260908 013302.920 INFO             PET2         esm: InternalInitializeComplete extro {IS}:--- StateLog() end -------------------
20260908 013302.920 INFO             PET2         esm: InternalInitializeComplete extro {ES}:--- StateLog() start -----------------
20260908 013302.920 INFO             PET2         esm: InternalInitializeComplete extro {ES}:State object is invalid! Not created or deleted!
20260908 013302.920 INFO             PET2         esm: InternalInitializeComplete extro {ES}:--- StateLog() end -------------------
20260908 013302.921 INFO             PET2       esm: InternalInitializeComplete extro.
20260908 013302.921 INFO             PET2       OCN: InitializeIPDv01p5 intro.
20260908 013302.921 INFO             PET2         OCN: InitializeIPDv01p5 intro {IS}:--- StateLog() start -----------------
20260908 013302.921 INFO             PET2         OCN: InitializeIPDv01p5 intro {IS}:<name: OCN-ImportState> <intent: ESMF_STATEINTENT_IMPORT> <itemCount:    0>
20260908 013302.921 INFO             PET2         OCN: InitializeIPDv01p5 intro {IS}:--- StateLog() end -------------------
20260908 013302.921 INFO             PET2         OCN: InitializeIPDv01p5 intro {ES}:--- StateLog() start -----------------
20260908 013302.921 INFO             PET2         OCN: InitializeIPDv01p5 intro {ES}:<name: OCN-ExportState> <intent: ESMF_STATEINTENT_EXPORT> <itemCount:    1>
20260908 013302.922 INFO             PET2         OCN: InitializeIPDv01p5 intro {ES}:+-<item: 0001> <itemType: Field> <itemName: sst>
20260908 013302.922 INFO             PET2         OCN: InitializeIPDv01p5 intro {ES}:!--- FieldLog() start -----------------
20260908 013302.922 INFO             PET2         OCN: InitializeIPDv01p5 intro {ES}:! <name: sst> <fieldStatus: ESMF_FIELDSTATUS_COMPLETE>
20260908 013302.922 INFO             PET2         OCN: InitializeIPDv01p5 intro {ES}:! 0x7ffd56508e40 => 0x2186470 => 0x21846c0
20260908 013302.922 INFO             PET2         OCN: InitializeIPDv01p5 intro {ES}:! <typekind: Real*8> <rank:    2> <dimCount:    2>
20260908 013302.922 INFO             PET2         OCN: InitializeIPDv01p5 intro {ES}:! ! --- Array::log() start -----------------------------------
20260908 013302.922 INFO             PET2         OCN: InitializeIPDv01p5 intro {ES}:! ! 0x2188870
20260908 013302.922 INFO             PET2         OCN: InitializeIPDv01p5 intro {ES}:! ! <name: sst>
20260908 013302.922 INFO             PET2         OCN: InitializeIPDv01p5 intro {ES}:! ! ! --- DistGrid::log() start --------------------------------
20260908 013302.922 INFO             PET2         OCN: InitializeIPDv01p5 intro {ES}:! ! ! 0x2183800
20260908 013302.922 INFO             PET2         OCN: InitializeIPDv01p5 intro {ES}:! ! ! DistGrid object is valid!<name: DG-Grid003-sloc:0>
20260908 013302.922 INFO             PET2         OCN: InitializeIPDv01p5 intro {ES}:! ! ! --- DistGrid::log() end ----------------------------------
20260908 013302.922 INFO             PET2         OCN: InitializeIPDv01p5 intro {ES}:! ! --- Array::log() end -------------------------------------
20260908 013302.922 INFO             PET2         OCN: InitializeIPDv01p5 intro {ES}:!--- FieldLog() end -------------------
20260908 013302.922 INFO             PET2         OCN: InitializeIPDv01p5 intro {ES}:--- StateLog() end -------------------
20260908 013302.922 INFO             PET2         >>>OCN: entered Initialize (phase=IPDvXp08) with current time: 2010  6  1  0  0  0   0
20260908 013302.923 INFO             PET2         <<<OCN: leaving Initialize (phase=IPDvXp08) with current time: 2010  6  1  0  0  0   0
20260908 013302.923 INFO             PET2         OCN: InitializeIPDv01p5 extro {IS}:--- StateLog() start -----------------
20260908 013302.923 INFO             PET2         OCN: InitializeIPDv01p5 extro {IS}:<name: OCN-ImportState> <intent: ESMF_STATEINTENT_IMPORT> <itemCount:    0>
20260908 013302.923 INFO             PET2         OCN: InitializeIPDv01p5 extro {IS}:--- StateLog() end -------------------
20260908 013302.923 INFO             PET2         OCN: InitializeIPDv01p5 extro {ES}:--- StateLog() start -----------------
20260908 013302.923 INFO             PET2         OCN: InitializeIPDv01p5 extro {ES}:<name: OCN-ExportState> <intent: ESMF_STATEINTENT_EXPORT> <itemCount:    1>
20260908 013302.923 INFO             PET2         OCN: InitializeIPDv01p5 extro {ES}:+-<item: 0001> <itemType: Field> <itemName: sst>
20260908 013302.923 INFO             PET2         OCN: InitializeIPDv01p5 extro {ES}:!--- FieldLog() start -----------------
20260908 013302.923 INFO             PET2         OCN: InitializeIPDv01p5 extro {ES}:! <name: sst> <fieldStatus: ESMF_FIELDSTATUS_COMPLETE>
20260908 013302.923 INFO             PET2         OCN: InitializeIPDv01p5 extro {ES}:! 0x7ffd56509010 => 0x2186470 => 0x21846c0
20260908 013302.923 INFO             PET2         OCN: InitializeIPDv01p5 extro {ES}:! <typekind: Real*8> <rank:    2> <dimCount:    2>
20260908 013302.923 INFO             PET2         OCN: InitializeIPDv01p5 extro {ES}:! ! --- Array::log() start -----------------------------------
20260908 013302.923 INFO             PET2         OCN: InitializeIPDv01p5 extro {ES}:! ! 0x2188870
20260908 013302.923 INFO             PET2         OCN: InitializeIPDv01p5 extro {ES}:! ! <name: sst>
20260908 013302.923 INFO             PET2         OCN: InitializeIPDv01p5 extro {ES}:! ! ! --- DistGrid::log() start --------------------------------
20260908 013302.923 INFO             PET2         OCN: InitializeIPDv01p5 extro {ES}:! ! ! 0x2183800
20260908 013302.923 INFO             PET2         OCN: InitializeIPDv01p5 extro {ES}:! ! ! DistGrid object is valid!<name: DG-Grid003-sloc:0>
20260908 013302.923 INFO             PET2         OCN: InitializeIPDv01p5 extro {ES}:! ! ! --- DistGrid::log() end ----------------------------------
20260908 013302.923 INFO             PET2         OCN: InitializeIPDv01p5 extro {ES}:! ! --- Array::log() end -------------------------------------
20260908 013302.923 INFO             PET2         OCN: InitializeIPDv01p5 extro {ES}:!--- FieldLog() end -------------------
20260908 013302.923 INFO             PET2         OCN: InitializeIPDv01p5 extro {ES}:--- StateLog() end -------------------
20260908 013302.923 INFO             PET2       OCN: InitializeIPDv01p5 extro.
20260908 013302.929 INFO             PET2       esm: components present that trigger loopDataDependentInitialize().
20260908 013302.930 INFO             PET2       esm: loopDataDependentInitialize intro.
20260908 013302.930 INFO             PET2         esm: loopDataDependentInitialize intro {IS}:--- StateLog() start -----------------
20260908 013302.930 INFO             PET2         esm: loopDataDependentInitialize intro {IS}:State object is invalid! Not created or deleted!
20260908 013302.930 INFO             PET2         esm: loopDataDependentInitialize intro {IS}:--- StateLog() end -------------------
20260908 013302.930 INFO             PET2         esm: loopDataDependentInitialize intro {ES}:--- StateLog() start -----------------
20260908 013302.930 INFO             PET2         esm: loopDataDependentInitialize intro {ES}:State object is invalid! Not created or deleted!
20260908 013302.930 INFO             PET2         esm: loopDataDependentInitialize intro {ES}:--- StateLog() end -------------------
20260908 013302.930 INFO             PET2         >>>esm: entered Initialize (phase=<none>) with current time: 2010  6  1  0  0  0   0
20260908 013302.930 INFO             PET2         esm: component    0=esm, dataComplete (local): true
20260908 013302.930 INFO             PET2         esm: component    0=esm, dataComplete (global):  T
20260908 013302.930 INFO             PET2         esm: component    1=ATM, dataComplete (local): true
20260908 013302.931 INFO             PET2         esm: component    1=ATM, dataComplete (global):  T
20260908 013302.931 INFO             PET2         esm: component    2=OCN, dataComplete (local): true
20260908 013302.931 INFO             PET2         esm: component    2=OCN, dataComplete (global):  T
20260908 013302.931 INFO             PET2         esm: someProgress= F, allComplete= T, present(dataDepAllComplete)= T
20260908 013302.931 INFO             PET2         esm: finished resolving initialize data dependencies on this level.
20260908 013302.931 INFO             PET2         <<<esm: leaving Initialize (phase=<none>) with current time: 2010  6  1  0  0  0   0
20260908 013302.931 INFO             PET2         esm: loopDataDependentInitialize extro {IS}:--- StateLog() start -----------------
20260908 013302.931 INFO             PET2         esm: loopDataDependentInitialize extro {IS}:State object is invalid! Not created or deleted!
20260908 013302.931 INFO             PET2         esm: loopDataDependentInitialize extro {IS}:--- StateLog() end -------------------
20260908 013302.931 INFO             PET2         esm: loopDataDependentInitialize extro {ES}:--- StateLog() start -----------------
20260908 013302.931 INFO             PET2         esm: loopDataDependentInitialize extro {ES}:State object is invalid! Not created or deleted!
20260908 013302.931 INFO             PET2         esm: loopDataDependentInitialize extro {ES}:--- StateLog() end -------------------
20260908 013302.931 INFO             PET2       esm: loopDataDependentInitialize extro.
20260908 013302.931 INFO             PET2       esm: loopDataDependentInitialize() returned with dataDepAllComplete:  T
20260908 013302.931 INFO             PET2       <<<esm: leaving Initialize (phase=<none>) with current time: 2010  6  1  0  0  0   0
20260908 013302.931 INFO             PET2       esm: InitializeIPDv02p5Data extro {IS}:--- StateLog() start -----------------
20260908 013302.931 INFO             PET2       esm: InitializeIPDv02p5Data extro {IS}:State object is invalid! Not created or deleted!
20260908 013302.932 INFO             PET2       esm: InitializeIPDv02p5Data extro {IS}:--- StateLog() end -------------------
20260908 013302.932 INFO             PET2       esm: InitializeIPDv02p5Data extro {ES}:--- StateLog() start -----------------
20260908 013302.932 INFO             PET2       esm: InitializeIPDv02p5Data extro {ES}:State object is invalid! Not created or deleted!
20260908 013302.932 INFO             PET2       esm: InitializeIPDv02p5Data extro {ES}:--- StateLog() end -------------------
20260908 013302.932 INFO             PET2     esm: InitializeIPDv02p5Data extro.
20260908 013302.932 INFO             PET2     <<<esm: leaving Initialize (phase=<none>) with current time: 2010  6  1  0  0  0   0
20260908 013302.932 INFO             PET2     esm: InitializeIPDv02p5 extro {IS}:--- StateLog() start -----------------
20260908 013302.932 INFO             PET2     esm: InitializeIPDv02p5 extro {IS}:State object is invalid! Not created or deleted!
20260908 013302.932 INFO             PET2     esm: InitializeIPDv02p5 extro {IS}:--- StateLog() end -------------------
20260908 013302.932 INFO             PET2     esm: InitializeIPDv02p5 extro {ES}:--- StateLog() start -----------------
20260908 013302.932 INFO             PET2     esm: InitializeIPDv02p5 extro {ES}:State object is invalid! Not created or deleted!
20260908 013302.932 INFO             PET2     esm: InitializeIPDv02p5 extro {ES}:--- StateLog() end -------------------
20260908 013302.932 INFO             PET2   esm: InitializeIPDv02p5 extro.
20260908 013302.932 INFO             PET2   <<<esm: leaving Initialize (phase=<none>) with current time: 2010  6  1  0  0  0   0
20260908 013302.932 INFO             PET2   esm: InitializeGeneric extro {IS}:--- StateLog() start -----------------
20260908 013302.932 INFO             PET2   esm: InitializeGeneric extro {IS}:State object is invalid! Not created or deleted!
20260908 013302.932 INFO             PET2   esm: InitializeGeneric extro {IS}:--- StateLog() end -------------------
20260908 013302.932 INFO             PET2   esm: InitializeGeneric extro {ES}:--- StateLog() start -----------------
20260908 013302.932 INFO             PET2   esm: InitializeGeneric extro {ES}:State object is invalid! Not created or deleted!
20260908 013302.932 INFO             PET2   esm: InitializeGeneric extro {ES}:--- StateLog() end -------------------
20260908 013302.932 INFO             PET2 esm: InitializeGeneric extro.
20260908 013302.933 INFO             PET2 esm: Run intro.
20260908 013302.933 INFO             PET2   esm: Run intro {IS}:--- StateLog() start -----------------
20260908 013302.933 INFO             PET2   esm: Run intro {IS}:State object is invalid! Not created or deleted!
20260908 013302.933 INFO             PET2   esm: Run intro {IS}:--- StateLog() end -------------------
20260908 013302.933 INFO             PET2   esm: Run intro {ES}:--- StateLog() start -----------------
20260908 013302.933 INFO             PET2   esm: Run intro {ES}:State object is invalid! Not created or deleted!
20260908 013302.933 INFO             PET2   esm: Run intro {ES}:--- StateLog() end -------------------
20260908 013302.933 INFO             PET2   >>>esm: entered Run (phase=RunPhase1) with current time: 2010  6  1  0  0  0   0
20260908 013302.933 INFO             PET2   esm: after lable_SetRunClock, current time: 2010  6  1  0  0  0   0
20260908 013302.933 INFO             PET2   esm: begin -------> RunSequence.
20260908 013302.933 INFO             PET2     esm: RunSequence event loopLevel=   1  levelMember=   1  loopIteration=   1, current time: 2010  6  1  0  0  0   0
20260908 013302.934 INFO             PET2     ATM-TO-OCN: Run intro.
20260908 013302.934 INFO             PET2       ATM-TO-OCN: Run intro {IS}:--- StateLog() start -----------------
20260908 013302.934 INFO             PET2       ATM-TO-OCN: Run intro {IS}:<name: ATM-ExportState> <intent: ESMF_STATEINTENT_EXPORT> <itemCount:    0>
20260908 013302.934 INFO             PET2       ATM-TO-OCN: Run intro {IS}:--- StateLog() end -------------------
20260908 013302.934 INFO             PET2       ATM-TO-OCN: Run intro {ES}:--- StateLog() start -----------------
20260908 013302.934 INFO             PET2       ATM-TO-OCN: Run intro {ES}:<name: OCN-ImportState> <intent: ESMF_STATEINTENT_IMPORT> <itemCount:    0>
20260908 013302.934 INFO             PET2       ATM-TO-OCN: Run intro {ES}:--- StateLog() end -------------------
20260908 013302.934 INFO             PET2       >>>ATM-TO-OCN entered Run (phase=RunPhase1)
20260908 013302.934 INFO             PET2       ATM-TO-OCN: called default RouteHandle execution
20260908 013302.934 INFO             PET2       <<<ATM-TO-OCN leaving Run (phase=RunPhase1)
20260908 013302.934 INFO             PET2       ATM-TO-OCN: Run extro {IS}:--- StateLog() start -----------------
20260908 013302.934 INFO             PET2       ATM-TO-OCN: Run extro {IS}:<name: ATM-ExportState> <intent: ESMF_STATEINTENT_EXPORT> <itemCount:    0>
20260908 013302.934 INFO             PET2       ATM-TO-OCN: Run extro {IS}:--- StateLog() end -------------------
20260908 013302.934 INFO             PET2       ATM-TO-OCN: Run extro {ES}:--- StateLog() start -----------------
20260908 013302.934 INFO             PET2       ATM-TO-OCN: Run extro {ES}:<name: OCN-ImportState> <intent: ESMF_STATEINTENT_IMPORT> <itemCount:    0>
20260908 013302.934 INFO             PET2       ATM-TO-OCN: Run extro {ES}:--- StateLog() end -------------------
20260908 013302.934 INFO             PET2     ATM-TO-OCN: Run extro.
20260908 013302.935 INFO             PET2     OCN-TO-ATM: Run intro.
20260908 013302.935 INFO             PET2       OCN-TO-ATM: Run intro {IS}:--- StateLog() start -----------------
20260908 013302.935 INFO             PET2       OCN-TO-ATM: Run intro {IS}:<name: OCN-ExportState> <intent: ESMF_STATEINTENT_EXPORT> <itemCount:    1>
20260908 013302.935 INFO             PET2       OCN-TO-ATM: Run intro {IS}:+-<item: 0001> <itemType: Field> <itemName: sst>
20260908 013302.935 INFO             PET2       OCN-TO-ATM: Run intro {IS}:!--- FieldLog() start -----------------
20260908 013302.935 INFO             PET2       OCN-TO-ATM: Run intro {IS}:! <name: sst> <fieldStatus: ESMF_FIELDSTATUS_COMPLETE>
20260908 013302.935 INFO             PET2       OCN-TO-ATM: Run intro {IS}:! 0x7ffd5650aaa0 => 0x2186470 => 0x21846c0
20260908 013302.935 INFO             PET2       OCN-TO-ATM: Run intro {IS}:! <typekind: Real*8> <rank:    2> <dimCount:    2>
20260908 013302.935 INFO             PET2       OCN-TO-ATM: Run intro {IS}:! ! --- Array::log() start -----------------------------------
20260908 013302.935 INFO             PET2       OCN-TO-ATM: Run intro {IS}:! ! 0x2188870
20260908 013302.935 INFO             PET2       OCN-TO-ATM: Run intro {IS}:! ! <name: sst>
20260908 013302.935 INFO             PET2       OCN-TO-ATM: Run intro {IS}:! ! ! --- DistGrid::log() start --------------------------------
20260908 013302.935 INFO             PET2       OCN-TO-ATM: Run intro {IS}:! ! ! 0x2183800
20260908 013302.935 INFO             PET2       OCN-TO-ATM: Run intro {IS}:! ! ! DistGrid object is valid!<name: DG-Grid003-sloc:0>
20260908 013302.935 INFO             PET2       OCN-TO-ATM: Run intro {IS}:! ! ! --- DistGrid::log() end ----------------------------------
20260908 013302.935 INFO             PET2       OCN-TO-ATM: Run intro {IS}:! ! --- Array::log() end -------------------------------------
20260908 013302.935 INFO             PET2       OCN-TO-ATM: Run intro {IS}:!--- FieldLog() end -------------------
20260908 013302.935 INFO             PET2       OCN-TO-ATM: Run intro {IS}:--- StateLog() end -------------------
20260908 013302.935 INFO             PET2       OCN-TO-ATM: Run intro {ES}:--- StateLog() start -----------------
20260908 013302.935 INFO             PET2       OCN-TO-ATM: Run intro {ES}:<name: ATM-ImportState> <intent: ESMF_STATEINTENT_IMPORT> <itemCount:    1>
20260908 013302.935 INFO             PET2       OCN-TO-ATM: Run intro {ES}:+-<item: 0001> <itemType: State> <itemName: ATM-ImportState-namespace:OCN>
20260908 013302.935 INFO             PET2       OCN-TO-ATM: Run intro {ES}:! <name: ATM-ImportState-namespace:OCN> <intent: ESMF_STATEINTENT_IMPORT> <itemCount:    1>
20260908 013302.935 INFO             PET2       OCN-TO-ATM: Run intro {ES}:! +-<item: 0001> <itemType: Field> <itemName: sea_surface_temperature>
20260908 013302.935 INFO             PET2       OCN-TO-ATM: Run intro {ES}:! !--- FieldLog() start -----------------
20260908 013302.935 INFO             PET2       OCN-TO-ATM: Run intro {ES}:! ! <name: sea_surface_temperature> <fieldStatus: ESMF_FIELDSTATUS_COMPLETE>
20260908 013302.935 INFO             PET2       OCN-TO-ATM: Run intro {ES}:! ! 0x7ffd565092b0 => 0x21dc6b0 => 0x21df150
20260908 013302.935 INFO             PET2       OCN-TO-ATM: Run intro {ES}:! ! <typekind: Real*8> <rank:    2> <dimCount:    2>
20260908 013302.935 INFO             PET2       OCN-TO-ATM: Run intro {ES}:! ! ! --- Array::log() start -----------------------------------
20260908 013302.935 INFO             PET2       OCN-TO-ATM: Run intro {ES}:! ! ! 0x21e00b0
20260908 013302.935 INFO             PET2       OCN-TO-ATM: Run intro {ES}:! ! ! <name: sea_surface_temperature>
20260908 013302.935 INFO             PET2       OCN-TO-ATM: Run intro {ES}:! ! ! ! --- DistGrid::log() start --------------------------------
20260908 013302.935 INFO             PET2       OCN-TO-ATM: Run intro {ES}:! ! ! ! 0x21e0a10
20260908 013302.935 INFO             PET2       OCN-TO-ATM: Run intro {ES}:! ! ! ! DistGrid object is valid!<name: DG-Grid003-sloc:0>
20260908 013302.935 INFO             PET2       OCN-TO-ATM: Run intro {ES}:! ! ! ! --- DistGrid::log() end ----------------------------------
20260908 013302.936 INFO             PET2       OCN-TO-ATM: Run intro {ES}:! ! ! --- Array::log() end -------------------------------------
20260908 013302.936 INFO             PET2       OCN-TO-ATM: Run intro {ES}:! !--- FieldLog() end -------------------
20260908 013302.936 INFO             PET2       OCN-TO-ATM: Run intro {ES}:--- StateLog() end -------------------
20260908 013302.936 INFO             PET2       >>>OCN-TO-ATM entered Run (phase=RunPhase1)
20260908 013302.936 INFO             PET2       OCN-TO-ATM: called default RouteHandle execution
20260908 013302.936 INFO             PET2       <<<OCN-TO-ATM leaving Run (phase=RunPhase1)
20260908 013302.936 INFO             PET2       OCN-TO-ATM: Run extro {IS}:--- StateLog() start -----------------
20260908 013302.936 INFO             PET2       OCN-TO-ATM: Run extro {IS}:<name: OCN-ExportState> <intent: ESMF_STATEINTENT_EXPORT> <itemCount:    1>
20260908 013302.936 INFO             PET2       OCN-TO-ATM: Run extro {IS}:+-<item: 0001> <itemType: Field> <itemName: sst>
20260908 013302.936 INFO             PET2       OCN-TO-ATM: Run extro {IS}:!--- FieldLog() start -----------------
20260908 013302.936 INFO             PET2       OCN-TO-ATM: Run extro {IS}:! <name: sst> <fieldStatus: ESMF_FIELDSTATUS_COMPLETE>
20260908 013302.936 INFO             PET2       OCN-TO-ATM: Run extro {IS}:! 0x7ffd5650ac70 => 0x2186470 => 0x21846c0
20260908 013302.937 INFO             PET2       OCN-TO-ATM: Run extro {IS}:! <typekind: Real*8> <rank:    2> <dimCount:    2>
20260908 013302.937 INFO             PET2       OCN-TO-ATM: Run extro {IS}:! ! --- Array::log() start -----------------------------------
20260908 013302.937 INFO             PET2       OCN-TO-ATM: Run extro {IS}:! ! 0x2188870
20260908 013302.937 INFO             PET2       OCN-TO-ATM: Run extro {IS}:! ! <name: sst>
20260908 013302.937 INFO             PET2       OCN-TO-ATM: Run extro {IS}:! ! ! --- DistGrid::log() start --------------------------------
20260908 013302.937 INFO             PET2       OCN-TO-ATM: Run extro {IS}:! ! ! 0x2183800
20260908 013302.937 INFO             PET2       OCN-TO-ATM: Run extro {IS}:! ! ! DistGrid object is valid!<name: DG-Grid003-sloc:0>
20260908 013302.937 INFO             PET2       OCN-TO-ATM: Run extro {IS}:! ! ! --- DistGrid::log() end ----------------------------------
20260908 013302.937 INFO             PET2       OCN-TO-ATM: Run extro {IS}:! ! --- Array::log() end -------------------------------------
20260908 013302.937 INFO             PET2       OCN-TO-ATM: Run extro {IS}:!--- FieldLog() end -------------------
20260908 013302.937 INFO             PET2       OCN-TO-ATM: Run extro {IS}:--- StateLog() end -------------------
20260908 013302.937 INFO             PET2       OCN-TO-ATM: Run extro {ES}:--- StateLog() start -----------------
20260908 013302.937 INFO             PET2       OCN-TO-ATM: Run extro {ES}:<name: ATM-ImportState> <intent: ESMF_STATEINTENT_IMPORT> <itemCount:    1>
20260908 013302.937 INFO             PET2       OCN-TO-ATM: Run extro {ES}:+-<item: 0001> <itemType: State> <itemName: ATM-ImportState-namespace:OCN>
20260908 013302.937 INFO             PET2       OCN-TO-ATM: Run extro {ES}:! <name: ATM-ImportState-namespace:OCN> <intent: ESMF_STATEINTENT_IMPORT> <itemCount:    1>
20260908 013302.937 INFO             PET2       OCN-TO-ATM: Run extro {ES}:! +-<item: 0001> <itemType: Field> <itemName: sea_surface_temperature>
20260908 013302.937 INFO             PET2       OCN-TO-ATM: Run extro {ES}:! !--- FieldLog() start -----------------
20260908 013302.937 INFO             PET2       OCN-TO-ATM: Run extro {ES}:! ! <name: sea_surface_temperature> <fieldStatus: ESMF_FIELDSTATUS_COMPLETE>
20260908 013302.937 INFO             PET2       OCN-TO-ATM: Run extro {ES}:! ! 0x7ffd56509480 => 0x21dc6b0 => 0x21df150
20260908 013302.937 INFO             PET2       OCN-TO-ATM: Run extro {ES}:! ! <typekind: Real*8> <rank:    2> <dimCount:    2>
20260908 013302.937 INFO             PET2       OCN-TO-ATM: Run extro {ES}:! ! ! --- Array::log() start -----------------------------------
20260908 013302.937 INFO             PET2       OCN-TO-ATM: Run extro {ES}:! ! ! 0x21e00b0
20260908 013302.937 INFO             PET2       OCN-TO-ATM: Run extro {ES}:! ! ! <name: sea_surface_temperature>
20260908 013302.937 INFO             PET2       OCN-TO-ATM: Run extro {ES}:! ! ! ! --- DistGrid::log() start --------------------------------
20260908 013302.937 INFO             PET2       OCN-TO-ATM: Run extro {ES}:! ! ! ! 0x21e0a10
20260908 013302.937 INFO             PET2       OCN-TO-ATM: Run extro {ES}:! ! ! ! DistGrid object is valid!<name: DG-Grid003-sloc:0>
20260908 013302.937 INFO             PET2       OCN-TO-ATM: Run extro {ES}:! ! ! ! --- DistGrid::log() end ----------------------------------
20260908 013302.937 INFO             PET2       OCN-TO-ATM: Run extro {ES}:! ! ! --- Array::log() end -------------------------------------
20260908 013302.937 INFO             PET2       OCN-TO-ATM: Run extro {ES}:! !--- FieldLog() end -------------------
20260908 013302.937 INFO             PET2       OCN-TO-ATM: Run extro {ES}:--- StateLog() end -------------------
20260908 013302.937 INFO             PET2     OCN-TO-ATM: Run extro.
20260908 013302.938 INFO             PET2     OCN: Run intro.
20260908 013302.938 INFO             PET2       OCN: Run intro {IS}:--- StateLog() start -----------------
20260908 013302.938 INFO             PET2       OCN: Run intro {IS}:<name: OCN-ImportState> <intent: ESMF_STATEINTENT_IMPORT> <itemCount:    0>
20260908 013302.938 INFO             PET2       OCN: Run intro {IS}:--- StateLog() end -------------------
20260908 013302.938 INFO             PET2       OCN: Run intro {ES}:--- StateLog() start -----------------
20260908 013302.938 INFO             PET2       OCN: Run intro {ES}:<name: OCN-ExportState> <intent: ESMF_STATEINTENT_EXPORT> <itemCount:    1>
20260908 013302.938 INFO             PET2       OCN: Run intro {ES}:+-<item: 0001> <itemType: Field> <itemName: sst>
20260908 013302.938 INFO             PET2       OCN: Run intro {ES}:!--- FieldLog() start -----------------
20260908 013302.938 INFO             PET2       OCN: Run intro {ES}:! <name: sst> <fieldStatus: ESMF_FIELDSTATUS_COMPLETE>
20260908 013302.938 INFO             PET2       OCN: Run intro {ES}:! 0x7ffd565092c0 => 0x2186470 => 0x21846c0
20260908 013302.938 INFO             PET2       OCN: Run intro {ES}:! <typekind: Real*8> <rank:    2> <dimCount:    2>
20260908 013302.938 INFO             PET2       OCN: Run intro {ES}:! ! --- Array::log() start -----------------------------------
20260908 013302.938 INFO             PET2       OCN: Run intro {ES}:! ! 0x2188870
20260908 013302.938 INFO             PET2       OCN: Run intro {ES}:! ! <name: sst>
20260908 013302.938 INFO             PET2       OCN: Run intro {ES}:! ! ! --- DistGrid::log() start --------------------------------
20260908 013302.938 INFO             PET2       OCN: Run intro {ES}:! ! ! 0x2183800
20260908 013302.938 INFO             PET2       OCN: Run intro {ES}:! ! ! DistGrid object is valid!<name: DG-Grid003-sloc:0>
20260908 013302.938 INFO             PET2       OCN: Run intro {ES}:! ! ! --- DistGrid::log() end ----------------------------------
20260908 013302.938 INFO             PET2       OCN: Run intro {ES}:! ! --- Array::log() end -------------------------------------
20260908 013302.938 INFO             PET2       OCN: Run intro {ES}:!--- FieldLog() end -------------------
20260908 013302.938 INFO             PET2       OCN: Run intro {ES}:--- StateLog() end -------------------
20260908 013302.939 INFO             PET2       >>>OCN: entered Run (phase=RunPhase1) with current time: 2010  6  1  0  0  0   0
20260908 013302.939 INFO             PET2       OCN: time step-loop starting, current time: 2010  6  1  0  0  0   0
20260908 013302.939 INFO             PET2       ------>Advancing OCN from: 2010  6  1  0  0  0   0
20260908 013302.939 INFO             PET2       ---------------------> to: 2010  6  1  0  5  0   0
20260908 013302.939 INFO             PET2       OCN: time step-loop ending,   current time: 2010  6  1  0  5  0   0
20260908 013302.939 INFO             PET2       OCN: time step-loop starting, current time: 2010  6  1  0  5  0   0
20260908 013302.939 INFO             PET2       ------>Advancing OCN from: 2010  6  1  0  5  0   0
20260908 013302.939 INFO             PET2       ---------------------> to: 2010  6  1  0 10  0   0
20260908 013302.940 INFO             PET2       OCN: time step-loop ending,   current time: 2010  6  1  0 10  0   0
20260908 013302.940 INFO             PET2       OCN: time step-loop starting, current time: 2010  6  1  0 10  0   0
20260908 013302.940 INFO             PET2       ------>Advancing OCN from: 2010  6  1  0 10  0   0
20260908 013302.940 INFO             PET2       ---------------------> to: 2010  6  1  0 15  0   0
20260908 013302.940 INFO             PET2       OCN: time step-loop ending,   current time: 2010  6  1  0 15  0   0
20260908 013302.940 INFO             PET2       <<<OCN: leaving Run (phase=RunPhase1) with current time: 2010  6  1  0 15  0   0
20260908 013302.940 INFO             PET2       OCN: Run extro {IS}:--- StateLog() start -----------------
20260908 013302.940 INFO             PET2       OCN: Run extro {IS}:<name: OCN-ImportState> <intent: ESMF_STATEINTENT_IMPORT> <itemCount:    0>
20260908 013302.940 INFO             PET2       OCN: Run extro {IS}:--- StateLog() end -------------------
20260908 013302.940 INFO             PET2       OCN: Run extro {ES}:--- StateLog() start -----------------
20260908 013302.940 INFO             PET2       OCN: Run extro {ES}:<name: OCN-ExportState> <intent: ESMF_STATEINTENT_EXPORT> <itemCount:    1>
20260908 013302.940 INFO             PET2       OCN: Run extro {ES}:+-<item: 0001> <itemType: Field> <itemName: sst>
20260908 013302.940 INFO             PET2       OCN: Run extro {ES}:!--- FieldLog() start -----------------
20260908 013302.941 INFO             PET2       OCN: Run extro {ES}:! <name: sst> <fieldStatus: ESMF_FIELDSTATUS_COMPLETE>
20260908 013302.941 INFO             PET2       OCN: Run extro {ES}:! 0x7ffd56509490 => 0x2186470 => 0x21846c0
20260908 013302.941 INFO             PET2       OCN: Run extro {ES}:! <typekind: Real*8> <rank:    2> <dimCount:    2>
20260908 013302.941 INFO             PET2       OCN: Run extro {ES}:! ! --- Array::log() start -----------------------------------
20260908 013302.941 INFO             PET2       OCN: Run extro {ES}:! ! 0x2188870
20260908 013302.941 INFO             PET2       OCN: Run extro {ES}:! ! <name: sst>
20260908 013302.941 INFO             PET2       OCN: Run extro {ES}:! ! ! --- DistGrid::log() start --------------------------------
20260908 013302.941 INFO             PET2       OCN: Run extro {ES}:! ! ! 0x2183800
20260908 013302.941 INFO             PET2       OCN: Run extro {ES}:! ! ! DistGrid object is valid!<name: DG-Grid003-sloc:0>
20260908 013302.941 INFO             PET2       OCN: Run extro {ES}:! ! ! --- DistGrid::log() end ----------------------------------
20260908 013302.941 INFO             PET2       OCN: Run extro {ES}:! ! --- Array::log() end -------------------------------------
20260908 013302.941 INFO             PET2       OCN: Run extro {ES}:!--- FieldLog() end -------------------
20260908 013302.941 INFO             PET2       OCN: Run extro {ES}:--- StateLog() end -------------------
20260908 013302.941 INFO             PET2     OCN: Run extro.
20260908 013302.941 INFO             PET2     esm: RunSequence event loopLevel=   1  levelMember=   1  loopIteration=   2, current time: 2010  6  1  0 15  0   0
20260908 013302.941 INFO             PET2     ATM-TO-OCN: Run intro.
20260908 013302.941 INFO             PET2       ATM-TO-OCN: Run intro {IS}:--- StateLog() start -----------------
20260908 013302.941 INFO             PET2       ATM-TO-OCN: Run intro {IS}:<name: ATM-ExportState> <intent: ESMF_STATEINTENT_EXPORT> <itemCount:    0>
20260908 013302.941 INFO             PET2       ATM-TO-OCN: Run intro {IS}:--- StateLog() end -------------------
20260908 013302.941 INFO             PET2       ATM-TO-OCN: Run intro {ES}:--- StateLog() start -----------------
20260908 013302.941 INFO             PET2       ATM-TO-OCN: Run intro {ES}:<name: OCN-ImportState> <intent: ESMF_STATEINTENT_IMPORT> <itemCount:    0>
20260908 013302.941 INFO             PET2       ATM-TO-OCN: Run intro {ES}:--- StateLog() end -------------------
20260908 013302.941 INFO             PET2       >>>ATM-TO-OCN entered Run (phase=RunPhase1)
20260908 013302.942 INFO             PET2       ATM-TO-OCN: called default RouteHandle execution
20260908 013302.942 INFO             PET2       <<<ATM-TO-OCN leaving Run (phase=RunPhase1)
20260908 013302.942 INFO             PET2       ATM-TO-OCN: Run extro {IS}:--- StateLog() start -----------------
20260908 013302.942 INFO             PET2       ATM-TO-OCN: Run extro {IS}:<name: ATM-ExportState> <intent: ESMF_STATEINTENT_EXPORT> <itemCount:    0>
20260908 013302.942 INFO             PET2       ATM-TO-OCN: Run extro {IS}:--- StateLog() end -------------------
20260908 013302.942 INFO             PET2       ATM-TO-OCN: Run extro {ES}:--- StateLog() start -----------------
20260908 013302.942 INFO             PET2       ATM-TO-OCN: Run extro {ES}:<name: OCN-ImportState> <intent: ESMF_STATEINTENT_IMPORT> <itemCount:    0>
20260908 013302.942 INFO             PET2       ATM-TO-OCN: Run extro {ES}:--- StateLog() end -------------------
20260908 013302.942 INFO             PET2     ATM-TO-OCN: Run extro.
20260908 013302.942 INFO             PET2     OCN-TO-ATM: Run intro.
20260908 013302.942 INFO             PET2       OCN-TO-ATM: Run intro {IS}:--- StateLog() start -----------------
20260908 013302.942 INFO             PET2       OCN-TO-ATM: Run intro {IS}:<name: OCN-ExportState> <intent: ESMF_STATEINTENT_EXPORT> <itemCount:    1>
20260908 013302.942 INFO             PET2       OCN-TO-ATM: Run intro {IS}:+-<item: 0001> <itemType: Field> <itemName: sst>
20260908 013302.942 INFO             PET2       OCN-TO-ATM: Run intro {IS}:!--- FieldLog() start -----------------
20260908 013302.942 INFO             PET2       OCN-TO-ATM: Run intro {IS}:! <name: sst> <fieldStatus: ESMF_FIELDSTATUS_COMPLETE>
20260908 013302.942 INFO             PET2       OCN-TO-ATM: Run intro {IS}:! 0x7ffd5650aaa0 => 0x2186470 => 0x21846c0
20260908 013302.942 INFO             PET2       OCN-TO-ATM: Run intro {IS}:! <typekind: Real*8> <rank:    2> <dimCount:    2>
20260908 013302.942 INFO             PET2       OCN-TO-ATM: Run intro {IS}:! ! --- Array::log() start -----------------------------------
20260908 013302.942 INFO             PET2       OCN-TO-ATM: Run intro {IS}:! ! 0x2188870
20260908 013302.942 INFO             PET2       OCN-TO-ATM: Run intro {IS}:! ! <name: sst>
20260908 013302.942 INFO             PET2       OCN-TO-ATM: Run intro {IS}:! ! ! --- DistGrid::log() start --------------------------------
20260908 013302.942 INFO             PET2       OCN-TO-ATM: Run intro {IS}:! ! ! 0x2183800
20260908 013302.942 INFO             PET2       OCN-TO-ATM: Run intro {IS}:! ! ! DistGrid object is valid!<name: DG-Grid003-sloc:0>
20260908 013302.942 INFO             PET2       OCN-TO-ATM: Run intro {IS}:! ! ! --- DistGrid::log() end ----------------------------------
20260908 013302.942 INFO             PET2       OCN-TO-ATM: Run intro {IS}:! ! --- Array::log() end -------------------------------------
20260908 013302.943 INFO             PET2       OCN-TO-ATM: Run intro {IS}:!--- FieldLog() end -------------------
20260908 013302.943 INFO             PET2       OCN-TO-ATM: Run intro {IS}:--- StateLog() end -------------------
20260908 013302.943 INFO             PET2       OCN-TO-ATM: Run intro {ES}:--- StateLog() start -----------------
20260908 013302.943 INFO             PET2       OCN-TO-ATM: Run intro {ES}:<name: ATM-ImportState> <intent: ESMF_STATEINTENT_IMPORT> <itemCount:    1>
20260908 013302.943 INFO             PET2       OCN-TO-ATM: Run intro {ES}:+-<item: 0001> <itemType: State> <itemName: ATM-ImportState-namespace:OCN>
20260908 013302.943 INFO             PET2       OCN-TO-ATM: Run intro {ES}:! <name: ATM-ImportState-namespace:OCN> <intent: ESMF_STATEINTENT_IMPORT> <itemCount:    1>
20260908 013302.943 INFO             PET2       OCN-TO-ATM: Run intro {ES}:! +-<item: 0001> <itemType: Field> <itemName: sea_surface_temperature>
20260908 013302.943 INFO             PET2       OCN-TO-ATM: Run intro {ES}:! !--- FieldLog() start -----------------
20260908 013302.943 INFO             PET2       OCN-TO-ATM: Run intro {ES}:! ! <name: sea_surface_temperature> <fieldStatus: ESMF_FIELDSTATUS_COMPLETE>
20260908 013302.943 INFO             PET2       OCN-TO-ATM: Run intro {ES}:! ! 0x7ffd565092b0 => 0x21dc6b0 => 0x21df150
20260908 013302.943 INFO             PET2       OCN-TO-ATM: Run intro {ES}:! ! <typekind: Real*8> <rank:    2> <dimCount:    2>
20260908 013302.943 INFO             PET2       OCN-TO-ATM: Run intro {ES}:! ! ! --- Array::log() start -----------------------------------
20260908 013302.943 INFO             PET2       OCN-TO-ATM: Run intro {ES}:! ! ! 0x21e00b0
20260908 013302.943 INFO             PET2       OCN-TO-ATM: Run intro {ES}:! ! ! <name: sea_surface_temperature>
20260908 013302.943 INFO             PET2       OCN-TO-ATM: Run intro {ES}:! ! ! ! --- DistGrid::log() start --------------------------------
20260908 013302.943 INFO             PET2       OCN-TO-ATM: Run intro {ES}:! ! ! ! 0x21e0a10
20260908 013302.943 INFO             PET2       OCN-TO-ATM: Run intro {ES}:! ! ! ! DistGrid object is valid!<name: DG-Grid003-sloc:0>
20260908 013302.943 INFO             PET2       OCN-TO-ATM: Run intro {ES}:! ! ! ! --- DistGrid::log() end ----------------------------------
20260908 013302.943 INFO             PET2       OCN-TO-ATM: Run intro {ES}:! ! ! --- Array::log() end -------------------------------------
20260908 013302.943 INFO             PET2       OCN-TO-ATM: Run intro {ES}:! !--- FieldLog() end -------------------
20260908 013302.943 INFO             PET2       OCN-TO-ATM: Run intro {ES}:--- StateLog() end -------------------
20260908 013302.943 INFO             PET2       >>>OCN-TO-ATM entered Run (phase=RunPhase1)
20260908 013302.944 INFO             PET2       OCN-TO-ATM: called default RouteHandle execution
20260908 013302.944 INFO             PET2       <<<OCN-TO-ATM leaving Run (phase=RunPhase1)
20260908 013302.944 INFO             PET2       OCN-TO-ATM: Run extro {IS}:--- StateLog() start -----------------
20260908 013302.944 INFO             PET2       OCN-TO-ATM: Run extro {IS}:<name: OCN-ExportState> <intent: ESMF_STATEINTENT_EXPORT> <itemCount:    1>
20260908 013302.944 INFO             PET2       OCN-TO-ATM: Run extro {IS}:+-<item: 0001> <itemType: Field> <itemName: sst>
20260908 013302.944 INFO             PET2       OCN-TO-ATM: Run extro {IS}:!--- FieldLog() start -----------------
20260908 013302.944 INFO             PET2       OCN-TO-ATM: Run extro {IS}:! <name: sst> <fieldStatus: ESMF_FIELDSTATUS_COMPLETE>
20260908 013302.944 INFO             PET2       OCN-TO-ATM: Run extro {IS}:! 0x7ffd5650ac70 => 0x2186470 => 0x21846c0
20260908 013302.944 INFO             PET2       OCN-TO-ATM: Run extro {IS}:! <typekind: Real*8> <rank:    2> <dimCount:    2>
20260908 013302.944 INFO             PET2       OCN-TO-ATM: Run extro {IS}:! ! --- Array::log() start -----------------------------------
20260908 013302.944 INFO             PET2       OCN-TO-ATM: Run extro {IS}:! ! 0x2188870
20260908 013302.944 INFO             PET2       OCN-TO-ATM: Run extro {IS}:! ! <name: sst>
20260908 013302.944 INFO             PET2       OCN-TO-ATM: Run extro {IS}:! ! ! --- DistGrid::log() start --------------------------------
20260908 013302.944 INFO             PET2       OCN-TO-ATM: Run extro {IS}:! ! ! 0x2183800
20260908 013302.944 INFO             PET2       OCN-TO-ATM: Run extro {IS}:! ! ! DistGrid object is valid!<name: DG-Grid003-sloc:0>
20260908 013302.944 INFO             PET2       OCN-TO-ATM: Run extro {IS}:! ! ! --- DistGrid::log() end ----------------------------------
20260908 013302.944 INFO             PET2       OCN-TO-ATM: Run extro {IS}:! ! --- Array::log() end -------------------------------------
20260908 013302.944 INFO             PET2       OCN-TO-ATM: Run extro {IS}:!--- FieldLog() end -------------------
20260908 013302.944 INFO             PET2       OCN-TO-ATM: Run extro {IS}:--- StateLog() end -------------------
20260908 013302.944 INFO             PET2       OCN-TO-ATM: Run extro {ES}:--- StateLog() start -----------------
20260908 013302.944 INFO             PET2       OCN-TO-ATM: Run extro {ES}:<name: ATM-ImportState> <intent: ESMF_STATEINTENT_IMPORT> <itemCount:    1>
20260908 013302.944 INFO             PET2       OCN-TO-ATM: Run extro {ES}:+-<item: 0001> <itemType: State> <itemName: ATM-ImportState-namespace:OCN>
20260908 013302.944 INFO             PET2       OCN-TO-ATM: Run extro {ES}:! <name: ATM-ImportState-namespace:OCN> <intent: ESMF_STATEINTENT_IMPORT> <itemCount:    1>
20260908 013302.944 INFO             PET2       OCN-TO-ATM: Run extro {ES}:! +-<item: 0001> <itemType: Field> <itemName: sea_surface_temperature>
20260908 013302.944 INFO             PET2       OCN-TO-ATM: Run extro {ES}:! !--- FieldLog() start -----------------
20260908 013302.944 INFO             PET2       OCN-TO-ATM: Run extro {ES}:! ! <name: sea_surface_temperature> <fieldStatus: ESMF_FIELDSTATUS_COMPLETE>
20260908 013302.944 INFO             PET2       OCN-TO-ATM: Run extro {ES}:! ! 0x7ffd56509480 => 0x21dc6b0 => 0x21df150
20260908 013302.944 INFO             PET2       OCN-TO-ATM: Run extro {ES}:! ! <typekind: Real*8> <rank:    2> <dimCount:    2>
20260908 013302.944 INFO             PET2       OCN-TO-ATM: Run extro {ES}:! ! ! --- Array::log() start -----------------------------------
20260908 013302.944 INFO             PET2       OCN-TO-ATM: Run extro {ES}:! ! ! 0x21e00b0
20260908 013302.944 INFO             PET2       OCN-TO-ATM: Run extro {ES}:! ! ! <name: sea_surface_temperature>
20260908 013302.944 INFO             PET2       OCN-TO-ATM: Run extro {ES}:! ! ! ! --- DistGrid::log() start --------------------------------
20260908 013302.944 INFO             PET2       OCN-TO-ATM: Run extro {ES}:! ! ! ! 0x21e0a10
20260908 013302.944 INFO             PET2       OCN-TO-ATM: Run extro {ES}:! ! ! ! DistGrid object is valid!<name: DG-Grid003-sloc:0>
20260908 013302.944 INFO             PET2       OCN-TO-ATM: Run extro {ES}:! ! ! ! --- DistGrid::log() end ----------------------------------
20260908 013302.945 INFO             PET2       OCN-TO-ATM: Run extro {ES}:! ! ! --- Array::log() end -------------------------------------
20260908 013302.945 INFO             PET2       OCN-TO-ATM: Run extro {ES}:! !--- FieldLog() end -------------------
20260908 013302.945 INFO             PET2       OCN-TO-ATM: Run extro {ES}:--- StateLog() end -------------------
20260908 013302.945 INFO             PET2     OCN-TO-ATM: Run extro.
20260908 013302.945 INFO             PET2     OCN: Run intro.
20260908 013302.945 INFO             PET2       OCN: Run intro {IS}:--- StateLog() start -----------------
20260908 013302.945 INFO             PET2       OCN: Run intro {IS}:<name: OCN-ImportState> <intent: ESMF_STATEINTENT_IMPORT> <itemCount:    0>
20260908 013302.945 INFO             PET2       OCN: Run intro {IS}:--- StateLog() end -------------------
20260908 013302.945 INFO             PET2       OCN: Run intro {ES}:--- StateLog() start -----------------
20260908 013302.945 INFO             PET2       OCN: Run intro {ES}:<name: OCN-ExportState> <intent: ESMF_STATEINTENT_EXPORT> <itemCount:    1>
20260908 013302.945 INFO             PET2       OCN: Run intro {ES}:+-<item: 0001> <itemType: Field> <itemName: sst>
20260908 013302.945 INFO             PET2       OCN: Run intro {ES}:!--- FieldLog() start -----------------
20260908 013302.945 INFO             PET2       OCN: Run intro {ES}:! <name: sst> <fieldStatus: ESMF_FIELDSTATUS_COMPLETE>
20260908 013302.945 INFO             PET2       OCN: Run intro {ES}:! 0x7ffd565092c0 => 0x2186470 => 0x21846c0
20260908 013302.945 INFO             PET2       OCN: Run intro {ES}:! <typekind: Real*8> <rank:    2> <dimCount:    2>
20260908 013302.945 INFO             PET2       OCN: Run intro {ES}:! ! --- Array::log() start -----------------------------------
20260908 013302.945 INFO             PET2       OCN: Run intro {ES}:! ! 0x2188870
20260908 013302.945 INFO             PET2       OCN: Run intro {ES}:! ! <name: sst>
20260908 013302.945 INFO             PET2       OCN: Run intro {ES}:! ! ! --- DistGrid::log() start --------------------------------
20260908 013302.946 INFO             PET2       OCN: Run intro {ES}:! ! ! 0x2183800
20260908 013302.946 INFO             PET2       OCN: Run intro {ES}:! ! ! DistGrid object is valid!<name: DG-Grid003-sloc:0>
20260908 013302.946 INFO             PET2       OCN: Run intro {ES}:! ! ! --- DistGrid::log() end ----------------------------------
20260908 013302.946 INFO             PET2       OCN: Run intro {ES}:! ! --- Array::log() end -------------------------------------
20260908 013302.946 INFO             PET2       OCN: Run intro {ES}:!--- FieldLog() end -------------------
20260908 013302.946 INFO             PET2       OCN: Run intro {ES}:--- StateLog() end -------------------
20260908 013302.946 INFO             PET2       >>>OCN: entered Run (phase=RunPhase1) with current time: 2010  6  1  0 15  0   0
20260908 013302.946 INFO             PET2       OCN: time step-loop starting, current time: 2010  6  1  0 15  0   0
20260908 013302.946 INFO             PET2       ------>Advancing OCN from: 2010  6  1  0 15  0   0
20260908 013302.946 INFO             PET2       ---------------------> to: 2010  6  1  0 20  0   0
20260908 013302.946 INFO             PET2       OCN: time step-loop ending,   current time: 2010  6  1  0 20  0   0
20260908 013302.946 INFO             PET2       OCN: time step-loop starting, current time: 2010  6  1  0 20  0   0
20260908 013302.947 INFO             PET2       ------>Advancing OCN from: 2010  6  1  0 20  0   0
20260908 013302.947 INFO             PET2       ---------------------> to: 2010  6  1  0 25  0   0
20260908 013302.947 INFO             PET2       OCN: time step-loop ending,   current time: 2010  6  1  0 25  0   0
20260908 013302.947 INFO             PET2       OCN: time step-loop starting, current time: 2010  6  1  0 25  0   0
20260908 013302.947 INFO             PET2       ------>Advancing OCN from: 2010  6  1  0 25  0   0
20260908 013302.947 INFO             PET2       ---------------------> to: 2010  6  1  0 30  0   0
20260908 013302.947 INFO             PET2       OCN: time step-loop ending,   current time: 2010  6  1  0 30  0   0
20260908 013302.947 INFO             PET2       <<<OCN: leaving Run (phase=RunPhase1) with current time: 2010  6  1  0 30  0   0
20260908 013302.947 INFO             PET2       OCN: Run extro {IS}:--- StateLog() start -----------------
20260908 013302.948 INFO             PET2       OCN: Run extro {IS}:<name: OCN-ImportState> <intent: ESMF_STATEINTENT_IMPORT> <itemCount:    0>
20260908 013302.948 INFO             PET2       OCN: Run extro {IS}:--- StateLog() end -------------------
20260908 013302.948 INFO             PET2       OCN: Run extro {ES}:--- StateLog() start -----------------
20260908 013302.948 INFO             PET2       OCN: Run extro {ES}:<name: OCN-ExportState> <intent: ESMF_STATEINTENT_EXPORT> <itemCount:    1>
20260908 013302.948 INFO             PET2       OCN: Run extro {ES}:+-<item: 0001> <itemType: Field> <itemName: sst>
20260908 013302.948 INFO             PET2       OCN: Run extro {ES}:!--- FieldLog() start -----------------
20260908 013302.948 INFO             PET2       OCN: Run extro {ES}:! <name: sst> <fieldStatus: ESMF_FIELDSTATUS_COMPLETE>
20260908 013302.948 INFO             PET2       OCN: Run extro {ES}:! 0x7ffd56509490 => 0x2186470 => 0x21846c0
20260908 013302.948 INFO             PET2       OCN: Run extro {ES}:! <typekind: Real*8> <rank:    2> <dimCount:    2>
20260908 013302.948 INFO             PET2       OCN: Run extro {ES}:! ! --- Array::log() start -----------------------------------
20260908 013302.948 INFO             PET2       OCN: Run extro {ES}:! ! 0x2188870
20260908 013302.948 INFO             PET2       OCN: Run extro {ES}:! ! <name: sst>
20260908 013302.948 INFO             PET2       OCN: Run extro {ES}:! ! ! --- DistGrid::log() start --------------------------------
20260908 013302.948 INFO             PET2       OCN: Run extro {ES}:! ! ! 0x2183800
20260908 013302.948 INFO             PET2       OCN: Run extro {ES}:! ! ! DistGrid object is valid!<name: DG-Grid003-sloc:0>
20260908 013302.948 INFO             PET2       OCN: Run extro {ES}:! ! ! --- DistGrid::log() end ----------------------------------
20260908 013302.948 INFO             PET2       OCN: Run extro {ES}:! ! --- Array::log() end -------------------------------------
20260908 013302.948 INFO             PET2       OCN: Run extro {ES}:!--- FieldLog() end -------------------
20260908 013302.948 INFO             PET2       OCN: Run extro {ES}:--- StateLog() end -------------------
20260908 013302.948 INFO             PET2     OCN: Run extro.
20260908 013302.948 INFO             PET2     esm: RunSequence event loopLevel=   1  levelMember=   1  loopIteration=   3, current time: 2010  6  1  0 30  0   0
20260908 013302.948 INFO             PET2     ATM-TO-OCN: Run intro.
20260908 013302.948 INFO             PET2       ATM-TO-OCN: Run intro {IS}:--- StateLog() start -----------------
20260908 013302.949 INFO             PET2       ATM-TO-OCN: Run intro {IS}:<name: ATM-ExportState> <intent: ESMF_STATEINTENT_EXPORT> <itemCount:    0>
20260908 013302.949 INFO             PET2       ATM-TO-OCN: Run intro {IS}:--- StateLog() end -------------------
20260908 013302.949 INFO             PET2       ATM-TO-OCN: Run intro {ES}:--- StateLog() start -----------------
20260908 013302.949 INFO             PET2       ATM-TO-OCN: Run intro {ES}:<name: OCN-ImportState> <intent: ESMF_STATEINTENT_IMPORT> <itemCount:    0>
20260908 013302.949 INFO             PET2       ATM-TO-OCN: Run intro {ES}:--- StateLog() end -------------------
20260908 013302.949 INFO             PET2       >>>ATM-TO-OCN entered Run (phase=RunPhase1)
20260908 013302.949 INFO             PET2       ATM-TO-OCN: called default RouteHandle execution
20260908 013302.949 INFO             PET2       <<<ATM-TO-OCN leaving Run (phase=RunPhase1)
20260908 013302.949 INFO             PET2       ATM-TO-OCN: Run extro {IS}:--- StateLog() start -----------------
20260908 013302.949 INFO             PET2       ATM-TO-OCN: Run extro {IS}:<name: ATM-ExportState> <intent: ESMF_STATEINTENT_EXPORT> <itemCount:    0>
20260908 013302.949 INFO             PET2       ATM-TO-OCN: Run extro {IS}:--- StateLog() end -------------------
20260908 013302.949 INFO             PET2       ATM-TO-OCN: Run extro {ES}:--- StateLog() start -----------------
20260908 013302.949 INFO             PET2       ATM-TO-OCN: Run extro {ES}:<name: OCN-ImportState> <intent: ESMF_STATEINTENT_IMPORT> <itemCount:    0>
20260908 013302.949 INFO             PET2       ATM-TO-OCN: Run extro {ES}:--- StateLog() end -------------------
20260908 013302.949 INFO             PET2     ATM-TO-OCN: Run extro.
20260908 013302.949 INFO             PET2     OCN-TO-ATM: Run intro.
20260908 013302.949 INFO             PET2       OCN-TO-ATM: Run intro {IS}:--- StateLog() start -----------------
20260908 013302.949 INFO             PET2       OCN-TO-ATM: Run intro {IS}:<name: OCN-ExportState> <intent: ESMF_STATEINTENT_EXPORT> <itemCount:    1>
20260908 013302.949 INFO             PET2       OCN-TO-ATM: Run intro {IS}:+-<item: 0001> <itemType: Field> <itemName: sst>
20260908 013302.949 INFO             PET2       OCN-TO-ATM: Run intro {IS}:!--- FieldLog() start -----------------
20260908 013302.949 INFO             PET2       OCN-TO-ATM: Run intro {IS}:! <name: sst> <fieldStatus: ESMF_FIELDSTATUS_COMPLETE>
20260908 013302.949 INFO             PET2       OCN-TO-ATM: Run intro {IS}:! 0x7ffd5650aaa0 => 0x2186470 => 0x21846c0
20260908 013302.949 INFO             PET2       OCN-TO-ATM: Run intro {IS}:! <typekind: Real*8> <rank:    2> <dimCount:    2>
20260908 013302.949 INFO             PET2       OCN-TO-ATM: Run intro {IS}:! ! --- Array::log() start -----------------------------------
20260908 013302.949 INFO             PET2       OCN-TO-ATM: Run intro {IS}:! ! 0x2188870
20260908 013302.949 INFO             PET2       OCN-TO-ATM: Run intro {IS}:! ! <name: sst>
20260908 013302.950 INFO             PET2       OCN-TO-ATM: Run intro {IS}:! ! ! --- DistGrid::log() start --------------------------------
20260908 013302.950 INFO             PET2       OCN-TO-ATM: Run intro {IS}:! ! ! 0x2183800
20260908 013302.950 INFO             PET2       OCN-TO-ATM: Run intro {IS}:! ! ! DistGrid object is valid!<name: DG-Grid003-sloc:0>
20260908 013302.950 INFO             PET2       OCN-TO-ATM: Run intro {IS}:! ! ! --- DistGrid::log() end ----------------------------------
20260908 013302.950 INFO             PET2       OCN-TO-ATM: Run intro {IS}:! ! --- Array::log() end -------------------------------------
20260908 013302.950 INFO             PET2       OCN-TO-ATM: Run intro {IS}:!--- FieldLog() end -------------------
20260908 013302.950 INFO             PET2       OCN-TO-ATM: Run intro {IS}:--- StateLog() end -------------------
20260908 013302.950 INFO             PET2       OCN-TO-ATM: Run intro {ES}:--- StateLog() start -----------------
20260908 013302.950 INFO             PET2       OCN-TO-ATM: Run intro {ES}:<name: ATM-ImportState> <intent: ESMF_STATEINTENT_IMPORT> <itemCount:    1>
20260908 013302.950 INFO             PET2       OCN-TO-ATM: Run intro {ES}:+-<item: 0001> <itemType: State> <itemName: ATM-ImportState-namespace:OCN>
20260908 013302.950 INFO             PET2       OCN-TO-ATM: Run intro {ES}:! <name: ATM-ImportState-namespace:OCN> <intent: ESMF_STATEINTENT_IMPORT> <itemCount:    1>
20260908 013302.950 INFO             PET2       OCN-TO-ATM: Run intro {ES}:! +-<item: 0001> <itemType: Field> <itemName: sea_surface_temperature>
20260908 013302.950 INFO             PET2       OCN-TO-ATM: Run intro {ES}:! !--- FieldLog() start -----------------
20260908 013302.950 INFO             PET2       OCN-TO-ATM: Run intro {ES}:! ! <name: sea_surface_temperature> <fieldStatus: ESMF_FIELDSTATUS_COMPLETE>
20260908 013302.950 INFO             PET2       OCN-TO-ATM: Run intro {ES}:! ! 0x7ffd565092b0 => 0x21dc6b0 => 0x21df150
20260908 013302.950 INFO             PET2       OCN-TO-ATM: Run intro {ES}:! ! <typekind: Real*8> <rank:    2> <dimCount:    2>
20260908 013302.950 INFO             PET2       OCN-TO-ATM: Run intro {ES}:! ! ! --- Array::log() start -----------------------------------
20260908 013302.950 INFO             PET2       OCN-TO-ATM: Run intro {ES}:! ! ! 0x21e00b0
20260908 013302.950 INFO             PET2       OCN-TO-ATM: Run intro {ES}:! ! ! <name: sea_surface_temperature>
20260908 013302.950 INFO             PET2       OCN-TO-ATM: Run intro {ES}:! ! ! ! --- DistGrid::log() start --------------------------------
20260908 013302.950 INFO             PET2       OCN-TO-ATM: Run intro {ES}:! ! ! ! 0x21e0a10
20260908 013302.950 INFO             PET2       OCN-TO-ATM: Run intro {ES}:! ! ! ! DistGrid object is valid!<name: DG-Grid003-sloc:0>
20260908 013302.950 INFO             PET2       OCN-TO-ATM: Run intro {ES}:! ! ! ! --- DistGrid::log() end ----------------------------------
20260908 013302.950 INFO             PET2       OCN-TO-ATM: Run intro {ES}:! ! ! --- Array::log() end -------------------------------------
20260908 013302.950 INFO             PET2       OCN-TO-ATM: Run intro {ES}:! !--- FieldLog() end -------------------
20260908 013302.950 INFO             PET2       OCN-TO-ATM: Run intro {ES}:--- StateLog() end -------------------
20260908 013302.950 INFO             PET2       >>>OCN-TO-ATM entered Run (phase=RunPhase1)
20260908 013302.951 INFO             PET2       OCN-TO-ATM: called default RouteHandle execution
20260908 013302.951 INFO             PET2       <<<OCN-TO-ATM leaving Run (phase=RunPhase1)
20260908 013302.951 INFO             PET2       OCN-TO-ATM: Run extro {IS}:--- StateLog() start -----------------
20260908 013302.951 INFO             PET2       OCN-TO-ATM: Run extro {IS}:<name: OCN-ExportState> <intent: ESMF_STATEINTENT_EXPORT> <itemCount:    1>
20260908 013302.951 INFO             PET2       OCN-TO-ATM: Run extro {IS}:+-<item: 0001> <itemType: Field> <itemName: sst>
20260908 013302.951 INFO             PET2       OCN-TO-ATM: Run extro {IS}:!--- FieldLog() start -----------------
20260908 013302.951 INFO             PET2       OCN-TO-ATM: Run extro {IS}:! <name: sst> <fieldStatus: ESMF_FIELDSTATUS_COMPLETE>
20260908 013302.951 INFO             PET2       OCN-TO-ATM: Run extro {IS}:! 0x7ffd5650ac70 => 0x2186470 => 0x21846c0
20260908 013302.951 INFO             PET2       OCN-TO-ATM: Run extro {IS}:! <typekind: Real*8> <rank:    2> <dimCount:    2>
20260908 013302.951 INFO             PET2       OCN-TO-ATM: Run extro {IS}:! ! --- Array::log() start -----------------------------------
20260908 013302.951 INFO             PET2       OCN-TO-ATM: Run extro {IS}:! ! 0x2188870
20260908 013302.951 INFO             PET2       OCN-TO-ATM: Run extro {IS}:! ! <name: sst>
20260908 013302.951 INFO             PET2       OCN-TO-ATM: Run extro {IS}:! ! ! --- DistGrid::log() start --------------------------------
20260908 013302.951 INFO             PET2       OCN-TO-ATM: Run extro {IS}:! ! ! 0x2183800
20260908 013302.951 INFO             PET2       OCN-TO-ATM: Run extro {IS}:! ! ! DistGrid object is valid!<name: DG-Grid003-sloc:0>
20260908 013302.951 INFO             PET2       OCN-TO-ATM: Run extro {IS}:! ! ! --- DistGrid::log() end ----------------------------------
20260908 013302.951 INFO             PET2       OCN-TO-ATM: Run extro {IS}:! ! --- Array::log() end -------------------------------------
20260908 013302.951 INFO             PET2       OCN-TO-ATM: Run extro {IS}:!--- FieldLog() end -------------------
20260908 013302.951 INFO             PET2       OCN-TO-ATM: Run extro {IS}:--- StateLog() end -------------------
20260908 013302.951 INFO             PET2       OCN-TO-ATM: Run extro {ES}:--- StateLog() start -----------------
20260908 013302.951 INFO             PET2       OCN-TO-ATM: Run extro {ES}:<name: ATM-ImportState> <intent: ESMF_STATEINTENT_IMPORT> <itemCount:    1>
20260908 013302.951 INFO             PET2       OCN-TO-ATM: Run extro {ES}:+-<item: 0001> <itemType: State> <itemName: ATM-ImportState-namespace:OCN>
20260908 013302.951 INFO             PET2       OCN-TO-ATM: Run extro {ES}:! <name: ATM-ImportState-namespace:OCN> <intent: ESMF_STATEINTENT_IMPORT> <itemCount:    1>
20260908 013302.951 INFO             PET2       OCN-TO-ATM: Run extro {ES}:! +-<item: 0001> <itemType: Field> <itemName: sea_surface_temperature>
20260908 013302.951 INFO             PET2       OCN-TO-ATM: Run extro {ES}:! !--- FieldLog() start -----------------
20260908 013302.951 INFO             PET2       OCN-TO-ATM: Run extro {ES}:! ! <name: sea_surface_temperature> <fieldStatus: ESMF_FIELDSTATUS_COMPLETE>
20260908 013302.951 INFO             PET2       OCN-TO-ATM: Run extro {ES}:! ! 0x7ffd56509480 => 0x21dc6b0 => 0x21df150
20260908 013302.951 INFO             PET2       OCN-TO-ATM: Run extro {ES}:! ! <typekind: Real*8> <rank:    2> <dimCount:    2>
20260908 013302.952 INFO             PET2       OCN-TO-ATM: Run extro {ES}:! ! ! --- Array::log() start -----------------------------------
20260908 013302.952 INFO             PET2       OCN-TO-ATM: Run extro {ES}:! ! ! 0x21e00b0
20260908 013302.952 INFO             PET2       OCN-TO-ATM: Run extro {ES}:! ! ! <name: sea_surface_temperature>
20260908 013302.952 INFO             PET2       OCN-TO-ATM: Run extro {ES}:! ! ! ! --- DistGrid::log() start --------------------------------
20260908 013302.952 INFO             PET2       OCN-TO-ATM: Run extro {ES}:! ! ! ! 0x21e0a10
20260908 013302.952 INFO             PET2       OCN-TO-ATM: Run extro {ES}:! ! ! ! DistGrid object is valid!<name: DG-Grid003-sloc:0>
20260908 013302.952 INFO             PET2       OCN-TO-ATM: Run extro {ES}:! ! ! ! --- DistGrid::log() end ----------------------------------
20260908 013302.952 INFO             PET2       OCN-TO-ATM: Run extro {ES}:! ! ! --- Array::log() end -------------------------------------
20260908 013302.952 INFO             PET2       OCN-TO-ATM: Run extro {ES}:! !--- FieldLog() end -------------------
20260908 013302.952 INFO             PET2       OCN-TO-ATM: Run extro {ES}:--- StateLog() end -------------------
20260908 013302.952 INFO             PET2     OCN-TO-ATM: Run extro.
20260908 013302.952 INFO             PET2     OCN: Run intro.
20260908 013302.952 INFO             PET2       OCN: Run intro {IS}:--- StateLog() start -----------------
20260908 013302.952 INFO             PET2       OCN: Run intro {IS}:<name: OCN-ImportState> <intent: ESMF_STATEINTENT_IMPORT> <itemCount:    0>
20260908 013302.952 INFO             PET2       OCN: Run intro {IS}:--- StateLog() end -------------------
20260908 013302.952 INFO             PET2       OCN: Run intro {ES}:--- StateLog() start -----------------
20260908 013302.952 INFO             PET2       OCN: Run intro {ES}:<name: OCN-ExportState> <intent: ESMF_STATEINTENT_EXPORT> <itemCount:    1>
20260908 013302.952 INFO             PET2       OCN: Run intro {ES}:+-<item: 0001> <itemType: Field> <itemName: sst>
20260908 013302.952 INFO             PET2       OCN: Run intro {ES}:!--- FieldLog() start -----------------
20260908 013302.953 INFO             PET2       OCN: Run intro {ES}:! <name: sst> <fieldStatus: ESMF_FIELDSTATUS_COMPLETE>
20260908 013302.953 INFO             PET2       OCN: Run intro {ES}:! 0x7ffd565092c0 => 0x2186470 => 0x21846c0
20260908 013302.953 INFO             PET2       OCN: Run intro {ES}:! <typekind: Real*8> <rank:    2> <dimCount:    2>
20260908 013302.953 INFO             PET2       OCN: Run intro {ES}:! ! --- Array::log() start -----------------------------------
20260908 013302.953 INFO             PET2       OCN: Run intro {ES}:! ! 0x2188870
20260908 013302.953 INFO             PET2       OCN: Run intro {ES}:! ! <name: sst>
20260908 013302.953 INFO             PET2       OCN: Run intro {ES}:! ! ! --- DistGrid::log() start --------------------------------
20260908 013302.953 INFO             PET2       OCN: Run intro {ES}:! ! ! 0x2183800
20260908 013302.953 INFO             PET2       OCN: Run intro {ES}:! ! ! DistGrid object is valid!<name: DG-Grid003-sloc:0>
20260908 013302.953 INFO             PET2       OCN: Run intro {ES}:! ! ! --- DistGrid::log() end ----------------------------------
20260908 013302.953 INFO             PET2       OCN: Run intro {ES}:! ! --- Array::log() end -------------------------------------
20260908 013302.953 INFO             PET2       OCN: Run intro {ES}:!--- FieldLog() end -------------------
20260908 013302.953 INFO             PET2       OCN: Run intro {ES}:--- StateLog() end -------------------
20260908 013302.953 INFO             PET2       >>>OCN: entered Run (phase=RunPhase1) with current time: 2010  6  1  0 30  0   0
20260908 013302.953 INFO             PET2       OCN: time step-loop starting, current time: 2010  6  1  0 30  0   0
20260908 013302.953 INFO             PET2       ------>Advancing OCN from: 2010  6  1  0 30  0   0
20260908 013302.953 INFO             PET2       ---------------------> to: 2010  6  1  0 35  0   0
20260908 013302.954 INFO             PET2       OCN: time step-loop ending,   current time: 2010  6  1  0 35  0   0
20260908 013302.954 INFO             PET2       OCN: time step-loop starting, current time: 2010  6  1  0 35  0   0
20260908 013302.954 INFO             PET2       ------>Advancing OCN from: 2010  6  1  0 35  0   0
20260908 013302.954 INFO             PET2       ---------------------> to: 2010  6  1  0 40  0   0
20260908 013302.954 INFO             PET2       OCN: time step-loop ending,   current time: 2010  6  1  0 40  0   0
20260908 013302.954 INFO             PET2       OCN: time step-loop starting, current time: 2010  6  1  0 40  0   0
20260908 013302.954 INFO             PET2       ------>Advancing OCN from: 2010  6  1  0 40  0   0
20260908 013302.954 INFO             PET2       ---------------------> to: 2010  6  1  0 45  0   0
20260908 013302.955 INFO             PET2       OCN: time step-loop ending,   current time: 2010  6  1  0 45  0   0
20260908 013302.955 INFO             PET2       <<<OCN: leaving Run (phase=RunPhase1) with current time: 2010  6  1  0 45  0   0
20260908 013302.955 INFO             PET2       OCN: Run extro {IS}:--- StateLog() start -----------------
20260908 013302.955 INFO             PET2       OCN: Run extro {IS}:<name: OCN-ImportState> <intent: ESMF_STATEINTENT_IMPORT> <itemCount:    0>
20260908 013302.955 INFO             PET2       OCN: Run extro {IS}:--- StateLog() end -------------------
20260908 013302.955 INFO             PET2       OCN: Run extro {ES}:--- StateLog() start -----------------
20260908 013302.955 INFO             PET2       OCN: Run extro {ES}:<name: OCN-ExportState> <intent: ESMF_STATEINTENT_EXPORT> <itemCount:    1>
20260908 013302.955 INFO             PET2       OCN: Run extro {ES}:+-<item: 0001> <itemType: Field> <itemName: sst>
20260908 013302.955 INFO             PET2       OCN: Run extro {ES}:!--- FieldLog() start -----------------
20260908 013302.955 INFO             PET2       OCN: Run extro {ES}:! <name: sst> <fieldStatus: ESMF_FIELDSTATUS_COMPLETE>
20260908 013302.955 INFO             PET2       OCN: Run extro {ES}:! 0x7ffd56509490 => 0x2186470 => 0x21846c0
20260908 013302.955 INFO             PET2       OCN: Run extro {ES}:! <typekind: Real*8> <rank:    2> <dimCount:    2>
20260908 013302.955 INFO             PET2       OCN: Run extro {ES}:! ! --- Array::log() start -----------------------------------
20260908 013302.955 INFO             PET2       OCN: Run extro {ES}:! ! 0x2188870
20260908 013302.955 INFO             PET2       OCN: Run extro {ES}:! ! <name: sst>
20260908 013302.955 INFO             PET2       OCN: Run extro {ES}:! ! ! --- DistGrid::log() start --------------------------------
20260908 013302.955 INFO             PET2       OCN: Run extro {ES}:! ! ! 0x2183800
20260908 013302.955 INFO             PET2       OCN: Run extro {ES}:! ! ! DistGrid object is valid!<name: DG-Grid003-sloc:0>
20260908 013302.955 INFO             PET2       OCN: Run extro {ES}:! ! ! --- DistGrid::log() end ----------------------------------
20260908 013302.955 INFO             PET2       OCN: Run extro {ES}:! ! --- Array::log() end -------------------------------------
20260908 013302.955 INFO             PET2       OCN: Run extro {ES}:!--- FieldLog() end -------------------
20260908 013302.955 INFO             PET2       OCN: Run extro {ES}:--- StateLog() end -------------------
20260908 013302.955 INFO             PET2     OCN: Run extro.
20260908 013302.955 INFO             PET2     esm: RunSequence event loopLevel=   1  levelMember=   1  loopIteration=   4, current time: 2010  6  1  0 45  0   0
20260908 013302.956 INFO             PET2     ATM-TO-OCN: Run intro.
20260908 013302.956 INFO             PET2       ATM-TO-OCN: Run intro {IS}:--- StateLog() start -----------------
20260908 013302.956 INFO             PET2       ATM-TO-OCN: Run intro {IS}:<name: ATM-ExportState> <intent: ESMF_STATEINTENT_EXPORT> <itemCount:    0>
20260908 013302.956 INFO             PET2       ATM-TO-OCN: Run intro {IS}:--- StateLog() end -------------------
20260908 013302.956 INFO             PET2       ATM-TO-OCN: Run intro {ES}:--- StateLog() start -----------------
20260908 013302.956 INFO             PET2       ATM-TO-OCN: Run intro {ES}:<name: OCN-ImportState> <intent: ESMF_STATEINTENT_IMPORT> <itemCount:    0>
20260908 013302.956 INFO             PET2       ATM-TO-OCN: Run intro {ES}:--- StateLog() end -------------------
20260908 013302.956 INFO             PET2       >>>ATM-TO-OCN entered Run (phase=RunPhase1)
20260908 013302.956 INFO             PET2       ATM-TO-OCN: called default RouteHandle execution
20260908 013302.956 INFO             PET2       <<<ATM-TO-OCN leaving Run (phase=RunPhase1)
20260908 013302.956 INFO             PET2       ATM-TO-OCN: Run extro {IS}:--- StateLog() start -----------------
20260908 013302.956 INFO             PET2       ATM-TO-OCN: Run extro {IS}:<name: ATM-ExportState> <intent: ESMF_STATEINTENT_EXPORT> <itemCount:    0>
20260908 013302.956 INFO             PET2       ATM-TO-OCN: Run extro {IS}:--- StateLog() end -------------------
20260908 013302.956 INFO             PET2       ATM-TO-OCN: Run extro {ES}:--- StateLog() start -----------------
20260908 013302.956 INFO             PET2       ATM-TO-OCN: Run extro {ES}:<name: OCN-ImportState> <intent: ESMF_STATEINTENT_IMPORT> <itemCount:    0>
20260908 013302.956 INFO             PET2       ATM-TO-OCN: Run extro {ES}:--- StateLog() end -------------------
20260908 013302.956 INFO             PET2     ATM-TO-OCN: Run extro.
20260908 013302.956 INFO             PET2     OCN-TO-ATM: Run intro.
20260908 013302.956 INFO             PET2       OCN-TO-ATM: Run intro {IS}:--- StateLog() start -----------------
20260908 013302.957 INFO             PET2       OCN-TO-ATM: Run intro {IS}:<name: OCN-ExportState> <intent: ESMF_STATEINTENT_EXPORT> <itemCount:    1>
20260908 013302.957 INFO             PET2       OCN-TO-ATM: Run intro {IS}:+-<item: 0001> <itemType: Field> <itemName: sst>
20260908 013302.957 INFO             PET2       OCN-TO-ATM: Run intro {IS}:!--- FieldLog() start -----------------
20260908 013302.957 INFO             PET2       OCN-TO-ATM: Run intro {IS}:! <name: sst> <fieldStatus: ESMF_FIELDSTATUS_COMPLETE>
20260908 013302.957 INFO             PET2       OCN-TO-ATM: Run intro {IS}:! 0x7ffd5650aaa0 => 0x2186470 => 0x21846c0
20260908 013302.957 INFO             PET2       OCN-TO-ATM: Run intro {IS}:! <typekind: Real*8> <rank:    2> <dimCount:    2>
20260908 013302.957 INFO             PET2       OCN-TO-ATM: Run intro {IS}:! ! --- Array::log() start -----------------------------------
20260908 013302.957 INFO             PET2       OCN-TO-ATM: Run intro {IS}:! ! 0x2188870
20260908 013302.957 INFO             PET2       OCN-TO-ATM: Run intro {IS}:! ! <name: sst>
20260908 013302.957 INFO             PET2       OCN-TO-ATM: Run intro {IS}:! ! ! --- DistGrid::log() start --------------------------------
20260908 013302.957 INFO             PET2       OCN-TO-ATM: Run intro {IS}:! ! ! 0x2183800
20260908 013302.957 INFO             PET2       OCN-TO-ATM: Run intro {IS}:! ! ! DistGrid object is valid!<name: DG-Grid003-sloc:0>
20260908 013302.957 INFO             PET2       OCN-TO-ATM: Run intro {IS}:! ! ! --- DistGrid::log() end ----------------------------------
20260908 013302.957 INFO             PET2       OCN-TO-ATM: Run intro {IS}:! ! --- Array::log() end -------------------------------------
20260908 013302.957 INFO             PET2       OCN-TO-ATM: Run intro {IS}:!--- FieldLog() end -------------------
20260908 013302.957 INFO             PET2       OCN-TO-ATM: Run intro {IS}:--- StateLog() end -------------------
20260908 013302.957 INFO             PET2       OCN-TO-ATM: Run intro {ES}:--- StateLog() start -----------------
20260908 013302.957 INFO             PET2       OCN-TO-ATM: Run intro {ES}:<name: ATM-ImportState> <intent: ESMF_STATEINTENT_IMPORT> <itemCount:    1>
20260908 013302.957 INFO             PET2       OCN-TO-ATM: Run intro {ES}:+-<item: 0001> <itemType: State> <itemName: ATM-ImportState-namespace:OCN>
20260908 013302.957 INFO             PET2       OCN-TO-ATM: Run intro {ES}:! <name: ATM-ImportState-namespace:OCN> <intent: ESMF_STATEINTENT_IMPORT> <itemCount:    1>
20260908 013302.957 INFO             PET2       OCN-TO-ATM: Run intro {ES}:! +-<item: 0001> <itemType: Field> <itemName: sea_surface_temperature>
20260908 013302.957 INFO             PET2       OCN-TO-ATM: Run intro {ES}:! !--- FieldLog() start -----------------
20260908 013302.957 INFO             PET2       OCN-TO-ATM: Run intro {ES}:! ! <name: sea_surface_temperature> <fieldStatus: ESMF_FIELDSTATUS_COMPLETE>
20260908 013302.957 INFO             PET2       OCN-TO-ATM: Run intro {ES}:! ! 0x7ffd565092b0 => 0x21dc6b0 => 0x21df150
20260908 013302.957 INFO             PET2       OCN-TO-ATM: Run intro {ES}:! ! <typekind: Real*8> <rank:    2> <dimCount:    2>
20260908 013302.957 INFO             PET2       OCN-TO-ATM: Run intro {ES}:! ! ! --- Array::log() start -----------------------------------
20260908 013302.957 INFO             PET2       OCN-TO-ATM: Run intro {ES}:! ! ! 0x21e00b0
20260908 013302.957 INFO             PET2       OCN-TO-ATM: Run intro {ES}:! ! ! <name: sea_surface_temperature>
20260908 013302.957 INFO             PET2       OCN-TO-ATM: Run intro {ES}:! ! ! ! --- DistGrid::log() start --------------------------------
20260908 013302.957 INFO             PET2       OCN-TO-ATM: Run intro {ES}:! ! ! ! 0x21e0a10
20260908 013302.957 INFO             PET2       OCN-TO-ATM: Run intro {ES}:! ! ! ! DistGrid object is valid!<name: DG-Grid003-sloc:0>
20260908 013302.957 INFO             PET2       OCN-TO-ATM: Run intro {ES}:! ! ! ! --- DistGrid::log() end ----------------------------------
20260908 013302.957 INFO             PET2       OCN-TO-ATM: Run intro {ES}:! ! ! --- Array::log() end -------------------------------------
20260908 013302.957 INFO             PET2       OCN-TO-ATM: Run intro {ES}:! !--- FieldLog() end -------------------
20260908 013302.957 INFO             PET2       OCN-TO-ATM: Run intro {ES}:--- StateLog() end -------------------
20260908 013302.957 INFO             PET2       >>>OCN-TO-ATM entered Run (phase=RunPhase1)
20260908 013302.958 INFO             PET2       OCN-TO-ATM: called default RouteHandle execution
20260908 013302.958 INFO             PET2       <<<OCN-TO-ATM leaving Run (phase=RunPhase1)
20260908 013302.958 INFO             PET2       OCN-TO-ATM: Run extro {IS}:--- StateLog() start -----------------
20260908 013302.958 INFO             PET2       OCN-TO-ATM: Run extro {IS}:<name: OCN-ExportState> <intent: ESMF_STATEINTENT_EXPORT> <itemCount:    1>
20260908 013302.958 INFO             PET2       OCN-TO-ATM: Run extro {IS}:+-<item: 0001> <itemType: Field> <itemName: sst>
20260908 013302.958 INFO             PET2       OCN-TO-ATM: Run extro {IS}:!--- FieldLog() start -----------------
20260908 013302.958 INFO             PET2       OCN-TO-ATM: Run extro {IS}:! <name: sst> <fieldStatus: ESMF_FIELDSTATUS_COMPLETE>
20260908 013302.958 INFO             PET2       OCN-TO-ATM: Run extro {IS}:! 0x7ffd5650ac70 => 0x2186470 => 0x21846c0
20260908 013302.958 INFO             PET2       OCN-TO-ATM: Run extro {IS}:! <typekind: Real*8> <rank:    2> <dimCount:    2>
20260908 013302.958 INFO             PET2       OCN-TO-ATM: Run extro {IS}:! ! --- Array::log() start -----------------------------------
20260908 013302.958 INFO             PET2       OCN-TO-ATM: Run extro {IS}:! ! 0x2188870
20260908 013302.958 INFO             PET2       OCN-TO-ATM: Run extro {IS}:! ! <name: sst>
20260908 013302.958 INFO             PET2       OCN-TO-ATM: Run extro {IS}:! ! ! --- DistGrid::log() start --------------------------------
20260908 013302.958 INFO             PET2       OCN-TO-ATM: Run extro {IS}:! ! ! 0x2183800
20260908 013302.958 INFO             PET2       OCN-TO-ATM: Run extro {IS}:! ! ! DistGrid object is valid!<name: DG-Grid003-sloc:0>
20260908 013302.958 INFO             PET2       OCN-TO-ATM: Run extro {IS}:! ! ! --- DistGrid::log() end ----------------------------------
20260908 013302.958 INFO             PET2       OCN-TO-ATM: Run extro {IS}:! ! --- Array::log() end -------------------------------------
20260908 013302.958 INFO             PET2       OCN-TO-ATM: Run extro {IS}:!--- FieldLog() end -------------------
20260908 013302.958 INFO             PET2       OCN-TO-ATM: Run extro {IS}:--- StateLog() end -------------------
20260908 013302.958 INFO             PET2       OCN-TO-ATM: Run extro {ES}:--- StateLog() start -----------------
20260908 013302.958 INFO             PET2       OCN-TO-ATM: Run extro {ES}:<name: ATM-ImportState> <intent: ESMF_STATEINTENT_IMPORT> <itemCount:    1>
20260908 013302.958 INFO             PET2       OCN-TO-ATM: Run extro {ES}:+-<item: 0001> <itemType: State> <itemName: ATM-ImportState-namespace:OCN>
20260908 013302.958 INFO             PET2       OCN-TO-ATM: Run extro {ES}:! <name: ATM-ImportState-namespace:OCN> <intent: ESMF_STATEINTENT_IMPORT> <itemCount:    1>
20260908 013302.959 INFO             PET2       OCN-TO-ATM: Run extro {ES}:! +-<item: 0001> <itemType: Field> <itemName: sea_surface_temperature>
20260908 013302.959 INFO             PET2       OCN-TO-ATM: Run extro {ES}:! !--- FieldLog() start -----------------
20260908 013302.959 INFO             PET2       OCN-TO-ATM: Run extro {ES}:! ! <name: sea_surface_temperature> <fieldStatus: ESMF_FIELDSTATUS_COMPLETE>
20260908 013302.959 INFO             PET2       OCN-TO-ATM: Run extro {ES}:! ! 0x7ffd56509480 => 0x21dc6b0 => 0x21df150
20260908 013302.959 INFO             PET2       OCN-TO-ATM: Run extro {ES}:! ! <typekind: Real*8> <rank:    2> <dimCount:    2>
20260908 013302.959 INFO             PET2       OCN-TO-ATM: Run extro {ES}:! ! ! --- Array::log() start -----------------------------------
20260908 013302.959 INFO             PET2       OCN-TO-ATM: Run extro {ES}:! ! ! 0x21e00b0
20260908 013302.959 INFO             PET2       OCN-TO-ATM: Run extro {ES}:! ! ! <name: sea_surface_temperature>
20260908 013302.959 INFO             PET2       OCN-TO-ATM: Run extro {ES}:! ! ! ! --- DistGrid::log() start --------------------------------
20260908 013302.959 INFO             PET2       OCN-TO-ATM: Run extro {ES}:! ! ! ! 0x21e0a10
20260908 013302.959 INFO             PET2       OCN-TO-ATM: Run extro {ES}:! ! ! ! DistGrid object is valid!<name: DG-Grid003-sloc:0>
20260908 013302.959 INFO             PET2       OCN-TO-ATM: Run extro {ES}:! ! ! ! --- DistGrid::log() end ----------------------------------
20260908 013302.959 INFO             PET2       OCN-TO-ATM: Run extro {ES}:! ! ! --- Array::log() end -------------------------------------
20260908 013302.959 INFO             PET2       OCN-TO-ATM: Run extro {ES}:! !--- FieldLog() end -------------------
20260908 013302.959 INFO             PET2       OCN-TO-ATM: Run extro {ES}:--- StateLog() end -------------------
20260908 013302.959 INFO             PET2     OCN-TO-ATM: Run extro.
20260908 013302.959 INFO             PET2     OCN: Run intro.
20260908 013302.959 INFO             PET2       OCN: Run intro {IS}:--- StateLog() start -----------------
20260908 013302.959 INFO             PET2       OCN: Run intro {IS}:<name: OCN-ImportState> <intent: ESMF_STATEINTENT_IMPORT> <itemCount:    0>
20260908 013302.959 INFO             PET2       OCN: Run intro {IS}:--- StateLog() end -------------------
20260908 013302.960 INFO             PET2       OCN: Run intro {ES}:--- StateLog() start -----------------
20260908 013302.960 INFO             PET2       OCN: Run intro {ES}:<name: OCN-ExportState> <intent: ESMF_STATEINTENT_EXPORT> <itemCount:    1>
20260908 013302.960 INFO             PET2       OCN: Run intro {ES}:+-<item: 0001> <itemType: Field> <itemName: sst>
20260908 013302.960 INFO             PET2       OCN: Run intro {ES}:!--- FieldLog() start -----------------
20260908 013302.960 INFO             PET2       OCN: Run intro {ES}:! <name: sst> <fieldStatus: ESMF_FIELDSTATUS_COMPLETE>
20260908 013302.960 INFO             PET2       OCN: Run intro {ES}:! 0x7ffd565092c0 => 0x2186470 => 0x21846c0
20260908 013302.960 INFO             PET2       OCN: Run intro {ES}:! <typekind: Real*8> <rank:    2> <dimCount:    2>
20260908 013302.960 INFO             PET2       OCN: Run intro {ES}:! ! --- Array::log() start -----------------------------------
20260908 013302.960 INFO             PET2       OCN: Run intro {ES}:! ! 0x2188870
20260908 013302.960 INFO             PET2       OCN: Run intro {ES}:! ! <name: sst>
20260908 013302.960 INFO             PET2       OCN: Run intro {ES}:! ! ! --- DistGrid::log() start --------------------------------
20260908 013302.960 INFO             PET2       OCN: Run intro {ES}:! ! ! 0x2183800
20260908 013302.960 INFO             PET2       OCN: Run intro {ES}:! ! ! DistGrid object is valid!<name: DG-Grid003-sloc:0>
20260908 013302.960 INFO             PET2       OCN: Run intro {ES}:! ! ! --- DistGrid::log() end ----------------------------------
20260908 013302.960 INFO             PET2       OCN: Run intro {ES}:! ! --- Array::log() end -------------------------------------
20260908 013302.960 INFO             PET2       OCN: Run intro {ES}:!--- FieldLog() end -------------------
20260908 013302.960 INFO             PET2       OCN: Run intro {ES}:--- StateLog() end -------------------
20260908 013302.960 INFO             PET2       >>>OCN: entered Run (phase=RunPhase1) with current time: 2010  6  1  0 45  0   0
20260908 013302.960 INFO             PET2       OCN: time step-loop starting, current time: 2010  6  1  0 45  0   0
20260908 013302.960 INFO             PET2       ------>Advancing OCN from: 2010  6  1  0 45  0   0
20260908 013302.960 INFO             PET2       ---------------------> to: 2010  6  1  0 50  0   0
20260908 013302.961 INFO             PET2       OCN: time step-loop ending,   current time: 2010  6  1  0 50  0   0
20260908 013302.961 INFO             PET2       OCN: time step-loop starting, current time: 2010  6  1  0 50  0   0
20260908 013302.961 INFO             PET2       ------>Advancing OCN from: 2010  6  1  0 50  0   0
20260908 013302.961 INFO             PET2       ---------------------> to: 2010  6  1  0 55  0   0
20260908 013302.961 INFO             PET2       OCN: time step-loop ending,   current time: 2010  6  1  0 55  0   0
20260908 013302.961 INFO             PET2       OCN: time step-loop starting, current time: 2010  6  1  0 55  0   0
20260908 013302.961 INFO             PET2       ------>Advancing OCN from: 2010  6  1  0 55  0   0
20260908 013302.961 INFO             PET2       ---------------------> to: 2010  6  1  1  0  0   0
20260908 013302.962 INFO             PET2       OCN: time step-loop ending,   current time: 2010  6  1  1  0  0   0
20260908 013302.962 INFO             PET2       <<<OCN: leaving Run (phase=RunPhase1) with current time: 2010  6  1  1  0  0   0
20260908 013302.962 INFO             PET2       OCN: Run extro {IS}:--- StateLog() start -----------------
20260908 013302.962 INFO             PET2       OCN: Run extro {IS}:<name: OCN-ImportState> <intent: ESMF_STATEINTENT_IMPORT> <itemCount:    0>
20260908 013302.962 INFO             PET2       OCN: Run extro {IS}:--- StateLog() end -------------------
20260908 013302.962 INFO             PET2       OCN: Run extro {ES}:--- StateLog() start -----------------
20260908 013302.962 INFO             PET2       OCN: Run extro {ES}:<name: OCN-ExportState> <intent: ESMF_STATEINTENT_EXPORT> <itemCount:    1>
20260908 013302.962 INFO             PET2       OCN: Run extro {ES}:+-<item: 0001> <itemType: Field> <itemName: sst>
20260908 013302.962 INFO             PET2       OCN: Run extro {ES}:!--- FieldLog() start -----------------
20260908 013302.962 INFO             PET2       OCN: Run extro {ES}:! <name: sst> <fieldStatus: ESMF_FIELDSTATUS_COMPLETE>
20260908 013302.962 INFO             PET2       OCN: Run extro {ES}:! 0x7ffd56509490 => 0x2186470 => 0x21846c0
20260908 013302.962 INFO             PET2       OCN: Run extro {ES}:! <typekind: Real*8> <rank:    2> <dimCount:    2>
20260908 013302.962 INFO             PET2       OCN: Run extro {ES}:! ! --- Array::log() start -----------------------------------
20260908 013302.962 INFO             PET2       OCN: Run extro {ES}:! ! 0x2188870
20260908 013302.962 INFO             PET2       OCN: Run extro {ES}:! ! <name: sst>
20260908 013302.962 INFO             PET2       OCN: Run extro {ES}:! ! ! --- DistGrid::log() start --------------------------------
20260908 013302.962 INFO             PET2       OCN: Run extro {ES}:! ! ! 0x2183800
20260908 013302.962 INFO             PET2       OCN: Run extro {ES}:! ! ! DistGrid object is valid!<name: DG-Grid003-sloc:0>
20260908 013302.962 INFO             PET2       OCN: Run extro {ES}:! ! ! --- DistGrid::log() end ----------------------------------
20260908 013302.962 INFO             PET2       OCN: Run extro {ES}:! ! --- Array::log() end -------------------------------------
20260908 013302.962 INFO             PET2       OCN: Run extro {ES}:!--- FieldLog() end -------------------
20260908 013302.962 INFO             PET2       OCN: Run extro {ES}:--- StateLog() end -------------------
20260908 013302.962 INFO             PET2     OCN: Run extro.
20260908 013302.962 INFO             PET2   esm: end <--------- RunSequence
20260908 013302.962 INFO             PET2   <<<esm: leaving Run (phase=RunPhase1) with current time: 2010  6  1  1  0  0   0
20260908 013302.962 INFO             PET2   esm: Run extro {IS}:--- StateLog() start -----------------
20260908 013302.962 INFO             PET2   esm: Run extro {IS}:State object is invalid! Not created or deleted!
20260908 013302.962 INFO             PET2   esm: Run extro {IS}:--- StateLog() end -------------------
20260908 013302.962 INFO             PET2   esm: Run extro {ES}:--- StateLog() start -----------------
20260908 013302.962 INFO             PET2   esm: Run extro {ES}:State object is invalid! Not created or deleted!
20260908 013302.962 INFO             PET2   esm: Run extro {ES}:--- StateLog() end -------------------
20260908 013302.963 INFO             PET2 esm: Run extro.
20260908 013302.963 INFO             PET2 esm: Finalize intro.
20260908 013302.963 INFO             PET2   esm: Finalize intro {IS}:--- StateLog() start -----------------
20260908 013302.963 INFO             PET2   esm: Finalize intro {IS}:State object is invalid! Not created or deleted!
20260908 013302.963 INFO             PET2   esm: Finalize intro {IS}:--- StateLog() end -------------------
20260908 013302.963 INFO             PET2   esm: Finalize intro {ES}:--- StateLog() start -----------------
20260908 013302.963 INFO             PET2   esm: Finalize intro {ES}:State object is invalid! Not created or deleted!
20260908 013302.963 INFO             PET2   esm: Finalize intro {ES}:--- StateLog() end -------------------
20260908 013302.963 INFO             PET2   >>>esm: entered Finalize (phase=FinalizePhase1) with current time: 2010  6  1  1  0  0   0
20260908 013302.963 INFO             PET2   Calling Finalize phase 1 for connectorComp: ATM-TO-OCN
20260908 013302.963 INFO             PET2   ATM-TO-OCN: Finalize intro.
20260908 013302.963 INFO             PET2     ATM-TO-OCN: Finalize intro {IS}:--- StateLog() start -----------------
20260908 013302.963 INFO             PET2     ATM-TO-OCN: Finalize intro {IS}:<name: ATM-ExportState> <intent: ESMF_STATEINTENT_EXPORT> <itemCount:    0>
20260908 013302.963 INFO             PET2     ATM-TO-OCN: Finalize intro {IS}:--- StateLog() end -------------------
20260908 013302.963 INFO             PET2     ATM-TO-OCN: Finalize intro {ES}:--- StateLog() start -----------------
20260908 013302.964 INFO             PET2     ATM-TO-OCN: Finalize intro {ES}:<name: OCN-ImportState> <intent: ESMF_STATEINTENT_IMPORT> <itemCount:    0>
20260908 013302.964 INFO             PET2     ATM-TO-OCN: Finalize intro {ES}:--- StateLog() end -------------------
20260908 013302.964 INFO             PET2     ATM-TO-OCN: called default label_ReleaseRouteHandle
20260908 013302.964 INFO             PET2     ATM-TO-OCN: Finalize extro {IS}:--- StateLog() start -----------------
20260908 013302.964 INFO             PET2     ATM-TO-OCN: Finalize extro {IS}:<name: ATM-ExportState> <intent: ESMF_STATEINTENT_EXPORT> <itemCount:    0>
20260908 013302.964 INFO             PET2     ATM-TO-OCN: Finalize extro {IS}:--- StateLog() end -------------------
20260908 013302.964 INFO             PET2     ATM-TO-OCN: Finalize extro {ES}:--- StateLog() start -----------------
20260908 013302.964 INFO             PET2     ATM-TO-OCN: Finalize extro {ES}:<name: OCN-ImportState> <intent: ESMF_STATEINTENT_IMPORT> <itemCount:    0>
20260908 013302.964 INFO             PET2     ATM-TO-OCN: Finalize extro {ES}:--- StateLog() end -------------------
20260908 013302.964 INFO             PET2   ATM-TO-OCN: Finalize extro.
20260908 013302.964 INFO             PET2   Calling Finalize phase 1 for connectorComp: OCN-TO-ATM
20260908 013302.964 INFO             PET2   OCN-TO-ATM: Finalize intro.
20260908 013302.964 INFO             PET2     OCN-TO-ATM: Finalize intro {IS}:--- StateLog() start -----------------
20260908 013302.964 INFO             PET2     OCN-TO-ATM: Finalize intro {IS}:<name: OCN-ExportState> <intent: ESMF_STATEINTENT_EXPORT> <itemCount:    1>
20260908 013302.964 INFO             PET2     OCN-TO-ATM: Finalize intro {IS}:+-<item: 0001> <itemType: Field> <itemName: sst>
20260908 013302.964 INFO             PET2     OCN-TO-ATM: Finalize intro {IS}:!--- FieldLog() start -----------------
20260908 013302.964 INFO             PET2     OCN-TO-ATM: Finalize intro {IS}:! <name: sst> <fieldStatus: ESMF_FIELDSTATUS_COMPLETE>
20260908 013302.964 INFO             PET2     OCN-TO-ATM: Finalize intro {IS}:! 0x7ffd5650a610 => 0x2186470 => 0x21846c0
20260908 013302.964 INFO             PET2     OCN-TO-ATM: Finalize intro {IS}:! <typekind: Real*8> <rank:    2> <dimCount:    2>
20260908 013302.964 INFO             PET2     OCN-TO-ATM: Finalize intro {IS}:! ! --- Array::log() start -----------------------------------
20260908 013302.964 INFO             PET2     OCN-TO-ATM: Finalize intro {IS}:! ! 0x2188870
20260908 013302.964 INFO             PET2     OCN-TO-ATM: Finalize intro {IS}:! ! <name: sst>
20260908 013302.964 INFO             PET2     OCN-TO-ATM: Finalize intro {IS}:! ! ! --- DistGrid::log() start --------------------------------
20260908 013302.964 INFO             PET2     OCN-TO-ATM: Finalize intro {IS}:! ! ! 0x2183800
20260908 013302.964 INFO             PET2     OCN-TO-ATM: Finalize intro {IS}:! ! ! DistGrid object is valid!<name: DG-Grid003-sloc:0>
20260908 013302.965 INFO             PET2     OCN-TO-ATM: Finalize intro {IS}:! ! ! --- DistGrid::log() end ----------------------------------
20260908 013302.965 INFO             PET2     OCN-TO-ATM: Finalize intro {IS}:! ! --- Array::log() end -------------------------------------
20260908 013302.965 INFO             PET2     OCN-TO-ATM: Finalize intro {IS}:!--- FieldLog() end -------------------
20260908 013302.965 INFO             PET2     OCN-TO-ATM: Finalize intro {IS}:--- StateLog() end -------------------
20260908 013302.965 INFO             PET2     OCN-TO-ATM: Finalize intro {ES}:--- StateLog() start -----------------
20260908 013302.965 INFO             PET2     OCN-TO-ATM: Finalize intro {ES}:<name: ATM-ImportState> <intent: ESMF_STATEINTENT_IMPORT> <itemCount:    1>
20260908 013302.965 INFO             PET2     OCN-TO-ATM: Finalize intro {ES}:+-<item: 0001> <itemType: State> <itemName: ATM-ImportState-namespace:OCN>
20260908 013302.965 INFO             PET2     OCN-TO-ATM: Finalize intro {ES}:! <name: ATM-ImportState-namespace:OCN> <intent: ESMF_STATEINTENT_IMPORT> <itemCount:    1>
20260908 013302.965 INFO             PET2     OCN-TO-ATM: Finalize intro {ES}:! +-<item: 0001> <itemType: Field> <itemName: sea_surface_temperature>
20260908 013302.965 INFO             PET2     OCN-TO-ATM: Finalize intro {ES}:! !--- FieldLog() start -----------------
20260908 013302.965 INFO             PET2     OCN-TO-ATM: Finalize intro {ES}:! ! <name: sea_surface_temperature> <fieldStatus: ESMF_FIELDSTATUS_COMPLETE>
20260908 013302.965 INFO             PET2     OCN-TO-ATM: Finalize intro {ES}:! ! 0x7ffd56508e20 => 0x21dc6b0 => 0x21df150
20260908 013302.965 INFO             PET2     OCN-TO-ATM: Finalize intro {ES}:! ! <typekind: Real*8> <rank:    2> <dimCount:    2>
20260908 013302.965 INFO             PET2     OCN-TO-ATM: Finalize intro {ES}:! ! ! --- Array::log() start -----------------------------------
20260908 013302.965 INFO             PET2     OCN-TO-ATM: Finalize intro {ES}:! ! ! 0x21e00b0
20260908 013302.965 INFO             PET2     OCN-TO-ATM: Finalize intro {ES}:! ! ! <name: sea_surface_temperature>
20260908 013302.965 INFO             PET2     OCN-TO-ATM: Finalize intro {ES}:! ! ! ! --- DistGrid::log() start --------------------------------
20260908 013302.965 INFO             PET2     OCN-TO-ATM: Finalize intro {ES}:! ! ! ! 0x21e0a10
20260908 013302.965 INFO             PET2     OCN-TO-ATM: Finalize intro {ES}:! ! ! ! DistGrid object is valid!<name: DG-Grid003-sloc:0>
20260908 013302.965 INFO             PET2     OCN-TO-ATM: Finalize intro {ES}:! ! ! ! --- DistGrid::log() end ----------------------------------
20260908 013302.965 INFO             PET2     OCN-TO-ATM: Finalize intro {ES}:! ! ! --- Array::log() end -------------------------------------
20260908 013302.965 INFO             PET2     OCN-TO-ATM: Finalize intro {ES}:! !--- FieldLog() end -------------------
20260908 013302.965 INFO             PET2     OCN-TO-ATM: Finalize intro {ES}:--- StateLog() end -------------------
20260908 013302.965 INFO             PET2     OCN-TO-ATM: called default label_ReleaseRouteHandle
20260908 013302.965 INFO             PET2     OCN-TO-ATM: Finalize extro {IS}:--- StateLog() start -----------------
20260908 013302.965 INFO             PET2     OCN-TO-ATM: Finalize extro {IS}:<name: OCN-ExportState> <intent: ESMF_STATEINTENT_EXPORT> <itemCount:    1>
20260908 013302.965 INFO             PET2     OCN-TO-ATM: Finalize extro {IS}:+-<item: 0001> <itemType: Field> <itemName: sst>
20260908 013302.965 INFO             PET2     OCN-TO-ATM: Finalize extro {IS}:!--- FieldLog() start -----------------
20260908 013302.965 INFO             PET2     OCN-TO-ATM: Finalize extro {IS}:! <name: sst> <fieldStatus: ESMF_FIELDSTATUS_COMPLETE>
20260908 013302.965 INFO             PET2     OCN-TO-ATM: Finalize extro {IS}:! 0x7ffd5650a7e0 => 0x2186470 => 0x21846c0
20260908 013302.966 INFO             PET2     OCN-TO-ATM: Finalize extro {IS}:! <typekind: Real*8> <rank:    2> <dimCount:    2>
20260908 013302.966 INFO             PET2     OCN-TO-ATM: Finalize extro {IS}:! ! --- Array::log() start -----------------------------------
20260908 013302.966 INFO             PET2     OCN-TO-ATM: Finalize extro {IS}:! ! 0x2188870
20260908 013302.966 INFO             PET2     OCN-TO-ATM: Finalize extro {IS}:! ! <name: sst>
20260908 013302.966 INFO             PET2     OCN-TO-ATM: Finalize extro {IS}:! ! ! --- DistGrid::log() start --------------------------------
20260908 013302.966 INFO             PET2     OCN-TO-ATM: Finalize extro {IS}:! ! ! 0x2183800
20260908 013302.966 INFO             PET2     OCN-TO-ATM: Finalize extro {IS}:! ! ! DistGrid object is valid!<name: DG-Grid003-sloc:0>
20260908 013302.966 INFO             PET2     OCN-TO-ATM: Finalize extro {IS}:! ! ! --- DistGrid::log() end ----------------------------------
20260908 013302.966 INFO             PET2     OCN-TO-ATM: Finalize extro {IS}:! ! --- Array::log() end -------------------------------------
20260908 013302.966 INFO             PET2     OCN-TO-ATM: Finalize extro {IS}:!--- FieldLog() end -------------------
20260908 013302.966 INFO             PET2     OCN-TO-ATM: Finalize extro {IS}:--- StateLog() end -------------------
20260908 013302.966 INFO             PET2     OCN-TO-ATM: Finalize extro {ES}:--- StateLog() start -----------------
20260908 013302.966 INFO             PET2     OCN-TO-ATM: Finalize extro {ES}:<name: ATM-ImportState> <intent: ESMF_STATEINTENT_IMPORT> <itemCount:    1>
20260908 013302.966 INFO             PET2     OCN-TO-ATM: Finalize extro {ES}:+-<item: 0001> <itemType: State> <itemName: ATM-ImportState-namespace:OCN>
20260908 013302.966 INFO             PET2     OCN-TO-ATM: Finalize extro {ES}:! <name: ATM-ImportState-namespace:OCN> <intent: ESMF_STATEINTENT_IMPORT> <itemCount:    1>
20260908 013302.966 INFO             PET2     OCN-TO-ATM: Finalize extro {ES}:! +-<item: 0001> <itemType: Field> <itemName: sea_surface_temperature>
20260908 013302.966 INFO             PET2     OCN-TO-ATM: Finalize extro {ES}:! !--- FieldLog() start -----------------
20260908 013302.966 INFO             PET2     OCN-TO-ATM: Finalize extro {ES}:! ! <name: sea_surface_temperature> <fieldStatus: ESMF_FIELDSTATUS_COMPLETE>
20260908 013302.966 INFO             PET2     OCN-TO-ATM: Finalize extro {ES}:! ! 0x7ffd56508ff0 => 0x21dc6b0 => 0x21df150
20260908 013302.966 INFO             PET2     OCN-TO-ATM: Finalize extro {ES}:! ! <typekind: Real*8> <rank:    2> <dimCount:    2>
20260908 013302.966 INFO             PET2     OCN-TO-ATM: Finalize extro {ES}:! ! ! --- Array::log() start -----------------------------------
20260908 013302.966 INFO             PET2     OCN-TO-ATM: Finalize extro {ES}:! ! ! 0x21e00b0
20260908 013302.966 INFO             PET2     OCN-TO-ATM: Finalize extro {ES}:! ! ! <name: sea_surface_temperature>
20260908 013302.966 INFO             PET2     OCN-TO-ATM: Finalize extro {ES}:! ! ! ! --- DistGrid::log() start --------------------------------
20260908 013302.966 INFO             PET2     OCN-TO-ATM: Finalize extro {ES}:! ! ! ! 0x21e0a10
20260908 013302.966 INFO             PET2     OCN-TO-ATM: Finalize extro {ES}:! ! ! ! DistGrid object is valid!<name: DG-Grid003-sloc:0>
20260908 013302.966 INFO             PET2     OCN-TO-ATM: Finalize extro {ES}:! ! ! ! --- DistGrid::log() end ----------------------------------
20260908 013302.966 INFO             PET2     OCN-TO-ATM: Finalize extro {ES}:! ! ! --- Array::log() end -------------------------------------
20260908 013302.966 INFO             PET2     OCN-TO-ATM: Finalize extro {ES}:! !--- FieldLog() end -------------------
20260908 013302.966 INFO             PET2     OCN-TO-ATM: Finalize extro {ES}:--- StateLog() end -------------------
20260908 013302.966 INFO             PET2   OCN-TO-ATM: Finalize extro.
20260908 013302.966 INFO             PET2   Calling Finalize phase 1 for modelComp: ATM
20260908 013302.966 INFO             PET2   Calling Finalize phase 1 for modelComp: OCN
20260908 013302.967 INFO             PET2   OCN: Finalize intro.
20260908 013302.967 INFO             PET2     OCN: Finalize intro {IS}:--- StateLog() start -----------------
20260908 013302.967 INFO             PET2     OCN: Finalize intro {IS}:<name: OCN-ImportState> <intent: ESMF_STATEINTENT_IMPORT> <itemCount:    0>
20260908 013302.967 INFO             PET2     OCN: Finalize intro {IS}:--- StateLog() end -------------------
20260908 013302.967 INFO             PET2     OCN: Finalize intro {ES}:--- StateLog() start -----------------
20260908 013302.967 INFO             PET2     OCN: Finalize intro {ES}:<name: OCN-ExportState> <intent: ESMF_STATEINTENT_EXPORT> <itemCount:    1>
20260908 013302.967 INFO             PET2     OCN: Finalize intro {ES}:+-<item: 0001> <itemType: Field> <itemName: sst>
20260908 013302.967 INFO             PET2     OCN: Finalize intro {ES}:!--- FieldLog() start -----------------
20260908 013302.967 INFO             PET2     OCN: Finalize intro {ES}:! <name: sst> <fieldStatus: ESMF_FIELDSTATUS_COMPLETE>
20260908 013302.967 INFO             PET2     OCN: Finalize intro {ES}:! 0x7ffd5650c290 => 0x2186470 => 0x21846c0
20260908 013302.967 INFO             PET2     OCN: Finalize intro {ES}:! <typekind: Real*8> <rank:    2> <dimCount:    2>
20260908 013302.967 INFO             PET2     OCN: Finalize intro {ES}:! ! --- Array::log() start -----------------------------------
20260908 013302.967 INFO             PET2     OCN: Finalize intro {ES}:! ! 0x2188870
20260908 013302.967 INFO             PET2     OCN: Finalize intro {ES}:! ! <name: sst>
20260908 013302.967 INFO             PET2     OCN: Finalize intro {ES}:! ! ! --- DistGrid::log() start --------------------------------
20260908 013302.967 INFO             PET2     OCN: Finalize intro {ES}:! ! ! 0x2183800
20260908 013302.967 INFO             PET2     OCN: Finalize intro {ES}:! ! ! DistGrid object is valid!<name: DG-Grid003-sloc:0>
20260908 013302.967 INFO             PET2     OCN: Finalize intro {ES}:! ! ! --- DistGrid::log() end ----------------------------------
20260908 013302.967 INFO             PET2     OCN: Finalize intro {ES}:! ! --- Array::log() end -------------------------------------
20260908 013302.967 INFO             PET2     OCN: Finalize intro {ES}:!--- FieldLog() end -------------------
20260908 013302.967 INFO             PET2     OCN: Finalize intro {ES}:--- StateLog() end -------------------
20260908 013302.967 INFO             PET2     >>>OCN: entered Finalize (phase=FinalizePhase1) with current time: 2010  6  1  1  0  0   0
20260908 013302.967 INFO             PET2     <<<OCN: leaving Finalize (phase=FinalizePhase1) with current time: 2010  6  1  1  0  0   0
20260908 013302.967 INFO             PET2   OCN: Finalize extro.
20260908 013302.967 INFO             PET2   Delete modelComp: ATM
20260908 013302.967 INFO             PET2   Delete Import-/Export State for modelComp: ATM
20260908 013302.968 INFO             PET2   Delete modelComp: OCN
20260908 013302.968 INFO             PET2   Delete Import-/Export State for modelComp: OCN
20260908 013302.968 INFO             PET2   Delete connectorComp: ATM-TO-OCN
20260908 013302.968 INFO             PET2   Delete connectorComp: OCN-TO-ATM
20260908 013302.968 INFO             PET2   <<<esm: leaving Finalize (phase=FinalizePhase1) with current time: 2010  6  1  1  0  0   0
20260908 013302.968 INFO             PET2 esm: Finalize extro.
20260908 013302.968 INFO             PET2 esmApp FINISHED
20260908 013302.968 INFO             PET2  Finalizing ESMF
20260908 013302.141 INFO             PET3 !!!!!!!!!!!!!!!!!!!!!!!!!!!!!!!!!!!!!!!!!!!!!!!!!!!!!!
20260908 013302.141 INFO             PET3 !!! THE ESMF_LOG IS SET TO OUTPUT ALL LOG MESSAGES !!!
20260908 013302.141 INFO             PET3 !!!     THIS MAY CAUSE SLOWDOWN IN PERFORMANCE     !!!
20260908 013302.141 INFO             PET3 !!! FOR PRODUCTION RUNS, USE:                      !!!
20260908 013302.141 INFO             PET3 !!!                   ESMF_LOGKIND_Multi_On_Error  !!!
20260908 013302.141 INFO             PET3 !!!!!!!!!!!!!!!!!!!!!!!!!!!!!!!!!!!!!!!!!!!!!!!!!!!!!!
20260908 013302.141 INFO             PET3 Running with ESMF Version   : feature/esmx-cmake+gdd1288b46b
20260908 013302.141 INFO             PET3 ESMF library build date/time: "Sep  7 2026" "23:49:07"
20260908 013302.141 INFO             PET3 ESMF library build location : /scratch3/NCEPDEV/stmp/Gerhard.Theurich/ESMF-Nightly-Testing-Hera/nvhpc_24.1_openmpi_g_feature_esmx-cmake/esmf
20260908 013302.141 INFO             PET3 ESMF_COMM                   : openmpi
20260908 013302.141 INFO             PET3 ESMF_MOAB                   : enabled
20260908 013302.142 INFO             PET3 ESMF_LAPACK                 : enabled
20260908 013302.142 INFO             PET3 ESMF_NETCDF                 : disabled
20260908 013302.142 INFO             PET3 ESMF_PNETCDF                : disabled
20260908 013302.142 INFO             PET3 ESMF_PIO                    : disabled
20260908 013302.142 INFO             PET3 ESMF_YAMLCPP                : enabled
20260908 013302.142 INFO             PET3 esmApp STARTING
20260908 013302.157 INFO             PET3 esm: InitializeGeneric intro.
20260908 013302.157 INFO             PET3   esm: InitializeGeneric intro {IS}:--- StateLog() start -----------------
20260908 013302.157 INFO             PET3   esm: InitializeGeneric intro {IS}:State object is invalid! Not created or deleted!
20260908 013302.157 INFO             PET3   esm: InitializeGeneric intro {IS}:--- StateLog() end -------------------
20260908 013302.157 INFO             PET3   esm: InitializeGeneric intro {ES}:--- StateLog() start -----------------
20260908 013302.157 INFO             PET3   esm: InitializeGeneric intro {ES}:State object is invalid! Not created or deleted!
20260908 013302.157 INFO             PET3   esm: InitializeGeneric intro {ES}:--- StateLog() end -------------------
20260908 013302.157 INFO             PET3   >>>esm: entered Initialize (phase=<none>) without valid internal Clock.
20260908 013302.158 INFO             PET3   esm: InitializeP0 intro.
20260908 013302.158 INFO             PET3     esm: InitializeP0 intro {IS}:--- StateLog() start -----------------
20260908 013302.158 INFO             PET3     esm: InitializeP0 intro {IS}:State object is invalid! Not created or deleted!
20260908 013302.158 INFO             PET3     esm: InitializeP0 intro {IS}:--- StateLog() end -------------------
20260908 013302.158 INFO             PET3     esm: InitializeP0 intro {ES}:--- StateLog() start -----------------
20260908 013302.158 INFO             PET3     esm: InitializeP0 intro {ES}:State object is invalid! Not created or deleted!
20260908 013302.158 INFO             PET3     esm: InitializeP0 intro {ES}:--- StateLog() end -------------------
20260908 013302.158 INFO             PET3     >>>esm: entered Initialize (phase=<none>) without valid internal Clock.
20260908 013302.159 INFO             PET3     <<<esm: leaving Initialize (phase=<none>) without valid internal Clock.
20260908 013302.159 INFO             PET3     esm: InitializeP0 extro {IS}:--- StateLog() start -----------------
20260908 013302.159 INFO             PET3     esm: InitializeP0 extro {IS}:State object is invalid! Not created or deleted!
20260908 013302.159 INFO             PET3     esm: InitializeP0 extro {IS}:--- StateLog() end -------------------
20260908 013302.159 INFO             PET3     esm: InitializeP0 extro {ES}:--- StateLog() start -----------------
20260908 013302.159 INFO             PET3     esm: InitializeP0 extro {ES}:State object is invalid! Not created or deleted!
20260908 013302.159 INFO             PET3     esm: InitializeP0 extro {ES}:--- StateLog() end -------------------
20260908 013302.159 INFO             PET3   esm: InitializeP0 extro.
20260908 013302.159 INFO             PET3   esm: InitializeIPDv02p1 intro.
20260908 013302.159 INFO             PET3     esm: InitializeIPDv02p1 intro {IS}:--- StateLog() start -----------------
20260908 013302.159 INFO             PET3     esm: InitializeIPDv02p1 intro {IS}:State object is invalid! Not created or deleted!
20260908 013302.159 INFO             PET3     esm: InitializeIPDv02p1 intro {IS}:--- StateLog() end -------------------
20260908 013302.159 INFO             PET3     esm: InitializeIPDv02p1 intro {ES}:--- StateLog() start -----------------
20260908 013302.159 INFO             PET3     esm: InitializeIPDv02p1 intro {ES}:State object is invalid! Not created or deleted!
20260908 013302.159 INFO             PET3     esm: InitializeIPDv02p1 intro {ES}:--- StateLog() end -------------------
20260908 013302.160 INFO             PET3     >>>esm: entered Initialize (phase=<none>) without valid internal Clock.
20260908 013302.161 INFO             PET3     esm - Creating model component ATM with petList of size 2 :
20260908 013302.161 INFO             PET3           0      1
20260908 013302.172 INFO             PET3     esm - Creating model component OCN with petList of size 2 :
20260908 013302.172 INFO             PET3           2      3
20260908 013302.182 INFO             PET3     esm - Creating connector component ATM-TO-OCN with petList of size 4 :
20260908 013302.182 INFO             PET3           0      1      2      3
20260908 013302.201 INFO             PET3     esm - Creating connector component OCN-TO-ATM with petList of size 4 :
20260908 013302.201 INFO             PET3           2      3      0      1
20260908 013302.224 INFO             PET3     esm - Creating state: modelComp 1 Import State
20260908 013302.224 INFO             PET3     esm - Creating state: modelComp 1 Export State
20260908 013302.225 INFO             PET3     esm - Creating state: modelComp 2 Import State
20260908 013302.225 INFO             PET3     esm - Creating state: modelComp 2 Export State
20260908 013302.229 INFO             PET3     OCN: InitializeP0 intro.
20260908 013302.229 INFO             PET3       OCN: InitializeP0 intro {IS}:--- StateLog() start -----------------
20260908 013302.229 INFO             PET3       OCN: InitializeP0 intro {IS}:<name: OCN-ImportState> <intent: ESMF_STATEINTENT_IMPORT> <itemCount:    0>
20260908 013302.229 INFO             PET3       OCN: InitializeP0 intro {IS}:--- StateLog() end -------------------
20260908 013302.229 INFO             PET3       OCN: InitializeP0 intro {ES}:--- StateLog() start -----------------
20260908 013302.230 INFO             PET3       OCN: InitializeP0 intro {ES}:<name: OCN-ExportState> <intent: ESMF_STATEINTENT_EXPORT> <itemCount:    0>
20260908 013302.230 INFO             PET3       OCN: InitializeP0 intro {ES}:--- StateLog() end -------------------
20260908 013302.230 INFO             PET3       >>>OCN: entered Initialize (phase=<none>) without valid internal Clock.
20260908 013302.234 INFO             PET3       <<<OCN: leaving Initialize (phase=<none>) without valid internal Clock.
20260908 013302.234 INFO             PET3       OCN: InitializeP0 extro {IS}:--- StateLog() start -----------------
20260908 013302.235 INFO             PET3       OCN: InitializeP0 extro {IS}:<name: OCN-ImportState> <intent: ESMF_STATEINTENT_IMPORT> <itemCount:    0>
20260908 013302.235 INFO             PET3       OCN: InitializeP0 extro {IS}:--- StateLog() end -------------------
20260908 013302.235 INFO             PET3       OCN: InitializeP0 extro {ES}:--- StateLog() start -----------------
20260908 013302.235 INFO             PET3       OCN: InitializeP0 extro {ES}:<name: OCN-ExportState> <intent: ESMF_STATEINTENT_EXPORT> <itemCount:    0>
20260908 013302.235 INFO             PET3       OCN: InitializeP0 extro {ES}:--- StateLog() end -------------------
20260908 013302.235 INFO             PET3     OCN: InitializeP0 extro.
20260908 013302.243 INFO             PET3     ATM-TO-OCN: InitializeP0 intro.
20260908 013302.243 INFO             PET3       ATM-TO-OCN: InitializeP0 intro {IS}:--- StateLog() start -----------------
20260908 013302.243 INFO             PET3       ATM-TO-OCN: InitializeP0 intro {IS}:<name: ATM-ExportState> <intent: ESMF_STATEINTENT_EXPORT> <itemCount:    0>
20260908 013302.243 INFO             PET3       ATM-TO-OCN: InitializeP0 intro {IS}:--- StateLog() end -------------------
20260908 013302.243 INFO             PET3       ATM-TO-OCN: InitializeP0 intro {ES}:--- StateLog() start -----------------
20260908 013302.243 INFO             PET3       ATM-TO-OCN: InitializeP0 intro {ES}:<name: OCN-ImportState> <intent: ESMF_STATEINTENT_IMPORT> <itemCount:    0>
20260908 013302.243 INFO             PET3       ATM-TO-OCN: InitializeP0 intro {ES}:--- StateLog() end -------------------
20260908 013302.245 INFO             PET3       ATM-TO-OCN: InitializeP0 extro {IS}:--- StateLog() start -----------------
20260908 013302.245 INFO             PET3       ATM-TO-OCN: InitializeP0 extro {IS}:<name: ATM-ExportState> <intent: ESMF_STATEINTENT_EXPORT> <itemCount:    0>
20260908 013302.245 INFO             PET3       ATM-TO-OCN: InitializeP0 extro {IS}:--- StateLog() end -------------------
20260908 013302.245 INFO             PET3       ATM-TO-OCN: InitializeP0 extro {ES}:--- StateLog() start -----------------
20260908 013302.245 INFO             PET3       ATM-TO-OCN: InitializeP0 extro {ES}:<name: OCN-ImportState> <intent: ESMF_STATEINTENT_IMPORT> <itemCount:    0>
20260908 013302.245 INFO             PET3       ATM-TO-OCN: InitializeP0 extro {ES}:--- StateLog() end -------------------
20260908 013302.245 INFO             PET3     ATM-TO-OCN: InitializeP0 extro.
20260908 013302.248 INFO             PET3     OCN-TO-ATM: InitializeP0 intro.
20260908 013302.248 INFO             PET3       OCN-TO-ATM: InitializeP0 intro {IS}:--- StateLog() start -----------------
20260908 013302.248 INFO             PET3       OCN-TO-ATM: InitializeP0 intro {IS}:<name: OCN-ExportState> <intent: ESMF_STATEINTENT_EXPORT> <itemCount:    0>
20260908 013302.248 INFO             PET3       OCN-TO-ATM: InitializeP0 intro {IS}:--- StateLog() end -------------------
20260908 013302.248 INFO             PET3       OCN-TO-ATM: InitializeP0 intro {ES}:--- StateLog() start -----------------
20260908 013302.248 INFO             PET3       OCN-TO-ATM: InitializeP0 intro {ES}:<name: ATM-ImportState> <intent: ESMF_STATEINTENT_IMPORT> <itemCount:    0>
20260908 013302.248 INFO             PET3       OCN-TO-ATM: InitializeP0 intro {ES}:--- StateLog() end -------------------
20260908 013302.250 INFO             PET3       OCN-TO-ATM: InitializeP0 extro {IS}:--- StateLog() start -----------------
20260908 013302.250 INFO             PET3       OCN-TO-ATM: InitializeP0 extro {IS}:<name: OCN-ExportState> <intent: ESMF_STATEINTENT_EXPORT> <itemCount:    0>
20260908 013302.250 INFO             PET3       OCN-TO-ATM: InitializeP0 extro {IS}:--- StateLog() end -------------------
20260908 013302.250 INFO             PET3       OCN-TO-ATM: InitializeP0 extro {ES}:--- StateLog() start -----------------
20260908 013302.250 INFO             PET3       OCN-TO-ATM: InitializeP0 extro {ES}:<name: ATM-ImportState> <intent: ESMF_STATEINTENT_IMPORT> <itemCount:    0>
20260908 013302.250 INFO             PET3       OCN-TO-ATM: InitializeP0 extro {ES}:--- StateLog() end -------------------
20260908 013302.250 INFO             PET3     OCN-TO-ATM: InitializeP0 extro.
20260908 013302.256 INFO             PET3     esm: IInitAdvertise intro.
20260908 013302.256 INFO             PET3       esm: IInitAdvertise intro {IS}:--- StateLog() start -----------------
20260908 013302.256 INFO             PET3       esm: IInitAdvertise intro {IS}:State object is invalid! Not created or deleted!
20260908 013302.256 INFO             PET3       esm: IInitAdvertise intro {IS}:--- StateLog() end -------------------
20260908 013302.256 INFO             PET3       esm: IInitAdvertise intro {ES}:--- StateLog() start -----------------
20260908 013302.256 INFO             PET3       esm: IInitAdvertise intro {ES}:State object is invalid! Not created or deleted!
20260908 013302.256 INFO             PET3       esm: IInitAdvertise intro {ES}:--- StateLog() end -------------------
20260908 013302.256 INFO             PET3       >>>esm: entered Initialize (phase=<none>) with current time: 2010  6  1  0  0  0   0
20260908 013302.256 INFO             PET3       <<<esm: leaving Initialize (phase=<none>) with current time: 2010  6  1  0  0  0   0
20260908 013302.256 INFO             PET3       esm: IInitAdvertise extro {IS}:--- StateLog() start -----------------
20260908 013302.256 INFO             PET3       esm: IInitAdvertise extro {IS}:State object is invalid! Not created or deleted!
20260908 013302.257 INFO             PET3       esm: IInitAdvertise extro {IS}:--- StateLog() end -------------------
20260908 013302.257 INFO             PET3       esm: IInitAdvertise extro {ES}:--- StateLog() start -----------------
20260908 013302.257 INFO             PET3       esm: IInitAdvertise extro {ES}:State object is invalid! Not created or deleted!
20260908 013302.257 INFO             PET3       esm: IInitAdvertise extro {ES}:--- StateLog() end -------------------
20260908 013302.257 INFO             PET3     esm: IInitAdvertise extro.
20260908 013302.257 INFO             PET3     OCN: InitializeIPDvXp01 intro.
20260908 013302.257 INFO             PET3       OCN: InitializeIPDvXp01 intro {IS}:--- StateLog() start -----------------
20260908 013302.257 INFO             PET3       OCN: InitializeIPDvXp01 intro {IS}:<name: OCN-ImportState> <intent: ESMF_STATEINTENT_IMPORT> <itemCount:    0>
20260908 013302.257 INFO             PET3       OCN: InitializeIPDvXp01 intro {IS}:--- StateLog() end -------------------
20260908 013302.257 INFO             PET3       OCN: InitializeIPDvXp01 intro {ES}:--- StateLog() start -----------------
20260908 013302.258 INFO             PET3       OCN: InitializeIPDvXp01 intro {ES}:<name: OCN-ExportState> <intent: ESMF_STATEINTENT_EXPORT> <itemCount:    0>
20260908 013302.258 INFO             PET3       OCN: InitializeIPDvXp01 intro {ES}:--- StateLog() end -------------------
20260908 013302.258 INFO             PET3       >>>OCN: entered Initialize (phase=IPDvXp01) without valid internal Clock.
20260908 013302.261 INFO             PET3       <<<OCN: leaving Initialize (phase=IPDvXp01) without valid internal Clock.
20260908 013302.261 INFO             PET3       OCN: InitializeIPDvXp01 extro {IS}:--- StateLog() start -----------------
20260908 013302.261 INFO             PET3       OCN: InitializeIPDvXp01 extro {IS}:<name: OCN-ImportState> <intent: ESMF_STATEINTENT_IMPORT> <itemCount:    0>
20260908 013302.261 INFO             PET3       OCN: InitializeIPDvXp01 extro {IS}:--- StateLog() end -------------------
20260908 013302.261 INFO             PET3       OCN: InitializeIPDvXp01 extro {ES}:--- StateLog() start -----------------
20260908 013302.261 INFO             PET3       OCN: InitializeIPDvXp01 extro {ES}:<name: OCN-ExportState> <intent: ESMF_STATEINTENT_EXPORT> <itemCount:    1>
20260908 013302.261 INFO             PET3       OCN: InitializeIPDvXp01 extro {ES}:+-<item: 0001> <itemType: Field> <itemName: sst>
20260908 013302.261 INFO             PET3       OCN: InitializeIPDvXp01 extro {ES}:!--- FieldLog() start -----------------
20260908 013302.261 INFO             PET3       OCN: InitializeIPDvXp01 extro {ES}:! <name: sst> <fieldStatus: ESMF_FIELDSTATUS_EMPTY>
20260908 013302.261 INFO             PET3       OCN: InitializeIPDvXp01 extro {ES}:! 0x7ffe608e6250 => 0x1a13c30 => 0x1a3ac40
20260908 013302.261 INFO             PET3       OCN: InitializeIPDvXp01 extro {ES}:!--- FieldLog() end -------------------
20260908 013302.261 INFO             PET3       OCN: InitializeIPDvXp01 extro {ES}:--- StateLog() end -------------------
20260908 013302.261 INFO             PET3     OCN: InitializeIPDvXp01 extro.
20260908 013302.267 INFO             PET3     ATM-TO-OCN: InitializeIPDv05p1 intro.
20260908 013302.267 INFO             PET3       ATM-TO-OCN: InitializeIPDv05p1 intro {IS}:--- StateLog() start -----------------
20260908 013302.267 INFO             PET3       ATM-TO-OCN: InitializeIPDv05p1 intro {IS}:<name: ATM-ExportState> <intent: ESMF_STATEINTENT_EXPORT> <itemCount:    0>
20260908 013302.267 INFO             PET3       ATM-TO-OCN: InitializeIPDv05p1 intro {IS}:--- StateLog() end -------------------
20260908 013302.267 INFO             PET3       ATM-TO-OCN: InitializeIPDv05p1 intro {ES}:--- StateLog() start -----------------
20260908 013302.267 INFO             PET3       ATM-TO-OCN: InitializeIPDv05p1 intro {ES}:<name: OCN-ImportState> <intent: ESMF_STATEINTENT_IMPORT> <itemCount:    0>
20260908 013302.267 INFO             PET3       ATM-TO-OCN: InitializeIPDv05p1 intro {ES}:--- StateLog() end -------------------
20260908 013302.267 INFO             PET3       ATM-TO-OCN: importState FieldTransferPolicy = transferNone
20260908 013302.267 INFO             PET3       ATM-TO-OCN: exportState FieldTransferPolicy = transferNone
20260908 013302.267 INFO             PET3       ATM-TO-OCN: InitializeIPDv05p1 extro {IS}:--- StateLog() start -----------------
20260908 013302.267 INFO             PET3       ATM-TO-OCN: InitializeIPDv05p1 extro {IS}:<name: ATM-ExportState> <intent: ESMF_STATEINTENT_EXPORT> <itemCount:    0>
20260908 013302.267 INFO             PET3       ATM-TO-OCN: InitializeIPDv05p1 extro {IS}:--- StateLog() end -------------------
20260908 013302.267 INFO             PET3       ATM-TO-OCN: InitializeIPDv05p1 extro {ES}:--- StateLog() start -----------------
20260908 013302.267 INFO             PET3       ATM-TO-OCN: InitializeIPDv05p1 extro {ES}:<name: OCN-ImportState> <intent: ESMF_STATEINTENT_IMPORT> <itemCount:    0>
20260908 013302.267 INFO             PET3       ATM-TO-OCN: InitializeIPDv05p1 extro {ES}:--- StateLog() end -------------------
20260908 013302.267 INFO             PET3     ATM-TO-OCN: InitializeIPDv05p1 extro.
20260908 013302.268 INFO             PET3     OCN-TO-ATM: InitializeIPDv05p1 intro.
20260908 013302.268 INFO             PET3       OCN-TO-ATM: InitializeIPDv05p1 intro {IS}:--- StateLog() start -----------------
20260908 013302.268 INFO             PET3       OCN-TO-ATM: InitializeIPDv05p1 intro {IS}:<name: OCN-ExportState> <intent: ESMF_STATEINTENT_EXPORT> <itemCount:    1>
20260908 013302.268 INFO             PET3       OCN-TO-ATM: InitializeIPDv05p1 intro {IS}:+-<item: 0001> <itemType: Field> <itemName: sst>
20260908 013302.268 INFO             PET3       OCN-TO-ATM: InitializeIPDv05p1 intro {IS}:!--- FieldLog() start -----------------
20260908 013302.268 INFO             PET3       OCN-TO-ATM: InitializeIPDv05p1 intro {IS}:! <name: sst> <fieldStatus: ESMF_FIELDSTATUS_EMPTY>
20260908 013302.268 INFO             PET3       OCN-TO-ATM: InitializeIPDv05p1 intro {IS}:! 0x7ffe608dc000 => 0x1a13c30 => 0x1a3ac40
20260908 013302.268 INFO             PET3       OCN-TO-ATM: InitializeIPDv05p1 intro {IS}:!--- FieldLog() end -------------------
20260908 013302.268 INFO             PET3       OCN-TO-ATM: InitializeIPDv05p1 intro {IS}:--- StateLog() end -------------------
20260908 013302.268 INFO             PET3       OCN-TO-ATM: InitializeIPDv05p1 intro {ES}:--- StateLog() start -----------------
20260908 013302.268 INFO             PET3       OCN-TO-ATM: InitializeIPDv05p1 intro {ES}:<name: ATM-ImportState> <intent: ESMF_STATEINTENT_IMPORT> <itemCount:    0>
20260908 013302.268 INFO             PET3       OCN-TO-ATM: InitializeIPDv05p1 intro {ES}:--- StateLog() end -------------------
20260908 013302.273 INFO             PET3       OCN-TO-ATM: importState FieldTransferPolicy = transferNone
20260908 013302.273 INFO             PET3       OCN-TO-ATM: exportState FieldTransferPolicy = transferNone
20260908 013302.273 INFO             PET3       OCN-TO-ATM: InitializeIPDv05p1 extro {IS}:--- StateLog() start -----------------
20260908 013302.273 INFO             PET3       OCN-TO-ATM: InitializeIPDv05p1 extro {IS}:<name: OCN-ExportState> <intent: ESMF_STATEINTENT_EXPORT> <itemCount:    1>
20260908 013302.273 INFO             PET3       OCN-TO-ATM: InitializeIPDv05p1 extro {IS}:+-<item: 0001> <itemType: Field> <itemName: sst>
20260908 013302.273 INFO             PET3       OCN-TO-ATM: InitializeIPDv05p1 extro {IS}:!--- FieldLog() start -----------------
20260908 013302.273 INFO             PET3       OCN-TO-ATM: InitializeIPDv05p1 extro {IS}:! <name: sst> <fieldStatus: ESMF_FIELDSTATUS_EMPTY>
20260908 013302.273 INFO             PET3       OCN-TO-ATM: InitializeIPDv05p1 extro {IS}:! 0x7ffe608dc1d0 => 0x1a13c30 => 0x1a3ac40
20260908 013302.273 INFO             PET3       OCN-TO-ATM: InitializeIPDv05p1 extro {IS}:!--- FieldLog() end -------------------
20260908 013302.273 INFO             PET3       OCN-TO-ATM: InitializeIPDv05p1 extro {IS}:--- StateLog() end -------------------
20260908 013302.273 INFO             PET3       OCN-TO-ATM: InitializeIPDv05p1 extro {ES}:--- StateLog() start -----------------
20260908 013302.273 INFO             PET3       OCN-TO-ATM: InitializeIPDv05p1 extro {ES}:<name: ATM-ImportState> <intent: ESMF_STATEINTENT_IMPORT> <itemCount:    0>
20260908 013302.273 INFO             PET3       OCN-TO-ATM: InitializeIPDv05p1 extro {ES}:--- StateLog() end -------------------
20260908 013302.273 INFO             PET3     OCN-TO-ATM: InitializeIPDv05p1 extro.
20260908 013302.274 INFO             PET3     esm: IInitAdvertiseFinish intro.
20260908 013302.274 INFO             PET3       esm: IInitAdvertiseFinish intro {IS}:--- StateLog() start -----------------
20260908 013302.274 INFO             PET3       esm: IInitAdvertiseFinish intro {IS}:State object is invalid! Not created or deleted!
20260908 013302.274 INFO             PET3       esm: IInitAdvertiseFinish intro {IS}:--- StateLog() end -------------------
20260908 013302.274 INFO             PET3       esm: IInitAdvertiseFinish intro {ES}:--- StateLog() start -----------------
20260908 013302.274 INFO             PET3       esm: IInitAdvertiseFinish intro {ES}:State object is invalid! Not created or deleted!
20260908 013302.274 INFO             PET3       esm: IInitAdvertiseFinish intro {ES}:--- StateLog() end -------------------
20260908 013302.274 INFO             PET3       >>>esm: entered Initialize (phase=<none>) with current time: 2010  6  1  0  0  0   0
20260908 013302.275 INFO             PET3       <<<esm: leaving Initialize (phase=<none>) with current time: 2010  6  1  0  0  0   0
20260908 013302.275 INFO             PET3       esm: IInitAdvertiseFinish extro {IS}:--- StateLog() start -----------------
20260908 013302.275 INFO             PET3       esm: IInitAdvertiseFinish extro {IS}:State object is invalid! Not created or deleted!
20260908 013302.275 INFO             PET3       esm: IInitAdvertiseFinish extro {IS}:--- StateLog() end -------------------
20260908 013302.275 INFO             PET3       esm: IInitAdvertiseFinish extro {ES}:--- StateLog() start -----------------
20260908 013302.275 INFO             PET3       esm: IInitAdvertiseFinish extro {ES}:State object is invalid! Not created or deleted!
20260908 013302.275 INFO             PET3       esm: IInitAdvertiseFinish extro {ES}:--- StateLog() end -------------------
20260908 013302.275 INFO             PET3     esm: IInitAdvertiseFinish extro.
20260908 013302.276 INFO             PET3     ATM-TO-OCN: InitializeIPDv05p2a intro.
20260908 013302.276 INFO             PET3       ATM-TO-OCN: InitializeIPDv05p2a intro {IS}:--- StateLog() start -----------------
20260908 013302.276 INFO             PET3       ATM-TO-OCN: InitializeIPDv05p2a intro {IS}:<name: ATM-ExportState> <intent: ESMF_STATEINTENT_EXPORT> <itemCount:    0>
20260908 013302.276 INFO             PET3       ATM-TO-OCN: InitializeIPDv05p2a intro {IS}:--- StateLog() end -------------------
20260908 013302.276 INFO             PET3       ATM-TO-OCN: InitializeIPDv05p2a intro {ES}:--- StateLog() start -----------------
20260908 013302.276 INFO             PET3       ATM-TO-OCN: InitializeIPDv05p2a intro {ES}:<name: OCN-ImportState> <intent: ESMF_STATEINTENT_IMPORT> <itemCount:    0>
20260908 013302.276 INFO             PET3       ATM-TO-OCN: InitializeIPDv05p2a intro {ES}:--- StateLog() end -------------------
20260908 013302.281 INFO             PET3       ATM-TO-OCN: InitializeIPDv05p2a extro {IS}:--- StateLog() start -----------------
20260908 013302.281 INFO             PET3       ATM-TO-OCN: InitializeIPDv05p2a extro {IS}:<name: ATM-ExportState> <intent: ESMF_STATEINTENT_EXPORT> <itemCount:    0>
20260908 013302.281 INFO             PET3       ATM-TO-OCN: InitializeIPDv05p2a extro {IS}:--- StateLog() end -------------------
20260908 013302.281 INFO             PET3       ATM-TO-OCN: InitializeIPDv05p2a extro {ES}:--- StateLog() start -----------------
20260908 013302.281 INFO             PET3       ATM-TO-OCN: InitializeIPDv05p2a extro {ES}:<name: OCN-ImportState> <intent: ESMF_STATEINTENT_IMPORT> <itemCount:    0>
20260908 013302.281 INFO             PET3       ATM-TO-OCN: InitializeIPDv05p2a extro {ES}:--- StateLog() end -------------------
20260908 013302.281 INFO             PET3     ATM-TO-OCN: InitializeIPDv05p2a extro.
20260908 013302.282 INFO             PET3     OCN-TO-ATM: InitializeIPDv05p2a intro.
20260908 013302.282 INFO             PET3       OCN-TO-ATM: InitializeIPDv05p2a intro {IS}:--- StateLog() start -----------------
20260908 013302.282 INFO             PET3       OCN-TO-ATM: InitializeIPDv05p2a intro {IS}:<name: OCN-ExportState> <intent: ESMF_STATEINTENT_EXPORT> <itemCount:    1>
20260908 013302.282 INFO             PET3       OCN-TO-ATM: InitializeIPDv05p2a intro {IS}:+-<item: 0001> <itemType: Field> <itemName: sst>
20260908 013302.282 INFO             PET3       OCN-TO-ATM: InitializeIPDv05p2a intro {IS}:!--- FieldLog() start -----------------
20260908 013302.282 INFO             PET3       OCN-TO-ATM: InitializeIPDv05p2a intro {IS}:! <name: sst> <fieldStatus: ESMF_FIELDSTATUS_EMPTY>
20260908 013302.282 INFO             PET3       OCN-TO-ATM: InitializeIPDv05p2a intro {IS}:! 0x7ffe608e18c0 => 0x1a13c30 => 0x1a3ac40
20260908 013302.282 INFO             PET3       OCN-TO-ATM: InitializeIPDv05p2a intro {IS}:!--- FieldLog() end -------------------
20260908 013302.282 INFO             PET3       OCN-TO-ATM: InitializeIPDv05p2a intro {IS}:--- StateLog() end -------------------
20260908 013302.282 INFO             PET3       OCN-TO-ATM: InitializeIPDv05p2a intro {ES}:--- StateLog() start -----------------
20260908 013302.282 INFO             PET3       OCN-TO-ATM: InitializeIPDv05p2a intro {ES}:<name: ATM-ImportState> <intent: ESMF_STATEINTENT_IMPORT> <itemCount:    0>
20260908 013302.282 INFO             PET3       OCN-TO-ATM: InitializeIPDv05p2a intro {ES}:--- StateLog() end -------------------
20260908 013302.293 INFO             PET3       OCN-TO-ATM:      importStandardNameList(i=  1): sea_surface_temperature
20260908 013302.293 INFO             PET3       OCN-TO-ATM:         importNamespaceList(i=  1): OCN
20260908 013302.293 INFO             PET3       OCN-TO-ATM:            importCplSetList(i=  1): __UNSPECIFIED__
20260908 013302.293 INFO             PET3       OCN-TO-ATM:      exportStandardNameList(j=  1): sea_surface_temperature
20260908 013302.294 INFO             PET3       OCN-TO-ATM:         exportNamespaceList(j=  1): ATM:OCN
20260908 013302.294 INFO             PET3       OCN-TO-ATM:            exportCplSetList(j=  1): __UNSPECIFIED__
20260908 013302.294 INFO             PET3       OCN-TO-ATM: bondLevel= 2
20260908 013302.294 INFO             PET3       OCN-TO-ATM: ProducerConnection (bondLevelMax):         2
20260908 013302.294 INFO             PET3       OCN-TO-ATM: InitializeIPDv05p2a extro {IS}:--- StateLog() start -----------------
20260908 013302.294 INFO             PET3       OCN-TO-ATM: InitializeIPDv05p2a extro {IS}:<name: OCN-ExportState> <intent: ESMF_STATEINTENT_EXPORT> <itemCount:    1>
20260908 013302.294 INFO             PET3       OCN-TO-ATM: InitializeIPDv05p2a extro {IS}:+-<item: 0001> <itemType: Field> <itemName: sst>
20260908 013302.294 INFO             PET3       OCN-TO-ATM: InitializeIPDv05p2a extro {IS}:!--- FieldLog() start -----------------
20260908 013302.294 INFO             PET3       OCN-TO-ATM: InitializeIPDv05p2a extro {IS}:! <name: sst> <fieldStatus: ESMF_FIELDSTATUS_EMPTY>
20260908 013302.294 INFO             PET3       OCN-TO-ATM: InitializeIPDv05p2a extro {IS}:! 0x7ffe608e1a90 => 0x1a13c30 => 0x1a3ac40
20260908 013302.294 INFO             PET3       OCN-TO-ATM: InitializeIPDv05p2a extro {IS}:!--- FieldLog() end -------------------
20260908 013302.294 INFO             PET3       OCN-TO-ATM: InitializeIPDv05p2a extro {IS}:--- StateLog() end -------------------
20260908 013302.294 INFO             PET3       OCN-TO-ATM: InitializeIPDv05p2a extro {ES}:--- StateLog() start -----------------
20260908 013302.294 INFO             PET3       OCN-TO-ATM: InitializeIPDv05p2a extro {ES}:<name: ATM-ImportState> <intent: ESMF_STATEINTENT_IMPORT> <itemCount:    1>
20260908 013302.294 INFO             PET3       OCN-TO-ATM: InitializeIPDv05p2a extro {ES}:+-<item: 0001> <itemType: State> <itemName: ATM-ImportState-namespace:OCN>
20260908 013302.294 INFO             PET3       OCN-TO-ATM: InitializeIPDv05p2a extro {ES}:! <name: ATM-ImportState-namespace:OCN> <intent: ESMF_STATEINTENT_IMPORT> <itemCount:    1>
20260908 013302.294 INFO             PET3       OCN-TO-ATM: InitializeIPDv05p2a extro {ES}:! +-<item: 0001> <itemType: Field> <itemName: sea_surface_temperature>
20260908 013302.294 INFO             PET3       OCN-TO-ATM: InitializeIPDv05p2a extro {ES}:! !--- FieldLog() start -----------------
20260908 013302.294 INFO             PET3       OCN-TO-ATM: InitializeIPDv05p2a extro {ES}:! ! <name: sea_surface_temperature> <fieldStatus: ESMF_FIELDSTATUS_EMPTY>
20260908 013302.294 INFO             PET3       OCN-TO-ATM: InitializeIPDv05p2a extro {ES}:! ! 0x7ffe608e02a0 => 0x1a3a780 => 0x1a707b0
20260908 013302.294 INFO             PET3       OCN-TO-ATM: InitializeIPDv05p2a extro {ES}:! !--- FieldLog() end -------------------
20260908 013302.294 INFO             PET3       OCN-TO-ATM: InitializeIPDv05p2a extro {ES}:--- StateLog() end -------------------
20260908 013302.294 INFO             PET3     OCN-TO-ATM: InitializeIPDv05p2a extro.
20260908 013302.295 INFO             PET3     ATM-TO-OCN: InitializeIPDv05p2b intro.
20260908 013302.295 INFO             PET3       ATM-TO-OCN: InitializeIPDv05p2b intro {IS}:--- StateLog() start -----------------
20260908 013302.295 INFO             PET3       ATM-TO-OCN: InitializeIPDv05p2b intro {IS}:<name: ATM-ExportState> <intent: ESMF_STATEINTENT_EXPORT> <itemCount:    0>
20260908 013302.295 INFO             PET3       ATM-TO-OCN: InitializeIPDv05p2b intro {IS}:--- StateLog() end -------------------
20260908 013302.295 INFO             PET3       ATM-TO-OCN: InitializeIPDv05p2b intro {ES}:--- StateLog() start -----------------
20260908 013302.295 INFO             PET3       ATM-TO-OCN: InitializeIPDv05p2b intro {ES}:<name: OCN-ImportState> <intent: ESMF_STATEINTENT_IMPORT> <itemCount:    0>
20260908 013302.295 INFO             PET3       ATM-TO-OCN: InitializeIPDv05p2b intro {ES}:--- StateLog() end -------------------
20260908 013302.295 INFO             PET3       ATM-TO-OCN: InitializeIPDv05p2b extro {IS}:--- StateLog() start -----------------
20260908 013302.295 INFO             PET3       ATM-TO-OCN: InitializeIPDv05p2b extro {IS}:<name: ATM-ExportState> <intent: ESMF_STATEINTENT_EXPORT> <itemCount:    0>
20260908 013302.295 INFO             PET3       ATM-TO-OCN: InitializeIPDv05p2b extro {IS}:--- StateLog() end -------------------
20260908 013302.295 INFO             PET3       ATM-TO-OCN: InitializeIPDv05p2b extro {ES}:--- StateLog() start -----------------
20260908 013302.295 INFO             PET3       ATM-TO-OCN: InitializeIPDv05p2b extro {ES}:<name: OCN-ImportState> <intent: ESMF_STATEINTENT_IMPORT> <itemCount:    0>
20260908 013302.295 INFO             PET3       ATM-TO-OCN: InitializeIPDv05p2b extro {ES}:--- StateLog() end -------------------
20260908 013302.295 INFO             PET3     ATM-TO-OCN: InitializeIPDv05p2b extro.
20260908 013302.296 INFO             PET3     OCN-TO-ATM: InitializeIPDv05p2b intro.
20260908 013302.296 INFO             PET3       OCN-TO-ATM: InitializeIPDv05p2b intro {IS}:--- StateLog() start -----------------
20260908 013302.296 INFO             PET3       OCN-TO-ATM: InitializeIPDv05p2b intro {IS}:<name: OCN-ExportState> <intent: ESMF_STATEINTENT_EXPORT> <itemCount:    1>
20260908 013302.296 INFO             PET3       OCN-TO-ATM: InitializeIPDv05p2b intro {IS}:+-<item: 0001> <itemType: Field> <itemName: sst>
20260908 013302.296 INFO             PET3       OCN-TO-ATM: InitializeIPDv05p2b intro {IS}:!--- FieldLog() start -----------------
20260908 013302.296 INFO             PET3       OCN-TO-ATM: InitializeIPDv05p2b intro {IS}:! <name: sst> <fieldStatus: ESMF_FIELDSTATUS_EMPTY>
20260908 013302.296 INFO             PET3       OCN-TO-ATM: InitializeIPDv05p2b intro {IS}:! 0x7ffe608e0670 => 0x1a13c30 => 0x1a3ac40
20260908 013302.296 INFO             PET3       OCN-TO-ATM: InitializeIPDv05p2b intro {IS}:!--- FieldLog() end -------------------
20260908 013302.296 INFO             PET3       OCN-TO-ATM: InitializeIPDv05p2b intro {IS}:--- StateLog() end -------------------
20260908 013302.296 INFO             PET3       OCN-TO-ATM: InitializeIPDv05p2b intro {ES}:--- StateLog() start -----------------
20260908 013302.296 INFO             PET3       OCN-TO-ATM: InitializeIPDv05p2b intro {ES}:<name: ATM-ImportState> <intent: ESMF_STATEINTENT_IMPORT> <itemCount:    1>
20260908 013302.296 INFO             PET3       OCN-TO-ATM: InitializeIPDv05p2b intro {ES}:+-<item: 0001> <itemType: State> <itemName: ATM-ImportState-namespace:OCN>
20260908 013302.296 INFO             PET3       OCN-TO-ATM: InitializeIPDv05p2b intro {ES}:! <name: ATM-ImportState-namespace:OCN> <intent: ESMF_STATEINTENT_IMPORT> <itemCount:    1>
20260908 013302.296 INFO             PET3       OCN-TO-ATM: InitializeIPDv05p2b intro {ES}:! +-<item: 0001> <itemType: Field> <itemName: sea_surface_temperature>
20260908 013302.296 INFO             PET3       OCN-TO-ATM: InitializeIPDv05p2b intro {ES}:! !--- FieldLog() start -----------------
20260908 013302.296 INFO             PET3       OCN-TO-ATM: InitializeIPDv05p2b intro {ES}:! ! <name: sea_surface_temperature> <fieldStatus: ESMF_FIELDSTATUS_EMPTY>
20260908 013302.296 INFO             PET3       OCN-TO-ATM: InitializeIPDv05p2b intro {ES}:! ! 0x7ffe608dee80 => 0x1a3a780 => 0x1a707b0
20260908 013302.296 INFO             PET3       OCN-TO-ATM: InitializeIPDv05p2b intro {ES}:! !--- FieldLog() end -------------------
20260908 013302.296 INFO             PET3       OCN-TO-ATM: InitializeIPDv05p2b intro {ES}:--- StateLog() end -------------------
20260908 013302.307 INFO             PET3       OCN-TO-ATM:      importStandardNameList(i=  1): sea_surface_temperature
20260908 013302.307 INFO             PET3       OCN-TO-ATM:         importNamespaceList(i=  1): OCN
20260908 013302.307 INFO             PET3       OCN-TO-ATM:            importCplSetList(i=  1): __UNSPECIFIED__
20260908 013302.307 INFO             PET3       OCN-TO-ATM:      exportStandardNameList(j=  1): sea_surface_temperature
20260908 013302.307 INFO             PET3       OCN-TO-ATM:         exportNamespaceList(j=  1): ATM:OCN
20260908 013302.307 INFO             PET3       OCN-TO-ATM:            exportCplSetList(j=  1): __UNSPECIFIED__
20260908 013302.307 INFO             PET3       OCN-TO-ATM: bondLevel= 2
20260908 013302.307 INFO             PET3       OCN-TO-ATM: => added cplList(  1)=sea_surface_temperature, cplSetList(  1)=__UNSPECIFIED__
20260908 013302.308 INFO             PET3       OCN-TO-ATM: InitializeIPDv05p2b extro {IS}:--- StateLog() start -----------------
20260908 013302.308 INFO             PET3       OCN-TO-ATM: InitializeIPDv05p2b extro {IS}:<name: OCN-ExportState> <intent: ESMF_STATEINTENT_EXPORT> <itemCount:    1>
20260908 013302.308 INFO             PET3       OCN-TO-ATM: InitializeIPDv05p2b extro {IS}:+-<item: 0001> <itemType: Field> <itemName: sst>
20260908 013302.308 INFO             PET3       OCN-TO-ATM: InitializeIPDv05p2b extro {IS}:!--- FieldLog() start -----------------
20260908 013302.308 INFO             PET3       OCN-TO-ATM: InitializeIPDv05p2b extro {IS}:! <name: sst> <fieldStatus: ESMF_FIELDSTATUS_EMPTY>
20260908 013302.308 INFO             PET3       OCN-TO-ATM: InitializeIPDv05p2b extro {IS}:! 0x7ffe608e0840 => 0x1a13c30 => 0x1a3ac40
20260908 013302.308 INFO             PET3       OCN-TO-ATM: InitializeIPDv05p2b extro {IS}:!--- FieldLog() end -------------------
20260908 013302.308 INFO             PET3       OCN-TO-ATM: InitializeIPDv05p2b extro {IS}:--- StateLog() end -------------------
20260908 013302.308 INFO             PET3       OCN-TO-ATM: InitializeIPDv05p2b extro {ES}:--- StateLog() start -----------------
20260908 013302.308 INFO             PET3       OCN-TO-ATM: InitializeIPDv05p2b extro {ES}:<name: ATM-ImportState> <intent: ESMF_STATEINTENT_IMPORT> <itemCount:    1>
20260908 013302.308 INFO             PET3       OCN-TO-ATM: InitializeIPDv05p2b extro {ES}:+-<item: 0001> <itemType: State> <itemName: ATM-ImportState-namespace:OCN>
20260908 013302.308 INFO             PET3       OCN-TO-ATM: InitializeIPDv05p2b extro {ES}:! <name: ATM-ImportState-namespace:OCN> <intent: ESMF_STATEINTENT_IMPORT> <itemCount:    1>
20260908 013302.308 INFO             PET3       OCN-TO-ATM: InitializeIPDv05p2b extro {ES}:! +-<item: 0001> <itemType: Field> <itemName: sea_surface_temperature>
20260908 013302.308 INFO             PET3       OCN-TO-ATM: InitializeIPDv05p2b extro {ES}:! !--- FieldLog() start -----------------
20260908 013302.308 INFO             PET3       OCN-TO-ATM: InitializeIPDv05p2b extro {ES}:! ! <name: sea_surface_temperature> <fieldStatus: ESMF_FIELDSTATUS_EMPTY>
20260908 013302.308 INFO             PET3       OCN-TO-ATM: InitializeIPDv05p2b extro {ES}:! ! 0x7ffe608df050 => 0x1a724e0 => 0x1a72710
20260908 013302.308 INFO             PET3       OCN-TO-ATM: InitializeIPDv05p2b extro {ES}:! !--- FieldLog() end -------------------
20260908 013302.308 INFO             PET3       OCN-TO-ATM: InitializeIPDv05p2b extro {ES}:--- StateLog() end -------------------
20260908 013302.308 INFO             PET3     OCN-TO-ATM: InitializeIPDv05p2b extro.
20260908 013302.309 INFO             PET3     esm: IInitModifyCplLists intro.
20260908 013302.309 INFO             PET3       esm: IInitModifyCplLists intro {IS}:--- StateLog() start -----------------
20260908 013302.309 INFO             PET3       esm: IInitModifyCplLists intro {IS}:State object is invalid! Not created or deleted!
20260908 013302.309 INFO             PET3       esm: IInitModifyCplLists intro {IS}:--- StateLog() end -------------------
20260908 013302.309 INFO             PET3       esm: IInitModifyCplLists intro {ES}:--- StateLog() start -----------------
20260908 013302.309 INFO             PET3       esm: IInitModifyCplLists intro {ES}:State object is invalid! Not created or deleted!
20260908 013302.309 INFO             PET3       esm: IInitModifyCplLists intro {ES}:--- StateLog() end -------------------
20260908 013302.309 INFO             PET3       >>>esm: entered Initialize (phase=<none>) with current time: 2010  6  1  0  0  0   0
20260908 013302.310 INFO             PET3       <<<esm: leaving Initialize (phase=<none>) with current time: 2010  6  1  0  0  0   0
20260908 013302.310 INFO             PET3       esm: IInitModifyCplLists extro {IS}:--- StateLog() start -----------------
20260908 013302.310 INFO             PET3       esm: IInitModifyCplLists extro {IS}:State object is invalid! Not created or deleted!
20260908 013302.310 INFO             PET3       esm: IInitModifyCplLists extro {IS}:--- StateLog() end -------------------
20260908 013302.310 INFO             PET3       esm: IInitModifyCplLists extro {ES}:--- StateLog() start -----------------
20260908 013302.310 INFO             PET3       esm: IInitModifyCplLists extro {ES}:State object is invalid! Not created or deleted!
20260908 013302.310 INFO             PET3       esm: IInitModifyCplLists extro {ES}:--- StateLog() end -------------------
20260908 013302.310 INFO             PET3     esm: IInitModifyCplLists extro.
20260908 013302.310 INFO             PET3     ATM-TO-OCN: InitializeIPDv05p3 intro.
20260908 013302.310 INFO             PET3       ATM-TO-OCN: InitializeIPDv05p3 intro {IS}:--- StateLog() start -----------------
20260908 013302.310 INFO             PET3       ATM-TO-OCN: InitializeIPDv05p3 intro {IS}:<name: ATM-ExportState> <intent: ESMF_STATEINTENT_EXPORT> <itemCount:    0>
20260908 013302.310 INFO             PET3       ATM-TO-OCN: InitializeIPDv05p3 intro {IS}:--- StateLog() end -------------------
20260908 013302.310 INFO             PET3       ATM-TO-OCN: InitializeIPDv05p3 intro {ES}:--- StateLog() start -----------------
20260908 013302.310 INFO             PET3       ATM-TO-OCN: InitializeIPDv05p3 intro {ES}:<name: OCN-ImportState> <intent: ESMF_STATEINTENT_IMPORT> <itemCount:    0>
20260908 013302.311 INFO             PET3       ATM-TO-OCN: InitializeIPDv05p3 intro {ES}:--- StateLog() end -------------------
20260908 013302.311 INFO             PET3       ATM-TO-OCN: InitializeIPDv05p3 extro {IS}:--- StateLog() start -----------------
20260908 013302.311 INFO             PET3       ATM-TO-OCN: InitializeIPDv05p3 extro {IS}:<name: ATM-ExportState> <intent: ESMF_STATEINTENT_EXPORT> <itemCount:    0>
20260908 013302.311 INFO             PET3       ATM-TO-OCN: InitializeIPDv05p3 extro {IS}:--- StateLog() end -------------------
20260908 013302.311 INFO             PET3       ATM-TO-OCN: InitializeIPDv05p3 extro {ES}:--- StateLog() start -----------------
20260908 013302.311 INFO             PET3       ATM-TO-OCN: InitializeIPDv05p3 extro {ES}:<name: OCN-ImportState> <intent: ESMF_STATEINTENT_IMPORT> <itemCount:    0>
20260908 013302.311 INFO             PET3       ATM-TO-OCN: InitializeIPDv05p3 extro {ES}:--- StateLog() end -------------------
20260908 013302.311 INFO             PET3     ATM-TO-OCN: InitializeIPDv05p3 extro.
20260908 013302.312 INFO             PET3     OCN-TO-ATM: InitializeIPDv05p3 intro.
20260908 013302.312 INFO             PET3       OCN-TO-ATM: InitializeIPDv05p3 intro {IS}:--- StateLog() start -----------------
20260908 013302.312 INFO             PET3       OCN-TO-ATM: InitializeIPDv05p3 intro {IS}:<name: OCN-ExportState> <intent: ESMF_STATEINTENT_EXPORT> <itemCount:    1>
20260908 013302.312 INFO             PET3       OCN-TO-ATM: InitializeIPDv05p3 intro {IS}:+-<item: 0001> <itemType: Field> <itemName: sst>
20260908 013302.312 INFO             PET3       OCN-TO-ATM: InitializeIPDv05p3 intro {IS}:!--- FieldLog() start -----------------
20260908 013302.312 INFO             PET3       OCN-TO-ATM: InitializeIPDv05p3 intro {IS}:! <name: sst> <fieldStatus: ESMF_FIELDSTATUS_EMPTY>
20260908 013302.312 INFO             PET3       OCN-TO-ATM: InitializeIPDv05p3 intro {IS}:! 0x7ffe608d43c0 => 0x1a13c30 => 0x1a3ac40
20260908 013302.312 INFO             PET3       OCN-TO-ATM: InitializeIPDv05p3 intro {IS}:!--- FieldLog() end -------------------
20260908 013302.312 INFO             PET3       OCN-TO-ATM: InitializeIPDv05p3 intro {IS}:--- StateLog() end -------------------
20260908 013302.312 INFO             PET3       OCN-TO-ATM: InitializeIPDv05p3 intro {ES}:--- StateLog() start -----------------
20260908 013302.312 INFO             PET3       OCN-TO-ATM: InitializeIPDv05p3 intro {ES}:<name: ATM-ImportState> <intent: ESMF_STATEINTENT_IMPORT> <itemCount:    1>
20260908 013302.312 INFO             PET3       OCN-TO-ATM: InitializeIPDv05p3 intro {ES}:+-<item: 0001> <itemType: State> <itemName: ATM-ImportState-namespace:OCN>
20260908 013302.312 INFO             PET3       OCN-TO-ATM: InitializeIPDv05p3 intro {ES}:! <name: ATM-ImportState-namespace:OCN> <intent: ESMF_STATEINTENT_IMPORT> <itemCount:    1>
20260908 013302.312 INFO             PET3       OCN-TO-ATM: InitializeIPDv05p3 intro {ES}:! +-<item: 0001> <itemType: Field> <itemName: sea_surface_temperature>
20260908 013302.312 INFO             PET3       OCN-TO-ATM: InitializeIPDv05p3 intro {ES}:! !--- FieldLog() start -----------------
20260908 013302.312 INFO             PET3       OCN-TO-ATM: InitializeIPDv05p3 intro {ES}:! ! <name: sea_surface_temperature> <fieldStatus: ESMF_FIELDSTATUS_EMPTY>
20260908 013302.312 INFO             PET3       OCN-TO-ATM: InitializeIPDv05p3 intro {ES}:! ! 0x7ffe608d2bd0 => 0x1a724e0 => 0x1a72710
20260908 013302.312 INFO             PET3       OCN-TO-ATM: InitializeIPDv05p3 intro {ES}:! !--- FieldLog() end -------------------
20260908 013302.312 INFO             PET3       OCN-TO-ATM: InitializeIPDv05p3 intro {ES}:--- StateLog() end -------------------
20260908 013302.324 INFO             PET3       OCN-TO-ATM: handle cplList(1): sea_surface_temperature, cplSetList(1): __UNSPECIFIED__
20260908 013302.324 INFO             PET3       OCN-TO-ATM: - connected.
20260908 013302.324 INFO             PET3       OCN-TO-ATM: - import side must provide, export side may accept the Field/GeomObject.
20260908 013302.324 INFO             PET3       OCN-TO-ATM: - combination of provider and acceptor VM does NOT support Field and/or GeomObject sharing between them.
20260908 013302.324 INFO             PET3       OCN-TO-ATM: InitializeIPDv05p3 extro {IS}:--- StateLog() start -----------------
20260908 013302.324 INFO             PET3       OCN-TO-ATM: InitializeIPDv05p3 extro {IS}:<name: OCN-ExportState> <intent: ESMF_STATEINTENT_EXPORT> <itemCount:    1>
20260908 013302.324 INFO             PET3       OCN-TO-ATM: InitializeIPDv05p3 extro {IS}:+-<item: 0001> <itemType: Field> <itemName: sst>
20260908 013302.324 INFO             PET3       OCN-TO-ATM: InitializeIPDv05p3 extro {IS}:!--- FieldLog() start -----------------
20260908 013302.324 INFO             PET3       OCN-TO-ATM: InitializeIPDv05p3 extro {IS}:! <name: sst> <fieldStatus: ESMF_FIELDSTATUS_EMPTY>
20260908 013302.324 INFO             PET3       OCN-TO-ATM: InitializeIPDv05p3 extro {IS}:! 0x7ffe608d4590 => 0x1a13c30 => 0x1a3ac40
20260908 013302.324 INFO             PET3       OCN-TO-ATM: InitializeIPDv05p3 extro {IS}:!--- FieldLog() end -------------------
20260908 013302.324 INFO             PET3       OCN-TO-ATM: InitializeIPDv05p3 extro {IS}:--- StateLog() end -------------------
20260908 013302.324 INFO             PET3       OCN-TO-ATM: InitializeIPDv05p3 extro {ES}:--- StateLog() start -----------------
20260908 013302.324 INFO             PET3       OCN-TO-ATM: InitializeIPDv05p3 extro {ES}:<name: ATM-ImportState> <intent: ESMF_STATEINTENT_IMPORT> <itemCount:    1>
20260908 013302.325 INFO             PET3       OCN-TO-ATM: InitializeIPDv05p3 extro {ES}:+-<item: 0001> <itemType: State> <itemName: ATM-ImportState-namespace:OCN>
20260908 013302.325 INFO             PET3       OCN-TO-ATM: InitializeIPDv05p3 extro {ES}:! <name: ATM-ImportState-namespace:OCN> <intent: ESMF_STATEINTENT_IMPORT> <itemCount:    1>
20260908 013302.325 INFO             PET3       OCN-TO-ATM: InitializeIPDv05p3 extro {ES}:! +-<item: 0001> <itemType: Field> <itemName: sea_surface_temperature>
20260908 013302.325 INFO             PET3       OCN-TO-ATM: InitializeIPDv05p3 extro {ES}:! !--- FieldLog() start -----------------
20260908 013302.325 INFO             PET3       OCN-TO-ATM: InitializeIPDv05p3 extro {ES}:! ! <name: sea_surface_temperature> <fieldStatus: ESMF_FIELDSTATUS_EMPTY>
20260908 013302.325 INFO             PET3       OCN-TO-ATM: InitializeIPDv05p3 extro {ES}:! ! 0x7ffe608d2da0 => 0x19b4eb0 => 0x1a77480
20260908 013302.325 INFO             PET3       OCN-TO-ATM: InitializeIPDv05p3 extro {ES}:! !--- FieldLog() end -------------------
20260908 013302.325 INFO             PET3       OCN-TO-ATM: InitializeIPDv05p3 extro {ES}:--- StateLog() end -------------------
20260908 013302.325 INFO             PET3     OCN-TO-ATM: InitializeIPDv05p3 extro.
20260908 013302.325 INFO             PET3     <<<esm: leaving Initialize (phase=<none>) with current time: 2010  6  1  0  0  0   0
20260908 013302.325 INFO             PET3     esm: InitializeIPDv02p1 extro {IS}:--- StateLog() start -----------------
20260908 013302.325 INFO             PET3     esm: InitializeIPDv02p1 extro {IS}:State object is invalid! Not created or deleted!
20260908 013302.325 INFO             PET3     esm: InitializeIPDv02p1 extro {IS}:--- StateLog() end -------------------
20260908 013302.325 INFO             PET3     esm: InitializeIPDv02p1 extro {ES}:--- StateLog() start -----------------
20260908 013302.325 INFO             PET3     esm: InitializeIPDv02p1 extro {ES}:State object is invalid! Not created or deleted!
20260908 013302.325 INFO             PET3     esm: InitializeIPDv02p1 extro {ES}:--- StateLog() end -------------------
20260908 013302.325 INFO             PET3   esm: InitializeIPDv02p1 extro.
20260908 013302.326 INFO             PET3   esm: InitializeIPDv02p3 intro.
20260908 013302.326 INFO             PET3     esm: InitializeIPDv02p3 intro {IS}:--- StateLog() start -----------------
20260908 013302.326 INFO             PET3     esm: InitializeIPDv02p3 intro {IS}:State object is invalid! Not created or deleted!
20260908 013302.326 INFO             PET3     esm: InitializeIPDv02p3 intro {IS}:--- StateLog() end -------------------
20260908 013302.326 INFO             PET3     esm: InitializeIPDv02p3 intro {ES}:--- StateLog() start -----------------
20260908 013302.326 INFO             PET3     esm: InitializeIPDv02p3 intro {ES}:State object is invalid! Not created or deleted!
20260908 013302.326 INFO             PET3     esm: InitializeIPDv02p3 intro {ES}:--- StateLog() end -------------------
20260908 013302.326 INFO             PET3     >>>esm: entered Initialize (phase=<none>) with current time: 2010  6  1  0  0  0   0
20260908 013302.327 INFO             PET3     esm: IInitCheck intro.
20260908 013302.327 INFO             PET3       esm: IInitCheck intro {IS}:--- StateLog() start -----------------
20260908 013302.327 INFO             PET3       esm: IInitCheck intro {IS}:State object is invalid! Not created or deleted!
20260908 013302.327 INFO             PET3       esm: IInitCheck intro {IS}:--- StateLog() end -------------------
20260908 013302.327 INFO             PET3       esm: IInitCheck intro {ES}:--- StateLog() start -----------------
20260908 013302.327 INFO             PET3       esm: IInitCheck intro {ES}:State object is invalid! Not created or deleted!
20260908 013302.327 INFO             PET3       esm: IInitCheck intro {ES}:--- StateLog() end -------------------
20260908 013302.327 INFO             PET3       >>>esm: entered Initialize (phase=<none>) with current time: 2010  6  1  0  0  0   0
20260908 013302.327 INFO             PET3       <<<esm: leaving Initialize (phase=<none>) with current time: 2010  6  1  0  0  0   0
20260908 013302.327 INFO             PET3       esm: IInitCheck extro {IS}:--- StateLog() start -----------------
20260908 013302.327 INFO             PET3       esm: IInitCheck extro {IS}:State object is invalid! Not created or deleted!
20260908 013302.327 INFO             PET3       esm: IInitCheck extro {IS}:--- StateLog() end -------------------
20260908 013302.327 INFO             PET3       esm: IInitCheck extro {ES}:--- StateLog() start -----------------
20260908 013302.327 INFO             PET3       esm: IInitCheck extro {ES}:State object is invalid! Not created or deleted!
20260908 013302.327 INFO             PET3       esm: IInitCheck extro {ES}:--- StateLog() end -------------------
20260908 013302.328 INFO             PET3     esm: IInitCheck extro.
20260908 013302.328 INFO             PET3     OCN: InitializeIPDvXp04 intro.
20260908 013302.328 INFO             PET3       OCN: InitializeIPDvXp04 intro {IS}:--- StateLog() start -----------------
20260908 013302.328 INFO             PET3       OCN: InitializeIPDvXp04 intro {IS}:<name: OCN-ImportState> <intent: ESMF_STATEINTENT_IMPORT> <itemCount:    0>
20260908 013302.328 INFO             PET3       OCN: InitializeIPDvXp04 intro {IS}:--- StateLog() end -------------------
20260908 013302.328 INFO             PET3       OCN: InitializeIPDvXp04 intro {ES}:--- StateLog() start -----------------
20260908 013302.328 INFO             PET3       OCN: InitializeIPDvXp04 intro {ES}:<name: OCN-ExportState> <intent: ESMF_STATEINTENT_EXPORT> <itemCount:    1>
20260908 013302.328 INFO             PET3       OCN: InitializeIPDvXp04 intro {ES}:+-<item: 0001> <itemType: Field> <itemName: sst>
20260908 013302.328 INFO             PET3       OCN: InitializeIPDvXp04 intro {ES}:!--- FieldLog() start -----------------
20260908 013302.328 INFO             PET3       OCN: InitializeIPDvXp04 intro {ES}:! <name: sst> <fieldStatus: ESMF_FIELDSTATUS_EMPTY>
20260908 013302.328 INFO             PET3       OCN: InitializeIPDvXp04 intro {ES}:! 0x7ffe608f28c0 => 0x1a13c30 => 0x1a3ac40
20260908 013302.328 INFO             PET3       OCN: InitializeIPDvXp04 intro {ES}:!--- FieldLog() end -------------------
20260908 013302.328 INFO             PET3       OCN: InitializeIPDvXp04 intro {ES}:--- StateLog() end -------------------
20260908 013302.329 INFO             PET3       >>>OCN: entered Initialize (phase=IPDvXp04) without valid internal Clock.
20260908 013302.336 INFO             PET3       <<<OCN: leaving Initialize (phase=IPDvXp04) without valid internal Clock.
20260908 013302.336 INFO             PET3       OCN: InitializeIPDvXp04 extro {IS}:--- StateLog() start -----------------
20260908 013302.336 INFO             PET3       OCN: InitializeIPDvXp04 extro {IS}:<name: OCN-ImportState> <intent: ESMF_STATEINTENT_IMPORT> <itemCount:    0>
20260908 013302.336 INFO             PET3       OCN: InitializeIPDvXp04 extro {IS}:--- StateLog() end -------------------
20260908 013302.336 INFO             PET3       OCN: InitializeIPDvXp04 extro {ES}:--- StateLog() start -----------------
20260908 013302.336 INFO             PET3       OCN: InitializeIPDvXp04 extro {ES}:<name: OCN-ExportState> <intent: ESMF_STATEINTENT_EXPORT> <itemCount:    1>
20260908 013302.336 INFO             PET3       OCN: InitializeIPDvXp04 extro {ES}:+-<item: 0001> <itemType: Field> <itemName: sst>
20260908 013302.336 INFO             PET3       OCN: InitializeIPDvXp04 extro {ES}:!--- FieldLog() start -----------------
20260908 013302.336 INFO             PET3       OCN: InitializeIPDvXp04 extro {ES}:! <name: sst> <fieldStatus: ESMF_FIELDSTATUS_COMPLETE>
20260908 013302.336 INFO             PET3       OCN: InitializeIPDvXp04 extro {ES}:! 0x7ffe608f2a90 => 0x1a7e7c0 => 0x1a7cca0
20260908 013302.336 INFO             PET3       OCN: InitializeIPDvXp04 extro {ES}:! <typekind: Real*8> <rank:    2> <dimCount:    2>
20260908 013302.336 INFO             PET3       OCN: InitializeIPDvXp04 extro {ES}:! ! --- Array::log() start -----------------------------------
20260908 013302.336 INFO             PET3       OCN: InitializeIPDvXp04 extro {ES}:! ! 0x1a80bc0
20260908 013302.336 INFO             PET3       OCN: InitializeIPDvXp04 extro {ES}:! ! <name: sst>
20260908 013302.336 INFO             PET3       OCN: InitializeIPDvXp04 extro {ES}:! ! ! --- DistGrid::log() start --------------------------------
20260908 013302.336 INFO             PET3       OCN: InitializeIPDvXp04 extro {ES}:! ! ! 0x1a7bc70
20260908 013302.336 INFO             PET3       OCN: InitializeIPDvXp04 extro {ES}:! ! ! DistGrid object is valid!<name: DG-Grid003-sloc:0>
20260908 013302.336 INFO             PET3       OCN: InitializeIPDvXp04 extro {ES}:! ! ! --- DistGrid::log() end ----------------------------------
20260908 013302.336 INFO             PET3       OCN: InitializeIPDvXp04 extro {ES}:! ! --- Array::log() end -------------------------------------
20260908 013302.336 INFO             PET3       OCN: InitializeIPDvXp04 extro {ES}:!--- FieldLog() end -------------------
20260908 013302.336 INFO             PET3       OCN: InitializeIPDvXp04 extro {ES}:--- StateLog() end -------------------
20260908 013302.336 INFO             PET3     OCN: InitializeIPDvXp04 extro.
20260908 013302.340 INFO             PET3     ATM-TO-OCN: InitializeIPDv05p4 intro.
20260908 013302.340 INFO             PET3       ATM-TO-OCN: InitializeIPDv05p4 intro {IS}:--- StateLog() start -----------------
20260908 013302.340 INFO             PET3       ATM-TO-OCN: InitializeIPDv05p4 intro {IS}:<name: ATM-ExportState> <intent: ESMF_STATEINTENT_EXPORT> <itemCount:    0>
20260908 013302.340 INFO             PET3       ATM-TO-OCN: InitializeIPDv05p4 intro {IS}:--- StateLog() end -------------------
20260908 013302.340 INFO             PET3       ATM-TO-OCN: InitializeIPDv05p4 intro {ES}:--- StateLog() start -----------------
20260908 013302.340 INFO             PET3       ATM-TO-OCN: InitializeIPDv05p4 intro {ES}:<name: OCN-ImportState> <intent: ESMF_STATEINTENT_IMPORT> <itemCount:    0>
20260908 013302.340 INFO             PET3       ATM-TO-OCN: InitializeIPDv05p4 intro {ES}:--- StateLog() end -------------------
20260908 013302.340 INFO             PET3       ATM-TO-OCN: InitializeIPDv05p4 extro {IS}:--- StateLog() start -----------------
20260908 013302.341 INFO             PET3       ATM-TO-OCN: InitializeIPDv05p4 extro {IS}:<name: ATM-ExportState> <intent: ESMF_STATEINTENT_EXPORT> <itemCount:    0>
20260908 013302.341 INFO             PET3       ATM-TO-OCN: InitializeIPDv05p4 extro {IS}:--- StateLog() end -------------------
20260908 013302.341 INFO             PET3       ATM-TO-OCN: InitializeIPDv05p4 extro {ES}:--- StateLog() start -----------------
20260908 013302.341 INFO             PET3       ATM-TO-OCN: InitializeIPDv05p4 extro {ES}:<name: OCN-ImportState> <intent: ESMF_STATEINTENT_IMPORT> <itemCount:    0>
20260908 013302.341 INFO             PET3       ATM-TO-OCN: InitializeIPDv05p4 extro {ES}:--- StateLog() end -------------------
20260908 013302.341 INFO             PET3     ATM-TO-OCN: InitializeIPDv05p4 extro.
20260908 013302.341 INFO             PET3     OCN-TO-ATM: InitializeIPDv05p4 intro.
20260908 013302.341 INFO             PET3       OCN-TO-ATM: InitializeIPDv05p4 intro {IS}:--- StateLog() start -----------------
20260908 013302.341 INFO             PET3       OCN-TO-ATM: InitializeIPDv05p4 intro {IS}:<name: OCN-ExportState> <intent: ESMF_STATEINTENT_EXPORT> <itemCount:    1>
20260908 013302.341 INFO             PET3       OCN-TO-ATM: InitializeIPDv05p4 intro {IS}:+-<item: 0001> <itemType: Field> <itemName: sst>
20260908 013302.341 INFO             PET3       OCN-TO-ATM: InitializeIPDv05p4 intro {IS}:!--- FieldLog() start -----------------
20260908 013302.341 INFO             PET3       OCN-TO-ATM: InitializeIPDv05p4 intro {IS}:! <name: sst> <fieldStatus: ESMF_FIELDSTATUS_COMPLETE>
20260908 013302.341 INFO             PET3       OCN-TO-ATM: InitializeIPDv05p4 intro {IS}:! 0x7ffe608d6be0 => 0x1a7e7c0 => 0x1a7cca0
20260908 013302.342 INFO             PET3       OCN-TO-ATM: InitializeIPDv05p4 intro {IS}:! <typekind: Real*8> <rank:    2> <dimCount:    2>
20260908 013302.342 INFO             PET3       OCN-TO-ATM: InitializeIPDv05p4 intro {IS}:! ! --- Array::log() start -----------------------------------
20260908 013302.342 INFO             PET3       OCN-TO-ATM: InitializeIPDv05p4 intro {IS}:! ! 0x1a80bc0
20260908 013302.342 INFO             PET3       OCN-TO-ATM: InitializeIPDv05p4 intro {IS}:! ! <name: sst>
20260908 013302.342 INFO             PET3       OCN-TO-ATM: InitializeIPDv05p4 intro {IS}:! ! ! --- DistGrid::log() start --------------------------------
20260908 013302.342 INFO             PET3       OCN-TO-ATM: InitializeIPDv05p4 intro {IS}:! ! ! 0x1a7bc70
20260908 013302.342 INFO             PET3       OCN-TO-ATM: InitializeIPDv05p4 intro {IS}:! ! ! DistGrid object is valid!<name: DG-Grid003-sloc:0>
20260908 013302.342 INFO             PET3       OCN-TO-ATM: InitializeIPDv05p4 intro {IS}:! ! ! --- DistGrid::log() end ----------------------------------
20260908 013302.342 INFO             PET3       OCN-TO-ATM: InitializeIPDv05p4 intro {IS}:! ! --- Array::log() end -------------------------------------
20260908 013302.342 INFO             PET3       OCN-TO-ATM: InitializeIPDv05p4 intro {IS}:!--- FieldLog() end -------------------
20260908 013302.342 INFO             PET3       OCN-TO-ATM: InitializeIPDv05p4 intro {IS}:--- StateLog() end -------------------
20260908 013302.342 INFO             PET3       OCN-TO-ATM: InitializeIPDv05p4 intro {ES}:--- StateLog() start -----------------
20260908 013302.342 INFO             PET3       OCN-TO-ATM: InitializeIPDv05p4 intro {ES}:<name: ATM-ImportState> <intent: ESMF_STATEINTENT_IMPORT> <itemCount:    1>
20260908 013302.342 INFO             PET3       OCN-TO-ATM: InitializeIPDv05p4 intro {ES}:+-<item: 0001> <itemType: State> <itemName: ATM-ImportState-namespace:OCN>
20260908 013302.342 INFO             PET3       OCN-TO-ATM: InitializeIPDv05p4 intro {ES}:! <name: ATM-ImportState-namespace:OCN> <intent: ESMF_STATEINTENT_IMPORT> <itemCount:    1>
20260908 013302.342 INFO             PET3       OCN-TO-ATM: InitializeIPDv05p4 intro {ES}:! +-<item: 0001> <itemType: Field> <itemName: sea_surface_temperature>
20260908 013302.342 INFO             PET3       OCN-TO-ATM: InitializeIPDv05p4 intro {ES}:! !--- FieldLog() start -----------------
20260908 013302.342 INFO             PET3       OCN-TO-ATM: InitializeIPDv05p4 intro {ES}:! ! <name: sea_surface_temperature> <fieldStatus: ESMF_FIELDSTATUS_EMPTY>
20260908 013302.342 INFO             PET3       OCN-TO-ATM: InitializeIPDv05p4 intro {ES}:! ! 0x7ffe608d53f0 => 0x19b4eb0 => 0x1a77480
20260908 013302.342 INFO             PET3       OCN-TO-ATM: InitializeIPDv05p4 intro {ES}:! !--- FieldLog() end -------------------
20260908 013302.342 INFO             PET3       OCN-TO-ATM: InitializeIPDv05p4 intro {ES}:--- StateLog() end -------------------
20260908 013302.357 INFO             PET3       OCN-TO-ATM: handle cplList(1): sea_surface_temperature, cplSetList(1): __UNSPECIFIED__
20260908 013302.358 INFO             PET3       OCN-TO-ATM: - import ShareStatusGeomObject=not shared
20260908 013302.358 INFO             PET3       OCN-TO-ATM: - export ShareStatusGeomObject=not shared
20260908 013302.358 INFO             PET3       OCN-TO-ATM: -> NOT sharing GeomObject
20260908 013302.358 INFO             PET3       OCN-TO-ATM: - import ShareStatusField=not shared
20260908 013302.358 INFO             PET3       OCN-TO-ATM: - export ShareStatusField=not shared
20260908 013302.358 INFO             PET3       OCN-TO-ATM: -> NOT sharing Field.
20260908 013302.358 INFO             PET3       OCN-TO-ATM:  gridListMatch=  F for provider Grid: Grid003
20260908 013302.358 INFO             PET3       OCN-TO-ATM: - transferring underlying DistGrid (import -> export) for Grid: Grid003
20260908 013302.358 INFO             PET3       OCN-TO-ATM: - done creating acceptorDG from providerDG
20260908 013302.358 INFO             PET3       OCN-TO-ATM: - done transferring underlying DistGrid
20260908 013302.358 INFO             PET3       OCN-TO-ATM: InitializeIPDv05p4 extro {IS}:--- StateLog() start -----------------
20260908 013302.358 INFO             PET3       OCN-TO-ATM: InitializeIPDv05p4 extro {IS}:<name: OCN-ExportState> <intent: ESMF_STATEINTENT_EXPORT> <itemCount:    1>
20260908 013302.359 INFO             PET3       OCN-TO-ATM: InitializeIPDv05p4 extro {IS}:+-<item: 0001> <itemType: Field> <itemName: sst>
20260908 013302.359 INFO             PET3       OCN-TO-ATM: InitializeIPDv05p4 extro {IS}:!--- FieldLog() start -----------------
20260908 013302.359 INFO             PET3       OCN-TO-ATM: InitializeIPDv05p4 extro {IS}:! <name: sst> <fieldStatus: ESMF_FIELDSTATUS_COMPLETE>
20260908 013302.359 INFO             PET3       OCN-TO-ATM: InitializeIPDv05p4 extro {IS}:! 0x7ffe608d6db0 => 0x1a7e7c0 => 0x1a7cca0
20260908 013302.359 INFO             PET3       OCN-TO-ATM: InitializeIPDv05p4 extro {IS}:! <typekind: Real*8> <rank:    2> <dimCount:    2>
20260908 013302.359 INFO             PET3       OCN-TO-ATM: InitializeIPDv05p4 extro {IS}:! ! --- Array::log() start -----------------------------------
20260908 013302.359 INFO             PET3       OCN-TO-ATM: InitializeIPDv05p4 extro {IS}:! ! 0x1a80bc0
20260908 013302.359 INFO             PET3       OCN-TO-ATM: InitializeIPDv05p4 extro {IS}:! ! <name: sst>
20260908 013302.359 INFO             PET3       OCN-TO-ATM: InitializeIPDv05p4 extro {IS}:! ! ! --- DistGrid::log() start --------------------------------
20260908 013302.359 INFO             PET3       OCN-TO-ATM: InitializeIPDv05p4 extro {IS}:! ! ! 0x1a7bc70
20260908 013302.359 INFO             PET3       OCN-TO-ATM: InitializeIPDv05p4 extro {IS}:! ! ! DistGrid object is valid!<name: DG-Grid003-sloc:0>
20260908 013302.359 INFO             PET3       OCN-TO-ATM: InitializeIPDv05p4 extro {IS}:! ! ! --- DistGrid::log() end ----------------------------------
20260908 013302.359 INFO             PET3       OCN-TO-ATM: InitializeIPDv05p4 extro {IS}:! ! --- Array::log() end -------------------------------------
20260908 013302.359 INFO             PET3       OCN-TO-ATM: InitializeIPDv05p4 extro {IS}:!--- FieldLog() end -------------------
20260908 013302.359 INFO             PET3       OCN-TO-ATM: InitializeIPDv05p4 extro {IS}:--- StateLog() end -------------------
20260908 013302.359 INFO             PET3       OCN-TO-ATM: InitializeIPDv05p4 extro {ES}:--- StateLog() start -----------------
20260908 013302.359 INFO             PET3       OCN-TO-ATM: InitializeIPDv05p4 extro {ES}:<name: ATM-ImportState> <intent: ESMF_STATEINTENT_IMPORT> <itemCount:    1>
20260908 013302.359 INFO             PET3       OCN-TO-ATM: InitializeIPDv05p4 extro {ES}:+-<item: 0001> <itemType: State> <itemName: ATM-ImportState-namespace:OCN>
20260908 013302.359 INFO             PET3       OCN-TO-ATM: InitializeIPDv05p4 extro {ES}:! <name: ATM-ImportState-namespace:OCN> <intent: ESMF_STATEINTENT_IMPORT> <itemCount:    1>
20260908 013302.359 INFO             PET3       OCN-TO-ATM: InitializeIPDv05p4 extro {ES}:! +-<item: 0001> <itemType: Field> <itemName: sea_surface_temperature>
20260908 013302.359 INFO             PET3       OCN-TO-ATM: InitializeIPDv05p4 extro {ES}:! !--- FieldLog() start -----------------
20260908 013302.359 INFO             PET3       OCN-TO-ATM: InitializeIPDv05p4 extro {ES}:! ! <name: sea_surface_temperature> <fieldStatus: ESMF_FIELDSTATUS_EMPTY>
20260908 013302.359 INFO             PET3       OCN-TO-ATM: InitializeIPDv05p4 extro {ES}:! ! 0x7ffe608d55c0 => 0x1a82560 => 0x1a83620
20260908 013302.359 INFO             PET3       OCN-TO-ATM: InitializeIPDv05p4 extro {ES}:! !--- FieldLog() end -------------------
20260908 013302.359 INFO             PET3       OCN-TO-ATM: InitializeIPDv05p4 extro {ES}:--- StateLog() end -------------------
20260908 013302.359 INFO             PET3     OCN-TO-ATM: InitializeIPDv05p4 extro.
20260908 013302.360 INFO             PET3     ATM-TO-OCN: InitializeIPDv05p5 intro.
20260908 013302.360 INFO             PET3       ATM-TO-OCN: InitializeIPDv05p5 intro {IS}:--- StateLog() start -----------------
20260908 013302.360 INFO             PET3       ATM-TO-OCN: InitializeIPDv05p5 intro {IS}:<name: ATM-ExportState> <intent: ESMF_STATEINTENT_EXPORT> <itemCount:    0>
20260908 013302.360 INFO             PET3       ATM-TO-OCN: InitializeIPDv05p5 intro {IS}:--- StateLog() end -------------------
20260908 013302.360 INFO             PET3       ATM-TO-OCN: InitializeIPDv05p5 intro {ES}:--- StateLog() start -----------------
20260908 013302.360 INFO             PET3       ATM-TO-OCN: InitializeIPDv05p5 intro {ES}:<name: OCN-ImportState> <intent: ESMF_STATEINTENT_IMPORT> <itemCount:    0>
20260908 013302.360 INFO             PET3       ATM-TO-OCN: InitializeIPDv05p5 intro {ES}:--- StateLog() end -------------------
20260908 013302.361 INFO             PET3       ATM-TO-OCN: InitializeIPDv05p5 extro {IS}:--- StateLog() start -----------------
20260908 013302.361 INFO             PET3       ATM-TO-OCN: InitializeIPDv05p5 extro {IS}:<name: ATM-ExportState> <intent: ESMF_STATEINTENT_EXPORT> <itemCount:    0>
20260908 013302.361 INFO             PET3       ATM-TO-OCN: InitializeIPDv05p5 extro {IS}:--- StateLog() end -------------------
20260908 013302.361 INFO             PET3       ATM-TO-OCN: InitializeIPDv05p5 extro {ES}:--- StateLog() start -----------------
20260908 013302.361 INFO             PET3       ATM-TO-OCN: InitializeIPDv05p5 extro {ES}:<name: OCN-ImportState> <intent: ESMF_STATEINTENT_IMPORT> <itemCount:    0>
20260908 013302.361 INFO             PET3       ATM-TO-OCN: InitializeIPDv05p5 extro {ES}:--- StateLog() end -------------------
20260908 013302.361 INFO             PET3     ATM-TO-OCN: InitializeIPDv05p5 extro.
20260908 013302.362 INFO             PET3     OCN-TO-ATM: InitializeIPDv05p5 intro.
20260908 013302.362 INFO             PET3       OCN-TO-ATM: InitializeIPDv05p5 intro {IS}:--- StateLog() start -----------------
20260908 013302.362 INFO             PET3       OCN-TO-ATM: InitializeIPDv05p5 intro {IS}:<name: OCN-ExportState> <intent: ESMF_STATEINTENT_EXPORT> <itemCount:    1>
20260908 013302.362 INFO             PET3       OCN-TO-ATM: InitializeIPDv05p5 intro {IS}:+-<item: 0001> <itemType: Field> <itemName: sst>
20260908 013302.362 INFO             PET3       OCN-TO-ATM: InitializeIPDv05p5 intro {IS}:!--- FieldLog() start -----------------
20260908 013302.362 INFO             PET3       OCN-TO-ATM: InitializeIPDv05p5 intro {IS}:! <name: sst> <fieldStatus: ESMF_FIELDSTATUS_COMPLETE>
20260908 013302.362 INFO             PET3       OCN-TO-ATM: InitializeIPDv05p5 intro {IS}:! 0x7ffe608deaf0 => 0x1a7e7c0 => 0x1a7cca0
20260908 013302.362 INFO             PET3       OCN-TO-ATM: InitializeIPDv05p5 intro {IS}:! <typekind: Real*8> <rank:    2> <dimCount:    2>
20260908 013302.362 INFO             PET3       OCN-TO-ATM: InitializeIPDv05p5 intro {IS}:! ! --- Array::log() start -----------------------------------
20260908 013302.362 INFO             PET3       OCN-TO-ATM: InitializeIPDv05p5 intro {IS}:! ! 0x1a80bc0
20260908 013302.362 INFO             PET3       OCN-TO-ATM: InitializeIPDv05p5 intro {IS}:! ! <name: sst>
20260908 013302.362 INFO             PET3       OCN-TO-ATM: InitializeIPDv05p5 intro {IS}:! ! ! --- DistGrid::log() start --------------------------------
20260908 013302.362 INFO             PET3       OCN-TO-ATM: InitializeIPDv05p5 intro {IS}:! ! ! 0x1a7bc70
20260908 013302.362 INFO             PET3       OCN-TO-ATM: InitializeIPDv05p5 intro {IS}:! ! ! DistGrid object is valid!<name: DG-Grid003-sloc:0>
20260908 013302.362 INFO             PET3       OCN-TO-ATM: InitializeIPDv05p5 intro {IS}:! ! ! --- DistGrid::log() end ----------------------------------
20260908 013302.362 INFO             PET3       OCN-TO-ATM: InitializeIPDv05p5 intro {IS}:! ! --- Array::log() end -------------------------------------
20260908 013302.362 INFO             PET3       OCN-TO-ATM: InitializeIPDv05p5 intro {IS}:!--- FieldLog() end -------------------
20260908 013302.362 INFO             PET3       OCN-TO-ATM: InitializeIPDv05p5 intro {IS}:--- StateLog() end -------------------
20260908 013302.362 INFO             PET3       OCN-TO-ATM: InitializeIPDv05p5 intro {ES}:--- StateLog() start -----------------
20260908 013302.362 INFO             PET3       OCN-TO-ATM: InitializeIPDv05p5 intro {ES}:<name: ATM-ImportState> <intent: ESMF_STATEINTENT_IMPORT> <itemCount:    1>
20260908 013302.362 INFO             PET3       OCN-TO-ATM: InitializeIPDv05p5 intro {ES}:+-<item: 0001> <itemType: State> <itemName: ATM-ImportState-namespace:OCN>
20260908 013302.362 INFO             PET3       OCN-TO-ATM: InitializeIPDv05p5 intro {ES}:! <name: ATM-ImportState-namespace:OCN> <intent: ESMF_STATEINTENT_IMPORT> <itemCount:    1>
20260908 013302.362 INFO             PET3       OCN-TO-ATM: InitializeIPDv05p5 intro {ES}:! +-<item: 0001> <itemType: Field> <itemName: sea_surface_temperature>
20260908 013302.362 INFO             PET3       OCN-TO-ATM: InitializeIPDv05p5 intro {ES}:! !--- FieldLog() start -----------------
20260908 013302.362 INFO             PET3       OCN-TO-ATM: InitializeIPDv05p5 intro {ES}:! ! <name: sea_surface_temperature> <fieldStatus: ESMF_FIELDSTATUS_EMPTY>
20260908 013302.362 INFO             PET3       OCN-TO-ATM: InitializeIPDv05p5 intro {ES}:! ! 0x7ffe608dd300 => 0x1a82560 => 0x1a83620
20260908 013302.362 INFO             PET3       OCN-TO-ATM: InitializeIPDv05p5 intro {ES}:! !--- FieldLog() end -------------------
20260908 013302.362 INFO             PET3       OCN-TO-ATM: InitializeIPDv05p5 intro {ES}:--- StateLog() end -------------------
20260908 013302.380 INFO             PET3       OCN-TO-ATM: handle cplList(1): sea_surface_temperature, cplSetList(1): __UNSPECIFIED__
20260908 013302.380 INFO             PET3       OCN-TO-ATM: - import ShareStatusGeomObject=not shared
20260908 013302.380 INFO             PET3       OCN-TO-ATM: - export ShareStatusGeomObject=not shared
20260908 013302.380 INFO             PET3       OCN-TO-ATM: -> NOT sharing GeomObject
20260908 013302.380 INFO             PET3       OCN-TO-ATM: - import ShareStatusField=not shared
20260908 013302.380 INFO             PET3       OCN-TO-ATM: - export ShareStatusField=not shared
20260908 013302.380 INFO             PET3       OCN-TO-ATM: -> NOT sharing Field
20260908 013302.380 INFO             PET3       OCN-TO-ATM:  gridListMatch=  F for acceptor Grid: Grid003
20260908 013302.380 INFO             PET3       OCN-TO-ATM: - transferring the full geomobject with coordinates (import -> export) for Grid: Grid003
20260908 013302.429 INFO             PET3       OCN-TO-ATM: - done transferring the full Grid with coordinates
20260908 013302.429 INFO             PET3       OCN-TO-ATM: InitializeIPDv05p5 extro {IS}:--- StateLog() start -----------------
20260908 013302.429 INFO             PET3       OCN-TO-ATM: InitializeIPDv05p5 extro {IS}:<name: OCN-ExportState> <intent: ESMF_STATEINTENT_EXPORT> <itemCount:    1>
20260908 013302.429 INFO             PET3       OCN-TO-ATM: InitializeIPDv05p5 extro {IS}:+-<item: 0001> <itemType: Field> <itemName: sst>
20260908 013302.429 INFO             PET3       OCN-TO-ATM: InitializeIPDv05p5 extro {IS}:!--- FieldLog() start -----------------
20260908 013302.429 INFO             PET3       OCN-TO-ATM: InitializeIPDv05p5 extro {IS}:! <name: sst> <fieldStatus: ESMF_FIELDSTATUS_COMPLETE>
20260908 013302.429 INFO             PET3       OCN-TO-ATM: InitializeIPDv05p5 extro {IS}:! 0x7ffe608decc0 => 0x1a7e7c0 => 0x1a7cca0
20260908 013302.429 INFO             PET3       OCN-TO-ATM: InitializeIPDv05p5 extro {IS}:! <typekind: Real*8> <rank:    2> <dimCount:    2>
20260908 013302.429 INFO             PET3       OCN-TO-ATM: InitializeIPDv05p5 extro {IS}:! ! --- Array::log() start -----------------------------------
20260908 013302.429 INFO             PET3       OCN-TO-ATM: InitializeIPDv05p5 extro {IS}:! ! 0x1a80bc0
20260908 013302.429 INFO             PET3       OCN-TO-ATM: InitializeIPDv05p5 extro {IS}:! ! <name: sst>
20260908 013302.429 INFO             PET3       OCN-TO-ATM: InitializeIPDv05p5 extro {IS}:! ! ! --- DistGrid::log() start --------------------------------
20260908 013302.429 INFO             PET3       OCN-TO-ATM: InitializeIPDv05p5 extro {IS}:! ! ! 0x1a7bc70
20260908 013302.429 INFO             PET3       OCN-TO-ATM: InitializeIPDv05p5 extro {IS}:! ! ! DistGrid object is valid!<name: DG-Grid003-sloc:0>
20260908 013302.429 INFO             PET3       OCN-TO-ATM: InitializeIPDv05p5 extro {IS}:! ! ! --- DistGrid::log() end ----------------------------------
20260908 013302.429 INFO             PET3       OCN-TO-ATM: InitializeIPDv05p5 extro {IS}:! ! --- Array::log() end -------------------------------------
20260908 013302.429 INFO             PET3       OCN-TO-ATM: InitializeIPDv05p5 extro {IS}:!--- FieldLog() end -------------------
20260908 013302.429 INFO             PET3       OCN-TO-ATM: InitializeIPDv05p5 extro {IS}:--- StateLog() end -------------------
20260908 013302.429 INFO             PET3       OCN-TO-ATM: InitializeIPDv05p5 extro {ES}:--- StateLog() start -----------------
20260908 013302.429 INFO             PET3       OCN-TO-ATM: InitializeIPDv05p5 extro {ES}:<name: ATM-ImportState> <intent: ESMF_STATEINTENT_IMPORT> <itemCount:    1>
20260908 013302.429 INFO             PET3       OCN-TO-ATM: InitializeIPDv05p5 extro {ES}:+-<item: 0001> <itemType: State> <itemName: ATM-ImportState-namespace:OCN>
20260908 013302.429 INFO             PET3       OCN-TO-ATM: InitializeIPDv05p5 extro {ES}:! <name: ATM-ImportState-namespace:OCN> <intent: ESMF_STATEINTENT_IMPORT> <itemCount:    1>
20260908 013302.430 INFO             PET3       OCN-TO-ATM: InitializeIPDv05p5 extro {ES}:! +-<item: 0001> <itemType: Field> <itemName: sea_surface_temperature>
20260908 013302.430 INFO             PET3       OCN-TO-ATM: InitializeIPDv05p5 extro {ES}:! !--- FieldLog() start -----------------
20260908 013302.430 INFO             PET3       OCN-TO-ATM: InitializeIPDv05p5 extro {ES}:! ! <name: sea_surface_temperature> <fieldStatus: ESMF_FIELDSTATUS_GEOMSET>
20260908 013302.430 INFO             PET3       OCN-TO-ATM: InitializeIPDv05p5 extro {ES}:! ! 0x7ffe608dd4d0 => 0x1a7a520 => 0x1a88740
20260908 013302.430 INFO             PET3       OCN-TO-ATM: InitializeIPDv05p5 extro {ES}:! !--- FieldLog() end -------------------
20260908 013302.430 INFO             PET3       OCN-TO-ATM: InitializeIPDv05p5 extro {ES}:--- StateLog() end -------------------
20260908 013302.430 INFO             PET3     OCN-TO-ATM: InitializeIPDv05p5 extro.
20260908 013302.430 INFO             PET3     esm: IInitRealize intro.
20260908 013302.430 INFO             PET3       esm: IInitRealize intro {IS}:--- StateLog() start -----------------
20260908 013302.430 INFO             PET3       esm: IInitRealize intro {IS}:State object is invalid! Not created or deleted!
20260908 013302.430 INFO             PET3       esm: IInitRealize intro {IS}:--- StateLog() end -------------------
20260908 013302.430 INFO             PET3       esm: IInitRealize intro {ES}:--- StateLog() start -----------------
20260908 013302.430 INFO             PET3       esm: IInitRealize intro {ES}:State object is invalid! Not created or deleted!
20260908 013302.430 INFO             PET3       esm: IInitRealize intro {ES}:--- StateLog() end -------------------
20260908 013302.431 INFO             PET3       >>>esm: entered Initialize (phase=<none>) with current time: 2010  6  1  0  0  0   0
20260908 013302.431 INFO             PET3       <<<esm: leaving Initialize (phase=<none>) with current time: 2010  6  1  0  0  0   0
20260908 013302.431 INFO             PET3       esm: IInitRealize extro {IS}:--- StateLog() start -----------------
20260908 013302.431 INFO             PET3       esm: IInitRealize extro {IS}:State object is invalid! Not created or deleted!
20260908 013302.431 INFO             PET3       esm: IInitRealize extro {IS}:--- StateLog() end -------------------
20260908 013302.431 INFO             PET3       esm: IInitRealize extro {ES}:--- StateLog() start -----------------
20260908 013302.431 INFO             PET3       esm: IInitRealize extro {ES}:State object is invalid! Not created or deleted!
20260908 013302.431 INFO             PET3       esm: IInitRealize extro {ES}:--- StateLog() end -------------------
20260908 013302.431 INFO             PET3     esm: IInitRealize extro.
20260908 013302.438 INFO             PET3     ATM-TO-OCN: InitializeIPDv05p6a intro.
20260908 013302.438 INFO             PET3       ATM-TO-OCN: InitializeIPDv05p6a intro {IS}:--- StateLog() start -----------------
20260908 013302.438 INFO             PET3       ATM-TO-OCN: InitializeIPDv05p6a intro {IS}:<name: ATM-ExportState> <intent: ESMF_STATEINTENT_EXPORT> <itemCount:    0>
20260908 013302.438 INFO             PET3       ATM-TO-OCN: InitializeIPDv05p6a intro {IS}:--- StateLog() end -------------------
20260908 013302.438 INFO             PET3       ATM-TO-OCN: InitializeIPDv05p6a intro {ES}:--- StateLog() start -----------------
20260908 013302.438 INFO             PET3       ATM-TO-OCN: InitializeIPDv05p6a intro {ES}:<name: OCN-ImportState> <intent: ESMF_STATEINTENT_IMPORT> <itemCount:    0>
20260908 013302.438 INFO             PET3       ATM-TO-OCN: InitializeIPDv05p6a intro {ES}:--- StateLog() end -------------------
20260908 013302.438 INFO             PET3       ATM-TO-OCN: InitializeIPDv05p6a extro {IS}:--- StateLog() start -----------------
20260908 013302.438 INFO             PET3       ATM-TO-OCN: InitializeIPDv05p6a extro {IS}:<name: ATM-ExportState> <intent: ESMF_STATEINTENT_EXPORT> <itemCount:    0>
20260908 013302.438 INFO             PET3       ATM-TO-OCN: InitializeIPDv05p6a extro {IS}:--- StateLog() end -------------------
20260908 013302.438 INFO             PET3       ATM-TO-OCN: InitializeIPDv05p6a extro {ES}:--- StateLog() start -----------------
20260908 013302.438 INFO             PET3       ATM-TO-OCN: InitializeIPDv05p6a extro {ES}:<name: OCN-ImportState> <intent: ESMF_STATEINTENT_IMPORT> <itemCount:    0>
20260908 013302.438 INFO             PET3       ATM-TO-OCN: InitializeIPDv05p6a extro {ES}:--- StateLog() end -------------------
20260908 013302.438 INFO             PET3     ATM-TO-OCN: InitializeIPDv05p6a extro.
20260908 013302.439 INFO             PET3     OCN-TO-ATM: InitializeIPDv05p6a intro.
20260908 013302.439 INFO             PET3       OCN-TO-ATM: InitializeIPDv05p6a intro {IS}:--- StateLog() start -----------------
20260908 013302.439 INFO             PET3       OCN-TO-ATM: InitializeIPDv05p6a intro {IS}:<name: OCN-ExportState> <intent: ESMF_STATEINTENT_EXPORT> <itemCount:    1>
20260908 013302.439 INFO             PET3       OCN-TO-ATM: InitializeIPDv05p6a intro {IS}:+-<item: 0001> <itemType: Field> <itemName: sst>
20260908 013302.439 INFO             PET3       OCN-TO-ATM: InitializeIPDv05p6a intro {IS}:!--- FieldLog() start -----------------
20260908 013302.439 INFO             PET3       OCN-TO-ATM: InitializeIPDv05p6a intro {IS}:! <name: sst> <fieldStatus: ESMF_FIELDSTATUS_COMPLETE>
20260908 013302.439 INFO             PET3       OCN-TO-ATM: InitializeIPDv05p6a intro {IS}:! 0x7ffe608f1660 => 0x1a7e7c0 => 0x1a7cca0
20260908 013302.439 INFO             PET3       OCN-TO-ATM: InitializeIPDv05p6a intro {IS}:! <typekind: Real*8> <rank:    2> <dimCount:    2>
20260908 013302.439 INFO             PET3       OCN-TO-ATM: InitializeIPDv05p6a intro {IS}:! ! --- Array::log() start -----------------------------------
20260908 013302.439 INFO             PET3       OCN-TO-ATM: InitializeIPDv05p6a intro {IS}:! ! 0x1a80bc0
20260908 013302.439 INFO             PET3       OCN-TO-ATM: InitializeIPDv05p6a intro {IS}:! ! <name: sst>
20260908 013302.439 INFO             PET3       OCN-TO-ATM: InitializeIPDv05p6a intro {IS}:! ! ! --- DistGrid::log() start --------------------------------
20260908 013302.439 INFO             PET3       OCN-TO-ATM: InitializeIPDv05p6a intro {IS}:! ! ! 0x1a7bc70
20260908 013302.439 INFO             PET3       OCN-TO-ATM: InitializeIPDv05p6a intro {IS}:! ! ! DistGrid object is valid!<name: DG-Grid003-sloc:0>
20260908 013302.439 INFO             PET3       OCN-TO-ATM: InitializeIPDv05p6a intro {IS}:! ! ! --- DistGrid::log() end ----------------------------------
20260908 013302.439 INFO             PET3       OCN-TO-ATM: InitializeIPDv05p6a intro {IS}:! ! --- Array::log() end -------------------------------------
20260908 013302.439 INFO             PET3       OCN-TO-ATM: InitializeIPDv05p6a intro {IS}:!--- FieldLog() end -------------------
20260908 013302.439 INFO             PET3       OCN-TO-ATM: InitializeIPDv05p6a intro {IS}:--- StateLog() end -------------------
20260908 013302.439 INFO             PET3       OCN-TO-ATM: InitializeIPDv05p6a intro {ES}:--- StateLog() start -----------------
20260908 013302.439 INFO             PET3       OCN-TO-ATM: InitializeIPDv05p6a intro {ES}:<name: ATM-ImportState> <intent: ESMF_STATEINTENT_IMPORT> <itemCount:    1>
20260908 013302.439 INFO             PET3       OCN-TO-ATM: InitializeIPDv05p6a intro {ES}:+-<item: 0001> <itemType: State> <itemName: ATM-ImportState-namespace:OCN>
20260908 013302.439 INFO             PET3       OCN-TO-ATM: InitializeIPDv05p6a intro {ES}:! <name: ATM-ImportState-namespace:OCN> <intent: ESMF_STATEINTENT_IMPORT> <itemCount:    1>
20260908 013302.439 INFO             PET3       OCN-TO-ATM: InitializeIPDv05p6a intro {ES}:! +-<item: 0001> <itemType: Field> <itemName: sea_surface_temperature>
20260908 013302.440 INFO             PET3       OCN-TO-ATM: InitializeIPDv05p6a intro {ES}:! !--- FieldLog() start -----------------
20260908 013302.440 INFO             PET3       OCN-TO-ATM: InitializeIPDv05p6a intro {ES}:! ! <name: sea_surface_temperature> <fieldStatus: ESMF_FIELDSTATUS_GEOMSET>
20260908 013302.440 INFO             PET3       OCN-TO-ATM: InitializeIPDv05p6a intro {ES}:! ! 0x7ffe608efe70 => 0x1a7a520 => 0x1a88740
20260908 013302.440 INFO             PET3       OCN-TO-ATM: InitializeIPDv05p6a intro {ES}:! !--- FieldLog() end -------------------
20260908 013302.440 INFO             PET3       OCN-TO-ATM: InitializeIPDv05p6a intro {ES}:--- StateLog() end -------------------
20260908 013302.458 INFO             PET3       OCN-TO-ATM: InitializeIPDv05p6a extro {IS}:--- StateLog() start -----------------
20260908 013302.458 INFO             PET3       OCN-TO-ATM: InitializeIPDv05p6a extro {IS}:<name: OCN-ExportState> <intent: ESMF_STATEINTENT_EXPORT> <itemCount:    1>
20260908 013302.458 INFO             PET3       OCN-TO-ATM: InitializeIPDv05p6a extro {IS}:+-<item: 0001> <itemType: Field> <itemName: sst>
20260908 013302.458 INFO             PET3       OCN-TO-ATM: InitializeIPDv05p6a extro {IS}:!--- FieldLog() start -----------------
20260908 013302.458 INFO             PET3       OCN-TO-ATM: InitializeIPDv05p6a extro {IS}:! <name: sst> <fieldStatus: ESMF_FIELDSTATUS_COMPLETE>
20260908 013302.458 INFO             PET3       OCN-TO-ATM: InitializeIPDv05p6a extro {IS}:! 0x7ffe608f1830 => 0x1a7e7c0 => 0x1a7cca0
20260908 013302.458 INFO             PET3       OCN-TO-ATM: InitializeIPDv05p6a extro {IS}:! <typekind: Real*8> <rank:    2> <dimCount:    2>
20260908 013302.458 INFO             PET3       OCN-TO-ATM: InitializeIPDv05p6a extro {IS}:! ! --- Array::log() start -----------------------------------
20260908 013302.458 INFO             PET3       OCN-TO-ATM: InitializeIPDv05p6a extro {IS}:! ! 0x1a80bc0
20260908 013302.458 INFO             PET3       OCN-TO-ATM: InitializeIPDv05p6a extro {IS}:! ! <name: sst>
20260908 013302.458 INFO             PET3       OCN-TO-ATM: InitializeIPDv05p6a extro {IS}:! ! ! --- DistGrid::log() start --------------------------------
20260908 013302.458 INFO             PET3       OCN-TO-ATM: InitializeIPDv05p6a extro {IS}:! ! ! 0x1a7bc70
20260908 013302.458 INFO             PET3       OCN-TO-ATM: InitializeIPDv05p6a extro {IS}:! ! ! DistGrid object is valid!<name: DG-Grid003-sloc:0>
20260908 013302.458 INFO             PET3       OCN-TO-ATM: InitializeIPDv05p6a extro {IS}:! ! ! --- DistGrid::log() end ----------------------------------
20260908 013302.458 INFO             PET3       OCN-TO-ATM: InitializeIPDv05p6a extro {IS}:! ! --- Array::log() end -------------------------------------
20260908 013302.458 INFO             PET3       OCN-TO-ATM: InitializeIPDv05p6a extro {IS}:!--- FieldLog() end -------------------
20260908 013302.458 INFO             PET3       OCN-TO-ATM: InitializeIPDv05p6a extro {IS}:--- StateLog() end -------------------
20260908 013302.458 INFO             PET3       OCN-TO-ATM: InitializeIPDv05p6a extro {ES}:--- StateLog() start -----------------
20260908 013302.458 INFO             PET3       OCN-TO-ATM: InitializeIPDv05p6a extro {ES}:<name: ATM-ImportState> <intent: ESMF_STATEINTENT_IMPORT> <itemCount:    1>
20260908 013302.458 INFO             PET3       OCN-TO-ATM: InitializeIPDv05p6a extro {ES}:+-<item: 0001> <itemType: State> <itemName: ATM-ImportState-namespace:OCN>
20260908 013302.458 INFO             PET3       OCN-TO-ATM: InitializeIPDv05p6a extro {ES}:! <name: ATM-ImportState-namespace:OCN> <intent: ESMF_STATEINTENT_IMPORT> <itemCount:    1>
20260908 013302.459 INFO             PET3       OCN-TO-ATM: InitializeIPDv05p6a extro {ES}:! +-<item: 0001> <itemType: Field> <itemName: sea_surface_temperature>
20260908 013302.459 INFO             PET3       OCN-TO-ATM: InitializeIPDv05p6a extro {ES}:! !--- FieldLog() start -----------------
20260908 013302.459 INFO             PET3       OCN-TO-ATM: InitializeIPDv05p6a extro {ES}:! ! <name: sea_surface_temperature> <fieldStatus: ESMF_FIELDSTATUS_COMPLETE>
20260908 013302.459 INFO             PET3       OCN-TO-ATM: InitializeIPDv05p6a extro {ES}:! ! 0x7ffe608f0040 => 0x1b1cd60 => 0x1ad7360
20260908 013302.459 INFO             PET3       OCN-TO-ATM: InitializeIPDv05p6a extro {ES}:! ! <typekind: Real*8> <rank:    2> <dimCount:    2>
20260908 013302.459 INFO             PET3       OCN-TO-ATM: InitializeIPDv05p6a extro {ES}:! ! ! --- Array::log() start -----------------------------------
20260908 013302.459 INFO             PET3       OCN-TO-ATM: InitializeIPDv05p6a extro {ES}:! ! ! 0x1ad95c0
20260908 013302.459 INFO             PET3       OCN-TO-ATM: InitializeIPDv05p6a extro {ES}:! ! ! <name: sea_surface_temperature>
20260908 013302.459 INFO             PET3       OCN-TO-ATM: InitializeIPDv05p6a extro {ES}:! ! ! ! --- DistGrid::log() start --------------------------------
20260908 013302.459 INFO             PET3       OCN-TO-ATM: InitializeIPDv05p6a extro {ES}:! ! ! ! 0x1ad9f20
20260908 013302.459 INFO             PET3       OCN-TO-ATM: InitializeIPDv05p6a extro {ES}:! ! ! ! DistGrid object is valid!<name: DG-Grid003-sloc:0>
20260908 013302.459 INFO             PET3       OCN-TO-ATM: InitializeIPDv05p6a extro {ES}:! ! ! ! --- DistGrid::log() end ----------------------------------
20260908 013302.459 INFO             PET3       OCN-TO-ATM: InitializeIPDv05p6a extro {ES}:! ! ! --- Array::log() end -------------------------------------
20260908 013302.459 INFO             PET3       OCN-TO-ATM: InitializeIPDv05p6a extro {ES}:! !--- FieldLog() end -------------------
20260908 013302.459 INFO             PET3       OCN-TO-ATM: InitializeIPDv05p6a extro {ES}:--- StateLog() end -------------------
20260908 013302.459 INFO             PET3     OCN-TO-ATM: InitializeIPDv05p6a extro.
20260908 013302.460 INFO             PET3     ATM-TO-OCN: InitializeIPDv05p6b intro.
20260908 013302.460 INFO             PET3       ATM-TO-OCN: InitializeIPDv05p6b intro {IS}:--- StateLog() start -----------------
20260908 013302.460 INFO             PET3       ATM-TO-OCN: InitializeIPDv05p6b intro {IS}:<name: ATM-ExportState> <intent: ESMF_STATEINTENT_EXPORT> <itemCount:    0>
20260908 013302.460 INFO             PET3       ATM-TO-OCN: InitializeIPDv05p6b intro {IS}:--- StateLog() end -------------------
20260908 013302.460 INFO             PET3       ATM-TO-OCN: InitializeIPDv05p6b intro {ES}:--- StateLog() start -----------------
20260908 013302.460 INFO             PET3       ATM-TO-OCN: InitializeIPDv05p6b intro {ES}:<name: OCN-ImportState> <intent: ESMF_STATEINTENT_IMPORT> <itemCount:    0>
20260908 013302.460 INFO             PET3       ATM-TO-OCN: InitializeIPDv05p6b intro {ES}:--- StateLog() end -------------------
20260908 013302.460 INFO             PET3       ATM-TO-OCN: called default label_ComputeRouteHandle
20260908 013302.460 INFO             PET3        DetermineSrcDstOverlap: srcDstOverlap=  F
20260908 013302.460 INFO             PET3        BuildUpdatePackets: final UpdatePacket count=            0
20260908 013302.460 INFO             PET3       ATM-TO-OCN: CplSet List:
20260908 013302.460 INFO             PET3       ATM-TO-OCN: InitializeIPDv05p6b extro {IS}:--- StateLog() start -----------------
20260908 013302.460 INFO             PET3       ATM-TO-OCN: InitializeIPDv05p6b extro {IS}:<name: ATM-ExportState> <intent: ESMF_STATEINTENT_EXPORT> <itemCount:    0>
20260908 013302.461 INFO             PET3       ATM-TO-OCN: InitializeIPDv05p6b extro {IS}:--- StateLog() end -------------------
20260908 013302.461 INFO             PET3       ATM-TO-OCN: InitializeIPDv05p6b extro {ES}:--- StateLog() start -----------------
20260908 013302.461 INFO             PET3       ATM-TO-OCN: InitializeIPDv05p6b extro {ES}:<name: OCN-ImportState> <intent: ESMF_STATEINTENT_IMPORT> <itemCount:    0>
20260908 013302.461 INFO             PET3       ATM-TO-OCN: InitializeIPDv05p6b extro {ES}:--- StateLog() end -------------------
20260908 013302.461 INFO             PET3     ATM-TO-OCN: InitializeIPDv05p6b extro.
20260908 013302.461 INFO             PET3     OCN-TO-ATM: InitializeIPDv05p6b intro.
20260908 013302.461 INFO             PET3       OCN-TO-ATM: InitializeIPDv05p6b intro {IS}:--- StateLog() start -----------------
20260908 013302.461 INFO             PET3       OCN-TO-ATM: InitializeIPDv05p6b intro {IS}:<name: OCN-ExportState> <intent: ESMF_STATEINTENT_EXPORT> <itemCount:    1>
20260908 013302.461 INFO             PET3       OCN-TO-ATM: InitializeIPDv05p6b intro {IS}:+-<item: 0001> <itemType: Field> <itemName: sst>
20260908 013302.461 INFO             PET3       OCN-TO-ATM: InitializeIPDv05p6b intro {IS}:!--- FieldLog() start -----------------
20260908 013302.461 INFO             PET3       OCN-TO-ATM: InitializeIPDv05p6b intro {IS}:! <name: sst> <fieldStatus: ESMF_FIELDSTATUS_COMPLETE>
20260908 013302.461 INFO             PET3       OCN-TO-ATM: InitializeIPDv05p6b intro {IS}:! 0x7ffe608e7b90 => 0x1a7e7c0 => 0x1a7cca0
20260908 013302.461 INFO             PET3       OCN-TO-ATM: InitializeIPDv05p6b intro {IS}:! <typekind: Real*8> <rank:    2> <dimCount:    2>
20260908 013302.461 INFO             PET3       OCN-TO-ATM: InitializeIPDv05p6b intro {IS}:! ! --- Array::log() start -----------------------------------
20260908 013302.461 INFO             PET3       OCN-TO-ATM: InitializeIPDv05p6b intro {IS}:! ! 0x1a80bc0
20260908 013302.462 INFO             PET3       OCN-TO-ATM: InitializeIPDv05p6b intro {IS}:! ! <name: sst>
20260908 013302.462 INFO             PET3       OCN-TO-ATM: InitializeIPDv05p6b intro {IS}:! ! ! --- DistGrid::log() start --------------------------------
20260908 013302.462 INFO             PET3       OCN-TO-ATM: InitializeIPDv05p6b intro {IS}:! ! ! 0x1a7bc70
20260908 013302.462 INFO             PET3       OCN-TO-ATM: InitializeIPDv05p6b intro {IS}:! ! ! DistGrid object is valid!<name: DG-Grid003-sloc:0>
20260908 013302.462 INFO             PET3       OCN-TO-ATM: InitializeIPDv05p6b intro {IS}:! ! ! --- DistGrid::log() end ----------------------------------
20260908 013302.462 INFO             PET3       OCN-TO-ATM: InitializeIPDv05p6b intro {IS}:! ! --- Array::log() end -------------------------------------
20260908 013302.462 INFO             PET3       OCN-TO-ATM: InitializeIPDv05p6b intro {IS}:!--- FieldLog() end -------------------
20260908 013302.462 INFO             PET3       OCN-TO-ATM: InitializeIPDv05p6b intro {IS}:--- StateLog() end -------------------
20260908 013302.462 INFO             PET3       OCN-TO-ATM: InitializeIPDv05p6b intro {ES}:--- StateLog() start -----------------
20260908 013302.462 INFO             PET3       OCN-TO-ATM: InitializeIPDv05p6b intro {ES}:<name: ATM-ImportState> <intent: ESMF_STATEINTENT_IMPORT> <itemCount:    1>
20260908 013302.462 INFO             PET3       OCN-TO-ATM: InitializeIPDv05p6b intro {ES}:+-<item: 0001> <itemType: State> <itemName: ATM-ImportState-namespace:OCN>
20260908 013302.462 INFO             PET3       OCN-TO-ATM: InitializeIPDv05p6b intro {ES}:! <name: ATM-ImportState-namespace:OCN> <intent: ESMF_STATEINTENT_IMPORT> <itemCount:    1>
20260908 013302.462 INFO             PET3       OCN-TO-ATM: InitializeIPDv05p6b intro {ES}:! +-<item: 0001> <itemType: Field> <itemName: sea_surface_temperature>
20260908 013302.462 INFO             PET3       OCN-TO-ATM: InitializeIPDv05p6b intro {ES}:! !--- FieldLog() start -----------------
20260908 013302.462 INFO             PET3       OCN-TO-ATM: InitializeIPDv05p6b intro {ES}:! ! <name: sea_surface_temperature> <fieldStatus: ESMF_FIELDSTATUS_COMPLETE>
20260908 013302.462 INFO             PET3       OCN-TO-ATM: InitializeIPDv05p6b intro {ES}:! ! 0x7ffe608e63a0 => 0x1b1cd60 => 0x1ad7360
20260908 013302.462 INFO             PET3       OCN-TO-ATM: InitializeIPDv05p6b intro {ES}:! ! <typekind: Real*8> <rank:    2> <dimCount:    2>
20260908 013302.462 INFO             PET3       OCN-TO-ATM: InitializeIPDv05p6b intro {ES}:! ! ! --- Array::log() start -----------------------------------
20260908 013302.462 INFO             PET3       OCN-TO-ATM: InitializeIPDv05p6b intro {ES}:! ! ! 0x1ad95c0
20260908 013302.462 INFO             PET3       OCN-TO-ATM: InitializeIPDv05p6b intro {ES}:! ! ! <name: sea_surface_temperature>
20260908 013302.462 INFO             PET3       OCN-TO-ATM: InitializeIPDv05p6b intro {ES}:! ! ! ! --- DistGrid::log() start --------------------------------
20260908 013302.462 INFO             PET3       OCN-TO-ATM: InitializeIPDv05p6b intro {ES}:! ! ! ! 0x1ad9f20
20260908 013302.462 INFO             PET3       OCN-TO-ATM: InitializeIPDv05p6b intro {ES}:! ! ! ! DistGrid object is valid!<name: DG-Grid003-sloc:0>
20260908 013302.462 INFO             PET3       OCN-TO-ATM: InitializeIPDv05p6b intro {ES}:! ! ! ! --- DistGrid::log() end ----------------------------------
20260908 013302.462 INFO             PET3       OCN-TO-ATM: InitializeIPDv05p6b intro {ES}:! ! ! --- Array::log() end -------------------------------------
20260908 013302.462 INFO             PET3       OCN-TO-ATM: InitializeIPDv05p6b intro {ES}:! !--- FieldLog() end -------------------
20260908 013302.462 INFO             PET3       OCN-TO-ATM: InitializeIPDv05p6b intro {ES}:--- StateLog() end -------------------
20260908 013302.464 INFO             PET3       OCN-TO-ATM: handle cplList(1): sea_surface_temperature, cplSetList(1): __UNSPECIFIED__
20260908 013302.464 INFO             PET3       OCN-TO-ATM: - no Field sharing between import and export side: remap.
20260908 013302.465 DEBUG            PET3       ESMF_FieldBundleRegridStorePair(): srcField: sst dimCount= 2 rank= 2
20260908 013302.465 DEBUG            PET3       ESMF_FieldBundleRegridStorePair(): dstField: sea_surface_temperature dimCount= 2 rank= 2
20260908 013302.465 DEBUG            PET3       ESMF_FieldBundleRegridStorePair(): Inside 'rhReuse' branch!
20260908 013302.465 DEBUG            PET3       ESMF_FieldBundleRegridStorePair(): srcGeomtype==ESMF_GEOMTYPE_GRID dimCount= 2
20260908 013302.465 DEBUG            PET3       ESMF_FieldBundleRegridStorePair(): dstGeomtype==ESMF_GEOMTYPE_GRID dimCount= 2
20260908 013302.465 DEBUG            PET3       ESMF_FieldBundleRegridStorePair(): no rhListMatch -> pre-compute new remapping!
20260908 013302.465 DEBUG            PET3       ESMF_FieldBundleRegridStorePair(): must precompute full regridding!
20260908 013302.913 INFO             PET3       OCN-TO-ATM: called default label_ComputeRouteHandle
20260908 013302.913 INFO             PET3        DetermineSrcDstOverlap: sst, srcLocalPet=            1
20260908 013302.913 INFO             PET3        DetermineSrcDstOverlap: sea_surface_temperature, dstLocalPet=           -1
20260908 013302.913 INFO             PET3        DetermineSrcDstOverlap: srcDstOverlap=  F
20260908 013302.913 INFO             PET3        BuildUpdatePackets: sst, srcLocalPet=            1
20260908 013302.913 INFO             PET3        BuildUpdatePackets: sea_surface_temperature, dstLocalPet=           -1
20260908 013302.913 INFO             PET3        creating new UpdatePacket for srcPetCount=            2  dstPetCount=            2
20260908 013302.913 INFO             PET3        upE%sendToPets list of size 1 :
20260908 013302.913 INFO             PET3             3
20260908 013302.913 INFO             PET3        upE%recvFromPet=           -1
20260908 013302.913 INFO             PET3        after field add, now upE%fieldCount=            1
20260908 013302.913 INFO             PET3        BuildUpdatePackets: final UpdatePacket count=            1
20260908 013302.913 INFO             PET3       OCN-TO-ATM: CplSet List:
20260908 013302.913 INFO             PET3       OCN-TO-ATM: ->CplSet(  1): __UNSPECIFIED__
20260908 013302.913 INFO             PET3       OCN-TO-ATM: -->Field(  1): sea_surface_temperature
20260908 013302.913 INFO             PET3       OCN-TO-ATM: InitializeIPDv05p6b extro {IS}:--- StateLog() start -----------------
20260908 013302.913 INFO             PET3       OCN-TO-ATM: InitializeIPDv05p6b extro {IS}:<name: OCN-ExportState> <intent: ESMF_STATEINTENT_EXPORT> <itemCount:    1>
20260908 013302.913 INFO             PET3       OCN-TO-ATM: InitializeIPDv05p6b extro {IS}:+-<item: 0001> <itemType: Field> <itemName: sst>
20260908 013302.913 INFO             PET3       OCN-TO-ATM: InitializeIPDv05p6b extro {IS}:!--- FieldLog() start -----------------
20260908 013302.913 INFO             PET3       OCN-TO-ATM: InitializeIPDv05p6b extro {IS}:! <name: sst> <fieldStatus: ESMF_FIELDSTATUS_COMPLETE>
20260908 013302.913 INFO             PET3       OCN-TO-ATM: InitializeIPDv05p6b extro {IS}:! 0x7ffe608e7d60 => 0x1a7e7c0 => 0x1a7cca0
20260908 013302.913 INFO             PET3       OCN-TO-ATM: InitializeIPDv05p6b extro {IS}:! <typekind: Real*8> <rank:    2> <dimCount:    2>
20260908 013302.914 INFO             PET3       OCN-TO-ATM: InitializeIPDv05p6b extro {IS}:! ! --- Array::log() start -----------------------------------
20260908 013302.914 INFO             PET3       OCN-TO-ATM: InitializeIPDv05p6b extro {IS}:! ! 0x1a80bc0
20260908 013302.914 INFO             PET3       OCN-TO-ATM: InitializeIPDv05p6b extro {IS}:! ! <name: sst>
20260908 013302.914 INFO             PET3       OCN-TO-ATM: InitializeIPDv05p6b extro {IS}:! ! ! --- DistGrid::log() start --------------------------------
20260908 013302.914 INFO             PET3       OCN-TO-ATM: InitializeIPDv05p6b extro {IS}:! ! ! 0x1a7bc70
20260908 013302.914 INFO             PET3       OCN-TO-ATM: InitializeIPDv05p6b extro {IS}:! ! ! DistGrid object is valid!<name: DG-Grid003-sloc:0>
20260908 013302.914 INFO             PET3       OCN-TO-ATM: InitializeIPDv05p6b extro {IS}:! ! ! --- DistGrid::log() end ----------------------------------
20260908 013302.914 INFO             PET3       OCN-TO-ATM: InitializeIPDv05p6b extro {IS}:! ! --- Array::log() end -------------------------------------
20260908 013302.914 INFO             PET3       OCN-TO-ATM: InitializeIPDv05p6b extro {IS}:!--- FieldLog() end -------------------
20260908 013302.914 INFO             PET3       OCN-TO-ATM: InitializeIPDv05p6b extro {IS}:--- StateLog() end -------------------
20260908 013302.914 INFO             PET3       OCN-TO-ATM: InitializeIPDv05p6b extro {ES}:--- StateLog() start -----------------
20260908 013302.914 INFO             PET3       OCN-TO-ATM: InitializeIPDv05p6b extro {ES}:<name: ATM-ImportState> <intent: ESMF_STATEINTENT_IMPORT> <itemCount:    1>
20260908 013302.914 INFO             PET3       OCN-TO-ATM: InitializeIPDv05p6b extro {ES}:+-<item: 0001> <itemType: State> <itemName: ATM-ImportState-namespace:OCN>
20260908 013302.914 INFO             PET3       OCN-TO-ATM: InitializeIPDv05p6b extro {ES}:! <name: ATM-ImportState-namespace:OCN> <intent: ESMF_STATEINTENT_IMPORT> <itemCount:    1>
20260908 013302.914 INFO             PET3       OCN-TO-ATM: InitializeIPDv05p6b extro {ES}:! +-<item: 0001> <itemType: Field> <itemName: sea_surface_temperature>
20260908 013302.914 INFO             PET3       OCN-TO-ATM: InitializeIPDv05p6b extro {ES}:! !--- FieldLog() start -----------------
20260908 013302.914 INFO             PET3       OCN-TO-ATM: InitializeIPDv05p6b extro {ES}:! ! <name: sea_surface_temperature> <fieldStatus: ESMF_FIELDSTATUS_COMPLETE>
20260908 013302.914 INFO             PET3       OCN-TO-ATM: InitializeIPDv05p6b extro {ES}:! ! 0x7ffe608e6570 => 0x1b1cd60 => 0x1ad7360
20260908 013302.914 INFO             PET3       OCN-TO-ATM: InitializeIPDv05p6b extro {ES}:! ! <typekind: Real*8> <rank:    2> <dimCount:    2>
20260908 013302.914 INFO             PET3       OCN-TO-ATM: InitializeIPDv05p6b extro {ES}:! ! ! --- Array::log() start -----------------------------------
20260908 013302.914 INFO             PET3       OCN-TO-ATM: InitializeIPDv05p6b extro {ES}:! ! ! 0x1ad95c0
20260908 013302.914 INFO             PET3       OCN-TO-ATM: InitializeIPDv05p6b extro {ES}:! ! ! <name: sea_surface_temperature>
20260908 013302.914 INFO             PET3       OCN-TO-ATM: InitializeIPDv05p6b extro {ES}:! ! ! ! --- DistGrid::log() start --------------------------------
20260908 013302.914 INFO             PET3       OCN-TO-ATM: InitializeIPDv05p6b extro {ES}:! ! ! ! 0x1ad9f20
20260908 013302.914 INFO             PET3       OCN-TO-ATM: InitializeIPDv05p6b extro {ES}:! ! ! ! DistGrid object is valid!<name: DG-Grid003-sloc:0>
20260908 013302.914 INFO             PET3       OCN-TO-ATM: InitializeIPDv05p6b extro {ES}:! ! ! ! --- DistGrid::log() end ----------------------------------
20260908 013302.914 INFO             PET3       OCN-TO-ATM: InitializeIPDv05p6b extro {ES}:! ! ! --- Array::log() end -------------------------------------
20260908 013302.914 INFO             PET3       OCN-TO-ATM: InitializeIPDv05p6b extro {ES}:! !--- FieldLog() end -------------------
20260908 013302.914 INFO             PET3       OCN-TO-ATM: InitializeIPDv05p6b extro {ES}:--- StateLog() end -------------------
20260908 013302.914 INFO             PET3     OCN-TO-ATM: InitializeIPDv05p6b extro.
20260908 013302.915 INFO             PET3     OCN: InitializeIPDvXp07 intro.
20260908 013302.915 INFO             PET3       OCN: InitializeIPDvXp07 intro {IS}:--- StateLog() start -----------------
20260908 013302.915 INFO             PET3       OCN: InitializeIPDvXp07 intro {IS}:<name: OCN-ImportState> <intent: ESMF_STATEINTENT_IMPORT> <itemCount:    0>
20260908 013302.915 INFO             PET3       OCN: InitializeIPDvXp07 intro {IS}:--- StateLog() end -------------------
20260908 013302.915 INFO             PET3       OCN: InitializeIPDvXp07 intro {ES}:--- StateLog() start -----------------
20260908 013302.915 INFO             PET3       OCN: InitializeIPDvXp07 intro {ES}:<name: OCN-ExportState> <intent: ESMF_STATEINTENT_EXPORT> <itemCount:    1>
20260908 013302.915 INFO             PET3       OCN: InitializeIPDvXp07 intro {ES}:+-<item: 0001> <itemType: Field> <itemName: sst>
20260908 013302.915 INFO             PET3       OCN: InitializeIPDvXp07 intro {ES}:!--- FieldLog() start -----------------
20260908 013302.915 INFO             PET3       OCN: InitializeIPDvXp07 intro {ES}:! <name: sst> <fieldStatus: ESMF_FIELDSTATUS_COMPLETE>
20260908 013302.915 INFO             PET3       OCN: InitializeIPDvXp07 intro {ES}:! 0x7ffe608f1340 => 0x1a7e7c0 => 0x1a7cca0
20260908 013302.916 INFO             PET3       OCN: InitializeIPDvXp07 intro {ES}:! <typekind: Real*8> <rank:    2> <dimCount:    2>
20260908 013302.916 INFO             PET3       OCN: InitializeIPDvXp07 intro {ES}:! ! --- Array::log() start -----------------------------------
20260908 013302.916 INFO             PET3       OCN: InitializeIPDvXp07 intro {ES}:! ! 0x1a80bc0
20260908 013302.916 INFO             PET3       OCN: InitializeIPDvXp07 intro {ES}:! ! <name: sst>
20260908 013302.916 INFO             PET3       OCN: InitializeIPDvXp07 intro {ES}:! ! ! --- DistGrid::log() start --------------------------------
20260908 013302.916 INFO             PET3       OCN: InitializeIPDvXp07 intro {ES}:! ! ! 0x1a7bc70
20260908 013302.916 INFO             PET3       OCN: InitializeIPDvXp07 intro {ES}:! ! ! DistGrid object is valid!<name: DG-Grid003-sloc:0>
20260908 013302.916 INFO             PET3       OCN: InitializeIPDvXp07 intro {ES}:! ! ! --- DistGrid::log() end ----------------------------------
20260908 013302.916 INFO             PET3       OCN: InitializeIPDvXp07 intro {ES}:! ! --- Array::log() end -------------------------------------
20260908 013302.916 INFO             PET3       OCN: InitializeIPDvXp07 intro {ES}:!--- FieldLog() end -------------------
20260908 013302.916 INFO             PET3       OCN: InitializeIPDvXp07 intro {ES}:--- StateLog() end -------------------
20260908 013302.916 INFO             PET3       >>>OCN: entered Initialize (phase=IPDvXp07) without valid internal Clock.
20260908 013302.916 INFO             PET3       <<<OCN: leaving Initialize (phase=IPDvXp07) with current time: 2010  6  1  0  0  0   0
20260908 013302.917 INFO             PET3       OCN: InitializeIPDvXp07 extro {IS}:--- StateLog() start -----------------
20260908 013302.917 INFO             PET3       OCN: InitializeIPDvXp07 extro {IS}:<name: OCN-ImportState> <intent: ESMF_STATEINTENT_IMPORT> <itemCount:    0>
20260908 013302.917 INFO             PET3       OCN: InitializeIPDvXp07 extro {IS}:--- StateLog() end -------------------
20260908 013302.917 INFO             PET3       OCN: InitializeIPDvXp07 extro {ES}:--- StateLog() start -----------------
20260908 013302.917 INFO             PET3       OCN: InitializeIPDvXp07 extro {ES}:<name: OCN-ExportState> <intent: ESMF_STATEINTENT_EXPORT> <itemCount:    1>
20260908 013302.917 INFO             PET3       OCN: InitializeIPDvXp07 extro {ES}:+-<item: 0001> <itemType: Field> <itemName: sst>
20260908 013302.917 INFO             PET3       OCN: InitializeIPDvXp07 extro {ES}:!--- FieldLog() start -----------------
20260908 013302.917 INFO             PET3       OCN: InitializeIPDvXp07 extro {ES}:! <name: sst> <fieldStatus: ESMF_FIELDSTATUS_COMPLETE>
20260908 013302.917 INFO             PET3       OCN: InitializeIPDvXp07 extro {ES}:! 0x7ffe608f1510 => 0x1a7e7c0 => 0x1a7cca0
20260908 013302.917 INFO             PET3       OCN: InitializeIPDvXp07 extro {ES}:! <typekind: Real*8> <rank:    2> <dimCount:    2>
20260908 013302.917 INFO             PET3       OCN: InitializeIPDvXp07 extro {ES}:! ! --- Array::log() start -----------------------------------
20260908 013302.917 INFO             PET3       OCN: InitializeIPDvXp07 extro {ES}:! ! 0x1a80bc0
20260908 013302.917 INFO             PET3       OCN: InitializeIPDvXp07 extro {ES}:! ! <name: sst>
20260908 013302.917 INFO             PET3       OCN: InitializeIPDvXp07 extro {ES}:! ! ! --- DistGrid::log() start --------------------------------
20260908 013302.917 INFO             PET3       OCN: InitializeIPDvXp07 extro {ES}:! ! ! 0x1a7bc70
20260908 013302.917 INFO             PET3       OCN: InitializeIPDvXp07 extro {ES}:! ! ! DistGrid object is valid!<name: DG-Grid003-sloc:0>
20260908 013302.917 INFO             PET3       OCN: InitializeIPDvXp07 extro {ES}:! ! ! --- DistGrid::log() end ----------------------------------
20260908 013302.917 INFO             PET3       OCN: InitializeIPDvXp07 extro {ES}:! ! --- Array::log() end -------------------------------------
20260908 013302.917 INFO             PET3       OCN: InitializeIPDvXp07 extro {ES}:!--- FieldLog() end -------------------
20260908 013302.917 INFO             PET3       OCN: InitializeIPDvXp07 extro {ES}:--- StateLog() end -------------------
20260908 013302.917 INFO             PET3     OCN: InitializeIPDvXp07 extro.
20260908 013302.917 INFO             PET3     <<<esm: leaving Initialize (phase=<none>) with current time: 2010  6  1  0  0  0   0
20260908 013302.917 INFO             PET3     esm: InitializeIPDv02p3 extro {IS}:--- StateLog() start -----------------
20260908 013302.917 INFO             PET3     esm: InitializeIPDv02p3 extro {IS}:State object is invalid! Not created or deleted!
20260908 013302.917 INFO             PET3     esm: InitializeIPDv02p3 extro {IS}:--- StateLog() end -------------------
20260908 013302.917 INFO             PET3     esm: InitializeIPDv02p3 extro {ES}:--- StateLog() start -----------------
20260908 013302.917 INFO             PET3     esm: InitializeIPDv02p3 extro {ES}:State object is invalid! Not created or deleted!
20260908 013302.917 INFO             PET3     esm: InitializeIPDv02p3 extro {ES}:--- StateLog() end -------------------
20260908 013302.917 INFO             PET3   esm: InitializeIPDv02p3 extro.
20260908 013302.918 INFO             PET3   esm: InitializeIPDv02p5 intro.
20260908 013302.918 INFO             PET3     esm: InitializeIPDv02p5 intro {IS}:--- StateLog() start -----------------
20260908 013302.918 INFO             PET3     esm: InitializeIPDv02p5 intro {IS}:State object is invalid! Not created or deleted!
20260908 013302.918 INFO             PET3     esm: InitializeIPDv02p5 intro {IS}:--- StateLog() end -------------------
20260908 013302.918 INFO             PET3     esm: InitializeIPDv02p5 intro {ES}:--- StateLog() start -----------------
20260908 013302.918 INFO             PET3     esm: InitializeIPDv02p5 intro {ES}:State object is invalid! Not created or deleted!
20260908 013302.918 INFO             PET3     esm: InitializeIPDv02p5 intro {ES}:--- StateLog() end -------------------
20260908 013302.918 INFO             PET3     >>>esm: entered Initialize (phase=<none>) with current time: 2010  6  1  0  0  0   0
20260908 013302.918 INFO             PET3     esm: this is a top level driver, no 'Updated' and 'InitializeDataComplete' info on this level.
20260908 013302.918 INFO             PET3     esm: InitializeIPDv02p5Data intro.
20260908 013302.919 INFO             PET3       esm: InitializeIPDv02p5Data intro {IS}:--- StateLog() start -----------------
20260908 013302.919 INFO             PET3       esm: InitializeIPDv02p5Data intro {IS}:State object is invalid! Not created or deleted!
20260908 013302.919 INFO             PET3       esm: InitializeIPDv02p5Data intro {IS}:--- StateLog() end -------------------
20260908 013302.919 INFO             PET3       esm: InitializeIPDv02p5Data intro {ES}:--- StateLog() start -----------------
20260908 013302.919 INFO             PET3       esm: InitializeIPDv02p5Data intro {ES}:State object is invalid! Not created or deleted!
20260908 013302.919 INFO             PET3       esm: InitializeIPDv02p5Data intro {ES}:--- StateLog() end -------------------
20260908 013302.919 INFO             PET3       >>>esm: entered Initialize (phase=<none>) with current time: 2010  6  1  0  0  0   0
20260908 013302.919 INFO             PET3       esm: InternalInitializeComplete intro.
20260908 013302.919 INFO             PET3         esm: InternalInitializeComplete intro {IS}:--- StateLog() start -----------------
20260908 013302.919 INFO             PET3         esm: InternalInitializeComplete intro {IS}:State object is invalid! Not created or deleted!
20260908 013302.920 INFO             PET3         esm: InternalInitializeComplete intro {IS}:--- StateLog() end -------------------
20260908 013302.920 INFO             PET3         esm: InternalInitializeComplete intro {ES}:--- StateLog() start -----------------
20260908 013302.920 INFO             PET3         esm: InternalInitializeComplete intro {ES}:State object is invalid! Not created or deleted!
20260908 013302.920 INFO             PET3         esm: InternalInitializeComplete intro {ES}:--- StateLog() end -------------------
20260908 013302.920 INFO             PET3         >>>esm: entered Initialize (phase=<none>) with current time: 2010  6  1  0  0  0   0
20260908 013302.920 INFO             PET3         esm: InitializeDataComplete='true'
20260908 013302.920 INFO             PET3         <<<esm: leaving Initialize (phase=<none>) with current time: 2010  6  1  0  0  0   0
20260908 013302.920 INFO             PET3         esm: InternalInitializeComplete extro {IS}:--- StateLog() start -----------------
20260908 013302.920 INFO             PET3         esm: InternalInitializeComplete extro {IS}:State object is invalid! Not created or deleted!
20260908 013302.920 INFO             PET3         esm: InternalInitializeComplete extro {IS}:--- StateLog() end -------------------
20260908 013302.920 INFO             PET3         esm: InternalInitializeComplete extro {ES}:--- StateLog() start -----------------
20260908 013302.920 INFO             PET3         esm: InternalInitializeComplete extro {ES}:State object is invalid! Not created or deleted!
20260908 013302.920 INFO             PET3         esm: InternalInitializeComplete extro {ES}:--- StateLog() end -------------------
20260908 013302.920 INFO             PET3       esm: InternalInitializeComplete extro.
20260908 013302.921 INFO             PET3       OCN: InitializeIPDv01p5 intro.
20260908 013302.921 INFO             PET3         OCN: InitializeIPDv01p5 intro {IS}:--- StateLog() start -----------------
20260908 013302.921 INFO             PET3         OCN: InitializeIPDv01p5 intro {IS}:<name: OCN-ImportState> <intent: ESMF_STATEINTENT_IMPORT> <itemCount:    0>
20260908 013302.921 INFO             PET3         OCN: InitializeIPDv01p5 intro {IS}:--- StateLog() end -------------------
20260908 013302.921 INFO             PET3         OCN: InitializeIPDv01p5 intro {ES}:--- StateLog() start -----------------
20260908 013302.921 INFO             PET3         OCN: InitializeIPDv01p5 intro {ES}:<name: OCN-ExportState> <intent: ESMF_STATEINTENT_EXPORT> <itemCount:    1>
20260908 013302.922 INFO             PET3         OCN: InitializeIPDv01p5 intro {ES}:+-<item: 0001> <itemType: Field> <itemName: sst>
20260908 013302.922 INFO             PET3         OCN: InitializeIPDv01p5 intro {ES}:!--- FieldLog() start -----------------
20260908 013302.922 INFO             PET3         OCN: InitializeIPDv01p5 intro {ES}:! <name: sst> <fieldStatus: ESMF_FIELDSTATUS_COMPLETE>
20260908 013302.922 INFO             PET3         OCN: InitializeIPDv01p5 intro {ES}:! 0x7ffe608f0290 => 0x1a7e7c0 => 0x1a7cca0
20260908 013302.922 INFO             PET3         OCN: InitializeIPDv01p5 intro {ES}:! <typekind: Real*8> <rank:    2> <dimCount:    2>
20260908 013302.922 INFO             PET3         OCN: InitializeIPDv01p5 intro {ES}:! ! --- Array::log() start -----------------------------------
20260908 013302.922 INFO             PET3         OCN: InitializeIPDv01p5 intro {ES}:! ! 0x1a80bc0
20260908 013302.922 INFO             PET3         OCN: InitializeIPDv01p5 intro {ES}:! ! <name: sst>
20260908 013302.922 INFO             PET3         OCN: InitializeIPDv01p5 intro {ES}:! ! ! --- DistGrid::log() start --------------------------------
20260908 013302.922 INFO             PET3         OCN: InitializeIPDv01p5 intro {ES}:! ! ! 0x1a7bc70
20260908 013302.922 INFO             PET3         OCN: InitializeIPDv01p5 intro {ES}:! ! ! DistGrid object is valid!<name: DG-Grid003-sloc:0>
20260908 013302.922 INFO             PET3         OCN: InitializeIPDv01p5 intro {ES}:! ! ! --- DistGrid::log() end ----------------------------------
20260908 013302.922 INFO             PET3         OCN: InitializeIPDv01p5 intro {ES}:! ! --- Array::log() end -------------------------------------
20260908 013302.922 INFO             PET3         OCN: InitializeIPDv01p5 intro {ES}:!--- FieldLog() end -------------------
20260908 013302.922 INFO             PET3         OCN: InitializeIPDv01p5 intro {ES}:--- StateLog() end -------------------
20260908 013302.922 INFO             PET3         >>>OCN: entered Initialize (phase=IPDvXp08) with current time: 2010  6  1  0  0  0   0
20260908 013302.923 INFO             PET3         <<<OCN: leaving Initialize (phase=IPDvXp08) with current time: 2010  6  1  0  0  0   0
20260908 013302.923 INFO             PET3         OCN: InitializeIPDv01p5 extro {IS}:--- StateLog() start -----------------
20260908 013302.923 INFO             PET3         OCN: InitializeIPDv01p5 extro {IS}:<name: OCN-ImportState> <intent: ESMF_STATEINTENT_IMPORT> <itemCount:    0>
20260908 013302.923 INFO             PET3         OCN: InitializeIPDv01p5 extro {IS}:--- StateLog() end -------------------
20260908 013302.923 INFO             PET3         OCN: InitializeIPDv01p5 extro {ES}:--- StateLog() start -----------------
20260908 013302.923 INFO             PET3         OCN: InitializeIPDv01p5 extro {ES}:<name: OCN-ExportState> <intent: ESMF_STATEINTENT_EXPORT> <itemCount:    1>
20260908 013302.923 INFO             PET3         OCN: InitializeIPDv01p5 extro {ES}:+-<item: 0001> <itemType: Field> <itemName: sst>
20260908 013302.923 INFO             PET3         OCN: InitializeIPDv01p5 extro {ES}:!--- FieldLog() start -----------------
20260908 013302.923 INFO             PET3         OCN: InitializeIPDv01p5 extro {ES}:! <name: sst> <fieldStatus: ESMF_FIELDSTATUS_COMPLETE>
20260908 013302.923 INFO             PET3         OCN: InitializeIPDv01p5 extro {ES}:! 0x7ffe608f0460 => 0x1a7e7c0 => 0x1a7cca0
20260908 013302.923 INFO             PET3         OCN: InitializeIPDv01p5 extro {ES}:! <typekind: Real*8> <rank:    2> <dimCount:    2>
20260908 013302.923 INFO             PET3         OCN: InitializeIPDv01p5 extro {ES}:! ! --- Array::log() start -----------------------------------
20260908 013302.923 INFO             PET3         OCN: InitializeIPDv01p5 extro {ES}:! ! 0x1a80bc0
20260908 013302.923 INFO             PET3         OCN: InitializeIPDv01p5 extro {ES}:! ! <name: sst>
20260908 013302.923 INFO             PET3         OCN: InitializeIPDv01p5 extro {ES}:! ! ! --- DistGrid::log() start --------------------------------
20260908 013302.923 INFO             PET3         OCN: InitializeIPDv01p5 extro {ES}:! ! ! 0x1a7bc70
20260908 013302.923 INFO             PET3         OCN: InitializeIPDv01p5 extro {ES}:! ! ! DistGrid object is valid!<name: DG-Grid003-sloc:0>
20260908 013302.923 INFO             PET3         OCN: InitializeIPDv01p5 extro {ES}:! ! ! --- DistGrid::log() end ----------------------------------
20260908 013302.923 INFO             PET3         OCN: InitializeIPDv01p5 extro {ES}:! ! --- Array::log() end -------------------------------------
20260908 013302.923 INFO             PET3         OCN: InitializeIPDv01p5 extro {ES}:!--- FieldLog() end -------------------
20260908 013302.923 INFO             PET3         OCN: InitializeIPDv01p5 extro {ES}:--- StateLog() end -------------------
20260908 013302.923 INFO             PET3       OCN: InitializeIPDv01p5 extro.
20260908 013302.929 INFO             PET3       esm: components present that trigger loopDataDependentInitialize().
20260908 013302.930 INFO             PET3       esm: loopDataDependentInitialize intro.
20260908 013302.930 INFO             PET3         esm: loopDataDependentInitialize intro {IS}:--- StateLog() start -----------------
20260908 013302.930 INFO             PET3         esm: loopDataDependentInitialize intro {IS}:State object is invalid! Not created or deleted!
20260908 013302.930 INFO             PET3         esm: loopDataDependentInitialize intro {IS}:--- StateLog() end -------------------
20260908 013302.930 INFO             PET3         esm: loopDataDependentInitialize intro {ES}:--- StateLog() start -----------------
20260908 013302.930 INFO             PET3         esm: loopDataDependentInitialize intro {ES}:State object is invalid! Not created or deleted!
20260908 013302.930 INFO             PET3         esm: loopDataDependentInitialize intro {ES}:--- StateLog() end -------------------
20260908 013302.930 INFO             PET3         >>>esm: entered Initialize (phase=<none>) with current time: 2010  6  1  0  0  0   0
20260908 013302.930 INFO             PET3         esm: component    0=esm, dataComplete (local): true
20260908 013302.930 INFO             PET3         esm: component    0=esm, dataComplete (global):  T
20260908 013302.930 INFO             PET3         esm: component    1=ATM, dataComplete (local): true
20260908 013302.931 INFO             PET3         esm: component    1=ATM, dataComplete (global):  T
20260908 013302.931 INFO             PET3         esm: component    2=OCN, dataComplete (local): true
20260908 013302.931 INFO             PET3         esm: component    2=OCN, dataComplete (global):  T
20260908 013302.931 INFO             PET3         esm: someProgress= F, allComplete= T, present(dataDepAllComplete)= T
20260908 013302.931 INFO             PET3         esm: finished resolving initialize data dependencies on this level.
20260908 013302.931 INFO             PET3         <<<esm: leaving Initialize (phase=<none>) with current time: 2010  6  1  0  0  0   0
20260908 013302.931 INFO             PET3         esm: loopDataDependentInitialize extro {IS}:--- StateLog() start -----------------
20260908 013302.931 INFO             PET3         esm: loopDataDependentInitialize extro {IS}:State object is invalid! Not created or deleted!
20260908 013302.931 INFO             PET3         esm: loopDataDependentInitialize extro {IS}:--- StateLog() end -------------------
20260908 013302.931 INFO             PET3         esm: loopDataDependentInitialize extro {ES}:--- StateLog() start -----------------
20260908 013302.931 INFO             PET3         esm: loopDataDependentInitialize extro {ES}:State object is invalid! Not created or deleted!
20260908 013302.931 INFO             PET3         esm: loopDataDependentInitialize extro {ES}:--- StateLog() end -------------------
20260908 013302.931 INFO             PET3       esm: loopDataDependentInitialize extro.
20260908 013302.931 INFO             PET3       esm: loopDataDependentInitialize() returned with dataDepAllComplete:  T
20260908 013302.931 INFO             PET3       <<<esm: leaving Initialize (phase=<none>) with current time: 2010  6  1  0  0  0   0
20260908 013302.931 INFO             PET3       esm: InitializeIPDv02p5Data extro {IS}:--- StateLog() start -----------------
20260908 013302.931 INFO             PET3       esm: InitializeIPDv02p5Data extro {IS}:State object is invalid! Not created or deleted!
20260908 013302.932 INFO             PET3       esm: InitializeIPDv02p5Data extro {IS}:--- StateLog() end -------------------
20260908 013302.932 INFO             PET3       esm: InitializeIPDv02p5Data extro {ES}:--- StateLog() start -----------------
20260908 013302.932 INFO             PET3       esm: InitializeIPDv02p5Data extro {ES}:State object is invalid! Not created or deleted!
20260908 013302.932 INFO             PET3       esm: InitializeIPDv02p5Data extro {ES}:--- StateLog() end -------------------
20260908 013302.932 INFO             PET3     esm: InitializeIPDv02p5Data extro.
20260908 013302.932 INFO             PET3     <<<esm: leaving Initialize (phase=<none>) with current time: 2010  6  1  0  0  0   0
20260908 013302.932 INFO             PET3     esm: InitializeIPDv02p5 extro {IS}:--- StateLog() start -----------------
20260908 013302.932 INFO             PET3     esm: InitializeIPDv02p5 extro {IS}:State object is invalid! Not created or deleted!
20260908 013302.932 INFO             PET3     esm: InitializeIPDv02p5 extro {IS}:--- StateLog() end -------------------
20260908 013302.932 INFO             PET3     esm: InitializeIPDv02p5 extro {ES}:--- StateLog() start -----------------
20260908 013302.932 INFO             PET3     esm: InitializeIPDv02p5 extro {ES}:State object is invalid! Not created or deleted!
20260908 013302.932 INFO             PET3     esm: InitializeIPDv02p5 extro {ES}:--- StateLog() end -------------------
20260908 013302.932 INFO             PET3   esm: InitializeIPDv02p5 extro.
20260908 013302.932 INFO             PET3   <<<esm: leaving Initialize (phase=<none>) with current time: 2010  6  1  0  0  0   0
20260908 013302.932 INFO             PET3   esm: InitializeGeneric extro {IS}:--- StateLog() start -----------------
20260908 013302.932 INFO             PET3   esm: InitializeGeneric extro {IS}:State object is invalid! Not created or deleted!
20260908 013302.932 INFO             PET3   esm: InitializeGeneric extro {IS}:--- StateLog() end -------------------
20260908 013302.932 INFO             PET3   esm: InitializeGeneric extro {ES}:--- StateLog() start -----------------
20260908 013302.932 INFO             PET3   esm: InitializeGeneric extro {ES}:State object is invalid! Not created or deleted!
20260908 013302.932 INFO             PET3   esm: InitializeGeneric extro {ES}:--- StateLog() end -------------------
20260908 013302.932 INFO             PET3 esm: InitializeGeneric extro.
20260908 013302.933 INFO             PET3 esm: Run intro.
20260908 013302.933 INFO             PET3   esm: Run intro {IS}:--- StateLog() start -----------------
20260908 013302.933 INFO             PET3   esm: Run intro {IS}:State object is invalid! Not created or deleted!
20260908 013302.933 INFO             PET3   esm: Run intro {IS}:--- StateLog() end -------------------
20260908 013302.933 INFO             PET3   esm: Run intro {ES}:--- StateLog() start -----------------
20260908 013302.933 INFO             PET3   esm: Run intro {ES}:State object is invalid! Not created or deleted!
20260908 013302.933 INFO             PET3   esm: Run intro {ES}:--- StateLog() end -------------------
20260908 013302.933 INFO             PET3   >>>esm: entered Run (phase=RunPhase1) with current time: 2010  6  1  0  0  0   0
20260908 013302.933 INFO             PET3   esm: after lable_SetRunClock, current time: 2010  6  1  0  0  0   0
20260908 013302.933 INFO             PET3   esm: begin -------> RunSequence.
20260908 013302.933 INFO             PET3     esm: RunSequence event loopLevel=   1  levelMember=   1  loopIteration=   1, current time: 2010  6  1  0  0  0   0
20260908 013302.934 INFO             PET3     ATM-TO-OCN: Run intro.
20260908 013302.934 INFO             PET3       ATM-TO-OCN: Run intro {IS}:--- StateLog() start -----------------
20260908 013302.934 INFO             PET3       ATM-TO-OCN: Run intro {IS}:<name: ATM-ExportState> <intent: ESMF_STATEINTENT_EXPORT> <itemCount:    0>
20260908 013302.934 INFO             PET3       ATM-TO-OCN: Run intro {IS}:--- StateLog() end -------------------
20260908 013302.934 INFO             PET3       ATM-TO-OCN: Run intro {ES}:--- StateLog() start -----------------
20260908 013302.934 INFO             PET3       ATM-TO-OCN: Run intro {ES}:<name: OCN-ImportState> <intent: ESMF_STATEINTENT_IMPORT> <itemCount:    0>
20260908 013302.934 INFO             PET3       ATM-TO-OCN: Run intro {ES}:--- StateLog() end -------------------
20260908 013302.934 INFO             PET3       >>>ATM-TO-OCN entered Run (phase=RunPhase1)
20260908 013302.934 INFO             PET3       ATM-TO-OCN: called default RouteHandle execution
20260908 013302.934 INFO             PET3       <<<ATM-TO-OCN leaving Run (phase=RunPhase1)
20260908 013302.934 INFO             PET3       ATM-TO-OCN: Run extro {IS}:--- StateLog() start -----------------
20260908 013302.934 INFO             PET3       ATM-TO-OCN: Run extro {IS}:<name: ATM-ExportState> <intent: ESMF_STATEINTENT_EXPORT> <itemCount:    0>
20260908 013302.934 INFO             PET3       ATM-TO-OCN: Run extro {IS}:--- StateLog() end -------------------
20260908 013302.934 INFO             PET3       ATM-TO-OCN: Run extro {ES}:--- StateLog() start -----------------
20260908 013302.934 INFO             PET3       ATM-TO-OCN: Run extro {ES}:<name: OCN-ImportState> <intent: ESMF_STATEINTENT_IMPORT> <itemCount:    0>
20260908 013302.934 INFO             PET3       ATM-TO-OCN: Run extro {ES}:--- StateLog() end -------------------
20260908 013302.934 INFO             PET3     ATM-TO-OCN: Run extro.
20260908 013302.935 INFO             PET3     OCN-TO-ATM: Run intro.
20260908 013302.935 INFO             PET3       OCN-TO-ATM: Run intro {IS}:--- StateLog() start -----------------
20260908 013302.935 INFO             PET3       OCN-TO-ATM: Run intro {IS}:<name: OCN-ExportState> <intent: ESMF_STATEINTENT_EXPORT> <itemCount:    1>
20260908 013302.935 INFO             PET3       OCN-TO-ATM: Run intro {IS}:+-<item: 0001> <itemType: Field> <itemName: sst>
20260908 013302.935 INFO             PET3       OCN-TO-ATM: Run intro {IS}:!--- FieldLog() start -----------------
20260908 013302.935 INFO             PET3       OCN-TO-ATM: Run intro {IS}:! <name: sst> <fieldStatus: ESMF_FIELDSTATUS_COMPLETE>
20260908 013302.935 INFO             PET3       OCN-TO-ATM: Run intro {IS}:! 0x7ffe608f1ef0 => 0x1a7e7c0 => 0x1a7cca0
20260908 013302.935 INFO             PET3       OCN-TO-ATM: Run intro {IS}:! <typekind: Real*8> <rank:    2> <dimCount:    2>
20260908 013302.935 INFO             PET3       OCN-TO-ATM: Run intro {IS}:! ! --- Array::log() start -----------------------------------
20260908 013302.935 INFO             PET3       OCN-TO-ATM: Run intro {IS}:! ! 0x1a80bc0
20260908 013302.935 INFO             PET3       OCN-TO-ATM: Run intro {IS}:! ! <name: sst>
20260908 013302.935 INFO             PET3       OCN-TO-ATM: Run intro {IS}:! ! ! --- DistGrid::log() start --------------------------------
20260908 013302.935 INFO             PET3       OCN-TO-ATM: Run intro {IS}:! ! ! 0x1a7bc70
20260908 013302.935 INFO             PET3       OCN-TO-ATM: Run intro {IS}:! ! ! DistGrid object is valid!<name: DG-Grid003-sloc:0>
20260908 013302.935 INFO             PET3       OCN-TO-ATM: Run intro {IS}:! ! ! --- DistGrid::log() end ----------------------------------
20260908 013302.935 INFO             PET3       OCN-TO-ATM: Run intro {IS}:! ! --- Array::log() end -------------------------------------
20260908 013302.935 INFO             PET3       OCN-TO-ATM: Run intro {IS}:!--- FieldLog() end -------------------
20260908 013302.935 INFO             PET3       OCN-TO-ATM: Run intro {IS}:--- StateLog() end -------------------
20260908 013302.935 INFO             PET3       OCN-TO-ATM: Run intro {ES}:--- StateLog() start -----------------
20260908 013302.935 INFO             PET3       OCN-TO-ATM: Run intro {ES}:<name: ATM-ImportState> <intent: ESMF_STATEINTENT_IMPORT> <itemCount:    1>
20260908 013302.935 INFO             PET3       OCN-TO-ATM: Run intro {ES}:+-<item: 0001> <itemType: State> <itemName: ATM-ImportState-namespace:OCN>
20260908 013302.935 INFO             PET3       OCN-TO-ATM: Run intro {ES}:! <name: ATM-ImportState-namespace:OCN> <intent: ESMF_STATEINTENT_IMPORT> <itemCount:    1>
20260908 013302.935 INFO             PET3       OCN-TO-ATM: Run intro {ES}:! +-<item: 0001> <itemType: Field> <itemName: sea_surface_temperature>
20260908 013302.935 INFO             PET3       OCN-TO-ATM: Run intro {ES}:! !--- FieldLog() start -----------------
20260908 013302.935 INFO             PET3       OCN-TO-ATM: Run intro {ES}:! ! <name: sea_surface_temperature> <fieldStatus: ESMF_FIELDSTATUS_COMPLETE>
20260908 013302.935 INFO             PET3       OCN-TO-ATM: Run intro {ES}:! ! 0x7ffe608f0700 => 0x1b1cd60 => 0x1ad7360
20260908 013302.935 INFO             PET3       OCN-TO-ATM: Run intro {ES}:! ! <typekind: Real*8> <rank:    2> <dimCount:    2>
20260908 013302.935 INFO             PET3       OCN-TO-ATM: Run intro {ES}:! ! ! --- Array::log() start -----------------------------------
20260908 013302.935 INFO             PET3       OCN-TO-ATM: Run intro {ES}:! ! ! 0x1ad95c0
20260908 013302.935 INFO             PET3       OCN-TO-ATM: Run intro {ES}:! ! ! <name: sea_surface_temperature>
20260908 013302.935 INFO             PET3       OCN-TO-ATM: Run intro {ES}:! ! ! ! --- DistGrid::log() start --------------------------------
20260908 013302.935 INFO             PET3       OCN-TO-ATM: Run intro {ES}:! ! ! ! 0x1ad9f20
20260908 013302.935 INFO             PET3       OCN-TO-ATM: Run intro {ES}:! ! ! ! DistGrid object is valid!<name: DG-Grid003-sloc:0>
20260908 013302.935 INFO             PET3       OCN-TO-ATM: Run intro {ES}:! ! ! ! --- DistGrid::log() end ----------------------------------
20260908 013302.936 INFO             PET3       OCN-TO-ATM: Run intro {ES}:! ! ! --- Array::log() end -------------------------------------
20260908 013302.936 INFO             PET3       OCN-TO-ATM: Run intro {ES}:! !--- FieldLog() end -------------------
20260908 013302.936 INFO             PET3       OCN-TO-ATM: Run intro {ES}:--- StateLog() end -------------------
20260908 013302.936 INFO             PET3       >>>OCN-TO-ATM entered Run (phase=RunPhase1)
20260908 013302.936 INFO             PET3       OCN-TO-ATM: called default RouteHandle execution
20260908 013302.936 INFO             PET3       <<<OCN-TO-ATM leaving Run (phase=RunPhase1)
20260908 013302.936 INFO             PET3       OCN-TO-ATM: Run extro {IS}:--- StateLog() start -----------------
20260908 013302.936 INFO             PET3       OCN-TO-ATM: Run extro {IS}:<name: OCN-ExportState> <intent: ESMF_STATEINTENT_EXPORT> <itemCount:    1>
20260908 013302.936 INFO             PET3       OCN-TO-ATM: Run extro {IS}:+-<item: 0001> <itemType: Field> <itemName: sst>
20260908 013302.936 INFO             PET3       OCN-TO-ATM: Run extro {IS}:!--- FieldLog() start -----------------
20260908 013302.936 INFO             PET3       OCN-TO-ATM: Run extro {IS}:! <name: sst> <fieldStatus: ESMF_FIELDSTATUS_COMPLETE>
20260908 013302.936 INFO             PET3       OCN-TO-ATM: Run extro {IS}:! 0x7ffe608f20c0 => 0x1a7e7c0 => 0x1a7cca0
20260908 013302.937 INFO             PET3       OCN-TO-ATM: Run extro {IS}:! <typekind: Real*8> <rank:    2> <dimCount:    2>
20260908 013302.937 INFO             PET3       OCN-TO-ATM: Run extro {IS}:! ! --- Array::log() start -----------------------------------
20260908 013302.937 INFO             PET3       OCN-TO-ATM: Run extro {IS}:! ! 0x1a80bc0
20260908 013302.937 INFO             PET3       OCN-TO-ATM: Run extro {IS}:! ! <name: sst>
20260908 013302.937 INFO             PET3       OCN-TO-ATM: Run extro {IS}:! ! ! --- DistGrid::log() start --------------------------------
20260908 013302.937 INFO             PET3       OCN-TO-ATM: Run extro {IS}:! ! ! 0x1a7bc70
20260908 013302.937 INFO             PET3       OCN-TO-ATM: Run extro {IS}:! ! ! DistGrid object is valid!<name: DG-Grid003-sloc:0>
20260908 013302.937 INFO             PET3       OCN-TO-ATM: Run extro {IS}:! ! ! --- DistGrid::log() end ----------------------------------
20260908 013302.937 INFO             PET3       OCN-TO-ATM: Run extro {IS}:! ! --- Array::log() end -------------------------------------
20260908 013302.937 INFO             PET3       OCN-TO-ATM: Run extro {IS}:!--- FieldLog() end -------------------
20260908 013302.937 INFO             PET3       OCN-TO-ATM: Run extro {IS}:--- StateLog() end -------------------
20260908 013302.937 INFO             PET3       OCN-TO-ATM: Run extro {ES}:--- StateLog() start -----------------
20260908 013302.937 INFO             PET3       OCN-TO-ATM: Run extro {ES}:<name: ATM-ImportState> <intent: ESMF_STATEINTENT_IMPORT> <itemCount:    1>
20260908 013302.937 INFO             PET3       OCN-TO-ATM: Run extro {ES}:+-<item: 0001> <itemType: State> <itemName: ATM-ImportState-namespace:OCN>
20260908 013302.937 INFO             PET3       OCN-TO-ATM: Run extro {ES}:! <name: ATM-ImportState-namespace:OCN> <intent: ESMF_STATEINTENT_IMPORT> <itemCount:    1>
20260908 013302.937 INFO             PET3       OCN-TO-ATM: Run extro {ES}:! +-<item: 0001> <itemType: Field> <itemName: sea_surface_temperature>
20260908 013302.937 INFO             PET3       OCN-TO-ATM: Run extro {ES}:! !--- FieldLog() start -----------------
20260908 013302.937 INFO             PET3       OCN-TO-ATM: Run extro {ES}:! ! <name: sea_surface_temperature> <fieldStatus: ESMF_FIELDSTATUS_COMPLETE>
20260908 013302.937 INFO             PET3       OCN-TO-ATM: Run extro {ES}:! ! 0x7ffe608f08d0 => 0x1b1cd60 => 0x1ad7360
20260908 013302.937 INFO             PET3       OCN-TO-ATM: Run extro {ES}:! ! <typekind: Real*8> <rank:    2> <dimCount:    2>
20260908 013302.937 INFO             PET3       OCN-TO-ATM: Run extro {ES}:! ! ! --- Array::log() start -----------------------------------
20260908 013302.937 INFO             PET3       OCN-TO-ATM: Run extro {ES}:! ! ! 0x1ad95c0
20260908 013302.937 INFO             PET3       OCN-TO-ATM: Run extro {ES}:! ! ! <name: sea_surface_temperature>
20260908 013302.937 INFO             PET3       OCN-TO-ATM: Run extro {ES}:! ! ! ! --- DistGrid::log() start --------------------------------
20260908 013302.937 INFO             PET3       OCN-TO-ATM: Run extro {ES}:! ! ! ! 0x1ad9f20
20260908 013302.937 INFO             PET3       OCN-TO-ATM: Run extro {ES}:! ! ! ! DistGrid object is valid!<name: DG-Grid003-sloc:0>
20260908 013302.937 INFO             PET3       OCN-TO-ATM: Run extro {ES}:! ! ! ! --- DistGrid::log() end ----------------------------------
20260908 013302.937 INFO             PET3       OCN-TO-ATM: Run extro {ES}:! ! ! --- Array::log() end -------------------------------------
20260908 013302.937 INFO             PET3       OCN-TO-ATM: Run extro {ES}:! !--- FieldLog() end -------------------
20260908 013302.937 INFO             PET3       OCN-TO-ATM: Run extro {ES}:--- StateLog() end -------------------
20260908 013302.937 INFO             PET3     OCN-TO-ATM: Run extro.
20260908 013302.938 INFO             PET3     OCN: Run intro.
20260908 013302.938 INFO             PET3       OCN: Run intro {IS}:--- StateLog() start -----------------
20260908 013302.938 INFO             PET3       OCN: Run intro {IS}:<name: OCN-ImportState> <intent: ESMF_STATEINTENT_IMPORT> <itemCount:    0>
20260908 013302.938 INFO             PET3       OCN: Run intro {IS}:--- StateLog() end -------------------
20260908 013302.938 INFO             PET3       OCN: Run intro {ES}:--- StateLog() start -----------------
20260908 013302.938 INFO             PET3       OCN: Run intro {ES}:<name: OCN-ExportState> <intent: ESMF_STATEINTENT_EXPORT> <itemCount:    1>
20260908 013302.938 INFO             PET3       OCN: Run intro {ES}:+-<item: 0001> <itemType: Field> <itemName: sst>
20260908 013302.938 INFO             PET3       OCN: Run intro {ES}:!--- FieldLog() start -----------------
20260908 013302.938 INFO             PET3       OCN: Run intro {ES}:! <name: sst> <fieldStatus: ESMF_FIELDSTATUS_COMPLETE>
20260908 013302.938 INFO             PET3       OCN: Run intro {ES}:! 0x7ffe608f0710 => 0x1a7e7c0 => 0x1a7cca0
20260908 013302.938 INFO             PET3       OCN: Run intro {ES}:! <typekind: Real*8> <rank:    2> <dimCount:    2>
20260908 013302.938 INFO             PET3       OCN: Run intro {ES}:! ! --- Array::log() start -----------------------------------
20260908 013302.938 INFO             PET3       OCN: Run intro {ES}:! ! 0x1a80bc0
20260908 013302.938 INFO             PET3       OCN: Run intro {ES}:! ! <name: sst>
20260908 013302.938 INFO             PET3       OCN: Run intro {ES}:! ! ! --- DistGrid::log() start --------------------------------
20260908 013302.938 INFO             PET3       OCN: Run intro {ES}:! ! ! 0x1a7bc70
20260908 013302.938 INFO             PET3       OCN: Run intro {ES}:! ! ! DistGrid object is valid!<name: DG-Grid003-sloc:0>
20260908 013302.938 INFO             PET3       OCN: Run intro {ES}:! ! ! --- DistGrid::log() end ----------------------------------
20260908 013302.938 INFO             PET3       OCN: Run intro {ES}:! ! --- Array::log() end -------------------------------------
20260908 013302.938 INFO             PET3       OCN: Run intro {ES}:!--- FieldLog() end -------------------
20260908 013302.938 INFO             PET3       OCN: Run intro {ES}:--- StateLog() end -------------------
20260908 013302.939 INFO             PET3       >>>OCN: entered Run (phase=RunPhase1) with current time: 2010  6  1  0  0  0   0
20260908 013302.939 INFO             PET3       OCN: time step-loop starting, current time: 2010  6  1  0  0  0   0
20260908 013302.939 INFO             PET3       ------>Advancing OCN from: 2010  6  1  0  0  0   0
20260908 013302.939 INFO             PET3       ---------------------> to: 2010  6  1  0  5  0   0
20260908 013302.939 INFO             PET3       OCN: time step-loop ending,   current time: 2010  6  1  0  5  0   0
20260908 013302.939 INFO             PET3       OCN: time step-loop starting, current time: 2010  6  1  0  5  0   0
20260908 013302.939 INFO             PET3       ------>Advancing OCN from: 2010  6  1  0  5  0   0
20260908 013302.939 INFO             PET3       ---------------------> to: 2010  6  1  0 10  0   0
20260908 013302.940 INFO             PET3       OCN: time step-loop ending,   current time: 2010  6  1  0 10  0   0
20260908 013302.940 INFO             PET3       OCN: time step-loop starting, current time: 2010  6  1  0 10  0   0
20260908 013302.940 INFO             PET3       ------>Advancing OCN from: 2010  6  1  0 10  0   0
20260908 013302.940 INFO             PET3       ---------------------> to: 2010  6  1  0 15  0   0
20260908 013302.940 INFO             PET3       OCN: time step-loop ending,   current time: 2010  6  1  0 15  0   0
20260908 013302.940 INFO             PET3       <<<OCN: leaving Run (phase=RunPhase1) with current time: 2010  6  1  0 15  0   0
20260908 013302.940 INFO             PET3       OCN: Run extro {IS}:--- StateLog() start -----------------
20260908 013302.940 INFO             PET3       OCN: Run extro {IS}:<name: OCN-ImportState> <intent: ESMF_STATEINTENT_IMPORT> <itemCount:    0>
20260908 013302.940 INFO             PET3       OCN: Run extro {IS}:--- StateLog() end -------------------
20260908 013302.940 INFO             PET3       OCN: Run extro {ES}:--- StateLog() start -----------------
20260908 013302.940 INFO             PET3       OCN: Run extro {ES}:<name: OCN-ExportState> <intent: ESMF_STATEINTENT_EXPORT> <itemCount:    1>
20260908 013302.940 INFO             PET3       OCN: Run extro {ES}:+-<item: 0001> <itemType: Field> <itemName: sst>
20260908 013302.940 INFO             PET3       OCN: Run extro {ES}:!--- FieldLog() start -----------------
20260908 013302.941 INFO             PET3       OCN: Run extro {ES}:! <name: sst> <fieldStatus: ESMF_FIELDSTATUS_COMPLETE>
20260908 013302.941 INFO             PET3       OCN: Run extro {ES}:! 0x7ffe608f08e0 => 0x1a7e7c0 => 0x1a7cca0
20260908 013302.941 INFO             PET3       OCN: Run extro {ES}:! <typekind: Real*8> <rank:    2> <dimCount:    2>
20260908 013302.941 INFO             PET3       OCN: Run extro {ES}:! ! --- Array::log() start -----------------------------------
20260908 013302.941 INFO             PET3       OCN: Run extro {ES}:! ! 0x1a80bc0
20260908 013302.941 INFO             PET3       OCN: Run extro {ES}:! ! <name: sst>
20260908 013302.941 INFO             PET3       OCN: Run extro {ES}:! ! ! --- DistGrid::log() start --------------------------------
20260908 013302.941 INFO             PET3       OCN: Run extro {ES}:! ! ! 0x1a7bc70
20260908 013302.941 INFO             PET3       OCN: Run extro {ES}:! ! ! DistGrid object is valid!<name: DG-Grid003-sloc:0>
20260908 013302.941 INFO             PET3       OCN: Run extro {ES}:! ! ! --- DistGrid::log() end ----------------------------------
20260908 013302.941 INFO             PET3       OCN: Run extro {ES}:! ! --- Array::log() end -------------------------------------
20260908 013302.941 INFO             PET3       OCN: Run extro {ES}:!--- FieldLog() end -------------------
20260908 013302.941 INFO             PET3       OCN: Run extro {ES}:--- StateLog() end -------------------
20260908 013302.941 INFO             PET3     OCN: Run extro.
20260908 013302.941 INFO             PET3     esm: RunSequence event loopLevel=   1  levelMember=   1  loopIteration=   2, current time: 2010  6  1  0 15  0   0
20260908 013302.941 INFO             PET3     ATM-TO-OCN: Run intro.
20260908 013302.941 INFO             PET3       ATM-TO-OCN: Run intro {IS}:--- StateLog() start -----------------
20260908 013302.941 INFO             PET3       ATM-TO-OCN: Run intro {IS}:<name: ATM-ExportState> <intent: ESMF_STATEINTENT_EXPORT> <itemCount:    0>
20260908 013302.941 INFO             PET3       ATM-TO-OCN: Run intro {IS}:--- StateLog() end -------------------
20260908 013302.941 INFO             PET3       ATM-TO-OCN: Run intro {ES}:--- StateLog() start -----------------
20260908 013302.941 INFO             PET3       ATM-TO-OCN: Run intro {ES}:<name: OCN-ImportState> <intent: ESMF_STATEINTENT_IMPORT> <itemCount:    0>
20260908 013302.941 INFO             PET3       ATM-TO-OCN: Run intro {ES}:--- StateLog() end -------------------
20260908 013302.942 INFO             PET3       >>>ATM-TO-OCN entered Run (phase=RunPhase1)
20260908 013302.942 INFO             PET3       ATM-TO-OCN: called default RouteHandle execution
20260908 013302.942 INFO             PET3       <<<ATM-TO-OCN leaving Run (phase=RunPhase1)
20260908 013302.942 INFO             PET3       ATM-TO-OCN: Run extro {IS}:--- StateLog() start -----------------
20260908 013302.942 INFO             PET3       ATM-TO-OCN: Run extro {IS}:<name: ATM-ExportState> <intent: ESMF_STATEINTENT_EXPORT> <itemCount:    0>
20260908 013302.942 INFO             PET3       ATM-TO-OCN: Run extro {IS}:--- StateLog() end -------------------
20260908 013302.942 INFO             PET3       ATM-TO-OCN: Run extro {ES}:--- StateLog() start -----------------
20260908 013302.942 INFO             PET3       ATM-TO-OCN: Run extro {ES}:<name: OCN-ImportState> <intent: ESMF_STATEINTENT_IMPORT> <itemCount:    0>
20260908 013302.942 INFO             PET3       ATM-TO-OCN: Run extro {ES}:--- StateLog() end -------------------
20260908 013302.942 INFO             PET3     ATM-TO-OCN: Run extro.
20260908 013302.942 INFO             PET3     OCN-TO-ATM: Run intro.
20260908 013302.942 INFO             PET3       OCN-TO-ATM: Run intro {IS}:--- StateLog() start -----------------
20260908 013302.942 INFO             PET3       OCN-TO-ATM: Run intro {IS}:<name: OCN-ExportState> <intent: ESMF_STATEINTENT_EXPORT> <itemCount:    1>
20260908 013302.942 INFO             PET3       OCN-TO-ATM: Run intro {IS}:+-<item: 0001> <itemType: Field> <itemName: sst>
20260908 013302.942 INFO             PET3       OCN-TO-ATM: Run intro {IS}:!--- FieldLog() start -----------------
20260908 013302.942 INFO             PET3       OCN-TO-ATM: Run intro {IS}:! <name: sst> <fieldStatus: ESMF_FIELDSTATUS_COMPLETE>
20260908 013302.942 INFO             PET3       OCN-TO-ATM: Run intro {IS}:! 0x7ffe608f1ef0 => 0x1a7e7c0 => 0x1a7cca0
20260908 013302.942 INFO             PET3       OCN-TO-ATM: Run intro {IS}:! <typekind: Real*8> <rank:    2> <dimCount:    2>
20260908 013302.942 INFO             PET3       OCN-TO-ATM: Run intro {IS}:! ! --- Array::log() start -----------------------------------
20260908 013302.942 INFO             PET3       OCN-TO-ATM: Run intro {IS}:! ! 0x1a80bc0
20260908 013302.942 INFO             PET3       OCN-TO-ATM: Run intro {IS}:! ! <name: sst>
20260908 013302.942 INFO             PET3       OCN-TO-ATM: Run intro {IS}:! ! ! --- DistGrid::log() start --------------------------------
20260908 013302.942 INFO             PET3       OCN-TO-ATM: Run intro {IS}:! ! ! 0x1a7bc70
20260908 013302.942 INFO             PET3       OCN-TO-ATM: Run intro {IS}:! ! ! DistGrid object is valid!<name: DG-Grid003-sloc:0>
20260908 013302.942 INFO             PET3       OCN-TO-ATM: Run intro {IS}:! ! ! --- DistGrid::log() end ----------------------------------
20260908 013302.943 INFO             PET3       OCN-TO-ATM: Run intro {IS}:! ! --- Array::log() end -------------------------------------
20260908 013302.943 INFO             PET3       OCN-TO-ATM: Run intro {IS}:!--- FieldLog() end -------------------
20260908 013302.943 INFO             PET3       OCN-TO-ATM: Run intro {IS}:--- StateLog() end -------------------
20260908 013302.943 INFO             PET3       OCN-TO-ATM: Run intro {ES}:--- StateLog() start -----------------
20260908 013302.943 INFO             PET3       OCN-TO-ATM: Run intro {ES}:<name: ATM-ImportState> <intent: ESMF_STATEINTENT_IMPORT> <itemCount:    1>
20260908 013302.943 INFO             PET3       OCN-TO-ATM: Run intro {ES}:+-<item: 0001> <itemType: State> <itemName: ATM-ImportState-namespace:OCN>
20260908 013302.943 INFO             PET3       OCN-TO-ATM: Run intro {ES}:! <name: ATM-ImportState-namespace:OCN> <intent: ESMF_STATEINTENT_IMPORT> <itemCount:    1>
20260908 013302.943 INFO             PET3       OCN-TO-ATM: Run intro {ES}:! +-<item: 0001> <itemType: Field> <itemName: sea_surface_temperature>
20260908 013302.943 INFO             PET3       OCN-TO-ATM: Run intro {ES}:! !--- FieldLog() start -----------------
20260908 013302.943 INFO             PET3       OCN-TO-ATM: Run intro {ES}:! ! <name: sea_surface_temperature> <fieldStatus: ESMF_FIELDSTATUS_COMPLETE>
20260908 013302.943 INFO             PET3       OCN-TO-ATM: Run intro {ES}:! ! 0x7ffe608f0700 => 0x1b1cd60 => 0x1ad7360
20260908 013302.943 INFO             PET3       OCN-TO-ATM: Run intro {ES}:! ! <typekind: Real*8> <rank:    2> <dimCount:    2>
20260908 013302.943 INFO             PET3       OCN-TO-ATM: Run intro {ES}:! ! ! --- Array::log() start -----------------------------------
20260908 013302.943 INFO             PET3       OCN-TO-ATM: Run intro {ES}:! ! ! 0x1ad95c0
20260908 013302.943 INFO             PET3       OCN-TO-ATM: Run intro {ES}:! ! ! <name: sea_surface_temperature>
20260908 013302.943 INFO             PET3       OCN-TO-ATM: Run intro {ES}:! ! ! ! --- DistGrid::log() start --------------------------------
20260908 013302.943 INFO             PET3       OCN-TO-ATM: Run intro {ES}:! ! ! ! 0x1ad9f20
20260908 013302.943 INFO             PET3       OCN-TO-ATM: Run intro {ES}:! ! ! ! DistGrid object is valid!<name: DG-Grid003-sloc:0>
20260908 013302.943 INFO             PET3       OCN-TO-ATM: Run intro {ES}:! ! ! ! --- DistGrid::log() end ----------------------------------
20260908 013302.943 INFO             PET3       OCN-TO-ATM: Run intro {ES}:! ! ! --- Array::log() end -------------------------------------
20260908 013302.943 INFO             PET3       OCN-TO-ATM: Run intro {ES}:! !--- FieldLog() end -------------------
20260908 013302.943 INFO             PET3       OCN-TO-ATM: Run intro {ES}:--- StateLog() end -------------------
20260908 013302.943 INFO             PET3       >>>OCN-TO-ATM entered Run (phase=RunPhase1)
20260908 013302.944 INFO             PET3       OCN-TO-ATM: called default RouteHandle execution
20260908 013302.944 INFO             PET3       <<<OCN-TO-ATM leaving Run (phase=RunPhase1)
20260908 013302.944 INFO             PET3       OCN-TO-ATM: Run extro {IS}:--- StateLog() start -----------------
20260908 013302.944 INFO             PET3       OCN-TO-ATM: Run extro {IS}:<name: OCN-ExportState> <intent: ESMF_STATEINTENT_EXPORT> <itemCount:    1>
20260908 013302.944 INFO             PET3       OCN-TO-ATM: Run extro {IS}:+-<item: 0001> <itemType: Field> <itemName: sst>
20260908 013302.944 INFO             PET3       OCN-TO-ATM: Run extro {IS}:!--- FieldLog() start -----------------
20260908 013302.944 INFO             PET3       OCN-TO-ATM: Run extro {IS}:! <name: sst> <fieldStatus: ESMF_FIELDSTATUS_COMPLETE>
20260908 013302.944 INFO             PET3       OCN-TO-ATM: Run extro {IS}:! 0x7ffe608f20c0 => 0x1a7e7c0 => 0x1a7cca0
20260908 013302.944 INFO             PET3       OCN-TO-ATM: Run extro {IS}:! <typekind: Real*8> <rank:    2> <dimCount:    2>
20260908 013302.944 INFO             PET3       OCN-TO-ATM: Run extro {IS}:! ! --- Array::log() start -----------------------------------
20260908 013302.944 INFO             PET3       OCN-TO-ATM: Run extro {IS}:! ! 0x1a80bc0
20260908 013302.944 INFO             PET3       OCN-TO-ATM: Run extro {IS}:! ! <name: sst>
20260908 013302.944 INFO             PET3       OCN-TO-ATM: Run extro {IS}:! ! ! --- DistGrid::log() start --------------------------------
20260908 013302.944 INFO             PET3       OCN-TO-ATM: Run extro {IS}:! ! ! 0x1a7bc70
20260908 013302.944 INFO             PET3       OCN-TO-ATM: Run extro {IS}:! ! ! DistGrid object is valid!<name: DG-Grid003-sloc:0>
20260908 013302.944 INFO             PET3       OCN-TO-ATM: Run extro {IS}:! ! ! --- DistGrid::log() end ----------------------------------
20260908 013302.944 INFO             PET3       OCN-TO-ATM: Run extro {IS}:! ! --- Array::log() end -------------------------------------
20260908 013302.944 INFO             PET3       OCN-TO-ATM: Run extro {IS}:!--- FieldLog() end -------------------
20260908 013302.944 INFO             PET3       OCN-TO-ATM: Run extro {IS}:--- StateLog() end -------------------
20260908 013302.944 INFO             PET3       OCN-TO-ATM: Run extro {ES}:--- StateLog() start -----------------
20260908 013302.944 INFO             PET3       OCN-TO-ATM: Run extro {ES}:<name: ATM-ImportState> <intent: ESMF_STATEINTENT_IMPORT> <itemCount:    1>
20260908 013302.944 INFO             PET3       OCN-TO-ATM: Run extro {ES}:+-<item: 0001> <itemType: State> <itemName: ATM-ImportState-namespace:OCN>
20260908 013302.944 INFO             PET3       OCN-TO-ATM: Run extro {ES}:! <name: ATM-ImportState-namespace:OCN> <intent: ESMF_STATEINTENT_IMPORT> <itemCount:    1>
20260908 013302.944 INFO             PET3       OCN-TO-ATM: Run extro {ES}:! +-<item: 0001> <itemType: Field> <itemName: sea_surface_temperature>
20260908 013302.944 INFO             PET3       OCN-TO-ATM: Run extro {ES}:! !--- FieldLog() start -----------------
20260908 013302.944 INFO             PET3       OCN-TO-ATM: Run extro {ES}:! ! <name: sea_surface_temperature> <fieldStatus: ESMF_FIELDSTATUS_COMPLETE>
20260908 013302.944 INFO             PET3       OCN-TO-ATM: Run extro {ES}:! ! 0x7ffe608f08d0 => 0x1b1cd60 => 0x1ad7360
20260908 013302.944 INFO             PET3       OCN-TO-ATM: Run extro {ES}:! ! <typekind: Real*8> <rank:    2> <dimCount:    2>
20260908 013302.944 INFO             PET3       OCN-TO-ATM: Run extro {ES}:! ! ! --- Array::log() start -----------------------------------
20260908 013302.944 INFO             PET3       OCN-TO-ATM: Run extro {ES}:! ! ! 0x1ad95c0
20260908 013302.944 INFO             PET3       OCN-TO-ATM: Run extro {ES}:! ! ! <name: sea_surface_temperature>
20260908 013302.944 INFO             PET3       OCN-TO-ATM: Run extro {ES}:! ! ! ! --- DistGrid::log() start --------------------------------
20260908 013302.944 INFO             PET3       OCN-TO-ATM: Run extro {ES}:! ! ! ! 0x1ad9f20
20260908 013302.944 INFO             PET3       OCN-TO-ATM: Run extro {ES}:! ! ! ! DistGrid object is valid!<name: DG-Grid003-sloc:0>
20260908 013302.944 INFO             PET3       OCN-TO-ATM: Run extro {ES}:! ! ! ! --- DistGrid::log() end ----------------------------------
20260908 013302.945 INFO             PET3       OCN-TO-ATM: Run extro {ES}:! ! ! --- Array::log() end -------------------------------------
20260908 013302.945 INFO             PET3       OCN-TO-ATM: Run extro {ES}:! !--- FieldLog() end -------------------
20260908 013302.945 INFO             PET3       OCN-TO-ATM: Run extro {ES}:--- StateLog() end -------------------
20260908 013302.945 INFO             PET3     OCN-TO-ATM: Run extro.
20260908 013302.945 INFO             PET3     OCN: Run intro.
20260908 013302.945 INFO             PET3       OCN: Run intro {IS}:--- StateLog() start -----------------
20260908 013302.945 INFO             PET3       OCN: Run intro {IS}:<name: OCN-ImportState> <intent: ESMF_STATEINTENT_IMPORT> <itemCount:    0>
20260908 013302.945 INFO             PET3       OCN: Run intro {IS}:--- StateLog() end -------------------
20260908 013302.945 INFO             PET3       OCN: Run intro {ES}:--- StateLog() start -----------------
20260908 013302.945 INFO             PET3       OCN: Run intro {ES}:<name: OCN-ExportState> <intent: ESMF_STATEINTENT_EXPORT> <itemCount:    1>
20260908 013302.945 INFO             PET3       OCN: Run intro {ES}:+-<item: 0001> <itemType: Field> <itemName: sst>
20260908 013302.945 INFO             PET3       OCN: Run intro {ES}:!--- FieldLog() start -----------------
20260908 013302.945 INFO             PET3       OCN: Run intro {ES}:! <name: sst> <fieldStatus: ESMF_FIELDSTATUS_COMPLETE>
20260908 013302.945 INFO             PET3       OCN: Run intro {ES}:! 0x7ffe608f0710 => 0x1a7e7c0 => 0x1a7cca0
20260908 013302.945 INFO             PET3       OCN: Run intro {ES}:! <typekind: Real*8> <rank:    2> <dimCount:    2>
20260908 013302.945 INFO             PET3       OCN: Run intro {ES}:! ! --- Array::log() start -----------------------------------
20260908 013302.945 INFO             PET3       OCN: Run intro {ES}:! ! 0x1a80bc0
20260908 013302.945 INFO             PET3       OCN: Run intro {ES}:! ! <name: sst>
20260908 013302.946 INFO             PET3       OCN: Run intro {ES}:! ! ! --- DistGrid::log() start --------------------------------
20260908 013302.946 INFO             PET3       OCN: Run intro {ES}:! ! ! 0x1a7bc70
20260908 013302.946 INFO             PET3       OCN: Run intro {ES}:! ! ! DistGrid object is valid!<name: DG-Grid003-sloc:0>
20260908 013302.946 INFO             PET3       OCN: Run intro {ES}:! ! ! --- DistGrid::log() end ----------------------------------
20260908 013302.946 INFO             PET3       OCN: Run intro {ES}:! ! --- Array::log() end -------------------------------------
20260908 013302.946 INFO             PET3       OCN: Run intro {ES}:!--- FieldLog() end -------------------
20260908 013302.946 INFO             PET3       OCN: Run intro {ES}:--- StateLog() end -------------------
20260908 013302.946 INFO             PET3       >>>OCN: entered Run (phase=RunPhase1) with current time: 2010  6  1  0 15  0   0
20260908 013302.946 INFO             PET3       OCN: time step-loop starting, current time: 2010  6  1  0 15  0   0
20260908 013302.946 INFO             PET3       ------>Advancing OCN from: 2010  6  1  0 15  0   0
20260908 013302.946 INFO             PET3       ---------------------> to: 2010  6  1  0 20  0   0
20260908 013302.946 INFO             PET3       OCN: time step-loop ending,   current time: 2010  6  1  0 20  0   0
20260908 013302.946 INFO             PET3       OCN: time step-loop starting, current time: 2010  6  1  0 20  0   0
20260908 013302.947 INFO             PET3       ------>Advancing OCN from: 2010  6  1  0 20  0   0
20260908 013302.947 INFO             PET3       ---------------------> to: 2010  6  1  0 25  0   0
20260908 013302.947 INFO             PET3       OCN: time step-loop ending,   current time: 2010  6  1  0 25  0   0
20260908 013302.947 INFO             PET3       OCN: time step-loop starting, current time: 2010  6  1  0 25  0   0
20260908 013302.947 INFO             PET3       ------>Advancing OCN from: 2010  6  1  0 25  0   0
20260908 013302.947 INFO             PET3       ---------------------> to: 2010  6  1  0 30  0   0
20260908 013302.947 INFO             PET3       OCN: time step-loop ending,   current time: 2010  6  1  0 30  0   0
20260908 013302.947 INFO             PET3       <<<OCN: leaving Run (phase=RunPhase1) with current time: 2010  6  1  0 30  0   0
20260908 013302.947 INFO             PET3       OCN: Run extro {IS}:--- StateLog() start -----------------
20260908 013302.948 INFO             PET3       OCN: Run extro {IS}:<name: OCN-ImportState> <intent: ESMF_STATEINTENT_IMPORT> <itemCount:    0>
20260908 013302.948 INFO             PET3       OCN: Run extro {IS}:--- StateLog() end -------------------
20260908 013302.948 INFO             PET3       OCN: Run extro {ES}:--- StateLog() start -----------------
20260908 013302.948 INFO             PET3       OCN: Run extro {ES}:<name: OCN-ExportState> <intent: ESMF_STATEINTENT_EXPORT> <itemCount:    1>
20260908 013302.948 INFO             PET3       OCN: Run extro {ES}:+-<item: 0001> <itemType: Field> <itemName: sst>
20260908 013302.948 INFO             PET3       OCN: Run extro {ES}:!--- FieldLog() start -----------------
20260908 013302.948 INFO             PET3       OCN: Run extro {ES}:! <name: sst> <fieldStatus: ESMF_FIELDSTATUS_COMPLETE>
20260908 013302.948 INFO             PET3       OCN: Run extro {ES}:! 0x7ffe608f08e0 => 0x1a7e7c0 => 0x1a7cca0
20260908 013302.948 INFO             PET3       OCN: Run extro {ES}:! <typekind: Real*8> <rank:    2> <dimCount:    2>
20260908 013302.948 INFO             PET3       OCN: Run extro {ES}:! ! --- Array::log() start -----------------------------------
20260908 013302.948 INFO             PET3       OCN: Run extro {ES}:! ! 0x1a80bc0
20260908 013302.948 INFO             PET3       OCN: Run extro {ES}:! ! <name: sst>
20260908 013302.948 INFO             PET3       OCN: Run extro {ES}:! ! ! --- DistGrid::log() start --------------------------------
20260908 013302.948 INFO             PET3       OCN: Run extro {ES}:! ! ! 0x1a7bc70
20260908 013302.948 INFO             PET3       OCN: Run extro {ES}:! ! ! DistGrid object is valid!<name: DG-Grid003-sloc:0>
20260908 013302.948 INFO             PET3       OCN: Run extro {ES}:! ! ! --- DistGrid::log() end ----------------------------------
20260908 013302.948 INFO             PET3       OCN: Run extro {ES}:! ! --- Array::log() end -------------------------------------
20260908 013302.948 INFO             PET3       OCN: Run extro {ES}:!--- FieldLog() end -------------------
20260908 013302.948 INFO             PET3       OCN: Run extro {ES}:--- StateLog() end -------------------
20260908 013302.948 INFO             PET3     OCN: Run extro.
20260908 013302.948 INFO             PET3     esm: RunSequence event loopLevel=   1  levelMember=   1  loopIteration=   3, current time: 2010  6  1  0 30  0   0
20260908 013302.948 INFO             PET3     ATM-TO-OCN: Run intro.
20260908 013302.949 INFO             PET3       ATM-TO-OCN: Run intro {IS}:--- StateLog() start -----------------
20260908 013302.949 INFO             PET3       ATM-TO-OCN: Run intro {IS}:<name: ATM-ExportState> <intent: ESMF_STATEINTENT_EXPORT> <itemCount:    0>
20260908 013302.949 INFO             PET3       ATM-TO-OCN: Run intro {IS}:--- StateLog() end -------------------
20260908 013302.949 INFO             PET3       ATM-TO-OCN: Run intro {ES}:--- StateLog() start -----------------
20260908 013302.949 INFO             PET3       ATM-TO-OCN: Run intro {ES}:<name: OCN-ImportState> <intent: ESMF_STATEINTENT_IMPORT> <itemCount:    0>
20260908 013302.949 INFO             PET3       ATM-TO-OCN: Run intro {ES}:--- StateLog() end -------------------
20260908 013302.949 INFO             PET3       >>>ATM-TO-OCN entered Run (phase=RunPhase1)
20260908 013302.949 INFO             PET3       ATM-TO-OCN: called default RouteHandle execution
20260908 013302.949 INFO             PET3       <<<ATM-TO-OCN leaving Run (phase=RunPhase1)
20260908 013302.949 INFO             PET3       ATM-TO-OCN: Run extro {IS}:--- StateLog() start -----------------
20260908 013302.949 INFO             PET3       ATM-TO-OCN: Run extro {IS}:<name: ATM-ExportState> <intent: ESMF_STATEINTENT_EXPORT> <itemCount:    0>
20260908 013302.949 INFO             PET3       ATM-TO-OCN: Run extro {IS}:--- StateLog() end -------------------
20260908 013302.949 INFO             PET3       ATM-TO-OCN: Run extro {ES}:--- StateLog() start -----------------
20260908 013302.949 INFO             PET3       ATM-TO-OCN: Run extro {ES}:<name: OCN-ImportState> <intent: ESMF_STATEINTENT_IMPORT> <itemCount:    0>
20260908 013302.949 INFO             PET3       ATM-TO-OCN: Run extro {ES}:--- StateLog() end -------------------
20260908 013302.949 INFO             PET3     ATM-TO-OCN: Run extro.
20260908 013302.949 INFO             PET3     OCN-TO-ATM: Run intro.
20260908 013302.949 INFO             PET3       OCN-TO-ATM: Run intro {IS}:--- StateLog() start -----------------
20260908 013302.949 INFO             PET3       OCN-TO-ATM: Run intro {IS}:<name: OCN-ExportState> <intent: ESMF_STATEINTENT_EXPORT> <itemCount:    1>
20260908 013302.949 INFO             PET3       OCN-TO-ATM: Run intro {IS}:+-<item: 0001> <itemType: Field> <itemName: sst>
20260908 013302.949 INFO             PET3       OCN-TO-ATM: Run intro {IS}:!--- FieldLog() start -----------------
20260908 013302.949 INFO             PET3       OCN-TO-ATM: Run intro {IS}:! <name: sst> <fieldStatus: ESMF_FIELDSTATUS_COMPLETE>
20260908 013302.949 INFO             PET3       OCN-TO-ATM: Run intro {IS}:! 0x7ffe608f1ef0 => 0x1a7e7c0 => 0x1a7cca0
20260908 013302.949 INFO             PET3       OCN-TO-ATM: Run intro {IS}:! <typekind: Real*8> <rank:    2> <dimCount:    2>
20260908 013302.949 INFO             PET3       OCN-TO-ATM: Run intro {IS}:! ! --- Array::log() start -----------------------------------
20260908 013302.949 INFO             PET3       OCN-TO-ATM: Run intro {IS}:! ! 0x1a80bc0
20260908 013302.950 INFO             PET3       OCN-TO-ATM: Run intro {IS}:! ! <name: sst>
20260908 013302.950 INFO             PET3       OCN-TO-ATM: Run intro {IS}:! ! ! --- DistGrid::log() start --------------------------------
20260908 013302.950 INFO             PET3       OCN-TO-ATM: Run intro {IS}:! ! ! 0x1a7bc70
20260908 013302.950 INFO             PET3       OCN-TO-ATM: Run intro {IS}:! ! ! DistGrid object is valid!<name: DG-Grid003-sloc:0>
20260908 013302.950 INFO             PET3       OCN-TO-ATM: Run intro {IS}:! ! ! --- DistGrid::log() end ----------------------------------
20260908 013302.950 INFO             PET3       OCN-TO-ATM: Run intro {IS}:! ! --- Array::log() end -------------------------------------
20260908 013302.950 INFO             PET3       OCN-TO-ATM: Run intro {IS}:!--- FieldLog() end -------------------
20260908 013302.950 INFO             PET3       OCN-TO-ATM: Run intro {IS}:--- StateLog() end -------------------
20260908 013302.950 INFO             PET3       OCN-TO-ATM: Run intro {ES}:--- StateLog() start -----------------
20260908 013302.950 INFO             PET3       OCN-TO-ATM: Run intro {ES}:<name: ATM-ImportState> <intent: ESMF_STATEINTENT_IMPORT> <itemCount:    1>
20260908 013302.950 INFO             PET3       OCN-TO-ATM: Run intro {ES}:+-<item: 0001> <itemType: State> <itemName: ATM-ImportState-namespace:OCN>
20260908 013302.950 INFO             PET3       OCN-TO-ATM: Run intro {ES}:! <name: ATM-ImportState-namespace:OCN> <intent: ESMF_STATEINTENT_IMPORT> <itemCount:    1>
20260908 013302.950 INFO             PET3       OCN-TO-ATM: Run intro {ES}:! +-<item: 0001> <itemType: Field> <itemName: sea_surface_temperature>
20260908 013302.950 INFO             PET3       OCN-TO-ATM: Run intro {ES}:! !--- FieldLog() start -----------------
20260908 013302.950 INFO             PET3       OCN-TO-ATM: Run intro {ES}:! ! <name: sea_surface_temperature> <fieldStatus: ESMF_FIELDSTATUS_COMPLETE>
20260908 013302.950 INFO             PET3       OCN-TO-ATM: Run intro {ES}:! ! 0x7ffe608f0700 => 0x1b1cd60 => 0x1ad7360
20260908 013302.950 INFO             PET3       OCN-TO-ATM: Run intro {ES}:! ! <typekind: Real*8> <rank:    2> <dimCount:    2>
20260908 013302.950 INFO             PET3       OCN-TO-ATM: Run intro {ES}:! ! ! --- Array::log() start -----------------------------------
20260908 013302.950 INFO             PET3       OCN-TO-ATM: Run intro {ES}:! ! ! 0x1ad95c0
20260908 013302.950 INFO             PET3       OCN-TO-ATM: Run intro {ES}:! ! ! <name: sea_surface_temperature>
20260908 013302.950 INFO             PET3       OCN-TO-ATM: Run intro {ES}:! ! ! ! --- DistGrid::log() start --------------------------------
20260908 013302.950 INFO             PET3       OCN-TO-ATM: Run intro {ES}:! ! ! ! 0x1ad9f20
20260908 013302.950 INFO             PET3       OCN-TO-ATM: Run intro {ES}:! ! ! ! DistGrid object is valid!<name: DG-Grid003-sloc:0>
20260908 013302.950 INFO             PET3       OCN-TO-ATM: Run intro {ES}:! ! ! ! --- DistGrid::log() end ----------------------------------
20260908 013302.950 INFO             PET3       OCN-TO-ATM: Run intro {ES}:! ! ! --- Array::log() end -------------------------------------
20260908 013302.950 INFO             PET3       OCN-TO-ATM: Run intro {ES}:! !--- FieldLog() end -------------------
20260908 013302.950 INFO             PET3       OCN-TO-ATM: Run intro {ES}:--- StateLog() end -------------------
20260908 013302.950 INFO             PET3       >>>OCN-TO-ATM entered Run (phase=RunPhase1)
20260908 013302.951 INFO             PET3       OCN-TO-ATM: called default RouteHandle execution
20260908 013302.951 INFO             PET3       <<<OCN-TO-ATM leaving Run (phase=RunPhase1)
20260908 013302.951 INFO             PET3       OCN-TO-ATM: Run extro {IS}:--- StateLog() start -----------------
20260908 013302.951 INFO             PET3       OCN-TO-ATM: Run extro {IS}:<name: OCN-ExportState> <intent: ESMF_STATEINTENT_EXPORT> <itemCount:    1>
20260908 013302.951 INFO             PET3       OCN-TO-ATM: Run extro {IS}:+-<item: 0001> <itemType: Field> <itemName: sst>
20260908 013302.951 INFO             PET3       OCN-TO-ATM: Run extro {IS}:!--- FieldLog() start -----------------
20260908 013302.951 INFO             PET3       OCN-TO-ATM: Run extro {IS}:! <name: sst> <fieldStatus: ESMF_FIELDSTATUS_COMPLETE>
20260908 013302.951 INFO             PET3       OCN-TO-ATM: Run extro {IS}:! 0x7ffe608f20c0 => 0x1a7e7c0 => 0x1a7cca0
20260908 013302.951 INFO             PET3       OCN-TO-ATM: Run extro {IS}:! <typekind: Real*8> <rank:    2> <dimCount:    2>
20260908 013302.951 INFO             PET3       OCN-TO-ATM: Run extro {IS}:! ! --- Array::log() start -----------------------------------
20260908 013302.951 INFO             PET3       OCN-TO-ATM: Run extro {IS}:! ! 0x1a80bc0
20260908 013302.951 INFO             PET3       OCN-TO-ATM: Run extro {IS}:! ! <name: sst>
20260908 013302.951 INFO             PET3       OCN-TO-ATM: Run extro {IS}:! ! ! --- DistGrid::log() start --------------------------------
20260908 013302.951 INFO             PET3       OCN-TO-ATM: Run extro {IS}:! ! ! 0x1a7bc70
20260908 013302.951 INFO             PET3       OCN-TO-ATM: Run extro {IS}:! ! ! DistGrid object is valid!<name: DG-Grid003-sloc:0>
20260908 013302.951 INFO             PET3       OCN-TO-ATM: Run extro {IS}:! ! ! --- DistGrid::log() end ----------------------------------
20260908 013302.951 INFO             PET3       OCN-TO-ATM: Run extro {IS}:! ! --- Array::log() end -------------------------------------
20260908 013302.951 INFO             PET3       OCN-TO-ATM: Run extro {IS}:!--- FieldLog() end -------------------
20260908 013302.951 INFO             PET3       OCN-TO-ATM: Run extro {IS}:--- StateLog() end -------------------
20260908 013302.951 INFO             PET3       OCN-TO-ATM: Run extro {ES}:--- StateLog() start -----------------
20260908 013302.951 INFO             PET3       OCN-TO-ATM: Run extro {ES}:<name: ATM-ImportState> <intent: ESMF_STATEINTENT_IMPORT> <itemCount:    1>
20260908 013302.951 INFO             PET3       OCN-TO-ATM: Run extro {ES}:+-<item: 0001> <itemType: State> <itemName: ATM-ImportState-namespace:OCN>
20260908 013302.951 INFO             PET3       OCN-TO-ATM: Run extro {ES}:! <name: ATM-ImportState-namespace:OCN> <intent: ESMF_STATEINTENT_IMPORT> <itemCount:    1>
20260908 013302.951 INFO             PET3       OCN-TO-ATM: Run extro {ES}:! +-<item: 0001> <itemType: Field> <itemName: sea_surface_temperature>
20260908 013302.951 INFO             PET3       OCN-TO-ATM: Run extro {ES}:! !--- FieldLog() start -----------------
20260908 013302.951 INFO             PET3       OCN-TO-ATM: Run extro {ES}:! ! <name: sea_surface_temperature> <fieldStatus: ESMF_FIELDSTATUS_COMPLETE>
20260908 013302.951 INFO             PET3       OCN-TO-ATM: Run extro {ES}:! ! 0x7ffe608f08d0 => 0x1b1cd60 => 0x1ad7360
20260908 013302.951 INFO             PET3       OCN-TO-ATM: Run extro {ES}:! ! <typekind: Real*8> <rank:    2> <dimCount:    2>
20260908 013302.952 INFO             PET3       OCN-TO-ATM: Run extro {ES}:! ! ! --- Array::log() start -----------------------------------
20260908 013302.952 INFO             PET3       OCN-TO-ATM: Run extro {ES}:! ! ! 0x1ad95c0
20260908 013302.952 INFO             PET3       OCN-TO-ATM: Run extro {ES}:! ! ! <name: sea_surface_temperature>
20260908 013302.952 INFO             PET3       OCN-TO-ATM: Run extro {ES}:! ! ! ! --- DistGrid::log() start --------------------------------
20260908 013302.952 INFO             PET3       OCN-TO-ATM: Run extro {ES}:! ! ! ! 0x1ad9f20
20260908 013302.952 INFO             PET3       OCN-TO-ATM: Run extro {ES}:! ! ! ! DistGrid object is valid!<name: DG-Grid003-sloc:0>
20260908 013302.952 INFO             PET3       OCN-TO-ATM: Run extro {ES}:! ! ! ! --- DistGrid::log() end ----------------------------------
20260908 013302.952 INFO             PET3       OCN-TO-ATM: Run extro {ES}:! ! ! --- Array::log() end -------------------------------------
20260908 013302.952 INFO             PET3       OCN-TO-ATM: Run extro {ES}:! !--- FieldLog() end -------------------
20260908 013302.952 INFO             PET3       OCN-TO-ATM: Run extro {ES}:--- StateLog() end -------------------
20260908 013302.952 INFO             PET3     OCN-TO-ATM: Run extro.
20260908 013302.952 INFO             PET3     OCN: Run intro.
20260908 013302.952 INFO             PET3       OCN: Run intro {IS}:--- StateLog() start -----------------
20260908 013302.952 INFO             PET3       OCN: Run intro {IS}:<name: OCN-ImportState> <intent: ESMF_STATEINTENT_IMPORT> <itemCount:    0>
20260908 013302.952 INFO             PET3       OCN: Run intro {IS}:--- StateLog() end -------------------
20260908 013302.952 INFO             PET3       OCN: Run intro {ES}:--- StateLog() start -----------------
20260908 013302.952 INFO             PET3       OCN: Run intro {ES}:<name: OCN-ExportState> <intent: ESMF_STATEINTENT_EXPORT> <itemCount:    1>
20260908 013302.952 INFO             PET3       OCN: Run intro {ES}:+-<item: 0001> <itemType: Field> <itemName: sst>
20260908 013302.952 INFO             PET3       OCN: Run intro {ES}:!--- FieldLog() start -----------------
20260908 013302.952 INFO             PET3       OCN: Run intro {ES}:! <name: sst> <fieldStatus: ESMF_FIELDSTATUS_COMPLETE>
20260908 013302.953 INFO             PET3       OCN: Run intro {ES}:! 0x7ffe608f0710 => 0x1a7e7c0 => 0x1a7cca0
20260908 013302.953 INFO             PET3       OCN: Run intro {ES}:! <typekind: Real*8> <rank:    2> <dimCount:    2>
20260908 013302.953 INFO             PET3       OCN: Run intro {ES}:! ! --- Array::log() start -----------------------------------
20260908 013302.953 INFO             PET3       OCN: Run intro {ES}:! ! 0x1a80bc0
20260908 013302.953 INFO             PET3       OCN: Run intro {ES}:! ! <name: sst>
20260908 013302.953 INFO             PET3       OCN: Run intro {ES}:! ! ! --- DistGrid::log() start --------------------------------
20260908 013302.953 INFO             PET3       OCN: Run intro {ES}:! ! ! 0x1a7bc70
20260908 013302.953 INFO             PET3       OCN: Run intro {ES}:! ! ! DistGrid object is valid!<name: DG-Grid003-sloc:0>
20260908 013302.953 INFO             PET3       OCN: Run intro {ES}:! ! ! --- DistGrid::log() end ----------------------------------
20260908 013302.953 INFO             PET3       OCN: Run intro {ES}:! ! --- Array::log() end -------------------------------------
20260908 013302.953 INFO             PET3       OCN: Run intro {ES}:!--- FieldLog() end -------------------
20260908 013302.953 INFO             PET3       OCN: Run intro {ES}:--- StateLog() end -------------------
20260908 013302.953 INFO             PET3       >>>OCN: entered Run (phase=RunPhase1) with current time: 2010  6  1  0 30  0   0
20260908 013302.953 INFO             PET3       OCN: time step-loop starting, current time: 2010  6  1  0 30  0   0
20260908 013302.953 INFO             PET3       ------>Advancing OCN from: 2010  6  1  0 30  0   0
20260908 013302.953 INFO             PET3       ---------------------> to: 2010  6  1  0 35  0   0
20260908 013302.954 INFO             PET3       OCN: time step-loop ending,   current time: 2010  6  1  0 35  0   0
20260908 013302.954 INFO             PET3       OCN: time step-loop starting, current time: 2010  6  1  0 35  0   0
20260908 013302.954 INFO             PET3       ------>Advancing OCN from: 2010  6  1  0 35  0   0
20260908 013302.954 INFO             PET3       ---------------------> to: 2010  6  1  0 40  0   0
20260908 013302.954 INFO             PET3       OCN: time step-loop ending,   current time: 2010  6  1  0 40  0   0
20260908 013302.954 INFO             PET3       OCN: time step-loop starting, current time: 2010  6  1  0 40  0   0
20260908 013302.954 INFO             PET3       ------>Advancing OCN from: 2010  6  1  0 40  0   0
20260908 013302.954 INFO             PET3       ---------------------> to: 2010  6  1  0 45  0   0
20260908 013302.955 INFO             PET3       OCN: time step-loop ending,   current time: 2010  6  1  0 45  0   0
20260908 013302.955 INFO             PET3       <<<OCN: leaving Run (phase=RunPhase1) with current time: 2010  6  1  0 45  0   0
20260908 013302.955 INFO             PET3       OCN: Run extro {IS}:--- StateLog() start -----------------
20260908 013302.955 INFO             PET3       OCN: Run extro {IS}:<name: OCN-ImportState> <intent: ESMF_STATEINTENT_IMPORT> <itemCount:    0>
20260908 013302.955 INFO             PET3       OCN: Run extro {IS}:--- StateLog() end -------------------
20260908 013302.955 INFO             PET3       OCN: Run extro {ES}:--- StateLog() start -----------------
20260908 013302.955 INFO             PET3       OCN: Run extro {ES}:<name: OCN-ExportState> <intent: ESMF_STATEINTENT_EXPORT> <itemCount:    1>
20260908 013302.955 INFO             PET3       OCN: Run extro {ES}:+-<item: 0001> <itemType: Field> <itemName: sst>
20260908 013302.955 INFO             PET3       OCN: Run extro {ES}:!--- FieldLog() start -----------------
20260908 013302.955 INFO             PET3       OCN: Run extro {ES}:! <name: sst> <fieldStatus: ESMF_FIELDSTATUS_COMPLETE>
20260908 013302.955 INFO             PET3       OCN: Run extro {ES}:! 0x7ffe608f08e0 => 0x1a7e7c0 => 0x1a7cca0
20260908 013302.955 INFO             PET3       OCN: Run extro {ES}:! <typekind: Real*8> <rank:    2> <dimCount:    2>
20260908 013302.955 INFO             PET3       OCN: Run extro {ES}:! ! --- Array::log() start -----------------------------------
20260908 013302.955 INFO             PET3       OCN: Run extro {ES}:! ! 0x1a80bc0
20260908 013302.955 INFO             PET3       OCN: Run extro {ES}:! ! <name: sst>
20260908 013302.955 INFO             PET3       OCN: Run extro {ES}:! ! ! --- DistGrid::log() start --------------------------------
20260908 013302.955 INFO             PET3       OCN: Run extro {ES}:! ! ! 0x1a7bc70
20260908 013302.955 INFO             PET3       OCN: Run extro {ES}:! ! ! DistGrid object is valid!<name: DG-Grid003-sloc:0>
20260908 013302.955 INFO             PET3       OCN: Run extro {ES}:! ! ! --- DistGrid::log() end ----------------------------------
20260908 013302.955 INFO             PET3       OCN: Run extro {ES}:! ! --- Array::log() end -------------------------------------
20260908 013302.955 INFO             PET3       OCN: Run extro {ES}:!--- FieldLog() end -------------------
20260908 013302.955 INFO             PET3       OCN: Run extro {ES}:--- StateLog() end -------------------
20260908 013302.955 INFO             PET3     OCN: Run extro.
20260908 013302.955 INFO             PET3     esm: RunSequence event loopLevel=   1  levelMember=   1  loopIteration=   4, current time: 2010  6  1  0 45  0   0
20260908 013302.956 INFO             PET3     ATM-TO-OCN: Run intro.
20260908 013302.956 INFO             PET3       ATM-TO-OCN: Run intro {IS}:--- StateLog() start -----------------
20260908 013302.956 INFO             PET3       ATM-TO-OCN: Run intro {IS}:<name: ATM-ExportState> <intent: ESMF_STATEINTENT_EXPORT> <itemCount:    0>
20260908 013302.956 INFO             PET3       ATM-TO-OCN: Run intro {IS}:--- StateLog() end -------------------
20260908 013302.956 INFO             PET3       ATM-TO-OCN: Run intro {ES}:--- StateLog() start -----------------
20260908 013302.956 INFO             PET3       ATM-TO-OCN: Run intro {ES}:<name: OCN-ImportState> <intent: ESMF_STATEINTENT_IMPORT> <itemCount:    0>
20260908 013302.956 INFO             PET3       ATM-TO-OCN: Run intro {ES}:--- StateLog() end -------------------
20260908 013302.956 INFO             PET3       >>>ATM-TO-OCN entered Run (phase=RunPhase1)
20260908 013302.956 INFO             PET3       ATM-TO-OCN: called default RouteHandle execution
20260908 013302.956 INFO             PET3       <<<ATM-TO-OCN leaving Run (phase=RunPhase1)
20260908 013302.956 INFO             PET3       ATM-TO-OCN: Run extro {IS}:--- StateLog() start -----------------
20260908 013302.956 INFO             PET3       ATM-TO-OCN: Run extro {IS}:<name: ATM-ExportState> <intent: ESMF_STATEINTENT_EXPORT> <itemCount:    0>
20260908 013302.956 INFO             PET3       ATM-TO-OCN: Run extro {IS}:--- StateLog() end -------------------
20260908 013302.956 INFO             PET3       ATM-TO-OCN: Run extro {ES}:--- StateLog() start -----------------
20260908 013302.956 INFO             PET3       ATM-TO-OCN: Run extro {ES}:<name: OCN-ImportState> <intent: ESMF_STATEINTENT_IMPORT> <itemCount:    0>
20260908 013302.956 INFO             PET3       ATM-TO-OCN: Run extro {ES}:--- StateLog() end -------------------
20260908 013302.956 INFO             PET3     ATM-TO-OCN: Run extro.
20260908 013302.956 INFO             PET3     OCN-TO-ATM: Run intro.
20260908 013302.956 INFO             PET3       OCN-TO-ATM: Run intro {IS}:--- StateLog() start -----------------
20260908 013302.956 INFO             PET3       OCN-TO-ATM: Run intro {IS}:<name: OCN-ExportState> <intent: ESMF_STATEINTENT_EXPORT> <itemCount:    1>
20260908 013302.957 INFO             PET3       OCN-TO-ATM: Run intro {IS}:+-<item: 0001> <itemType: Field> <itemName: sst>
20260908 013302.957 INFO             PET3       OCN-TO-ATM: Run intro {IS}:!--- FieldLog() start -----------------
20260908 013302.957 INFO             PET3       OCN-TO-ATM: Run intro {IS}:! <name: sst> <fieldStatus: ESMF_FIELDSTATUS_COMPLETE>
20260908 013302.957 INFO             PET3       OCN-TO-ATM: Run intro {IS}:! 0x7ffe608f1ef0 => 0x1a7e7c0 => 0x1a7cca0
20260908 013302.957 INFO             PET3       OCN-TO-ATM: Run intro {IS}:! <typekind: Real*8> <rank:    2> <dimCount:    2>
20260908 013302.957 INFO             PET3       OCN-TO-ATM: Run intro {IS}:! ! --- Array::log() start -----------------------------------
20260908 013302.957 INFO             PET3       OCN-TO-ATM: Run intro {IS}:! ! 0x1a80bc0
20260908 013302.957 INFO             PET3       OCN-TO-ATM: Run intro {IS}:! ! <name: sst>
20260908 013302.957 INFO             PET3       OCN-TO-ATM: Run intro {IS}:! ! ! --- DistGrid::log() start --------------------------------
20260908 013302.957 INFO             PET3       OCN-TO-ATM: Run intro {IS}:! ! ! 0x1a7bc70
20260908 013302.957 INFO             PET3       OCN-TO-ATM: Run intro {IS}:! ! ! DistGrid object is valid!<name: DG-Grid003-sloc:0>
20260908 013302.957 INFO             PET3       OCN-TO-ATM: Run intro {IS}:! ! ! --- DistGrid::log() end ----------------------------------
20260908 013302.957 INFO             PET3       OCN-TO-ATM: Run intro {IS}:! ! --- Array::log() end -------------------------------------
20260908 013302.957 INFO             PET3       OCN-TO-ATM: Run intro {IS}:!--- FieldLog() end -------------------
20260908 013302.957 INFO             PET3       OCN-TO-ATM: Run intro {IS}:--- StateLog() end -------------------
20260908 013302.957 INFO             PET3       OCN-TO-ATM: Run intro {ES}:--- StateLog() start -----------------
20260908 013302.957 INFO             PET3       OCN-TO-ATM: Run intro {ES}:<name: ATM-ImportState> <intent: ESMF_STATEINTENT_IMPORT> <itemCount:    1>
20260908 013302.957 INFO             PET3       OCN-TO-ATM: Run intro {ES}:+-<item: 0001> <itemType: State> <itemName: ATM-ImportState-namespace:OCN>
20260908 013302.957 INFO             PET3       OCN-TO-ATM: Run intro {ES}:! <name: ATM-ImportState-namespace:OCN> <intent: ESMF_STATEINTENT_IMPORT> <itemCount:    1>
20260908 013302.957 INFO             PET3       OCN-TO-ATM: Run intro {ES}:! +-<item: 0001> <itemType: Field> <itemName: sea_surface_temperature>
20260908 013302.957 INFO             PET3       OCN-TO-ATM: Run intro {ES}:! !--- FieldLog() start -----------------
20260908 013302.957 INFO             PET3       OCN-TO-ATM: Run intro {ES}:! ! <name: sea_surface_temperature> <fieldStatus: ESMF_FIELDSTATUS_COMPLETE>
20260908 013302.957 INFO             PET3       OCN-TO-ATM: Run intro {ES}:! ! 0x7ffe608f0700 => 0x1b1cd60 => 0x1ad7360
20260908 013302.957 INFO             PET3       OCN-TO-ATM: Run intro {ES}:! ! <typekind: Real*8> <rank:    2> <dimCount:    2>
20260908 013302.957 INFO             PET3       OCN-TO-ATM: Run intro {ES}:! ! ! --- Array::log() start -----------------------------------
20260908 013302.957 INFO             PET3       OCN-TO-ATM: Run intro {ES}:! ! ! 0x1ad95c0
20260908 013302.957 INFO             PET3       OCN-TO-ATM: Run intro {ES}:! ! ! <name: sea_surface_temperature>
20260908 013302.957 INFO             PET3       OCN-TO-ATM: Run intro {ES}:! ! ! ! --- DistGrid::log() start --------------------------------
20260908 013302.957 INFO             PET3       OCN-TO-ATM: Run intro {ES}:! ! ! ! 0x1ad9f20
20260908 013302.957 INFO             PET3       OCN-TO-ATM: Run intro {ES}:! ! ! ! DistGrid object is valid!<name: DG-Grid003-sloc:0>
20260908 013302.957 INFO             PET3       OCN-TO-ATM: Run intro {ES}:! ! ! ! --- DistGrid::log() end ----------------------------------
20260908 013302.957 INFO             PET3       OCN-TO-ATM: Run intro {ES}:! ! ! --- Array::log() end -------------------------------------
20260908 013302.957 INFO             PET3       OCN-TO-ATM: Run intro {ES}:! !--- FieldLog() end -------------------
20260908 013302.957 INFO             PET3       OCN-TO-ATM: Run intro {ES}:--- StateLog() end -------------------
20260908 013302.957 INFO             PET3       >>>OCN-TO-ATM entered Run (phase=RunPhase1)
20260908 013302.958 INFO             PET3       OCN-TO-ATM: called default RouteHandle execution
20260908 013302.958 INFO             PET3       <<<OCN-TO-ATM leaving Run (phase=RunPhase1)
20260908 013302.958 INFO             PET3       OCN-TO-ATM: Run extro {IS}:--- StateLog() start -----------------
20260908 013302.958 INFO             PET3       OCN-TO-ATM: Run extro {IS}:<name: OCN-ExportState> <intent: ESMF_STATEINTENT_EXPORT> <itemCount:    1>
20260908 013302.958 INFO             PET3       OCN-TO-ATM: Run extro {IS}:+-<item: 0001> <itemType: Field> <itemName: sst>
20260908 013302.958 INFO             PET3       OCN-TO-ATM: Run extro {IS}:!--- FieldLog() start -----------------
20260908 013302.958 INFO             PET3       OCN-TO-ATM: Run extro {IS}:! <name: sst> <fieldStatus: ESMF_FIELDSTATUS_COMPLETE>
20260908 013302.958 INFO             PET3       OCN-TO-ATM: Run extro {IS}:! 0x7ffe608f20c0 => 0x1a7e7c0 => 0x1a7cca0
20260908 013302.958 INFO             PET3       OCN-TO-ATM: Run extro {IS}:! <typekind: Real*8> <rank:    2> <dimCount:    2>
20260908 013302.958 INFO             PET3       OCN-TO-ATM: Run extro {IS}:! ! --- Array::log() start -----------------------------------
20260908 013302.958 INFO             PET3       OCN-TO-ATM: Run extro {IS}:! ! 0x1a80bc0
20260908 013302.958 INFO             PET3       OCN-TO-ATM: Run extro {IS}:! ! <name: sst>
20260908 013302.958 INFO             PET3       OCN-TO-ATM: Run extro {IS}:! ! ! --- DistGrid::log() start --------------------------------
20260908 013302.958 INFO             PET3       OCN-TO-ATM: Run extro {IS}:! ! ! 0x1a7bc70
20260908 013302.958 INFO             PET3       OCN-TO-ATM: Run extro {IS}:! ! ! DistGrid object is valid!<name: DG-Grid003-sloc:0>
20260908 013302.958 INFO             PET3       OCN-TO-ATM: Run extro {IS}:! ! ! --- DistGrid::log() end ----------------------------------
20260908 013302.958 INFO             PET3       OCN-TO-ATM: Run extro {IS}:! ! --- Array::log() end -------------------------------------
20260908 013302.958 INFO             PET3       OCN-TO-ATM: Run extro {IS}:!--- FieldLog() end -------------------
20260908 013302.958 INFO             PET3       OCN-TO-ATM: Run extro {IS}:--- StateLog() end -------------------
20260908 013302.958 INFO             PET3       OCN-TO-ATM: Run extro {ES}:--- StateLog() start -----------------
20260908 013302.958 INFO             PET3       OCN-TO-ATM: Run extro {ES}:<name: ATM-ImportState> <intent: ESMF_STATEINTENT_IMPORT> <itemCount:    1>
20260908 013302.958 INFO             PET3       OCN-TO-ATM: Run extro {ES}:+-<item: 0001> <itemType: State> <itemName: ATM-ImportState-namespace:OCN>
20260908 013302.958 INFO             PET3       OCN-TO-ATM: Run extro {ES}:! <name: ATM-ImportState-namespace:OCN> <intent: ESMF_STATEINTENT_IMPORT> <itemCount:    1>
20260908 013302.959 INFO             PET3       OCN-TO-ATM: Run extro {ES}:! +-<item: 0001> <itemType: Field> <itemName: sea_surface_temperature>
20260908 013302.959 INFO             PET3       OCN-TO-ATM: Run extro {ES}:! !--- FieldLog() start -----------------
20260908 013302.959 INFO             PET3       OCN-TO-ATM: Run extro {ES}:! ! <name: sea_surface_temperature> <fieldStatus: ESMF_FIELDSTATUS_COMPLETE>
20260908 013302.959 INFO             PET3       OCN-TO-ATM: Run extro {ES}:! ! 0x7ffe608f08d0 => 0x1b1cd60 => 0x1ad7360
20260908 013302.959 INFO             PET3       OCN-TO-ATM: Run extro {ES}:! ! <typekind: Real*8> <rank:    2> <dimCount:    2>
20260908 013302.959 INFO             PET3       OCN-TO-ATM: Run extro {ES}:! ! ! --- Array::log() start -----------------------------------
20260908 013302.959 INFO             PET3       OCN-TO-ATM: Run extro {ES}:! ! ! 0x1ad95c0
20260908 013302.959 INFO             PET3       OCN-TO-ATM: Run extro {ES}:! ! ! <name: sea_surface_temperature>
20260908 013302.959 INFO             PET3       OCN-TO-ATM: Run extro {ES}:! ! ! ! --- DistGrid::log() start --------------------------------
20260908 013302.959 INFO             PET3       OCN-TO-ATM: Run extro {ES}:! ! ! ! 0x1ad9f20
20260908 013302.959 INFO             PET3       OCN-TO-ATM: Run extro {ES}:! ! ! ! DistGrid object is valid!<name: DG-Grid003-sloc:0>
20260908 013302.959 INFO             PET3       OCN-TO-ATM: Run extro {ES}:! ! ! ! --- DistGrid::log() end ----------------------------------
20260908 013302.959 INFO             PET3       OCN-TO-ATM: Run extro {ES}:! ! ! --- Array::log() end -------------------------------------
20260908 013302.959 INFO             PET3       OCN-TO-ATM: Run extro {ES}:! !--- FieldLog() end -------------------
20260908 013302.959 INFO             PET3       OCN-TO-ATM: Run extro {ES}:--- StateLog() end -------------------
20260908 013302.959 INFO             PET3     OCN-TO-ATM: Run extro.
20260908 013302.959 INFO             PET3     OCN: Run intro.
20260908 013302.959 INFO             PET3       OCN: Run intro {IS}:--- StateLog() start -----------------
20260908 013302.959 INFO             PET3       OCN: Run intro {IS}:<name: OCN-ImportState> <intent: ESMF_STATEINTENT_IMPORT> <itemCount:    0>
20260908 013302.959 INFO             PET3       OCN: Run intro {IS}:--- StateLog() end -------------------
20260908 013302.960 INFO             PET3       OCN: Run intro {ES}:--- StateLog() start -----------------
20260908 013302.960 INFO             PET3       OCN: Run intro {ES}:<name: OCN-ExportState> <intent: ESMF_STATEINTENT_EXPORT> <itemCount:    1>
20260908 013302.960 INFO             PET3       OCN: Run intro {ES}:+-<item: 0001> <itemType: Field> <itemName: sst>
20260908 013302.960 INFO             PET3       OCN: Run intro {ES}:!--- FieldLog() start -----------------
20260908 013302.960 INFO             PET3       OCN: Run intro {ES}:! <name: sst> <fieldStatus: ESMF_FIELDSTATUS_COMPLETE>
20260908 013302.960 INFO             PET3       OCN: Run intro {ES}:! 0x7ffe608f0710 => 0x1a7e7c0 => 0x1a7cca0
20260908 013302.960 INFO             PET3       OCN: Run intro {ES}:! <typekind: Real*8> <rank:    2> <dimCount:    2>
20260908 013302.960 INFO             PET3       OCN: Run intro {ES}:! ! --- Array::log() start -----------------------------------
20260908 013302.960 INFO             PET3       OCN: Run intro {ES}:! ! 0x1a80bc0
20260908 013302.960 INFO             PET3       OCN: Run intro {ES}:! ! <name: sst>
20260908 013302.960 INFO             PET3       OCN: Run intro {ES}:! ! ! --- DistGrid::log() start --------------------------------
20260908 013302.960 INFO             PET3       OCN: Run intro {ES}:! ! ! 0x1a7bc70
20260908 013302.960 INFO             PET3       OCN: Run intro {ES}:! ! ! DistGrid object is valid!<name: DG-Grid003-sloc:0>
20260908 013302.960 INFO             PET3       OCN: Run intro {ES}:! ! ! --- DistGrid::log() end ----------------------------------
20260908 013302.960 INFO             PET3       OCN: Run intro {ES}:! ! --- Array::log() end -------------------------------------
20260908 013302.960 INFO             PET3       OCN: Run intro {ES}:!--- FieldLog() end -------------------
20260908 013302.960 INFO             PET3       OCN: Run intro {ES}:--- StateLog() end -------------------
20260908 013302.960 INFO             PET3       >>>OCN: entered Run (phase=RunPhase1) with current time: 2010  6  1  0 45  0   0
20260908 013302.960 INFO             PET3       OCN: time step-loop starting, current time: 2010  6  1  0 45  0   0
20260908 013302.960 INFO             PET3       ------>Advancing OCN from: 2010  6  1  0 45  0   0
20260908 013302.960 INFO             PET3       ---------------------> to: 2010  6  1  0 50  0   0
20260908 013302.961 INFO             PET3       OCN: time step-loop ending,   current time: 2010  6  1  0 50  0   0
20260908 013302.961 INFO             PET3       OCN: time step-loop starting, current time: 2010  6  1  0 50  0   0
20260908 013302.961 INFO             PET3       ------>Advancing OCN from: 2010  6  1  0 50  0   0
20260908 013302.961 INFO             PET3       ---------------------> to: 2010  6  1  0 55  0   0
20260908 013302.961 INFO             PET3       OCN: time step-loop ending,   current time: 2010  6  1  0 55  0   0
20260908 013302.961 INFO             PET3       OCN: time step-loop starting, current time: 2010  6  1  0 55  0   0
20260908 013302.961 INFO             PET3       ------>Advancing OCN from: 2010  6  1  0 55  0   0
20260908 013302.961 INFO             PET3       ---------------------> to: 2010  6  1  1  0  0   0
20260908 013302.962 INFO             PET3       OCN: time step-loop ending,   current time: 2010  6  1  1  0  0   0
20260908 013302.962 INFO             PET3       <<<OCN: leaving Run (phase=RunPhase1) with current time: 2010  6  1  1  0  0   0
20260908 013302.962 INFO             PET3       OCN: Run extro {IS}:--- StateLog() start -----------------
20260908 013302.962 INFO             PET3       OCN: Run extro {IS}:<name: OCN-ImportState> <intent: ESMF_STATEINTENT_IMPORT> <itemCount:    0>
20260908 013302.962 INFO             PET3       OCN: Run extro {IS}:--- StateLog() end -------------------
20260908 013302.962 INFO             PET3       OCN: Run extro {ES}:--- StateLog() start -----------------
20260908 013302.962 INFO             PET3       OCN: Run extro {ES}:<name: OCN-ExportState> <intent: ESMF_STATEINTENT_EXPORT> <itemCount:    1>
20260908 013302.962 INFO             PET3       OCN: Run extro {ES}:+-<item: 0001> <itemType: Field> <itemName: sst>
20260908 013302.962 INFO             PET3       OCN: Run extro {ES}:!--- FieldLog() start -----------------
20260908 013302.962 INFO             PET3       OCN: Run extro {ES}:! <name: sst> <fieldStatus: ESMF_FIELDSTATUS_COMPLETE>
20260908 013302.962 INFO             PET3       OCN: Run extro {ES}:! 0x7ffe608f08e0 => 0x1a7e7c0 => 0x1a7cca0
20260908 013302.962 INFO             PET3       OCN: Run extro {ES}:! <typekind: Real*8> <rank:    2> <dimCount:    2>
20260908 013302.962 INFO             PET3       OCN: Run extro {ES}:! ! --- Array::log() start -----------------------------------
20260908 013302.962 INFO             PET3       OCN: Run extro {ES}:! ! 0x1a80bc0
20260908 013302.962 INFO             PET3       OCN: Run extro {ES}:! ! <name: sst>
20260908 013302.962 INFO             PET3       OCN: Run extro {ES}:! ! ! --- DistGrid::log() start --------------------------------
20260908 013302.962 INFO             PET3       OCN: Run extro {ES}:! ! ! 0x1a7bc70
20260908 013302.962 INFO             PET3       OCN: Run extro {ES}:! ! ! DistGrid object is valid!<name: DG-Grid003-sloc:0>
20260908 013302.962 INFO             PET3       OCN: Run extro {ES}:! ! ! --- DistGrid::log() end ----------------------------------
20260908 013302.962 INFO             PET3       OCN: Run extro {ES}:! ! --- Array::log() end -------------------------------------
20260908 013302.962 INFO             PET3       OCN: Run extro {ES}:!--- FieldLog() end -------------------
20260908 013302.962 INFO             PET3       OCN: Run extro {ES}:--- StateLog() end -------------------
20260908 013302.962 INFO             PET3     OCN: Run extro.
20260908 013302.962 INFO             PET3   esm: end <--------- RunSequence
20260908 013302.962 INFO             PET3   <<<esm: leaving Run (phase=RunPhase1) with current time: 2010  6  1  1  0  0   0
20260908 013302.962 INFO             PET3   esm: Run extro {IS}:--- StateLog() start -----------------
20260908 013302.962 INFO             PET3   esm: Run extro {IS}:State object is invalid! Not created or deleted!
20260908 013302.962 INFO             PET3   esm: Run extro {IS}:--- StateLog() end -------------------
20260908 013302.962 INFO             PET3   esm: Run extro {ES}:--- StateLog() start -----------------
20260908 013302.962 INFO             PET3   esm: Run extro {ES}:State object is invalid! Not created or deleted!
20260908 013302.962 INFO             PET3   esm: Run extro {ES}:--- StateLog() end -------------------
20260908 013302.963 INFO             PET3 esm: Run extro.
20260908 013302.963 INFO             PET3 esm: Finalize intro.
20260908 013302.963 INFO             PET3   esm: Finalize intro {IS}:--- StateLog() start -----------------
20260908 013302.963 INFO             PET3   esm: Finalize intro {IS}:State object is invalid! Not created or deleted!
20260908 013302.963 INFO             PET3   esm: Finalize intro {IS}:--- StateLog() end -------------------
20260908 013302.963 INFO             PET3   esm: Finalize intro {ES}:--- StateLog() start -----------------
20260908 013302.963 INFO             PET3   esm: Finalize intro {ES}:State object is invalid! Not created or deleted!
20260908 013302.963 INFO             PET3   esm: Finalize intro {ES}:--- StateLog() end -------------------
20260908 013302.963 INFO             PET3   >>>esm: entered Finalize (phase=FinalizePhase1) with current time: 2010  6  1  1  0  0   0
20260908 013302.963 INFO             PET3   Calling Finalize phase 1 for connectorComp: ATM-TO-OCN
20260908 013302.963 INFO             PET3   ATM-TO-OCN: Finalize intro.
20260908 013302.963 INFO             PET3     ATM-TO-OCN: Finalize intro {IS}:--- StateLog() start -----------------
20260908 013302.963 INFO             PET3     ATM-TO-OCN: Finalize intro {IS}:<name: ATM-ExportState> <intent: ESMF_STATEINTENT_EXPORT> <itemCount:    0>
20260908 013302.963 INFO             PET3     ATM-TO-OCN: Finalize intro {IS}:--- StateLog() end -------------------
20260908 013302.963 INFO             PET3     ATM-TO-OCN: Finalize intro {ES}:--- StateLog() start -----------------
20260908 013302.963 INFO             PET3     ATM-TO-OCN: Finalize intro {ES}:<name: OCN-ImportState> <intent: ESMF_STATEINTENT_IMPORT> <itemCount:    0>
20260908 013302.963 INFO             PET3     ATM-TO-OCN: Finalize intro {ES}:--- StateLog() end -------------------
20260908 013302.964 INFO             PET3     ATM-TO-OCN: called default label_ReleaseRouteHandle
20260908 013302.964 INFO             PET3     ATM-TO-OCN: Finalize extro {IS}:--- StateLog() start -----------------
20260908 013302.964 INFO             PET3     ATM-TO-OCN: Finalize extro {IS}:<name: ATM-ExportState> <intent: ESMF_STATEINTENT_EXPORT> <itemCount:    0>
20260908 013302.964 INFO             PET3     ATM-TO-OCN: Finalize extro {IS}:--- StateLog() end -------------------
20260908 013302.964 INFO             PET3     ATM-TO-OCN: Finalize extro {ES}:--- StateLog() start -----------------
20260908 013302.964 INFO             PET3     ATM-TO-OCN: Finalize extro {ES}:<name: OCN-ImportState> <intent: ESMF_STATEINTENT_IMPORT> <itemCount:    0>
20260908 013302.964 INFO             PET3     ATM-TO-OCN: Finalize extro {ES}:--- StateLog() end -------------------
20260908 013302.964 INFO             PET3   ATM-TO-OCN: Finalize extro.
20260908 013302.964 INFO             PET3   Calling Finalize phase 1 for connectorComp: OCN-TO-ATM
20260908 013302.964 INFO             PET3   OCN-TO-ATM: Finalize intro.
20260908 013302.964 INFO             PET3     OCN-TO-ATM: Finalize intro {IS}:--- StateLog() start -----------------
20260908 013302.964 INFO             PET3     OCN-TO-ATM: Finalize intro {IS}:<name: OCN-ExportState> <intent: ESMF_STATEINTENT_EXPORT> <itemCount:    1>
20260908 013302.964 INFO             PET3     OCN-TO-ATM: Finalize intro {IS}:+-<item: 0001> <itemType: Field> <itemName: sst>
20260908 013302.964 INFO             PET3     OCN-TO-ATM: Finalize intro {IS}:!--- FieldLog() start -----------------
20260908 013302.964 INFO             PET3     OCN-TO-ATM: Finalize intro {IS}:! <name: sst> <fieldStatus: ESMF_FIELDSTATUS_COMPLETE>
20260908 013302.964 INFO             PET3     OCN-TO-ATM: Finalize intro {IS}:! 0x7ffe608f1a60 => 0x1a7e7c0 => 0x1a7cca0
20260908 013302.964 INFO             PET3     OCN-TO-ATM: Finalize intro {IS}:! <typekind: Real*8> <rank:    2> <dimCount:    2>
20260908 013302.964 INFO             PET3     OCN-TO-ATM: Finalize intro {IS}:! ! --- Array::log() start -----------------------------------
20260908 013302.964 INFO             PET3     OCN-TO-ATM: Finalize intro {IS}:! ! 0x1a80bc0
20260908 013302.964 INFO             PET3     OCN-TO-ATM: Finalize intro {IS}:! ! <name: sst>
20260908 013302.964 INFO             PET3     OCN-TO-ATM: Finalize intro {IS}:! ! ! --- DistGrid::log() start --------------------------------
20260908 013302.964 INFO             PET3     OCN-TO-ATM: Finalize intro {IS}:! ! ! 0x1a7bc70
20260908 013302.964 INFO             PET3     OCN-TO-ATM: Finalize intro {IS}:! ! ! DistGrid object is valid!<name: DG-Grid003-sloc:0>
20260908 013302.965 INFO             PET3     OCN-TO-ATM: Finalize intro {IS}:! ! ! --- DistGrid::log() end ----------------------------------
20260908 013302.965 INFO             PET3     OCN-TO-ATM: Finalize intro {IS}:! ! --- Array::log() end -------------------------------------
20260908 013302.965 INFO             PET3     OCN-TO-ATM: Finalize intro {IS}:!--- FieldLog() end -------------------
20260908 013302.965 INFO             PET3     OCN-TO-ATM: Finalize intro {IS}:--- StateLog() end -------------------
20260908 013302.965 INFO             PET3     OCN-TO-ATM: Finalize intro {ES}:--- StateLog() start -----------------
20260908 013302.965 INFO             PET3     OCN-TO-ATM: Finalize intro {ES}:<name: ATM-ImportState> <intent: ESMF_STATEINTENT_IMPORT> <itemCount:    1>
20260908 013302.965 INFO             PET3     OCN-TO-ATM: Finalize intro {ES}:+-<item: 0001> <itemType: State> <itemName: ATM-ImportState-namespace:OCN>
20260908 013302.965 INFO             PET3     OCN-TO-ATM: Finalize intro {ES}:! <name: ATM-ImportState-namespace:OCN> <intent: ESMF_STATEINTENT_IMPORT> <itemCount:    1>
20260908 013302.965 INFO             PET3     OCN-TO-ATM: Finalize intro {ES}:! +-<item: 0001> <itemType: Field> <itemName: sea_surface_temperature>
20260908 013302.965 INFO             PET3     OCN-TO-ATM: Finalize intro {ES}:! !--- FieldLog() start -----------------
20260908 013302.965 INFO             PET3     OCN-TO-ATM: Finalize intro {ES}:! ! <name: sea_surface_temperature> <fieldStatus: ESMF_FIELDSTATUS_COMPLETE>
20260908 013302.965 INFO             PET3     OCN-TO-ATM: Finalize intro {ES}:! ! 0x7ffe608f0270 => 0x1b1cd60 => 0x1ad7360
20260908 013302.965 INFO             PET3     OCN-TO-ATM: Finalize intro {ES}:! ! <typekind: Real*8> <rank:    2> <dimCount:    2>
20260908 013302.965 INFO             PET3     OCN-TO-ATM: Finalize intro {ES}:! ! ! --- Array::log() start -----------------------------------
20260908 013302.965 INFO             PET3     OCN-TO-ATM: Finalize intro {ES}:! ! ! 0x1ad95c0
20260908 013302.965 INFO             PET3     OCN-TO-ATM: Finalize intro {ES}:! ! ! <name: sea_surface_temperature>
20260908 013302.965 INFO             PET3     OCN-TO-ATM: Finalize intro {ES}:! ! ! ! --- DistGrid::log() start --------------------------------
20260908 013302.965 INFO             PET3     OCN-TO-ATM: Finalize intro {ES}:! ! ! ! 0x1ad9f20
20260908 013302.965 INFO             PET3     OCN-TO-ATM: Finalize intro {ES}:! ! ! ! DistGrid object is valid!<name: DG-Grid003-sloc:0>
20260908 013302.965 INFO             PET3     OCN-TO-ATM: Finalize intro {ES}:! ! ! ! --- DistGrid::log() end ----------------------------------
20260908 013302.965 INFO             PET3     OCN-TO-ATM: Finalize intro {ES}:! ! ! --- Array::log() end -------------------------------------
20260908 013302.965 INFO             PET3     OCN-TO-ATM: Finalize intro {ES}:! !--- FieldLog() end -------------------
20260908 013302.965 INFO             PET3     OCN-TO-ATM: Finalize intro {ES}:--- StateLog() end -------------------
20260908 013302.965 INFO             PET3     OCN-TO-ATM: called default label_ReleaseRouteHandle
20260908 013302.965 INFO             PET3     OCN-TO-ATM: Finalize extro {IS}:--- StateLog() start -----------------
20260908 013302.965 INFO             PET3     OCN-TO-ATM: Finalize extro {IS}:<name: OCN-ExportState> <intent: ESMF_STATEINTENT_EXPORT> <itemCount:    1>
20260908 013302.965 INFO             PET3     OCN-TO-ATM: Finalize extro {IS}:+-<item: 0001> <itemType: Field> <itemName: sst>
20260908 013302.965 INFO             PET3     OCN-TO-ATM: Finalize extro {IS}:!--- FieldLog() start -----------------
20260908 013302.965 INFO             PET3     OCN-TO-ATM: Finalize extro {IS}:! <name: sst> <fieldStatus: ESMF_FIELDSTATUS_COMPLETE>
20260908 013302.965 INFO             PET3     OCN-TO-ATM: Finalize extro {IS}:! 0x7ffe608f1c30 => 0x1a7e7c0 => 0x1a7cca0
20260908 013302.966 INFO             PET3     OCN-TO-ATM: Finalize extro {IS}:! <typekind: Real*8> <rank:    2> <dimCount:    2>
20260908 013302.966 INFO             PET3     OCN-TO-ATM: Finalize extro {IS}:! ! --- Array::log() start -----------------------------------
20260908 013302.966 INFO             PET3     OCN-TO-ATM: Finalize extro {IS}:! ! 0x1a80bc0
20260908 013302.966 INFO             PET3     OCN-TO-ATM: Finalize extro {IS}:! ! <name: sst>
20260908 013302.966 INFO             PET3     OCN-TO-ATM: Finalize extro {IS}:! ! ! --- DistGrid::log() start --------------------------------
20260908 013302.966 INFO             PET3     OCN-TO-ATM: Finalize extro {IS}:! ! ! 0x1a7bc70
20260908 013302.966 INFO             PET3     OCN-TO-ATM: Finalize extro {IS}:! ! ! DistGrid object is valid!<name: DG-Grid003-sloc:0>
20260908 013302.966 INFO             PET3     OCN-TO-ATM: Finalize extro {IS}:! ! ! --- DistGrid::log() end ----------------------------------
20260908 013302.966 INFO             PET3     OCN-TO-ATM: Finalize extro {IS}:! ! --- Array::log() end -------------------------------------
20260908 013302.966 INFO             PET3     OCN-TO-ATM: Finalize extro {IS}:!--- FieldLog() end -------------------
20260908 013302.966 INFO             PET3     OCN-TO-ATM: Finalize extro {IS}:--- StateLog() end -------------------
20260908 013302.966 INFO             PET3     OCN-TO-ATM: Finalize extro {ES}:--- StateLog() start -----------------
20260908 013302.966 INFO             PET3     OCN-TO-ATM: Finalize extro {ES}:<name: ATM-ImportState> <intent: ESMF_STATEINTENT_IMPORT> <itemCount:    1>
20260908 013302.966 INFO             PET3     OCN-TO-ATM: Finalize extro {ES}:+-<item: 0001> <itemType: State> <itemName: ATM-ImportState-namespace:OCN>
20260908 013302.966 INFO             PET3     OCN-TO-ATM: Finalize extro {ES}:! <name: ATM-ImportState-namespace:OCN> <intent: ESMF_STATEINTENT_IMPORT> <itemCount:    1>
20260908 013302.966 INFO             PET3     OCN-TO-ATM: Finalize extro {ES}:! +-<item: 0001> <itemType: Field> <itemName: sea_surface_temperature>
20260908 013302.966 INFO             PET3     OCN-TO-ATM: Finalize extro {ES}:! !--- FieldLog() start -----------------
20260908 013302.966 INFO             PET3     OCN-TO-ATM: Finalize extro {ES}:! ! <name: sea_surface_temperature> <fieldStatus: ESMF_FIELDSTATUS_COMPLETE>
20260908 013302.966 INFO             PET3     OCN-TO-ATM: Finalize extro {ES}:! ! 0x7ffe608f0440 => 0x1b1cd60 => 0x1ad7360
20260908 013302.966 INFO             PET3     OCN-TO-ATM: Finalize extro {ES}:! ! <typekind: Real*8> <rank:    2> <dimCount:    2>
20260908 013302.966 INFO             PET3     OCN-TO-ATM: Finalize extro {ES}:! ! ! --- Array::log() start -----------------------------------
20260908 013302.966 INFO             PET3     OCN-TO-ATM: Finalize extro {ES}:! ! ! 0x1ad95c0
20260908 013302.966 INFO             PET3     OCN-TO-ATM: Finalize extro {ES}:! ! ! <name: sea_surface_temperature>
20260908 013302.966 INFO             PET3     OCN-TO-ATM: Finalize extro {ES}:! ! ! ! --- DistGrid::log() start --------------------------------
20260908 013302.966 INFO             PET3     OCN-TO-ATM: Finalize extro {ES}:! ! ! ! 0x1ad9f20
20260908 013302.966 INFO             PET3     OCN-TO-ATM: Finalize extro {ES}:! ! ! ! DistGrid object is valid!<name: DG-Grid003-sloc:0>
20260908 013302.966 INFO             PET3     OCN-TO-ATM: Finalize extro {ES}:! ! ! ! --- DistGrid::log() end ----------------------------------
20260908 013302.966 INFO             PET3     OCN-TO-ATM: Finalize extro {ES}:! ! ! --- Array::log() end -------------------------------------
20260908 013302.966 INFO             PET3     OCN-TO-ATM: Finalize extro {ES}:! !--- FieldLog() end -------------------
20260908 013302.966 INFO             PET3     OCN-TO-ATM: Finalize extro {ES}:--- StateLog() end -------------------
20260908 013302.966 INFO             PET3   OCN-TO-ATM: Finalize extro.
20260908 013302.966 INFO             PET3   Calling Finalize phase 1 for modelComp: ATM
20260908 013302.966 INFO             PET3   Calling Finalize phase 1 for modelComp: OCN
20260908 013302.967 INFO             PET3   OCN: Finalize intro.
20260908 013302.967 INFO             PET3     OCN: Finalize intro {IS}:--- StateLog() start -----------------
20260908 013302.967 INFO             PET3     OCN: Finalize intro {IS}:<name: OCN-ImportState> <intent: ESMF_STATEINTENT_IMPORT> <itemCount:    0>
20260908 013302.967 INFO             PET3     OCN: Finalize intro {IS}:--- StateLog() end -------------------
20260908 013302.967 INFO             PET3     OCN: Finalize intro {ES}:--- StateLog() start -----------------
20260908 013302.967 INFO             PET3     OCN: Finalize intro {ES}:<name: OCN-ExportState> <intent: ESMF_STATEINTENT_EXPORT> <itemCount:    1>
20260908 013302.967 INFO             PET3     OCN: Finalize intro {ES}:+-<item: 0001> <itemType: Field> <itemName: sst>
20260908 013302.967 INFO             PET3     OCN: Finalize intro {ES}:!--- FieldLog() start -----------------
20260908 013302.967 INFO             PET3     OCN: Finalize intro {ES}:! <name: sst> <fieldStatus: ESMF_FIELDSTATUS_COMPLETE>
20260908 013302.967 INFO             PET3     OCN: Finalize intro {ES}:! 0x7ffe608f36e0 => 0x1a7e7c0 => 0x1a7cca0
20260908 013302.967 INFO             PET3     OCN: Finalize intro {ES}:! <typekind: Real*8> <rank:    2> <dimCount:    2>
20260908 013302.967 INFO             PET3     OCN: Finalize intro {ES}:! ! --- Array::log() start -----------------------------------
20260908 013302.967 INFO             PET3     OCN: Finalize intro {ES}:! ! 0x1a80bc0
20260908 013302.967 INFO             PET3     OCN: Finalize intro {ES}:! ! <name: sst>
20260908 013302.967 INFO             PET3     OCN: Finalize intro {ES}:! ! ! --- DistGrid::log() start --------------------------------
20260908 013302.967 INFO             PET3     OCN: Finalize intro {ES}:! ! ! 0x1a7bc70
20260908 013302.967 INFO             PET3     OCN: Finalize intro {ES}:! ! ! DistGrid object is valid!<name: DG-Grid003-sloc:0>
20260908 013302.967 INFO             PET3     OCN: Finalize intro {ES}:! ! ! --- DistGrid::log() end ----------------------------------
20260908 013302.967 INFO             PET3     OCN: Finalize intro {ES}:! ! --- Array::log() end -------------------------------------
20260908 013302.967 INFO             PET3     OCN: Finalize intro {ES}:!--- FieldLog() end -------------------
20260908 013302.967 INFO             PET3     OCN: Finalize intro {ES}:--- StateLog() end -------------------
20260908 013302.967 INFO             PET3     >>>OCN: entered Finalize (phase=FinalizePhase1) with current time: 2010  6  1  1  0  0   0
20260908 013302.967 INFO             PET3     <<<OCN: leaving Finalize (phase=FinalizePhase1) with current time: 2010  6  1  1  0  0   0
20260908 013302.967 INFO             PET3   OCN: Finalize extro.
20260908 013302.967 INFO             PET3   Delete modelComp: ATM
20260908 013302.968 INFO             PET3   Delete Import-/Export State for modelComp: ATM
20260908 013302.968 INFO             PET3   Delete modelComp: OCN
20260908 013302.968 INFO             PET3   Delete Import-/Export State for modelComp: OCN
20260908 013302.968 INFO             PET3   Delete connectorComp: ATM-TO-OCN
20260908 013302.968 INFO             PET3   Delete connectorComp: OCN-TO-ATM
20260908 013302.968 INFO             PET3   <<<esm: leaving Finalize (phase=FinalizePhase1) with current time: 2010  6  1  1  0  0   0
20260908 013302.968 INFO             PET3 esm: Finalize extro.
20260908 013302.968 INFO             PET3 esmApp FINISHED
20260908 013302.968 INFO             PET3  Finalizing ESMF
