2026-08-31 12:44:23
20260831 131811.072 INFO             PET0 !!!!!!!!!!!!!!!!!!!!!!!!!!!!!!!!!!!!!!!!!!!!!!!!!!!!!!
20260831 131811.072 INFO             PET0 !!! THE ESMF_LOG IS SET TO OUTPUT ALL LOG MESSAGES !!!
20260831 131811.072 INFO             PET0 !!!     THIS MAY CAUSE SLOWDOWN IN PERFORMANCE     !!!
20260831 131811.072 INFO             PET0 !!! FOR PRODUCTION RUNS, USE:                      !!!
20260831 131811.072 INFO             PET0 !!!                   ESMF_LOGKIND_Multi_On_Error  !!!
20260831 131811.072 INFO             PET0 !!!!!!!!!!!!!!!!!!!!!!!!!!!!!!!!!!!!!!!!!!!!!!!!!!!!!!
20260831 131811.072 INFO             PET0 Running with ESMF Version   : develop+g1082792c4b
20260831 131811.072 INFO             PET0 ESMF library build date/time: "Aug 31 2026" "12:42:53"
20260831 131811.072 INFO             PET0 ESMF library build location : /Users/oehmke/ESMF_AutoTest/gfortranclang_12.2.0_14.0.0_mpich_g_develop/esmf
20260831 131811.072 INFO             PET0 ESMF_COMM                   : mpich
20260831 131811.073 INFO             PET0 ESMF_MOAB                   : enabled
20260831 131811.073 INFO             PET0 ESMF_LAPACK                 : enabled
20260831 131811.073 INFO             PET0 ESMF_NETCDF                 : enabled
20260831 131811.073 INFO             PET0 ESMF_PNETCDF                : disabled
20260831 131811.073 INFO             PET0 ESMF_PIO                    : enabled
20260831 131811.073 INFO             PET0 ESMF_YAMLCPP                : enabled
20260831 131811.076 INFO             PET0 =============================================
20260831 131811.076 INFO             PET0 ESMX (Earth System Model eXecutable) STARTING
20260831 131811.076 INFO             PET0 =============================================
20260831 131811.091 DEBUG            PET0 Generic SetVM() is executing for: ESMX_Driver
20260831 131811.091 DEBUG            PET0 Generic SetVM() found no NUOPC Hint for: ESMX_Driver
20260831 131811.091 DEBUG            PET0 Generic SetVM() therefore is NOT calling ESMF_GridCompSetVMMaxPEs() for: ESMX_Driver
20260831 131811.096 INFO             PET0 ESMX_Driver: InitializeGeneric intro.
20260831 131811.096 INFO             PET0   >>>ESMX_Driver: entered Initialize (phase=<none>) without valid internal Clock.
20260831 131811.096 INFO             PET0   ESMX_Driver: InitializeP0 intro.
20260831 131811.096 INFO             PET0     >>>ESMX_Driver: entered Initialize (phase=<none>) without valid internal Clock.
20260831 131811.096 INFO             PET0     <<<ESMX_Driver: leaving Initialize (phase=<none>) without valid internal Clock.
20260831 131811.096 INFO             PET0   ESMX_Driver: InitializeP0 extro.
20260831 131811.096 INFO             PET0   ESMX_Driver: InitializeIPDv02p1 intro.
20260831 131811.096 INFO             PET0     >>>ESMX_Driver: entered Initialize (phase=<none>) without valid internal Clock.
20260831 131811.103 INFO             PET0     ESMX_Driver - Creating model component ATM with petList of size 4 :
20260831 131811.103 INFO             PET0           3      2      1      0
20260831 131811.103 DEBUG            PET0     Generic SetVM() is executing for: ATM
20260831 131811.103 DEBUG            PET0     Generic SetVM() is calling ESMF_GridCompSetVMMaxPEs() for: ATM with:
20260831 131811.103 DEBUG            PET0      -             MaxCount =          4
20260831 131811.103 DEBUG            PET0      -       OpenMpHandling =
20260831 131811.104 DEBUG            PET0      -     OpenMpNumThreads =         -1
20260831 131811.104 DEBUG            PET0      -   ForceChildPthreads =          F
20260831 131811.104 DEBUG            PET0      -  PthreadMinStackSize =         -1
20260831 131811.104 DEBUG            PET0     vmkt_create()#229 Pthread: service=1 (0: actual PET, 1: service thread) - PTHREAD_STACK_MIN: 16384 bytes stack_size: 4194304 bytes
20260831 131811.104 DEBUG            PET0     vmkt_create()#229 Pthread: service=1 (0: actual PET, 1: service thread) - PTHREAD_STACK_MIN: 16384 bytes stack_size: 4194304 bytes
20260831 131811.117 INFO             PET0     ESMX_Driver - Creating model component OCN with petList of size 3 :
20260831 131811.117 INFO             PET0           0      1      3
20260831 131811.117 DEBUG            PET0     Generic SetVM() is executing for: OCN
20260831 131811.125 INFO             PET0     OCN: InitializeP0 intro.
20260831 131811.125 INFO             PET0       >>>OCN: entered Initialize (phase=<none>) without valid internal Clock.
20260831 131811.126 INFO             PET0       <<<OCN: leaving Initialize (phase=<none>) without valid internal Clock.
20260831 131811.126 INFO             PET0     OCN: InitializeP0 extro.
20260831 131811.129 INFO             PET0     ESMX_Driver - Creating connector component ATM-TO-OCN with petList of size 4 :
20260831 131811.129 INFO             PET0           3      2      1      0
20260831 131811.133 INFO             PET0     ESMX_Driver - Setting Verbosity on created component to: low
20260831 131811.133 INFO             PET0     ESMX_Driver - Setting Profiling on created component to:          0
20260831 131811.133 INFO             PET0     ESMX_Driver - Creating connector component OCN-TO-ATM with petList of size 4 :
20260831 131811.133 INFO             PET0           0      1      3      2
20260831 131811.137 INFO             PET0     ESMX_Driver - Setting Verbosity on created component to: low
20260831 131811.137 INFO             PET0     ESMX_Driver - Setting Profiling on created component to:          0
20260831 131811.138 INFO             PET0     ESMX_Driver: IInitAdvertise intro.
20260831 131811.138 INFO             PET0       >>>ESMX_Driver: entered Initialize (phase=<none>) with current time: 2012 10 24 18  0  0   0
20260831 131811.138 INFO             PET0       <<<ESMX_Driver: leaving Initialize (phase=<none>) with current time: 2012 10 24 18  0  0   0
20260831 131811.138 INFO             PET0     ESMX_Driver: IInitAdvertise extro.
20260831 131811.141 INFO             PET0     OCN: InitializeIPDvXp01 intro.
20260831 131811.142 INFO             PET0       >>>OCN: entered Initialize (phase=IPDvXp01) without valid internal Clock.
20260831 131811.145 INFO             PET0       <<<OCN: leaving Initialize (phase=IPDvXp01) without valid internal Clock.
20260831 131811.145 INFO             PET0     OCN: InitializeIPDvXp01 extro.
20260831 131811.145 INFO             PET0     ATM-TO-OCN: InitializeIPDv05p1 intro.
20260831 131811.148 INFO             PET0     ATM-TO-OCN: InitializeIPDv05p1 extro.
20260831 131811.149 INFO             PET0     OCN-TO-ATM: InitializeIPDv05p1 intro.
20260831 131811.151 INFO             PET0     OCN-TO-ATM: InitializeIPDv05p1 extro.
20260831 131811.152 INFO             PET0     ESMX_Driver: IInitAdvertiseFinish intro.
20260831 131811.152 INFO             PET0       >>>ESMX_Driver: entered Initialize (phase=<none>) with current time: 2012 10 24 18  0  0   0
20260831 131811.152 INFO             PET0       <<<ESMX_Driver: leaving Initialize (phase=<none>) with current time: 2012 10 24 18  0  0   0
20260831 131811.152 INFO             PET0     ESMX_Driver: IInitAdvertiseFinish extro.
20260831 131811.152 INFO             PET0     ATM-TO-OCN: InitializeIPDv05p2a intro.
20260831 131811.155 INFO             PET0     ATM-TO-OCN: InitializeIPDv05p2a extro.
20260831 131811.155 INFO             PET0     OCN-TO-ATM: InitializeIPDv05p2a intro.
20260831 131811.158 INFO             PET0     OCN-TO-ATM: InitializeIPDv05p2a extro.
20260831 131811.158 INFO             PET0     ATM-TO-OCN: InitializeIPDv05p2b intro.
20260831 131811.161 INFO             PET0     ATM-TO-OCN: InitializeIPDv05p2b extro.
20260831 131811.161 INFO             PET0     OCN-TO-ATM: InitializeIPDv05p2b intro.
20260831 131811.164 INFO             PET0     OCN-TO-ATM: InitializeIPDv05p2b extro.
20260831 131811.164 INFO             PET0     ESMX_Driver: IInitModifyCplLists intro.
20260831 131811.164 INFO             PET0       >>>ESMX_Driver: entered Initialize (phase=<none>) with current time: 2012 10 24 18  0  0   0
20260831 131811.165 INFO             PET0       <<<ESMX_Driver: leaving Initialize (phase=<none>) with current time: 2012 10 24 18  0  0   0
20260831 131811.165 INFO             PET0     ESMX_Driver: IInitModifyCplLists extro.
20260831 131811.165 INFO             PET0     ATM-TO-OCN: InitializeIPDv05p3 intro.
20260831 131811.168 INFO             PET0     ATM-TO-OCN: InitializeIPDv05p3 extro.
20260831 131811.168 INFO             PET0     OCN-TO-ATM: InitializeIPDv05p3 intro.
20260831 131811.171 INFO             PET0     OCN-TO-ATM: InitializeIPDv05p3 extro.
20260831 131811.171 INFO             PET0     <<<ESMX_Driver: leaving Initialize (phase=<none>) with current time: 2012 10 24 18  0  0   0
20260831 131811.171 INFO             PET0   ESMX_Driver: InitializeIPDv02p1 extro.
20260831 131811.171 INFO             PET0   ESMX_Driver: InitializeIPDv02p3 intro.
20260831 131811.172 INFO             PET0     >>>ESMX_Driver: entered Initialize (phase=<none>) with current time: 2012 10 24 18  0  0   0
20260831 131811.172 INFO             PET0     ESMX_Driver: IInitCheck intro.
20260831 131811.172 INFO             PET0       >>>ESMX_Driver: entered Initialize (phase=<none>) with current time: 2012 10 24 18  0  0   0
20260831 131811.172 INFO             PET0       <<<ESMX_Driver: leaving Initialize (phase=<none>) with current time: 2012 10 24 18  0  0   0
20260831 131811.172 INFO             PET0     ESMX_Driver: IInitCheck extro.
20260831 131811.175 INFO             PET0     OCN: InitializeIPDvXp04 intro.
20260831 131811.176 INFO             PET0       >>>OCN: entered Initialize (phase=IPDvXp04) without valid internal Clock.
20260831 131811.216 INFO             PET0       <<<OCN: leaving Initialize (phase=IPDvXp04) without valid internal Clock.
20260831 131811.216 INFO             PET0     OCN: InitializeIPDvXp04 extro.
20260831 131811.217 INFO             PET0     ATM-TO-OCN: InitializeIPDv05p4 intro.
20260831 131811.222 INFO             PET0     ATM-TO-OCN: InitializeIPDv05p4 extro.
20260831 131811.222 INFO             PET0     OCN-TO-ATM: InitializeIPDv05p4 intro.
20260831 131811.228 INFO             PET0     OCN-TO-ATM: InitializeIPDv05p4 extro.
20260831 131811.228 INFO             PET0     ATM-TO-OCN: InitializeIPDv05p5 intro.
20260831 131811.233 INFO             PET0     ATM-TO-OCN: InitializeIPDv05p5 extro.
20260831 131811.233 INFO             PET0     OCN-TO-ATM: InitializeIPDv05p5 intro.
20260831 131811.239 INFO             PET0     OCN-TO-ATM: InitializeIPDv05p5 extro.
20260831 131811.239 INFO             PET0     ESMX_Driver: IInitRealize intro.
20260831 131811.239 INFO             PET0       >>>ESMX_Driver: entered Initialize (phase=<none>) with current time: 2012 10 24 18  0  0   0
20260831 131811.240 INFO             PET0       <<<ESMX_Driver: leaving Initialize (phase=<none>) with current time: 2012 10 24 18  0  0   0
20260831 131811.240 INFO             PET0     ESMX_Driver: IInitRealize extro.
20260831 131811.240 INFO             PET0     ATM-TO-OCN: InitializeIPDv05p6a intro.
20260831 131811.244 INFO             PET0     ATM-TO-OCN: InitializeIPDv05p6a extro.
20260831 131811.244 INFO             PET0     OCN-TO-ATM: InitializeIPDv05p6a intro.
20260831 131811.250 INFO             PET0     OCN-TO-ATM: InitializeIPDv05p6a extro.
20260831 131811.250 INFO             PET0     ATM-TO-OCN: InitializeIPDv05p6b intro.
20260831 131811.392 INFO             PET0     ATM-TO-OCN: InitializeIPDv05p6b extro.
20260831 131811.392 INFO             PET0     OCN-TO-ATM: InitializeIPDv05p6b intro.
20260831 131811.533 INFO             PET0     OCN-TO-ATM: InitializeIPDv05p6b extro.
20260831 131811.533 INFO             PET0     OCN: InitializeIPDvXp07 intro.
20260831 131811.533 INFO             PET0       >>>OCN: entered Initialize (phase=IPDvXp07) without valid internal Clock.
20260831 131811.534 INFO             PET0       <<<OCN: leaving Initialize (phase=IPDvXp07) with current time: 2012 10 24 18  0  0   0
20260831 131811.534 INFO             PET0     OCN: InitializeIPDvXp07 extro.
20260831 131811.534 INFO             PET0     <<<ESMX_Driver: leaving Initialize (phase=<none>) with current time: 2012 10 24 18  0  0   0
20260831 131811.534 INFO             PET0   ESMX_Driver: InitializeIPDv02p3 extro.
20260831 131811.534 INFO             PET0   ESMX_Driver: InitializeIPDv02p5 intro.
20260831 131811.534 INFO             PET0     >>>ESMX_Driver: entered Initialize (phase=<none>) with current time: 2012 10 24 18  0  0   0
20260831 131811.534 INFO             PET0     ESMX_Driver: InitializeIPDv02p5Data intro.
20260831 131811.534 INFO             PET0       >>>ESMX_Driver: entered Initialize (phase=<none>) with current time: 2012 10 24 18  0  0   0
20260831 131811.534 INFO             PET0       ESMX_Driver: InternalInitializeComplete intro.
20260831 131811.534 INFO             PET0         >>>ESMX_Driver: entered Initialize (phase=<none>) with current time: 2012 10 24 18  0  0   0
20260831 131811.534 INFO             PET0         <<<ESMX_Driver: leaving Initialize (phase=<none>) with current time: 2012 10 24 18  0  0   0
20260831 131811.534 INFO             PET0       ESMX_Driver: InternalInitializeComplete extro.
20260831 131811.548 INFO             PET0       OCN: InitializeIPDv01p5 intro.
20260831 131811.548 INFO             PET0         >>>OCN: entered Initialize (phase=IPDvXp08) with current time: 2012 10 24 18  0  0   0
20260831 131811.548 INFO             PET0         <<<OCN: leaving Initialize (phase=IPDvXp08) with current time: 2012 10 24 18  0  0   0
20260831 131811.548 INFO             PET0       OCN: InitializeIPDv01p5 extro.
20260831 131811.549 INFO             PET0       ESMX_Driver: loopDataDependentInitialize intro.
20260831 131811.549 INFO             PET0         >>>ESMX_Driver: entered Initialize (phase=<none>) with current time: 2012 10 24 18  0  0   0
20260831 131811.549 INFO             PET0         OCN-TO-ATM: Run intro.
20260831 131811.549 INFO             PET0           >>>OCN-TO-ATM entered Run (phase=RunPhase1)
20260831 131811.549 INFO             PET0           <<<OCN-TO-ATM leaving Run (phase=RunPhase1)
20260831 131811.549 INFO             PET0         OCN-TO-ATM: Run extro.
20260831 131811.557 INFO             PET0         <<<ESMX_Driver: leaving Initialize (phase=<none>) with current time: 2012 10 24 18  0  0   0
20260831 131811.557 INFO             PET0       ESMX_Driver: loopDataDependentInitialize extro.
20260831 131811.557 INFO             PET0       <<<ESMX_Driver: leaving Initialize (phase=<none>) with current time: 2012 10 24 18  0  0   0
20260831 131811.557 INFO             PET0     ESMX_Driver: InitializeIPDv02p5Data extro.
20260831 131811.557 INFO             PET0     <<<ESMX_Driver: leaving Initialize (phase=<none>) with current time: 2012 10 24 18  0  0   0
20260831 131811.557 INFO             PET0   ESMX_Driver: InitializeIPDv02p5 extro.
20260831 131811.557 INFO             PET0   <<<ESMX_Driver: leaving Initialize (phase=<none>) with current time: 2012 10 24 18  0  0   0
20260831 131811.557 INFO             PET0 ESMX_Driver: InitializeGeneric extro.
20260831 131811.557 INFO             PET0 ESMX_Driver: Run intro.
20260831 131811.557 INFO             PET0   >>>ESMX_Driver: entered Run (phase=RunPhase1) with current time: 2012 10 24 18  0  0   0
20260831 131811.557 INFO             PET0   ATM-TO-OCN: Run intro.
20260831 131811.557 INFO             PET0     >>>ATM-TO-OCN entered Run (phase=RunPhase1)
20260831 131811.557 INFO             PET0     <<<ATM-TO-OCN leaving Run (phase=RunPhase1)
20260831 131811.557 INFO             PET0   ATM-TO-OCN: Run extro.
20260831 131811.557 INFO             PET0   OCN-TO-ATM: Run intro.
20260831 131811.557 INFO             PET0     >>>OCN-TO-ATM entered Run (phase=RunPhase1)
20260831 131811.558 INFO             PET0     <<<OCN-TO-ATM leaving Run (phase=RunPhase1)
20260831 131811.558 INFO             PET0   OCN-TO-ATM: Run extro.
20260831 131811.564 INFO             PET0   OCN: Run intro.
20260831 131811.564 INFO             PET0     >>>OCN: entered Run (phase=RunPhase1) with current time: 2012 10 24 18  0  0   0
20260831 131811.564 INFO             PET0     LUMO Advance(): --- VMK::log() start -------------------------------------
20260831 131811.564 INFO             PET0     LUMO Advance(): vm located at: 0x146f05cf0
20260831 131811.564 INFO             PET0     LUMO Advance(): mpionly=1 threadsflag=0
20260831 131811.564 INFO             PET0     LUMO Advance(): ssiCount=1 localSsi=0
20260831 131811.564 INFO             PET0     LUMO Advance(): devCount=0 ssiLocalDevCount=0
20260831 131811.564 INFO             PET0     LUMO Advance(): petCount=3 ssiLocalPetCount=3
20260831 131811.564 INFO             PET0     LUMO Advance(): localPet=0 mypthid=0x1f12850c0 ssiLocalPet=0 currentSsiPe=-1
20260831 131811.564 INFO             PET0     LUMO Advance(): ESMF level logical PET->PE association (but consider system level affinity pinning!):
20260831 131811.564 INFO             PET0     LUMO Advance(): PET=0 lpid=0 tid=0 pid=0 peCount=1 accCount=0
20260831 131811.564 INFO             PET0     LUMO Advance():  PE=0 SSI=0 SSIPE=0
20260831 131811.564 INFO             PET0     LUMO Advance(): PET=1 lpid=1 tid=0 pid=1 peCount=1 accCount=0
20260831 131811.564 INFO             PET0     LUMO Advance():  PE=1 SSI=0 SSIPE=1
20260831 131811.564 INFO             PET0     LUMO Advance(): PET=2 lpid=2 tid=0 pid=3 peCount=1 accCount=0
20260831 131811.564 INFO             PET0     LUMO Advance():  PE=3 SSI=0 SSIPE=3
20260831 131811.564 INFO             PET0     LUMO Advance(): --- VMK::log() end ---------------------------------------
20260831 131811.564 INFO             PET0     LUMO: localPet=   0   thread_num=   0   currentSsiPe=  -1   num_threads=   1   max_threads=   1   num_procs=  10
20260831 131811.565 INFO             PET0     ------>Advancing LUMO from: 2012 10 24 18  0  0   0
20260831 131811.565 INFO             PET0     ---------------------> to: 2012 10 24 18  5  0   0
20260831 131811.565 INFO             PET0     LUMO Advance(): --- VMK::log() start -------------------------------------
20260831 131811.565 INFO             PET0     LUMO Advance(): vm located at: 0x146f05cf0
20260831 131811.565 INFO             PET0     LUMO Advance(): mpionly=1 threadsflag=0
20260831 131811.565 INFO             PET0     LUMO Advance(): ssiCount=1 localSsi=0
20260831 131811.565 INFO             PET0     LUMO Advance(): devCount=0 ssiLocalDevCount=0
20260831 131811.565 INFO             PET0     LUMO Advance(): petCount=3 ssiLocalPetCount=3
20260831 131811.565 INFO             PET0     LUMO Advance(): localPet=0 mypthid=0x1f12850c0 ssiLocalPet=0 currentSsiPe=-1
20260831 131811.565 INFO             PET0     LUMO Advance(): ESMF level logical PET->PE association (but consider system level affinity pinning!):
20260831 131811.565 INFO             PET0     LUMO Advance(): PET=0 lpid=0 tid=0 pid=0 peCount=1 accCount=0
20260831 131811.565 INFO             PET0     LUMO Advance():  PE=0 SSI=0 SSIPE=0
20260831 131811.565 INFO             PET0     LUMO Advance(): PET=1 lpid=1 tid=0 pid=1 peCount=1 accCount=0
20260831 131811.565 INFO             PET0     LUMO Advance():  PE=1 SSI=0 SSIPE=1
20260831 131811.565 INFO             PET0     LUMO Advance(): PET=2 lpid=2 tid=0 pid=3 peCount=1 accCount=0
20260831 131811.565 INFO             PET0     LUMO Advance():  PE=3 SSI=0 SSIPE=3
20260831 131811.565 INFO             PET0     LUMO Advance(): --- VMK::log() end ---------------------------------------
20260831 131811.565 INFO             PET0     LUMO: localPet=   0   thread_num=   0   currentSsiPe=  -1   num_threads=   1   max_threads=   1   num_procs=  10
20260831 131811.565 INFO             PET0     ------>Advancing LUMO from: 2012 10 24 18  5  0   0
20260831 131811.565 INFO             PET0     ---------------------> to: 2012 10 24 18 10  0   0
20260831 131811.565 INFO             PET0     LUMO Advance(): --- VMK::log() start -------------------------------------
20260831 131811.565 INFO             PET0     LUMO Advance(): vm located at: 0x146f05cf0
20260831 131811.565 INFO             PET0     LUMO Advance(): mpionly=1 threadsflag=0
20260831 131811.565 INFO             PET0     LUMO Advance(): ssiCount=1 localSsi=0
20260831 131811.565 INFO             PET0     LUMO Advance(): devCount=0 ssiLocalDevCount=0
20260831 131811.565 INFO             PET0     LUMO Advance(): petCount=3 ssiLocalPetCount=3
20260831 131811.565 INFO             PET0     LUMO Advance(): localPet=0 mypthid=0x1f12850c0 ssiLocalPet=0 currentSsiPe=-1
20260831 131811.565 INFO             PET0     LUMO Advance(): ESMF level logical PET->PE association (but consider system level affinity pinning!):
20260831 131811.565 INFO             PET0     LUMO Advance(): PET=0 lpid=0 tid=0 pid=0 peCount=1 accCount=0
20260831 131811.565 INFO             PET0     LUMO Advance():  PE=0 SSI=0 SSIPE=0
20260831 131811.565 INFO             PET0     LUMO Advance(): PET=1 lpid=1 tid=0 pid=1 peCount=1 accCount=0
20260831 131811.565 INFO             PET0     LUMO Advance():  PE=1 SSI=0 SSIPE=1
20260831 131811.565 INFO             PET0     LUMO Advance(): PET=2 lpid=2 tid=0 pid=3 peCount=1 accCount=0
20260831 131811.565 INFO             PET0     LUMO Advance():  PE=3 SSI=0 SSIPE=3
20260831 131811.565 INFO             PET0     LUMO Advance(): --- VMK::log() end ---------------------------------------
20260831 131811.565 INFO             PET0     LUMO: localPet=   0   thread_num=   0   currentSsiPe=  -1   num_threads=   1   max_threads=   1   num_procs=  10
20260831 131811.565 INFO             PET0     ------>Advancing LUMO from: 2012 10 24 18 10  0   0
20260831 131811.565 INFO             PET0     ---------------------> to: 2012 10 24 18 15  0   0
20260831 131811.565 INFO             PET0     <<<OCN: leaving Run (phase=RunPhase1) with current time: 2012 10 24 18 15  0   0
20260831 131811.565 INFO             PET0   OCN: Run extro.
20260831 131811.565 INFO             PET0   ATM-TO-OCN: Run intro.
20260831 131811.565 INFO             PET0     >>>ATM-TO-OCN entered Run (phase=RunPhase1)
20260831 131811.566 INFO             PET0     <<<ATM-TO-OCN leaving Run (phase=RunPhase1)
20260831 131811.566 INFO             PET0   ATM-TO-OCN: Run extro.
20260831 131811.566 INFO             PET0   OCN-TO-ATM: Run intro.
20260831 131811.566 INFO             PET0     >>>OCN-TO-ATM entered Run (phase=RunPhase1)
20260831 131811.566 INFO             PET0     <<<OCN-TO-ATM leaving Run (phase=RunPhase1)
20260831 131811.566 INFO             PET0   OCN-TO-ATM: Run extro.
20260831 131811.573 INFO             PET0   OCN: Run intro.
20260831 131811.573 INFO             PET0     >>>OCN: entered Run (phase=RunPhase1) with current time: 2012 10 24 18 15  0   0
20260831 131811.573 INFO             PET0     LUMO Advance(): --- VMK::log() start -------------------------------------
20260831 131811.573 INFO             PET0     LUMO Advance(): vm located at: 0x146f05cf0
20260831 131811.573 INFO             PET0     LUMO Advance(): mpionly=1 threadsflag=0
20260831 131811.573 INFO             PET0     LUMO Advance(): ssiCount=1 localSsi=0
20260831 131811.573 INFO             PET0     LUMO Advance(): devCount=0 ssiLocalDevCount=0
20260831 131811.573 INFO             PET0     LUMO Advance(): petCount=3 ssiLocalPetCount=3
20260831 131811.573 INFO             PET0     LUMO Advance(): localPet=0 mypthid=0x1f12850c0 ssiLocalPet=0 currentSsiPe=-1
20260831 131811.573 INFO             PET0     LUMO Advance(): ESMF level logical PET->PE association (but consider system level affinity pinning!):
20260831 131811.573 INFO             PET0     LUMO Advance(): PET=0 lpid=0 tid=0 pid=0 peCount=1 accCount=0
20260831 131811.573 INFO             PET0     LUMO Advance():  PE=0 SSI=0 SSIPE=0
20260831 131811.573 INFO             PET0     LUMO Advance(): PET=1 lpid=1 tid=0 pid=1 peCount=1 accCount=0
20260831 131811.573 INFO             PET0     LUMO Advance():  PE=1 SSI=0 SSIPE=1
20260831 131811.573 INFO             PET0     LUMO Advance(): PET=2 lpid=2 tid=0 pid=3 peCount=1 accCount=0
20260831 131811.573 INFO             PET0     LUMO Advance():  PE=3 SSI=0 SSIPE=3
20260831 131811.573 INFO             PET0     LUMO Advance(): --- VMK::log() end ---------------------------------------
20260831 131811.573 INFO             PET0     LUMO: localPet=   0   thread_num=   0   currentSsiPe=  -1   num_threads=   1   max_threads=   1   num_procs=  10
20260831 131811.573 INFO             PET0     ------>Advancing LUMO from: 2012 10 24 18 15  0   0
20260831 131811.573 INFO             PET0     ---------------------> to: 2012 10 24 18 20  0   0
20260831 131811.573 INFO             PET0     LUMO Advance(): --- VMK::log() start -------------------------------------
20260831 131811.573 INFO             PET0     LUMO Advance(): vm located at: 0x146f05cf0
20260831 131811.573 INFO             PET0     LUMO Advance(): mpionly=1 threadsflag=0
20260831 131811.573 INFO             PET0     LUMO Advance(): ssiCount=1 localSsi=0
20260831 131811.573 INFO             PET0     LUMO Advance(): devCount=0 ssiLocalDevCount=0
20260831 131811.573 INFO             PET0     LUMO Advance(): petCount=3 ssiLocalPetCount=3
20260831 131811.573 INFO             PET0     LUMO Advance(): localPet=0 mypthid=0x1f12850c0 ssiLocalPet=0 currentSsiPe=-1
20260831 131811.573 INFO             PET0     LUMO Advance(): ESMF level logical PET->PE association (but consider system level affinity pinning!):
20260831 131811.573 INFO             PET0     LUMO Advance(): PET=0 lpid=0 tid=0 pid=0 peCount=1 accCount=0
20260831 131811.573 INFO             PET0     LUMO Advance():  PE=0 SSI=0 SSIPE=0
20260831 131811.573 INFO             PET0     LUMO Advance(): PET=1 lpid=1 tid=0 pid=1 peCount=1 accCount=0
20260831 131811.573 INFO             PET0     LUMO Advance():  PE=1 SSI=0 SSIPE=1
20260831 131811.573 INFO             PET0     LUMO Advance(): PET=2 lpid=2 tid=0 pid=3 peCount=1 accCount=0
20260831 131811.573 INFO             PET0     LUMO Advance():  PE=3 SSI=0 SSIPE=3
20260831 131811.573 INFO             PET0     LUMO Advance(): --- VMK::log() end ---------------------------------------
20260831 131811.573 INFO             PET0     LUMO: localPet=   0   thread_num=   0   currentSsiPe=  -1   num_threads=   1   max_threads=   1   num_procs=  10
20260831 131811.573 INFO             PET0     ------>Advancing LUMO from: 2012 10 24 18 20  0   0
20260831 131811.573 INFO             PET0     ---------------------> to: 2012 10 24 18 25  0   0
20260831 131811.573 INFO             PET0     LUMO Advance(): --- VMK::log() start -------------------------------------
20260831 131811.573 INFO             PET0     LUMO Advance(): vm located at: 0x146f05cf0
20260831 131811.573 INFO             PET0     LUMO Advance(): mpionly=1 threadsflag=0
20260831 131811.573 INFO             PET0     LUMO Advance(): ssiCount=1 localSsi=0
20260831 131811.573 INFO             PET0     LUMO Advance(): devCount=0 ssiLocalDevCount=0
20260831 131811.574 INFO             PET0     LUMO Advance(): petCount=3 ssiLocalPetCount=3
20260831 131811.574 INFO             PET0     LUMO Advance(): localPet=0 mypthid=0x1f12850c0 ssiLocalPet=0 currentSsiPe=-1
20260831 131811.574 INFO             PET0     LUMO Advance(): ESMF level logical PET->PE association (but consider system level affinity pinning!):
20260831 131811.574 INFO             PET0     LUMO Advance(): PET=0 lpid=0 tid=0 pid=0 peCount=1 accCount=0
20260831 131811.574 INFO             PET0     LUMO Advance():  PE=0 SSI=0 SSIPE=0
20260831 131811.574 INFO             PET0     LUMO Advance(): PET=1 lpid=1 tid=0 pid=1 peCount=1 accCount=0
20260831 131811.574 INFO             PET0     LUMO Advance():  PE=1 SSI=0 SSIPE=1
20260831 131811.574 INFO             PET0     LUMO Advance(): PET=2 lpid=2 tid=0 pid=3 peCount=1 accCount=0
20260831 131811.574 INFO             PET0     LUMO Advance():  PE=3 SSI=0 SSIPE=3
20260831 131811.574 INFO             PET0     LUMO Advance(): --- VMK::log() end ---------------------------------------
20260831 131811.574 INFO             PET0     LUMO: localPet=   0   thread_num=   0   currentSsiPe=  -1   num_threads=   1   max_threads=   1   num_procs=  10
20260831 131811.574 INFO             PET0     ------>Advancing LUMO from: 2012 10 24 18 25  0   0
20260831 131811.574 INFO             PET0     ---------------------> to: 2012 10 24 18 30  0   0
20260831 131811.574 INFO             PET0     <<<OCN: leaving Run (phase=RunPhase1) with current time: 2012 10 24 18 30  0   0
20260831 131811.574 INFO             PET0   OCN: Run extro.
20260831 131811.574 INFO             PET0   ATM-TO-OCN: Run intro.
20260831 131811.574 INFO             PET0     >>>ATM-TO-OCN entered Run (phase=RunPhase1)
20260831 131811.574 INFO             PET0     <<<ATM-TO-OCN leaving Run (phase=RunPhase1)
20260831 131811.574 INFO             PET0   ATM-TO-OCN: Run extro.
20260831 131811.574 INFO             PET0   OCN-TO-ATM: Run intro.
20260831 131811.574 INFO             PET0     >>>OCN-TO-ATM entered Run (phase=RunPhase1)
20260831 131811.574 INFO             PET0     <<<OCN-TO-ATM leaving Run (phase=RunPhase1)
20260831 131811.574 INFO             PET0   OCN-TO-ATM: Run extro.
20260831 131811.581 INFO             PET0   OCN: Run intro.
20260831 131811.581 INFO             PET0     >>>OCN: entered Run (phase=RunPhase1) with current time: 2012 10 24 18 30  0   0
20260831 131811.581 INFO             PET0     LUMO Advance(): --- VMK::log() start -------------------------------------
20260831 131811.581 INFO             PET0     LUMO Advance(): vm located at: 0x146f05cf0
20260831 131811.581 INFO             PET0     LUMO Advance(): mpionly=1 threadsflag=0
20260831 131811.581 INFO             PET0     LUMO Advance(): ssiCount=1 localSsi=0
20260831 131811.581 INFO             PET0     LUMO Advance(): devCount=0 ssiLocalDevCount=0
20260831 131811.581 INFO             PET0     LUMO Advance(): petCount=3 ssiLocalPetCount=3
20260831 131811.581 INFO             PET0     LUMO Advance(): localPet=0 mypthid=0x1f12850c0 ssiLocalPet=0 currentSsiPe=-1
20260831 131811.581 INFO             PET0     LUMO Advance(): ESMF level logical PET->PE association (but consider system level affinity pinning!):
20260831 131811.581 INFO             PET0     LUMO Advance(): PET=0 lpid=0 tid=0 pid=0 peCount=1 accCount=0
20260831 131811.581 INFO             PET0     LUMO Advance():  PE=0 SSI=0 SSIPE=0
20260831 131811.581 INFO             PET0     LUMO Advance(): PET=1 lpid=1 tid=0 pid=1 peCount=1 accCount=0
20260831 131811.581 INFO             PET0     LUMO Advance():  PE=1 SSI=0 SSIPE=1
20260831 131811.581 INFO             PET0     LUMO Advance(): PET=2 lpid=2 tid=0 pid=3 peCount=1 accCount=0
20260831 131811.581 INFO             PET0     LUMO Advance():  PE=3 SSI=0 SSIPE=3
20260831 131811.581 INFO             PET0     LUMO Advance(): --- VMK::log() end ---------------------------------------
20260831 131811.581 INFO             PET0     LUMO: localPet=   0   thread_num=   0   currentSsiPe=  -1   num_threads=   1   max_threads=   1   num_procs=  10
20260831 131811.581 INFO             PET0     ------>Advancing LUMO from: 2012 10 24 18 30  0   0
20260831 131811.581 INFO             PET0     ---------------------> to: 2012 10 24 18 35  0   0
20260831 131811.581 INFO             PET0     LUMO Advance(): --- VMK::log() start -------------------------------------
20260831 131811.581 INFO             PET0     LUMO Advance(): vm located at: 0x146f05cf0
20260831 131811.581 INFO             PET0     LUMO Advance(): mpionly=1 threadsflag=0
20260831 131811.581 INFO             PET0     LUMO Advance(): ssiCount=1 localSsi=0
20260831 131811.581 INFO             PET0     LUMO Advance(): devCount=0 ssiLocalDevCount=0
20260831 131811.581 INFO             PET0     LUMO Advance(): petCount=3 ssiLocalPetCount=3
20260831 131811.581 INFO             PET0     LUMO Advance(): localPet=0 mypthid=0x1f12850c0 ssiLocalPet=0 currentSsiPe=-1
20260831 131811.581 INFO             PET0     LUMO Advance(): ESMF level logical PET->PE association (but consider system level affinity pinning!):
20260831 131811.581 INFO             PET0     LUMO Advance(): PET=0 lpid=0 tid=0 pid=0 peCount=1 accCount=0
20260831 131811.581 INFO             PET0     LUMO Advance():  PE=0 SSI=0 SSIPE=0
20260831 131811.581 INFO             PET0     LUMO Advance(): PET=1 lpid=1 tid=0 pid=1 peCount=1 accCount=0
20260831 131811.581 INFO             PET0     LUMO Advance():  PE=1 SSI=0 SSIPE=1
20260831 131811.581 INFO             PET0     LUMO Advance(): PET=2 lpid=2 tid=0 pid=3 peCount=1 accCount=0
20260831 131811.581 INFO             PET0     LUMO Advance():  PE=3 SSI=0 SSIPE=3
20260831 131811.581 INFO             PET0     LUMO Advance(): --- VMK::log() end ---------------------------------------
20260831 131811.582 INFO             PET0     LUMO: localPet=   0   thread_num=   0   currentSsiPe=  -1   num_threads=   1   max_threads=   1   num_procs=  10
20260831 131811.582 INFO             PET0     ------>Advancing LUMO from: 2012 10 24 18 35  0   0
20260831 131811.582 INFO             PET0     ---------------------> to: 2012 10 24 18 40  0   0
20260831 131811.582 INFO             PET0     LUMO Advance(): --- VMK::log() start -------------------------------------
20260831 131811.582 INFO             PET0     LUMO Advance(): vm located at: 0x146f05cf0
20260831 131811.582 INFO             PET0     LUMO Advance(): mpionly=1 threadsflag=0
20260831 131811.582 INFO             PET0     LUMO Advance(): ssiCount=1 localSsi=0
20260831 131811.582 INFO             PET0     LUMO Advance(): devCount=0 ssiLocalDevCount=0
20260831 131811.582 INFO             PET0     LUMO Advance(): petCount=3 ssiLocalPetCount=3
20260831 131811.582 INFO             PET0     LUMO Advance(): localPet=0 mypthid=0x1f12850c0 ssiLocalPet=0 currentSsiPe=-1
20260831 131811.582 INFO             PET0     LUMO Advance(): ESMF level logical PET->PE association (but consider system level affinity pinning!):
20260831 131811.582 INFO             PET0     LUMO Advance(): PET=0 lpid=0 tid=0 pid=0 peCount=1 accCount=0
20260831 131811.582 INFO             PET0     LUMO Advance():  PE=0 SSI=0 SSIPE=0
20260831 131811.582 INFO             PET0     LUMO Advance(): PET=1 lpid=1 tid=0 pid=1 peCount=1 accCount=0
20260831 131811.582 INFO             PET0     LUMO Advance():  PE=1 SSI=0 SSIPE=1
20260831 131811.582 INFO             PET0     LUMO Advance(): PET=2 lpid=2 tid=0 pid=3 peCount=1 accCount=0
20260831 131811.582 INFO             PET0     LUMO Advance():  PE=3 SSI=0 SSIPE=3
20260831 131811.582 INFO             PET0     LUMO Advance(): --- VMK::log() end ---------------------------------------
20260831 131811.582 INFO             PET0     LUMO: localPet=   0   thread_num=   0   currentSsiPe=  -1   num_threads=   1   max_threads=   1   num_procs=  10
20260831 131811.582 INFO             PET0     ------>Advancing LUMO from: 2012 10 24 18 40  0   0
20260831 131811.582 INFO             PET0     ---------------------> to: 2012 10 24 18 45  0   0
20260831 131811.582 INFO             PET0     <<<OCN: leaving Run (phase=RunPhase1) with current time: 2012 10 24 18 45  0   0
20260831 131811.582 INFO             PET0   OCN: Run extro.
20260831 131811.582 INFO             PET0   ATM-TO-OCN: Run intro.
20260831 131811.582 INFO             PET0     >>>ATM-TO-OCN entered Run (phase=RunPhase1)
20260831 131811.582 INFO             PET0     <<<ATM-TO-OCN leaving Run (phase=RunPhase1)
20260831 131811.582 INFO             PET0   ATM-TO-OCN: Run extro.
20260831 131811.582 INFO             PET0   OCN-TO-ATM: Run intro.
20260831 131811.582 INFO             PET0     >>>OCN-TO-ATM entered Run (phase=RunPhase1)
20260831 131811.582 INFO             PET0     <<<OCN-TO-ATM leaving Run (phase=RunPhase1)
20260831 131811.582 INFO             PET0   OCN-TO-ATM: Run extro.
20260831 131811.589 INFO             PET0   OCN: Run intro.
20260831 131811.589 INFO             PET0     >>>OCN: entered Run (phase=RunPhase1) with current time: 2012 10 24 18 45  0   0
20260831 131811.589 INFO             PET0     LUMO Advance(): --- VMK::log() start -------------------------------------
20260831 131811.589 INFO             PET0     LUMO Advance(): vm located at: 0x146f05cf0
20260831 131811.589 INFO             PET0     LUMO Advance(): mpionly=1 threadsflag=0
20260831 131811.589 INFO             PET0     LUMO Advance(): ssiCount=1 localSsi=0
20260831 131811.589 INFO             PET0     LUMO Advance(): devCount=0 ssiLocalDevCount=0
20260831 131811.589 INFO             PET0     LUMO Advance(): petCount=3 ssiLocalPetCount=3
20260831 131811.589 INFO             PET0     LUMO Advance(): localPet=0 mypthid=0x1f12850c0 ssiLocalPet=0 currentSsiPe=-1
20260831 131811.589 INFO             PET0     LUMO Advance(): ESMF level logical PET->PE association (but consider system level affinity pinning!):
20260831 131811.590 INFO             PET0     LUMO Advance(): PET=0 lpid=0 tid=0 pid=0 peCount=1 accCount=0
20260831 131811.590 INFO             PET0     LUMO Advance():  PE=0 SSI=0 SSIPE=0
20260831 131811.590 INFO             PET0     LUMO Advance(): PET=1 lpid=1 tid=0 pid=1 peCount=1 accCount=0
20260831 131811.590 INFO             PET0     LUMO Advance():  PE=1 SSI=0 SSIPE=1
20260831 131811.590 INFO             PET0     LUMO Advance(): PET=2 lpid=2 tid=0 pid=3 peCount=1 accCount=0
20260831 131811.590 INFO             PET0     LUMO Advance():  PE=3 SSI=0 SSIPE=3
20260831 131811.590 INFO             PET0     LUMO Advance(): --- VMK::log() end ---------------------------------------
20260831 131811.590 INFO             PET0     LUMO: localPet=   0   thread_num=   0   currentSsiPe=  -1   num_threads=   1   max_threads=   1   num_procs=  10
20260831 131811.590 INFO             PET0     ------>Advancing LUMO from: 2012 10 24 18 45  0   0
20260831 131811.590 INFO             PET0     ---------------------> to: 2012 10 24 18 50  0   0
20260831 131811.590 INFO             PET0     LUMO Advance(): --- VMK::log() start -------------------------------------
20260831 131811.590 INFO             PET0     LUMO Advance(): vm located at: 0x146f05cf0
20260831 131811.590 INFO             PET0     LUMO Advance(): mpionly=1 threadsflag=0
20260831 131811.590 INFO             PET0     LUMO Advance(): ssiCount=1 localSsi=0
20260831 131811.590 INFO             PET0     LUMO Advance(): devCount=0 ssiLocalDevCount=0
20260831 131811.590 INFO             PET0     LUMO Advance(): petCount=3 ssiLocalPetCount=3
20260831 131811.590 INFO             PET0     LUMO Advance(): localPet=0 mypthid=0x1f12850c0 ssiLocalPet=0 currentSsiPe=-1
20260831 131811.590 INFO             PET0     LUMO Advance(): ESMF level logical PET->PE association (but consider system level affinity pinning!):
20260831 131811.590 INFO             PET0     LUMO Advance(): PET=0 lpid=0 tid=0 pid=0 peCount=1 accCount=0
20260831 131811.590 INFO             PET0     LUMO Advance():  PE=0 SSI=0 SSIPE=0
20260831 131811.590 INFO             PET0     LUMO Advance(): PET=1 lpid=1 tid=0 pid=1 peCount=1 accCount=0
20260831 131811.590 INFO             PET0     LUMO Advance():  PE=1 SSI=0 SSIPE=1
20260831 131811.590 INFO             PET0     LUMO Advance(): PET=2 lpid=2 tid=0 pid=3 peCount=1 accCount=0
20260831 131811.590 INFO             PET0     LUMO Advance():  PE=3 SSI=0 SSIPE=3
20260831 131811.590 INFO             PET0     LUMO Advance(): --- VMK::log() end ---------------------------------------
20260831 131811.590 INFO             PET0     LUMO: localPet=   0   thread_num=   0   currentSsiPe=  -1   num_threads=   1   max_threads=   1   num_procs=  10
20260831 131811.590 INFO             PET0     ------>Advancing LUMO from: 2012 10 24 18 50  0   0
20260831 131811.590 INFO             PET0     ---------------------> to: 2012 10 24 18 55  0   0
20260831 131811.590 INFO             PET0     LUMO Advance(): --- VMK::log() start -------------------------------------
20260831 131811.590 INFO             PET0     LUMO Advance(): vm located at: 0x146f05cf0
20260831 131811.590 INFO             PET0     LUMO Advance(): mpionly=1 threadsflag=0
20260831 131811.590 INFO             PET0     LUMO Advance(): ssiCount=1 localSsi=0
20260831 131811.590 INFO             PET0     LUMO Advance(): devCount=0 ssiLocalDevCount=0
20260831 131811.590 INFO             PET0     LUMO Advance(): petCount=3 ssiLocalPetCount=3
20260831 131811.590 INFO             PET0     LUMO Advance(): localPet=0 mypthid=0x1f12850c0 ssiLocalPet=0 currentSsiPe=-1
20260831 131811.590 INFO             PET0     LUMO Advance(): ESMF level logical PET->PE association (but consider system level affinity pinning!):
20260831 131811.590 INFO             PET0     LUMO Advance(): PET=0 lpid=0 tid=0 pid=0 peCount=1 accCount=0
20260831 131811.590 INFO             PET0     LUMO Advance():  PE=0 SSI=0 SSIPE=0
20260831 131811.590 INFO             PET0     LUMO Advance(): PET=1 lpid=1 tid=0 pid=1 peCount=1 accCount=0
20260831 131811.590 INFO             PET0     LUMO Advance():  PE=1 SSI=0 SSIPE=1
20260831 131811.590 INFO             PET0     LUMO Advance(): PET=2 lpid=2 tid=0 pid=3 peCount=1 accCount=0
20260831 131811.590 INFO             PET0     LUMO Advance():  PE=3 SSI=0 SSIPE=3
20260831 131811.590 INFO             PET0     LUMO Advance(): --- VMK::log() end ---------------------------------------
20260831 131811.590 INFO             PET0     LUMO: localPet=   0   thread_num=   0   currentSsiPe=  -1   num_threads=   1   max_threads=   1   num_procs=  10
20260831 131811.590 INFO             PET0     ------>Advancing LUMO from: 2012 10 24 18 55  0   0
20260831 131811.590 INFO             PET0     ---------------------> to: 2012 10 24 19  0  0   0
20260831 131811.590 INFO             PET0     <<<OCN: leaving Run (phase=RunPhase1) with current time: 2012 10 24 19  0  0   0
20260831 131811.590 INFO             PET0   OCN: Run extro.
20260831 131811.590 INFO             PET0   <<<ESMX_Driver: leaving Run (phase=RunPhase1) with current time: 2012 10 24 19  0  0   0
20260831 131811.590 INFO             PET0 ESMX_Driver: Run extro.
20260831 131811.591 INFO             PET0 ESMX_Driver: Finalize intro.
20260831 131811.591 INFO             PET0   >>>ESMX_Driver: entered Finalize (phase=FinalizePhase1) with current time: 2012 10 24 19  0  0   0
20260831 131811.591 INFO             PET0   Calling Finalize phase 1 for connectorComp: ATM-TO-OCN
20260831 131811.591 INFO             PET0   ATM-TO-OCN: Finalize intro.
20260831 131811.591 INFO             PET0   ATM-TO-OCN: Finalize extro.
20260831 131811.591 INFO             PET0   Calling Finalize phase 1 for connectorComp: OCN-TO-ATM
20260831 131811.591 INFO             PET0   OCN-TO-ATM: Finalize intro.
20260831 131811.591 INFO             PET0   OCN-TO-ATM: Finalize extro.
20260831 131811.591 INFO             PET0   Calling Finalize phase 1 for modelComp: ATM
20260831 131811.591 INFO             PET0   Calling Finalize phase 1 for modelComp: OCN
20260831 131811.591 INFO             PET0   OCN: Finalize intro.
20260831 131811.591 INFO             PET0     >>>OCN: entered Finalize (phase=FinalizePhase1) with current time: 2012 10 24 19  0  0   0
20260831 131811.591 INFO             PET0     <<<OCN: leaving Finalize (phase=FinalizePhase1) with current time: 2012 10 24 19  0  0   0
20260831 131811.591 INFO             PET0   OCN: Finalize extro.
20260831 131811.591 INFO             PET0   Delete modelComp: ATM
20260831 131811.592 INFO             PET0   Delete modelComp: OCN
20260831 131811.592 INFO             PET0   Delete connectorComp: ATM-TO-OCN
20260831 131811.592 INFO             PET0   Delete connectorComp: OCN-TO-ATM
20260831 131811.592 INFO             PET0   <<<ESMX_Driver: leaving Finalize (phase=FinalizePhase1) with current time: 2012 10 24 19  0  0   0
20260831 131811.592 INFO             PET0 ESMX_Driver: Finalize extro.
20260831 131811.592 INFO             PET0 =============================================
20260831 131811.592 INFO             PET0 ESMX (Earth System Model eXecutable) FINISHED
20260831 131811.592 INFO             PET0 =============================================
20260831 131811.592 INFO             PET0  Finalizing ESMF
20260831 131811.592 INFO             PET0 ESMCI_IO_Handler.C:335 ESMCI::IO_Handler::finalize() 
20260831 131811.592 INFO             PET0 ESMCI_PIO_Handler.C:357 ESMCI::PIO_Handler::finalize() 
20260831 131811.592 INFO             PET0 ESMCI_IO_Handler.C:337 ESMCI::IO_Handler::finalize() after finalize, localrc = 0
20260831 131811.592 INFO             PET0 ESMCI_IO_Handler.C:360 ESMCI::IO_Handler::finalize() before return, localrc = 0
20260831 131811.072 INFO             PET1 !!!!!!!!!!!!!!!!!!!!!!!!!!!!!!!!!!!!!!!!!!!!!!!!!!!!!!
20260831 131811.072 INFO             PET1 !!! THE ESMF_LOG IS SET TO OUTPUT ALL LOG MESSAGES !!!
20260831 131811.072 INFO             PET1 !!!     THIS MAY CAUSE SLOWDOWN IN PERFORMANCE     !!!
20260831 131811.072 INFO             PET1 !!! FOR PRODUCTION RUNS, USE:                      !!!
20260831 131811.072 INFO             PET1 !!!                   ESMF_LOGKIND_Multi_On_Error  !!!
20260831 131811.072 INFO             PET1 !!!!!!!!!!!!!!!!!!!!!!!!!!!!!!!!!!!!!!!!!!!!!!!!!!!!!!
20260831 131811.072 INFO             PET1 Running with ESMF Version   : develop+g1082792c4b
20260831 131811.072 INFO             PET1 ESMF library build date/time: "Aug 31 2026" "12:42:53"
20260831 131811.072 INFO             PET1 ESMF library build location : /Users/oehmke/ESMF_AutoTest/gfortranclang_12.2.0_14.0.0_mpich_g_develop/esmf
20260831 131811.072 INFO             PET1 ESMF_COMM                   : mpich
20260831 131811.072 INFO             PET1 ESMF_MOAB                   : enabled
20260831 131811.072 INFO             PET1 ESMF_LAPACK                 : enabled
20260831 131811.072 INFO             PET1 ESMF_NETCDF                 : enabled
20260831 131811.072 INFO             PET1 ESMF_PNETCDF                : disabled
20260831 131811.072 INFO             PET1 ESMF_PIO                    : enabled
20260831 131811.072 INFO             PET1 ESMF_YAMLCPP                : enabled
20260831 131811.076 INFO             PET1 =============================================
20260831 131811.076 INFO             PET1 ESMX (Earth System Model eXecutable) STARTING
20260831 131811.076 INFO             PET1 =============================================
20260831 131811.091 DEBUG            PET1 Generic SetVM() is executing for: ESMX_Driver
20260831 131811.091 DEBUG            PET1 Generic SetVM() found no NUOPC Hint for: ESMX_Driver
20260831 131811.091 DEBUG            PET1 Generic SetVM() therefore is NOT calling ESMF_GridCompSetVMMaxPEs() for: ESMX_Driver
20260831 131811.096 INFO             PET1 ESMX_Driver: InitializeGeneric intro.
20260831 131811.096 INFO             PET1   >>>ESMX_Driver: entered Initialize (phase=<none>) without valid internal Clock.
20260831 131811.096 INFO             PET1   ESMX_Driver: InitializeP0 intro.
20260831 131811.096 INFO             PET1     >>>ESMX_Driver: entered Initialize (phase=<none>) without valid internal Clock.
20260831 131811.096 INFO             PET1     <<<ESMX_Driver: leaving Initialize (phase=<none>) without valid internal Clock.
20260831 131811.096 INFO             PET1   ESMX_Driver: InitializeP0 extro.
20260831 131811.096 INFO             PET1   ESMX_Driver: InitializeIPDv02p1 intro.
20260831 131811.096 INFO             PET1     >>>ESMX_Driver: entered Initialize (phase=<none>) without valid internal Clock.
20260831 131811.103 INFO             PET1     ESMX_Driver - Creating model component ATM with petList of size 4 :
20260831 131811.103 INFO             PET1           3      2      1      0
20260831 131811.103 DEBUG            PET1     Generic SetVM() is executing for: ATM
20260831 131811.103 DEBUG            PET1     Generic SetVM() is calling ESMF_GridCompSetVMMaxPEs() for: ATM with:
20260831 131811.103 DEBUG            PET1      -             MaxCount =          4
20260831 131811.103 DEBUG            PET1      -       OpenMpHandling =
20260831 131811.104 DEBUG            PET1      -     OpenMpNumThreads =         -1
20260831 131811.104 DEBUG            PET1      -   ForceChildPthreads =          F
20260831 131811.104 DEBUG            PET1      -  PthreadMinStackSize =         -1
20260831 131811.104 DEBUG            PET1     vmkt_create()#229 Pthread: service=1 (0: actual PET, 1: service thread) - PTHREAD_STACK_MIN: 16384 bytes stack_size: 4194304 bytes
20260831 131811.104 DEBUG            PET1     vmkt_create()#229 Pthread: service=1 (0: actual PET, 1: service thread) - PTHREAD_STACK_MIN: 16384 bytes stack_size: 4194304 bytes
20260831 131811.117 INFO             PET1     ESMX_Driver - Creating model component OCN with petList of size 3 :
20260831 131811.117 INFO             PET1           0      1      3
20260831 131811.117 DEBUG            PET1     Generic SetVM() is executing for: OCN
20260831 131811.125 INFO             PET1     OCN: InitializeP0 intro.
20260831 131811.125 INFO             PET1       >>>OCN: entered Initialize (phase=<none>) without valid internal Clock.
20260831 131811.126 INFO             PET1       <<<OCN: leaving Initialize (phase=<none>) without valid internal Clock.
20260831 131811.126 INFO             PET1     OCN: InitializeP0 extro.
20260831 131811.129 INFO             PET1     ESMX_Driver - Creating connector component ATM-TO-OCN with petList of size 4 :
20260831 131811.129 INFO             PET1           3      2      1      0
20260831 131811.133 INFO             PET1     ESMX_Driver - Setting Verbosity on created component to: low
20260831 131811.133 INFO             PET1     ESMX_Driver - Setting Profiling on created component to:          0
20260831 131811.133 INFO             PET1     ESMX_Driver - Creating connector component OCN-TO-ATM with petList of size 4 :
20260831 131811.133 INFO             PET1           0      1      3      2
20260831 131811.137 INFO             PET1     ESMX_Driver - Setting Verbosity on created component to: low
20260831 131811.137 INFO             PET1     ESMX_Driver - Setting Profiling on created component to:          0
20260831 131811.138 INFO             PET1     ESMX_Driver: IInitAdvertise intro.
20260831 131811.138 INFO             PET1       >>>ESMX_Driver: entered Initialize (phase=<none>) with current time: 2012 10 24 18  0  0   0
20260831 131811.139 INFO             PET1       <<<ESMX_Driver: leaving Initialize (phase=<none>) with current time: 2012 10 24 18  0  0   0
20260831 131811.139 INFO             PET1     ESMX_Driver: IInitAdvertise extro.
20260831 131811.141 INFO             PET1     OCN: InitializeIPDvXp01 intro.
20260831 131811.142 INFO             PET1       >>>OCN: entered Initialize (phase=IPDvXp01) without valid internal Clock.
20260831 131811.145 INFO             PET1       <<<OCN: leaving Initialize (phase=IPDvXp01) without valid internal Clock.
20260831 131811.145 INFO             PET1     OCN: InitializeIPDvXp01 extro.
20260831 131811.145 INFO             PET1     ATM-TO-OCN: InitializeIPDv05p1 intro.
20260831 131811.148 INFO             PET1     ATM-TO-OCN: InitializeIPDv05p1 extro.
20260831 131811.149 INFO             PET1     OCN-TO-ATM: InitializeIPDv05p1 intro.
20260831 131811.152 INFO             PET1     OCN-TO-ATM: InitializeIPDv05p1 extro.
20260831 131811.152 INFO             PET1     ESMX_Driver: IInitAdvertiseFinish intro.
20260831 131811.152 INFO             PET1       >>>ESMX_Driver: entered Initialize (phase=<none>) with current time: 2012 10 24 18  0  0   0
20260831 131811.152 INFO             PET1       <<<ESMX_Driver: leaving Initialize (phase=<none>) with current time: 2012 10 24 18  0  0   0
20260831 131811.152 INFO             PET1     ESMX_Driver: IInitAdvertiseFinish extro.
20260831 131811.152 INFO             PET1     ATM-TO-OCN: InitializeIPDv05p2a intro.
20260831 131811.155 INFO             PET1     ATM-TO-OCN: InitializeIPDv05p2a extro.
20260831 131811.155 INFO             PET1     OCN-TO-ATM: InitializeIPDv05p2a intro.
20260831 131811.158 INFO             PET1     OCN-TO-ATM: InitializeIPDv05p2a extro.
20260831 131811.158 INFO             PET1     ATM-TO-OCN: InitializeIPDv05p2b intro.
20260831 131811.161 INFO             PET1     ATM-TO-OCN: InitializeIPDv05p2b extro.
20260831 131811.161 INFO             PET1     OCN-TO-ATM: InitializeIPDv05p2b intro.
20260831 131811.164 INFO             PET1     OCN-TO-ATM: InitializeIPDv05p2b extro.
20260831 131811.164 INFO             PET1     ESMX_Driver: IInitModifyCplLists intro.
20260831 131811.164 INFO             PET1       >>>ESMX_Driver: entered Initialize (phase=<none>) with current time: 2012 10 24 18  0  0   0
20260831 131811.165 INFO             PET1       <<<ESMX_Driver: leaving Initialize (phase=<none>) with current time: 2012 10 24 18  0  0   0
20260831 131811.165 INFO             PET1     ESMX_Driver: IInitModifyCplLists extro.
20260831 131811.165 INFO             PET1     ATM-TO-OCN: InitializeIPDv05p3 intro.
20260831 131811.168 INFO             PET1     ATM-TO-OCN: InitializeIPDv05p3 extro.
20260831 131811.168 INFO             PET1     OCN-TO-ATM: InitializeIPDv05p3 intro.
20260831 131811.171 INFO             PET1     OCN-TO-ATM: InitializeIPDv05p3 extro.
20260831 131811.171 INFO             PET1     <<<ESMX_Driver: leaving Initialize (phase=<none>) with current time: 2012 10 24 18  0  0   0
20260831 131811.171 INFO             PET1   ESMX_Driver: InitializeIPDv02p1 extro.
20260831 131811.171 INFO             PET1   ESMX_Driver: InitializeIPDv02p3 intro.
20260831 131811.172 INFO             PET1     >>>ESMX_Driver: entered Initialize (phase=<none>) with current time: 2012 10 24 18  0  0   0
20260831 131811.172 INFO             PET1     ESMX_Driver: IInitCheck intro.
20260831 131811.172 INFO             PET1       >>>ESMX_Driver: entered Initialize (phase=<none>) with current time: 2012 10 24 18  0  0   0
20260831 131811.172 INFO             PET1       <<<ESMX_Driver: leaving Initialize (phase=<none>) with current time: 2012 10 24 18  0  0   0
20260831 131811.172 INFO             PET1     ESMX_Driver: IInitCheck extro.
20260831 131811.176 INFO             PET1     OCN: InitializeIPDvXp04 intro.
20260831 131811.176 INFO             PET1       >>>OCN: entered Initialize (phase=IPDvXp04) without valid internal Clock.
20260831 131811.216 INFO             PET1       <<<OCN: leaving Initialize (phase=IPDvXp04) without valid internal Clock.
20260831 131811.216 INFO             PET1     OCN: InitializeIPDvXp04 extro.
20260831 131811.217 INFO             PET1     ATM-TO-OCN: InitializeIPDv05p4 intro.
20260831 131811.222 INFO             PET1     ATM-TO-OCN: InitializeIPDv05p4 extro.
20260831 131811.222 INFO             PET1     OCN-TO-ATM: InitializeIPDv05p4 intro.
20260831 131811.228 INFO             PET1     OCN-TO-ATM: InitializeIPDv05p4 extro.
20260831 131811.228 INFO             PET1     ATM-TO-OCN: InitializeIPDv05p5 intro.
20260831 131811.233 INFO             PET1     ATM-TO-OCN: InitializeIPDv05p5 extro.
20260831 131811.233 INFO             PET1     OCN-TO-ATM: InitializeIPDv05p5 intro.
20260831 131811.239 INFO             PET1     OCN-TO-ATM: InitializeIPDv05p5 extro.
20260831 131811.239 INFO             PET1     ESMX_Driver: IInitRealize intro.
20260831 131811.240 INFO             PET1       >>>ESMX_Driver: entered Initialize (phase=<none>) with current time: 2012 10 24 18  0  0   0
20260831 131811.240 INFO             PET1       <<<ESMX_Driver: leaving Initialize (phase=<none>) with current time: 2012 10 24 18  0  0   0
20260831 131811.240 INFO             PET1     ESMX_Driver: IInitRealize extro.
20260831 131811.240 INFO             PET1     ATM-TO-OCN: InitializeIPDv05p6a intro.
20260831 131811.244 INFO             PET1     ATM-TO-OCN: InitializeIPDv05p6a extro.
20260831 131811.244 INFO             PET1     OCN-TO-ATM: InitializeIPDv05p6a intro.
20260831 131811.250 INFO             PET1     OCN-TO-ATM: InitializeIPDv05p6a extro.
20260831 131811.250 INFO             PET1     ATM-TO-OCN: InitializeIPDv05p6b intro.
20260831 131811.392 INFO             PET1     ATM-TO-OCN: InitializeIPDv05p6b extro.
20260831 131811.392 INFO             PET1     OCN-TO-ATM: InitializeIPDv05p6b intro.
20260831 131811.533 INFO             PET1     OCN-TO-ATM: InitializeIPDv05p6b extro.
20260831 131811.533 INFO             PET1     OCN: InitializeIPDvXp07 intro.
20260831 131811.533 INFO             PET1       >>>OCN: entered Initialize (phase=IPDvXp07) without valid internal Clock.
20260831 131811.533 INFO             PET1       <<<OCN: leaving Initialize (phase=IPDvXp07) with current time: 2012 10 24 18  0  0   0
20260831 131811.534 INFO             PET1     OCN: InitializeIPDvXp07 extro.
20260831 131811.534 INFO             PET1     <<<ESMX_Driver: leaving Initialize (phase=<none>) with current time: 2012 10 24 18  0  0   0
20260831 131811.534 INFO             PET1   ESMX_Driver: InitializeIPDv02p3 extro.
20260831 131811.534 INFO             PET1   ESMX_Driver: InitializeIPDv02p5 intro.
20260831 131811.534 INFO             PET1     >>>ESMX_Driver: entered Initialize (phase=<none>) with current time: 2012 10 24 18  0  0   0
20260831 131811.534 INFO             PET1     ESMX_Driver: InitializeIPDv02p5Data intro.
20260831 131811.534 INFO             PET1       >>>ESMX_Driver: entered Initialize (phase=<none>) with current time: 2012 10 24 18  0  0   0
20260831 131811.534 INFO             PET1       ESMX_Driver: InternalInitializeComplete intro.
20260831 131811.534 INFO             PET1         >>>ESMX_Driver: entered Initialize (phase=<none>) with current time: 2012 10 24 18  0  0   0
20260831 131811.534 INFO             PET1         <<<ESMX_Driver: leaving Initialize (phase=<none>) with current time: 2012 10 24 18  0  0   0
20260831 131811.534 INFO             PET1       ESMX_Driver: InternalInitializeComplete extro.
20260831 131811.548 INFO             PET1       OCN: InitializeIPDv01p5 intro.
20260831 131811.548 INFO             PET1         >>>OCN: entered Initialize (phase=IPDvXp08) with current time: 2012 10 24 18  0  0   0
20260831 131811.548 INFO             PET1         <<<OCN: leaving Initialize (phase=IPDvXp08) with current time: 2012 10 24 18  0  0   0
20260831 131811.548 INFO             PET1       OCN: InitializeIPDv01p5 extro.
20260831 131811.549 INFO             PET1       ESMX_Driver: loopDataDependentInitialize intro.
20260831 131811.549 INFO             PET1         >>>ESMX_Driver: entered Initialize (phase=<none>) with current time: 2012 10 24 18  0  0   0
20260831 131811.549 INFO             PET1         OCN-TO-ATM: Run intro.
20260831 131811.549 INFO             PET1           >>>OCN-TO-ATM entered Run (phase=RunPhase1)
20260831 131811.549 INFO             PET1           <<<OCN-TO-ATM leaving Run (phase=RunPhase1)
20260831 131811.549 INFO             PET1         OCN-TO-ATM: Run extro.
20260831 131811.557 INFO             PET1         <<<ESMX_Driver: leaving Initialize (phase=<none>) with current time: 2012 10 24 18  0  0   0
20260831 131811.557 INFO             PET1       ESMX_Driver: loopDataDependentInitialize extro.
20260831 131811.557 INFO             PET1       <<<ESMX_Driver: leaving Initialize (phase=<none>) with current time: 2012 10 24 18  0  0   0
20260831 131811.557 INFO             PET1     ESMX_Driver: InitializeIPDv02p5Data extro.
20260831 131811.557 INFO             PET1     <<<ESMX_Driver: leaving Initialize (phase=<none>) with current time: 2012 10 24 18  0  0   0
20260831 131811.557 INFO             PET1   ESMX_Driver: InitializeIPDv02p5 extro.
20260831 131811.557 INFO             PET1   <<<ESMX_Driver: leaving Initialize (phase=<none>) with current time: 2012 10 24 18  0  0   0
20260831 131811.557 INFO             PET1 ESMX_Driver: InitializeGeneric extro.
20260831 131811.557 INFO             PET1 ESMX_Driver: Run intro.
20260831 131811.557 INFO             PET1   >>>ESMX_Driver: entered Run (phase=RunPhase1) with current time: 2012 10 24 18  0  0   0
20260831 131811.557 INFO             PET1   ATM-TO-OCN: Run intro.
20260831 131811.557 INFO             PET1     >>>ATM-TO-OCN entered Run (phase=RunPhase1)
20260831 131811.557 INFO             PET1     <<<ATM-TO-OCN leaving Run (phase=RunPhase1)
20260831 131811.557 INFO             PET1   ATM-TO-OCN: Run extro.
20260831 131811.557 INFO             PET1   OCN-TO-ATM: Run intro.
20260831 131811.557 INFO             PET1     >>>OCN-TO-ATM entered Run (phase=RunPhase1)
20260831 131811.558 INFO             PET1     <<<OCN-TO-ATM leaving Run (phase=RunPhase1)
20260831 131811.558 INFO             PET1   OCN-TO-ATM: Run extro.
20260831 131811.564 INFO             PET1   OCN: Run intro.
20260831 131811.564 INFO             PET1     >>>OCN: entered Run (phase=RunPhase1) with current time: 2012 10 24 18  0  0   0
20260831 131811.564 INFO             PET1     LUMO Advance(): --- VMK::log() start -------------------------------------
20260831 131811.564 INFO             PET1     LUMO Advance(): vm located at: 0x14cf05d80
20260831 131811.564 INFO             PET1     LUMO Advance(): mpionly=1 threadsflag=0
20260831 131811.564 INFO             PET1     LUMO Advance(): ssiCount=1 localSsi=0
20260831 131811.564 INFO             PET1     LUMO Advance(): devCount=0 ssiLocalDevCount=0
20260831 131811.564 INFO             PET1     LUMO Advance(): petCount=3 ssiLocalPetCount=3
20260831 131811.564 INFO             PET1     LUMO Advance(): localPet=1 mypthid=0x1f12850c0 ssiLocalPet=1 currentSsiPe=-1
20260831 131811.564 INFO             PET1     LUMO Advance(): ESMF level logical PET->PE association (but consider system level affinity pinning!):
20260831 131811.564 INFO             PET1     LUMO Advance(): PET=0 lpid=0 tid=0 pid=0 peCount=1 accCount=0
20260831 131811.564 INFO             PET1     LUMO Advance():  PE=0 SSI=0 SSIPE=0
20260831 131811.564 INFO             PET1     LUMO Advance(): PET=1 lpid=1 tid=0 pid=1 peCount=1 accCount=0
20260831 131811.564 INFO             PET1     LUMO Advance():  PE=1 SSI=0 SSIPE=1
20260831 131811.564 INFO             PET1     LUMO Advance(): PET=2 lpid=2 tid=0 pid=3 peCount=1 accCount=0
20260831 131811.564 INFO             PET1     LUMO Advance():  PE=3 SSI=0 SSIPE=3
20260831 131811.564 INFO             PET1     LUMO Advance(): --- VMK::log() end ---------------------------------------
20260831 131811.564 INFO             PET1     LUMO: localPet=   1   thread_num=   0   currentSsiPe=  -1   num_threads=   1   max_threads=   1   num_procs=  10
20260831 131811.565 INFO             PET1     ------>Advancing LUMO from: 2012 10 24 18  0  0   0
20260831 131811.565 INFO             PET1     ---------------------> to: 2012 10 24 18  5  0   0
20260831 131811.565 INFO             PET1     LUMO Advance(): --- VMK::log() start -------------------------------------
20260831 131811.565 INFO             PET1     LUMO Advance(): vm located at: 0x14cf05d80
20260831 131811.565 INFO             PET1     LUMO Advance(): mpionly=1 threadsflag=0
20260831 131811.565 INFO             PET1     LUMO Advance(): ssiCount=1 localSsi=0
20260831 131811.565 INFO             PET1     LUMO Advance(): devCount=0 ssiLocalDevCount=0
20260831 131811.565 INFO             PET1     LUMO Advance(): petCount=3 ssiLocalPetCount=3
20260831 131811.565 INFO             PET1     LUMO Advance(): localPet=1 mypthid=0x1f12850c0 ssiLocalPet=1 currentSsiPe=-1
20260831 131811.565 INFO             PET1     LUMO Advance(): ESMF level logical PET->PE association (but consider system level affinity pinning!):
20260831 131811.565 INFO             PET1     LUMO Advance(): PET=0 lpid=0 tid=0 pid=0 peCount=1 accCount=0
20260831 131811.565 INFO             PET1     LUMO Advance():  PE=0 SSI=0 SSIPE=0
20260831 131811.565 INFO             PET1     LUMO Advance(): PET=1 lpid=1 tid=0 pid=1 peCount=1 accCount=0
20260831 131811.565 INFO             PET1     LUMO Advance():  PE=1 SSI=0 SSIPE=1
20260831 131811.565 INFO             PET1     LUMO Advance(): PET=2 lpid=2 tid=0 pid=3 peCount=1 accCount=0
20260831 131811.565 INFO             PET1     LUMO Advance():  PE=3 SSI=0 SSIPE=3
20260831 131811.565 INFO             PET1     LUMO Advance(): --- VMK::log() end ---------------------------------------
20260831 131811.565 INFO             PET1     LUMO: localPet=   1   thread_num=   0   currentSsiPe=  -1   num_threads=   1   max_threads=   1   num_procs=  10
20260831 131811.565 INFO             PET1     ------>Advancing LUMO from: 2012 10 24 18  5  0   0
20260831 131811.565 INFO             PET1     ---------------------> to: 2012 10 24 18 10  0   0
20260831 131811.565 INFO             PET1     LUMO Advance(): --- VMK::log() start -------------------------------------
20260831 131811.565 INFO             PET1     LUMO Advance(): vm located at: 0x14cf05d80
20260831 131811.565 INFO             PET1     LUMO Advance(): mpionly=1 threadsflag=0
20260831 131811.565 INFO             PET1     LUMO Advance(): ssiCount=1 localSsi=0
20260831 131811.565 INFO             PET1     LUMO Advance(): devCount=0 ssiLocalDevCount=0
20260831 131811.565 INFO             PET1     LUMO Advance(): petCount=3 ssiLocalPetCount=3
20260831 131811.565 INFO             PET1     LUMO Advance(): localPet=1 mypthid=0x1f12850c0 ssiLocalPet=1 currentSsiPe=-1
20260831 131811.565 INFO             PET1     LUMO Advance(): ESMF level logical PET->PE association (but consider system level affinity pinning!):
20260831 131811.565 INFO             PET1     LUMO Advance(): PET=0 lpid=0 tid=0 pid=0 peCount=1 accCount=0
20260831 131811.565 INFO             PET1     LUMO Advance():  PE=0 SSI=0 SSIPE=0
20260831 131811.565 INFO             PET1     LUMO Advance(): PET=1 lpid=1 tid=0 pid=1 peCount=1 accCount=0
20260831 131811.565 INFO             PET1     LUMO Advance():  PE=1 SSI=0 SSIPE=1
20260831 131811.565 INFO             PET1     LUMO Advance(): PET=2 lpid=2 tid=0 pid=3 peCount=1 accCount=0
20260831 131811.565 INFO             PET1     LUMO Advance():  PE=3 SSI=0 SSIPE=3
20260831 131811.565 INFO             PET1     LUMO Advance(): --- VMK::log() end ---------------------------------------
20260831 131811.565 INFO             PET1     LUMO: localPet=   1   thread_num=   0   currentSsiPe=  -1   num_threads=   1   max_threads=   1   num_procs=  10
20260831 131811.565 INFO             PET1     ------>Advancing LUMO from: 2012 10 24 18 10  0   0
20260831 131811.565 INFO             PET1     ---------------------> to: 2012 10 24 18 15  0   0
20260831 131811.565 INFO             PET1     <<<OCN: leaving Run (phase=RunPhase1) with current time: 2012 10 24 18 15  0   0
20260831 131811.565 INFO             PET1   OCN: Run extro.
20260831 131811.565 INFO             PET1   ATM-TO-OCN: Run intro.
20260831 131811.565 INFO             PET1     >>>ATM-TO-OCN entered Run (phase=RunPhase1)
20260831 131811.566 INFO             PET1     <<<ATM-TO-OCN leaving Run (phase=RunPhase1)
20260831 131811.566 INFO             PET1   ATM-TO-OCN: Run extro.
20260831 131811.566 INFO             PET1   OCN-TO-ATM: Run intro.
20260831 131811.566 INFO             PET1     >>>OCN-TO-ATM entered Run (phase=RunPhase1)
20260831 131811.566 INFO             PET1     <<<OCN-TO-ATM leaving Run (phase=RunPhase1)
20260831 131811.566 INFO             PET1   OCN-TO-ATM: Run extro.
20260831 131811.573 INFO             PET1   OCN: Run intro.
20260831 131811.573 INFO             PET1     >>>OCN: entered Run (phase=RunPhase1) with current time: 2012 10 24 18 15  0   0
20260831 131811.573 INFO             PET1     LUMO Advance(): --- VMK::log() start -------------------------------------
20260831 131811.573 INFO             PET1     LUMO Advance(): vm located at: 0x14cf05d80
20260831 131811.573 INFO             PET1     LUMO Advance(): mpionly=1 threadsflag=0
20260831 131811.573 INFO             PET1     LUMO Advance(): ssiCount=1 localSsi=0
20260831 131811.573 INFO             PET1     LUMO Advance(): devCount=0 ssiLocalDevCount=0
20260831 131811.573 INFO             PET1     LUMO Advance(): petCount=3 ssiLocalPetCount=3
20260831 131811.573 INFO             PET1     LUMO Advance(): localPet=1 mypthid=0x1f12850c0 ssiLocalPet=1 currentSsiPe=-1
20260831 131811.573 INFO             PET1     LUMO Advance(): ESMF level logical PET->PE association (but consider system level affinity pinning!):
20260831 131811.573 INFO             PET1     LUMO Advance(): PET=0 lpid=0 tid=0 pid=0 peCount=1 accCount=0
20260831 131811.573 INFO             PET1     LUMO Advance():  PE=0 SSI=0 SSIPE=0
20260831 131811.573 INFO             PET1     LUMO Advance(): PET=1 lpid=1 tid=0 pid=1 peCount=1 accCount=0
20260831 131811.573 INFO             PET1     LUMO Advance():  PE=1 SSI=0 SSIPE=1
20260831 131811.573 INFO             PET1     LUMO Advance(): PET=2 lpid=2 tid=0 pid=3 peCount=1 accCount=0
20260831 131811.573 INFO             PET1     LUMO Advance():  PE=3 SSI=0 SSIPE=3
20260831 131811.573 INFO             PET1     LUMO Advance(): --- VMK::log() end ---------------------------------------
20260831 131811.573 INFO             PET1     LUMO: localPet=   1   thread_num=   0   currentSsiPe=  -1   num_threads=   1   max_threads=   1   num_procs=  10
20260831 131811.573 INFO             PET1     ------>Advancing LUMO from: 2012 10 24 18 15  0   0
20260831 131811.573 INFO             PET1     ---------------------> to: 2012 10 24 18 20  0   0
20260831 131811.573 INFO             PET1     LUMO Advance(): --- VMK::log() start -------------------------------------
20260831 131811.573 INFO             PET1     LUMO Advance(): vm located at: 0x14cf05d80
20260831 131811.573 INFO             PET1     LUMO Advance(): mpionly=1 threadsflag=0
20260831 131811.573 INFO             PET1     LUMO Advance(): ssiCount=1 localSsi=0
20260831 131811.573 INFO             PET1     LUMO Advance(): devCount=0 ssiLocalDevCount=0
20260831 131811.573 INFO             PET1     LUMO Advance(): petCount=3 ssiLocalPetCount=3
20260831 131811.573 INFO             PET1     LUMO Advance(): localPet=1 mypthid=0x1f12850c0 ssiLocalPet=1 currentSsiPe=-1
20260831 131811.573 INFO             PET1     LUMO Advance(): ESMF level logical PET->PE association (but consider system level affinity pinning!):
20260831 131811.573 INFO             PET1     LUMO Advance(): PET=0 lpid=0 tid=0 pid=0 peCount=1 accCount=0
20260831 131811.573 INFO             PET1     LUMO Advance():  PE=0 SSI=0 SSIPE=0
20260831 131811.573 INFO             PET1     LUMO Advance(): PET=1 lpid=1 tid=0 pid=1 peCount=1 accCount=0
20260831 131811.573 INFO             PET1     LUMO Advance():  PE=1 SSI=0 SSIPE=1
20260831 131811.573 INFO             PET1     LUMO Advance(): PET=2 lpid=2 tid=0 pid=3 peCount=1 accCount=0
20260831 131811.573 INFO             PET1     LUMO Advance():  PE=3 SSI=0 SSIPE=3
20260831 131811.573 INFO             PET1     LUMO Advance(): --- VMK::log() end ---------------------------------------
20260831 131811.573 INFO             PET1     LUMO: localPet=   1   thread_num=   0   currentSsiPe=  -1   num_threads=   1   max_threads=   1   num_procs=  10
20260831 131811.573 INFO             PET1     ------>Advancing LUMO from: 2012 10 24 18 20  0   0
20260831 131811.573 INFO             PET1     ---------------------> to: 2012 10 24 18 25  0   0
20260831 131811.573 INFO             PET1     LUMO Advance(): --- VMK::log() start -------------------------------------
20260831 131811.573 INFO             PET1     LUMO Advance(): vm located at: 0x14cf05d80
20260831 131811.573 INFO             PET1     LUMO Advance(): mpionly=1 threadsflag=0
20260831 131811.573 INFO             PET1     LUMO Advance(): ssiCount=1 localSsi=0
20260831 131811.573 INFO             PET1     LUMO Advance(): devCount=0 ssiLocalDevCount=0
20260831 131811.574 INFO             PET1     LUMO Advance(): petCount=3 ssiLocalPetCount=3
20260831 131811.574 INFO             PET1     LUMO Advance(): localPet=1 mypthid=0x1f12850c0 ssiLocalPet=1 currentSsiPe=-1
20260831 131811.574 INFO             PET1     LUMO Advance(): ESMF level logical PET->PE association (but consider system level affinity pinning!):
20260831 131811.574 INFO             PET1     LUMO Advance(): PET=0 lpid=0 tid=0 pid=0 peCount=1 accCount=0
20260831 131811.574 INFO             PET1     LUMO Advance():  PE=0 SSI=0 SSIPE=0
20260831 131811.574 INFO             PET1     LUMO Advance(): PET=1 lpid=1 tid=0 pid=1 peCount=1 accCount=0
20260831 131811.574 INFO             PET1     LUMO Advance():  PE=1 SSI=0 SSIPE=1
20260831 131811.574 INFO             PET1     LUMO Advance(): PET=2 lpid=2 tid=0 pid=3 peCount=1 accCount=0
20260831 131811.574 INFO             PET1     LUMO Advance():  PE=3 SSI=0 SSIPE=3
20260831 131811.574 INFO             PET1     LUMO Advance(): --- VMK::log() end ---------------------------------------
20260831 131811.574 INFO             PET1     LUMO: localPet=   1   thread_num=   0   currentSsiPe=  -1   num_threads=   1   max_threads=   1   num_procs=  10
20260831 131811.574 INFO             PET1     ------>Advancing LUMO from: 2012 10 24 18 25  0   0
20260831 131811.574 INFO             PET1     ---------------------> to: 2012 10 24 18 30  0   0
20260831 131811.574 INFO             PET1     <<<OCN: leaving Run (phase=RunPhase1) with current time: 2012 10 24 18 30  0   0
20260831 131811.574 INFO             PET1   OCN: Run extro.
20260831 131811.574 INFO             PET1   ATM-TO-OCN: Run intro.
20260831 131811.574 INFO             PET1     >>>ATM-TO-OCN entered Run (phase=RunPhase1)
20260831 131811.574 INFO             PET1     <<<ATM-TO-OCN leaving Run (phase=RunPhase1)
20260831 131811.574 INFO             PET1   ATM-TO-OCN: Run extro.
20260831 131811.574 INFO             PET1   OCN-TO-ATM: Run intro.
20260831 131811.574 INFO             PET1     >>>OCN-TO-ATM entered Run (phase=RunPhase1)
20260831 131811.574 INFO             PET1     <<<OCN-TO-ATM leaving Run (phase=RunPhase1)
20260831 131811.574 INFO             PET1   OCN-TO-ATM: Run extro.
20260831 131811.581 INFO             PET1   OCN: Run intro.
20260831 131811.581 INFO             PET1     >>>OCN: entered Run (phase=RunPhase1) with current time: 2012 10 24 18 30  0   0
20260831 131811.581 INFO             PET1     LUMO Advance(): --- VMK::log() start -------------------------------------
20260831 131811.581 INFO             PET1     LUMO Advance(): vm located at: 0x14cf05d80
20260831 131811.581 INFO             PET1     LUMO Advance(): mpionly=1 threadsflag=0
20260831 131811.581 INFO             PET1     LUMO Advance(): ssiCount=1 localSsi=0
20260831 131811.581 INFO             PET1     LUMO Advance(): devCount=0 ssiLocalDevCount=0
20260831 131811.581 INFO             PET1     LUMO Advance(): petCount=3 ssiLocalPetCount=3
20260831 131811.581 INFO             PET1     LUMO Advance(): localPet=1 mypthid=0x1f12850c0 ssiLocalPet=1 currentSsiPe=-1
20260831 131811.581 INFO             PET1     LUMO Advance(): ESMF level logical PET->PE association (but consider system level affinity pinning!):
20260831 131811.581 INFO             PET1     LUMO Advance(): PET=0 lpid=0 tid=0 pid=0 peCount=1 accCount=0
20260831 131811.581 INFO             PET1     LUMO Advance():  PE=0 SSI=0 SSIPE=0
20260831 131811.581 INFO             PET1     LUMO Advance(): PET=1 lpid=1 tid=0 pid=1 peCount=1 accCount=0
20260831 131811.581 INFO             PET1     LUMO Advance():  PE=1 SSI=0 SSIPE=1
20260831 131811.581 INFO             PET1     LUMO Advance(): PET=2 lpid=2 tid=0 pid=3 peCount=1 accCount=0
20260831 131811.581 INFO             PET1     LUMO Advance():  PE=3 SSI=0 SSIPE=3
20260831 131811.581 INFO             PET1     LUMO Advance(): --- VMK::log() end ---------------------------------------
20260831 131811.581 INFO             PET1     LUMO: localPet=   1   thread_num=   0   currentSsiPe=  -1   num_threads=   1   max_threads=   1   num_procs=  10
20260831 131811.581 INFO             PET1     ------>Advancing LUMO from: 2012 10 24 18 30  0   0
20260831 131811.581 INFO             PET1     ---------------------> to: 2012 10 24 18 35  0   0
20260831 131811.581 INFO             PET1     LUMO Advance(): --- VMK::log() start -------------------------------------
20260831 131811.581 INFO             PET1     LUMO Advance(): vm located at: 0x14cf05d80
20260831 131811.581 INFO             PET1     LUMO Advance(): mpionly=1 threadsflag=0
20260831 131811.581 INFO             PET1     LUMO Advance(): ssiCount=1 localSsi=0
20260831 131811.581 INFO             PET1     LUMO Advance(): devCount=0 ssiLocalDevCount=0
20260831 131811.581 INFO             PET1     LUMO Advance(): petCount=3 ssiLocalPetCount=3
20260831 131811.581 INFO             PET1     LUMO Advance(): localPet=1 mypthid=0x1f12850c0 ssiLocalPet=1 currentSsiPe=-1
20260831 131811.581 INFO             PET1     LUMO Advance(): ESMF level logical PET->PE association (but consider system level affinity pinning!):
20260831 131811.581 INFO             PET1     LUMO Advance(): PET=0 lpid=0 tid=0 pid=0 peCount=1 accCount=0
20260831 131811.581 INFO             PET1     LUMO Advance():  PE=0 SSI=0 SSIPE=0
20260831 131811.581 INFO             PET1     LUMO Advance(): PET=1 lpid=1 tid=0 pid=1 peCount=1 accCount=0
20260831 131811.581 INFO             PET1     LUMO Advance():  PE=1 SSI=0 SSIPE=1
20260831 131811.581 INFO             PET1     LUMO Advance(): PET=2 lpid=2 tid=0 pid=3 peCount=1 accCount=0
20260831 131811.581 INFO             PET1     LUMO Advance():  PE=3 SSI=0 SSIPE=3
20260831 131811.581 INFO             PET1     LUMO Advance(): --- VMK::log() end ---------------------------------------
20260831 131811.581 INFO             PET1     LUMO: localPet=   1   thread_num=   0   currentSsiPe=  -1   num_threads=   1   max_threads=   1   num_procs=  10
20260831 131811.581 INFO             PET1     ------>Advancing LUMO from: 2012 10 24 18 35  0   0
20260831 131811.582 INFO             PET1     ---------------------> to: 2012 10 24 18 40  0   0
20260831 131811.582 INFO             PET1     LUMO Advance(): --- VMK::log() start -------------------------------------
20260831 131811.582 INFO             PET1     LUMO Advance(): vm located at: 0x14cf05d80
20260831 131811.582 INFO             PET1     LUMO Advance(): mpionly=1 threadsflag=0
20260831 131811.582 INFO             PET1     LUMO Advance(): ssiCount=1 localSsi=0
20260831 131811.582 INFO             PET1     LUMO Advance(): devCount=0 ssiLocalDevCount=0
20260831 131811.582 INFO             PET1     LUMO Advance(): petCount=3 ssiLocalPetCount=3
20260831 131811.582 INFO             PET1     LUMO Advance(): localPet=1 mypthid=0x1f12850c0 ssiLocalPet=1 currentSsiPe=-1
20260831 131811.582 INFO             PET1     LUMO Advance(): ESMF level logical PET->PE association (but consider system level affinity pinning!):
20260831 131811.582 INFO             PET1     LUMO Advance(): PET=0 lpid=0 tid=0 pid=0 peCount=1 accCount=0
20260831 131811.582 INFO             PET1     LUMO Advance():  PE=0 SSI=0 SSIPE=0
20260831 131811.582 INFO             PET1     LUMO Advance(): PET=1 lpid=1 tid=0 pid=1 peCount=1 accCount=0
20260831 131811.582 INFO             PET1     LUMO Advance():  PE=1 SSI=0 SSIPE=1
20260831 131811.582 INFO             PET1     LUMO Advance(): PET=2 lpid=2 tid=0 pid=3 peCount=1 accCount=0
20260831 131811.582 INFO             PET1     LUMO Advance():  PE=3 SSI=0 SSIPE=3
20260831 131811.582 INFO             PET1     LUMO Advance(): --- VMK::log() end ---------------------------------------
20260831 131811.582 INFO             PET1     LUMO: localPet=   1   thread_num=   0   currentSsiPe=  -1   num_threads=   1   max_threads=   1   num_procs=  10
20260831 131811.582 INFO             PET1     ------>Advancing LUMO from: 2012 10 24 18 40  0   0
20260831 131811.582 INFO             PET1     ---------------------> to: 2012 10 24 18 45  0   0
20260831 131811.582 INFO             PET1     <<<OCN: leaving Run (phase=RunPhase1) with current time: 2012 10 24 18 45  0   0
20260831 131811.582 INFO             PET1   OCN: Run extro.
20260831 131811.582 INFO             PET1   ATM-TO-OCN: Run intro.
20260831 131811.582 INFO             PET1     >>>ATM-TO-OCN entered Run (phase=RunPhase1)
20260831 131811.582 INFO             PET1     <<<ATM-TO-OCN leaving Run (phase=RunPhase1)
20260831 131811.582 INFO             PET1   ATM-TO-OCN: Run extro.
20260831 131811.582 INFO             PET1   OCN-TO-ATM: Run intro.
20260831 131811.582 INFO             PET1     >>>OCN-TO-ATM entered Run (phase=RunPhase1)
20260831 131811.582 INFO             PET1     <<<OCN-TO-ATM leaving Run (phase=RunPhase1)
20260831 131811.582 INFO             PET1   OCN-TO-ATM: Run extro.
20260831 131811.589 INFO             PET1   OCN: Run intro.
20260831 131811.589 INFO             PET1     >>>OCN: entered Run (phase=RunPhase1) with current time: 2012 10 24 18 45  0   0
20260831 131811.589 INFO             PET1     LUMO Advance(): --- VMK::log() start -------------------------------------
20260831 131811.589 INFO             PET1     LUMO Advance(): vm located at: 0x14cf05d80
20260831 131811.589 INFO             PET1     LUMO Advance(): mpionly=1 threadsflag=0
20260831 131811.589 INFO             PET1     LUMO Advance(): ssiCount=1 localSsi=0
20260831 131811.589 INFO             PET1     LUMO Advance(): devCount=0 ssiLocalDevCount=0
20260831 131811.589 INFO             PET1     LUMO Advance(): petCount=3 ssiLocalPetCount=3
20260831 131811.589 INFO             PET1     LUMO Advance(): localPet=1 mypthid=0x1f12850c0 ssiLocalPet=1 currentSsiPe=-1
20260831 131811.589 INFO             PET1     LUMO Advance(): ESMF level logical PET->PE association (but consider system level affinity pinning!):
20260831 131811.590 INFO             PET1     LUMO Advance(): PET=0 lpid=0 tid=0 pid=0 peCount=1 accCount=0
20260831 131811.590 INFO             PET1     LUMO Advance():  PE=0 SSI=0 SSIPE=0
20260831 131811.590 INFO             PET1     LUMO Advance(): PET=1 lpid=1 tid=0 pid=1 peCount=1 accCount=0
20260831 131811.590 INFO             PET1     LUMO Advance():  PE=1 SSI=0 SSIPE=1
20260831 131811.590 INFO             PET1     LUMO Advance(): PET=2 lpid=2 tid=0 pid=3 peCount=1 accCount=0
20260831 131811.590 INFO             PET1     LUMO Advance():  PE=3 SSI=0 SSIPE=3
20260831 131811.590 INFO             PET1     LUMO Advance(): --- VMK::log() end ---------------------------------------
20260831 131811.590 INFO             PET1     LUMO: localPet=   1   thread_num=   0   currentSsiPe=  -1   num_threads=   1   max_threads=   1   num_procs=  10
20260831 131811.590 INFO             PET1     ------>Advancing LUMO from: 2012 10 24 18 45  0   0
20260831 131811.590 INFO             PET1     ---------------------> to: 2012 10 24 18 50  0   0
20260831 131811.590 INFO             PET1     LUMO Advance(): --- VMK::log() start -------------------------------------
20260831 131811.590 INFO             PET1     LUMO Advance(): vm located at: 0x14cf05d80
20260831 131811.590 INFO             PET1     LUMO Advance(): mpionly=1 threadsflag=0
20260831 131811.590 INFO             PET1     LUMO Advance(): ssiCount=1 localSsi=0
20260831 131811.590 INFO             PET1     LUMO Advance(): devCount=0 ssiLocalDevCount=0
20260831 131811.590 INFO             PET1     LUMO Advance(): petCount=3 ssiLocalPetCount=3
20260831 131811.590 INFO             PET1     LUMO Advance(): localPet=1 mypthid=0x1f12850c0 ssiLocalPet=1 currentSsiPe=-1
20260831 131811.590 INFO             PET1     LUMO Advance(): ESMF level logical PET->PE association (but consider system level affinity pinning!):
20260831 131811.590 INFO             PET1     LUMO Advance(): PET=0 lpid=0 tid=0 pid=0 peCount=1 accCount=0
20260831 131811.590 INFO             PET1     LUMO Advance():  PE=0 SSI=0 SSIPE=0
20260831 131811.590 INFO             PET1     LUMO Advance(): PET=1 lpid=1 tid=0 pid=1 peCount=1 accCount=0
20260831 131811.590 INFO             PET1     LUMO Advance():  PE=1 SSI=0 SSIPE=1
20260831 131811.590 INFO             PET1     LUMO Advance(): PET=2 lpid=2 tid=0 pid=3 peCount=1 accCount=0
20260831 131811.590 INFO             PET1     LUMO Advance():  PE=3 SSI=0 SSIPE=3
20260831 131811.590 INFO             PET1     LUMO Advance(): --- VMK::log() end ---------------------------------------
20260831 131811.590 INFO             PET1     LUMO: localPet=   1   thread_num=   0   currentSsiPe=  -1   num_threads=   1   max_threads=   1   num_procs=  10
20260831 131811.590 INFO             PET1     ------>Advancing LUMO from: 2012 10 24 18 50  0   0
20260831 131811.590 INFO             PET1     ---------------------> to: 2012 10 24 18 55  0   0
20260831 131811.590 INFO             PET1     LUMO Advance(): --- VMK::log() start -------------------------------------
20260831 131811.590 INFO             PET1     LUMO Advance(): vm located at: 0x14cf05d80
20260831 131811.590 INFO             PET1     LUMO Advance(): mpionly=1 threadsflag=0
20260831 131811.590 INFO             PET1     LUMO Advance(): ssiCount=1 localSsi=0
20260831 131811.590 INFO             PET1     LUMO Advance(): devCount=0 ssiLocalDevCount=0
20260831 131811.590 INFO             PET1     LUMO Advance(): petCount=3 ssiLocalPetCount=3
20260831 131811.590 INFO             PET1     LUMO Advance(): localPet=1 mypthid=0x1f12850c0 ssiLocalPet=1 currentSsiPe=-1
20260831 131811.590 INFO             PET1     LUMO Advance(): ESMF level logical PET->PE association (but consider system level affinity pinning!):
20260831 131811.590 INFO             PET1     LUMO Advance(): PET=0 lpid=0 tid=0 pid=0 peCount=1 accCount=0
20260831 131811.590 INFO             PET1     LUMO Advance():  PE=0 SSI=0 SSIPE=0
20260831 131811.590 INFO             PET1     LUMO Advance(): PET=1 lpid=1 tid=0 pid=1 peCount=1 accCount=0
20260831 131811.590 INFO             PET1     LUMO Advance():  PE=1 SSI=0 SSIPE=1
20260831 131811.590 INFO             PET1     LUMO Advance(): PET=2 lpid=2 tid=0 pid=3 peCount=1 accCount=0
20260831 131811.590 INFO             PET1     LUMO Advance():  PE=3 SSI=0 SSIPE=3
20260831 131811.590 INFO             PET1     LUMO Advance(): --- VMK::log() end ---------------------------------------
20260831 131811.590 INFO             PET1     LUMO: localPet=   1   thread_num=   0   currentSsiPe=  -1   num_threads=   1   max_threads=   1   num_procs=  10
20260831 131811.590 INFO             PET1     ------>Advancing LUMO from: 2012 10 24 18 55  0   0
20260831 131811.590 INFO             PET1     ---------------------> to: 2012 10 24 19  0  0   0
20260831 131811.590 INFO             PET1     <<<OCN: leaving Run (phase=RunPhase1) with current time: 2012 10 24 19  0  0   0
20260831 131811.590 INFO             PET1   OCN: Run extro.
20260831 131811.590 INFO             PET1   <<<ESMX_Driver: leaving Run (phase=RunPhase1) with current time: 2012 10 24 19  0  0   0
20260831 131811.590 INFO             PET1 ESMX_Driver: Run extro.
20260831 131811.590 INFO             PET1 ESMX_Driver: Finalize intro.
20260831 131811.591 INFO             PET1   >>>ESMX_Driver: entered Finalize (phase=FinalizePhase1) with current time: 2012 10 24 19  0  0   0
20260831 131811.591 INFO             PET1   Calling Finalize phase 1 for connectorComp: ATM-TO-OCN
20260831 131811.591 INFO             PET1   ATM-TO-OCN: Finalize intro.
20260831 131811.591 INFO             PET1   ATM-TO-OCN: Finalize extro.
20260831 131811.591 INFO             PET1   Calling Finalize phase 1 for connectorComp: OCN-TO-ATM
20260831 131811.591 INFO             PET1   OCN-TO-ATM: Finalize intro.
20260831 131811.591 INFO             PET1   OCN-TO-ATM: Finalize extro.
20260831 131811.591 INFO             PET1   Calling Finalize phase 1 for modelComp: ATM
20260831 131811.591 INFO             PET1   Calling Finalize phase 1 for modelComp: OCN
20260831 131811.591 INFO             PET1   OCN: Finalize intro.
20260831 131811.591 INFO             PET1     >>>OCN: entered Finalize (phase=FinalizePhase1) with current time: 2012 10 24 19  0  0   0
20260831 131811.591 INFO             PET1     <<<OCN: leaving Finalize (phase=FinalizePhase1) with current time: 2012 10 24 19  0  0   0
20260831 131811.591 INFO             PET1   OCN: Finalize extro.
20260831 131811.591 INFO             PET1   Delete modelComp: ATM
20260831 131811.592 INFO             PET1   Delete modelComp: OCN
20260831 131811.592 INFO             PET1   Delete connectorComp: ATM-TO-OCN
20260831 131811.592 INFO             PET1   Delete connectorComp: OCN-TO-ATM
20260831 131811.592 INFO             PET1   <<<ESMX_Driver: leaving Finalize (phase=FinalizePhase1) with current time: 2012 10 24 19  0  0   0
20260831 131811.592 INFO             PET1 ESMX_Driver: Finalize extro.
20260831 131811.592 INFO             PET1 =============================================
20260831 131811.592 INFO             PET1 ESMX (Earth System Model eXecutable) FINISHED
20260831 131811.592 INFO             PET1 =============================================
20260831 131811.592 INFO             PET1  Finalizing ESMF
20260831 131811.592 INFO             PET1 ESMCI_IO_Handler.C:335 ESMCI::IO_Handler::finalize() 
20260831 131811.592 INFO             PET1 ESMCI_PIO_Handler.C:357 ESMCI::PIO_Handler::finalize() 
20260831 131811.592 INFO             PET1 ESMCI_IO_Handler.C:337 ESMCI::IO_Handler::finalize() after finalize, localrc = 0
20260831 131811.592 INFO             PET1 ESMCI_IO_Handler.C:360 ESMCI::IO_Handler::finalize() before return, localrc = 0
20260831 131811.072 INFO             PET2 !!!!!!!!!!!!!!!!!!!!!!!!!!!!!!!!!!!!!!!!!!!!!!!!!!!!!!
20260831 131811.073 INFO             PET2 !!! THE ESMF_LOG IS SET TO OUTPUT ALL LOG MESSAGES !!!
20260831 131811.073 INFO             PET2 !!!     THIS MAY CAUSE SLOWDOWN IN PERFORMANCE     !!!
20260831 131811.073 INFO             PET2 !!! FOR PRODUCTION RUNS, USE:                      !!!
20260831 131811.073 INFO             PET2 !!!                   ESMF_LOGKIND_Multi_On_Error  !!!
20260831 131811.073 INFO             PET2 !!!!!!!!!!!!!!!!!!!!!!!!!!!!!!!!!!!!!!!!!!!!!!!!!!!!!!
20260831 131811.073 INFO             PET2 Running with ESMF Version   : develop+g1082792c4b
20260831 131811.073 INFO             PET2 ESMF library build date/time: "Aug 31 2026" "12:42:53"
20260831 131811.073 INFO             PET2 ESMF library build location : /Users/oehmke/ESMF_AutoTest/gfortranclang_12.2.0_14.0.0_mpich_g_develop/esmf
20260831 131811.073 INFO             PET2 ESMF_COMM                   : mpich
20260831 131811.073 INFO             PET2 ESMF_MOAB                   : enabled
20260831 131811.073 INFO             PET2 ESMF_LAPACK                 : enabled
20260831 131811.073 INFO             PET2 ESMF_NETCDF                 : enabled
20260831 131811.073 INFO             PET2 ESMF_PNETCDF                : disabled
20260831 131811.073 INFO             PET2 ESMF_PIO                    : enabled
20260831 131811.073 INFO             PET2 ESMF_YAMLCPP                : enabled
20260831 131811.076 INFO             PET2 =============================================
20260831 131811.076 INFO             PET2 ESMX (Earth System Model eXecutable) STARTING
20260831 131811.076 INFO             PET2 =============================================
20260831 131811.090 DEBUG            PET2 Generic SetVM() is executing for: ESMX_Driver
20260831 131811.090 DEBUG            PET2 Generic SetVM() found no NUOPC Hint for: ESMX_Driver
20260831 131811.090 DEBUG            PET2 Generic SetVM() therefore is NOT calling ESMF_GridCompSetVMMaxPEs() for: ESMX_Driver
20260831 131811.096 INFO             PET2 ESMX_Driver: InitializeGeneric intro.
20260831 131811.096 INFO             PET2   >>>ESMX_Driver: entered Initialize (phase=<none>) without valid internal Clock.
20260831 131811.096 INFO             PET2   ESMX_Driver: InitializeP0 intro.
20260831 131811.096 INFO             PET2     >>>ESMX_Driver: entered Initialize (phase=<none>) without valid internal Clock.
20260831 131811.096 INFO             PET2     <<<ESMX_Driver: leaving Initialize (phase=<none>) without valid internal Clock.
20260831 131811.096 INFO             PET2   ESMX_Driver: InitializeP0 extro.
20260831 131811.096 INFO             PET2   ESMX_Driver: InitializeIPDv02p1 intro.
20260831 131811.096 INFO             PET2     >>>ESMX_Driver: entered Initialize (phase=<none>) without valid internal Clock.
20260831 131811.103 INFO             PET2     ESMX_Driver - Creating model component ATM with petList of size 4 :
20260831 131811.103 INFO             PET2           3      2      1      0
20260831 131811.103 DEBUG            PET2     Generic SetVM() is executing for: ATM
20260831 131811.103 DEBUG            PET2     Generic SetVM() is calling ESMF_GridCompSetVMMaxPEs() for: ATM with:
20260831 131811.103 DEBUG            PET2      -             MaxCount =          4
20260831 131811.104 DEBUG            PET2      -       OpenMpHandling =
20260831 131811.104 DEBUG            PET2      -     OpenMpNumThreads =         -1
20260831 131811.104 DEBUG            PET2      -   ForceChildPthreads =          F
20260831 131811.104 DEBUG            PET2      -  PthreadMinStackSize =         -1
20260831 131811.104 DEBUG            PET2     vmkt_create()#229 Pthread: service=1 (0: actual PET, 1: service thread) - PTHREAD_STACK_MIN: 16384 bytes stack_size: 4194304 bytes
20260831 131811.104 DEBUG            PET2     vmkt_create()#229 Pthread: service=1 (0: actual PET, 1: service thread) - PTHREAD_STACK_MIN: 16384 bytes stack_size: 4194304 bytes
20260831 131811.117 INFO             PET2     ESMX_Driver - Creating model component OCN with petList of size 3 :
20260831 131811.117 INFO             PET2           0      1      3
20260831 131811.117 DEBUG            PET2     Generic SetVM() is executing for: OCN
20260831 131811.129 INFO             PET2     ESMX_Driver - Creating connector component ATM-TO-OCN with petList of size 4 :
20260831 131811.129 INFO             PET2           3      2      1      0
20260831 131811.133 INFO             PET2     ESMX_Driver - Setting Verbosity on created component to: low
20260831 131811.133 INFO             PET2     ESMX_Driver - Setting Profiling on created component to:          0
20260831 131811.133 INFO             PET2     ESMX_Driver - Creating connector component OCN-TO-ATM with petList of size 4 :
20260831 131811.133 INFO             PET2           0      1      3      2
20260831 131811.137 INFO             PET2     ESMX_Driver - Setting Verbosity on created component to: low
20260831 131811.137 INFO             PET2     ESMX_Driver - Setting Profiling on created component to:          0
20260831 131811.138 INFO             PET2     ESMX_Driver: IInitAdvertise intro.
20260831 131811.138 INFO             PET2       >>>ESMX_Driver: entered Initialize (phase=<none>) with current time: 2012 10 24 18  0  0   0
20260831 131811.138 INFO             PET2       <<<ESMX_Driver: leaving Initialize (phase=<none>) with current time: 2012 10 24 18  0  0   0
20260831 131811.138 INFO             PET2     ESMX_Driver: IInitAdvertise extro.
20260831 131811.146 INFO             PET2     ATM-TO-OCN: InitializeIPDv05p1 intro.
20260831 131811.149 INFO             PET2     ATM-TO-OCN: InitializeIPDv05p1 extro.
20260831 131811.149 INFO             PET2     OCN-TO-ATM: InitializeIPDv05p1 intro.
20260831 131811.151 INFO             PET2     OCN-TO-ATM: InitializeIPDv05p1 extro.
20260831 131811.152 INFO             PET2     ESMX_Driver: IInitAdvertiseFinish intro.
20260831 131811.152 INFO             PET2       >>>ESMX_Driver: entered Initialize (phase=<none>) with current time: 2012 10 24 18  0  0   0
20260831 131811.152 INFO             PET2       <<<ESMX_Driver: leaving Initialize (phase=<none>) with current time: 2012 10 24 18  0  0   0
20260831 131811.152 INFO             PET2     ESMX_Driver: IInitAdvertiseFinish extro.
20260831 131811.152 INFO             PET2     ATM-TO-OCN: InitializeIPDv05p2a intro.
20260831 131811.155 INFO             PET2     ATM-TO-OCN: InitializeIPDv05p2a extro.
20260831 131811.155 INFO             PET2     OCN-TO-ATM: InitializeIPDv05p2a intro.
20260831 131811.158 INFO             PET2     OCN-TO-ATM: InitializeIPDv05p2a extro.
20260831 131811.158 INFO             PET2     ATM-TO-OCN: InitializeIPDv05p2b intro.
20260831 131811.161 INFO             PET2     ATM-TO-OCN: InitializeIPDv05p2b extro.
20260831 131811.161 INFO             PET2     OCN-TO-ATM: InitializeIPDv05p2b intro.
20260831 131811.164 INFO             PET2     OCN-TO-ATM: InitializeIPDv05p2b extro.
20260831 131811.164 INFO             PET2     ESMX_Driver: IInitModifyCplLists intro.
20260831 131811.164 INFO             PET2       >>>ESMX_Driver: entered Initialize (phase=<none>) with current time: 2012 10 24 18  0  0   0
20260831 131811.165 INFO             PET2       <<<ESMX_Driver: leaving Initialize (phase=<none>) with current time: 2012 10 24 18  0  0   0
20260831 131811.165 INFO             PET2     ESMX_Driver: IInitModifyCplLists extro.
20260831 131811.165 INFO             PET2     ATM-TO-OCN: InitializeIPDv05p3 intro.
20260831 131811.168 INFO             PET2     ATM-TO-OCN: InitializeIPDv05p3 extro.
20260831 131811.168 INFO             PET2     OCN-TO-ATM: InitializeIPDv05p3 intro.
20260831 131811.171 INFO             PET2     OCN-TO-ATM: InitializeIPDv05p3 extro.
20260831 131811.171 INFO             PET2     <<<ESMX_Driver: leaving Initialize (phase=<none>) with current time: 2012 10 24 18  0  0   0
20260831 131811.171 INFO             PET2   ESMX_Driver: InitializeIPDv02p1 extro.
20260831 131811.171 INFO             PET2   ESMX_Driver: InitializeIPDv02p3 intro.
20260831 131811.172 INFO             PET2     >>>ESMX_Driver: entered Initialize (phase=<none>) with current time: 2012 10 24 18  0  0   0
20260831 131811.172 INFO             PET2     ESMX_Driver: IInitCheck intro.
20260831 131811.172 INFO             PET2       >>>ESMX_Driver: entered Initialize (phase=<none>) with current time: 2012 10 24 18  0  0   0
20260831 131811.172 INFO             PET2       <<<ESMX_Driver: leaving Initialize (phase=<none>) with current time: 2012 10 24 18  0  0   0
20260831 131811.172 INFO             PET2     ESMX_Driver: IInitCheck extro.
20260831 131811.217 INFO             PET2     ATM-TO-OCN: InitializeIPDv05p4 intro.
20260831 131811.223 INFO             PET2     ATM-TO-OCN: InitializeIPDv05p4 extro.
20260831 131811.223 INFO             PET2     OCN-TO-ATM: InitializeIPDv05p4 intro.
20260831 131811.228 INFO             PET2     OCN-TO-ATM: InitializeIPDv05p4 extro.
20260831 131811.228 INFO             PET2     ATM-TO-OCN: InitializeIPDv05p5 intro.
20260831 131811.234 INFO             PET2     ATM-TO-OCN: InitializeIPDv05p5 extro.
20260831 131811.234 INFO             PET2     OCN-TO-ATM: InitializeIPDv05p5 intro.
20260831 131811.239 INFO             PET2     OCN-TO-ATM: InitializeIPDv05p5 extro.
20260831 131811.239 INFO             PET2     ESMX_Driver: IInitRealize intro.
20260831 131811.239 INFO             PET2       >>>ESMX_Driver: entered Initialize (phase=<none>) with current time: 2012 10 24 18  0  0   0
20260831 131811.240 INFO             PET2       <<<ESMX_Driver: leaving Initialize (phase=<none>) with current time: 2012 10 24 18  0  0   0
20260831 131811.240 INFO             PET2     ESMX_Driver: IInitRealize extro.
20260831 131811.240 INFO             PET2     ATM-TO-OCN: InitializeIPDv05p6a intro.
20260831 131811.245 INFO             PET2     ATM-TO-OCN: InitializeIPDv05p6a extro.
20260831 131811.245 INFO             PET2     OCN-TO-ATM: InitializeIPDv05p6a intro.
20260831 131811.250 INFO             PET2     OCN-TO-ATM: InitializeIPDv05p6a extro.
20260831 131811.250 INFO             PET2     ATM-TO-OCN: InitializeIPDv05p6b intro.
20260831 131811.392 INFO             PET2     ATM-TO-OCN: InitializeIPDv05p6b extro.
20260831 131811.392 INFO             PET2     OCN-TO-ATM: InitializeIPDv05p6b intro.
20260831 131811.533 INFO             PET2     OCN-TO-ATM: InitializeIPDv05p6b extro.
20260831 131811.533 INFO             PET2     <<<ESMX_Driver: leaving Initialize (phase=<none>) with current time: 2012 10 24 18  0  0   0
20260831 131811.533 INFO             PET2   ESMX_Driver: InitializeIPDv02p3 extro.
20260831 131811.533 INFO             PET2   ESMX_Driver: InitializeIPDv02p5 intro.
20260831 131811.533 INFO             PET2     >>>ESMX_Driver: entered Initialize (phase=<none>) with current time: 2012 10 24 18  0  0   0
20260831 131811.533 INFO             PET2     ESMX_Driver: InitializeIPDv02p5Data intro.
20260831 131811.534 INFO             PET2       >>>ESMX_Driver: entered Initialize (phase=<none>) with current time: 2012 10 24 18  0  0   0
20260831 131811.534 INFO             PET2       ESMX_Driver: InternalInitializeComplete intro.
20260831 131811.534 INFO             PET2         >>>ESMX_Driver: entered Initialize (phase=<none>) with current time: 2012 10 24 18  0  0   0
20260831 131811.534 INFO             PET2         <<<ESMX_Driver: leaving Initialize (phase=<none>) with current time: 2012 10 24 18  0  0   0
20260831 131811.534 INFO             PET2       ESMX_Driver: InternalInitializeComplete extro.
20260831 131811.549 INFO             PET2       ESMX_Driver: loopDataDependentInitialize intro.
20260831 131811.549 INFO             PET2         >>>ESMX_Driver: entered Initialize (phase=<none>) with current time: 2012 10 24 18  0  0   0
20260831 131811.549 INFO             PET2         OCN-TO-ATM: Run intro.
20260831 131811.549 INFO             PET2           >>>OCN-TO-ATM entered Run (phase=RunPhase1)
20260831 131811.549 INFO             PET2           <<<OCN-TO-ATM leaving Run (phase=RunPhase1)
20260831 131811.549 INFO             PET2         OCN-TO-ATM: Run extro.
20260831 131811.557 INFO             PET2         <<<ESMX_Driver: leaving Initialize (phase=<none>) with current time: 2012 10 24 18  0  0   0
20260831 131811.557 INFO             PET2       ESMX_Driver: loopDataDependentInitialize extro.
20260831 131811.557 INFO             PET2       <<<ESMX_Driver: leaving Initialize (phase=<none>) with current time: 2012 10 24 18  0  0   0
20260831 131811.557 INFO             PET2     ESMX_Driver: InitializeIPDv02p5Data extro.
20260831 131811.557 INFO             PET2     <<<ESMX_Driver: leaving Initialize (phase=<none>) with current time: 2012 10 24 18  0  0   0
20260831 131811.557 INFO             PET2   ESMX_Driver: InitializeIPDv02p5 extro.
20260831 131811.557 INFO             PET2   <<<ESMX_Driver: leaving Initialize (phase=<none>) with current time: 2012 10 24 18  0  0   0
20260831 131811.557 INFO             PET2 ESMX_Driver: InitializeGeneric extro.
20260831 131811.557 INFO             PET2 ESMX_Driver: Run intro.
20260831 131811.557 INFO             PET2   >>>ESMX_Driver: entered Run (phase=RunPhase1) with current time: 2012 10 24 18  0  0   0
20260831 131811.557 INFO             PET2   ATM-TO-OCN: Run intro.
20260831 131811.557 INFO             PET2     >>>ATM-TO-OCN entered Run (phase=RunPhase1)
20260831 131811.557 INFO             PET2     <<<ATM-TO-OCN leaving Run (phase=RunPhase1)
20260831 131811.557 INFO             PET2   ATM-TO-OCN: Run extro.
20260831 131811.557 INFO             PET2   OCN-TO-ATM: Run intro.
20260831 131811.557 INFO             PET2     >>>OCN-TO-ATM entered Run (phase=RunPhase1)
20260831 131811.557 INFO             PET2     <<<OCN-TO-ATM leaving Run (phase=RunPhase1)
20260831 131811.558 INFO             PET2   OCN-TO-ATM: Run extro.
20260831 131811.564 INFO             PET2   ATM-TO-OCN: Run intro.
20260831 131811.564 INFO             PET2     >>>ATM-TO-OCN entered Run (phase=RunPhase1)
20260831 131811.564 INFO             PET2     <<<ATM-TO-OCN leaving Run (phase=RunPhase1)
20260831 131811.564 INFO             PET2   ATM-TO-OCN: Run extro.
20260831 131811.564 INFO             PET2   OCN-TO-ATM: Run intro.
20260831 131811.564 INFO             PET2     >>>OCN-TO-ATM entered Run (phase=RunPhase1)
20260831 131811.564 INFO             PET2     <<<OCN-TO-ATM leaving Run (phase=RunPhase1)
20260831 131811.564 INFO             PET2   OCN-TO-ATM: Run extro.
20260831 131811.572 INFO             PET2   ATM-TO-OCN: Run intro.
20260831 131811.573 INFO             PET2     >>>ATM-TO-OCN entered Run (phase=RunPhase1)
20260831 131811.573 INFO             PET2     <<<ATM-TO-OCN leaving Run (phase=RunPhase1)
20260831 131811.573 INFO             PET2   ATM-TO-OCN: Run extro.
20260831 131811.573 INFO             PET2   OCN-TO-ATM: Run intro.
20260831 131811.573 INFO             PET2     >>>OCN-TO-ATM entered Run (phase=RunPhase1)
20260831 131811.573 INFO             PET2     <<<OCN-TO-ATM leaving Run (phase=RunPhase1)
20260831 131811.573 INFO             PET2   OCN-TO-ATM: Run extro.
20260831 131811.581 INFO             PET2   ATM-TO-OCN: Run intro.
20260831 131811.581 INFO             PET2     >>>ATM-TO-OCN entered Run (phase=RunPhase1)
20260831 131811.581 INFO             PET2     <<<ATM-TO-OCN leaving Run (phase=RunPhase1)
20260831 131811.581 INFO             PET2   ATM-TO-OCN: Run extro.
20260831 131811.581 INFO             PET2   OCN-TO-ATM: Run intro.
20260831 131811.581 INFO             PET2     >>>OCN-TO-ATM entered Run (phase=RunPhase1)
20260831 131811.581 INFO             PET2     <<<OCN-TO-ATM leaving Run (phase=RunPhase1)
20260831 131811.581 INFO             PET2   OCN-TO-ATM: Run extro.
20260831 131811.589 INFO             PET2   <<<ESMX_Driver: leaving Run (phase=RunPhase1) with current time: 2012 10 24 19  0  0   0
20260831 131811.589 INFO             PET2 ESMX_Driver: Run extro.
20260831 131811.589 INFO             PET2 ESMX_Driver: Finalize intro.
20260831 131811.589 INFO             PET2   >>>ESMX_Driver: entered Finalize (phase=FinalizePhase1) with current time: 2012 10 24 19  0  0   0
20260831 131811.589 INFO             PET2   Calling Finalize phase 1 for connectorComp: ATM-TO-OCN
20260831 131811.589 INFO             PET2   ATM-TO-OCN: Finalize intro.
20260831 131811.589 INFO             PET2   ATM-TO-OCN: Finalize extro.
20260831 131811.589 INFO             PET2   Calling Finalize phase 1 for connectorComp: OCN-TO-ATM
20260831 131811.590 INFO             PET2   OCN-TO-ATM: Finalize intro.
20260831 131811.590 INFO             PET2   OCN-TO-ATM: Finalize extro.
20260831 131811.590 INFO             PET2   Calling Finalize phase 1 for modelComp: ATM
20260831 131811.591 INFO             PET2   Calling Finalize phase 1 for modelComp: OCN
20260831 131811.591 INFO             PET2   Delete modelComp: ATM
20260831 131811.591 INFO             PET2   Delete modelComp: OCN
20260831 131811.591 INFO             PET2   Delete connectorComp: ATM-TO-OCN
20260831 131811.591 INFO             PET2   Delete connectorComp: OCN-TO-ATM
20260831 131811.592 INFO             PET2   <<<ESMX_Driver: leaving Finalize (phase=FinalizePhase1) with current time: 2012 10 24 19  0  0   0
20260831 131811.592 INFO             PET2 ESMX_Driver: Finalize extro.
20260831 131811.592 INFO             PET2 =============================================
20260831 131811.592 INFO             PET2 ESMX (Earth System Model eXecutable) FINISHED
20260831 131811.592 INFO             PET2 =============================================
20260831 131811.592 INFO             PET2  Finalizing ESMF
20260831 131811.592 INFO             PET2 ESMCI_IO_Handler.C:335 ESMCI::IO_Handler::finalize() 
20260831 131811.592 INFO             PET2 ESMCI_PIO_Handler.C:357 ESMCI::PIO_Handler::finalize() 
20260831 131811.592 INFO             PET2 ESMCI_IO_Handler.C:337 ESMCI::IO_Handler::finalize() after finalize, localrc = 0
20260831 131811.592 INFO             PET2 ESMCI_IO_Handler.C:360 ESMCI::IO_Handler::finalize() before return, localrc = 0
20260831 131811.072 INFO             PET3 !!!!!!!!!!!!!!!!!!!!!!!!!!!!!!!!!!!!!!!!!!!!!!!!!!!!!!
20260831 131811.072 INFO             PET3 !!! THE ESMF_LOG IS SET TO OUTPUT ALL LOG MESSAGES !!!
20260831 131811.072 INFO             PET3 !!!     THIS MAY CAUSE SLOWDOWN IN PERFORMANCE     !!!
20260831 131811.072 INFO             PET3 !!! FOR PRODUCTION RUNS, USE:                      !!!
20260831 131811.072 INFO             PET3 !!!                   ESMF_LOGKIND_Multi_On_Error  !!!
20260831 131811.072 INFO             PET3 !!!!!!!!!!!!!!!!!!!!!!!!!!!!!!!!!!!!!!!!!!!!!!!!!!!!!!
20260831 131811.072 INFO             PET3 Running with ESMF Version   : develop+g1082792c4b
20260831 131811.072 INFO             PET3 ESMF library build date/time: "Aug 31 2026" "12:42:53"
20260831 131811.072 INFO             PET3 ESMF library build location : /Users/oehmke/ESMF_AutoTest/gfortranclang_12.2.0_14.0.0_mpich_g_develop/esmf
20260831 131811.072 INFO             PET3 ESMF_COMM                   : mpich
20260831 131811.072 INFO             PET3 ESMF_MOAB                   : enabled
20260831 131811.072 INFO             PET3 ESMF_LAPACK                 : enabled
20260831 131811.072 INFO             PET3 ESMF_NETCDF                 : enabled
20260831 131811.072 INFO             PET3 ESMF_PNETCDF                : disabled
20260831 131811.072 INFO             PET3 ESMF_PIO                    : enabled
20260831 131811.072 INFO             PET3 ESMF_YAMLCPP                : enabled
20260831 131811.076 INFO             PET3 =============================================
20260831 131811.076 INFO             PET3 ESMX (Earth System Model eXecutable) STARTING
20260831 131811.076 INFO             PET3 =============================================
20260831 131811.091 DEBUG            PET3 Generic SetVM() is executing for: ESMX_Driver
20260831 131811.091 DEBUG            PET3 Generic SetVM() found no NUOPC Hint for: ESMX_Driver
20260831 131811.091 DEBUG            PET3 Generic SetVM() therefore is NOT calling ESMF_GridCompSetVMMaxPEs() for: ESMX_Driver
20260831 131811.096 INFO             PET3 ESMX_Driver: InitializeGeneric intro.
20260831 131811.096 INFO             PET3   >>>ESMX_Driver: entered Initialize (phase=<none>) without valid internal Clock.
20260831 131811.096 INFO             PET3   ESMX_Driver: InitializeP0 intro.
20260831 131811.096 INFO             PET3     >>>ESMX_Driver: entered Initialize (phase=<none>) without valid internal Clock.
20260831 131811.096 INFO             PET3     <<<ESMX_Driver: leaving Initialize (phase=<none>) without valid internal Clock.
20260831 131811.096 INFO             PET3   ESMX_Driver: InitializeP0 extro.
20260831 131811.096 INFO             PET3   ESMX_Driver: InitializeIPDv02p1 intro.
20260831 131811.096 INFO             PET3     >>>ESMX_Driver: entered Initialize (phase=<none>) without valid internal Clock.
20260831 131811.103 INFO             PET3     ESMX_Driver - Creating model component ATM with petList of size 4 :
20260831 131811.103 INFO             PET3           3      2      1      0
20260831 131811.103 DEBUG            PET3     Generic SetVM() is executing for: ATM
20260831 131811.103 DEBUG            PET3     Generic SetVM() is calling ESMF_GridCompSetVMMaxPEs() for: ATM with:
20260831 131811.103 DEBUG            PET3      -             MaxCount =          4
20260831 131811.103 DEBUG            PET3      -       OpenMpHandling =
20260831 131811.104 DEBUG            PET3      -     OpenMpNumThreads =         -1
20260831 131811.104 DEBUG            PET3      -   ForceChildPthreads =          F
20260831 131811.104 DEBUG            PET3      -  PthreadMinStackSize =         -1
20260831 131811.117 INFO             PET3     ESMX_Driver - Creating model component OCN with petList of size 3 :
20260831 131811.117 INFO             PET3           0      1      3
20260831 131811.117 DEBUG            PET3     Generic SetVM() is executing for: OCN
20260831 131811.124 INFO             PET3     ATM: InitializeP0 intro.
20260831 131811.124 INFO             PET3       >>>ATM: entered Initialize (phase=<none>) without valid internal Clock.
20260831 131811.124 INFO             PET3       <<<ATM: leaving Initialize (phase=<none>) without valid internal Clock.
20260831 131811.125 INFO             PET3     ATM: InitializeP0 extro.
20260831 131811.125 INFO             PET3     OCN: InitializeP0 intro.
20260831 131811.125 INFO             PET3       >>>OCN: entered Initialize (phase=<none>) without valid internal Clock.
20260831 131811.125 INFO             PET3       <<<OCN: leaving Initialize (phase=<none>) without valid internal Clock.
20260831 131811.126 INFO             PET3     OCN: InitializeP0 extro.
20260831 131811.129 INFO             PET3     ESMX_Driver - Creating connector component ATM-TO-OCN with petList of size 4 :
20260831 131811.129 INFO             PET3           3      2      1      0
20260831 131811.133 INFO             PET3     ESMX_Driver - Setting Verbosity on created component to: low
20260831 131811.133 INFO             PET3     ESMX_Driver - Setting Profiling on created component to:          0
20260831 131811.133 INFO             PET3     ESMX_Driver - Creating connector component OCN-TO-ATM with petList of size 4 :
20260831 131811.133 INFO             PET3           0      1      3      2
20260831 131811.137 INFO             PET3     ESMX_Driver - Setting Verbosity on created component to: low
20260831 131811.137 INFO             PET3     ESMX_Driver - Setting Profiling on created component to:          0
20260831 131811.138 INFO             PET3     ESMX_Driver: IInitAdvertise intro.
20260831 131811.138 INFO             PET3       >>>ESMX_Driver: entered Initialize (phase=<none>) with current time: 2012 10 24 18  0  0   0
20260831 131811.138 INFO             PET3       <<<ESMX_Driver: leaving Initialize (phase=<none>) with current time: 2012 10 24 18  0  0   0
20260831 131811.138 INFO             PET3     ESMX_Driver: IInitAdvertise extro.
20260831 131811.139 INFO             PET3     ATM: InitializeIPDvXp01 intro.
20260831 131811.139 INFO             PET3       >>>ATM: entered Initialize (phase=IPDvXp01) without valid internal Clock.
20260831 131811.141 INFO             PET3       <<<ATM: leaving Initialize (phase=IPDvXp01) without valid internal Clock.
20260831 131811.141 INFO             PET3     ATM: InitializeIPDvXp01 extro.
20260831 131811.141 INFO             PET3     OCN: InitializeIPDvXp01 intro.
20260831 131811.141 INFO             PET3       >>>OCN: entered Initialize (phase=IPDvXp01) without valid internal Clock.
20260831 131811.144 INFO             PET3       <<<OCN: leaving Initialize (phase=IPDvXp01) without valid internal Clock.
20260831 131811.144 INFO             PET3     OCN: InitializeIPDvXp01 extro.
20260831 131811.145 INFO             PET3     ATM-TO-OCN: InitializeIPDv05p1 intro.
20260831 131811.148 INFO             PET3     ATM-TO-OCN: InitializeIPDv05p1 extro.
20260831 131811.149 INFO             PET3     OCN-TO-ATM: InitializeIPDv05p1 intro.
20260831 131811.151 INFO             PET3     OCN-TO-ATM: InitializeIPDv05p1 extro.
20260831 131811.151 INFO             PET3     ESMX_Driver: IInitAdvertiseFinish intro.
20260831 131811.151 INFO             PET3       >>>ESMX_Driver: entered Initialize (phase=<none>) with current time: 2012 10 24 18  0  0   0
20260831 131811.151 INFO             PET3       <<<ESMX_Driver: leaving Initialize (phase=<none>) with current time: 2012 10 24 18  0  0   0
20260831 131811.151 INFO             PET3     ESMX_Driver: IInitAdvertiseFinish extro.
20260831 131811.152 INFO             PET3     ATM-TO-OCN: InitializeIPDv05p2a intro.
20260831 131811.155 INFO             PET3     ATM-TO-OCN: InitializeIPDv05p2a extro.
20260831 131811.155 INFO             PET3     OCN-TO-ATM: InitializeIPDv05p2a intro.
20260831 131811.158 INFO             PET3     OCN-TO-ATM: InitializeIPDv05p2a extro.
20260831 131811.158 INFO             PET3     ATM-TO-OCN: InitializeIPDv05p2b intro.
20260831 131811.161 INFO             PET3     ATM-TO-OCN: InitializeIPDv05p2b extro.
20260831 131811.161 INFO             PET3     OCN-TO-ATM: InitializeIPDv05p2b intro.
20260831 131811.164 INFO             PET3     OCN-TO-ATM: InitializeIPDv05p2b extro.
20260831 131811.164 INFO             PET3     ESMX_Driver: IInitModifyCplLists intro.
20260831 131811.164 INFO             PET3       >>>ESMX_Driver: entered Initialize (phase=<none>) with current time: 2012 10 24 18  0  0   0
20260831 131811.164 INFO             PET3       <<<ESMX_Driver: leaving Initialize (phase=<none>) with current time: 2012 10 24 18  0  0   0
20260831 131811.164 INFO             PET3     ESMX_Driver: IInitModifyCplLists extro.
20260831 131811.164 INFO             PET3     ATM-TO-OCN: InitializeIPDv05p3 intro.
20260831 131811.168 INFO             PET3     ATM-TO-OCN: InitializeIPDv05p3 extro.
20260831 131811.168 INFO             PET3     OCN-TO-ATM: InitializeIPDv05p3 intro.
20260831 131811.171 INFO             PET3     OCN-TO-ATM: InitializeIPDv05p3 extro.
20260831 131811.171 INFO             PET3     <<<ESMX_Driver: leaving Initialize (phase=<none>) with current time: 2012 10 24 18  0  0   0
20260831 131811.171 INFO             PET3   ESMX_Driver: InitializeIPDv02p1 extro.
20260831 131811.171 INFO             PET3   ESMX_Driver: InitializeIPDv02p3 intro.
20260831 131811.171 INFO             PET3     >>>ESMX_Driver: entered Initialize (phase=<none>) with current time: 2012 10 24 18  0  0   0
20260831 131811.171 INFO             PET3     ESMX_Driver: IInitCheck intro.
20260831 131811.171 INFO             PET3       >>>ESMX_Driver: entered Initialize (phase=<none>) with current time: 2012 10 24 18  0  0   0
20260831 131811.171 INFO             PET3       <<<ESMX_Driver: leaving Initialize (phase=<none>) with current time: 2012 10 24 18  0  0   0
20260831 131811.171 INFO             PET3     ESMX_Driver: IInitCheck extro.
20260831 131811.172 INFO             PET3     ATM: InitializeIPDvXp04 intro.
20260831 131811.172 INFO             PET3       >>>ATM: entered Initialize (phase=IPDvXp04) without valid internal Clock.
20260831 131811.175 INFO             PET3       <<<ATM: leaving Initialize (phase=IPDvXp04) without valid internal Clock.
20260831 131811.175 INFO             PET3     ATM: InitializeIPDvXp04 extro.
20260831 131811.175 INFO             PET3     OCN: InitializeIPDvXp04 intro.
20260831 131811.176 INFO             PET3       >>>OCN: entered Initialize (phase=IPDvXp04) without valid internal Clock.
20260831 131811.216 INFO             PET3       <<<OCN: leaving Initialize (phase=IPDvXp04) without valid internal Clock.
20260831 131811.216 INFO             PET3     OCN: InitializeIPDvXp04 extro.
20260831 131811.217 INFO             PET3     ATM-TO-OCN: InitializeIPDv05p4 intro.
20260831 131811.222 INFO             PET3     ATM-TO-OCN: InitializeIPDv05p4 extro.
20260831 131811.222 INFO             PET3     OCN-TO-ATM: InitializeIPDv05p4 intro.
20260831 131811.227 INFO             PET3     OCN-TO-ATM: InitializeIPDv05p4 extro.
20260831 131811.228 INFO             PET3     ATM-TO-OCN: InitializeIPDv05p5 intro.
20260831 131811.233 INFO             PET3     ATM-TO-OCN: InitializeIPDv05p5 extro.
20260831 131811.233 INFO             PET3     OCN-TO-ATM: InitializeIPDv05p5 intro.
20260831 131811.239 INFO             PET3     OCN-TO-ATM: InitializeIPDv05p5 extro.
20260831 131811.239 INFO             PET3     ESMX_Driver: IInitRealize intro.
20260831 131811.239 INFO             PET3       >>>ESMX_Driver: entered Initialize (phase=<none>) with current time: 2012 10 24 18  0  0   0
20260831 131811.239 INFO             PET3       <<<ESMX_Driver: leaving Initialize (phase=<none>) with current time: 2012 10 24 18  0  0   0
20260831 131811.239 INFO             PET3     ESMX_Driver: IInitRealize extro.
20260831 131811.239 INFO             PET3     ATM-TO-OCN: InitializeIPDv05p6a intro.
20260831 131811.244 INFO             PET3     ATM-TO-OCN: InitializeIPDv05p6a extro.
20260831 131811.244 INFO             PET3     OCN-TO-ATM: InitializeIPDv05p6a intro.
20260831 131811.250 INFO             PET3     OCN-TO-ATM: InitializeIPDv05p6a extro.
20260831 131811.250 INFO             PET3     ATM-TO-OCN: InitializeIPDv05p6b intro.
20260831 131811.392 INFO             PET3     ATM-TO-OCN: InitializeIPDv05p6b extro.
20260831 131811.392 INFO             PET3     OCN-TO-ATM: InitializeIPDv05p6b intro.
20260831 131811.533 INFO             PET3     OCN-TO-ATM: InitializeIPDv05p6b extro.
20260831 131811.533 INFO             PET3     ATM: InitializeIPDvXp07 intro.
20260831 131811.533 INFO             PET3       >>>ATM: entered Initialize (phase=IPDvXp07) without valid internal Clock.
20260831 131811.533 INFO             PET3       <<<ATM: leaving Initialize (phase=IPDvXp07) with current time: 2012 10 24 18  0  0   0
20260831 131811.533 INFO             PET3     ATM: InitializeIPDvXp07 extro.
20260831 131811.533 INFO             PET3     OCN: InitializeIPDvXp07 intro.
20260831 131811.533 INFO             PET3       >>>OCN: entered Initialize (phase=IPDvXp07) without valid internal Clock.
20260831 131811.533 INFO             PET3       <<<OCN: leaving Initialize (phase=IPDvXp07) with current time: 2012 10 24 18  0  0   0
20260831 131811.533 INFO             PET3     OCN: InitializeIPDvXp07 extro.
20260831 131811.533 INFO             PET3     <<<ESMX_Driver: leaving Initialize (phase=<none>) with current time: 2012 10 24 18  0  0   0
20260831 131811.534 INFO             PET3   ESMX_Driver: InitializeIPDv02p3 extro.
20260831 131811.534 INFO             PET3   ESMX_Driver: InitializeIPDv02p5 intro.
20260831 131811.534 INFO             PET3     >>>ESMX_Driver: entered Initialize (phase=<none>) with current time: 2012 10 24 18  0  0   0
20260831 131811.534 INFO             PET3     ESMX_Driver: InitializeIPDv02p5Data intro.
20260831 131811.534 INFO             PET3       >>>ESMX_Driver: entered Initialize (phase=<none>) with current time: 2012 10 24 18  0  0   0
20260831 131811.534 INFO             PET3       ESMX_Driver: InternalInitializeComplete intro.
20260831 131811.534 INFO             PET3         >>>ESMX_Driver: entered Initialize (phase=<none>) with current time: 2012 10 24 18  0  0   0
20260831 131811.534 INFO             PET3         <<<ESMX_Driver: leaving Initialize (phase=<none>) with current time: 2012 10 24 18  0  0   0
20260831 131811.534 INFO             PET3       ESMX_Driver: InternalInitializeComplete extro.
20260831 131811.534 INFO             PET3       ATM: InitializeIPDvXp08 intro.
20260831 131811.535 INFO             PET3         >>>ATM: entered Initialize (phase=IPDv05p8) with current time: 2012 10 24 18  0  0   0
20260831 131811.535 INFO             PET3 ESMCI_IO.C:150 ESMCI::IO::create() 
20260831 131811.535 INFO             PET3 ESMCI_IO.C:1049 ESMCI::IO::addArray() 
20260831 131811.535 INFO             PET3 ESMCI_IO.C:490 ESMCI::IO::write() 
20260831 131811.535 INFO             PET3 ESMCI_IO.C:845 ESMCI::IO::open() 
20260831 131811.535 INFO             PET3 ESMCI_PIO_Handler.C:178 ESMCI::PIO_Handler::initialize() 
20260831 131811.535 INFO             PET3 ESMCI_PIO_Handler.C:191 ESMCI::PIO_Handler::initialize()         Before PIOc_Init_Intracomm, num_iotasks = 1
20260831 131811.535 INFO             PET3 ESMCI_PIO_Handler.C:194 ESMCI::PIO_Handler::initialize()         After PIOc_Init_Intracomm, instance = 65536
20260831 131811.535 INFO             PET3 ESMCI_PIO_Handler.C:210 ESMCI::PIO_Handler::initialize()         After PIOc_Set_IOSystem_Error_Handling
20260831 131811.535 INFO             PET3 ESMCI_PIO_Handler.C:213 ESMCI::PIO_Handler::initialize()         push_back
20260831 131811.535 INFO             PET3 ESMCI_PIO_Handler.C:303 ESMCI::PIO_Handler::initializeVM         After initialize, rc = 0
20260831 131811.535 INFO             PET3 ESMCI_PIO_Handler.C:305 ESMCI::PIO_Handler::initializeVM         Looking for active instance, size = 1
20260831 131811.535 INFO             PET3 ESMCI_PIO_Handler.C:307 ESMCI::PIO_Handler::initializeVM         Fetched PIO system descriptor, 0x10000
20260831 131811.535 INFO             PET3 ESMCI_PIO_Handler.C:1561 ESMCI::PIO_Handler::isOpen() 
20260831 131811.535 INFO             PET3 ESMCI_PIO_Handler.C:1564 ESMCI::PIO_Handler::isOpen()         pioFileDesc is NULL
20260831 131811.535 INFO             PET3 ESMCI_PIO_Handler.C:1561 ESMCI::PIO_Handler::isOpen() 
20260831 131811.535 INFO             PET3 ESMCI_PIO_Handler.C:1564 ESMCI::PIO_Handler::isOpen()         pioFileDesc is NULL
20260831 131811.535 INFO             PET3 ESMCI_PIO_Handler.C:1279 ESMCI::PIO_Handler::openOneTileF 
20260831 131811.535 INFO             PET3 ESMCI_PIO_Handler.C:1561 ESMCI::PIO_Handler::isOpen() 
20260831 131811.535 INFO             PET3 ESMCI_PIO_Handler.C:1564 ESMCI::PIO_Handler::isOpen()         pioFileDesc is NULL
20260831 131811.535 INFO             PET3 ESMCI_IO_Handler.C:640 ESMCI::IO_Handler::fileExists()         File, "data_ATM_import.nc" does not exist
20260831 131811.535 INFO             PET3 ESMCI_PIO_Handler.C:1359 ESMCI::PIO_Handler::openOneTileF         Calling PIOc_createfile
20260831 131811.541 INFO             PET3 ESMCI_PIO_Handler.C:1385 ESMCI::PIO_Handler::openOneTileF         call to PIOc_createfile: success for data_ATM_import.nc iotype= 2 Mode 1 ESMF FMT 1
20260831 131811.541 INFO             PET3 ESMCI_IO.C:498 ESMCI::IO::write()         open returned 0
20260831 131811.541 INFO             PET3 ESMCI_IO.C:567 ESMCI::IO::write() 
20260831 131811.541 INFO             PET3 ESMCI_IO_Handler.C:449 ESMCI::IO_Handler::arrayWrite() 
20260831 131811.541 INFO             PET3 ESMCI_PIO_Handler.C:818 ESMCI::PIO_Handler::arrayWriteOn 
20260831 131811.541 INFO             PET3 ESMCI_PIO_Handler.C:1561 ESMCI::PIO_Handler::isOpen() 
20260831 131811.541 INFO             PET3 ESMCI_PIO_Handler.C:1567 ESMCI::PIO_Handler::isOpen()         File is open
20260831 131811.541 INFO             PET3 ESMCI_PIO_Handler.C:1718 ESMCI::PIO_Handler::getIODesc() 
20260831 131811.541 INFO             PET3 ESMCI_PIO_Handler.C:1721 ESMCI::PIO_Handler::getIODesc()         calling constructPioDecomp
20260831 131811.541 INFO             PET3 ESMCI_PIO_Handler.C:1974 ESMCI::PIO_IODescHandler::constr 
20260831 131811.541 INFO             PET3 ESMCI_PIO_Handler.C:1996 ESMCI::PIO_IODescHandler::constr         localDeCount = 1
20260831 131811.541 INFO             PET3 ESMCI_PIO_Handler.C:2025 ESMCI::PIO_IODescHandler::constr         pioDofCount = 1000
20260831 131811.541 INFO             PET3 ESMCI_PIO_Handler.C:2144 ESMCI::PIO_IODescHandler::constr         , IODesc shape = [ 010, 100 ], calling pio_initdecomp
20260831 131811.541 INFO             PET3 ESMCI_PIO_Handler.C:2151 ESMCI::PIO_IODescHandler::constr         , IODesc dims = [ 010, 100 ]
20260831 131811.542 INFO             PET3 ESMCI_PIO_Handler.C:2165 ESMCI::PIO_IODescHandler::constr         after call to PIOc_initdecomp_dof
20260831 131811.542 INFO             PET3 ESMCI_PIO_Handler.C:1724 ESMCI::PIO_Handler::getIODesc()         constructPioDecomp call complete, localrc = 0
20260831 131811.542 INFO             PET3 ESMCI_PIO_Handler.C:2280 ESMCI::PIO_IODescHandler::getDim 
20260831 131811.542 INFO             PET3 ESMCI_PIO_Handler.C:2287 ESMCI::PIO_IODescHandler::getDim         getDims: found handler, nioDims = 2, ioDims = 0x600003b1db00, narrDims = 2
20260831 131811.542 INFO             PET3 ESMCI_PIO_Handler.C:1751 ESMCI::PIO_Handler::getIODesc()         getDims complete, calling getIOType
20260831 131811.542 INFO             PET3 ESMCI_PIO_Handler.C:2342 ESMCI::PIO_IODescHandler::getIOT 
20260831 131811.542 INFO             PET3 ESMCI_PIO_Handler.C:862 ESMCI::PIO_Handler::arrayWriteOn         baseAddress = 0x0x15e80ec00
20260831 131811.542 INFO             PET3 ESMCI_PIO_Handler.C:872 ESMCI::PIO_Handler::arrayWriteOn         arrlen = 1000
20260831 131811.542 INFO             PET3 ESMCI_PIO_Handler.C:881 ESMCI::PIO_Handler::arrayWriteOn         varname = "sea_surface_salinity"
20260831 131811.542 INFO             PET3 ESMCI_PIO_Handler.C:922 ESMCI::PIO_Handler::arrayWriteOn         Checking time dimension
20260831 131811.542 INFO             PET3 ESMCI_PIO_Handler.C:929 ESMCI::PIO_Handler::arrayWriteOn         inq_dimid  = 0
20260831 131811.542 INFO             PET3 ESMCI_PIO_Handler.C:930 ESMCI::PIO_Handler::arrayWriteOn         hasTimeDim = 0
20260831 131811.542 INFO             PET3 ESMCI_PIO_Handler.C:931 ESMCI::PIO_Handler::arrayWriteOn         unlim = -1
20260831 131811.542 INFO             PET3 ESMCI_PIO_Handler.C:972 ESMCI::PIO_Handler::arrayWriteOn         ready to check var compat., timeFrame = 1
20260831 131811.542 INFO             PET3 ESMCI_PIO_Handler.C:1052 ESMCI::PIO_Handler::arrayWriteOn         Going into NetCDF define mode (redef)
20260831 131811.542 INFO             PET3 ESMCI_PIO_Handler.C:1097 ESMCI::PIO_Handler::arrayWriteOn         Defining dimension 0
20260831 131811.542 INFO             PET3 ESMCI_PIO_Handler.C:1097 ESMCI::PIO_Handler::arrayWriteOn         Defining dimension 1
20260831 131811.542 INFO             PET3 ESMCI_PIO_Handler.C:1106 ESMCI::PIO_Handler::arrayWriteOn         finished defining space dims, timeFrame = 1
20260831 131811.542 INFO             PET3 ESMCI_PIO_Handler.C:1119 ESMCI::PIO_Handler::arrayWriteOn         Defining time dimension
20260831 131811.542 INFO             PET3 ESMCI_PIO_Handler.C:1129 ESMCI::PIO_Handler::arrayWriteOn         varExists = 0
20260831 131811.542 INFO             PET3 ESMCI_PIO_Handler.C:1131 ESMCI::PIO_Handler::arrayWriteOn         niodims = 3
20260831 131811.542 INFO             PET3 ESMCI_PIO_Handler.C:1132 ESMCI::PIO_Handler::arrayWriteOn         basepiotype = 6
20260831 131811.542 INFO             PET3 ESMCI_PIO_Handler.C:1145 ESMCI::PIO_Handler::arrayWriteOn         calling setframe, timeFrame = 1
20260831 131811.542 INFO             PET3 ESMCI_PIO_Handler.C:1182 ESMCI::PIO_Handler::arrayWriteOn         calling enddef, status = 0x16f0c01dc
20260831 131811.542 INFO             PET3 ESMCI_PIO_Handler.C:1191 ESMCI::PIO_Handler::arrayWriteOn         calling write_darray, pio type = 6, address = 0x15e80ec00
20260831 131811.542 INFO             PET3 ESMCI_PIO_Handler.C:1208 ESMCI::PIO_Handler::arrayWriteOn         cleanup and return
20260831 131811.542 INFO             PET3 ESMCI_IO.C:514 ESMCI::IO::write()         write returned 0
20260831 131811.542 INFO             PET3 ESMCI_IO.C:956 ESMCI::IO::close() 
20260831 131811.542 INFO             PET3 ESMCI_IO_Handler.C:814 ESMCI::IO_Handler::flush() 
20260831 131811.542 INFO             PET3 ESMCI_PIO_Handler.C:1612 ESMCI::PIO_Handler::flushOneTile 
20260831 131811.542 INFO             PET3 ESMCI_PIO_Handler.C:1561 ESMCI::PIO_Handler::isOpen() 
20260831 131811.542 INFO             PET3 ESMCI_PIO_Handler.C:1567 ESMCI::PIO_Handler::isOpen()         File is open
20260831 131811.542 INFO             PET3 ESMCI_PIO_Handler.C:1615 ESMCI::PIO_Handler::flushOneTile         calling sync
20260831 131811.542 INFO             PET3 ESMCI_IO_Handler.C:854 ESMCI::IO_Handler::close() 
20260831 131811.542 INFO             PET3 ESMCI_PIO_Handler.C:1660 ESMCI::PIO_Handler::closeOneTile 
20260831 131811.542 INFO             PET3 ESMCI_PIO_Handler.C:1561 ESMCI::PIO_Handler::isOpen() 
20260831 131811.542 INFO             PET3 ESMCI_PIO_Handler.C:1567 ESMCI::PIO_Handler::isOpen()         File is open
20260831 131811.542 INFO             PET3 ESMCI_IO.C:523 ESMCI::IO::write()         close returned 0
20260831 131811.542 INFO             PET3 ESMCI_IO.C:200 ESMCI::IO::destroy() 
20260831 131811.542 INFO             PET3 ESMCI_IO.C:73 ESMCI::IO::destruct() 
20260831 131811.542 INFO             PET3 ESMCI_PIO_Handler.C:549 ESMCI::PIO_Handler::destruct() 
20260831 131811.542 INFO             PET3 ESMCI_PIO_Handler.C:551 ESMCI::PIO_Handler::destruct()          (0): closing file
20260831 131811.542 INFO             PET3 ESMCI_IO_Handler.C:854 ESMCI::IO_Handler::close() 
20260831 131811.542 INFO             PET3 ESMCI_PIO_Handler.C:1660 ESMCI::PIO_Handler::closeOneTile 
20260831 131811.542 INFO             PET3 ESMCI_PIO_Handler.C:1561 ESMCI::PIO_Handler::isOpen() 
20260831 131811.542 INFO             PET3 ESMCI_PIO_Handler.C:1564 ESMCI::PIO_Handler::isOpen()         pioFileDesc is NULL
20260831 131811.542 INFO             PET3 ESMCI_IO_Handler.C:281 ESMCI::IO_Handler::destroy() 
20260831 131811.542 INFO             PET3 ESMCI_PIO_Handler.C:357 ESMCI::PIO_Handler::finalize() 
20260831 131811.542 INFO             PET3 ESMCI_PIO_Handler.C:1885 ESMCI::PIO_IODescHandler::~PIO_I         calling PIOc_freedecomp
20260831 131811.542 INFO             PET3 ESMCI_IO_Handler.C:283 ESMCI::IO_Handler::destroy()         after finalize, localrc = 0
20260831 131811.542 INFO             PET3 ESMCI_IO.C:150 ESMCI::IO::create() 
20260831 131811.542 INFO             PET3 ESMCI_IO.C:1049 ESMCI::IO::addArray() 
20260831 131811.542 INFO             PET3 ESMCI_IO.C:490 ESMCI::IO::write() 
20260831 131811.542 INFO             PET3 ESMCI_IO.C:845 ESMCI::IO::open() 
20260831 131811.542 INFO             PET3 ESMCI_PIO_Handler.C:178 ESMCI::PIO_Handler::initialize() 
20260831 131811.542 INFO             PET3 ESMCI_PIO_Handler.C:191 ESMCI::PIO_Handler::initialize()         Before PIOc_Init_Intracomm, num_iotasks = 1
20260831 131811.542 INFO             PET3 ESMCI_PIO_Handler.C:194 ESMCI::PIO_Handler::initialize()         After PIOc_Init_Intracomm, instance = 65536
20260831 131811.542 INFO             PET3 ESMCI_PIO_Handler.C:210 ESMCI::PIO_Handler::initialize()         After PIOc_Set_IOSystem_Error_Handling
20260831 131811.542 INFO             PET3 ESMCI_PIO_Handler.C:213 ESMCI::PIO_Handler::initialize()         push_back
20260831 131811.542 INFO             PET3 ESMCI_PIO_Handler.C:303 ESMCI::PIO_Handler::initializeVM         After initialize, rc = 0
20260831 131811.542 INFO             PET3 ESMCI_PIO_Handler.C:305 ESMCI::PIO_Handler::initializeVM         Looking for active instance, size = 1
20260831 131811.542 INFO             PET3 ESMCI_PIO_Handler.C:307 ESMCI::PIO_Handler::initializeVM         Fetched PIO system descriptor, 0x10000
20260831 131811.542 INFO             PET3 ESMCI_PIO_Handler.C:1561 ESMCI::PIO_Handler::isOpen() 
20260831 131811.542 INFO             PET3 ESMCI_PIO_Handler.C:1564 ESMCI::PIO_Handler::isOpen()         pioFileDesc is NULL
20260831 131811.542 INFO             PET3 ESMCI_PIO_Handler.C:1561 ESMCI::PIO_Handler::isOpen() 
20260831 131811.542 INFO             PET3 ESMCI_PIO_Handler.C:1564 ESMCI::PIO_Handler::isOpen()         pioFileDesc is NULL
20260831 131811.542 INFO             PET3 ESMCI_PIO_Handler.C:1279 ESMCI::PIO_Handler::openOneTileF 
20260831 131811.542 INFO             PET3 ESMCI_PIO_Handler.C:1561 ESMCI::PIO_Handler::isOpen() 
20260831 131811.542 INFO             PET3 ESMCI_PIO_Handler.C:1564 ESMCI::PIO_Handler::isOpen()         pioFileDesc is NULL
20260831 131811.542 INFO             PET3 ESMCI_IO_Handler.C:640 ESMCI::IO_Handler::fileExists()         File, "data_ATM_import.nc" exists
20260831 131811.542 INFO             PET3 ESMCI_PIO_Handler.C:1397 ESMCI::PIO_Handler::openOneTileF          calling PIOc_openfile with mode = 1, file = "data_ATM_import.nc"
20260831 131811.543 INFO             PET3 ESMCI_PIO_Handler.C:1403 ESMCI::PIO_Handler::openOneTileF         , called PIOc_openfile on data_ATM_import.nc
20260831 131811.543 INFO             PET3 ESMCI_IO.C:498 ESMCI::IO::write()         open returned 0
20260831 131811.543 INFO             PET3 ESMCI_IO.C:567 ESMCI::IO::write() 
20260831 131811.543 INFO             PET3 ESMCI_IO_Handler.C:449 ESMCI::IO_Handler::arrayWrite() 
20260831 131811.543 INFO             PET3 ESMCI_PIO_Handler.C:818 ESMCI::PIO_Handler::arrayWriteOn 
20260831 131811.543 INFO             PET3 ESMCI_PIO_Handler.C:1561 ESMCI::PIO_Handler::isOpen() 
20260831 131811.543 INFO             PET3 ESMCI_PIO_Handler.C:1567 ESMCI::PIO_Handler::isOpen()         File is open
20260831 131811.543 INFO             PET3 ESMCI_PIO_Handler.C:1718 ESMCI::PIO_Handler::getIODesc() 
20260831 131811.543 INFO             PET3 ESMCI_PIO_Handler.C:1721 ESMCI::PIO_Handler::getIODesc()         calling constructPioDecomp
20260831 131811.543 INFO             PET3 ESMCI_PIO_Handler.C:1974 ESMCI::PIO_IODescHandler::constr 
20260831 131811.543 INFO             PET3 ESMCI_PIO_Handler.C:1996 ESMCI::PIO_IODescHandler::constr         localDeCount = 1
20260831 131811.543 INFO             PET3 ESMCI_PIO_Handler.C:2025 ESMCI::PIO_IODescHandler::constr         pioDofCount = 1000
20260831 131811.543 INFO             PET3 ESMCI_PIO_Handler.C:2144 ESMCI::PIO_IODescHandler::constr         , IODesc shape = [ 010, 100 ], calling pio_initdecomp
20260831 131811.543 INFO             PET3 ESMCI_PIO_Handler.C:2151 ESMCI::PIO_IODescHandler::constr         , IODesc dims = [ 010, 100 ]
20260831 131811.543 INFO             PET3 ESMCI_PIO_Handler.C:2165 ESMCI::PIO_IODescHandler::constr         after call to PIOc_initdecomp_dof
20260831 131811.543 INFO             PET3 ESMCI_PIO_Handler.C:1724 ESMCI::PIO_Handler::getIODesc()         constructPioDecomp call complete, localrc = 0
20260831 131811.543 INFO             PET3 ESMCI_PIO_Handler.C:2280 ESMCI::PIO_IODescHandler::getDim 
20260831 131811.543 INFO             PET3 ESMCI_PIO_Handler.C:2287 ESMCI::PIO_IODescHandler::getDim         getDims: found handler, nioDims = 2, ioDims = 0x600003b3fee0, narrDims = 2
20260831 131811.543 INFO             PET3 ESMCI_PIO_Handler.C:1751 ESMCI::PIO_Handler::getIODesc()         getDims complete, calling getIOType
20260831 131811.543 INFO             PET3 ESMCI_PIO_Handler.C:2342 ESMCI::PIO_IODescHandler::getIOT 
20260831 131811.543 INFO             PET3 ESMCI_PIO_Handler.C:862 ESMCI::PIO_Handler::arrayWriteOn         baseAddress = 0x0x15e80c000
20260831 131811.543 INFO             PET3 ESMCI_PIO_Handler.C:872 ESMCI::PIO_Handler::arrayWriteOn         arrlen = 1000
20260831 131811.543 INFO             PET3 ESMCI_PIO_Handler.C:881 ESMCI::PIO_Handler::arrayWriteOn         varname = "sea_surface_temperature"
20260831 131811.543 INFO             PET3 ESMCI_PIO_Handler.C:888 ESMCI::PIO_Handler::arrayWriteOn         Entering NetCDF define mode (redef)
20260831 131811.543 INFO             PET3 ESMCI_PIO_Handler.C:902 ESMCI::PIO_Handler::arrayWriteOn         Calling PIOc_inq
20260831 131811.543 INFO             PET3 ESMCI_PIO_Handler.C:911 ESMCI::PIO_Handler::arrayWriteOn         Looking for variable in file
20260831 131811.543 INFO             PET3 ESMCI_PIO_Handler.C:922 ESMCI::PIO_Handler::arrayWriteOn         Checking time dimension
20260831 131811.543 INFO             PET3 ESMCI_PIO_Handler.C:929 ESMCI::PIO_Handler::arrayWriteOn         inq_dimid  = 0
20260831 131811.543 INFO             PET3 ESMCI_PIO_Handler.C:930 ESMCI::PIO_Handler::arrayWriteOn         hasTimeDim = 1
20260831 131811.543 INFO             PET3 ESMCI_PIO_Handler.C:931 ESMCI::PIO_Handler::arrayWriteOn         unlim = 2
20260831 131811.543 INFO             PET3 ESMCI_PIO_Handler.C:935 ESMCI::PIO_Handler::arrayWriteOn         inq_dimlen = 0
20260831 131811.543 INFO             PET3 ESMCI_PIO_Handler.C:936 ESMCI::PIO_Handler::arrayWriteOn         dimidTime = 2
20260831 131811.543 INFO             PET3 ESMCI_PIO_Handler.C:937 ESMCI::PIO_Handler::arrayWriteOn         timeLen = 1
20260831 131811.543 INFO             PET3 ESMCI_PIO_Handler.C:972 ESMCI::PIO_Handler::arrayWriteOn         ready to check var compat., timeFrame = 1
20260831 131811.543 INFO             PET3 ESMCI_PIO_Handler.C:1052 ESMCI::PIO_Handler::arrayWriteOn         Going into NetCDF define mode (redef)
20260831 131811.543 INFO             PET3 ESMCI_PIO_Handler.C:1097 ESMCI::PIO_Handler::arrayWriteOn         Defining dimension 0
20260831 131811.543 INFO             PET3 ESMCI_PIO_Handler.C:1097 ESMCI::PIO_Handler::arrayWriteOn         Defining dimension 1
20260831 131811.543 INFO             PET3 ESMCI_PIO_Handler.C:1106 ESMCI::PIO_Handler::arrayWriteOn         finished defining space dims, timeFrame = 1
20260831 131811.543 INFO             PET3 ESMCI_PIO_Handler.C:1129 ESMCI::PIO_Handler::arrayWriteOn         varExists = 0
20260831 131811.543 INFO             PET3 ESMCI_PIO_Handler.C:1131 ESMCI::PIO_Handler::arrayWriteOn         niodims = 3
20260831 131811.543 INFO             PET3 ESMCI_PIO_Handler.C:1132 ESMCI::PIO_Handler::arrayWriteOn         basepiotype = 6
20260831 131811.543 INFO             PET3 ESMCI_PIO_Handler.C:1145 ESMCI::PIO_Handler::arrayWriteOn         calling setframe, timeFrame = 1
20260831 131811.543 INFO             PET3 ESMCI_PIO_Handler.C:1182 ESMCI::PIO_Handler::arrayWriteOn         calling enddef, status = 0x16f0c01dc
20260831 131811.543 INFO             PET3 ESMCI_PIO_Handler.C:1191 ESMCI::PIO_Handler::arrayWriteOn         calling write_darray, pio type = 6, address = 0x15e80c000
20260831 131811.543 INFO             PET3 ESMCI_PIO_Handler.C:1208 ESMCI::PIO_Handler::arrayWriteOn         cleanup and return
20260831 131811.543 INFO             PET3 ESMCI_IO.C:514 ESMCI::IO::write()         write returned 0
20260831 131811.543 INFO             PET3 ESMCI_IO.C:956 ESMCI::IO::close() 
20260831 131811.543 INFO             PET3 ESMCI_IO_Handler.C:814 ESMCI::IO_Handler::flush() 
20260831 131811.543 INFO             PET3 ESMCI_PIO_Handler.C:1612 ESMCI::PIO_Handler::flushOneTile 
20260831 131811.543 INFO             PET3 ESMCI_PIO_Handler.C:1561 ESMCI::PIO_Handler::isOpen() 
20260831 131811.543 INFO             PET3 ESMCI_PIO_Handler.C:1567 ESMCI::PIO_Handler::isOpen()         File is open
20260831 131811.543 INFO             PET3 ESMCI_PIO_Handler.C:1615 ESMCI::PIO_Handler::flushOneTile         calling sync
20260831 131811.543 INFO             PET3 ESMCI_IO_Handler.C:854 ESMCI::IO_Handler::close() 
20260831 131811.543 INFO             PET3 ESMCI_PIO_Handler.C:1660 ESMCI::PIO_Handler::closeOneTile 
20260831 131811.543 INFO             PET3 ESMCI_PIO_Handler.C:1561 ESMCI::PIO_Handler::isOpen() 
20260831 131811.543 INFO             PET3 ESMCI_PIO_Handler.C:1567 ESMCI::PIO_Handler::isOpen()         File is open
20260831 131811.543 INFO             PET3 ESMCI_IO.C:523 ESMCI::IO::write()         close returned 0
20260831 131811.543 INFO             PET3 ESMCI_IO.C:200 ESMCI::IO::destroy() 
20260831 131811.543 INFO             PET3 ESMCI_IO.C:73 ESMCI::IO::destruct() 
20260831 131811.543 INFO             PET3 ESMCI_PIO_Handler.C:549 ESMCI::PIO_Handler::destruct() 
20260831 131811.543 INFO             PET3 ESMCI_PIO_Handler.C:551 ESMCI::PIO_Handler::destruct()          (0): closing file
20260831 131811.543 INFO             PET3 ESMCI_IO_Handler.C:854 ESMCI::IO_Handler::close() 
20260831 131811.543 INFO             PET3 ESMCI_PIO_Handler.C:1660 ESMCI::PIO_Handler::closeOneTile 
20260831 131811.543 INFO             PET3 ESMCI_PIO_Handler.C:1561 ESMCI::PIO_Handler::isOpen() 
20260831 131811.543 INFO             PET3 ESMCI_PIO_Handler.C:1564 ESMCI::PIO_Handler::isOpen()         pioFileDesc is NULL
20260831 131811.543 INFO             PET3 ESMCI_IO_Handler.C:281 ESMCI::IO_Handler::destroy() 
20260831 131811.543 INFO             PET3 ESMCI_PIO_Handler.C:357 ESMCI::PIO_Handler::finalize() 
20260831 131811.543 INFO             PET3 ESMCI_PIO_Handler.C:1885 ESMCI::PIO_IODescHandler::~PIO_I         calling PIOc_freedecomp
20260831 131811.543 INFO             PET3 ESMCI_IO_Handler.C:283 ESMCI::IO_Handler::destroy()         after finalize, localrc = 0
20260831 131811.544 INFO             PET3 ESMCI_IO.C:150 ESMCI::IO::create() 
20260831 131811.544 INFO             PET3 ESMCI_IO.C:1049 ESMCI::IO::addArray() 
20260831 131811.544 INFO             PET3 ESMCI_IO.C:490 ESMCI::IO::write() 
20260831 131811.544 INFO             PET3 ESMCI_IO.C:845 ESMCI::IO::open() 
20260831 131811.544 INFO             PET3 ESMCI_PIO_Handler.C:178 ESMCI::PIO_Handler::initialize() 
20260831 131811.544 INFO             PET3 ESMCI_PIO_Handler.C:191 ESMCI::PIO_Handler::initialize()         Before PIOc_Init_Intracomm, num_iotasks = 1
20260831 131811.544 INFO             PET3 ESMCI_PIO_Handler.C:194 ESMCI::PIO_Handler::initialize()         After PIOc_Init_Intracomm, instance = 65536
20260831 131811.544 INFO             PET3 ESMCI_PIO_Handler.C:210 ESMCI::PIO_Handler::initialize()         After PIOc_Set_IOSystem_Error_Handling
20260831 131811.544 INFO             PET3 ESMCI_PIO_Handler.C:213 ESMCI::PIO_Handler::initialize()         push_back
20260831 131811.544 INFO             PET3 ESMCI_PIO_Handler.C:303 ESMCI::PIO_Handler::initializeVM         After initialize, rc = 0
20260831 131811.544 INFO             PET3 ESMCI_PIO_Handler.C:305 ESMCI::PIO_Handler::initializeVM         Looking for active instance, size = 1
20260831 131811.544 INFO             PET3 ESMCI_PIO_Handler.C:307 ESMCI::PIO_Handler::initializeVM         Fetched PIO system descriptor, 0x10000
20260831 131811.544 INFO             PET3 ESMCI_PIO_Handler.C:1561 ESMCI::PIO_Handler::isOpen() 
20260831 131811.544 INFO             PET3 ESMCI_PIO_Handler.C:1564 ESMCI::PIO_Handler::isOpen()         pioFileDesc is NULL
20260831 131811.544 INFO             PET3 ESMCI_PIO_Handler.C:1561 ESMCI::PIO_Handler::isOpen() 
20260831 131811.544 INFO             PET3 ESMCI_PIO_Handler.C:1564 ESMCI::PIO_Handler::isOpen()         pioFileDesc is NULL
20260831 131811.544 INFO             PET3 ESMCI_PIO_Handler.C:1279 ESMCI::PIO_Handler::openOneTileF 
20260831 131811.544 INFO             PET3 ESMCI_PIO_Handler.C:1561 ESMCI::PIO_Handler::isOpen() 
20260831 131811.544 INFO             PET3 ESMCI_PIO_Handler.C:1564 ESMCI::PIO_Handler::isOpen()         pioFileDesc is NULL
20260831 131811.544 INFO             PET3 ESMCI_IO_Handler.C:640 ESMCI::IO_Handler::fileExists()         File, "data_ATM_export.nc" does not exist
20260831 131811.544 INFO             PET3 ESMCI_PIO_Handler.C:1359 ESMCI::PIO_Handler::openOneTileF         Calling PIOc_createfile
20260831 131811.544 INFO             PET3 ESMCI_PIO_Handler.C:1385 ESMCI::PIO_Handler::openOneTileF         call to PIOc_createfile: success for data_ATM_export.nc iotype= 2 Mode 1 ESMF FMT 1
20260831 131811.544 INFO             PET3 ESMCI_IO.C:498 ESMCI::IO::write()         open returned 0
20260831 131811.544 INFO             PET3 ESMCI_IO.C:567 ESMCI::IO::write() 
20260831 131811.544 INFO             PET3 ESMCI_IO_Handler.C:449 ESMCI::IO_Handler::arrayWrite() 
20260831 131811.544 INFO             PET3 ESMCI_PIO_Handler.C:818 ESMCI::PIO_Handler::arrayWriteOn 
20260831 131811.544 INFO             PET3 ESMCI_PIO_Handler.C:1561 ESMCI::PIO_Handler::isOpen() 
20260831 131811.544 INFO             PET3 ESMCI_PIO_Handler.C:1567 ESMCI::PIO_Handler::isOpen()         File is open
20260831 131811.544 INFO             PET3 ESMCI_PIO_Handler.C:1718 ESMCI::PIO_Handler::getIODesc() 
20260831 131811.544 INFO             PET3 ESMCI_PIO_Handler.C:1721 ESMCI::PIO_Handler::getIODesc()         calling constructPioDecomp
20260831 131811.544 INFO             PET3 ESMCI_PIO_Handler.C:1974 ESMCI::PIO_IODescHandler::constr 
20260831 131811.544 INFO             PET3 ESMCI_PIO_Handler.C:1996 ESMCI::PIO_IODescHandler::constr         localDeCount = 1
20260831 131811.544 INFO             PET3 ESMCI_PIO_Handler.C:2025 ESMCI::PIO_IODescHandler::constr         pioDofCount = 1000
20260831 131811.544 INFO             PET3 ESMCI_PIO_Handler.C:2144 ESMCI::PIO_IODescHandler::constr         , IODesc shape = [ 010, 100 ], calling pio_initdecomp
20260831 131811.544 INFO             PET3 ESMCI_PIO_Handler.C:2151 ESMCI::PIO_IODescHandler::constr         , IODesc dims = [ 010, 100 ]
20260831 131811.544 INFO             PET3 ESMCI_PIO_Handler.C:2165 ESMCI::PIO_IODescHandler::constr         after call to PIOc_initdecomp_dof
20260831 131811.544 INFO             PET3 ESMCI_PIO_Handler.C:1724 ESMCI::PIO_Handler::getIODesc()         constructPioDecomp call complete, localrc = 0
20260831 131811.544 INFO             PET3 ESMCI_PIO_Handler.C:2280 ESMCI::PIO_IODescHandler::getDim 
20260831 131811.544 INFO             PET3 ESMCI_PIO_Handler.C:2287 ESMCI::PIO_IODescHandler::getDim         getDims: found handler, nioDims = 2, ioDims = 0x600003b1f5f0, narrDims = 2
20260831 131811.544 INFO             PET3 ESMCI_PIO_Handler.C:1751 ESMCI::PIO_Handler::getIODesc()         getDims complete, calling getIOType
20260831 131811.544 INFO             PET3 ESMCI_PIO_Handler.C:2342 ESMCI::PIO_IODescHandler::getIOT 
20260831 131811.544 INFO             PET3 ESMCI_PIO_Handler.C:862 ESMCI::PIO_Handler::arrayWriteOn         baseAddress = 0x0x15e811e00
20260831 131811.544 INFO             PET3 ESMCI_PIO_Handler.C:872 ESMCI::PIO_Handler::arrayWriteOn         arrlen = 1000
20260831 131811.544 INFO             PET3 ESMCI_PIO_Handler.C:881 ESMCI::PIO_Handler::arrayWriteOn         varname = "air_pressure_at_sea_level"
20260831 131811.544 INFO             PET3 ESMCI_PIO_Handler.C:922 ESMCI::PIO_Handler::arrayWriteOn         Checking time dimension
20260831 131811.544 INFO             PET3 ESMCI_PIO_Handler.C:929 ESMCI::PIO_Handler::arrayWriteOn         inq_dimid  = 0
20260831 131811.544 INFO             PET3 ESMCI_PIO_Handler.C:930 ESMCI::PIO_Handler::arrayWriteOn         hasTimeDim = 0
20260831 131811.544 INFO             PET3 ESMCI_PIO_Handler.C:931 ESMCI::PIO_Handler::arrayWriteOn         unlim = -1
20260831 131811.544 INFO             PET3 ESMCI_PIO_Handler.C:972 ESMCI::PIO_Handler::arrayWriteOn         ready to check var compat., timeFrame = 1
20260831 131811.544 INFO             PET3 ESMCI_PIO_Handler.C:1052 ESMCI::PIO_Handler::arrayWriteOn         Going into NetCDF define mode (redef)
20260831 131811.544 INFO             PET3 ESMCI_PIO_Handler.C:1097 ESMCI::PIO_Handler::arrayWriteOn         Defining dimension 0
20260831 131811.544 INFO             PET3 ESMCI_PIO_Handler.C:1097 ESMCI::PIO_Handler::arrayWriteOn         Defining dimension 1
20260831 131811.544 INFO             PET3 ESMCI_PIO_Handler.C:1106 ESMCI::PIO_Handler::arrayWriteOn         finished defining space dims, timeFrame = 1
20260831 131811.544 INFO             PET3 ESMCI_PIO_Handler.C:1119 ESMCI::PIO_Handler::arrayWriteOn         Defining time dimension
20260831 131811.544 INFO             PET3 ESMCI_PIO_Handler.C:1129 ESMCI::PIO_Handler::arrayWriteOn         varExists = 0
20260831 131811.544 INFO             PET3 ESMCI_PIO_Handler.C:1131 ESMCI::PIO_Handler::arrayWriteOn         niodims = 3
20260831 131811.544 INFO             PET3 ESMCI_PIO_Handler.C:1132 ESMCI::PIO_Handler::arrayWriteOn         basepiotype = 6
20260831 131811.544 INFO             PET3 ESMCI_PIO_Handler.C:1145 ESMCI::PIO_Handler::arrayWriteOn         calling setframe, timeFrame = 1
20260831 131811.544 INFO             PET3 ESMCI_PIO_Handler.C:1182 ESMCI::PIO_Handler::arrayWriteOn         calling enddef, status = 0x16f0c01dc
20260831 131811.544 INFO             PET3 ESMCI_PIO_Handler.C:1191 ESMCI::PIO_Handler::arrayWriteOn         calling write_darray, pio type = 6, address = 0x15e811e00
20260831 131811.544 INFO             PET3 ESMCI_PIO_Handler.C:1208 ESMCI::PIO_Handler::arrayWriteOn         cleanup and return
20260831 131811.544 INFO             PET3 ESMCI_IO.C:514 ESMCI::IO::write()         write returned 0
20260831 131811.544 INFO             PET3 ESMCI_IO.C:956 ESMCI::IO::close() 
20260831 131811.544 INFO             PET3 ESMCI_IO_Handler.C:814 ESMCI::IO_Handler::flush() 
20260831 131811.544 INFO             PET3 ESMCI_PIO_Handler.C:1612 ESMCI::PIO_Handler::flushOneTile 
20260831 131811.544 INFO             PET3 ESMCI_PIO_Handler.C:1561 ESMCI::PIO_Handler::isOpen() 
20260831 131811.544 INFO             PET3 ESMCI_PIO_Handler.C:1567 ESMCI::PIO_Handler::isOpen()         File is open
20260831 131811.544 INFO             PET3 ESMCI_PIO_Handler.C:1615 ESMCI::PIO_Handler::flushOneTile         calling sync
20260831 131811.544 INFO             PET3 ESMCI_IO_Handler.C:854 ESMCI::IO_Handler::close() 
20260831 131811.545 INFO             PET3 ESMCI_PIO_Handler.C:1660 ESMCI::PIO_Handler::closeOneTile 
20260831 131811.545 INFO             PET3 ESMCI_PIO_Handler.C:1561 ESMCI::PIO_Handler::isOpen() 
20260831 131811.545 INFO             PET3 ESMCI_PIO_Handler.C:1567 ESMCI::PIO_Handler::isOpen()         File is open
20260831 131811.545 INFO             PET3 ESMCI_IO.C:523 ESMCI::IO::write()         close returned 0
20260831 131811.545 INFO             PET3 ESMCI_IO.C:200 ESMCI::IO::destroy() 
20260831 131811.545 INFO             PET3 ESMCI_IO.C:73 ESMCI::IO::destruct() 
20260831 131811.545 INFO             PET3 ESMCI_PIO_Handler.C:549 ESMCI::PIO_Handler::destruct() 
20260831 131811.545 INFO             PET3 ESMCI_PIO_Handler.C:551 ESMCI::PIO_Handler::destruct()          (0): closing file
20260831 131811.545 INFO             PET3 ESMCI_IO_Handler.C:854 ESMCI::IO_Handler::close() 
20260831 131811.545 INFO             PET3 ESMCI_PIO_Handler.C:1660 ESMCI::PIO_Handler::closeOneTile 
20260831 131811.545 INFO             PET3 ESMCI_PIO_Handler.C:1561 ESMCI::PIO_Handler::isOpen() 
20260831 131811.545 INFO             PET3 ESMCI_PIO_Handler.C:1564 ESMCI::PIO_Handler::isOpen()         pioFileDesc is NULL
20260831 131811.545 INFO             PET3 ESMCI_IO_Handler.C:281 ESMCI::IO_Handler::destroy() 
20260831 131811.545 INFO             PET3 ESMCI_PIO_Handler.C:357 ESMCI::PIO_Handler::finalize() 
20260831 131811.545 INFO             PET3 ESMCI_PIO_Handler.C:1885 ESMCI::PIO_IODescHandler::~PIO_I         calling PIOc_freedecomp
20260831 131811.545 INFO             PET3 ESMCI_IO_Handler.C:283 ESMCI::IO_Handler::destroy()         after finalize, localrc = 0
20260831 131811.545 INFO             PET3 ESMCI_IO.C:150 ESMCI::IO::create() 
20260831 131811.545 INFO             PET3 ESMCI_IO.C:1049 ESMCI::IO::addArray() 
20260831 131811.545 INFO             PET3 ESMCI_IO.C:490 ESMCI::IO::write() 
20260831 131811.545 INFO             PET3 ESMCI_IO.C:845 ESMCI::IO::open() 
20260831 131811.545 INFO             PET3 ESMCI_PIO_Handler.C:178 ESMCI::PIO_Handler::initialize() 
20260831 131811.545 INFO             PET3 ESMCI_PIO_Handler.C:191 ESMCI::PIO_Handler::initialize()         Before PIOc_Init_Intracomm, num_iotasks = 1
20260831 131811.545 INFO             PET3 ESMCI_PIO_Handler.C:194 ESMCI::PIO_Handler::initialize()         After PIOc_Init_Intracomm, instance = 65536
20260831 131811.545 INFO             PET3 ESMCI_PIO_Handler.C:210 ESMCI::PIO_Handler::initialize()         After PIOc_Set_IOSystem_Error_Handling
20260831 131811.545 INFO             PET3 ESMCI_PIO_Handler.C:213 ESMCI::PIO_Handler::initialize()         push_back
20260831 131811.545 INFO             PET3 ESMCI_PIO_Handler.C:303 ESMCI::PIO_Handler::initializeVM         After initialize, rc = 0
20260831 131811.545 INFO             PET3 ESMCI_PIO_Handler.C:305 ESMCI::PIO_Handler::initializeVM         Looking for active instance, size = 1
20260831 131811.545 INFO             PET3 ESMCI_PIO_Handler.C:307 ESMCI::PIO_Handler::initializeVM         Fetched PIO system descriptor, 0x10000
20260831 131811.545 INFO             PET3 ESMCI_PIO_Handler.C:1561 ESMCI::PIO_Handler::isOpen() 
20260831 131811.545 INFO             PET3 ESMCI_PIO_Handler.C:1564 ESMCI::PIO_Handler::isOpen()         pioFileDesc is NULL
20260831 131811.545 INFO             PET3 ESMCI_PIO_Handler.C:1561 ESMCI::PIO_Handler::isOpen() 
20260831 131811.545 INFO             PET3 ESMCI_PIO_Handler.C:1564 ESMCI::PIO_Handler::isOpen()         pioFileDesc is NULL
20260831 131811.545 INFO             PET3 ESMCI_PIO_Handler.C:1279 ESMCI::PIO_Handler::openOneTileF 
20260831 131811.545 INFO             PET3 ESMCI_PIO_Handler.C:1561 ESMCI::PIO_Handler::isOpen() 
20260831 131811.545 INFO             PET3 ESMCI_PIO_Handler.C:1564 ESMCI::PIO_Handler::isOpen()         pioFileDesc is NULL
20260831 131811.545 INFO             PET3 ESMCI_IO_Handler.C:640 ESMCI::IO_Handler::fileExists()         File, "data_ATM_export.nc" exists
20260831 131811.545 INFO             PET3 ESMCI_PIO_Handler.C:1397 ESMCI::PIO_Handler::openOneTileF          calling PIOc_openfile with mode = 1, file = "data_ATM_export.nc"
20260831 131811.545 INFO             PET3 ESMCI_PIO_Handler.C:1403 ESMCI::PIO_Handler::openOneTileF         , called PIOc_openfile on data_ATM_export.nc
20260831 131811.545 INFO             PET3 ESMCI_IO.C:498 ESMCI::IO::write()         open returned 0
20260831 131811.545 INFO             PET3 ESMCI_IO.C:567 ESMCI::IO::write() 
20260831 131811.545 INFO             PET3 ESMCI_IO_Handler.C:449 ESMCI::IO_Handler::arrayWrite() 
20260831 131811.545 INFO             PET3 ESMCI_PIO_Handler.C:818 ESMCI::PIO_Handler::arrayWriteOn 
20260831 131811.545 INFO             PET3 ESMCI_PIO_Handler.C:1561 ESMCI::PIO_Handler::isOpen() 
20260831 131811.545 INFO             PET3 ESMCI_PIO_Handler.C:1567 ESMCI::PIO_Handler::isOpen()         File is open
20260831 131811.545 INFO             PET3 ESMCI_PIO_Handler.C:1718 ESMCI::PIO_Handler::getIODesc() 
20260831 131811.545 INFO             PET3 ESMCI_PIO_Handler.C:1721 ESMCI::PIO_Handler::getIODesc()         calling constructPioDecomp
20260831 131811.545 INFO             PET3 ESMCI_PIO_Handler.C:1974 ESMCI::PIO_IODescHandler::constr 
20260831 131811.545 INFO             PET3 ESMCI_PIO_Handler.C:1996 ESMCI::PIO_IODescHandler::constr         localDeCount = 1
20260831 131811.545 INFO             PET3 ESMCI_PIO_Handler.C:2025 ESMCI::PIO_IODescHandler::constr         pioDofCount = 1000
20260831 131811.545 INFO             PET3 ESMCI_PIO_Handler.C:2144 ESMCI::PIO_IODescHandler::constr         , IODesc shape = [ 010, 100 ], calling pio_initdecomp
20260831 131811.545 INFO             PET3 ESMCI_PIO_Handler.C:2151 ESMCI::PIO_IODescHandler::constr         , IODesc dims = [ 010, 100 ]
20260831 131811.545 INFO             PET3 ESMCI_PIO_Handler.C:2165 ESMCI::PIO_IODescHandler::constr         after call to PIOc_initdecomp_dof
20260831 131811.545 INFO             PET3 ESMCI_PIO_Handler.C:1724 ESMCI::PIO_Handler::getIODesc()         constructPioDecomp call complete, localrc = 0
20260831 131811.545 INFO             PET3 ESMCI_PIO_Handler.C:2280 ESMCI::PIO_IODescHandler::getDim 
20260831 131811.545 INFO             PET3 ESMCI_PIO_Handler.C:2287 ESMCI::PIO_IODescHandler::getDim         getDims: found handler, nioDims = 2, ioDims = 0x600003b3d180, narrDims = 2
20260831 131811.545 INFO             PET3 ESMCI_PIO_Handler.C:1751 ESMCI::PIO_Handler::getIODesc()         getDims complete, calling getIOType
20260831 131811.545 INFO             PET3 ESMCI_PIO_Handler.C:2342 ESMCI::PIO_IODescHandler::getIOT 
20260831 131811.545 INFO             PET3 ESMCI_PIO_Handler.C:862 ESMCI::PIO_Handler::arrayWriteOn         baseAddress = 0x0x15e814a00
20260831 131811.545 INFO             PET3 ESMCI_PIO_Handler.C:872 ESMCI::PIO_Handler::arrayWriteOn         arrlen = 1000
20260831 131811.545 INFO             PET3 ESMCI_PIO_Handler.C:881 ESMCI::PIO_Handler::arrayWriteOn         varname = "precipitation_flux"
20260831 131811.545 INFO             PET3 ESMCI_PIO_Handler.C:888 ESMCI::PIO_Handler::arrayWriteOn         Entering NetCDF define mode (redef)
20260831 131811.545 INFO             PET3 ESMCI_PIO_Handler.C:902 ESMCI::PIO_Handler::arrayWriteOn         Calling PIOc_inq
20260831 131811.545 INFO             PET3 ESMCI_PIO_Handler.C:911 ESMCI::PIO_Handler::arrayWriteOn         Looking for variable in file
20260831 131811.545 INFO             PET3 ESMCI_PIO_Handler.C:922 ESMCI::PIO_Handler::arrayWriteOn         Checking time dimension
20260831 131811.545 INFO             PET3 ESMCI_PIO_Handler.C:929 ESMCI::PIO_Handler::arrayWriteOn         inq_dimid  = 0
20260831 131811.545 INFO             PET3 ESMCI_PIO_Handler.C:930 ESMCI::PIO_Handler::arrayWriteOn         hasTimeDim = 1
20260831 131811.545 INFO             PET3 ESMCI_PIO_Handler.C:931 ESMCI::PIO_Handler::arrayWriteOn         unlim = 2
20260831 131811.545 INFO             PET3 ESMCI_PIO_Handler.C:935 ESMCI::PIO_Handler::arrayWriteOn         inq_dimlen = 0
20260831 131811.546 INFO             PET3 ESMCI_PIO_Handler.C:936 ESMCI::PIO_Handler::arrayWriteOn         dimidTime = 2
20260831 131811.546 INFO             PET3 ESMCI_PIO_Handler.C:937 ESMCI::PIO_Handler::arrayWriteOn         timeLen = 1
20260831 131811.546 INFO             PET3 ESMCI_PIO_Handler.C:972 ESMCI::PIO_Handler::arrayWriteOn         ready to check var compat., timeFrame = 1
20260831 131811.546 INFO             PET3 ESMCI_PIO_Handler.C:1052 ESMCI::PIO_Handler::arrayWriteOn         Going into NetCDF define mode (redef)
20260831 131811.546 INFO             PET3 ESMCI_PIO_Handler.C:1097 ESMCI::PIO_Handler::arrayWriteOn         Defining dimension 0
20260831 131811.546 INFO             PET3 ESMCI_PIO_Handler.C:1097 ESMCI::PIO_Handler::arrayWriteOn         Defining dimension 1
20260831 131811.546 INFO             PET3 ESMCI_PIO_Handler.C:1106 ESMCI::PIO_Handler::arrayWriteOn         finished defining space dims, timeFrame = 1
20260831 131811.546 INFO             PET3 ESMCI_PIO_Handler.C:1129 ESMCI::PIO_Handler::arrayWriteOn         varExists = 0
20260831 131811.546 INFO             PET3 ESMCI_PIO_Handler.C:1131 ESMCI::PIO_Handler::arrayWriteOn         niodims = 3
20260831 131811.546 INFO             PET3 ESMCI_PIO_Handler.C:1132 ESMCI::PIO_Handler::arrayWriteOn         basepiotype = 6
20260831 131811.546 INFO             PET3 ESMCI_PIO_Handler.C:1145 ESMCI::PIO_Handler::arrayWriteOn         calling setframe, timeFrame = 1
20260831 131811.546 INFO             PET3 ESMCI_PIO_Handler.C:1182 ESMCI::PIO_Handler::arrayWriteOn         calling enddef, status = 0x16f0c01dc
20260831 131811.546 INFO             PET3 ESMCI_PIO_Handler.C:1191 ESMCI::PIO_Handler::arrayWriteOn         calling write_darray, pio type = 6, address = 0x15e814a00
20260831 131811.546 INFO             PET3 ESMCI_PIO_Handler.C:1208 ESMCI::PIO_Handler::arrayWriteOn         cleanup and return
20260831 131811.546 INFO             PET3 ESMCI_IO.C:514 ESMCI::IO::write()         write returned 0
20260831 131811.546 INFO             PET3 ESMCI_IO.C:956 ESMCI::IO::close() 
20260831 131811.546 INFO             PET3 ESMCI_IO_Handler.C:814 ESMCI::IO_Handler::flush() 
20260831 131811.546 INFO             PET3 ESMCI_PIO_Handler.C:1612 ESMCI::PIO_Handler::flushOneTile 
20260831 131811.546 INFO             PET3 ESMCI_PIO_Handler.C:1561 ESMCI::PIO_Handler::isOpen() 
20260831 131811.546 INFO             PET3 ESMCI_PIO_Handler.C:1567 ESMCI::PIO_Handler::isOpen()         File is open
20260831 131811.546 INFO             PET3 ESMCI_PIO_Handler.C:1615 ESMCI::PIO_Handler::flushOneTile         calling sync
20260831 131811.546 INFO             PET3 ESMCI_IO_Handler.C:854 ESMCI::IO_Handler::close() 
20260831 131811.546 INFO             PET3 ESMCI_PIO_Handler.C:1660 ESMCI::PIO_Handler::closeOneTile 
20260831 131811.546 INFO             PET3 ESMCI_PIO_Handler.C:1561 ESMCI::PIO_Handler::isOpen() 
20260831 131811.546 INFO             PET3 ESMCI_PIO_Handler.C:1567 ESMCI::PIO_Handler::isOpen()         File is open
20260831 131811.546 INFO             PET3 ESMCI_IO.C:523 ESMCI::IO::write()         close returned 0
20260831 131811.546 INFO             PET3 ESMCI_IO.C:200 ESMCI::IO::destroy() 
20260831 131811.546 INFO             PET3 ESMCI_IO.C:73 ESMCI::IO::destruct() 
20260831 131811.546 INFO             PET3 ESMCI_PIO_Handler.C:549 ESMCI::PIO_Handler::destruct() 
20260831 131811.546 INFO             PET3 ESMCI_PIO_Handler.C:551 ESMCI::PIO_Handler::destruct()          (0): closing file
20260831 131811.546 INFO             PET3 ESMCI_IO_Handler.C:854 ESMCI::IO_Handler::close() 
20260831 131811.546 INFO             PET3 ESMCI_PIO_Handler.C:1660 ESMCI::PIO_Handler::closeOneTile 
20260831 131811.546 INFO             PET3 ESMCI_PIO_Handler.C:1561 ESMCI::PIO_Handler::isOpen() 
20260831 131811.546 INFO             PET3 ESMCI_PIO_Handler.C:1564 ESMCI::PIO_Handler::isOpen()         pioFileDesc is NULL
20260831 131811.546 INFO             PET3 ESMCI_IO_Handler.C:281 ESMCI::IO_Handler::destroy() 
20260831 131811.546 INFO             PET3 ESMCI_PIO_Handler.C:357 ESMCI::PIO_Handler::finalize() 
20260831 131811.546 INFO             PET3 ESMCI_PIO_Handler.C:1885 ESMCI::PIO_IODescHandler::~PIO_I         calling PIOc_freedecomp
20260831 131811.546 INFO             PET3 ESMCI_IO_Handler.C:283 ESMCI::IO_Handler::destroy()         after finalize, localrc = 0
20260831 131811.546 INFO             PET3 ESMCI_IO.C:150 ESMCI::IO::create() 
20260831 131811.546 INFO             PET3 ESMCI_IO.C:1049 ESMCI::IO::addArray() 
20260831 131811.546 INFO             PET3 ESMCI_IO.C:490 ESMCI::IO::write() 
20260831 131811.546 INFO             PET3 ESMCI_IO.C:845 ESMCI::IO::open() 
20260831 131811.546 INFO             PET3 ESMCI_PIO_Handler.C:178 ESMCI::PIO_Handler::initialize() 
20260831 131811.546 INFO             PET3 ESMCI_PIO_Handler.C:191 ESMCI::PIO_Handler::initialize()         Before PIOc_Init_Intracomm, num_iotasks = 1
20260831 131811.546 INFO             PET3 ESMCI_PIO_Handler.C:194 ESMCI::PIO_Handler::initialize()         After PIOc_Init_Intracomm, instance = 65536
20260831 131811.546 INFO             PET3 ESMCI_PIO_Handler.C:210 ESMCI::PIO_Handler::initialize()         After PIOc_Set_IOSystem_Error_Handling
20260831 131811.546 INFO             PET3 ESMCI_PIO_Handler.C:213 ESMCI::PIO_Handler::initialize()         push_back
20260831 131811.546 INFO             PET3 ESMCI_PIO_Handler.C:303 ESMCI::PIO_Handler::initializeVM         After initialize, rc = 0
20260831 131811.546 INFO             PET3 ESMCI_PIO_Handler.C:305 ESMCI::PIO_Handler::initializeVM         Looking for active instance, size = 1
20260831 131811.546 INFO             PET3 ESMCI_PIO_Handler.C:307 ESMCI::PIO_Handler::initializeVM         Fetched PIO system descriptor, 0x10000
20260831 131811.546 INFO             PET3 ESMCI_PIO_Handler.C:1561 ESMCI::PIO_Handler::isOpen() 
20260831 131811.546 INFO             PET3 ESMCI_PIO_Handler.C:1564 ESMCI::PIO_Handler::isOpen()         pioFileDesc is NULL
20260831 131811.546 INFO             PET3 ESMCI_PIO_Handler.C:1561 ESMCI::PIO_Handler::isOpen() 
20260831 131811.546 INFO             PET3 ESMCI_PIO_Handler.C:1564 ESMCI::PIO_Handler::isOpen()         pioFileDesc is NULL
20260831 131811.546 INFO             PET3 ESMCI_PIO_Handler.C:1279 ESMCI::PIO_Handler::openOneTileF 
20260831 131811.546 INFO             PET3 ESMCI_PIO_Handler.C:1561 ESMCI::PIO_Handler::isOpen() 
20260831 131811.546 INFO             PET3 ESMCI_PIO_Handler.C:1564 ESMCI::PIO_Handler::isOpen()         pioFileDesc is NULL
20260831 131811.546 INFO             PET3 ESMCI_IO_Handler.C:640 ESMCI::IO_Handler::fileExists()         File, "data_ATM_export.nc" exists
20260831 131811.546 INFO             PET3 ESMCI_PIO_Handler.C:1397 ESMCI::PIO_Handler::openOneTileF          calling PIOc_openfile with mode = 1, file = "data_ATM_export.nc"
20260831 131811.546 INFO             PET3 ESMCI_PIO_Handler.C:1403 ESMCI::PIO_Handler::openOneTileF         , called PIOc_openfile on data_ATM_export.nc
20260831 131811.546 INFO             PET3 ESMCI_IO.C:498 ESMCI::IO::write()         open returned 0
20260831 131811.546 INFO             PET3 ESMCI_IO.C:567 ESMCI::IO::write() 
20260831 131811.546 INFO             PET3 ESMCI_IO_Handler.C:449 ESMCI::IO_Handler::arrayWrite() 
20260831 131811.546 INFO             PET3 ESMCI_PIO_Handler.C:818 ESMCI::PIO_Handler::arrayWriteOn 
20260831 131811.546 INFO             PET3 ESMCI_PIO_Handler.C:1561 ESMCI::PIO_Handler::isOpen() 
20260831 131811.546 INFO             PET3 ESMCI_PIO_Handler.C:1567 ESMCI::PIO_Handler::isOpen()         File is open
20260831 131811.546 INFO             PET3 ESMCI_PIO_Handler.C:1718 ESMCI::PIO_Handler::getIODesc() 
20260831 131811.546 INFO             PET3 ESMCI_PIO_Handler.C:1721 ESMCI::PIO_Handler::getIODesc()         calling constructPioDecomp
20260831 131811.546 INFO             PET3 ESMCI_PIO_Handler.C:1974 ESMCI::PIO_IODescHandler::constr 
20260831 131811.546 INFO             PET3 ESMCI_PIO_Handler.C:1996 ESMCI::PIO_IODescHandler::constr         localDeCount = 1
20260831 131811.546 INFO             PET3 ESMCI_PIO_Handler.C:2025 ESMCI::PIO_IODescHandler::constr         pioDofCount = 1000
20260831 131811.546 INFO             PET3 ESMCI_PIO_Handler.C:2144 ESMCI::PIO_IODescHandler::constr         , IODesc shape = [ 010, 100 ], calling pio_initdecomp
20260831 131811.546 INFO             PET3 ESMCI_PIO_Handler.C:2151 ESMCI::PIO_IODescHandler::constr         , IODesc dims = [ 010, 100 ]
20260831 131811.547 INFO             PET3 ESMCI_PIO_Handler.C:2165 ESMCI::PIO_IODescHandler::constr         after call to PIOc_initdecomp_dof
20260831 131811.547 INFO             PET3 ESMCI_PIO_Handler.C:1724 ESMCI::PIO_Handler::getIODesc()         constructPioDecomp call complete, localrc = 0
20260831 131811.547 INFO             PET3 ESMCI_PIO_Handler.C:2280 ESMCI::PIO_IODescHandler::getDim 
20260831 131811.547 INFO             PET3 ESMCI_PIO_Handler.C:2287 ESMCI::PIO_IODescHandler::getDim         getDims: found handler, nioDims = 2, ioDims = 0x600003b1e450, narrDims = 2
20260831 131811.547 INFO             PET3 ESMCI_PIO_Handler.C:1751 ESMCI::PIO_Handler::getIODesc()         getDims complete, calling getIOType
20260831 131811.547 INFO             PET3 ESMCI_PIO_Handler.C:2342 ESMCI::PIO_IODescHandler::getIOT 
20260831 131811.547 INFO             PET3 ESMCI_PIO_Handler.C:862 ESMCI::PIO_Handler::arrayWriteOn         baseAddress = 0x0x15e817600
20260831 131811.547 INFO             PET3 ESMCI_PIO_Handler.C:872 ESMCI::PIO_Handler::arrayWriteOn         arrlen = 1000
20260831 131811.547 INFO             PET3 ESMCI_PIO_Handler.C:881 ESMCI::PIO_Handler::arrayWriteOn         varname = "surface_net_downward_shortwave_flux"
20260831 131811.547 INFO             PET3 ESMCI_PIO_Handler.C:888 ESMCI::PIO_Handler::arrayWriteOn         Entering NetCDF define mode (redef)
20260831 131811.547 INFO             PET3 ESMCI_PIO_Handler.C:902 ESMCI::PIO_Handler::arrayWriteOn         Calling PIOc_inq
20260831 131811.547 INFO             PET3 ESMCI_PIO_Handler.C:911 ESMCI::PIO_Handler::arrayWriteOn         Looking for variable in file
20260831 131811.547 INFO             PET3 ESMCI_PIO_Handler.C:922 ESMCI::PIO_Handler::arrayWriteOn         Checking time dimension
20260831 131811.547 INFO             PET3 ESMCI_PIO_Handler.C:929 ESMCI::PIO_Handler::arrayWriteOn         inq_dimid  = 0
20260831 131811.547 INFO             PET3 ESMCI_PIO_Handler.C:930 ESMCI::PIO_Handler::arrayWriteOn         hasTimeDim = 1
20260831 131811.547 INFO             PET3 ESMCI_PIO_Handler.C:931 ESMCI::PIO_Handler::arrayWriteOn         unlim = 2
20260831 131811.547 INFO             PET3 ESMCI_PIO_Handler.C:935 ESMCI::PIO_Handler::arrayWriteOn         inq_dimlen = 0
20260831 131811.547 INFO             PET3 ESMCI_PIO_Handler.C:936 ESMCI::PIO_Handler::arrayWriteOn         dimidTime = 2
20260831 131811.547 INFO             PET3 ESMCI_PIO_Handler.C:937 ESMCI::PIO_Handler::arrayWriteOn         timeLen = 1
20260831 131811.547 INFO             PET3 ESMCI_PIO_Handler.C:972 ESMCI::PIO_Handler::arrayWriteOn         ready to check var compat., timeFrame = 1
20260831 131811.547 INFO             PET3 ESMCI_PIO_Handler.C:1052 ESMCI::PIO_Handler::arrayWriteOn         Going into NetCDF define mode (redef)
20260831 131811.547 INFO             PET3 ESMCI_PIO_Handler.C:1097 ESMCI::PIO_Handler::arrayWriteOn         Defining dimension 0
20260831 131811.547 INFO             PET3 ESMCI_PIO_Handler.C:1097 ESMCI::PIO_Handler::arrayWriteOn         Defining dimension 1
20260831 131811.547 INFO             PET3 ESMCI_PIO_Handler.C:1106 ESMCI::PIO_Handler::arrayWriteOn         finished defining space dims, timeFrame = 1
20260831 131811.547 INFO             PET3 ESMCI_PIO_Handler.C:1129 ESMCI::PIO_Handler::arrayWriteOn         varExists = 0
20260831 131811.547 INFO             PET3 ESMCI_PIO_Handler.C:1131 ESMCI::PIO_Handler::arrayWriteOn         niodims = 3
20260831 131811.547 INFO             PET3 ESMCI_PIO_Handler.C:1132 ESMCI::PIO_Handler::arrayWriteOn         basepiotype = 6
20260831 131811.547 INFO             PET3 ESMCI_PIO_Handler.C:1145 ESMCI::PIO_Handler::arrayWriteOn         calling setframe, timeFrame = 1
20260831 131811.547 INFO             PET3 ESMCI_PIO_Handler.C:1182 ESMCI::PIO_Handler::arrayWriteOn         calling enddef, status = 0x16f0c01dc
20260831 131811.547 INFO             PET3 ESMCI_PIO_Handler.C:1191 ESMCI::PIO_Handler::arrayWriteOn         calling write_darray, pio type = 6, address = 0x15e817600
20260831 131811.547 INFO             PET3 ESMCI_PIO_Handler.C:1208 ESMCI::PIO_Handler::arrayWriteOn         cleanup and return
20260831 131811.547 INFO             PET3 ESMCI_IO.C:514 ESMCI::IO::write()         write returned 0
20260831 131811.547 INFO             PET3 ESMCI_IO.C:956 ESMCI::IO::close() 
20260831 131811.547 INFO             PET3 ESMCI_IO_Handler.C:814 ESMCI::IO_Handler::flush() 
20260831 131811.547 INFO             PET3 ESMCI_PIO_Handler.C:1612 ESMCI::PIO_Handler::flushOneTile 
20260831 131811.547 INFO             PET3 ESMCI_PIO_Handler.C:1561 ESMCI::PIO_Handler::isOpen() 
20260831 131811.547 INFO             PET3 ESMCI_PIO_Handler.C:1567 ESMCI::PIO_Handler::isOpen()         File is open
20260831 131811.547 INFO             PET3 ESMCI_PIO_Handler.C:1615 ESMCI::PIO_Handler::flushOneTile         calling sync
20260831 131811.547 INFO             PET3 ESMCI_IO_Handler.C:854 ESMCI::IO_Handler::close() 
20260831 131811.547 INFO             PET3 ESMCI_PIO_Handler.C:1660 ESMCI::PIO_Handler::closeOneTile 
20260831 131811.547 INFO             PET3 ESMCI_PIO_Handler.C:1561 ESMCI::PIO_Handler::isOpen() 
20260831 131811.547 INFO             PET3 ESMCI_PIO_Handler.C:1567 ESMCI::PIO_Handler::isOpen()         File is open
20260831 131811.547 INFO             PET3 ESMCI_IO.C:523 ESMCI::IO::write()         close returned 0
20260831 131811.547 INFO             PET3 ESMCI_IO.C:200 ESMCI::IO::destroy() 
20260831 131811.547 INFO             PET3 ESMCI_IO.C:73 ESMCI::IO::destruct() 
20260831 131811.547 INFO             PET3 ESMCI_PIO_Handler.C:549 ESMCI::PIO_Handler::destruct() 
20260831 131811.547 INFO             PET3 ESMCI_PIO_Handler.C:551 ESMCI::PIO_Handler::destruct()          (0): closing file
20260831 131811.547 INFO             PET3 ESMCI_IO_Handler.C:854 ESMCI::IO_Handler::close() 
20260831 131811.547 INFO             PET3 ESMCI_PIO_Handler.C:1660 ESMCI::PIO_Handler::closeOneTile 
20260831 131811.547 INFO             PET3 ESMCI_PIO_Handler.C:1561 ESMCI::PIO_Handler::isOpen() 
20260831 131811.547 INFO             PET3 ESMCI_PIO_Handler.C:1564 ESMCI::PIO_Handler::isOpen()         pioFileDesc is NULL
20260831 131811.547 INFO             PET3 ESMCI_IO_Handler.C:281 ESMCI::IO_Handler::destroy() 
20260831 131811.547 INFO             PET3 ESMCI_PIO_Handler.C:357 ESMCI::PIO_Handler::finalize() 
20260831 131811.547 INFO             PET3 ESMCI_PIO_Handler.C:1885 ESMCI::PIO_IODescHandler::~PIO_I         calling PIOc_freedecomp
20260831 131811.547 INFO             PET3 ESMCI_IO_Handler.C:283 ESMCI::IO_Handler::destroy()         after finalize, localrc = 0
20260831 131811.547 INFO             PET3         <<<ATM: leaving Initialize (phase=IPDv05p8) with current time: 2012 10 24 18  0  0   0
20260831 131811.547 INFO             PET3       ATM: InitializeIPDvXp08 extro.
20260831 131811.548 INFO             PET3       OCN: InitializeIPDv01p5 intro.
20260831 131811.548 INFO             PET3         >>>OCN: entered Initialize (phase=IPDvXp08) with current time: 2012 10 24 18  0  0   0
20260831 131811.548 INFO             PET3         <<<OCN: leaving Initialize (phase=IPDvXp08) with current time: 2012 10 24 18  0  0   0
20260831 131811.548 INFO             PET3       OCN: InitializeIPDv01p5 extro.
20260831 131811.549 INFO             PET3       ESMX_Driver: loopDataDependentInitialize intro.
20260831 131811.549 INFO             PET3         >>>ESMX_Driver: entered Initialize (phase=<none>) with current time: 2012 10 24 18  0  0   0
20260831 131811.549 INFO             PET3         OCN-TO-ATM: Run intro.
20260831 131811.549 INFO             PET3           >>>OCN-TO-ATM entered Run (phase=RunPhase1)
20260831 131811.549 INFO             PET3           <<<OCN-TO-ATM leaving Run (phase=RunPhase1)
20260831 131811.549 INFO             PET3         OCN-TO-ATM: Run extro.
20260831 131811.549 INFO             PET3         ATM: InitializeIPDvXp08 intro.
20260831 131811.550 INFO             PET3           >>>ATM: entered Initialize (phase=IPDv05p8) with current time: 2012 10 24 18  0  0   0
20260831 131811.550 INFO             PET3 ESMCI_IO.C:150 ESMCI::IO::create() 
20260831 131811.550 INFO             PET3 ESMCI_IO.C:1049 ESMCI::IO::addArray() 
20260831 131811.550 INFO             PET3 ESMCI_IO.C:490 ESMCI::IO::write() 
20260831 131811.550 INFO             PET3 ESMCI_IO.C:845 ESMCI::IO::open() 
20260831 131811.550 INFO             PET3 ESMCI_PIO_Handler.C:178 ESMCI::PIO_Handler::initialize() 
20260831 131811.550 INFO             PET3 ESMCI_PIO_Handler.C:191 ESMCI::PIO_Handler::initialize()           Before PIOc_Init_Intracomm, num_iotasks = 1
20260831 131811.550 INFO             PET3 ESMCI_PIO_Handler.C:194 ESMCI::PIO_Handler::initialize()           After PIOc_Init_Intracomm, instance = 65536
20260831 131811.550 INFO             PET3 ESMCI_PIO_Handler.C:210 ESMCI::PIO_Handler::initialize()           After PIOc_Set_IOSystem_Error_Handling
20260831 131811.550 INFO             PET3 ESMCI_PIO_Handler.C:213 ESMCI::PIO_Handler::initialize()           push_back
20260831 131811.550 INFO             PET3 ESMCI_PIO_Handler.C:303 ESMCI::PIO_Handler::initializeVM           After initialize, rc = 0
20260831 131811.550 INFO             PET3 ESMCI_PIO_Handler.C:305 ESMCI::PIO_Handler::initializeVM           Looking for active instance, size = 1
20260831 131811.550 INFO             PET3 ESMCI_PIO_Handler.C:307 ESMCI::PIO_Handler::initializeVM           Fetched PIO system descriptor, 0x10000
20260831 131811.550 INFO             PET3 ESMCI_PIO_Handler.C:1561 ESMCI::PIO_Handler::isOpen() 
20260831 131811.550 INFO             PET3 ESMCI_PIO_Handler.C:1564 ESMCI::PIO_Handler::isOpen()           pioFileDesc is NULL
20260831 131811.550 INFO             PET3 ESMCI_PIO_Handler.C:1561 ESMCI::PIO_Handler::isOpen() 
20260831 131811.550 INFO             PET3 ESMCI_PIO_Handler.C:1564 ESMCI::PIO_Handler::isOpen()           pioFileDesc is NULL
20260831 131811.550 INFO             PET3 ESMCI_PIO_Handler.C:1279 ESMCI::PIO_Handler::openOneTileF 
20260831 131811.550 INFO             PET3 ESMCI_PIO_Handler.C:1561 ESMCI::PIO_Handler::isOpen() 
20260831 131811.550 INFO             PET3 ESMCI_PIO_Handler.C:1564 ESMCI::PIO_Handler::isOpen()           pioFileDesc is NULL
20260831 131811.550 INFO             PET3 ESMCI_IO_Handler.C:640 ESMCI::IO_Handler::fileExists()           File, "data_ATM_import.nc" exists
20260831 131811.550 INFO             PET3 ESMCI_PIO_Handler.C:1359 ESMCI::PIO_Handler::openOneTileF           Calling PIOc_createfile
20260831 131811.550 INFO             PET3 ESMCI_PIO_Handler.C:1385 ESMCI::PIO_Handler::openOneTileF           call to PIOc_createfile: success for data_ATM_import.nc iotype= 2 Mode 1 ESMF FMT 1
20260831 131811.550 INFO             PET3 ESMCI_IO.C:498 ESMCI::IO::write()           open returned 0
20260831 131811.550 INFO             PET3 ESMCI_IO.C:567 ESMCI::IO::write() 
20260831 131811.550 INFO             PET3 ESMCI_IO_Handler.C:449 ESMCI::IO_Handler::arrayWrite() 
20260831 131811.550 INFO             PET3 ESMCI_PIO_Handler.C:818 ESMCI::PIO_Handler::arrayWriteOn 
20260831 131811.550 INFO             PET3 ESMCI_PIO_Handler.C:1561 ESMCI::PIO_Handler::isOpen() 
20260831 131811.550 INFO             PET3 ESMCI_PIO_Handler.C:1567 ESMCI::PIO_Handler::isOpen()           File is open
20260831 131811.550 INFO             PET3 ESMCI_PIO_Handler.C:1718 ESMCI::PIO_Handler::getIODesc() 
20260831 131811.550 INFO             PET3 ESMCI_PIO_Handler.C:1721 ESMCI::PIO_Handler::getIODesc()           calling constructPioDecomp
20260831 131811.550 INFO             PET3 ESMCI_PIO_Handler.C:1974 ESMCI::PIO_IODescHandler::constr 
20260831 131811.550 INFO             PET3 ESMCI_PIO_Handler.C:1996 ESMCI::PIO_IODescHandler::constr           localDeCount = 1
20260831 131811.550 INFO             PET3 ESMCI_PIO_Handler.C:2025 ESMCI::PIO_IODescHandler::constr           pioDofCount = 1000
20260831 131811.550 INFO             PET3 ESMCI_PIO_Handler.C:2144 ESMCI::PIO_IODescHandler::constr           , IODesc shape = [ 010, 100 ], calling pio_initdecomp
20260831 131811.550 INFO             PET3 ESMCI_PIO_Handler.C:2151 ESMCI::PIO_IODescHandler::constr           , IODesc dims = [ 010, 100 ]
20260831 131811.550 INFO             PET3 ESMCI_PIO_Handler.C:2165 ESMCI::PIO_IODescHandler::constr           after call to PIOc_initdecomp_dof
20260831 131811.550 INFO             PET3 ESMCI_PIO_Handler.C:1724 ESMCI::PIO_Handler::getIODesc()           constructPioDecomp call complete, localrc = 0
20260831 131811.551 INFO             PET3 ESMCI_PIO_Handler.C:2280 ESMCI::PIO_IODescHandler::getDim 
20260831 131811.551 INFO             PET3 ESMCI_PIO_Handler.C:2287 ESMCI::PIO_IODescHandler::getDim           getDims: found handler, nioDims = 2, ioDims = 0x600003b3d3d0, narrDims = 2
20260831 131811.551 INFO             PET3 ESMCI_PIO_Handler.C:1751 ESMCI::PIO_Handler::getIODesc()           getDims complete, calling getIOType
20260831 131811.551 INFO             PET3 ESMCI_PIO_Handler.C:2342 ESMCI::PIO_IODescHandler::getIOT 
20260831 131811.551 INFO             PET3 ESMCI_PIO_Handler.C:862 ESMCI::PIO_Handler::arrayWriteOn           baseAddress = 0x0x15e80ec00
20260831 131811.551 INFO             PET3 ESMCI_PIO_Handler.C:872 ESMCI::PIO_Handler::arrayWriteOn           arrlen = 1000
20260831 131811.551 INFO             PET3 ESMCI_PIO_Handler.C:881 ESMCI::PIO_Handler::arrayWriteOn           varname = "sea_surface_salinity"
20260831 131811.551 INFO             PET3 ESMCI_PIO_Handler.C:922 ESMCI::PIO_Handler::arrayWriteOn           Checking time dimension
20260831 131811.551 INFO             PET3 ESMCI_PIO_Handler.C:929 ESMCI::PIO_Handler::arrayWriteOn           inq_dimid  = 0
20260831 131811.551 INFO             PET3 ESMCI_PIO_Handler.C:930 ESMCI::PIO_Handler::arrayWriteOn           hasTimeDim = 0
20260831 131811.551 INFO             PET3 ESMCI_PIO_Handler.C:931 ESMCI::PIO_Handler::arrayWriteOn           unlim = -1
20260831 131811.551 INFO             PET3 ESMCI_PIO_Handler.C:972 ESMCI::PIO_Handler::arrayWriteOn           ready to check var compat., timeFrame = 1
20260831 131811.551 INFO             PET3 ESMCI_PIO_Handler.C:1052 ESMCI::PIO_Handler::arrayWriteOn           Going into NetCDF define mode (redef)
20260831 131811.551 INFO             PET3 ESMCI_PIO_Handler.C:1097 ESMCI::PIO_Handler::arrayWriteOn           Defining dimension 0
20260831 131811.551 INFO             PET3 ESMCI_PIO_Handler.C:1097 ESMCI::PIO_Handler::arrayWriteOn           Defining dimension 1
20260831 131811.551 INFO             PET3 ESMCI_PIO_Handler.C:1106 ESMCI::PIO_Handler::arrayWriteOn           finished defining space dims, timeFrame = 1
20260831 131811.551 INFO             PET3 ESMCI_PIO_Handler.C:1119 ESMCI::PIO_Handler::arrayWriteOn           Defining time dimension
20260831 131811.551 INFO             PET3 ESMCI_PIO_Handler.C:1129 ESMCI::PIO_Handler::arrayWriteOn           varExists = 0
20260831 131811.551 INFO             PET3 ESMCI_PIO_Handler.C:1131 ESMCI::PIO_Handler::arrayWriteOn           niodims = 3
20260831 131811.551 INFO             PET3 ESMCI_PIO_Handler.C:1132 ESMCI::PIO_Handler::arrayWriteOn           basepiotype = 6
20260831 131811.551 INFO             PET3 ESMCI_PIO_Handler.C:1145 ESMCI::PIO_Handler::arrayWriteOn           calling setframe, timeFrame = 1
20260831 131811.551 INFO             PET3 ESMCI_PIO_Handler.C:1182 ESMCI::PIO_Handler::arrayWriteOn           calling enddef, status = 0x16f0bf70c
20260831 131811.551 INFO             PET3 ESMCI_PIO_Handler.C:1191 ESMCI::PIO_Handler::arrayWriteOn           calling write_darray, pio type = 6, address = 0x15e80ec00
20260831 131811.551 INFO             PET3 ESMCI_PIO_Handler.C:1208 ESMCI::PIO_Handler::arrayWriteOn           cleanup and return
20260831 131811.551 INFO             PET3 ESMCI_IO.C:514 ESMCI::IO::write()           write returned 0
20260831 131811.551 INFO             PET3 ESMCI_IO.C:956 ESMCI::IO::close() 
20260831 131811.551 INFO             PET3 ESMCI_IO_Handler.C:814 ESMCI::IO_Handler::flush() 
20260831 131811.551 INFO             PET3 ESMCI_PIO_Handler.C:1612 ESMCI::PIO_Handler::flushOneTile 
20260831 131811.551 INFO             PET3 ESMCI_PIO_Handler.C:1561 ESMCI::PIO_Handler::isOpen() 
20260831 131811.551 INFO             PET3 ESMCI_PIO_Handler.C:1567 ESMCI::PIO_Handler::isOpen()           File is open
20260831 131811.551 INFO             PET3 ESMCI_PIO_Handler.C:1615 ESMCI::PIO_Handler::flushOneTile           calling sync
20260831 131811.551 INFO             PET3 ESMCI_IO_Handler.C:854 ESMCI::IO_Handler::close() 
20260831 131811.551 INFO             PET3 ESMCI_PIO_Handler.C:1660 ESMCI::PIO_Handler::closeOneTile 
20260831 131811.551 INFO             PET3 ESMCI_PIO_Handler.C:1561 ESMCI::PIO_Handler::isOpen() 
20260831 131811.551 INFO             PET3 ESMCI_PIO_Handler.C:1567 ESMCI::PIO_Handler::isOpen()           File is open
20260831 131811.551 INFO             PET3 ESMCI_IO.C:523 ESMCI::IO::write()           close returned 0
20260831 131811.551 INFO             PET3 ESMCI_IO.C:200 ESMCI::IO::destroy() 
20260831 131811.551 INFO             PET3 ESMCI_IO.C:73 ESMCI::IO::destruct() 
20260831 131811.551 INFO             PET3 ESMCI_PIO_Handler.C:549 ESMCI::PIO_Handler::destruct() 
20260831 131811.551 INFO             PET3 ESMCI_PIO_Handler.C:551 ESMCI::PIO_Handler::destruct()            (0): closing file
20260831 131811.551 INFO             PET3 ESMCI_IO_Handler.C:854 ESMCI::IO_Handler::close() 
20260831 131811.551 INFO             PET3 ESMCI_PIO_Handler.C:1660 ESMCI::PIO_Handler::closeOneTile 
20260831 131811.551 INFO             PET3 ESMCI_PIO_Handler.C:1561 ESMCI::PIO_Handler::isOpen() 
20260831 131811.551 INFO             PET3 ESMCI_PIO_Handler.C:1564 ESMCI::PIO_Handler::isOpen()           pioFileDesc is NULL
20260831 131811.551 INFO             PET3 ESMCI_IO_Handler.C:281 ESMCI::IO_Handler::destroy() 
20260831 131811.551 INFO             PET3 ESMCI_PIO_Handler.C:357 ESMCI::PIO_Handler::finalize() 
20260831 131811.551 INFO             PET3 ESMCI_PIO_Handler.C:1885 ESMCI::PIO_IODescHandler::~PIO_I           calling PIOc_freedecomp
20260831 131811.551 INFO             PET3 ESMCI_IO_Handler.C:283 ESMCI::IO_Handler::destroy()           after finalize, localrc = 0
20260831 131811.551 INFO             PET3 ESMCI_IO.C:150 ESMCI::IO::create() 
20260831 131811.551 INFO             PET3 ESMCI_IO.C:1049 ESMCI::IO::addArray() 
20260831 131811.551 INFO             PET3 ESMCI_IO.C:490 ESMCI::IO::write() 
20260831 131811.551 INFO             PET3 ESMCI_IO.C:845 ESMCI::IO::open() 
20260831 131811.551 INFO             PET3 ESMCI_PIO_Handler.C:178 ESMCI::PIO_Handler::initialize() 
20260831 131811.551 INFO             PET3 ESMCI_PIO_Handler.C:191 ESMCI::PIO_Handler::initialize()           Before PIOc_Init_Intracomm, num_iotasks = 1
20260831 131811.551 INFO             PET3 ESMCI_PIO_Handler.C:194 ESMCI::PIO_Handler::initialize()           After PIOc_Init_Intracomm, instance = 65536
20260831 131811.551 INFO             PET3 ESMCI_PIO_Handler.C:210 ESMCI::PIO_Handler::initialize()           After PIOc_Set_IOSystem_Error_Handling
20260831 131811.551 INFO             PET3 ESMCI_PIO_Handler.C:213 ESMCI::PIO_Handler::initialize()           push_back
20260831 131811.551 INFO             PET3 ESMCI_PIO_Handler.C:303 ESMCI::PIO_Handler::initializeVM           After initialize, rc = 0
20260831 131811.551 INFO             PET3 ESMCI_PIO_Handler.C:305 ESMCI::PIO_Handler::initializeVM           Looking for active instance, size = 1
20260831 131811.551 INFO             PET3 ESMCI_PIO_Handler.C:307 ESMCI::PIO_Handler::initializeVM           Fetched PIO system descriptor, 0x10000
20260831 131811.551 INFO             PET3 ESMCI_PIO_Handler.C:1561 ESMCI::PIO_Handler::isOpen() 
20260831 131811.551 INFO             PET3 ESMCI_PIO_Handler.C:1564 ESMCI::PIO_Handler::isOpen()           pioFileDesc is NULL
20260831 131811.551 INFO             PET3 ESMCI_PIO_Handler.C:1561 ESMCI::PIO_Handler::isOpen() 
20260831 131811.551 INFO             PET3 ESMCI_PIO_Handler.C:1564 ESMCI::PIO_Handler::isOpen()           pioFileDesc is NULL
20260831 131811.551 INFO             PET3 ESMCI_PIO_Handler.C:1279 ESMCI::PIO_Handler::openOneTileF 
20260831 131811.551 INFO             PET3 ESMCI_PIO_Handler.C:1561 ESMCI::PIO_Handler::isOpen() 
20260831 131811.551 INFO             PET3 ESMCI_PIO_Handler.C:1564 ESMCI::PIO_Handler::isOpen()           pioFileDesc is NULL
20260831 131811.551 INFO             PET3 ESMCI_IO_Handler.C:640 ESMCI::IO_Handler::fileExists()           File, "data_ATM_import.nc" exists
20260831 131811.551 INFO             PET3 ESMCI_PIO_Handler.C:1397 ESMCI::PIO_Handler::openOneTileF            calling PIOc_openfile with mode = 1, file = "data_ATM_import.nc"
20260831 131811.551 INFO             PET3 ESMCI_PIO_Handler.C:1403 ESMCI::PIO_Handler::openOneTileF           , called PIOc_openfile on data_ATM_import.nc
20260831 131811.551 INFO             PET3 ESMCI_IO.C:498 ESMCI::IO::write()           open returned 0
20260831 131811.551 INFO             PET3 ESMCI_IO.C:567 ESMCI::IO::write() 
20260831 131811.551 INFO             PET3 ESMCI_IO_Handler.C:449 ESMCI::IO_Handler::arrayWrite() 
20260831 131811.551 INFO             PET3 ESMCI_PIO_Handler.C:818 ESMCI::PIO_Handler::arrayWriteOn 
20260831 131811.551 INFO             PET3 ESMCI_PIO_Handler.C:1561 ESMCI::PIO_Handler::isOpen() 
20260831 131811.551 INFO             PET3 ESMCI_PIO_Handler.C:1567 ESMCI::PIO_Handler::isOpen()           File is open
20260831 131811.551 INFO             PET3 ESMCI_PIO_Handler.C:1718 ESMCI::PIO_Handler::getIODesc() 
20260831 131811.551 INFO             PET3 ESMCI_PIO_Handler.C:1721 ESMCI::PIO_Handler::getIODesc()           calling constructPioDecomp
20260831 131811.551 INFO             PET3 ESMCI_PIO_Handler.C:1974 ESMCI::PIO_IODescHandler::constr 
20260831 131811.551 INFO             PET3 ESMCI_PIO_Handler.C:1996 ESMCI::PIO_IODescHandler::constr           localDeCount = 1
20260831 131811.552 INFO             PET3 ESMCI_PIO_Handler.C:2025 ESMCI::PIO_IODescHandler::constr           pioDofCount = 1000
20260831 131811.552 INFO             PET3 ESMCI_PIO_Handler.C:2144 ESMCI::PIO_IODescHandler::constr           , IODesc shape = [ 010, 100 ], calling pio_initdecomp
20260831 131811.552 INFO             PET3 ESMCI_PIO_Handler.C:2151 ESMCI::PIO_IODescHandler::constr           , IODesc dims = [ 010, 100 ]
20260831 131811.552 INFO             PET3 ESMCI_PIO_Handler.C:2165 ESMCI::PIO_IODescHandler::constr           after call to PIOc_initdecomp_dof
20260831 131811.552 INFO             PET3 ESMCI_PIO_Handler.C:1724 ESMCI::PIO_Handler::getIODesc()           constructPioDecomp call complete, localrc = 0
20260831 131811.552 INFO             PET3 ESMCI_PIO_Handler.C:2280 ESMCI::PIO_IODescHandler::getDim 
20260831 131811.552 INFO             PET3 ESMCI_PIO_Handler.C:2287 ESMCI::PIO_IODescHandler::getDim           getDims: found handler, nioDims = 2, ioDims = 0x600003b1fe00, narrDims = 2
20260831 131811.552 INFO             PET3 ESMCI_PIO_Handler.C:1751 ESMCI::PIO_Handler::getIODesc()           getDims complete, calling getIOType
20260831 131811.552 INFO             PET3 ESMCI_PIO_Handler.C:2342 ESMCI::PIO_IODescHandler::getIOT 
20260831 131811.552 INFO             PET3 ESMCI_PIO_Handler.C:862 ESMCI::PIO_Handler::arrayWriteOn           baseAddress = 0x0x15e80c000
20260831 131811.552 INFO             PET3 ESMCI_PIO_Handler.C:872 ESMCI::PIO_Handler::arrayWriteOn           arrlen = 1000
20260831 131811.552 INFO             PET3 ESMCI_PIO_Handler.C:881 ESMCI::PIO_Handler::arrayWriteOn           varname = "sea_surface_temperature"
20260831 131811.552 INFO             PET3 ESMCI_PIO_Handler.C:888 ESMCI::PIO_Handler::arrayWriteOn           Entering NetCDF define mode (redef)
20260831 131811.552 INFO             PET3 ESMCI_PIO_Handler.C:902 ESMCI::PIO_Handler::arrayWriteOn           Calling PIOc_inq
20260831 131811.552 INFO             PET3 ESMCI_PIO_Handler.C:911 ESMCI::PIO_Handler::arrayWriteOn           Looking for variable in file
20260831 131811.552 INFO             PET3 ESMCI_PIO_Handler.C:922 ESMCI::PIO_Handler::arrayWriteOn           Checking time dimension
20260831 131811.552 INFO             PET3 ESMCI_PIO_Handler.C:929 ESMCI::PIO_Handler::arrayWriteOn           inq_dimid  = 0
20260831 131811.552 INFO             PET3 ESMCI_PIO_Handler.C:930 ESMCI::PIO_Handler::arrayWriteOn           hasTimeDim = 1
20260831 131811.552 INFO             PET3 ESMCI_PIO_Handler.C:931 ESMCI::PIO_Handler::arrayWriteOn           unlim = 2
20260831 131811.552 INFO             PET3 ESMCI_PIO_Handler.C:935 ESMCI::PIO_Handler::arrayWriteOn           inq_dimlen = 0
20260831 131811.552 INFO             PET3 ESMCI_PIO_Handler.C:936 ESMCI::PIO_Handler::arrayWriteOn           dimidTime = 2
20260831 131811.552 INFO             PET3 ESMCI_PIO_Handler.C:937 ESMCI::PIO_Handler::arrayWriteOn           timeLen = 1
20260831 131811.552 INFO             PET3 ESMCI_PIO_Handler.C:972 ESMCI::PIO_Handler::arrayWriteOn           ready to check var compat., timeFrame = 1
20260831 131811.552 INFO             PET3 ESMCI_PIO_Handler.C:1052 ESMCI::PIO_Handler::arrayWriteOn           Going into NetCDF define mode (redef)
20260831 131811.552 INFO             PET3 ESMCI_PIO_Handler.C:1097 ESMCI::PIO_Handler::arrayWriteOn           Defining dimension 0
20260831 131811.552 INFO             PET3 ESMCI_PIO_Handler.C:1097 ESMCI::PIO_Handler::arrayWriteOn           Defining dimension 1
20260831 131811.552 INFO             PET3 ESMCI_PIO_Handler.C:1106 ESMCI::PIO_Handler::arrayWriteOn           finished defining space dims, timeFrame = 1
20260831 131811.552 INFO             PET3 ESMCI_PIO_Handler.C:1129 ESMCI::PIO_Handler::arrayWriteOn           varExists = 0
20260831 131811.552 INFO             PET3 ESMCI_PIO_Handler.C:1131 ESMCI::PIO_Handler::arrayWriteOn           niodims = 3
20260831 131811.552 INFO             PET3 ESMCI_PIO_Handler.C:1132 ESMCI::PIO_Handler::arrayWriteOn           basepiotype = 6
20260831 131811.552 INFO             PET3 ESMCI_PIO_Handler.C:1145 ESMCI::PIO_Handler::arrayWriteOn           calling setframe, timeFrame = 1
20260831 131811.552 INFO             PET3 ESMCI_PIO_Handler.C:1182 ESMCI::PIO_Handler::arrayWriteOn           calling enddef, status = 0x16f0bf70c
20260831 131811.552 INFO             PET3 ESMCI_PIO_Handler.C:1191 ESMCI::PIO_Handler::arrayWriteOn           calling write_darray, pio type = 6, address = 0x15e80c000
20260831 131811.552 INFO             PET3 ESMCI_PIO_Handler.C:1208 ESMCI::PIO_Handler::arrayWriteOn           cleanup and return
20260831 131811.552 INFO             PET3 ESMCI_IO.C:514 ESMCI::IO::write()           write returned 0
20260831 131811.552 INFO             PET3 ESMCI_IO.C:956 ESMCI::IO::close() 
20260831 131811.552 INFO             PET3 ESMCI_IO_Handler.C:814 ESMCI::IO_Handler::flush() 
20260831 131811.552 INFO             PET3 ESMCI_PIO_Handler.C:1612 ESMCI::PIO_Handler::flushOneTile 
20260831 131811.552 INFO             PET3 ESMCI_PIO_Handler.C:1561 ESMCI::PIO_Handler::isOpen() 
20260831 131811.552 INFO             PET3 ESMCI_PIO_Handler.C:1567 ESMCI::PIO_Handler::isOpen()           File is open
20260831 131811.552 INFO             PET3 ESMCI_PIO_Handler.C:1615 ESMCI::PIO_Handler::flushOneTile           calling sync
20260831 131811.552 INFO             PET3 ESMCI_IO_Handler.C:854 ESMCI::IO_Handler::close() 
20260831 131811.552 INFO             PET3 ESMCI_PIO_Handler.C:1660 ESMCI::PIO_Handler::closeOneTile 
20260831 131811.552 INFO             PET3 ESMCI_PIO_Handler.C:1561 ESMCI::PIO_Handler::isOpen() 
20260831 131811.552 INFO             PET3 ESMCI_PIO_Handler.C:1567 ESMCI::PIO_Handler::isOpen()           File is open
20260831 131811.552 INFO             PET3 ESMCI_IO.C:523 ESMCI::IO::write()           close returned 0
20260831 131811.552 INFO             PET3 ESMCI_IO.C:200 ESMCI::IO::destroy() 
20260831 131811.552 INFO             PET3 ESMCI_IO.C:73 ESMCI::IO::destruct() 
20260831 131811.552 INFO             PET3 ESMCI_PIO_Handler.C:549 ESMCI::PIO_Handler::destruct() 
20260831 131811.552 INFO             PET3 ESMCI_PIO_Handler.C:551 ESMCI::PIO_Handler::destruct()            (0): closing file
20260831 131811.552 INFO             PET3 ESMCI_IO_Handler.C:854 ESMCI::IO_Handler::close() 
20260831 131811.552 INFO             PET3 ESMCI_PIO_Handler.C:1660 ESMCI::PIO_Handler::closeOneTile 
20260831 131811.552 INFO             PET3 ESMCI_PIO_Handler.C:1561 ESMCI::PIO_Handler::isOpen() 
20260831 131811.552 INFO             PET3 ESMCI_PIO_Handler.C:1564 ESMCI::PIO_Handler::isOpen()           pioFileDesc is NULL
20260831 131811.552 INFO             PET3 ESMCI_IO_Handler.C:281 ESMCI::IO_Handler::destroy() 
20260831 131811.552 INFO             PET3 ESMCI_PIO_Handler.C:357 ESMCI::PIO_Handler::finalize() 
20260831 131811.552 INFO             PET3 ESMCI_PIO_Handler.C:1885 ESMCI::PIO_IODescHandler::~PIO_I           calling PIOc_freedecomp
20260831 131811.552 INFO             PET3 ESMCI_IO_Handler.C:283 ESMCI::IO_Handler::destroy()           after finalize, localrc = 0
20260831 131811.552 INFO             PET3 ESMCI_IO.C:150 ESMCI::IO::create() 
20260831 131811.552 INFO             PET3 ESMCI_IO.C:1049 ESMCI::IO::addArray() 
20260831 131811.552 INFO             PET3 ESMCI_IO.C:490 ESMCI::IO::write() 
20260831 131811.552 INFO             PET3 ESMCI_IO.C:845 ESMCI::IO::open() 
20260831 131811.552 INFO             PET3 ESMCI_PIO_Handler.C:178 ESMCI::PIO_Handler::initialize() 
20260831 131811.552 INFO             PET3 ESMCI_PIO_Handler.C:191 ESMCI::PIO_Handler::initialize()           Before PIOc_Init_Intracomm, num_iotasks = 1
20260831 131811.552 INFO             PET3 ESMCI_PIO_Handler.C:194 ESMCI::PIO_Handler::initialize()           After PIOc_Init_Intracomm, instance = 65536
20260831 131811.552 INFO             PET3 ESMCI_PIO_Handler.C:210 ESMCI::PIO_Handler::initialize()           After PIOc_Set_IOSystem_Error_Handling
20260831 131811.552 INFO             PET3 ESMCI_PIO_Handler.C:213 ESMCI::PIO_Handler::initialize()           push_back
20260831 131811.552 INFO             PET3 ESMCI_PIO_Handler.C:303 ESMCI::PIO_Handler::initializeVM           After initialize, rc = 0
20260831 131811.552 INFO             PET3 ESMCI_PIO_Handler.C:305 ESMCI::PIO_Handler::initializeVM           Looking for active instance, size = 1
20260831 131811.552 INFO             PET3 ESMCI_PIO_Handler.C:307 ESMCI::PIO_Handler::initializeVM           Fetched PIO system descriptor, 0x10000
20260831 131811.552 INFO             PET3 ESMCI_PIO_Handler.C:1561 ESMCI::PIO_Handler::isOpen() 
20260831 131811.552 INFO             PET3 ESMCI_PIO_Handler.C:1564 ESMCI::PIO_Handler::isOpen()           pioFileDesc is NULL
20260831 131811.552 INFO             PET3 ESMCI_PIO_Handler.C:1561 ESMCI::PIO_Handler::isOpen() 
20260831 131811.552 INFO             PET3 ESMCI_PIO_Handler.C:1564 ESMCI::PIO_Handler::isOpen()           pioFileDesc is NULL
20260831 131811.552 INFO             PET3 ESMCI_PIO_Handler.C:1279 ESMCI::PIO_Handler::openOneTileF 
20260831 131811.552 INFO             PET3 ESMCI_PIO_Handler.C:1561 ESMCI::PIO_Handler::isOpen() 
20260831 131811.552 INFO             PET3 ESMCI_PIO_Handler.C:1564 ESMCI::PIO_Handler::isOpen()           pioFileDesc is NULL
20260831 131811.552 INFO             PET3 ESMCI_IO_Handler.C:640 ESMCI::IO_Handler::fileExists()           File, "data_ATM_export.nc" exists
20260831 131811.552 INFO             PET3 ESMCI_PIO_Handler.C:1359 ESMCI::PIO_Handler::openOneTileF           Calling PIOc_createfile
20260831 131811.553 INFO             PET3 ESMCI_PIO_Handler.C:1385 ESMCI::PIO_Handler::openOneTileF           call to PIOc_createfile: success for data_ATM_export.nc iotype= 2 Mode 1 ESMF FMT 1
20260831 131811.553 INFO             PET3 ESMCI_IO.C:498 ESMCI::IO::write()           open returned 0
20260831 131811.553 INFO             PET3 ESMCI_IO.C:567 ESMCI::IO::write() 
20260831 131811.553 INFO             PET3 ESMCI_IO_Handler.C:449 ESMCI::IO_Handler::arrayWrite() 
20260831 131811.553 INFO             PET3 ESMCI_PIO_Handler.C:818 ESMCI::PIO_Handler::arrayWriteOn 
20260831 131811.553 INFO             PET3 ESMCI_PIO_Handler.C:1561 ESMCI::PIO_Handler::isOpen() 
20260831 131811.553 INFO             PET3 ESMCI_PIO_Handler.C:1567 ESMCI::PIO_Handler::isOpen()           File is open
20260831 131811.553 INFO             PET3 ESMCI_PIO_Handler.C:1718 ESMCI::PIO_Handler::getIODesc() 
20260831 131811.553 INFO             PET3 ESMCI_PIO_Handler.C:1721 ESMCI::PIO_Handler::getIODesc()           calling constructPioDecomp
20260831 131811.553 INFO             PET3 ESMCI_PIO_Handler.C:1974 ESMCI::PIO_IODescHandler::constr 
20260831 131811.553 INFO             PET3 ESMCI_PIO_Handler.C:1996 ESMCI::PIO_IODescHandler::constr           localDeCount = 1
20260831 131811.553 INFO             PET3 ESMCI_PIO_Handler.C:2025 ESMCI::PIO_IODescHandler::constr           pioDofCount = 1000
20260831 131811.553 INFO             PET3 ESMCI_PIO_Handler.C:2144 ESMCI::PIO_IODescHandler::constr           , IODesc shape = [ 010, 100 ], calling pio_initdecomp
20260831 131811.553 INFO             PET3 ESMCI_PIO_Handler.C:2151 ESMCI::PIO_IODescHandler::constr           , IODesc dims = [ 010, 100 ]
20260831 131811.553 INFO             PET3 ESMCI_PIO_Handler.C:2165 ESMCI::PIO_IODescHandler::constr           after call to PIOc_initdecomp_dof
20260831 131811.553 INFO             PET3 ESMCI_PIO_Handler.C:1724 ESMCI::PIO_Handler::getIODesc()           constructPioDecomp call complete, localrc = 0
20260831 131811.553 INFO             PET3 ESMCI_PIO_Handler.C:2280 ESMCI::PIO_IODescHandler::getDim 
20260831 131811.553 INFO             PET3 ESMCI_PIO_Handler.C:2287 ESMCI::PIO_IODescHandler::getDim           getDims: found handler, nioDims = 2, ioDims = 0x600003b3d320, narrDims = 2
20260831 131811.553 INFO             PET3 ESMCI_PIO_Handler.C:1751 ESMCI::PIO_Handler::getIODesc()           getDims complete, calling getIOType
20260831 131811.553 INFO             PET3 ESMCI_PIO_Handler.C:2342 ESMCI::PIO_IODescHandler::getIOT 
20260831 131811.553 INFO             PET3 ESMCI_PIO_Handler.C:862 ESMCI::PIO_Handler::arrayWriteOn           baseAddress = 0x0x15e811e00
20260831 131811.553 INFO             PET3 ESMCI_PIO_Handler.C:872 ESMCI::PIO_Handler::arrayWriteOn           arrlen = 1000
20260831 131811.553 INFO             PET3 ESMCI_PIO_Handler.C:881 ESMCI::PIO_Handler::arrayWriteOn           varname = "air_pressure_at_sea_level"
20260831 131811.553 INFO             PET3 ESMCI_PIO_Handler.C:922 ESMCI::PIO_Handler::arrayWriteOn           Checking time dimension
20260831 131811.553 INFO             PET3 ESMCI_PIO_Handler.C:929 ESMCI::PIO_Handler::arrayWriteOn           inq_dimid  = 0
20260831 131811.553 INFO             PET3 ESMCI_PIO_Handler.C:930 ESMCI::PIO_Handler::arrayWriteOn           hasTimeDim = 0
20260831 131811.553 INFO             PET3 ESMCI_PIO_Handler.C:931 ESMCI::PIO_Handler::arrayWriteOn           unlim = -1
20260831 131811.553 INFO             PET3 ESMCI_PIO_Handler.C:972 ESMCI::PIO_Handler::arrayWriteOn           ready to check var compat., timeFrame = 1
20260831 131811.553 INFO             PET3 ESMCI_PIO_Handler.C:1052 ESMCI::PIO_Handler::arrayWriteOn           Going into NetCDF define mode (redef)
20260831 131811.553 INFO             PET3 ESMCI_PIO_Handler.C:1097 ESMCI::PIO_Handler::arrayWriteOn           Defining dimension 0
20260831 131811.553 INFO             PET3 ESMCI_PIO_Handler.C:1097 ESMCI::PIO_Handler::arrayWriteOn           Defining dimension 1
20260831 131811.553 INFO             PET3 ESMCI_PIO_Handler.C:1106 ESMCI::PIO_Handler::arrayWriteOn           finished defining space dims, timeFrame = 1
20260831 131811.553 INFO             PET3 ESMCI_PIO_Handler.C:1119 ESMCI::PIO_Handler::arrayWriteOn           Defining time dimension
20260831 131811.553 INFO             PET3 ESMCI_PIO_Handler.C:1129 ESMCI::PIO_Handler::arrayWriteOn           varExists = 0
20260831 131811.553 INFO             PET3 ESMCI_PIO_Handler.C:1131 ESMCI::PIO_Handler::arrayWriteOn           niodims = 3
20260831 131811.553 INFO             PET3 ESMCI_PIO_Handler.C:1132 ESMCI::PIO_Handler::arrayWriteOn           basepiotype = 6
20260831 131811.553 INFO             PET3 ESMCI_PIO_Handler.C:1145 ESMCI::PIO_Handler::arrayWriteOn           calling setframe, timeFrame = 1
20260831 131811.553 INFO             PET3 ESMCI_PIO_Handler.C:1182 ESMCI::PIO_Handler::arrayWriteOn           calling enddef, status = 0x16f0bf70c
20260831 131811.553 INFO             PET3 ESMCI_PIO_Handler.C:1191 ESMCI::PIO_Handler::arrayWriteOn           calling write_darray, pio type = 6, address = 0x15e811e00
20260831 131811.553 INFO             PET3 ESMCI_PIO_Handler.C:1208 ESMCI::PIO_Handler::arrayWriteOn           cleanup and return
20260831 131811.553 INFO             PET3 ESMCI_IO.C:514 ESMCI::IO::write()           write returned 0
20260831 131811.553 INFO             PET3 ESMCI_IO.C:956 ESMCI::IO::close() 
20260831 131811.553 INFO             PET3 ESMCI_IO_Handler.C:814 ESMCI::IO_Handler::flush() 
20260831 131811.553 INFO             PET3 ESMCI_PIO_Handler.C:1612 ESMCI::PIO_Handler::flushOneTile 
20260831 131811.553 INFO             PET3 ESMCI_PIO_Handler.C:1561 ESMCI::PIO_Handler::isOpen() 
20260831 131811.553 INFO             PET3 ESMCI_PIO_Handler.C:1567 ESMCI::PIO_Handler::isOpen()           File is open
20260831 131811.553 INFO             PET3 ESMCI_PIO_Handler.C:1615 ESMCI::PIO_Handler::flushOneTile           calling sync
20260831 131811.553 INFO             PET3 ESMCI_IO_Handler.C:854 ESMCI::IO_Handler::close() 
20260831 131811.553 INFO             PET3 ESMCI_PIO_Handler.C:1660 ESMCI::PIO_Handler::closeOneTile 
20260831 131811.553 INFO             PET3 ESMCI_PIO_Handler.C:1561 ESMCI::PIO_Handler::isOpen() 
20260831 131811.553 INFO             PET3 ESMCI_PIO_Handler.C:1567 ESMCI::PIO_Handler::isOpen()           File is open
20260831 131811.553 INFO             PET3 ESMCI_IO.C:523 ESMCI::IO::write()           close returned 0
20260831 131811.553 INFO             PET3 ESMCI_IO.C:200 ESMCI::IO::destroy() 
20260831 131811.553 INFO             PET3 ESMCI_IO.C:73 ESMCI::IO::destruct() 
20260831 131811.553 INFO             PET3 ESMCI_PIO_Handler.C:549 ESMCI::PIO_Handler::destruct() 
20260831 131811.553 INFO             PET3 ESMCI_PIO_Handler.C:551 ESMCI::PIO_Handler::destruct()            (0): closing file
20260831 131811.553 INFO             PET3 ESMCI_IO_Handler.C:854 ESMCI::IO_Handler::close() 
20260831 131811.553 INFO             PET3 ESMCI_PIO_Handler.C:1660 ESMCI::PIO_Handler::closeOneTile 
20260831 131811.553 INFO             PET3 ESMCI_PIO_Handler.C:1561 ESMCI::PIO_Handler::isOpen() 
20260831 131811.553 INFO             PET3 ESMCI_PIO_Handler.C:1564 ESMCI::PIO_Handler::isOpen()           pioFileDesc is NULL
20260831 131811.553 INFO             PET3 ESMCI_IO_Handler.C:281 ESMCI::IO_Handler::destroy() 
20260831 131811.553 INFO             PET3 ESMCI_PIO_Handler.C:357 ESMCI::PIO_Handler::finalize() 
20260831 131811.553 INFO             PET3 ESMCI_PIO_Handler.C:1885 ESMCI::PIO_IODescHandler::~PIO_I           calling PIOc_freedecomp
20260831 131811.553 INFO             PET3 ESMCI_IO_Handler.C:283 ESMCI::IO_Handler::destroy()           after finalize, localrc = 0
20260831 131811.553 INFO             PET3 ESMCI_IO.C:150 ESMCI::IO::create() 
20260831 131811.553 INFO             PET3 ESMCI_IO.C:1049 ESMCI::IO::addArray() 
20260831 131811.553 INFO             PET3 ESMCI_IO.C:490 ESMCI::IO::write() 
20260831 131811.553 INFO             PET3 ESMCI_IO.C:845 ESMCI::IO::open() 
20260831 131811.553 INFO             PET3 ESMCI_PIO_Handler.C:178 ESMCI::PIO_Handler::initialize() 
20260831 131811.553 INFO             PET3 ESMCI_PIO_Handler.C:191 ESMCI::PIO_Handler::initialize()           Before PIOc_Init_Intracomm, num_iotasks = 1
20260831 131811.553 INFO             PET3 ESMCI_PIO_Handler.C:194 ESMCI::PIO_Handler::initialize()           After PIOc_Init_Intracomm, instance = 65536
20260831 131811.553 INFO             PET3 ESMCI_PIO_Handler.C:210 ESMCI::PIO_Handler::initialize()           After PIOc_Set_IOSystem_Error_Handling
20260831 131811.553 INFO             PET3 ESMCI_PIO_Handler.C:213 ESMCI::PIO_Handler::initialize()           push_back
20260831 131811.553 INFO             PET3 ESMCI_PIO_Handler.C:303 ESMCI::PIO_Handler::initializeVM           After initialize, rc = 0
20260831 131811.553 INFO             PET3 ESMCI_PIO_Handler.C:305 ESMCI::PIO_Handler::initializeVM           Looking for active instance, size = 1
20260831 131811.554 INFO             PET3 ESMCI_PIO_Handler.C:307 ESMCI::PIO_Handler::initializeVM           Fetched PIO system descriptor, 0x10000
20260831 131811.554 INFO             PET3 ESMCI_PIO_Handler.C:1561 ESMCI::PIO_Handler::isOpen() 
20260831 131811.554 INFO             PET3 ESMCI_PIO_Handler.C:1564 ESMCI::PIO_Handler::isOpen()           pioFileDesc is NULL
20260831 131811.554 INFO             PET3 ESMCI_PIO_Handler.C:1561 ESMCI::PIO_Handler::isOpen() 
20260831 131811.554 INFO             PET3 ESMCI_PIO_Handler.C:1564 ESMCI::PIO_Handler::isOpen()           pioFileDesc is NULL
20260831 131811.554 INFO             PET3 ESMCI_PIO_Handler.C:1279 ESMCI::PIO_Handler::openOneTileF 
20260831 131811.554 INFO             PET3 ESMCI_PIO_Handler.C:1561 ESMCI::PIO_Handler::isOpen() 
20260831 131811.554 INFO             PET3 ESMCI_PIO_Handler.C:1564 ESMCI::PIO_Handler::isOpen()           pioFileDesc is NULL
20260831 131811.554 INFO             PET3 ESMCI_IO_Handler.C:640 ESMCI::IO_Handler::fileExists()           File, "data_ATM_export.nc" exists
20260831 131811.554 INFO             PET3 ESMCI_PIO_Handler.C:1397 ESMCI::PIO_Handler::openOneTileF            calling PIOc_openfile with mode = 1, file = "data_ATM_export.nc"
20260831 131811.554 INFO             PET3 ESMCI_PIO_Handler.C:1403 ESMCI::PIO_Handler::openOneTileF           , called PIOc_openfile on data_ATM_export.nc
20260831 131811.554 INFO             PET3 ESMCI_IO.C:498 ESMCI::IO::write()           open returned 0
20260831 131811.554 INFO             PET3 ESMCI_IO.C:567 ESMCI::IO::write() 
20260831 131811.554 INFO             PET3 ESMCI_IO_Handler.C:449 ESMCI::IO_Handler::arrayWrite() 
20260831 131811.554 INFO             PET3 ESMCI_PIO_Handler.C:818 ESMCI::PIO_Handler::arrayWriteOn 
20260831 131811.554 INFO             PET3 ESMCI_PIO_Handler.C:1561 ESMCI::PIO_Handler::isOpen() 
20260831 131811.554 INFO             PET3 ESMCI_PIO_Handler.C:1567 ESMCI::PIO_Handler::isOpen()           File is open
20260831 131811.554 INFO             PET3 ESMCI_PIO_Handler.C:1718 ESMCI::PIO_Handler::getIODesc() 
20260831 131811.554 INFO             PET3 ESMCI_PIO_Handler.C:1721 ESMCI::PIO_Handler::getIODesc()           calling constructPioDecomp
20260831 131811.554 INFO             PET3 ESMCI_PIO_Handler.C:1974 ESMCI::PIO_IODescHandler::constr 
20260831 131811.554 INFO             PET3 ESMCI_PIO_Handler.C:1996 ESMCI::PIO_IODescHandler::constr           localDeCount = 1
20260831 131811.554 INFO             PET3 ESMCI_PIO_Handler.C:2025 ESMCI::PIO_IODescHandler::constr           pioDofCount = 1000
20260831 131811.554 INFO             PET3 ESMCI_PIO_Handler.C:2144 ESMCI::PIO_IODescHandler::constr           , IODesc shape = [ 010, 100 ], calling pio_initdecomp
20260831 131811.554 INFO             PET3 ESMCI_PIO_Handler.C:2151 ESMCI::PIO_IODescHandler::constr           , IODesc dims = [ 010, 100 ]
20260831 131811.554 INFO             PET3 ESMCI_PIO_Handler.C:2165 ESMCI::PIO_IODescHandler::constr           after call to PIOc_initdecomp_dof
20260831 131811.554 INFO             PET3 ESMCI_PIO_Handler.C:1724 ESMCI::PIO_Handler::getIODesc()           constructPioDecomp call complete, localrc = 0
20260831 131811.554 INFO             PET3 ESMCI_PIO_Handler.C:2280 ESMCI::PIO_IODescHandler::getDim 
20260831 131811.554 INFO             PET3 ESMCI_PIO_Handler.C:2287 ESMCI::PIO_IODescHandler::getDim           getDims: found handler, nioDims = 2, ioDims = 0x600003b1db90, narrDims = 2
20260831 131811.554 INFO             PET3 ESMCI_PIO_Handler.C:1751 ESMCI::PIO_Handler::getIODesc()           getDims complete, calling getIOType
20260831 131811.554 INFO             PET3 ESMCI_PIO_Handler.C:2342 ESMCI::PIO_IODescHandler::getIOT 
20260831 131811.554 INFO             PET3 ESMCI_PIO_Handler.C:862 ESMCI::PIO_Handler::arrayWriteOn           baseAddress = 0x0x15e814a00
20260831 131811.554 INFO             PET3 ESMCI_PIO_Handler.C:872 ESMCI::PIO_Handler::arrayWriteOn           arrlen = 1000
20260831 131811.554 INFO             PET3 ESMCI_PIO_Handler.C:881 ESMCI::PIO_Handler::arrayWriteOn           varname = "precipitation_flux"
20260831 131811.554 INFO             PET3 ESMCI_PIO_Handler.C:888 ESMCI::PIO_Handler::arrayWriteOn           Entering NetCDF define mode (redef)
20260831 131811.554 INFO             PET3 ESMCI_PIO_Handler.C:902 ESMCI::PIO_Handler::arrayWriteOn           Calling PIOc_inq
20260831 131811.554 INFO             PET3 ESMCI_PIO_Handler.C:911 ESMCI::PIO_Handler::arrayWriteOn           Looking for variable in file
20260831 131811.554 INFO             PET3 ESMCI_PIO_Handler.C:922 ESMCI::PIO_Handler::arrayWriteOn           Checking time dimension
20260831 131811.554 INFO             PET3 ESMCI_PIO_Handler.C:929 ESMCI::PIO_Handler::arrayWriteOn           inq_dimid  = 0
20260831 131811.554 INFO             PET3 ESMCI_PIO_Handler.C:930 ESMCI::PIO_Handler::arrayWriteOn           hasTimeDim = 1
20260831 131811.554 INFO             PET3 ESMCI_PIO_Handler.C:931 ESMCI::PIO_Handler::arrayWriteOn           unlim = 2
20260831 131811.554 INFO             PET3 ESMCI_PIO_Handler.C:935 ESMCI::PIO_Handler::arrayWriteOn           inq_dimlen = 0
20260831 131811.554 INFO             PET3 ESMCI_PIO_Handler.C:936 ESMCI::PIO_Handler::arrayWriteOn           dimidTime = 2
20260831 131811.554 INFO             PET3 ESMCI_PIO_Handler.C:937 ESMCI::PIO_Handler::arrayWriteOn           timeLen = 1
20260831 131811.554 INFO             PET3 ESMCI_PIO_Handler.C:972 ESMCI::PIO_Handler::arrayWriteOn           ready to check var compat., timeFrame = 1
20260831 131811.554 INFO             PET3 ESMCI_PIO_Handler.C:1052 ESMCI::PIO_Handler::arrayWriteOn           Going into NetCDF define mode (redef)
20260831 131811.554 INFO             PET3 ESMCI_PIO_Handler.C:1097 ESMCI::PIO_Handler::arrayWriteOn           Defining dimension 0
20260831 131811.554 INFO             PET3 ESMCI_PIO_Handler.C:1097 ESMCI::PIO_Handler::arrayWriteOn           Defining dimension 1
20260831 131811.554 INFO             PET3 ESMCI_PIO_Handler.C:1106 ESMCI::PIO_Handler::arrayWriteOn           finished defining space dims, timeFrame = 1
20260831 131811.554 INFO             PET3 ESMCI_PIO_Handler.C:1129 ESMCI::PIO_Handler::arrayWriteOn           varExists = 0
20260831 131811.554 INFO             PET3 ESMCI_PIO_Handler.C:1131 ESMCI::PIO_Handler::arrayWriteOn           niodims = 3
20260831 131811.554 INFO             PET3 ESMCI_PIO_Handler.C:1132 ESMCI::PIO_Handler::arrayWriteOn           basepiotype = 6
20260831 131811.554 INFO             PET3 ESMCI_PIO_Handler.C:1145 ESMCI::PIO_Handler::arrayWriteOn           calling setframe, timeFrame = 1
20260831 131811.554 INFO             PET3 ESMCI_PIO_Handler.C:1182 ESMCI::PIO_Handler::arrayWriteOn           calling enddef, status = 0x16f0bf70c
20260831 131811.554 INFO             PET3 ESMCI_PIO_Handler.C:1191 ESMCI::PIO_Handler::arrayWriteOn           calling write_darray, pio type = 6, address = 0x15e814a00
20260831 131811.554 INFO             PET3 ESMCI_PIO_Handler.C:1208 ESMCI::PIO_Handler::arrayWriteOn           cleanup and return
20260831 131811.554 INFO             PET3 ESMCI_IO.C:514 ESMCI::IO::write()           write returned 0
20260831 131811.554 INFO             PET3 ESMCI_IO.C:956 ESMCI::IO::close() 
20260831 131811.554 INFO             PET3 ESMCI_IO_Handler.C:814 ESMCI::IO_Handler::flush() 
20260831 131811.554 INFO             PET3 ESMCI_PIO_Handler.C:1612 ESMCI::PIO_Handler::flushOneTile 
20260831 131811.554 INFO             PET3 ESMCI_PIO_Handler.C:1561 ESMCI::PIO_Handler::isOpen() 
20260831 131811.554 INFO             PET3 ESMCI_PIO_Handler.C:1567 ESMCI::PIO_Handler::isOpen()           File is open
20260831 131811.554 INFO             PET3 ESMCI_PIO_Handler.C:1615 ESMCI::PIO_Handler::flushOneTile           calling sync
20260831 131811.554 INFO             PET3 ESMCI_IO_Handler.C:854 ESMCI::IO_Handler::close() 
20260831 131811.554 INFO             PET3 ESMCI_PIO_Handler.C:1660 ESMCI::PIO_Handler::closeOneTile 
20260831 131811.554 INFO             PET3 ESMCI_PIO_Handler.C:1561 ESMCI::PIO_Handler::isOpen() 
20260831 131811.554 INFO             PET3 ESMCI_PIO_Handler.C:1567 ESMCI::PIO_Handler::isOpen()           File is open
20260831 131811.554 INFO             PET3 ESMCI_IO.C:523 ESMCI::IO::write()           close returned 0
20260831 131811.554 INFO             PET3 ESMCI_IO.C:200 ESMCI::IO::destroy() 
20260831 131811.554 INFO             PET3 ESMCI_IO.C:73 ESMCI::IO::destruct() 
20260831 131811.554 INFO             PET3 ESMCI_PIO_Handler.C:549 ESMCI::PIO_Handler::destruct() 
20260831 131811.554 INFO             PET3 ESMCI_PIO_Handler.C:551 ESMCI::PIO_Handler::destruct()            (0): closing file
20260831 131811.554 INFO             PET3 ESMCI_IO_Handler.C:854 ESMCI::IO_Handler::close() 
20260831 131811.554 INFO             PET3 ESMCI_PIO_Handler.C:1660 ESMCI::PIO_Handler::closeOneTile 
20260831 131811.554 INFO             PET3 ESMCI_PIO_Handler.C:1561 ESMCI::PIO_Handler::isOpen() 
20260831 131811.554 INFO             PET3 ESMCI_PIO_Handler.C:1564 ESMCI::PIO_Handler::isOpen()           pioFileDesc is NULL
20260831 131811.554 INFO             PET3 ESMCI_IO_Handler.C:281 ESMCI::IO_Handler::destroy() 
20260831 131811.554 INFO             PET3 ESMCI_PIO_Handler.C:357 ESMCI::PIO_Handler::finalize() 
20260831 131811.554 INFO             PET3 ESMCI_PIO_Handler.C:1885 ESMCI::PIO_IODescHandler::~PIO_I           calling PIOc_freedecomp
20260831 131811.555 INFO             PET3 ESMCI_IO_Handler.C:283 ESMCI::IO_Handler::destroy()           after finalize, localrc = 0
20260831 131811.555 INFO             PET3 ESMCI_IO.C:150 ESMCI::IO::create() 
20260831 131811.555 INFO             PET3 ESMCI_IO.C:1049 ESMCI::IO::addArray() 
20260831 131811.555 INFO             PET3 ESMCI_IO.C:490 ESMCI::IO::write() 
20260831 131811.555 INFO             PET3 ESMCI_IO.C:845 ESMCI::IO::open() 
20260831 131811.555 INFO             PET3 ESMCI_PIO_Handler.C:178 ESMCI::PIO_Handler::initialize() 
20260831 131811.555 INFO             PET3 ESMCI_PIO_Handler.C:191 ESMCI::PIO_Handler::initialize()           Before PIOc_Init_Intracomm, num_iotasks = 1
20260831 131811.555 INFO             PET3 ESMCI_PIO_Handler.C:194 ESMCI::PIO_Handler::initialize()           After PIOc_Init_Intracomm, instance = 65536
20260831 131811.555 INFO             PET3 ESMCI_PIO_Handler.C:210 ESMCI::PIO_Handler::initialize()           After PIOc_Set_IOSystem_Error_Handling
20260831 131811.555 INFO             PET3 ESMCI_PIO_Handler.C:213 ESMCI::PIO_Handler::initialize()           push_back
20260831 131811.555 INFO             PET3 ESMCI_PIO_Handler.C:303 ESMCI::PIO_Handler::initializeVM           After initialize, rc = 0
20260831 131811.555 INFO             PET3 ESMCI_PIO_Handler.C:305 ESMCI::PIO_Handler::initializeVM           Looking for active instance, size = 1
20260831 131811.555 INFO             PET3 ESMCI_PIO_Handler.C:307 ESMCI::PIO_Handler::initializeVM           Fetched PIO system descriptor, 0x10000
20260831 131811.555 INFO             PET3 ESMCI_PIO_Handler.C:1561 ESMCI::PIO_Handler::isOpen() 
20260831 131811.555 INFO             PET3 ESMCI_PIO_Handler.C:1564 ESMCI::PIO_Handler::isOpen()           pioFileDesc is NULL
20260831 131811.555 INFO             PET3 ESMCI_PIO_Handler.C:1561 ESMCI::PIO_Handler::isOpen() 
20260831 131811.555 INFO             PET3 ESMCI_PIO_Handler.C:1564 ESMCI::PIO_Handler::isOpen()           pioFileDesc is NULL
20260831 131811.555 INFO             PET3 ESMCI_PIO_Handler.C:1279 ESMCI::PIO_Handler::openOneTileF 
20260831 131811.555 INFO             PET3 ESMCI_PIO_Handler.C:1561 ESMCI::PIO_Handler::isOpen() 
20260831 131811.555 INFO             PET3 ESMCI_PIO_Handler.C:1564 ESMCI::PIO_Handler::isOpen()           pioFileDesc is NULL
20260831 131811.555 INFO             PET3 ESMCI_IO_Handler.C:640 ESMCI::IO_Handler::fileExists()           File, "data_ATM_export.nc" exists
20260831 131811.555 INFO             PET3 ESMCI_PIO_Handler.C:1397 ESMCI::PIO_Handler::openOneTileF            calling PIOc_openfile with mode = 1, file = "data_ATM_export.nc"
20260831 131811.555 INFO             PET3 ESMCI_PIO_Handler.C:1403 ESMCI::PIO_Handler::openOneTileF           , called PIOc_openfile on data_ATM_export.nc
20260831 131811.555 INFO             PET3 ESMCI_IO.C:498 ESMCI::IO::write()           open returned 0
20260831 131811.555 INFO             PET3 ESMCI_IO.C:567 ESMCI::IO::write() 
20260831 131811.555 INFO             PET3 ESMCI_IO_Handler.C:449 ESMCI::IO_Handler::arrayWrite() 
20260831 131811.555 INFO             PET3 ESMCI_PIO_Handler.C:818 ESMCI::PIO_Handler::arrayWriteOn 
20260831 131811.555 INFO             PET3 ESMCI_PIO_Handler.C:1561 ESMCI::PIO_Handler::isOpen() 
20260831 131811.555 INFO             PET3 ESMCI_PIO_Handler.C:1567 ESMCI::PIO_Handler::isOpen()           File is open
20260831 131811.555 INFO             PET3 ESMCI_PIO_Handler.C:1718 ESMCI::PIO_Handler::getIODesc() 
20260831 131811.555 INFO             PET3 ESMCI_PIO_Handler.C:1721 ESMCI::PIO_Handler::getIODesc()           calling constructPioDecomp
20260831 131811.555 INFO             PET3 ESMCI_PIO_Handler.C:1974 ESMCI::PIO_IODescHandler::constr 
20260831 131811.555 INFO             PET3 ESMCI_PIO_Handler.C:1996 ESMCI::PIO_IODescHandler::constr           localDeCount = 1
20260831 131811.555 INFO             PET3 ESMCI_PIO_Handler.C:2025 ESMCI::PIO_IODescHandler::constr           pioDofCount = 1000
20260831 131811.555 INFO             PET3 ESMCI_PIO_Handler.C:2144 ESMCI::PIO_IODescHandler::constr           , IODesc shape = [ 010, 100 ], calling pio_initdecomp
20260831 131811.555 INFO             PET3 ESMCI_PIO_Handler.C:2151 ESMCI::PIO_IODescHandler::constr           , IODesc dims = [ 010, 100 ]
20260831 131811.555 INFO             PET3 ESMCI_PIO_Handler.C:2165 ESMCI::PIO_IODescHandler::constr           after call to PIOc_initdecomp_dof
20260831 131811.555 INFO             PET3 ESMCI_PIO_Handler.C:1724 ESMCI::PIO_Handler::getIODesc()           constructPioDecomp call complete, localrc = 0
20260831 131811.555 INFO             PET3 ESMCI_PIO_Handler.C:2280 ESMCI::PIO_IODescHandler::getDim 
20260831 131811.555 INFO             PET3 ESMCI_PIO_Handler.C:2287 ESMCI::PIO_IODescHandler::getDim           getDims: found handler, nioDims = 2, ioDims = 0x600003b3d4d0, narrDims = 2
20260831 131811.555 INFO             PET3 ESMCI_PIO_Handler.C:1751 ESMCI::PIO_Handler::getIODesc()           getDims complete, calling getIOType
20260831 131811.555 INFO             PET3 ESMCI_PIO_Handler.C:2342 ESMCI::PIO_IODescHandler::getIOT 
20260831 131811.555 INFO             PET3 ESMCI_PIO_Handler.C:862 ESMCI::PIO_Handler::arrayWriteOn           baseAddress = 0x0x15e817600
20260831 131811.555 INFO             PET3 ESMCI_PIO_Handler.C:872 ESMCI::PIO_Handler::arrayWriteOn           arrlen = 1000
20260831 131811.555 INFO             PET3 ESMCI_PIO_Handler.C:881 ESMCI::PIO_Handler::arrayWriteOn           varname = "surface_net_downward_shortwave_flux"
20260831 131811.555 INFO             PET3 ESMCI_PIO_Handler.C:888 ESMCI::PIO_Handler::arrayWriteOn           Entering NetCDF define mode (redef)
20260831 131811.555 INFO             PET3 ESMCI_PIO_Handler.C:902 ESMCI::PIO_Handler::arrayWriteOn           Calling PIOc_inq
20260831 131811.555 INFO             PET3 ESMCI_PIO_Handler.C:911 ESMCI::PIO_Handler::arrayWriteOn           Looking for variable in file
20260831 131811.555 INFO             PET3 ESMCI_PIO_Handler.C:922 ESMCI::PIO_Handler::arrayWriteOn           Checking time dimension
20260831 131811.555 INFO             PET3 ESMCI_PIO_Handler.C:929 ESMCI::PIO_Handler::arrayWriteOn           inq_dimid  = 0
20260831 131811.555 INFO             PET3 ESMCI_PIO_Handler.C:930 ESMCI::PIO_Handler::arrayWriteOn           hasTimeDim = 1
20260831 131811.555 INFO             PET3 ESMCI_PIO_Handler.C:931 ESMCI::PIO_Handler::arrayWriteOn           unlim = 2
20260831 131811.555 INFO             PET3 ESMCI_PIO_Handler.C:935 ESMCI::PIO_Handler::arrayWriteOn           inq_dimlen = 0
20260831 131811.555 INFO             PET3 ESMCI_PIO_Handler.C:936 ESMCI::PIO_Handler::arrayWriteOn           dimidTime = 2
20260831 131811.555 INFO             PET3 ESMCI_PIO_Handler.C:937 ESMCI::PIO_Handler::arrayWriteOn           timeLen = 1
20260831 131811.555 INFO             PET3 ESMCI_PIO_Handler.C:972 ESMCI::PIO_Handler::arrayWriteOn           ready to check var compat., timeFrame = 1
20260831 131811.555 INFO             PET3 ESMCI_PIO_Handler.C:1052 ESMCI::PIO_Handler::arrayWriteOn           Going into NetCDF define mode (redef)
20260831 131811.555 INFO             PET3 ESMCI_PIO_Handler.C:1097 ESMCI::PIO_Handler::arrayWriteOn           Defining dimension 0
20260831 131811.555 INFO             PET3 ESMCI_PIO_Handler.C:1097 ESMCI::PIO_Handler::arrayWriteOn           Defining dimension 1
20260831 131811.555 INFO             PET3 ESMCI_PIO_Handler.C:1106 ESMCI::PIO_Handler::arrayWriteOn           finished defining space dims, timeFrame = 1
20260831 131811.555 INFO             PET3 ESMCI_PIO_Handler.C:1129 ESMCI::PIO_Handler::arrayWriteOn           varExists = 0
20260831 131811.555 INFO             PET3 ESMCI_PIO_Handler.C:1131 ESMCI::PIO_Handler::arrayWriteOn           niodims = 3
20260831 131811.555 INFO             PET3 ESMCI_PIO_Handler.C:1132 ESMCI::PIO_Handler::arrayWriteOn           basepiotype = 6
20260831 131811.555 INFO             PET3 ESMCI_PIO_Handler.C:1145 ESMCI::PIO_Handler::arrayWriteOn           calling setframe, timeFrame = 1
20260831 131811.555 INFO             PET3 ESMCI_PIO_Handler.C:1182 ESMCI::PIO_Handler::arrayWriteOn           calling enddef, status = 0x16f0bf70c
20260831 131811.555 INFO             PET3 ESMCI_PIO_Handler.C:1191 ESMCI::PIO_Handler::arrayWriteOn           calling write_darray, pio type = 6, address = 0x15e817600
20260831 131811.555 INFO             PET3 ESMCI_PIO_Handler.C:1208 ESMCI::PIO_Handler::arrayWriteOn           cleanup and return
20260831 131811.555 INFO             PET3 ESMCI_IO.C:514 ESMCI::IO::write()           write returned 0
20260831 131811.555 INFO             PET3 ESMCI_IO.C:956 ESMCI::IO::close() 
20260831 131811.555 INFO             PET3 ESMCI_IO_Handler.C:814 ESMCI::IO_Handler::flush() 
20260831 131811.555 INFO             PET3 ESMCI_PIO_Handler.C:1612 ESMCI::PIO_Handler::flushOneTile 
20260831 131811.555 INFO             PET3 ESMCI_PIO_Handler.C:1561 ESMCI::PIO_Handler::isOpen() 
20260831 131811.555 INFO             PET3 ESMCI_PIO_Handler.C:1567 ESMCI::PIO_Handler::isOpen()           File is open
20260831 131811.555 INFO             PET3 ESMCI_PIO_Handler.C:1615 ESMCI::PIO_Handler::flushOneTile           calling sync
20260831 131811.555 INFO             PET3 ESMCI_IO_Handler.C:854 ESMCI::IO_Handler::close() 
20260831 131811.556 INFO             PET3 ESMCI_PIO_Handler.C:1660 ESMCI::PIO_Handler::closeOneTile 
20260831 131811.556 INFO             PET3 ESMCI_PIO_Handler.C:1561 ESMCI::PIO_Handler::isOpen() 
20260831 131811.556 INFO             PET3 ESMCI_PIO_Handler.C:1567 ESMCI::PIO_Handler::isOpen()           File is open
20260831 131811.556 INFO             PET3 ESMCI_IO.C:523 ESMCI::IO::write()           close returned 0
20260831 131811.556 INFO             PET3 ESMCI_IO.C:200 ESMCI::IO::destroy() 
20260831 131811.556 INFO             PET3 ESMCI_IO.C:73 ESMCI::IO::destruct() 
20260831 131811.556 INFO             PET3 ESMCI_PIO_Handler.C:549 ESMCI::PIO_Handler::destruct() 
20260831 131811.556 INFO             PET3 ESMCI_PIO_Handler.C:551 ESMCI::PIO_Handler::destruct()            (0): closing file
20260831 131811.556 INFO             PET3 ESMCI_IO_Handler.C:854 ESMCI::IO_Handler::close() 
20260831 131811.556 INFO             PET3 ESMCI_PIO_Handler.C:1660 ESMCI::PIO_Handler::closeOneTile 
20260831 131811.556 INFO             PET3 ESMCI_PIO_Handler.C:1561 ESMCI::PIO_Handler::isOpen() 
20260831 131811.556 INFO             PET3 ESMCI_PIO_Handler.C:1564 ESMCI::PIO_Handler::isOpen()           pioFileDesc is NULL
20260831 131811.556 INFO             PET3 ESMCI_IO_Handler.C:281 ESMCI::IO_Handler::destroy() 
20260831 131811.556 INFO             PET3 ESMCI_PIO_Handler.C:357 ESMCI::PIO_Handler::finalize() 
20260831 131811.556 INFO             PET3 ESMCI_PIO_Handler.C:1885 ESMCI::PIO_IODescHandler::~PIO_I           calling PIOc_freedecomp
20260831 131811.556 INFO             PET3 ESMCI_IO_Handler.C:283 ESMCI::IO_Handler::destroy()           after finalize, localrc = 0
20260831 131811.556 INFO             PET3           <<<ATM: leaving Initialize (phase=IPDv05p8) with current time: 2012 10 24 18  0  0   0
20260831 131811.556 INFO             PET3         ATM: InitializeIPDvXp08 extro.
20260831 131811.557 INFO             PET3         <<<ESMX_Driver: leaving Initialize (phase=<none>) with current time: 2012 10 24 18  0  0   0
20260831 131811.557 INFO             PET3       ESMX_Driver: loopDataDependentInitialize extro.
20260831 131811.557 INFO             PET3       <<<ESMX_Driver: leaving Initialize (phase=<none>) with current time: 2012 10 24 18  0  0   0
20260831 131811.557 INFO             PET3     ESMX_Driver: InitializeIPDv02p5Data extro.
20260831 131811.557 INFO             PET3     <<<ESMX_Driver: leaving Initialize (phase=<none>) with current time: 2012 10 24 18  0  0   0
20260831 131811.557 INFO             PET3   ESMX_Driver: InitializeIPDv02p5 extro.
20260831 131811.557 INFO             PET3   <<<ESMX_Driver: leaving Initialize (phase=<none>) with current time: 2012 10 24 18  0  0   0
20260831 131811.557 INFO             PET3 ESMX_Driver: InitializeGeneric extro.
20260831 131811.557 INFO             PET3 ESMX_Driver: Run intro.
20260831 131811.557 INFO             PET3   >>>ESMX_Driver: entered Run (phase=RunPhase1) with current time: 2012 10 24 18  0  0   0
20260831 131811.557 INFO             PET3   ATM-TO-OCN: Run intro.
20260831 131811.557 INFO             PET3     >>>ATM-TO-OCN entered Run (phase=RunPhase1)
20260831 131811.557 INFO             PET3     <<<ATM-TO-OCN leaving Run (phase=RunPhase1)
20260831 131811.557 INFO             PET3   ATM-TO-OCN: Run extro.
20260831 131811.557 INFO             PET3   OCN-TO-ATM: Run intro.
20260831 131811.557 INFO             PET3     >>>OCN-TO-ATM entered Run (phase=RunPhase1)
20260831 131811.558 INFO             PET3     <<<OCN-TO-ATM leaving Run (phase=RunPhase1)
20260831 131811.558 INFO             PET3   OCN-TO-ATM: Run extro.
20260831 131811.558 INFO             PET3   ATM: Run intro.
20260831 131811.558 INFO             PET3     >>>ATM: entered Run (phase=RunPhase1) with current time: 2012 10 24 18  0  0   0
20260831 131811.558 INFO             PET3 ESMCI_IO.C:150 ESMCI::IO::create() 
20260831 131811.558 INFO             PET3 ESMCI_IO.C:1049 ESMCI::IO::addArray() 
20260831 131811.558 INFO             PET3 ESMCI_IO.C:490 ESMCI::IO::write() 
20260831 131811.558 INFO             PET3 ESMCI_IO.C:845 ESMCI::IO::open() 
20260831 131811.558 INFO             PET3 ESMCI_PIO_Handler.C:178 ESMCI::PIO_Handler::initialize() 
20260831 131811.558 INFO             PET3 ESMCI_PIO_Handler.C:191 ESMCI::PIO_Handler::initialize()     Before PIOc_Init_Intracomm, num_iotasks = 1
20260831 131811.558 INFO             PET3 ESMCI_PIO_Handler.C:194 ESMCI::PIO_Handler::initialize()     After PIOc_Init_Intracomm, instance = 65536
20260831 131811.558 INFO             PET3 ESMCI_PIO_Handler.C:210 ESMCI::PIO_Handler::initialize()     After PIOc_Set_IOSystem_Error_Handling
20260831 131811.558 INFO             PET3 ESMCI_PIO_Handler.C:213 ESMCI::PIO_Handler::initialize()     push_back
20260831 131811.558 INFO             PET3 ESMCI_PIO_Handler.C:303 ESMCI::PIO_Handler::initializeVM     After initialize, rc = 0
20260831 131811.558 INFO             PET3 ESMCI_PIO_Handler.C:305 ESMCI::PIO_Handler::initializeVM     Looking for active instance, size = 1
20260831 131811.558 INFO             PET3 ESMCI_PIO_Handler.C:307 ESMCI::PIO_Handler::initializeVM     Fetched PIO system descriptor, 0x10000
20260831 131811.558 INFO             PET3 ESMCI_PIO_Handler.C:1561 ESMCI::PIO_Handler::isOpen() 
20260831 131811.558 INFO             PET3 ESMCI_PIO_Handler.C:1564 ESMCI::PIO_Handler::isOpen()     pioFileDesc is NULL
20260831 131811.558 INFO             PET3 ESMCI_PIO_Handler.C:1561 ESMCI::PIO_Handler::isOpen() 
20260831 131811.558 INFO             PET3 ESMCI_PIO_Handler.C:1564 ESMCI::PIO_Handler::isOpen()     pioFileDesc is NULL
20260831 131811.558 INFO             PET3 ESMCI_PIO_Handler.C:1279 ESMCI::PIO_Handler::openOneTileF 
20260831 131811.558 INFO             PET3 ESMCI_PIO_Handler.C:1561 ESMCI::PIO_Handler::isOpen() 
20260831 131811.558 INFO             PET3 ESMCI_PIO_Handler.C:1564 ESMCI::PIO_Handler::isOpen()     pioFileDesc is NULL
20260831 131811.558 INFO             PET3 ESMCI_IO_Handler.C:640 ESMCI::IO_Handler::fileExists()     File, "data_ATM_import.nc" exists
20260831 131811.558 INFO             PET3 ESMCI_PIO_Handler.C:1397 ESMCI::PIO_Handler::openOneTileF      calling PIOc_openfile with mode = 1, file = "data_ATM_import.nc"
20260831 131811.558 INFO             PET3 ESMCI_PIO_Handler.C:1403 ESMCI::PIO_Handler::openOneTileF     , called PIOc_openfile on data_ATM_import.nc
20260831 131811.558 INFO             PET3 ESMCI_IO.C:498 ESMCI::IO::write()     open returned 0
20260831 131811.558 INFO             PET3 ESMCI_IO.C:567 ESMCI::IO::write() 
20260831 131811.558 INFO             PET3 ESMCI_IO_Handler.C:449 ESMCI::IO_Handler::arrayWrite() 
20260831 131811.558 INFO             PET3 ESMCI_PIO_Handler.C:818 ESMCI::PIO_Handler::arrayWriteOn 
20260831 131811.558 INFO             PET3 ESMCI_PIO_Handler.C:1561 ESMCI::PIO_Handler::isOpen() 
20260831 131811.558 INFO             PET3 ESMCI_PIO_Handler.C:1567 ESMCI::PIO_Handler::isOpen()     File is open
20260831 131811.558 INFO             PET3 ESMCI_PIO_Handler.C:1718 ESMCI::PIO_Handler::getIODesc() 
20260831 131811.558 INFO             PET3 ESMCI_PIO_Handler.C:1721 ESMCI::PIO_Handler::getIODesc()     calling constructPioDecomp
20260831 131811.558 INFO             PET3 ESMCI_PIO_Handler.C:1974 ESMCI::PIO_IODescHandler::constr 
20260831 131811.558 INFO             PET3 ESMCI_PIO_Handler.C:1996 ESMCI::PIO_IODescHandler::constr     localDeCount = 1
20260831 131811.558 INFO             PET3 ESMCI_PIO_Handler.C:2025 ESMCI::PIO_IODescHandler::constr     pioDofCount = 1000
20260831 131811.558 INFO             PET3 ESMCI_PIO_Handler.C:2144 ESMCI::PIO_IODescHandler::constr     , IODesc shape = [ 010, 100 ], calling pio_initdecomp
20260831 131811.558 INFO             PET3 ESMCI_PIO_Handler.C:2151 ESMCI::PIO_IODescHandler::constr     , IODesc dims = [ 010, 100 ]
20260831 131811.559 INFO             PET3 ESMCI_PIO_Handler.C:2165 ESMCI::PIO_IODescHandler::constr     after call to PIOc_initdecomp_dof
20260831 131811.559 INFO             PET3 ESMCI_PIO_Handler.C:1724 ESMCI::PIO_Handler::getIODesc()     constructPioDecomp call complete, localrc = 0
20260831 131811.559 INFO             PET3 ESMCI_PIO_Handler.C:2280 ESMCI::PIO_IODescHandler::getDim 
20260831 131811.559 INFO             PET3 ESMCI_PIO_Handler.C:2287 ESMCI::PIO_IODescHandler::getDim     getDims: found handler, nioDims = 2, ioDims = 0x600003b6c190, narrDims = 2
20260831 131811.559 INFO             PET3 ESMCI_PIO_Handler.C:1751 ESMCI::PIO_Handler::getIODesc()     getDims complete, calling getIOType
20260831 131811.559 INFO             PET3 ESMCI_PIO_Handler.C:2342 ESMCI::PIO_IODescHandler::getIOT 
20260831 131811.559 INFO             PET3 ESMCI_PIO_Handler.C:862 ESMCI::PIO_Handler::arrayWriteOn     baseAddress = 0x0x15e80ec00
20260831 131811.559 INFO             PET3 ESMCI_PIO_Handler.C:872 ESMCI::PIO_Handler::arrayWriteOn     arrlen = 1000
20260831 131811.559 INFO             PET3 ESMCI_PIO_Handler.C:881 ESMCI::PIO_Handler::arrayWriteOn     varname = "sea_surface_salinity"
20260831 131811.559 INFO             PET3 ESMCI_PIO_Handler.C:888 ESMCI::PIO_Handler::arrayWriteOn     Entering NetCDF define mode (redef)
20260831 131811.559 INFO             PET3 ESMCI_PIO_Handler.C:902 ESMCI::PIO_Handler::arrayWriteOn     Calling PIOc_inq
20260831 131811.559 INFO             PET3 ESMCI_PIO_Handler.C:911 ESMCI::PIO_Handler::arrayWriteOn     Looking for variable in file
20260831 131811.559 INFO             PET3 ESMCI_PIO_Handler.C:922 ESMCI::PIO_Handler::arrayWriteOn     Checking time dimension
20260831 131811.559 INFO             PET3 ESMCI_PIO_Handler.C:929 ESMCI::PIO_Handler::arrayWriteOn     inq_dimid  = 0
20260831 131811.559 INFO             PET3 ESMCI_PIO_Handler.C:930 ESMCI::PIO_Handler::arrayWriteOn     hasTimeDim = 1
20260831 131811.559 INFO             PET3 ESMCI_PIO_Handler.C:931 ESMCI::PIO_Handler::arrayWriteOn     unlim = 2
20260831 131811.559 INFO             PET3 ESMCI_PIO_Handler.C:935 ESMCI::PIO_Handler::arrayWriteOn     inq_dimlen = 0
20260831 131811.559 INFO             PET3 ESMCI_PIO_Handler.C:936 ESMCI::PIO_Handler::arrayWriteOn     dimidTime = 2
20260831 131811.559 INFO             PET3 ESMCI_PIO_Handler.C:937 ESMCI::PIO_Handler::arrayWriteOn     timeLen = 1
20260831 131811.559 INFO             PET3 ESMCI_PIO_Handler.C:972 ESMCI::PIO_Handler::arrayWriteOn     ready to check var compat., timeFrame = 2
20260831 131811.559 INFO             PET3 ESMCI_PIO_Handler.C:994 ESMCI::PIO_Handler::arrayWriteOn     Calling pio_cpp_inq_vardimid_vdesc
20260831 131811.559 INFO             PET3 ESMCI_PIO_Handler.C:1010 ESMCI::PIO_Handler::arrayWriteOn     PIOc_inq_dimlen for dim = 0 dimLen=1
20260831 131811.559 INFO             PET3 ESMCI_PIO_Handler.C:1010 ESMCI::PIO_Handler::arrayWriteOn     PIOc_inq_dimlen for dim = 1 dimLen=100
20260831 131811.559 INFO             PET3 ESMCI_PIO_Handler.C:1010 ESMCI::PIO_Handler::arrayWriteOn     PIOc_inq_dimlen for dim = 2 dimLen=10
20260831 131811.559 INFO             PET3 ESMCI_PIO_Handler.C:1129 ESMCI::PIO_Handler::arrayWriteOn     varExists = 1
20260831 131811.559 INFO             PET3 ESMCI_PIO_Handler.C:1145 ESMCI::PIO_Handler::arrayWriteOn     calling setframe, timeFrame = 2
20260831 131811.559 INFO             PET3 ESMCI_PIO_Handler.C:1161 ESMCI::PIO_Handler::arrayWriteOn     varid = 0
20260831 131811.559 INFO             PET3 ESMCI_PIO_Handler.C:1182 ESMCI::PIO_Handler::arrayWriteOn     calling enddef, status = 0x16f0c033c
20260831 131811.559 INFO             PET3 ESMCI_PIO_Handler.C:1191 ESMCI::PIO_Handler::arrayWriteOn     calling write_darray, pio type = 6, address = 0x15e80ec00
20260831 131811.559 INFO             PET3 ESMCI_PIO_Handler.C:1208 ESMCI::PIO_Handler::arrayWriteOn     cleanup and return
20260831 131811.559 INFO             PET3 ESMCI_IO.C:514 ESMCI::IO::write()     write returned 0
20260831 131811.559 INFO             PET3 ESMCI_IO.C:956 ESMCI::IO::close() 
20260831 131811.559 INFO             PET3 ESMCI_IO_Handler.C:814 ESMCI::IO_Handler::flush() 
20260831 131811.559 INFO             PET3 ESMCI_PIO_Handler.C:1612 ESMCI::PIO_Handler::flushOneTile 
20260831 131811.559 INFO             PET3 ESMCI_PIO_Handler.C:1561 ESMCI::PIO_Handler::isOpen() 
20260831 131811.559 INFO             PET3 ESMCI_PIO_Handler.C:1567 ESMCI::PIO_Handler::isOpen()     File is open
20260831 131811.559 INFO             PET3 ESMCI_PIO_Handler.C:1615 ESMCI::PIO_Handler::flushOneTile     calling sync
20260831 131811.559 INFO             PET3 ESMCI_IO_Handler.C:854 ESMCI::IO_Handler::close() 
20260831 131811.559 INFO             PET3 ESMCI_PIO_Handler.C:1660 ESMCI::PIO_Handler::closeOneTile 
20260831 131811.559 INFO             PET3 ESMCI_PIO_Handler.C:1561 ESMCI::PIO_Handler::isOpen() 
20260831 131811.559 INFO             PET3 ESMCI_PIO_Handler.C:1567 ESMCI::PIO_Handler::isOpen()     File is open
20260831 131811.559 INFO             PET3 ESMCI_IO.C:523 ESMCI::IO::write()     close returned 0
20260831 131811.559 INFO             PET3 ESMCI_IO.C:200 ESMCI::IO::destroy() 
20260831 131811.559 INFO             PET3 ESMCI_IO.C:73 ESMCI::IO::destruct() 
20260831 131811.559 INFO             PET3 ESMCI_PIO_Handler.C:549 ESMCI::PIO_Handler::destruct() 
20260831 131811.559 INFO             PET3 ESMCI_PIO_Handler.C:551 ESMCI::PIO_Handler::destruct()      (0): closing file
20260831 131811.559 INFO             PET3 ESMCI_IO_Handler.C:854 ESMCI::IO_Handler::close() 
20260831 131811.559 INFO             PET3 ESMCI_PIO_Handler.C:1660 ESMCI::PIO_Handler::closeOneTile 
20260831 131811.559 INFO             PET3 ESMCI_PIO_Handler.C:1561 ESMCI::PIO_Handler::isOpen() 
20260831 131811.559 INFO             PET3 ESMCI_PIO_Handler.C:1564 ESMCI::PIO_Handler::isOpen()     pioFileDesc is NULL
20260831 131811.559 INFO             PET3 ESMCI_IO_Handler.C:281 ESMCI::IO_Handler::destroy() 
20260831 131811.559 INFO             PET3 ESMCI_PIO_Handler.C:357 ESMCI::PIO_Handler::finalize() 
20260831 131811.559 INFO             PET3 ESMCI_PIO_Handler.C:1885 ESMCI::PIO_IODescHandler::~PIO_I     calling PIOc_freedecomp
20260831 131811.559 INFO             PET3 ESMCI_IO_Handler.C:283 ESMCI::IO_Handler::destroy()     after finalize, localrc = 0
20260831 131811.559 INFO             PET3 ESMCI_IO.C:150 ESMCI::IO::create() 
20260831 131811.559 INFO             PET3 ESMCI_IO.C:1049 ESMCI::IO::addArray() 
20260831 131811.559 INFO             PET3 ESMCI_IO.C:490 ESMCI::IO::write() 
20260831 131811.559 INFO             PET3 ESMCI_IO.C:845 ESMCI::IO::open() 
20260831 131811.559 INFO             PET3 ESMCI_PIO_Handler.C:178 ESMCI::PIO_Handler::initialize() 
20260831 131811.559 INFO             PET3 ESMCI_PIO_Handler.C:191 ESMCI::PIO_Handler::initialize()     Before PIOc_Init_Intracomm, num_iotasks = 1
20260831 131811.559 INFO             PET3 ESMCI_PIO_Handler.C:194 ESMCI::PIO_Handler::initialize()     After PIOc_Init_Intracomm, instance = 65536
20260831 131811.559 INFO             PET3 ESMCI_PIO_Handler.C:210 ESMCI::PIO_Handler::initialize()     After PIOc_Set_IOSystem_Error_Handling
20260831 131811.559 INFO             PET3 ESMCI_PIO_Handler.C:213 ESMCI::PIO_Handler::initialize()     push_back
20260831 131811.559 INFO             PET3 ESMCI_PIO_Handler.C:303 ESMCI::PIO_Handler::initializeVM     After initialize, rc = 0
20260831 131811.559 INFO             PET3 ESMCI_PIO_Handler.C:305 ESMCI::PIO_Handler::initializeVM     Looking for active instance, size = 1
20260831 131811.559 INFO             PET3 ESMCI_PIO_Handler.C:307 ESMCI::PIO_Handler::initializeVM     Fetched PIO system descriptor, 0x10000
20260831 131811.559 INFO             PET3 ESMCI_PIO_Handler.C:1561 ESMCI::PIO_Handler::isOpen() 
20260831 131811.559 INFO             PET3 ESMCI_PIO_Handler.C:1564 ESMCI::PIO_Handler::isOpen()     pioFileDesc is NULL
20260831 131811.559 INFO             PET3 ESMCI_PIO_Handler.C:1561 ESMCI::PIO_Handler::isOpen() 
20260831 131811.559 INFO             PET3 ESMCI_PIO_Handler.C:1564 ESMCI::PIO_Handler::isOpen()     pioFileDesc is NULL
20260831 131811.559 INFO             PET3 ESMCI_PIO_Handler.C:1279 ESMCI::PIO_Handler::openOneTileF 
20260831 131811.559 INFO             PET3 ESMCI_PIO_Handler.C:1561 ESMCI::PIO_Handler::isOpen() 
20260831 131811.559 INFO             PET3 ESMCI_PIO_Handler.C:1564 ESMCI::PIO_Handler::isOpen()     pioFileDesc is NULL
20260831 131811.559 INFO             PET3 ESMCI_IO_Handler.C:640 ESMCI::IO_Handler::fileExists()     File, "data_ATM_import.nc" exists
20260831 131811.559 INFO             PET3 ESMCI_PIO_Handler.C:1397 ESMCI::PIO_Handler::openOneTileF      calling PIOc_openfile with mode = 1, file = "data_ATM_import.nc"
20260831 131811.559 INFO             PET3 ESMCI_PIO_Handler.C:1403 ESMCI::PIO_Handler::openOneTileF     , called PIOc_openfile on data_ATM_import.nc
20260831 131811.559 INFO             PET3 ESMCI_IO.C:498 ESMCI::IO::write()     open returned 0
20260831 131811.559 INFO             PET3 ESMCI_IO.C:567 ESMCI::IO::write() 
20260831 131811.559 INFO             PET3 ESMCI_IO_Handler.C:449 ESMCI::IO_Handler::arrayWrite() 
20260831 131811.559 INFO             PET3 ESMCI_PIO_Handler.C:818 ESMCI::PIO_Handler::arrayWriteOn 
20260831 131811.559 INFO             PET3 ESMCI_PIO_Handler.C:1561 ESMCI::PIO_Handler::isOpen() 
20260831 131811.559 INFO             PET3 ESMCI_PIO_Handler.C:1567 ESMCI::PIO_Handler::isOpen()     File is open
20260831 131811.559 INFO             PET3 ESMCI_PIO_Handler.C:1718 ESMCI::PIO_Handler::getIODesc() 
20260831 131811.559 INFO             PET3 ESMCI_PIO_Handler.C:1721 ESMCI::PIO_Handler::getIODesc()     calling constructPioDecomp
20260831 131811.559 INFO             PET3 ESMCI_PIO_Handler.C:1974 ESMCI::PIO_IODescHandler::constr 
20260831 131811.560 INFO             PET3 ESMCI_PIO_Handler.C:1996 ESMCI::PIO_IODescHandler::constr     localDeCount = 1
20260831 131811.560 INFO             PET3 ESMCI_PIO_Handler.C:2025 ESMCI::PIO_IODescHandler::constr     pioDofCount = 1000
20260831 131811.560 INFO             PET3 ESMCI_PIO_Handler.C:2144 ESMCI::PIO_IODescHandler::constr     , IODesc shape = [ 010, 100 ], calling pio_initdecomp
20260831 131811.560 INFO             PET3 ESMCI_PIO_Handler.C:2151 ESMCI::PIO_IODescHandler::constr     , IODesc dims = [ 010, 100 ]
20260831 131811.560 INFO             PET3 ESMCI_PIO_Handler.C:2165 ESMCI::PIO_IODescHandler::constr     after call to PIOc_initdecomp_dof
20260831 131811.560 INFO             PET3 ESMCI_PIO_Handler.C:1724 ESMCI::PIO_Handler::getIODesc()     constructPioDecomp call complete, localrc = 0
20260831 131811.560 INFO             PET3 ESMCI_PIO_Handler.C:2280 ESMCI::PIO_IODescHandler::getDim 
20260831 131811.560 INFO             PET3 ESMCI_PIO_Handler.C:2287 ESMCI::PIO_IODescHandler::getDim     getDims: found handler, nioDims = 2, ioDims = 0x600003b07810, narrDims = 2
20260831 131811.560 INFO             PET3 ESMCI_PIO_Handler.C:1751 ESMCI::PIO_Handler::getIODesc()     getDims complete, calling getIOType
20260831 131811.560 INFO             PET3 ESMCI_PIO_Handler.C:2342 ESMCI::PIO_IODescHandler::getIOT 
20260831 131811.560 INFO             PET3 ESMCI_PIO_Handler.C:862 ESMCI::PIO_Handler::arrayWriteOn     baseAddress = 0x0x15e80c000
20260831 131811.560 INFO             PET3 ESMCI_PIO_Handler.C:872 ESMCI::PIO_Handler::arrayWriteOn     arrlen = 1000
20260831 131811.560 INFO             PET3 ESMCI_PIO_Handler.C:881 ESMCI::PIO_Handler::arrayWriteOn     varname = "sea_surface_temperature"
20260831 131811.560 INFO             PET3 ESMCI_PIO_Handler.C:888 ESMCI::PIO_Handler::arrayWriteOn     Entering NetCDF define mode (redef)
20260831 131811.560 INFO             PET3 ESMCI_PIO_Handler.C:902 ESMCI::PIO_Handler::arrayWriteOn     Calling PIOc_inq
20260831 131811.560 INFO             PET3 ESMCI_PIO_Handler.C:911 ESMCI::PIO_Handler::arrayWriteOn     Looking for variable in file
20260831 131811.560 INFO             PET3 ESMCI_PIO_Handler.C:922 ESMCI::PIO_Handler::arrayWriteOn     Checking time dimension
20260831 131811.560 INFO             PET3 ESMCI_PIO_Handler.C:929 ESMCI::PIO_Handler::arrayWriteOn     inq_dimid  = 0
20260831 131811.560 INFO             PET3 ESMCI_PIO_Handler.C:930 ESMCI::PIO_Handler::arrayWriteOn     hasTimeDim = 1
20260831 131811.560 INFO             PET3 ESMCI_PIO_Handler.C:931 ESMCI::PIO_Handler::arrayWriteOn     unlim = 2
20260831 131811.560 INFO             PET3 ESMCI_PIO_Handler.C:935 ESMCI::PIO_Handler::arrayWriteOn     inq_dimlen = 0
20260831 131811.560 INFO             PET3 ESMCI_PIO_Handler.C:936 ESMCI::PIO_Handler::arrayWriteOn     dimidTime = 2
20260831 131811.560 INFO             PET3 ESMCI_PIO_Handler.C:937 ESMCI::PIO_Handler::arrayWriteOn     timeLen = 2
20260831 131811.560 INFO             PET3 ESMCI_PIO_Handler.C:972 ESMCI::PIO_Handler::arrayWriteOn     ready to check var compat., timeFrame = 2
20260831 131811.560 INFO             PET3 ESMCI_PIO_Handler.C:994 ESMCI::PIO_Handler::arrayWriteOn     Calling pio_cpp_inq_vardimid_vdesc
20260831 131811.560 INFO             PET3 ESMCI_PIO_Handler.C:1010 ESMCI::PIO_Handler::arrayWriteOn     PIOc_inq_dimlen for dim = 0 dimLen=2
20260831 131811.560 INFO             PET3 ESMCI_PIO_Handler.C:1010 ESMCI::PIO_Handler::arrayWriteOn     PIOc_inq_dimlen for dim = 1 dimLen=100
20260831 131811.560 INFO             PET3 ESMCI_PIO_Handler.C:1010 ESMCI::PIO_Handler::arrayWriteOn     PIOc_inq_dimlen for dim = 2 dimLen=10
20260831 131811.560 INFO             PET3 ESMCI_PIO_Handler.C:1129 ESMCI::PIO_Handler::arrayWriteOn     varExists = 1
20260831 131811.560 INFO             PET3 ESMCI_PIO_Handler.C:1145 ESMCI::PIO_Handler::arrayWriteOn     calling setframe, timeFrame = 2
20260831 131811.560 INFO             PET3 ESMCI_PIO_Handler.C:1161 ESMCI::PIO_Handler::arrayWriteOn     varid = 1
20260831 131811.560 INFO             PET3 ESMCI_PIO_Handler.C:1182 ESMCI::PIO_Handler::arrayWriteOn     calling enddef, status = 0x16f0c033c
20260831 131811.560 INFO             PET3 ESMCI_PIO_Handler.C:1191 ESMCI::PIO_Handler::arrayWriteOn     calling write_darray, pio type = 6, address = 0x15e80c000
20260831 131811.560 INFO             PET3 ESMCI_PIO_Handler.C:1208 ESMCI::PIO_Handler::arrayWriteOn     cleanup and return
20260831 131811.560 INFO             PET3 ESMCI_IO.C:514 ESMCI::IO::write()     write returned 0
20260831 131811.560 INFO             PET3 ESMCI_IO.C:956 ESMCI::IO::close() 
20260831 131811.560 INFO             PET3 ESMCI_IO_Handler.C:814 ESMCI::IO_Handler::flush() 
20260831 131811.560 INFO             PET3 ESMCI_PIO_Handler.C:1612 ESMCI::PIO_Handler::flushOneTile 
20260831 131811.560 INFO             PET3 ESMCI_PIO_Handler.C:1561 ESMCI::PIO_Handler::isOpen() 
20260831 131811.560 INFO             PET3 ESMCI_PIO_Handler.C:1567 ESMCI::PIO_Handler::isOpen()     File is open
20260831 131811.560 INFO             PET3 ESMCI_PIO_Handler.C:1615 ESMCI::PIO_Handler::flushOneTile     calling sync
20260831 131811.560 INFO             PET3 ESMCI_IO_Handler.C:854 ESMCI::IO_Handler::close() 
20260831 131811.560 INFO             PET3 ESMCI_PIO_Handler.C:1660 ESMCI::PIO_Handler::closeOneTile 
20260831 131811.560 INFO             PET3 ESMCI_PIO_Handler.C:1561 ESMCI::PIO_Handler::isOpen() 
20260831 131811.560 INFO             PET3 ESMCI_PIO_Handler.C:1567 ESMCI::PIO_Handler::isOpen()     File is open
20260831 131811.560 INFO             PET3 ESMCI_IO.C:523 ESMCI::IO::write()     close returned 0
20260831 131811.560 INFO             PET3 ESMCI_IO.C:200 ESMCI::IO::destroy() 
20260831 131811.560 INFO             PET3 ESMCI_IO.C:73 ESMCI::IO::destruct() 
20260831 131811.560 INFO             PET3 ESMCI_PIO_Handler.C:549 ESMCI::PIO_Handler::destruct() 
20260831 131811.560 INFO             PET3 ESMCI_PIO_Handler.C:551 ESMCI::PIO_Handler::destruct()      (0): closing file
20260831 131811.560 INFO             PET3 ESMCI_IO_Handler.C:854 ESMCI::IO_Handler::close() 
20260831 131811.560 INFO             PET3 ESMCI_PIO_Handler.C:1660 ESMCI::PIO_Handler::closeOneTile 
20260831 131811.560 INFO             PET3 ESMCI_PIO_Handler.C:1561 ESMCI::PIO_Handler::isOpen() 
20260831 131811.560 INFO             PET3 ESMCI_PIO_Handler.C:1564 ESMCI::PIO_Handler::isOpen()     pioFileDesc is NULL
20260831 131811.560 INFO             PET3 ESMCI_IO_Handler.C:281 ESMCI::IO_Handler::destroy() 
20260831 131811.560 INFO             PET3 ESMCI_PIO_Handler.C:357 ESMCI::PIO_Handler::finalize() 
20260831 131811.560 INFO             PET3 ESMCI_PIO_Handler.C:1885 ESMCI::PIO_IODescHandler::~PIO_I     calling PIOc_freedecomp
20260831 131811.560 INFO             PET3 ESMCI_IO_Handler.C:283 ESMCI::IO_Handler::destroy()     after finalize, localrc = 0
20260831 131811.560 INFO             PET3 ESMCI_IO.C:150 ESMCI::IO::create() 
20260831 131811.560 INFO             PET3 ESMCI_IO.C:1049 ESMCI::IO::addArray() 
20260831 131811.560 INFO             PET3 ESMCI_IO.C:490 ESMCI::IO::write() 
20260831 131811.560 INFO             PET3 ESMCI_IO.C:845 ESMCI::IO::open() 
20260831 131811.560 INFO             PET3 ESMCI_PIO_Handler.C:178 ESMCI::PIO_Handler::initialize() 
20260831 131811.560 INFO             PET3 ESMCI_PIO_Handler.C:191 ESMCI::PIO_Handler::initialize()     Before PIOc_Init_Intracomm, num_iotasks = 1
20260831 131811.560 INFO             PET3 ESMCI_PIO_Handler.C:194 ESMCI::PIO_Handler::initialize()     After PIOc_Init_Intracomm, instance = 65536
20260831 131811.560 INFO             PET3 ESMCI_PIO_Handler.C:210 ESMCI::PIO_Handler::initialize()     After PIOc_Set_IOSystem_Error_Handling
20260831 131811.560 INFO             PET3 ESMCI_PIO_Handler.C:213 ESMCI::PIO_Handler::initialize()     push_back
20260831 131811.560 INFO             PET3 ESMCI_PIO_Handler.C:303 ESMCI::PIO_Handler::initializeVM     After initialize, rc = 0
20260831 131811.560 INFO             PET3 ESMCI_PIO_Handler.C:305 ESMCI::PIO_Handler::initializeVM     Looking for active instance, size = 1
20260831 131811.560 INFO             PET3 ESMCI_PIO_Handler.C:307 ESMCI::PIO_Handler::initializeVM     Fetched PIO system descriptor, 0x10000
20260831 131811.561 INFO             PET3 ESMCI_PIO_Handler.C:1561 ESMCI::PIO_Handler::isOpen() 
20260831 131811.561 INFO             PET3 ESMCI_PIO_Handler.C:1564 ESMCI::PIO_Handler::isOpen()     pioFileDesc is NULL
20260831 131811.561 INFO             PET3 ESMCI_PIO_Handler.C:1561 ESMCI::PIO_Handler::isOpen() 
20260831 131811.561 INFO             PET3 ESMCI_PIO_Handler.C:1564 ESMCI::PIO_Handler::isOpen()     pioFileDesc is NULL
20260831 131811.561 INFO             PET3 ESMCI_PIO_Handler.C:1279 ESMCI::PIO_Handler::openOneTileF 
20260831 131811.561 INFO             PET3 ESMCI_PIO_Handler.C:1561 ESMCI::PIO_Handler::isOpen() 
20260831 131811.561 INFO             PET3 ESMCI_PIO_Handler.C:1564 ESMCI::PIO_Handler::isOpen()     pioFileDesc is NULL
20260831 131811.561 INFO             PET3 ESMCI_IO_Handler.C:640 ESMCI::IO_Handler::fileExists()     File, "data_ATM_export.nc" exists
20260831 131811.561 INFO             PET3 ESMCI_PIO_Handler.C:1397 ESMCI::PIO_Handler::openOneTileF      calling PIOc_openfile with mode = 1, file = "data_ATM_export.nc"
20260831 131811.561 INFO             PET3 ESMCI_PIO_Handler.C:1403 ESMCI::PIO_Handler::openOneTileF     , called PIOc_openfile on data_ATM_export.nc
20260831 131811.561 INFO             PET3 ESMCI_IO.C:498 ESMCI::IO::write()     open returned 0
20260831 131811.561 INFO             PET3 ESMCI_IO.C:567 ESMCI::IO::write() 
20260831 131811.561 INFO             PET3 ESMCI_IO_Handler.C:449 ESMCI::IO_Handler::arrayWrite() 
20260831 131811.561 INFO             PET3 ESMCI_PIO_Handler.C:818 ESMCI::PIO_Handler::arrayWriteOn 
20260831 131811.561 INFO             PET3 ESMCI_PIO_Handler.C:1561 ESMCI::PIO_Handler::isOpen() 
20260831 131811.561 INFO             PET3 ESMCI_PIO_Handler.C:1567 ESMCI::PIO_Handler::isOpen()     File is open
20260831 131811.561 INFO             PET3 ESMCI_PIO_Handler.C:1718 ESMCI::PIO_Handler::getIODesc() 
20260831 131811.561 INFO             PET3 ESMCI_PIO_Handler.C:1721 ESMCI::PIO_Handler::getIODesc()     calling constructPioDecomp
20260831 131811.561 INFO             PET3 ESMCI_PIO_Handler.C:1974 ESMCI::PIO_IODescHandler::constr 
20260831 131811.561 INFO             PET3 ESMCI_PIO_Handler.C:1996 ESMCI::PIO_IODescHandler::constr     localDeCount = 1
20260831 131811.561 INFO             PET3 ESMCI_PIO_Handler.C:2025 ESMCI::PIO_IODescHandler::constr     pioDofCount = 1000
20260831 131811.561 INFO             PET3 ESMCI_PIO_Handler.C:2144 ESMCI::PIO_IODescHandler::constr     , IODesc shape = [ 010, 100 ], calling pio_initdecomp
20260831 131811.561 INFO             PET3 ESMCI_PIO_Handler.C:2151 ESMCI::PIO_IODescHandler::constr     , IODesc dims = [ 010, 100 ]
20260831 131811.561 INFO             PET3 ESMCI_PIO_Handler.C:2165 ESMCI::PIO_IODescHandler::constr     after call to PIOc_initdecomp_dof
20260831 131811.561 INFO             PET3 ESMCI_PIO_Handler.C:1724 ESMCI::PIO_Handler::getIODesc()     constructPioDecomp call complete, localrc = 0
20260831 131811.561 INFO             PET3 ESMCI_PIO_Handler.C:2280 ESMCI::PIO_IODescHandler::getDim 
20260831 131811.561 INFO             PET3 ESMCI_PIO_Handler.C:2287 ESMCI::PIO_IODescHandler::getDim     getDims: found handler, nioDims = 2, ioDims = 0x600003b21490, narrDims = 2
20260831 131811.561 INFO             PET3 ESMCI_PIO_Handler.C:1751 ESMCI::PIO_Handler::getIODesc()     getDims complete, calling getIOType
20260831 131811.561 INFO             PET3 ESMCI_PIO_Handler.C:2342 ESMCI::PIO_IODescHandler::getIOT 
20260831 131811.561 INFO             PET3 ESMCI_PIO_Handler.C:862 ESMCI::PIO_Handler::arrayWriteOn     baseAddress = 0x0x15e811e00
20260831 131811.561 INFO             PET3 ESMCI_PIO_Handler.C:872 ESMCI::PIO_Handler::arrayWriteOn     arrlen = 1000
20260831 131811.561 INFO             PET3 ESMCI_PIO_Handler.C:881 ESMCI::PIO_Handler::arrayWriteOn     varname = "air_pressure_at_sea_level"
20260831 131811.561 INFO             PET3 ESMCI_PIO_Handler.C:888 ESMCI::PIO_Handler::arrayWriteOn     Entering NetCDF define mode (redef)
20260831 131811.561 INFO             PET3 ESMCI_PIO_Handler.C:902 ESMCI::PIO_Handler::arrayWriteOn     Calling PIOc_inq
20260831 131811.561 INFO             PET3 ESMCI_PIO_Handler.C:911 ESMCI::PIO_Handler::arrayWriteOn     Looking for variable in file
20260831 131811.561 INFO             PET3 ESMCI_PIO_Handler.C:922 ESMCI::PIO_Handler::arrayWriteOn     Checking time dimension
20260831 131811.561 INFO             PET3 ESMCI_PIO_Handler.C:929 ESMCI::PIO_Handler::arrayWriteOn     inq_dimid  = 0
20260831 131811.561 INFO             PET3 ESMCI_PIO_Handler.C:930 ESMCI::PIO_Handler::arrayWriteOn     hasTimeDim = 1
20260831 131811.561 INFO             PET3 ESMCI_PIO_Handler.C:931 ESMCI::PIO_Handler::arrayWriteOn     unlim = 2
20260831 131811.561 INFO             PET3 ESMCI_PIO_Handler.C:935 ESMCI::PIO_Handler::arrayWriteOn     inq_dimlen = 0
20260831 131811.561 INFO             PET3 ESMCI_PIO_Handler.C:936 ESMCI::PIO_Handler::arrayWriteOn     dimidTime = 2
20260831 131811.561 INFO             PET3 ESMCI_PIO_Handler.C:937 ESMCI::PIO_Handler::arrayWriteOn     timeLen = 1
20260831 131811.561 INFO             PET3 ESMCI_PIO_Handler.C:972 ESMCI::PIO_Handler::arrayWriteOn     ready to check var compat., timeFrame = 2
20260831 131811.561 INFO             PET3 ESMCI_PIO_Handler.C:994 ESMCI::PIO_Handler::arrayWriteOn     Calling pio_cpp_inq_vardimid_vdesc
20260831 131811.561 INFO             PET3 ESMCI_PIO_Handler.C:1010 ESMCI::PIO_Handler::arrayWriteOn     PIOc_inq_dimlen for dim = 0 dimLen=1
20260831 131811.561 INFO             PET3 ESMCI_PIO_Handler.C:1010 ESMCI::PIO_Handler::arrayWriteOn     PIOc_inq_dimlen for dim = 1 dimLen=100
20260831 131811.561 INFO             PET3 ESMCI_PIO_Handler.C:1010 ESMCI::PIO_Handler::arrayWriteOn     PIOc_inq_dimlen for dim = 2 dimLen=10
20260831 131811.561 INFO             PET3 ESMCI_PIO_Handler.C:1129 ESMCI::PIO_Handler::arrayWriteOn     varExists = 1
20260831 131811.561 INFO             PET3 ESMCI_PIO_Handler.C:1145 ESMCI::PIO_Handler::arrayWriteOn     calling setframe, timeFrame = 2
20260831 131811.561 INFO             PET3 ESMCI_PIO_Handler.C:1161 ESMCI::PIO_Handler::arrayWriteOn     varid = 0
20260831 131811.561 INFO             PET3 ESMCI_PIO_Handler.C:1182 ESMCI::PIO_Handler::arrayWriteOn     calling enddef, status = 0x16f0c033c
20260831 131811.561 INFO             PET3 ESMCI_PIO_Handler.C:1191 ESMCI::PIO_Handler::arrayWriteOn     calling write_darray, pio type = 6, address = 0x15e811e00
20260831 131811.561 INFO             PET3 ESMCI_PIO_Handler.C:1208 ESMCI::PIO_Handler::arrayWriteOn     cleanup and return
20260831 131811.561 INFO             PET3 ESMCI_IO.C:514 ESMCI::IO::write()     write returned 0
20260831 131811.561 INFO             PET3 ESMCI_IO.C:956 ESMCI::IO::close() 
20260831 131811.561 INFO             PET3 ESMCI_IO_Handler.C:814 ESMCI::IO_Handler::flush() 
20260831 131811.561 INFO             PET3 ESMCI_PIO_Handler.C:1612 ESMCI::PIO_Handler::flushOneTile 
20260831 131811.561 INFO             PET3 ESMCI_PIO_Handler.C:1561 ESMCI::PIO_Handler::isOpen() 
20260831 131811.561 INFO             PET3 ESMCI_PIO_Handler.C:1567 ESMCI::PIO_Handler::isOpen()     File is open
20260831 131811.561 INFO             PET3 ESMCI_PIO_Handler.C:1615 ESMCI::PIO_Handler::flushOneTile     calling sync
20260831 131811.561 INFO             PET3 ESMCI_IO_Handler.C:854 ESMCI::IO_Handler::close() 
20260831 131811.561 INFO             PET3 ESMCI_PIO_Handler.C:1660 ESMCI::PIO_Handler::closeOneTile 
20260831 131811.561 INFO             PET3 ESMCI_PIO_Handler.C:1561 ESMCI::PIO_Handler::isOpen() 
20260831 131811.561 INFO             PET3 ESMCI_PIO_Handler.C:1567 ESMCI::PIO_Handler::isOpen()     File is open
20260831 131811.561 INFO             PET3 ESMCI_IO.C:523 ESMCI::IO::write()     close returned 0
20260831 131811.561 INFO             PET3 ESMCI_IO.C:200 ESMCI::IO::destroy() 
20260831 131811.561 INFO             PET3 ESMCI_IO.C:73 ESMCI::IO::destruct() 
20260831 131811.561 INFO             PET3 ESMCI_PIO_Handler.C:549 ESMCI::PIO_Handler::destruct() 
20260831 131811.561 INFO             PET3 ESMCI_PIO_Handler.C:551 ESMCI::PIO_Handler::destruct()      (0): closing file
20260831 131811.561 INFO             PET3 ESMCI_IO_Handler.C:854 ESMCI::IO_Handler::close() 
20260831 131811.562 INFO             PET3 ESMCI_PIO_Handler.C:1660 ESMCI::PIO_Handler::closeOneTile 
20260831 131811.562 INFO             PET3 ESMCI_PIO_Handler.C:1561 ESMCI::PIO_Handler::isOpen() 
20260831 131811.562 INFO             PET3 ESMCI_PIO_Handler.C:1564 ESMCI::PIO_Handler::isOpen()     pioFileDesc is NULL
20260831 131811.562 INFO             PET3 ESMCI_IO_Handler.C:281 ESMCI::IO_Handler::destroy() 
20260831 131811.562 INFO             PET3 ESMCI_PIO_Handler.C:357 ESMCI::PIO_Handler::finalize() 
20260831 131811.562 INFO             PET3 ESMCI_PIO_Handler.C:1885 ESMCI::PIO_IODescHandler::~PIO_I     calling PIOc_freedecomp
20260831 131811.562 INFO             PET3 ESMCI_IO_Handler.C:283 ESMCI::IO_Handler::destroy()     after finalize, localrc = 0
20260831 131811.562 INFO             PET3 ESMCI_IO.C:150 ESMCI::IO::create() 
20260831 131811.562 INFO             PET3 ESMCI_IO.C:1049 ESMCI::IO::addArray() 
20260831 131811.562 INFO             PET3 ESMCI_IO.C:490 ESMCI::IO::write() 
20260831 131811.562 INFO             PET3 ESMCI_IO.C:845 ESMCI::IO::open() 
20260831 131811.562 INFO             PET3 ESMCI_PIO_Handler.C:178 ESMCI::PIO_Handler::initialize() 
20260831 131811.562 INFO             PET3 ESMCI_PIO_Handler.C:191 ESMCI::PIO_Handler::initialize()     Before PIOc_Init_Intracomm, num_iotasks = 1
20260831 131811.562 INFO             PET3 ESMCI_PIO_Handler.C:194 ESMCI::PIO_Handler::initialize()     After PIOc_Init_Intracomm, instance = 65536
20260831 131811.562 INFO             PET3 ESMCI_PIO_Handler.C:210 ESMCI::PIO_Handler::initialize()     After PIOc_Set_IOSystem_Error_Handling
20260831 131811.562 INFO             PET3 ESMCI_PIO_Handler.C:213 ESMCI::PIO_Handler::initialize()     push_back
20260831 131811.562 INFO             PET3 ESMCI_PIO_Handler.C:303 ESMCI::PIO_Handler::initializeVM     After initialize, rc = 0
20260831 131811.562 INFO             PET3 ESMCI_PIO_Handler.C:305 ESMCI::PIO_Handler::initializeVM     Looking for active instance, size = 1
20260831 131811.562 INFO             PET3 ESMCI_PIO_Handler.C:307 ESMCI::PIO_Handler::initializeVM     Fetched PIO system descriptor, 0x10000
20260831 131811.562 INFO             PET3 ESMCI_PIO_Handler.C:1561 ESMCI::PIO_Handler::isOpen() 
20260831 131811.562 INFO             PET3 ESMCI_PIO_Handler.C:1564 ESMCI::PIO_Handler::isOpen()     pioFileDesc is NULL
20260831 131811.562 INFO             PET3 ESMCI_PIO_Handler.C:1561 ESMCI::PIO_Handler::isOpen() 
20260831 131811.562 INFO             PET3 ESMCI_PIO_Handler.C:1564 ESMCI::PIO_Handler::isOpen()     pioFileDesc is NULL
20260831 131811.562 INFO             PET3 ESMCI_PIO_Handler.C:1279 ESMCI::PIO_Handler::openOneTileF 
20260831 131811.562 INFO             PET3 ESMCI_PIO_Handler.C:1561 ESMCI::PIO_Handler::isOpen() 
20260831 131811.562 INFO             PET3 ESMCI_PIO_Handler.C:1564 ESMCI::PIO_Handler::isOpen()     pioFileDesc is NULL
20260831 131811.562 INFO             PET3 ESMCI_IO_Handler.C:640 ESMCI::IO_Handler::fileExists()     File, "data_ATM_export.nc" exists
20260831 131811.562 INFO             PET3 ESMCI_PIO_Handler.C:1397 ESMCI::PIO_Handler::openOneTileF      calling PIOc_openfile with mode = 1, file = "data_ATM_export.nc"
20260831 131811.562 INFO             PET3 ESMCI_PIO_Handler.C:1403 ESMCI::PIO_Handler::openOneTileF     , called PIOc_openfile on data_ATM_export.nc
20260831 131811.562 INFO             PET3 ESMCI_IO.C:498 ESMCI::IO::write()     open returned 0
20260831 131811.562 INFO             PET3 ESMCI_IO.C:567 ESMCI::IO::write() 
20260831 131811.562 INFO             PET3 ESMCI_IO_Handler.C:449 ESMCI::IO_Handler::arrayWrite() 
20260831 131811.562 INFO             PET3 ESMCI_PIO_Handler.C:818 ESMCI::PIO_Handler::arrayWriteOn 
20260831 131811.562 INFO             PET3 ESMCI_PIO_Handler.C:1561 ESMCI::PIO_Handler::isOpen() 
20260831 131811.562 INFO             PET3 ESMCI_PIO_Handler.C:1567 ESMCI::PIO_Handler::isOpen()     File is open
20260831 131811.562 INFO             PET3 ESMCI_PIO_Handler.C:1718 ESMCI::PIO_Handler::getIODesc() 
20260831 131811.562 INFO             PET3 ESMCI_PIO_Handler.C:1721 ESMCI::PIO_Handler::getIODesc()     calling constructPioDecomp
20260831 131811.562 INFO             PET3 ESMCI_PIO_Handler.C:1974 ESMCI::PIO_IODescHandler::constr 
20260831 131811.562 INFO             PET3 ESMCI_PIO_Handler.C:1996 ESMCI::PIO_IODescHandler::constr     localDeCount = 1
20260831 131811.562 INFO             PET3 ESMCI_PIO_Handler.C:2025 ESMCI::PIO_IODescHandler::constr     pioDofCount = 1000
20260831 131811.562 INFO             PET3 ESMCI_PIO_Handler.C:2144 ESMCI::PIO_IODescHandler::constr     , IODesc shape = [ 010, 100 ], calling pio_initdecomp
20260831 131811.562 INFO             PET3 ESMCI_PIO_Handler.C:2151 ESMCI::PIO_IODescHandler::constr     , IODesc dims = [ 010, 100 ]
20260831 131811.562 INFO             PET3 ESMCI_PIO_Handler.C:2165 ESMCI::PIO_IODescHandler::constr     after call to PIOc_initdecomp_dof
20260831 131811.562 INFO             PET3 ESMCI_PIO_Handler.C:1724 ESMCI::PIO_Handler::getIODesc()     constructPioDecomp call complete, localrc = 0
20260831 131811.562 INFO             PET3 ESMCI_PIO_Handler.C:2280 ESMCI::PIO_IODescHandler::getDim 
20260831 131811.562 INFO             PET3 ESMCI_PIO_Handler.C:2287 ESMCI::PIO_IODescHandler::getDim     getDims: found handler, nioDims = 2, ioDims = 0x600003b3fab0, narrDims = 2
20260831 131811.562 INFO             PET3 ESMCI_PIO_Handler.C:1751 ESMCI::PIO_Handler::getIODesc()     getDims complete, calling getIOType
20260831 131811.562 INFO             PET3 ESMCI_PIO_Handler.C:2342 ESMCI::PIO_IODescHandler::getIOT 
20260831 131811.562 INFO             PET3 ESMCI_PIO_Handler.C:862 ESMCI::PIO_Handler::arrayWriteOn     baseAddress = 0x0x15e814a00
20260831 131811.562 INFO             PET3 ESMCI_PIO_Handler.C:872 ESMCI::PIO_Handler::arrayWriteOn     arrlen = 1000
20260831 131811.562 INFO             PET3 ESMCI_PIO_Handler.C:881 ESMCI::PIO_Handler::arrayWriteOn     varname = "precipitation_flux"
20260831 131811.562 INFO             PET3 ESMCI_PIO_Handler.C:888 ESMCI::PIO_Handler::arrayWriteOn     Entering NetCDF define mode (redef)
20260831 131811.562 INFO             PET3 ESMCI_PIO_Handler.C:902 ESMCI::PIO_Handler::arrayWriteOn     Calling PIOc_inq
20260831 131811.562 INFO             PET3 ESMCI_PIO_Handler.C:911 ESMCI::PIO_Handler::arrayWriteOn     Looking for variable in file
20260831 131811.562 INFO             PET3 ESMCI_PIO_Handler.C:922 ESMCI::PIO_Handler::arrayWriteOn     Checking time dimension
20260831 131811.562 INFO             PET3 ESMCI_PIO_Handler.C:929 ESMCI::PIO_Handler::arrayWriteOn     inq_dimid  = 0
20260831 131811.562 INFO             PET3 ESMCI_PIO_Handler.C:930 ESMCI::PIO_Handler::arrayWriteOn     hasTimeDim = 1
20260831 131811.562 INFO             PET3 ESMCI_PIO_Handler.C:931 ESMCI::PIO_Handler::arrayWriteOn     unlim = 2
20260831 131811.562 INFO             PET3 ESMCI_PIO_Handler.C:935 ESMCI::PIO_Handler::arrayWriteOn     inq_dimlen = 0
20260831 131811.562 INFO             PET3 ESMCI_PIO_Handler.C:936 ESMCI::PIO_Handler::arrayWriteOn     dimidTime = 2
20260831 131811.562 INFO             PET3 ESMCI_PIO_Handler.C:937 ESMCI::PIO_Handler::arrayWriteOn     timeLen = 2
20260831 131811.562 INFO             PET3 ESMCI_PIO_Handler.C:972 ESMCI::PIO_Handler::arrayWriteOn     ready to check var compat., timeFrame = 2
20260831 131811.562 INFO             PET3 ESMCI_PIO_Handler.C:994 ESMCI::PIO_Handler::arrayWriteOn     Calling pio_cpp_inq_vardimid_vdesc
20260831 131811.562 INFO             PET3 ESMCI_PIO_Handler.C:1010 ESMCI::PIO_Handler::arrayWriteOn     PIOc_inq_dimlen for dim = 0 dimLen=2
20260831 131811.562 INFO             PET3 ESMCI_PIO_Handler.C:1010 ESMCI::PIO_Handler::arrayWriteOn     PIOc_inq_dimlen for dim = 1 dimLen=100
20260831 131811.562 INFO             PET3 ESMCI_PIO_Handler.C:1010 ESMCI::PIO_Handler::arrayWriteOn     PIOc_inq_dimlen for dim = 2 dimLen=10
20260831 131811.562 INFO             PET3 ESMCI_PIO_Handler.C:1129 ESMCI::PIO_Handler::arrayWriteOn     varExists = 1
20260831 131811.562 INFO             PET3 ESMCI_PIO_Handler.C:1145 ESMCI::PIO_Handler::arrayWriteOn     calling setframe, timeFrame = 2
20260831 131811.562 INFO             PET3 ESMCI_PIO_Handler.C:1161 ESMCI::PIO_Handler::arrayWriteOn     varid = 1
20260831 131811.562 INFO             PET3 ESMCI_PIO_Handler.C:1182 ESMCI::PIO_Handler::arrayWriteOn     calling enddef, status = 0x16f0c033c
20260831 131811.562 INFO             PET3 ESMCI_PIO_Handler.C:1191 ESMCI::PIO_Handler::arrayWriteOn     calling write_darray, pio type = 6, address = 0x15e814a00
20260831 131811.562 INFO             PET3 ESMCI_PIO_Handler.C:1208 ESMCI::PIO_Handler::arrayWriteOn     cleanup and return
20260831 131811.562 INFO             PET3 ESMCI_IO.C:514 ESMCI::IO::write()     write returned 0
20260831 131811.562 INFO             PET3 ESMCI_IO.C:956 ESMCI::IO::close() 
20260831 131811.562 INFO             PET3 ESMCI_IO_Handler.C:814 ESMCI::IO_Handler::flush() 
20260831 131811.562 INFO             PET3 ESMCI_PIO_Handler.C:1612 ESMCI::PIO_Handler::flushOneTile 
20260831 131811.563 INFO             PET3 ESMCI_PIO_Handler.C:1561 ESMCI::PIO_Handler::isOpen() 
20260831 131811.563 INFO             PET3 ESMCI_PIO_Handler.C:1567 ESMCI::PIO_Handler::isOpen()     File is open
20260831 131811.563 INFO             PET3 ESMCI_PIO_Handler.C:1615 ESMCI::PIO_Handler::flushOneTile     calling sync
20260831 131811.563 INFO             PET3 ESMCI_IO_Handler.C:854 ESMCI::IO_Handler::close() 
20260831 131811.563 INFO             PET3 ESMCI_PIO_Handler.C:1660 ESMCI::PIO_Handler::closeOneTile 
20260831 131811.563 INFO             PET3 ESMCI_PIO_Handler.C:1561 ESMCI::PIO_Handler::isOpen() 
20260831 131811.563 INFO             PET3 ESMCI_PIO_Handler.C:1567 ESMCI::PIO_Handler::isOpen()     File is open
20260831 131811.563 INFO             PET3 ESMCI_IO.C:523 ESMCI::IO::write()     close returned 0
20260831 131811.563 INFO             PET3 ESMCI_IO.C:200 ESMCI::IO::destroy() 
20260831 131811.563 INFO             PET3 ESMCI_IO.C:73 ESMCI::IO::destruct() 
20260831 131811.563 INFO             PET3 ESMCI_PIO_Handler.C:549 ESMCI::PIO_Handler::destruct() 
20260831 131811.563 INFO             PET3 ESMCI_PIO_Handler.C:551 ESMCI::PIO_Handler::destruct()      (0): closing file
20260831 131811.563 INFO             PET3 ESMCI_IO_Handler.C:854 ESMCI::IO_Handler::close() 
20260831 131811.563 INFO             PET3 ESMCI_PIO_Handler.C:1660 ESMCI::PIO_Handler::closeOneTile 
20260831 131811.563 INFO             PET3 ESMCI_PIO_Handler.C:1561 ESMCI::PIO_Handler::isOpen() 
20260831 131811.563 INFO             PET3 ESMCI_PIO_Handler.C:1564 ESMCI::PIO_Handler::isOpen()     pioFileDesc is NULL
20260831 131811.563 INFO             PET3 ESMCI_IO_Handler.C:281 ESMCI::IO_Handler::destroy() 
20260831 131811.563 INFO             PET3 ESMCI_PIO_Handler.C:357 ESMCI::PIO_Handler::finalize() 
20260831 131811.563 INFO             PET3 ESMCI_PIO_Handler.C:1885 ESMCI::PIO_IODescHandler::~PIO_I     calling PIOc_freedecomp
20260831 131811.563 INFO             PET3 ESMCI_IO_Handler.C:283 ESMCI::IO_Handler::destroy()     after finalize, localrc = 0
20260831 131811.563 INFO             PET3 ESMCI_IO.C:150 ESMCI::IO::create() 
20260831 131811.563 INFO             PET3 ESMCI_IO.C:1049 ESMCI::IO::addArray() 
20260831 131811.563 INFO             PET3 ESMCI_IO.C:490 ESMCI::IO::write() 
20260831 131811.563 INFO             PET3 ESMCI_IO.C:845 ESMCI::IO::open() 
20260831 131811.563 INFO             PET3 ESMCI_PIO_Handler.C:178 ESMCI::PIO_Handler::initialize() 
20260831 131811.563 INFO             PET3 ESMCI_PIO_Handler.C:191 ESMCI::PIO_Handler::initialize()     Before PIOc_Init_Intracomm, num_iotasks = 1
20260831 131811.563 INFO             PET3 ESMCI_PIO_Handler.C:194 ESMCI::PIO_Handler::initialize()     After PIOc_Init_Intracomm, instance = 65536
20260831 131811.563 INFO             PET3 ESMCI_PIO_Handler.C:210 ESMCI::PIO_Handler::initialize()     After PIOc_Set_IOSystem_Error_Handling
20260831 131811.563 INFO             PET3 ESMCI_PIO_Handler.C:213 ESMCI::PIO_Handler::initialize()     push_back
20260831 131811.563 INFO             PET3 ESMCI_PIO_Handler.C:303 ESMCI::PIO_Handler::initializeVM     After initialize, rc = 0
20260831 131811.563 INFO             PET3 ESMCI_PIO_Handler.C:305 ESMCI::PIO_Handler::initializeVM     Looking for active instance, size = 1
20260831 131811.563 INFO             PET3 ESMCI_PIO_Handler.C:307 ESMCI::PIO_Handler::initializeVM     Fetched PIO system descriptor, 0x10000
20260831 131811.563 INFO             PET3 ESMCI_PIO_Handler.C:1561 ESMCI::PIO_Handler::isOpen() 
20260831 131811.563 INFO             PET3 ESMCI_PIO_Handler.C:1564 ESMCI::PIO_Handler::isOpen()     pioFileDesc is NULL
20260831 131811.563 INFO             PET3 ESMCI_PIO_Handler.C:1561 ESMCI::PIO_Handler::isOpen() 
20260831 131811.563 INFO             PET3 ESMCI_PIO_Handler.C:1564 ESMCI::PIO_Handler::isOpen()     pioFileDesc is NULL
20260831 131811.563 INFO             PET3 ESMCI_PIO_Handler.C:1279 ESMCI::PIO_Handler::openOneTileF 
20260831 131811.563 INFO             PET3 ESMCI_PIO_Handler.C:1561 ESMCI::PIO_Handler::isOpen() 
20260831 131811.563 INFO             PET3 ESMCI_PIO_Handler.C:1564 ESMCI::PIO_Handler::isOpen()     pioFileDesc is NULL
20260831 131811.563 INFO             PET3 ESMCI_IO_Handler.C:640 ESMCI::IO_Handler::fileExists()     File, "data_ATM_export.nc" exists
20260831 131811.563 INFO             PET3 ESMCI_PIO_Handler.C:1397 ESMCI::PIO_Handler::openOneTileF      calling PIOc_openfile with mode = 1, file = "data_ATM_export.nc"
20260831 131811.563 INFO             PET3 ESMCI_PIO_Handler.C:1403 ESMCI::PIO_Handler::openOneTileF     , called PIOc_openfile on data_ATM_export.nc
20260831 131811.563 INFO             PET3 ESMCI_IO.C:498 ESMCI::IO::write()     open returned 0
20260831 131811.563 INFO             PET3 ESMCI_IO.C:567 ESMCI::IO::write() 
20260831 131811.563 INFO             PET3 ESMCI_IO_Handler.C:449 ESMCI::IO_Handler::arrayWrite() 
20260831 131811.563 INFO             PET3 ESMCI_PIO_Handler.C:818 ESMCI::PIO_Handler::arrayWriteOn 
20260831 131811.563 INFO             PET3 ESMCI_PIO_Handler.C:1561 ESMCI::PIO_Handler::isOpen() 
20260831 131811.563 INFO             PET3 ESMCI_PIO_Handler.C:1567 ESMCI::PIO_Handler::isOpen()     File is open
20260831 131811.563 INFO             PET3 ESMCI_PIO_Handler.C:1718 ESMCI::PIO_Handler::getIODesc() 
20260831 131811.563 INFO             PET3 ESMCI_PIO_Handler.C:1721 ESMCI::PIO_Handler::getIODesc()     calling constructPioDecomp
20260831 131811.563 INFO             PET3 ESMCI_PIO_Handler.C:1974 ESMCI::PIO_IODescHandler::constr 
20260831 131811.563 INFO             PET3 ESMCI_PIO_Handler.C:1996 ESMCI::PIO_IODescHandler::constr     localDeCount = 1
20260831 131811.563 INFO             PET3 ESMCI_PIO_Handler.C:2025 ESMCI::PIO_IODescHandler::constr     pioDofCount = 1000
20260831 131811.563 INFO             PET3 ESMCI_PIO_Handler.C:2144 ESMCI::PIO_IODescHandler::constr     , IODesc shape = [ 010, 100 ], calling pio_initdecomp
20260831 131811.563 INFO             PET3 ESMCI_PIO_Handler.C:2151 ESMCI::PIO_IODescHandler::constr     , IODesc dims = [ 010, 100 ]
20260831 131811.563 INFO             PET3 ESMCI_PIO_Handler.C:2165 ESMCI::PIO_IODescHandler::constr     after call to PIOc_initdecomp_dof
20260831 131811.563 INFO             PET3 ESMCI_PIO_Handler.C:1724 ESMCI::PIO_Handler::getIODesc()     constructPioDecomp call complete, localrc = 0
20260831 131811.563 INFO             PET3 ESMCI_PIO_Handler.C:2280 ESMCI::PIO_IODescHandler::getDim 
20260831 131811.563 INFO             PET3 ESMCI_PIO_Handler.C:2287 ESMCI::PIO_IODescHandler::getDim     getDims: found handler, nioDims = 2, ioDims = 0x600003b207f0, narrDims = 2
20260831 131811.563 INFO             PET3 ESMCI_PIO_Handler.C:1751 ESMCI::PIO_Handler::getIODesc()     getDims complete, calling getIOType
20260831 131811.563 INFO             PET3 ESMCI_PIO_Handler.C:2342 ESMCI::PIO_IODescHandler::getIOT 
20260831 131811.563 INFO             PET3 ESMCI_PIO_Handler.C:862 ESMCI::PIO_Handler::arrayWriteOn     baseAddress = 0x0x15e817600
20260831 131811.563 INFO             PET3 ESMCI_PIO_Handler.C:872 ESMCI::PIO_Handler::arrayWriteOn     arrlen = 1000
20260831 131811.563 INFO             PET3 ESMCI_PIO_Handler.C:881 ESMCI::PIO_Handler::arrayWriteOn     varname = "surface_net_downward_shortwave_flux"
20260831 131811.563 INFO             PET3 ESMCI_PIO_Handler.C:888 ESMCI::PIO_Handler::arrayWriteOn     Entering NetCDF define mode (redef)
20260831 131811.563 INFO             PET3 ESMCI_PIO_Handler.C:902 ESMCI::PIO_Handler::arrayWriteOn     Calling PIOc_inq
20260831 131811.563 INFO             PET3 ESMCI_PIO_Handler.C:911 ESMCI::PIO_Handler::arrayWriteOn     Looking for variable in file
20260831 131811.563 INFO             PET3 ESMCI_PIO_Handler.C:922 ESMCI::PIO_Handler::arrayWriteOn     Checking time dimension
20260831 131811.563 INFO             PET3 ESMCI_PIO_Handler.C:929 ESMCI::PIO_Handler::arrayWriteOn     inq_dimid  = 0
20260831 131811.563 INFO             PET3 ESMCI_PIO_Handler.C:930 ESMCI::PIO_Handler::arrayWriteOn     hasTimeDim = 1
20260831 131811.563 INFO             PET3 ESMCI_PIO_Handler.C:931 ESMCI::PIO_Handler::arrayWriteOn     unlim = 2
20260831 131811.563 INFO             PET3 ESMCI_PIO_Handler.C:935 ESMCI::PIO_Handler::arrayWriteOn     inq_dimlen = 0
20260831 131811.564 INFO             PET3 ESMCI_PIO_Handler.C:936 ESMCI::PIO_Handler::arrayWriteOn     dimidTime = 2
20260831 131811.564 INFO             PET3 ESMCI_PIO_Handler.C:937 ESMCI::PIO_Handler::arrayWriteOn     timeLen = 2
20260831 131811.564 INFO             PET3 ESMCI_PIO_Handler.C:972 ESMCI::PIO_Handler::arrayWriteOn     ready to check var compat., timeFrame = 2
20260831 131811.564 INFO             PET3 ESMCI_PIO_Handler.C:994 ESMCI::PIO_Handler::arrayWriteOn     Calling pio_cpp_inq_vardimid_vdesc
20260831 131811.564 INFO             PET3 ESMCI_PIO_Handler.C:1010 ESMCI::PIO_Handler::arrayWriteOn     PIOc_inq_dimlen for dim = 0 dimLen=2
20260831 131811.564 INFO             PET3 ESMCI_PIO_Handler.C:1010 ESMCI::PIO_Handler::arrayWriteOn     PIOc_inq_dimlen for dim = 1 dimLen=100
20260831 131811.564 INFO             PET3 ESMCI_PIO_Handler.C:1010 ESMCI::PIO_Handler::arrayWriteOn     PIOc_inq_dimlen for dim = 2 dimLen=10
20260831 131811.564 INFO             PET3 ESMCI_PIO_Handler.C:1129 ESMCI::PIO_Handler::arrayWriteOn     varExists = 1
20260831 131811.564 INFO             PET3 ESMCI_PIO_Handler.C:1145 ESMCI::PIO_Handler::arrayWriteOn     calling setframe, timeFrame = 2
20260831 131811.564 INFO             PET3 ESMCI_PIO_Handler.C:1161 ESMCI::PIO_Handler::arrayWriteOn     varid = 2
20260831 131811.564 INFO             PET3 ESMCI_PIO_Handler.C:1182 ESMCI::PIO_Handler::arrayWriteOn     calling enddef, status = 0x16f0c033c
20260831 131811.564 INFO             PET3 ESMCI_PIO_Handler.C:1191 ESMCI::PIO_Handler::arrayWriteOn     calling write_darray, pio type = 6, address = 0x15e817600
20260831 131811.564 INFO             PET3 ESMCI_PIO_Handler.C:1208 ESMCI::PIO_Handler::arrayWriteOn     cleanup and return
20260831 131811.564 INFO             PET3 ESMCI_IO.C:514 ESMCI::IO::write()     write returned 0
20260831 131811.564 INFO             PET3 ESMCI_IO.C:956 ESMCI::IO::close() 
20260831 131811.564 INFO             PET3 ESMCI_IO_Handler.C:814 ESMCI::IO_Handler::flush() 
20260831 131811.564 INFO             PET3 ESMCI_PIO_Handler.C:1612 ESMCI::PIO_Handler::flushOneTile 
20260831 131811.564 INFO             PET3 ESMCI_PIO_Handler.C:1561 ESMCI::PIO_Handler::isOpen() 
20260831 131811.564 INFO             PET3 ESMCI_PIO_Handler.C:1567 ESMCI::PIO_Handler::isOpen()     File is open
20260831 131811.564 INFO             PET3 ESMCI_PIO_Handler.C:1615 ESMCI::PIO_Handler::flushOneTile     calling sync
20260831 131811.564 INFO             PET3 ESMCI_IO_Handler.C:854 ESMCI::IO_Handler::close() 
20260831 131811.564 INFO             PET3 ESMCI_PIO_Handler.C:1660 ESMCI::PIO_Handler::closeOneTile 
20260831 131811.564 INFO             PET3 ESMCI_PIO_Handler.C:1561 ESMCI::PIO_Handler::isOpen() 
20260831 131811.564 INFO             PET3 ESMCI_PIO_Handler.C:1567 ESMCI::PIO_Handler::isOpen()     File is open
20260831 131811.564 INFO             PET3 ESMCI_IO.C:523 ESMCI::IO::write()     close returned 0
20260831 131811.564 INFO             PET3 ESMCI_IO.C:200 ESMCI::IO::destroy() 
20260831 131811.564 INFO             PET3 ESMCI_IO.C:73 ESMCI::IO::destruct() 
20260831 131811.564 INFO             PET3 ESMCI_PIO_Handler.C:549 ESMCI::PIO_Handler::destruct() 
20260831 131811.564 INFO             PET3 ESMCI_PIO_Handler.C:551 ESMCI::PIO_Handler::destruct()      (0): closing file
20260831 131811.564 INFO             PET3 ESMCI_IO_Handler.C:854 ESMCI::IO_Handler::close() 
20260831 131811.564 INFO             PET3 ESMCI_PIO_Handler.C:1660 ESMCI::PIO_Handler::closeOneTile 
20260831 131811.564 INFO             PET3 ESMCI_PIO_Handler.C:1561 ESMCI::PIO_Handler::isOpen() 
20260831 131811.564 INFO             PET3 ESMCI_PIO_Handler.C:1564 ESMCI::PIO_Handler::isOpen()     pioFileDesc is NULL
20260831 131811.564 INFO             PET3 ESMCI_IO_Handler.C:281 ESMCI::IO_Handler::destroy() 
20260831 131811.564 INFO             PET3 ESMCI_PIO_Handler.C:357 ESMCI::PIO_Handler::finalize() 
20260831 131811.564 INFO             PET3 ESMCI_PIO_Handler.C:1885 ESMCI::PIO_IODescHandler::~PIO_I     calling PIOc_freedecomp
20260831 131811.564 INFO             PET3 ESMCI_IO_Handler.C:283 ESMCI::IO_Handler::destroy()     after finalize, localrc = 0
20260831 131811.564 INFO             PET3     <<<ATM: leaving Run (phase=RunPhase1) with current time: 2012 10 24 18 15  0   0
20260831 131811.564 INFO             PET3   ATM: Run extro.
20260831 131811.564 INFO             PET3   OCN: Run intro.
20260831 131811.564 INFO             PET3     >>>OCN: entered Run (phase=RunPhase1) with current time: 2012 10 24 18  0  0   0
20260831 131811.564 INFO             PET3     LUMO Advance(): --- VMK::log() start -------------------------------------
20260831 131811.564 INFO             PET3     LUMO Advance(): vm located at: 0x15e00adf0
20260831 131811.564 INFO             PET3     LUMO Advance(): mpionly=1 threadsflag=0
20260831 131811.564 INFO             PET3     LUMO Advance(): ssiCount=1 localSsi=0
20260831 131811.564 INFO             PET3     LUMO Advance(): devCount=0 ssiLocalDevCount=0
20260831 131811.564 INFO             PET3     LUMO Advance(): petCount=3 ssiLocalPetCount=3
20260831 131811.564 INFO             PET3     LUMO Advance(): localPet=2 mypthid=0x1f12850c0 ssiLocalPet=2 currentSsiPe=-1
20260831 131811.564 INFO             PET3     LUMO Advance(): ESMF level logical PET->PE association (but consider system level affinity pinning!):
20260831 131811.564 INFO             PET3     LUMO Advance(): PET=0 lpid=0 tid=0 pid=0 peCount=1 accCount=0
20260831 131811.564 INFO             PET3     LUMO Advance():  PE=0 SSI=0 SSIPE=0
20260831 131811.564 INFO             PET3     LUMO Advance(): PET=1 lpid=1 tid=0 pid=1 peCount=1 accCount=0
20260831 131811.564 INFO             PET3     LUMO Advance():  PE=1 SSI=0 SSIPE=1
20260831 131811.564 INFO             PET3     LUMO Advance(): PET=2 lpid=2 tid=0 pid=3 peCount=1 accCount=0
20260831 131811.564 INFO             PET3     LUMO Advance():  PE=3 SSI=0 SSIPE=3
20260831 131811.564 INFO             PET3     LUMO Advance(): --- VMK::log() end ---------------------------------------
20260831 131811.564 INFO             PET3     LUMO: localPet=   2   thread_num=   0   currentSsiPe=  -1   num_threads=   1   max_threads=   1   num_procs=  10
20260831 131811.564 INFO             PET3     ------>Advancing LUMO from: 2012 10 24 18  0  0   0
20260831 131811.564 INFO             PET3     ---------------------> to: 2012 10 24 18  5  0   0
20260831 131811.565 INFO             PET3     LUMO Advance(): --- VMK::log() start -------------------------------------
20260831 131811.565 INFO             PET3     LUMO Advance(): vm located at: 0x15e00adf0
20260831 131811.565 INFO             PET3     LUMO Advance(): mpionly=1 threadsflag=0
20260831 131811.565 INFO             PET3     LUMO Advance(): ssiCount=1 localSsi=0
20260831 131811.565 INFO             PET3     LUMO Advance(): devCount=0 ssiLocalDevCount=0
20260831 131811.565 INFO             PET3     LUMO Advance(): petCount=3 ssiLocalPetCount=3
20260831 131811.565 INFO             PET3     LUMO Advance(): localPet=2 mypthid=0x1f12850c0 ssiLocalPet=2 currentSsiPe=-1
20260831 131811.565 INFO             PET3     LUMO Advance(): ESMF level logical PET->PE association (but consider system level affinity pinning!):
20260831 131811.565 INFO             PET3     LUMO Advance(): PET=0 lpid=0 tid=0 pid=0 peCount=1 accCount=0
20260831 131811.565 INFO             PET3     LUMO Advance():  PE=0 SSI=0 SSIPE=0
20260831 131811.565 INFO             PET3     LUMO Advance(): PET=1 lpid=1 tid=0 pid=1 peCount=1 accCount=0
20260831 131811.565 INFO             PET3     LUMO Advance():  PE=1 SSI=0 SSIPE=1
20260831 131811.565 INFO             PET3     LUMO Advance(): PET=2 lpid=2 tid=0 pid=3 peCount=1 accCount=0
20260831 131811.565 INFO             PET3     LUMO Advance():  PE=3 SSI=0 SSIPE=3
20260831 131811.565 INFO             PET3     LUMO Advance(): --- VMK::log() end ---------------------------------------
20260831 131811.565 INFO             PET3     LUMO: localPet=   2   thread_num=   0   currentSsiPe=  -1   num_threads=   1   max_threads=   1   num_procs=  10
20260831 131811.565 INFO             PET3     ------>Advancing LUMO from: 2012 10 24 18  5  0   0
20260831 131811.565 INFO             PET3     ---------------------> to: 2012 10 24 18 10  0   0
20260831 131811.565 INFO             PET3     LUMO Advance(): --- VMK::log() start -------------------------------------
20260831 131811.565 INFO             PET3     LUMO Advance(): vm located at: 0x15e00adf0
20260831 131811.565 INFO             PET3     LUMO Advance(): mpionly=1 threadsflag=0
20260831 131811.565 INFO             PET3     LUMO Advance(): ssiCount=1 localSsi=0
20260831 131811.565 INFO             PET3     LUMO Advance(): devCount=0 ssiLocalDevCount=0
20260831 131811.565 INFO             PET3     LUMO Advance(): petCount=3 ssiLocalPetCount=3
20260831 131811.565 INFO             PET3     LUMO Advance(): localPet=2 mypthid=0x1f12850c0 ssiLocalPet=2 currentSsiPe=-1
20260831 131811.565 INFO             PET3     LUMO Advance(): ESMF level logical PET->PE association (but consider system level affinity pinning!):
20260831 131811.565 INFO             PET3     LUMO Advance(): PET=0 lpid=0 tid=0 pid=0 peCount=1 accCount=0
20260831 131811.565 INFO             PET3     LUMO Advance():  PE=0 SSI=0 SSIPE=0
20260831 131811.565 INFO             PET3     LUMO Advance(): PET=1 lpid=1 tid=0 pid=1 peCount=1 accCount=0
20260831 131811.565 INFO             PET3     LUMO Advance():  PE=1 SSI=0 SSIPE=1
20260831 131811.565 INFO             PET3     LUMO Advance(): PET=2 lpid=2 tid=0 pid=3 peCount=1 accCount=0
20260831 131811.565 INFO             PET3     LUMO Advance():  PE=3 SSI=0 SSIPE=3
20260831 131811.565 INFO             PET3     LUMO Advance(): --- VMK::log() end ---------------------------------------
20260831 131811.565 INFO             PET3     LUMO: localPet=   2   thread_num=   0   currentSsiPe=  -1   num_threads=   1   max_threads=   1   num_procs=  10
20260831 131811.565 INFO             PET3     ------>Advancing LUMO from: 2012 10 24 18 10  0   0
20260831 131811.565 INFO             PET3     ---------------------> to: 2012 10 24 18 15  0   0
20260831 131811.565 INFO             PET3     <<<OCN: leaving Run (phase=RunPhase1) with current time: 2012 10 24 18 15  0   0
20260831 131811.565 INFO             PET3   OCN: Run extro.
20260831 131811.565 INFO             PET3   ATM-TO-OCN: Run intro.
20260831 131811.565 INFO             PET3     >>>ATM-TO-OCN entered Run (phase=RunPhase1)
20260831 131811.565 INFO             PET3     <<<ATM-TO-OCN leaving Run (phase=RunPhase1)
20260831 131811.565 INFO             PET3   ATM-TO-OCN: Run extro.
20260831 131811.566 INFO             PET3   OCN-TO-ATM: Run intro.
20260831 131811.566 INFO             PET3     >>>OCN-TO-ATM entered Run (phase=RunPhase1)
20260831 131811.566 INFO             PET3     <<<OCN-TO-ATM leaving Run (phase=RunPhase1)
20260831 131811.566 INFO             PET3   OCN-TO-ATM: Run extro.
20260831 131811.566 INFO             PET3   ATM: Run intro.
20260831 131811.566 INFO             PET3     >>>ATM: entered Run (phase=RunPhase1) with current time: 2012 10 24 18 15  0   0
20260831 131811.566 INFO             PET3 ESMCI_IO.C:150 ESMCI::IO::create() 
20260831 131811.566 INFO             PET3 ESMCI_IO.C:1049 ESMCI::IO::addArray() 
20260831 131811.566 INFO             PET3 ESMCI_IO.C:490 ESMCI::IO::write() 
20260831 131811.566 INFO             PET3 ESMCI_IO.C:845 ESMCI::IO::open() 
20260831 131811.566 INFO             PET3 ESMCI_PIO_Handler.C:178 ESMCI::PIO_Handler::initialize() 
20260831 131811.566 INFO             PET3 ESMCI_PIO_Handler.C:191 ESMCI::PIO_Handler::initialize()     Before PIOc_Init_Intracomm, num_iotasks = 1
20260831 131811.566 INFO             PET3 ESMCI_PIO_Handler.C:194 ESMCI::PIO_Handler::initialize()     After PIOc_Init_Intracomm, instance = 65536
20260831 131811.566 INFO             PET3 ESMCI_PIO_Handler.C:210 ESMCI::PIO_Handler::initialize()     After PIOc_Set_IOSystem_Error_Handling
20260831 131811.566 INFO             PET3 ESMCI_PIO_Handler.C:213 ESMCI::PIO_Handler::initialize()     push_back
20260831 131811.566 INFO             PET3 ESMCI_PIO_Handler.C:303 ESMCI::PIO_Handler::initializeVM     After initialize, rc = 0
20260831 131811.566 INFO             PET3 ESMCI_PIO_Handler.C:305 ESMCI::PIO_Handler::initializeVM     Looking for active instance, size = 1
20260831 131811.566 INFO             PET3 ESMCI_PIO_Handler.C:307 ESMCI::PIO_Handler::initializeVM     Fetched PIO system descriptor, 0x10000
20260831 131811.566 INFO             PET3 ESMCI_PIO_Handler.C:1561 ESMCI::PIO_Handler::isOpen() 
20260831 131811.566 INFO             PET3 ESMCI_PIO_Handler.C:1564 ESMCI::PIO_Handler::isOpen()     pioFileDesc is NULL
20260831 131811.566 INFO             PET3 ESMCI_PIO_Handler.C:1561 ESMCI::PIO_Handler::isOpen() 
20260831 131811.566 INFO             PET3 ESMCI_PIO_Handler.C:1564 ESMCI::PIO_Handler::isOpen()     pioFileDesc is NULL
20260831 131811.566 INFO             PET3 ESMCI_PIO_Handler.C:1279 ESMCI::PIO_Handler::openOneTileF 
20260831 131811.566 INFO             PET3 ESMCI_PIO_Handler.C:1561 ESMCI::PIO_Handler::isOpen() 
20260831 131811.566 INFO             PET3 ESMCI_PIO_Handler.C:1564 ESMCI::PIO_Handler::isOpen()     pioFileDesc is NULL
20260831 131811.566 INFO             PET3 ESMCI_IO_Handler.C:640 ESMCI::IO_Handler::fileExists()     File, "data_ATM_import.nc" exists
20260831 131811.566 INFO             PET3 ESMCI_PIO_Handler.C:1397 ESMCI::PIO_Handler::openOneTileF      calling PIOc_openfile with mode = 1, file = "data_ATM_import.nc"
20260831 131811.566 INFO             PET3 ESMCI_PIO_Handler.C:1403 ESMCI::PIO_Handler::openOneTileF     , called PIOc_openfile on data_ATM_import.nc
20260831 131811.566 INFO             PET3 ESMCI_IO.C:498 ESMCI::IO::write()     open returned 0
20260831 131811.566 INFO             PET3 ESMCI_IO.C:567 ESMCI::IO::write() 
20260831 131811.566 INFO             PET3 ESMCI_IO_Handler.C:449 ESMCI::IO_Handler::arrayWrite() 
20260831 131811.566 INFO             PET3 ESMCI_PIO_Handler.C:818 ESMCI::PIO_Handler::arrayWriteOn 
20260831 131811.566 INFO             PET3 ESMCI_PIO_Handler.C:1561 ESMCI::PIO_Handler::isOpen() 
20260831 131811.566 INFO             PET3 ESMCI_PIO_Handler.C:1567 ESMCI::PIO_Handler::isOpen()     File is open
20260831 131811.566 INFO             PET3 ESMCI_PIO_Handler.C:1718 ESMCI::PIO_Handler::getIODesc() 
20260831 131811.566 INFO             PET3 ESMCI_PIO_Handler.C:1721 ESMCI::PIO_Handler::getIODesc()     calling constructPioDecomp
20260831 131811.566 INFO             PET3 ESMCI_PIO_Handler.C:1974 ESMCI::PIO_IODescHandler::constr 
20260831 131811.566 INFO             PET3 ESMCI_PIO_Handler.C:1996 ESMCI::PIO_IODescHandler::constr     localDeCount = 1
20260831 131811.566 INFO             PET3 ESMCI_PIO_Handler.C:2025 ESMCI::PIO_IODescHandler::constr     pioDofCount = 1000
20260831 131811.567 INFO             PET3 ESMCI_PIO_Handler.C:2144 ESMCI::PIO_IODescHandler::constr     , IODesc shape = [ 010, 100 ], calling pio_initdecomp
20260831 131811.567 INFO             PET3 ESMCI_PIO_Handler.C:2151 ESMCI::PIO_IODescHandler::constr     , IODesc dims = [ 010, 100 ]
20260831 131811.567 INFO             PET3 ESMCI_PIO_Handler.C:2165 ESMCI::PIO_IODescHandler::constr     after call to PIOc_initdecomp_dof
20260831 131811.567 INFO             PET3 ESMCI_PIO_Handler.C:1724 ESMCI::PIO_Handler::getIODesc()     constructPioDecomp call complete, localrc = 0
20260831 131811.567 INFO             PET3 ESMCI_PIO_Handler.C:2280 ESMCI::PIO_IODescHandler::getDim 
20260831 131811.567 INFO             PET3 ESMCI_PIO_Handler.C:2287 ESMCI::PIO_IODescHandler::getDim     getDims: found handler, nioDims = 2, ioDims = 0x600003b3ff30, narrDims = 2
20260831 131811.567 INFO             PET3 ESMCI_PIO_Handler.C:1751 ESMCI::PIO_Handler::getIODesc()     getDims complete, calling getIOType
20260831 131811.567 INFO             PET3 ESMCI_PIO_Handler.C:2342 ESMCI::PIO_IODescHandler::getIOT 
20260831 131811.567 INFO             PET3 ESMCI_PIO_Handler.C:862 ESMCI::PIO_Handler::arrayWriteOn     baseAddress = 0x0x15e80ec00
20260831 131811.567 INFO             PET3 ESMCI_PIO_Handler.C:872 ESMCI::PIO_Handler::arrayWriteOn     arrlen = 1000
20260831 131811.567 INFO             PET3 ESMCI_PIO_Handler.C:881 ESMCI::PIO_Handler::arrayWriteOn     varname = "sea_surface_salinity"
20260831 131811.567 INFO             PET3 ESMCI_PIO_Handler.C:888 ESMCI::PIO_Handler::arrayWriteOn     Entering NetCDF define mode (redef)
20260831 131811.567 INFO             PET3 ESMCI_PIO_Handler.C:902 ESMCI::PIO_Handler::arrayWriteOn     Calling PIOc_inq
20260831 131811.567 INFO             PET3 ESMCI_PIO_Handler.C:911 ESMCI::PIO_Handler::arrayWriteOn     Looking for variable in file
20260831 131811.567 INFO             PET3 ESMCI_PIO_Handler.C:922 ESMCI::PIO_Handler::arrayWriteOn     Checking time dimension
20260831 131811.567 INFO             PET3 ESMCI_PIO_Handler.C:929 ESMCI::PIO_Handler::arrayWriteOn     inq_dimid  = 0
20260831 131811.567 INFO             PET3 ESMCI_PIO_Handler.C:930 ESMCI::PIO_Handler::arrayWriteOn     hasTimeDim = 1
20260831 131811.567 INFO             PET3 ESMCI_PIO_Handler.C:931 ESMCI::PIO_Handler::arrayWriteOn     unlim = 2
20260831 131811.567 INFO             PET3 ESMCI_PIO_Handler.C:935 ESMCI::PIO_Handler::arrayWriteOn     inq_dimlen = 0
20260831 131811.567 INFO             PET3 ESMCI_PIO_Handler.C:936 ESMCI::PIO_Handler::arrayWriteOn     dimidTime = 2
20260831 131811.567 INFO             PET3 ESMCI_PIO_Handler.C:937 ESMCI::PIO_Handler::arrayWriteOn     timeLen = 2
20260831 131811.567 INFO             PET3 ESMCI_PIO_Handler.C:972 ESMCI::PIO_Handler::arrayWriteOn     ready to check var compat., timeFrame = 3
20260831 131811.567 INFO             PET3 ESMCI_PIO_Handler.C:994 ESMCI::PIO_Handler::arrayWriteOn     Calling pio_cpp_inq_vardimid_vdesc
20260831 131811.567 INFO             PET3 ESMCI_PIO_Handler.C:1010 ESMCI::PIO_Handler::arrayWriteOn     PIOc_inq_dimlen for dim = 0 dimLen=2
20260831 131811.567 INFO             PET3 ESMCI_PIO_Handler.C:1010 ESMCI::PIO_Handler::arrayWriteOn     PIOc_inq_dimlen for dim = 1 dimLen=100
20260831 131811.567 INFO             PET3 ESMCI_PIO_Handler.C:1010 ESMCI::PIO_Handler::arrayWriteOn     PIOc_inq_dimlen for dim = 2 dimLen=10
20260831 131811.567 INFO             PET3 ESMCI_PIO_Handler.C:1129 ESMCI::PIO_Handler::arrayWriteOn     varExists = 1
20260831 131811.567 INFO             PET3 ESMCI_PIO_Handler.C:1145 ESMCI::PIO_Handler::arrayWriteOn     calling setframe, timeFrame = 3
20260831 131811.567 INFO             PET3 ESMCI_PIO_Handler.C:1161 ESMCI::PIO_Handler::arrayWriteOn     varid = 0
20260831 131811.567 INFO             PET3 ESMCI_PIO_Handler.C:1182 ESMCI::PIO_Handler::arrayWriteOn     calling enddef, status = 0x16f0c033c
20260831 131811.567 INFO             PET3 ESMCI_PIO_Handler.C:1191 ESMCI::PIO_Handler::arrayWriteOn     calling write_darray, pio type = 6, address = 0x15e80ec00
20260831 131811.567 INFO             PET3 ESMCI_PIO_Handler.C:1208 ESMCI::PIO_Handler::arrayWriteOn     cleanup and return
20260831 131811.567 INFO             PET3 ESMCI_IO.C:514 ESMCI::IO::write()     write returned 0
20260831 131811.567 INFO             PET3 ESMCI_IO.C:956 ESMCI::IO::close() 
20260831 131811.567 INFO             PET3 ESMCI_IO_Handler.C:814 ESMCI::IO_Handler::flush() 
20260831 131811.567 INFO             PET3 ESMCI_PIO_Handler.C:1612 ESMCI::PIO_Handler::flushOneTile 
20260831 131811.567 INFO             PET3 ESMCI_PIO_Handler.C:1561 ESMCI::PIO_Handler::isOpen() 
20260831 131811.567 INFO             PET3 ESMCI_PIO_Handler.C:1567 ESMCI::PIO_Handler::isOpen()     File is open
20260831 131811.567 INFO             PET3 ESMCI_PIO_Handler.C:1615 ESMCI::PIO_Handler::flushOneTile     calling sync
20260831 131811.567 INFO             PET3 ESMCI_IO_Handler.C:854 ESMCI::IO_Handler::close() 
20260831 131811.567 INFO             PET3 ESMCI_PIO_Handler.C:1660 ESMCI::PIO_Handler::closeOneTile 
20260831 131811.567 INFO             PET3 ESMCI_PIO_Handler.C:1561 ESMCI::PIO_Handler::isOpen() 
20260831 131811.567 INFO             PET3 ESMCI_PIO_Handler.C:1567 ESMCI::PIO_Handler::isOpen()     File is open
20260831 131811.567 INFO             PET3 ESMCI_IO.C:523 ESMCI::IO::write()     close returned 0
20260831 131811.567 INFO             PET3 ESMCI_IO.C:200 ESMCI::IO::destroy() 
20260831 131811.567 INFO             PET3 ESMCI_IO.C:73 ESMCI::IO::destruct() 
20260831 131811.567 INFO             PET3 ESMCI_PIO_Handler.C:549 ESMCI::PIO_Handler::destruct() 
20260831 131811.567 INFO             PET3 ESMCI_PIO_Handler.C:551 ESMCI::PIO_Handler::destruct()      (0): closing file
20260831 131811.567 INFO             PET3 ESMCI_IO_Handler.C:854 ESMCI::IO_Handler::close() 
20260831 131811.567 INFO             PET3 ESMCI_PIO_Handler.C:1660 ESMCI::PIO_Handler::closeOneTile 
20260831 131811.567 INFO             PET3 ESMCI_PIO_Handler.C:1561 ESMCI::PIO_Handler::isOpen() 
20260831 131811.567 INFO             PET3 ESMCI_PIO_Handler.C:1564 ESMCI::PIO_Handler::isOpen()     pioFileDesc is NULL
20260831 131811.567 INFO             PET3 ESMCI_IO_Handler.C:281 ESMCI::IO_Handler::destroy() 
20260831 131811.567 INFO             PET3 ESMCI_PIO_Handler.C:357 ESMCI::PIO_Handler::finalize() 
20260831 131811.567 INFO             PET3 ESMCI_PIO_Handler.C:1885 ESMCI::PIO_IODescHandler::~PIO_I     calling PIOc_freedecomp
20260831 131811.567 INFO             PET3 ESMCI_IO_Handler.C:283 ESMCI::IO_Handler::destroy()     after finalize, localrc = 0
20260831 131811.567 INFO             PET3 ESMCI_IO.C:150 ESMCI::IO::create() 
20260831 131811.567 INFO             PET3 ESMCI_IO.C:1049 ESMCI::IO::addArray() 
20260831 131811.567 INFO             PET3 ESMCI_IO.C:490 ESMCI::IO::write() 
20260831 131811.567 INFO             PET3 ESMCI_IO.C:845 ESMCI::IO::open() 
20260831 131811.567 INFO             PET3 ESMCI_PIO_Handler.C:178 ESMCI::PIO_Handler::initialize() 
20260831 131811.567 INFO             PET3 ESMCI_PIO_Handler.C:191 ESMCI::PIO_Handler::initialize()     Before PIOc_Init_Intracomm, num_iotasks = 1
20260831 131811.567 INFO             PET3 ESMCI_PIO_Handler.C:194 ESMCI::PIO_Handler::initialize()     After PIOc_Init_Intracomm, instance = 65536
20260831 131811.567 INFO             PET3 ESMCI_PIO_Handler.C:210 ESMCI::PIO_Handler::initialize()     After PIOc_Set_IOSystem_Error_Handling
20260831 131811.567 INFO             PET3 ESMCI_PIO_Handler.C:213 ESMCI::PIO_Handler::initialize()     push_back
20260831 131811.567 INFO             PET3 ESMCI_PIO_Handler.C:303 ESMCI::PIO_Handler::initializeVM     After initialize, rc = 0
20260831 131811.567 INFO             PET3 ESMCI_PIO_Handler.C:305 ESMCI::PIO_Handler::initializeVM     Looking for active instance, size = 1
20260831 131811.567 INFO             PET3 ESMCI_PIO_Handler.C:307 ESMCI::PIO_Handler::initializeVM     Fetched PIO system descriptor, 0x10000
20260831 131811.567 INFO             PET3 ESMCI_PIO_Handler.C:1561 ESMCI::PIO_Handler::isOpen() 
20260831 131811.567 INFO             PET3 ESMCI_PIO_Handler.C:1564 ESMCI::PIO_Handler::isOpen()     pioFileDesc is NULL
20260831 131811.567 INFO             PET3 ESMCI_PIO_Handler.C:1561 ESMCI::PIO_Handler::isOpen() 
20260831 131811.567 INFO             PET3 ESMCI_PIO_Handler.C:1564 ESMCI::PIO_Handler::isOpen()     pioFileDesc is NULL
20260831 131811.567 INFO             PET3 ESMCI_PIO_Handler.C:1279 ESMCI::PIO_Handler::openOneTileF 
20260831 131811.567 INFO             PET3 ESMCI_PIO_Handler.C:1561 ESMCI::PIO_Handler::isOpen() 
20260831 131811.567 INFO             PET3 ESMCI_PIO_Handler.C:1564 ESMCI::PIO_Handler::isOpen()     pioFileDesc is NULL
20260831 131811.567 INFO             PET3 ESMCI_IO_Handler.C:640 ESMCI::IO_Handler::fileExists()     File, "data_ATM_import.nc" exists
20260831 131811.567 INFO             PET3 ESMCI_PIO_Handler.C:1397 ESMCI::PIO_Handler::openOneTileF      calling PIOc_openfile with mode = 1, file = "data_ATM_import.nc"
20260831 131811.567 INFO             PET3 ESMCI_PIO_Handler.C:1403 ESMCI::PIO_Handler::openOneTileF     , called PIOc_openfile on data_ATM_import.nc
20260831 131811.567 INFO             PET3 ESMCI_IO.C:498 ESMCI::IO::write()     open returned 0
20260831 131811.567 INFO             PET3 ESMCI_IO.C:567 ESMCI::IO::write() 
20260831 131811.567 INFO             PET3 ESMCI_IO_Handler.C:449 ESMCI::IO_Handler::arrayWrite() 
20260831 131811.568 INFO             PET3 ESMCI_PIO_Handler.C:818 ESMCI::PIO_Handler::arrayWriteOn 
20260831 131811.568 INFO             PET3 ESMCI_PIO_Handler.C:1561 ESMCI::PIO_Handler::isOpen() 
20260831 131811.568 INFO             PET3 ESMCI_PIO_Handler.C:1567 ESMCI::PIO_Handler::isOpen()     File is open
20260831 131811.568 INFO             PET3 ESMCI_PIO_Handler.C:1718 ESMCI::PIO_Handler::getIODesc() 
20260831 131811.568 INFO             PET3 ESMCI_PIO_Handler.C:1721 ESMCI::PIO_Handler::getIODesc()     calling constructPioDecomp
20260831 131811.568 INFO             PET3 ESMCI_PIO_Handler.C:1974 ESMCI::PIO_IODescHandler::constr 
20260831 131811.568 INFO             PET3 ESMCI_PIO_Handler.C:1996 ESMCI::PIO_IODescHandler::constr     localDeCount = 1
20260831 131811.568 INFO             PET3 ESMCI_PIO_Handler.C:2025 ESMCI::PIO_IODescHandler::constr     pioDofCount = 1000
20260831 131811.568 INFO             PET3 ESMCI_PIO_Handler.C:2144 ESMCI::PIO_IODescHandler::constr     , IODesc shape = [ 010, 100 ], calling pio_initdecomp
20260831 131811.568 INFO             PET3 ESMCI_PIO_Handler.C:2151 ESMCI::PIO_IODescHandler::constr     , IODesc dims = [ 010, 100 ]
20260831 131811.568 INFO             PET3 ESMCI_PIO_Handler.C:2165 ESMCI::PIO_IODescHandler::constr     after call to PIOc_initdecomp_dof
20260831 131811.568 INFO             PET3 ESMCI_PIO_Handler.C:1724 ESMCI::PIO_Handler::getIODesc()     constructPioDecomp call complete, localrc = 0
20260831 131811.568 INFO             PET3 ESMCI_PIO_Handler.C:2280 ESMCI::PIO_IODescHandler::getDim 
20260831 131811.568 INFO             PET3 ESMCI_PIO_Handler.C:2287 ESMCI::PIO_IODescHandler::getDim     getDims: found handler, nioDims = 2, ioDims = 0x600003b1c060, narrDims = 2
20260831 131811.568 INFO             PET3 ESMCI_PIO_Handler.C:1751 ESMCI::PIO_Handler::getIODesc()     getDims complete, calling getIOType
20260831 131811.568 INFO             PET3 ESMCI_PIO_Handler.C:2342 ESMCI::PIO_IODescHandler::getIOT 
20260831 131811.568 INFO             PET3 ESMCI_PIO_Handler.C:862 ESMCI::PIO_Handler::arrayWriteOn     baseAddress = 0x0x15e80c000
20260831 131811.568 INFO             PET3 ESMCI_PIO_Handler.C:872 ESMCI::PIO_Handler::arrayWriteOn     arrlen = 1000
20260831 131811.568 INFO             PET3 ESMCI_PIO_Handler.C:881 ESMCI::PIO_Handler::arrayWriteOn     varname = "sea_surface_temperature"
20260831 131811.568 INFO             PET3 ESMCI_PIO_Handler.C:888 ESMCI::PIO_Handler::arrayWriteOn     Entering NetCDF define mode (redef)
20260831 131811.568 INFO             PET3 ESMCI_PIO_Handler.C:902 ESMCI::PIO_Handler::arrayWriteOn     Calling PIOc_inq
20260831 131811.568 INFO             PET3 ESMCI_PIO_Handler.C:911 ESMCI::PIO_Handler::arrayWriteOn     Looking for variable in file
20260831 131811.568 INFO             PET3 ESMCI_PIO_Handler.C:922 ESMCI::PIO_Handler::arrayWriteOn     Checking time dimension
20260831 131811.568 INFO             PET3 ESMCI_PIO_Handler.C:929 ESMCI::PIO_Handler::arrayWriteOn     inq_dimid  = 0
20260831 131811.568 INFO             PET3 ESMCI_PIO_Handler.C:930 ESMCI::PIO_Handler::arrayWriteOn     hasTimeDim = 1
20260831 131811.568 INFO             PET3 ESMCI_PIO_Handler.C:931 ESMCI::PIO_Handler::arrayWriteOn     unlim = 2
20260831 131811.568 INFO             PET3 ESMCI_PIO_Handler.C:935 ESMCI::PIO_Handler::arrayWriteOn     inq_dimlen = 0
20260831 131811.568 INFO             PET3 ESMCI_PIO_Handler.C:936 ESMCI::PIO_Handler::arrayWriteOn     dimidTime = 2
20260831 131811.568 INFO             PET3 ESMCI_PIO_Handler.C:937 ESMCI::PIO_Handler::arrayWriteOn     timeLen = 3
20260831 131811.568 INFO             PET3 ESMCI_PIO_Handler.C:972 ESMCI::PIO_Handler::arrayWriteOn     ready to check var compat., timeFrame = 3
20260831 131811.568 INFO             PET3 ESMCI_PIO_Handler.C:994 ESMCI::PIO_Handler::arrayWriteOn     Calling pio_cpp_inq_vardimid_vdesc
20260831 131811.568 INFO             PET3 ESMCI_PIO_Handler.C:1010 ESMCI::PIO_Handler::arrayWriteOn     PIOc_inq_dimlen for dim = 0 dimLen=3
20260831 131811.568 INFO             PET3 ESMCI_PIO_Handler.C:1010 ESMCI::PIO_Handler::arrayWriteOn     PIOc_inq_dimlen for dim = 1 dimLen=100
20260831 131811.568 INFO             PET3 ESMCI_PIO_Handler.C:1010 ESMCI::PIO_Handler::arrayWriteOn     PIOc_inq_dimlen for dim = 2 dimLen=10
20260831 131811.568 INFO             PET3 ESMCI_PIO_Handler.C:1129 ESMCI::PIO_Handler::arrayWriteOn     varExists = 1
20260831 131811.568 INFO             PET3 ESMCI_PIO_Handler.C:1145 ESMCI::PIO_Handler::arrayWriteOn     calling setframe, timeFrame = 3
20260831 131811.568 INFO             PET3 ESMCI_PIO_Handler.C:1161 ESMCI::PIO_Handler::arrayWriteOn     varid = 1
20260831 131811.568 INFO             PET3 ESMCI_PIO_Handler.C:1182 ESMCI::PIO_Handler::arrayWriteOn     calling enddef, status = 0x16f0c033c
20260831 131811.568 INFO             PET3 ESMCI_PIO_Handler.C:1191 ESMCI::PIO_Handler::arrayWriteOn     calling write_darray, pio type = 6, address = 0x15e80c000
20260831 131811.568 INFO             PET3 ESMCI_PIO_Handler.C:1208 ESMCI::PIO_Handler::arrayWriteOn     cleanup and return
20260831 131811.568 INFO             PET3 ESMCI_IO.C:514 ESMCI::IO::write()     write returned 0
20260831 131811.568 INFO             PET3 ESMCI_IO.C:956 ESMCI::IO::close() 
20260831 131811.568 INFO             PET3 ESMCI_IO_Handler.C:814 ESMCI::IO_Handler::flush() 
20260831 131811.568 INFO             PET3 ESMCI_PIO_Handler.C:1612 ESMCI::PIO_Handler::flushOneTile 
20260831 131811.568 INFO             PET3 ESMCI_PIO_Handler.C:1561 ESMCI::PIO_Handler::isOpen() 
20260831 131811.568 INFO             PET3 ESMCI_PIO_Handler.C:1567 ESMCI::PIO_Handler::isOpen()     File is open
20260831 131811.568 INFO             PET3 ESMCI_PIO_Handler.C:1615 ESMCI::PIO_Handler::flushOneTile     calling sync
20260831 131811.568 INFO             PET3 ESMCI_IO_Handler.C:854 ESMCI::IO_Handler::close() 
20260831 131811.568 INFO             PET3 ESMCI_PIO_Handler.C:1660 ESMCI::PIO_Handler::closeOneTile 
20260831 131811.568 INFO             PET3 ESMCI_PIO_Handler.C:1561 ESMCI::PIO_Handler::isOpen() 
20260831 131811.568 INFO             PET3 ESMCI_PIO_Handler.C:1567 ESMCI::PIO_Handler::isOpen()     File is open
20260831 131811.568 INFO             PET3 ESMCI_IO.C:523 ESMCI::IO::write()     close returned 0
20260831 131811.568 INFO             PET3 ESMCI_IO.C:200 ESMCI::IO::destroy() 
20260831 131811.568 INFO             PET3 ESMCI_IO.C:73 ESMCI::IO::destruct() 
20260831 131811.568 INFO             PET3 ESMCI_PIO_Handler.C:549 ESMCI::PIO_Handler::destruct() 
20260831 131811.568 INFO             PET3 ESMCI_PIO_Handler.C:551 ESMCI::PIO_Handler::destruct()      (0): closing file
20260831 131811.568 INFO             PET3 ESMCI_IO_Handler.C:854 ESMCI::IO_Handler::close() 
20260831 131811.568 INFO             PET3 ESMCI_PIO_Handler.C:1660 ESMCI::PIO_Handler::closeOneTile 
20260831 131811.568 INFO             PET3 ESMCI_PIO_Handler.C:1561 ESMCI::PIO_Handler::isOpen() 
20260831 131811.568 INFO             PET3 ESMCI_PIO_Handler.C:1564 ESMCI::PIO_Handler::isOpen()     pioFileDesc is NULL
20260831 131811.568 INFO             PET3 ESMCI_IO_Handler.C:281 ESMCI::IO_Handler::destroy() 
20260831 131811.568 INFO             PET3 ESMCI_PIO_Handler.C:357 ESMCI::PIO_Handler::finalize() 
20260831 131811.568 INFO             PET3 ESMCI_PIO_Handler.C:1885 ESMCI::PIO_IODescHandler::~PIO_I     calling PIOc_freedecomp
20260831 131811.568 INFO             PET3 ESMCI_IO_Handler.C:283 ESMCI::IO_Handler::destroy()     after finalize, localrc = 0
20260831 131811.569 INFO             PET3 ESMCI_IO.C:150 ESMCI::IO::create() 
20260831 131811.569 INFO             PET3 ESMCI_IO.C:1049 ESMCI::IO::addArray() 
20260831 131811.569 INFO             PET3 ESMCI_IO.C:490 ESMCI::IO::write() 
20260831 131811.569 INFO             PET3 ESMCI_IO.C:845 ESMCI::IO::open() 
20260831 131811.569 INFO             PET3 ESMCI_PIO_Handler.C:178 ESMCI::PIO_Handler::initialize() 
20260831 131811.569 INFO             PET3 ESMCI_PIO_Handler.C:191 ESMCI::PIO_Handler::initialize()     Before PIOc_Init_Intracomm, num_iotasks = 1
20260831 131811.569 INFO             PET3 ESMCI_PIO_Handler.C:194 ESMCI::PIO_Handler::initialize()     After PIOc_Init_Intracomm, instance = 65536
20260831 131811.569 INFO             PET3 ESMCI_PIO_Handler.C:210 ESMCI::PIO_Handler::initialize()     After PIOc_Set_IOSystem_Error_Handling
20260831 131811.569 INFO             PET3 ESMCI_PIO_Handler.C:213 ESMCI::PIO_Handler::initialize()     push_back
20260831 131811.569 INFO             PET3 ESMCI_PIO_Handler.C:303 ESMCI::PIO_Handler::initializeVM     After initialize, rc = 0
20260831 131811.569 INFO             PET3 ESMCI_PIO_Handler.C:305 ESMCI::PIO_Handler::initializeVM     Looking for active instance, size = 1
20260831 131811.569 INFO             PET3 ESMCI_PIO_Handler.C:307 ESMCI::PIO_Handler::initializeVM     Fetched PIO system descriptor, 0x10000
20260831 131811.569 INFO             PET3 ESMCI_PIO_Handler.C:1561 ESMCI::PIO_Handler::isOpen() 
20260831 131811.569 INFO             PET3 ESMCI_PIO_Handler.C:1564 ESMCI::PIO_Handler::isOpen()     pioFileDesc is NULL
20260831 131811.569 INFO             PET3 ESMCI_PIO_Handler.C:1561 ESMCI::PIO_Handler::isOpen() 
20260831 131811.569 INFO             PET3 ESMCI_PIO_Handler.C:1564 ESMCI::PIO_Handler::isOpen()     pioFileDesc is NULL
20260831 131811.569 INFO             PET3 ESMCI_PIO_Handler.C:1279 ESMCI::PIO_Handler::openOneTileF 
20260831 131811.569 INFO             PET3 ESMCI_PIO_Handler.C:1561 ESMCI::PIO_Handler::isOpen() 
20260831 131811.569 INFO             PET3 ESMCI_PIO_Handler.C:1564 ESMCI::PIO_Handler::isOpen()     pioFileDesc is NULL
20260831 131811.569 INFO             PET3 ESMCI_IO_Handler.C:640 ESMCI::IO_Handler::fileExists()     File, "data_ATM_export.nc" exists
20260831 131811.569 INFO             PET3 ESMCI_PIO_Handler.C:1397 ESMCI::PIO_Handler::openOneTileF      calling PIOc_openfile with mode = 1, file = "data_ATM_export.nc"
20260831 131811.569 INFO             PET3 ESMCI_PIO_Handler.C:1403 ESMCI::PIO_Handler::openOneTileF     , called PIOc_openfile on data_ATM_export.nc
20260831 131811.569 INFO             PET3 ESMCI_IO.C:498 ESMCI::IO::write()     open returned 0
20260831 131811.569 INFO             PET3 ESMCI_IO.C:567 ESMCI::IO::write() 
20260831 131811.569 INFO             PET3 ESMCI_IO_Handler.C:449 ESMCI::IO_Handler::arrayWrite() 
20260831 131811.569 INFO             PET3 ESMCI_PIO_Handler.C:818 ESMCI::PIO_Handler::arrayWriteOn 
20260831 131811.569 INFO             PET3 ESMCI_PIO_Handler.C:1561 ESMCI::PIO_Handler::isOpen() 
20260831 131811.569 INFO             PET3 ESMCI_PIO_Handler.C:1567 ESMCI::PIO_Handler::isOpen()     File is open
20260831 131811.569 INFO             PET3 ESMCI_PIO_Handler.C:1718 ESMCI::PIO_Handler::getIODesc() 
20260831 131811.569 INFO             PET3 ESMCI_PIO_Handler.C:1721 ESMCI::PIO_Handler::getIODesc()     calling constructPioDecomp
20260831 131811.569 INFO             PET3 ESMCI_PIO_Handler.C:1974 ESMCI::PIO_IODescHandler::constr 
20260831 131811.569 INFO             PET3 ESMCI_PIO_Handler.C:1996 ESMCI::PIO_IODescHandler::constr     localDeCount = 1
20260831 131811.569 INFO             PET3 ESMCI_PIO_Handler.C:2025 ESMCI::PIO_IODescHandler::constr     pioDofCount = 1000
20260831 131811.569 INFO             PET3 ESMCI_PIO_Handler.C:2144 ESMCI::PIO_IODescHandler::constr     , IODesc shape = [ 010, 100 ], calling pio_initdecomp
20260831 131811.569 INFO             PET3 ESMCI_PIO_Handler.C:2151 ESMCI::PIO_IODescHandler::constr     , IODesc dims = [ 010, 100 ]
20260831 131811.569 INFO             PET3 ESMCI_PIO_Handler.C:2165 ESMCI::PIO_IODescHandler::constr     after call to PIOc_initdecomp_dof
20260831 131811.569 INFO             PET3 ESMCI_PIO_Handler.C:1724 ESMCI::PIO_Handler::getIODesc()     constructPioDecomp call complete, localrc = 0
20260831 131811.569 INFO             PET3 ESMCI_PIO_Handler.C:2280 ESMCI::PIO_IODescHandler::getDim 
20260831 131811.569 INFO             PET3 ESMCI_PIO_Handler.C:2287 ESMCI::PIO_IODescHandler::getDim     getDims: found handler, nioDims = 2, ioDims = 0x600003b3d3e0, narrDims = 2
20260831 131811.569 INFO             PET3 ESMCI_PIO_Handler.C:1751 ESMCI::PIO_Handler::getIODesc()     getDims complete, calling getIOType
20260831 131811.569 INFO             PET3 ESMCI_PIO_Handler.C:2342 ESMCI::PIO_IODescHandler::getIOT 
20260831 131811.569 INFO             PET3 ESMCI_PIO_Handler.C:862 ESMCI::PIO_Handler::arrayWriteOn     baseAddress = 0x0x15e811e00
20260831 131811.569 INFO             PET3 ESMCI_PIO_Handler.C:872 ESMCI::PIO_Handler::arrayWriteOn     arrlen = 1000
20260831 131811.569 INFO             PET3 ESMCI_PIO_Handler.C:881 ESMCI::PIO_Handler::arrayWriteOn     varname = "air_pressure_at_sea_level"
20260831 131811.569 INFO             PET3 ESMCI_PIO_Handler.C:888 ESMCI::PIO_Handler::arrayWriteOn     Entering NetCDF define mode (redef)
20260831 131811.569 INFO             PET3 ESMCI_PIO_Handler.C:902 ESMCI::PIO_Handler::arrayWriteOn     Calling PIOc_inq
20260831 131811.569 INFO             PET3 ESMCI_PIO_Handler.C:911 ESMCI::PIO_Handler::arrayWriteOn     Looking for variable in file
20260831 131811.569 INFO             PET3 ESMCI_PIO_Handler.C:922 ESMCI::PIO_Handler::arrayWriteOn     Checking time dimension
20260831 131811.569 INFO             PET3 ESMCI_PIO_Handler.C:929 ESMCI::PIO_Handler::arrayWriteOn     inq_dimid  = 0
20260831 131811.569 INFO             PET3 ESMCI_PIO_Handler.C:930 ESMCI::PIO_Handler::arrayWriteOn     hasTimeDim = 1
20260831 131811.569 INFO             PET3 ESMCI_PIO_Handler.C:931 ESMCI::PIO_Handler::arrayWriteOn     unlim = 2
20260831 131811.570 INFO             PET3 ESMCI_PIO_Handler.C:935 ESMCI::PIO_Handler::arrayWriteOn     inq_dimlen = 0
20260831 131811.570 INFO             PET3 ESMCI_PIO_Handler.C:936 ESMCI::PIO_Handler::arrayWriteOn     dimidTime = 2
20260831 131811.570 INFO             PET3 ESMCI_PIO_Handler.C:937 ESMCI::PIO_Handler::arrayWriteOn     timeLen = 2
20260831 131811.570 INFO             PET3 ESMCI_PIO_Handler.C:972 ESMCI::PIO_Handler::arrayWriteOn     ready to check var compat., timeFrame = 3
20260831 131811.570 INFO             PET3 ESMCI_PIO_Handler.C:994 ESMCI::PIO_Handler::arrayWriteOn     Calling pio_cpp_inq_vardimid_vdesc
20260831 131811.570 INFO             PET3 ESMCI_PIO_Handler.C:1010 ESMCI::PIO_Handler::arrayWriteOn     PIOc_inq_dimlen for dim = 0 dimLen=2
20260831 131811.570 INFO             PET3 ESMCI_PIO_Handler.C:1010 ESMCI::PIO_Handler::arrayWriteOn     PIOc_inq_dimlen for dim = 1 dimLen=100
20260831 131811.570 INFO             PET3 ESMCI_PIO_Handler.C:1010 ESMCI::PIO_Handler::arrayWriteOn     PIOc_inq_dimlen for dim = 2 dimLen=10
20260831 131811.570 INFO             PET3 ESMCI_PIO_Handler.C:1129 ESMCI::PIO_Handler::arrayWriteOn     varExists = 1
20260831 131811.570 INFO             PET3 ESMCI_PIO_Handler.C:1145 ESMCI::PIO_Handler::arrayWriteOn     calling setframe, timeFrame = 3
20260831 131811.570 INFO             PET3 ESMCI_PIO_Handler.C:1161 ESMCI::PIO_Handler::arrayWriteOn     varid = 0
20260831 131811.570 INFO             PET3 ESMCI_PIO_Handler.C:1182 ESMCI::PIO_Handler::arrayWriteOn     calling enddef, status = 0x16f0c033c
20260831 131811.570 INFO             PET3 ESMCI_PIO_Handler.C:1191 ESMCI::PIO_Handler::arrayWriteOn     calling write_darray, pio type = 6, address = 0x15e811e00
20260831 131811.570 INFO             PET3 ESMCI_PIO_Handler.C:1208 ESMCI::PIO_Handler::arrayWriteOn     cleanup and return
20260831 131811.570 INFO             PET3 ESMCI_IO.C:514 ESMCI::IO::write()     write returned 0
20260831 131811.570 INFO             PET3 ESMCI_IO.C:956 ESMCI::IO::close() 
20260831 131811.570 INFO             PET3 ESMCI_IO_Handler.C:814 ESMCI::IO_Handler::flush() 
20260831 131811.570 INFO             PET3 ESMCI_PIO_Handler.C:1612 ESMCI::PIO_Handler::flushOneTile 
20260831 131811.570 INFO             PET3 ESMCI_PIO_Handler.C:1561 ESMCI::PIO_Handler::isOpen() 
20260831 131811.570 INFO             PET3 ESMCI_PIO_Handler.C:1567 ESMCI::PIO_Handler::isOpen()     File is open
20260831 131811.570 INFO             PET3 ESMCI_PIO_Handler.C:1615 ESMCI::PIO_Handler::flushOneTile     calling sync
20260831 131811.570 INFO             PET3 ESMCI_IO_Handler.C:854 ESMCI::IO_Handler::close() 
20260831 131811.570 INFO             PET3 ESMCI_PIO_Handler.C:1660 ESMCI::PIO_Handler::closeOneTile 
20260831 131811.570 INFO             PET3 ESMCI_PIO_Handler.C:1561 ESMCI::PIO_Handler::isOpen() 
20260831 131811.570 INFO             PET3 ESMCI_PIO_Handler.C:1567 ESMCI::PIO_Handler::isOpen()     File is open
20260831 131811.570 INFO             PET3 ESMCI_IO.C:523 ESMCI::IO::write()     close returned 0
20260831 131811.570 INFO             PET3 ESMCI_IO.C:200 ESMCI::IO::destroy() 
20260831 131811.570 INFO             PET3 ESMCI_IO.C:73 ESMCI::IO::destruct() 
20260831 131811.570 INFO             PET3 ESMCI_PIO_Handler.C:549 ESMCI::PIO_Handler::destruct() 
20260831 131811.570 INFO             PET3 ESMCI_PIO_Handler.C:551 ESMCI::PIO_Handler::destruct()      (0): closing file
20260831 131811.570 INFO             PET3 ESMCI_IO_Handler.C:854 ESMCI::IO_Handler::close() 
20260831 131811.570 INFO             PET3 ESMCI_PIO_Handler.C:1660 ESMCI::PIO_Handler::closeOneTile 
20260831 131811.570 INFO             PET3 ESMCI_PIO_Handler.C:1561 ESMCI::PIO_Handler::isOpen() 
20260831 131811.570 INFO             PET3 ESMCI_PIO_Handler.C:1564 ESMCI::PIO_Handler::isOpen()     pioFileDesc is NULL
20260831 131811.570 INFO             PET3 ESMCI_IO_Handler.C:281 ESMCI::IO_Handler::destroy() 
20260831 131811.570 INFO             PET3 ESMCI_PIO_Handler.C:357 ESMCI::PIO_Handler::finalize() 
20260831 131811.570 INFO             PET3 ESMCI_PIO_Handler.C:1885 ESMCI::PIO_IODescHandler::~PIO_I     calling PIOc_freedecomp
20260831 131811.570 INFO             PET3 ESMCI_IO_Handler.C:283 ESMCI::IO_Handler::destroy()     after finalize, localrc = 0
20260831 131811.570 INFO             PET3 ESMCI_IO.C:150 ESMCI::IO::create() 
20260831 131811.570 INFO             PET3 ESMCI_IO.C:1049 ESMCI::IO::addArray() 
20260831 131811.570 INFO             PET3 ESMCI_IO.C:490 ESMCI::IO::write() 
20260831 131811.570 INFO             PET3 ESMCI_IO.C:845 ESMCI::IO::open() 
20260831 131811.570 INFO             PET3 ESMCI_PIO_Handler.C:178 ESMCI::PIO_Handler::initialize() 
20260831 131811.570 INFO             PET3 ESMCI_PIO_Handler.C:191 ESMCI::PIO_Handler::initialize()     Before PIOc_Init_Intracomm, num_iotasks = 1
20260831 131811.570 INFO             PET3 ESMCI_PIO_Handler.C:194 ESMCI::PIO_Handler::initialize()     After PIOc_Init_Intracomm, instance = 65536
20260831 131811.570 INFO             PET3 ESMCI_PIO_Handler.C:210 ESMCI::PIO_Handler::initialize()     After PIOc_Set_IOSystem_Error_Handling
20260831 131811.570 INFO             PET3 ESMCI_PIO_Handler.C:213 ESMCI::PIO_Handler::initialize()     push_back
20260831 131811.570 INFO             PET3 ESMCI_PIO_Handler.C:303 ESMCI::PIO_Handler::initializeVM     After initialize, rc = 0
20260831 131811.570 INFO             PET3 ESMCI_PIO_Handler.C:305 ESMCI::PIO_Handler::initializeVM     Looking for active instance, size = 1
20260831 131811.570 INFO             PET3 ESMCI_PIO_Handler.C:307 ESMCI::PIO_Handler::initializeVM     Fetched PIO system descriptor, 0x10000
20260831 131811.570 INFO             PET3 ESMCI_PIO_Handler.C:1561 ESMCI::PIO_Handler::isOpen() 
20260831 131811.570 INFO             PET3 ESMCI_PIO_Handler.C:1564 ESMCI::PIO_Handler::isOpen()     pioFileDesc is NULL
20260831 131811.570 INFO             PET3 ESMCI_PIO_Handler.C:1561 ESMCI::PIO_Handler::isOpen() 
20260831 131811.570 INFO             PET3 ESMCI_PIO_Handler.C:1564 ESMCI::PIO_Handler::isOpen()     pioFileDesc is NULL
20260831 131811.570 INFO             PET3 ESMCI_PIO_Handler.C:1279 ESMCI::PIO_Handler::openOneTileF 
20260831 131811.570 INFO             PET3 ESMCI_PIO_Handler.C:1561 ESMCI::PIO_Handler::isOpen() 
20260831 131811.570 INFO             PET3 ESMCI_PIO_Handler.C:1564 ESMCI::PIO_Handler::isOpen()     pioFileDesc is NULL
20260831 131811.570 INFO             PET3 ESMCI_IO_Handler.C:640 ESMCI::IO_Handler::fileExists()     File, "data_ATM_export.nc" exists
20260831 131811.570 INFO             PET3 ESMCI_PIO_Handler.C:1397 ESMCI::PIO_Handler::openOneTileF      calling PIOc_openfile with mode = 1, file = "data_ATM_export.nc"
20260831 131811.570 INFO             PET3 ESMCI_PIO_Handler.C:1403 ESMCI::PIO_Handler::openOneTileF     , called PIOc_openfile on data_ATM_export.nc
20260831 131811.570 INFO             PET3 ESMCI_IO.C:498 ESMCI::IO::write()     open returned 0
20260831 131811.570 INFO             PET3 ESMCI_IO.C:567 ESMCI::IO::write() 
20260831 131811.570 INFO             PET3 ESMCI_IO_Handler.C:449 ESMCI::IO_Handler::arrayWrite() 
20260831 131811.570 INFO             PET3 ESMCI_PIO_Handler.C:818 ESMCI::PIO_Handler::arrayWriteOn 
20260831 131811.570 INFO             PET3 ESMCI_PIO_Handler.C:1561 ESMCI::PIO_Handler::isOpen() 
20260831 131811.570 INFO             PET3 ESMCI_PIO_Handler.C:1567 ESMCI::PIO_Handler::isOpen()     File is open
20260831 131811.570 INFO             PET3 ESMCI_PIO_Handler.C:1718 ESMCI::PIO_Handler::getIODesc() 
20260831 131811.570 INFO             PET3 ESMCI_PIO_Handler.C:1721 ESMCI::PIO_Handler::getIODesc()     calling constructPioDecomp
20260831 131811.570 INFO             PET3 ESMCI_PIO_Handler.C:1974 ESMCI::PIO_IODescHandler::constr 
20260831 131811.570 INFO             PET3 ESMCI_PIO_Handler.C:1996 ESMCI::PIO_IODescHandler::constr     localDeCount = 1
20260831 131811.570 INFO             PET3 ESMCI_PIO_Handler.C:2025 ESMCI::PIO_IODescHandler::constr     pioDofCount = 1000
20260831 131811.571 INFO             PET3 ESMCI_PIO_Handler.C:2144 ESMCI::PIO_IODescHandler::constr     , IODesc shape = [ 010, 100 ], calling pio_initdecomp
20260831 131811.571 INFO             PET3 ESMCI_PIO_Handler.C:2151 ESMCI::PIO_IODescHandler::constr     , IODesc dims = [ 010, 100 ]
20260831 131811.571 INFO             PET3 ESMCI_PIO_Handler.C:2165 ESMCI::PIO_IODescHandler::constr     after call to PIOc_initdecomp_dof
20260831 131811.571 INFO             PET3 ESMCI_PIO_Handler.C:1724 ESMCI::PIO_Handler::getIODesc()     constructPioDecomp call complete, localrc = 0
20260831 131811.571 INFO             PET3 ESMCI_PIO_Handler.C:2280 ESMCI::PIO_IODescHandler::getDim 
20260831 131811.571 INFO             PET3 ESMCI_PIO_Handler.C:2287 ESMCI::PIO_IODescHandler::getDim     getDims: found handler, nioDims = 2, ioDims = 0x600003b1e5b0, narrDims = 2
20260831 131811.571 INFO             PET3 ESMCI_PIO_Handler.C:1751 ESMCI::PIO_Handler::getIODesc()     getDims complete, calling getIOType
20260831 131811.571 INFO             PET3 ESMCI_PIO_Handler.C:2342 ESMCI::PIO_IODescHandler::getIOT 
20260831 131811.571 INFO             PET3 ESMCI_PIO_Handler.C:862 ESMCI::PIO_Handler::arrayWriteOn     baseAddress = 0x0x15e814a00
20260831 131811.571 INFO             PET3 ESMCI_PIO_Handler.C:872 ESMCI::PIO_Handler::arrayWriteOn     arrlen = 1000
20260831 131811.571 INFO             PET3 ESMCI_PIO_Handler.C:881 ESMCI::PIO_Handler::arrayWriteOn     varname = "precipitation_flux"
20260831 131811.571 INFO             PET3 ESMCI_PIO_Handler.C:888 ESMCI::PIO_Handler::arrayWriteOn     Entering NetCDF define mode (redef)
20260831 131811.571 INFO             PET3 ESMCI_PIO_Handler.C:902 ESMCI::PIO_Handler::arrayWriteOn     Calling PIOc_inq
20260831 131811.571 INFO             PET3 ESMCI_PIO_Handler.C:911 ESMCI::PIO_Handler::arrayWriteOn     Looking for variable in file
20260831 131811.571 INFO             PET3 ESMCI_PIO_Handler.C:922 ESMCI::PIO_Handler::arrayWriteOn     Checking time dimension
20260831 131811.571 INFO             PET3 ESMCI_PIO_Handler.C:929 ESMCI::PIO_Handler::arrayWriteOn     inq_dimid  = 0
20260831 131811.571 INFO             PET3 ESMCI_PIO_Handler.C:930 ESMCI::PIO_Handler::arrayWriteOn     hasTimeDim = 1
20260831 131811.571 INFO             PET3 ESMCI_PIO_Handler.C:931 ESMCI::PIO_Handler::arrayWriteOn     unlim = 2
20260831 131811.571 INFO             PET3 ESMCI_PIO_Handler.C:935 ESMCI::PIO_Handler::arrayWriteOn     inq_dimlen = 0
20260831 131811.571 INFO             PET3 ESMCI_PIO_Handler.C:936 ESMCI::PIO_Handler::arrayWriteOn     dimidTime = 2
20260831 131811.571 INFO             PET3 ESMCI_PIO_Handler.C:937 ESMCI::PIO_Handler::arrayWriteOn     timeLen = 3
20260831 131811.571 INFO             PET3 ESMCI_PIO_Handler.C:972 ESMCI::PIO_Handler::arrayWriteOn     ready to check var compat., timeFrame = 3
20260831 131811.571 INFO             PET3 ESMCI_PIO_Handler.C:994 ESMCI::PIO_Handler::arrayWriteOn     Calling pio_cpp_inq_vardimid_vdesc
20260831 131811.571 INFO             PET3 ESMCI_PIO_Handler.C:1010 ESMCI::PIO_Handler::arrayWriteOn     PIOc_inq_dimlen for dim = 0 dimLen=3
20260831 131811.571 INFO             PET3 ESMCI_PIO_Handler.C:1010 ESMCI::PIO_Handler::arrayWriteOn     PIOc_inq_dimlen for dim = 1 dimLen=100
20260831 131811.571 INFO             PET3 ESMCI_PIO_Handler.C:1010 ESMCI::PIO_Handler::arrayWriteOn     PIOc_inq_dimlen for dim = 2 dimLen=10
20260831 131811.571 INFO             PET3 ESMCI_PIO_Handler.C:1129 ESMCI::PIO_Handler::arrayWriteOn     varExists = 1
20260831 131811.571 INFO             PET3 ESMCI_PIO_Handler.C:1145 ESMCI::PIO_Handler::arrayWriteOn     calling setframe, timeFrame = 3
20260831 131811.571 INFO             PET3 ESMCI_PIO_Handler.C:1161 ESMCI::PIO_Handler::arrayWriteOn     varid = 1
20260831 131811.571 INFO             PET3 ESMCI_PIO_Handler.C:1182 ESMCI::PIO_Handler::arrayWriteOn     calling enddef, status = 0x16f0c033c
20260831 131811.571 INFO             PET3 ESMCI_PIO_Handler.C:1191 ESMCI::PIO_Handler::arrayWriteOn     calling write_darray, pio type = 6, address = 0x15e814a00
20260831 131811.571 INFO             PET3 ESMCI_PIO_Handler.C:1208 ESMCI::PIO_Handler::arrayWriteOn     cleanup and return
20260831 131811.571 INFO             PET3 ESMCI_IO.C:514 ESMCI::IO::write()     write returned 0
20260831 131811.571 INFO             PET3 ESMCI_IO.C:956 ESMCI::IO::close() 
20260831 131811.571 INFO             PET3 ESMCI_IO_Handler.C:814 ESMCI::IO_Handler::flush() 
20260831 131811.571 INFO             PET3 ESMCI_PIO_Handler.C:1612 ESMCI::PIO_Handler::flushOneTile 
20260831 131811.571 INFO             PET3 ESMCI_PIO_Handler.C:1561 ESMCI::PIO_Handler::isOpen() 
20260831 131811.571 INFO             PET3 ESMCI_PIO_Handler.C:1567 ESMCI::PIO_Handler::isOpen()     File is open
20260831 131811.571 INFO             PET3 ESMCI_PIO_Handler.C:1615 ESMCI::PIO_Handler::flushOneTile     calling sync
20260831 131811.571 INFO             PET3 ESMCI_IO_Handler.C:854 ESMCI::IO_Handler::close() 
20260831 131811.571 INFO             PET3 ESMCI_PIO_Handler.C:1660 ESMCI::PIO_Handler::closeOneTile 
20260831 131811.571 INFO             PET3 ESMCI_PIO_Handler.C:1561 ESMCI::PIO_Handler::isOpen() 
20260831 131811.571 INFO             PET3 ESMCI_PIO_Handler.C:1567 ESMCI::PIO_Handler::isOpen()     File is open
20260831 131811.571 INFO             PET3 ESMCI_IO.C:523 ESMCI::IO::write()     close returned 0
20260831 131811.571 INFO             PET3 ESMCI_IO.C:200 ESMCI::IO::destroy() 
20260831 131811.571 INFO             PET3 ESMCI_IO.C:73 ESMCI::IO::destruct() 
20260831 131811.571 INFO             PET3 ESMCI_PIO_Handler.C:549 ESMCI::PIO_Handler::destruct() 
20260831 131811.571 INFO             PET3 ESMCI_PIO_Handler.C:551 ESMCI::PIO_Handler::destruct()      (0): closing file
20260831 131811.571 INFO             PET3 ESMCI_IO_Handler.C:854 ESMCI::IO_Handler::close() 
20260831 131811.571 INFO             PET3 ESMCI_PIO_Handler.C:1660 ESMCI::PIO_Handler::closeOneTile 
20260831 131811.571 INFO             PET3 ESMCI_PIO_Handler.C:1561 ESMCI::PIO_Handler::isOpen() 
20260831 131811.571 INFO             PET3 ESMCI_PIO_Handler.C:1564 ESMCI::PIO_Handler::isOpen()     pioFileDesc is NULL
20260831 131811.571 INFO             PET3 ESMCI_IO_Handler.C:281 ESMCI::IO_Handler::destroy() 
20260831 131811.571 INFO             PET3 ESMCI_PIO_Handler.C:357 ESMCI::PIO_Handler::finalize() 
20260831 131811.571 INFO             PET3 ESMCI_PIO_Handler.C:1885 ESMCI::PIO_IODescHandler::~PIO_I     calling PIOc_freedecomp
20260831 131811.571 INFO             PET3 ESMCI_IO_Handler.C:283 ESMCI::IO_Handler::destroy()     after finalize, localrc = 0
20260831 131811.571 INFO             PET3 ESMCI_IO.C:150 ESMCI::IO::create() 
20260831 131811.571 INFO             PET3 ESMCI_IO.C:1049 ESMCI::IO::addArray() 
20260831 131811.571 INFO             PET3 ESMCI_IO.C:490 ESMCI::IO::write() 
20260831 131811.571 INFO             PET3 ESMCI_IO.C:845 ESMCI::IO::open() 
20260831 131811.571 INFO             PET3 ESMCI_PIO_Handler.C:178 ESMCI::PIO_Handler::initialize() 
20260831 131811.571 INFO             PET3 ESMCI_PIO_Handler.C:191 ESMCI::PIO_Handler::initialize()     Before PIOc_Init_Intracomm, num_iotasks = 1
20260831 131811.571 INFO             PET3 ESMCI_PIO_Handler.C:194 ESMCI::PIO_Handler::initialize()     After PIOc_Init_Intracomm, instance = 65536
20260831 131811.571 INFO             PET3 ESMCI_PIO_Handler.C:210 ESMCI::PIO_Handler::initialize()     After PIOc_Set_IOSystem_Error_Handling
20260831 131811.571 INFO             PET3 ESMCI_PIO_Handler.C:213 ESMCI::PIO_Handler::initialize()     push_back
20260831 131811.571 INFO             PET3 ESMCI_PIO_Handler.C:303 ESMCI::PIO_Handler::initializeVM     After initialize, rc = 0
20260831 131811.571 INFO             PET3 ESMCI_PIO_Handler.C:305 ESMCI::PIO_Handler::initializeVM     Looking for active instance, size = 1
20260831 131811.571 INFO             PET3 ESMCI_PIO_Handler.C:307 ESMCI::PIO_Handler::initializeVM     Fetched PIO system descriptor, 0x10000
20260831 131811.571 INFO             PET3 ESMCI_PIO_Handler.C:1561 ESMCI::PIO_Handler::isOpen() 
20260831 131811.571 INFO             PET3 ESMCI_PIO_Handler.C:1564 ESMCI::PIO_Handler::isOpen()     pioFileDesc is NULL
20260831 131811.571 INFO             PET3 ESMCI_PIO_Handler.C:1561 ESMCI::PIO_Handler::isOpen() 
20260831 131811.571 INFO             PET3 ESMCI_PIO_Handler.C:1564 ESMCI::PIO_Handler::isOpen()     pioFileDesc is NULL
20260831 131811.571 INFO             PET3 ESMCI_PIO_Handler.C:1279 ESMCI::PIO_Handler::openOneTileF 
20260831 131811.571 INFO             PET3 ESMCI_PIO_Handler.C:1561 ESMCI::PIO_Handler::isOpen() 
20260831 131811.571 INFO             PET3 ESMCI_PIO_Handler.C:1564 ESMCI::PIO_Handler::isOpen()     pioFileDesc is NULL
20260831 131811.571 INFO             PET3 ESMCI_IO_Handler.C:640 ESMCI::IO_Handler::fileExists()     File, "data_ATM_export.nc" exists
20260831 131811.571 INFO             PET3 ESMCI_PIO_Handler.C:1397 ESMCI::PIO_Handler::openOneTileF      calling PIOc_openfile with mode = 1, file = "data_ATM_export.nc"
20260831 131811.571 INFO             PET3 ESMCI_PIO_Handler.C:1403 ESMCI::PIO_Handler::openOneTileF     , called PIOc_openfile on data_ATM_export.nc
20260831 131811.571 INFO             PET3 ESMCI_IO.C:498 ESMCI::IO::write()     open returned 0
20260831 131811.571 INFO             PET3 ESMCI_IO.C:567 ESMCI::IO::write() 
20260831 131811.571 INFO             PET3 ESMCI_IO_Handler.C:449 ESMCI::IO_Handler::arrayWrite() 
20260831 131811.571 INFO             PET3 ESMCI_PIO_Handler.C:818 ESMCI::PIO_Handler::arrayWriteOn 
20260831 131811.571 INFO             PET3 ESMCI_PIO_Handler.C:1561 ESMCI::PIO_Handler::isOpen() 
20260831 131811.571 INFO             PET3 ESMCI_PIO_Handler.C:1567 ESMCI::PIO_Handler::isOpen()     File is open
20260831 131811.571 INFO             PET3 ESMCI_PIO_Handler.C:1718 ESMCI::PIO_Handler::getIODesc() 
20260831 131811.572 INFO             PET3 ESMCI_PIO_Handler.C:1721 ESMCI::PIO_Handler::getIODesc()     calling constructPioDecomp
20260831 131811.572 INFO             PET3 ESMCI_PIO_Handler.C:1974 ESMCI::PIO_IODescHandler::constr 
20260831 131811.572 INFO             PET3 ESMCI_PIO_Handler.C:1996 ESMCI::PIO_IODescHandler::constr     localDeCount = 1
20260831 131811.572 INFO             PET3 ESMCI_PIO_Handler.C:2025 ESMCI::PIO_IODescHandler::constr     pioDofCount = 1000
20260831 131811.572 INFO             PET3 ESMCI_PIO_Handler.C:2144 ESMCI::PIO_IODescHandler::constr     , IODesc shape = [ 010, 100 ], calling pio_initdecomp
20260831 131811.572 INFO             PET3 ESMCI_PIO_Handler.C:2151 ESMCI::PIO_IODescHandler::constr     , IODesc dims = [ 010, 100 ]
20260831 131811.572 INFO             PET3 ESMCI_PIO_Handler.C:2165 ESMCI::PIO_IODescHandler::constr     after call to PIOc_initdecomp_dof
20260831 131811.572 INFO             PET3 ESMCI_PIO_Handler.C:1724 ESMCI::PIO_Handler::getIODesc()     constructPioDecomp call complete, localrc = 0
20260831 131811.572 INFO             PET3 ESMCI_PIO_Handler.C:2280 ESMCI::PIO_IODescHandler::getDim 
20260831 131811.572 INFO             PET3 ESMCI_PIO_Handler.C:2287 ESMCI::PIO_IODescHandler::getDim     getDims: found handler, nioDims = 2, ioDims = 0x600003b3d630, narrDims = 2
20260831 131811.572 INFO             PET3 ESMCI_PIO_Handler.C:1751 ESMCI::PIO_Handler::getIODesc()     getDims complete, calling getIOType
20260831 131811.572 INFO             PET3 ESMCI_PIO_Handler.C:2342 ESMCI::PIO_IODescHandler::getIOT 
20260831 131811.572 INFO             PET3 ESMCI_PIO_Handler.C:862 ESMCI::PIO_Handler::arrayWriteOn     baseAddress = 0x0x15e817600
20260831 131811.572 INFO             PET3 ESMCI_PIO_Handler.C:872 ESMCI::PIO_Handler::arrayWriteOn     arrlen = 1000
20260831 131811.572 INFO             PET3 ESMCI_PIO_Handler.C:881 ESMCI::PIO_Handler::arrayWriteOn     varname = "surface_net_downward_shortwave_flux"
20260831 131811.572 INFO             PET3 ESMCI_PIO_Handler.C:888 ESMCI::PIO_Handler::arrayWriteOn     Entering NetCDF define mode (redef)
20260831 131811.572 INFO             PET3 ESMCI_PIO_Handler.C:902 ESMCI::PIO_Handler::arrayWriteOn     Calling PIOc_inq
20260831 131811.572 INFO             PET3 ESMCI_PIO_Handler.C:911 ESMCI::PIO_Handler::arrayWriteOn     Looking for variable in file
20260831 131811.572 INFO             PET3 ESMCI_PIO_Handler.C:922 ESMCI::PIO_Handler::arrayWriteOn     Checking time dimension
20260831 131811.572 INFO             PET3 ESMCI_PIO_Handler.C:929 ESMCI::PIO_Handler::arrayWriteOn     inq_dimid  = 0
20260831 131811.572 INFO             PET3 ESMCI_PIO_Handler.C:930 ESMCI::PIO_Handler::arrayWriteOn     hasTimeDim = 1
20260831 131811.572 INFO             PET3 ESMCI_PIO_Handler.C:931 ESMCI::PIO_Handler::arrayWriteOn     unlim = 2
20260831 131811.572 INFO             PET3 ESMCI_PIO_Handler.C:935 ESMCI::PIO_Handler::arrayWriteOn     inq_dimlen = 0
20260831 131811.572 INFO             PET3 ESMCI_PIO_Handler.C:936 ESMCI::PIO_Handler::arrayWriteOn     dimidTime = 2
20260831 131811.572 INFO             PET3 ESMCI_PIO_Handler.C:937 ESMCI::PIO_Handler::arrayWriteOn     timeLen = 3
20260831 131811.572 INFO             PET3 ESMCI_PIO_Handler.C:972 ESMCI::PIO_Handler::arrayWriteOn     ready to check var compat., timeFrame = 3
20260831 131811.572 INFO             PET3 ESMCI_PIO_Handler.C:994 ESMCI::PIO_Handler::arrayWriteOn     Calling pio_cpp_inq_vardimid_vdesc
20260831 131811.572 INFO             PET3 ESMCI_PIO_Handler.C:1010 ESMCI::PIO_Handler::arrayWriteOn     PIOc_inq_dimlen for dim = 0 dimLen=3
20260831 131811.572 INFO             PET3 ESMCI_PIO_Handler.C:1010 ESMCI::PIO_Handler::arrayWriteOn     PIOc_inq_dimlen for dim = 1 dimLen=100
20260831 131811.572 INFO             PET3 ESMCI_PIO_Handler.C:1010 ESMCI::PIO_Handler::arrayWriteOn     PIOc_inq_dimlen for dim = 2 dimLen=10
20260831 131811.572 INFO             PET3 ESMCI_PIO_Handler.C:1129 ESMCI::PIO_Handler::arrayWriteOn     varExists = 1
20260831 131811.572 INFO             PET3 ESMCI_PIO_Handler.C:1145 ESMCI::PIO_Handler::arrayWriteOn     calling setframe, timeFrame = 3
20260831 131811.572 INFO             PET3 ESMCI_PIO_Handler.C:1161 ESMCI::PIO_Handler::arrayWriteOn     varid = 2
20260831 131811.572 INFO             PET3 ESMCI_PIO_Handler.C:1182 ESMCI::PIO_Handler::arrayWriteOn     calling enddef, status = 0x16f0c033c
20260831 131811.572 INFO             PET3 ESMCI_PIO_Handler.C:1191 ESMCI::PIO_Handler::arrayWriteOn     calling write_darray, pio type = 6, address = 0x15e817600
20260831 131811.572 INFO             PET3 ESMCI_PIO_Handler.C:1208 ESMCI::PIO_Handler::arrayWriteOn     cleanup and return
20260831 131811.572 INFO             PET3 ESMCI_IO.C:514 ESMCI::IO::write()     write returned 0
20260831 131811.572 INFO             PET3 ESMCI_IO.C:956 ESMCI::IO::close() 
20260831 131811.572 INFO             PET3 ESMCI_IO_Handler.C:814 ESMCI::IO_Handler::flush() 
20260831 131811.572 INFO             PET3 ESMCI_PIO_Handler.C:1612 ESMCI::PIO_Handler::flushOneTile 
20260831 131811.572 INFO             PET3 ESMCI_PIO_Handler.C:1561 ESMCI::PIO_Handler::isOpen() 
20260831 131811.572 INFO             PET3 ESMCI_PIO_Handler.C:1567 ESMCI::PIO_Handler::isOpen()     File is open
20260831 131811.572 INFO             PET3 ESMCI_PIO_Handler.C:1615 ESMCI::PIO_Handler::flushOneTile     calling sync
20260831 131811.572 INFO             PET3 ESMCI_IO_Handler.C:854 ESMCI::IO_Handler::close() 
20260831 131811.572 INFO             PET3 ESMCI_PIO_Handler.C:1660 ESMCI::PIO_Handler::closeOneTile 
20260831 131811.572 INFO             PET3 ESMCI_PIO_Handler.C:1561 ESMCI::PIO_Handler::isOpen() 
20260831 131811.572 INFO             PET3 ESMCI_PIO_Handler.C:1567 ESMCI::PIO_Handler::isOpen()     File is open
20260831 131811.572 INFO             PET3 ESMCI_IO.C:523 ESMCI::IO::write()     close returned 0
20260831 131811.572 INFO             PET3 ESMCI_IO.C:200 ESMCI::IO::destroy() 
20260831 131811.572 INFO             PET3 ESMCI_IO.C:73 ESMCI::IO::destruct() 
20260831 131811.572 INFO             PET3 ESMCI_PIO_Handler.C:549 ESMCI::PIO_Handler::destruct() 
20260831 131811.572 INFO             PET3 ESMCI_PIO_Handler.C:551 ESMCI::PIO_Handler::destruct()      (0): closing file
20260831 131811.572 INFO             PET3 ESMCI_IO_Handler.C:854 ESMCI::IO_Handler::close() 
20260831 131811.572 INFO             PET3 ESMCI_PIO_Handler.C:1660 ESMCI::PIO_Handler::closeOneTile 
20260831 131811.572 INFO             PET3 ESMCI_PIO_Handler.C:1561 ESMCI::PIO_Handler::isOpen() 
20260831 131811.572 INFO             PET3 ESMCI_PIO_Handler.C:1564 ESMCI::PIO_Handler::isOpen()     pioFileDesc is NULL
20260831 131811.572 INFO             PET3 ESMCI_IO_Handler.C:281 ESMCI::IO_Handler::destroy() 
20260831 131811.572 INFO             PET3 ESMCI_PIO_Handler.C:357 ESMCI::PIO_Handler::finalize() 
20260831 131811.572 INFO             PET3 ESMCI_PIO_Handler.C:1885 ESMCI::PIO_IODescHandler::~PIO_I     calling PIOc_freedecomp
20260831 131811.572 INFO             PET3 ESMCI_IO_Handler.C:283 ESMCI::IO_Handler::destroy()     after finalize, localrc = 0
20260831 131811.572 INFO             PET3     <<<ATM: leaving Run (phase=RunPhase1) with current time: 2012 10 24 18 30  0   0
20260831 131811.572 INFO             PET3   ATM: Run extro.
20260831 131811.572 INFO             PET3   OCN: Run intro.
20260831 131811.573 INFO             PET3     >>>OCN: entered Run (phase=RunPhase1) with current time: 2012 10 24 18 15  0   0
20260831 131811.573 INFO             PET3     LUMO Advance(): --- VMK::log() start -------------------------------------
20260831 131811.573 INFO             PET3     LUMO Advance(): vm located at: 0x15e00adf0
20260831 131811.573 INFO             PET3     LUMO Advance(): mpionly=1 threadsflag=0
20260831 131811.573 INFO             PET3     LUMO Advance(): ssiCount=1 localSsi=0
20260831 131811.573 INFO             PET3     LUMO Advance(): devCount=0 ssiLocalDevCount=0
20260831 131811.573 INFO             PET3     LUMO Advance(): petCount=3 ssiLocalPetCount=3
20260831 131811.573 INFO             PET3     LUMO Advance(): localPet=2 mypthid=0x1f12850c0 ssiLocalPet=2 currentSsiPe=-1
20260831 131811.573 INFO             PET3     LUMO Advance(): ESMF level logical PET->PE association (but consider system level affinity pinning!):
20260831 131811.573 INFO             PET3     LUMO Advance(): PET=0 lpid=0 tid=0 pid=0 peCount=1 accCount=0
20260831 131811.573 INFO             PET3     LUMO Advance():  PE=0 SSI=0 SSIPE=0
20260831 131811.573 INFO             PET3     LUMO Advance(): PET=1 lpid=1 tid=0 pid=1 peCount=1 accCount=0
20260831 131811.573 INFO             PET3     LUMO Advance():  PE=1 SSI=0 SSIPE=1
20260831 131811.573 INFO             PET3     LUMO Advance(): PET=2 lpid=2 tid=0 pid=3 peCount=1 accCount=0
20260831 131811.573 INFO             PET3     LUMO Advance():  PE=3 SSI=0 SSIPE=3
20260831 131811.573 INFO             PET3     LUMO Advance(): --- VMK::log() end ---------------------------------------
20260831 131811.573 INFO             PET3     LUMO: localPet=   2   thread_num=   0   currentSsiPe=  -1   num_threads=   1   max_threads=   1   num_procs=  10
20260831 131811.573 INFO             PET3     ------>Advancing LUMO from: 2012 10 24 18 15  0   0
20260831 131811.573 INFO             PET3     ---------------------> to: 2012 10 24 18 20  0   0
20260831 131811.573 INFO             PET3     LUMO Advance(): --- VMK::log() start -------------------------------------
20260831 131811.573 INFO             PET3     LUMO Advance(): vm located at: 0x15e00adf0
20260831 131811.573 INFO             PET3     LUMO Advance(): mpionly=1 threadsflag=0
20260831 131811.573 INFO             PET3     LUMO Advance(): ssiCount=1 localSsi=0
20260831 131811.573 INFO             PET3     LUMO Advance(): devCount=0 ssiLocalDevCount=0
20260831 131811.573 INFO             PET3     LUMO Advance(): petCount=3 ssiLocalPetCount=3
20260831 131811.573 INFO             PET3     LUMO Advance(): localPet=2 mypthid=0x1f12850c0 ssiLocalPet=2 currentSsiPe=-1
20260831 131811.573 INFO             PET3     LUMO Advance(): ESMF level logical PET->PE association (but consider system level affinity pinning!):
20260831 131811.573 INFO             PET3     LUMO Advance(): PET=0 lpid=0 tid=0 pid=0 peCount=1 accCount=0
20260831 131811.573 INFO             PET3     LUMO Advance():  PE=0 SSI=0 SSIPE=0
20260831 131811.573 INFO             PET3     LUMO Advance(): PET=1 lpid=1 tid=0 pid=1 peCount=1 accCount=0
20260831 131811.573 INFO             PET3     LUMO Advance():  PE=1 SSI=0 SSIPE=1
20260831 131811.573 INFO             PET3     LUMO Advance(): PET=2 lpid=2 tid=0 pid=3 peCount=1 accCount=0
20260831 131811.573 INFO             PET3     LUMO Advance():  PE=3 SSI=0 SSIPE=3
20260831 131811.573 INFO             PET3     LUMO Advance(): --- VMK::log() end ---------------------------------------
20260831 131811.573 INFO             PET3     LUMO: localPet=   2   thread_num=   0   currentSsiPe=  -1   num_threads=   1   max_threads=   1   num_procs=  10
20260831 131811.573 INFO             PET3     ------>Advancing LUMO from: 2012 10 24 18 20  0   0
20260831 131811.573 INFO             PET3     ---------------------> to: 2012 10 24 18 25  0   0
20260831 131811.573 INFO             PET3     LUMO Advance(): --- VMK::log() start -------------------------------------
20260831 131811.573 INFO             PET3     LUMO Advance(): vm located at: 0x15e00adf0
20260831 131811.573 INFO             PET3     LUMO Advance(): mpionly=1 threadsflag=0
20260831 131811.573 INFO             PET3     LUMO Advance(): ssiCount=1 localSsi=0
20260831 131811.573 INFO             PET3     LUMO Advance(): devCount=0 ssiLocalDevCount=0
20260831 131811.573 INFO             PET3     LUMO Advance(): petCount=3 ssiLocalPetCount=3
20260831 131811.573 INFO             PET3     LUMO Advance(): localPet=2 mypthid=0x1f12850c0 ssiLocalPet=2 currentSsiPe=-1
20260831 131811.573 INFO             PET3     LUMO Advance(): ESMF level logical PET->PE association (but consider system level affinity pinning!):
20260831 131811.573 INFO             PET3     LUMO Advance(): PET=0 lpid=0 tid=0 pid=0 peCount=1 accCount=0
20260831 131811.573 INFO             PET3     LUMO Advance():  PE=0 SSI=0 SSIPE=0
20260831 131811.573 INFO             PET3     LUMO Advance(): PET=1 lpid=1 tid=0 pid=1 peCount=1 accCount=0
20260831 131811.573 INFO             PET3     LUMO Advance():  PE=1 SSI=0 SSIPE=1
20260831 131811.573 INFO             PET3     LUMO Advance(): PET=2 lpid=2 tid=0 pid=3 peCount=1 accCount=0
20260831 131811.573 INFO             PET3     LUMO Advance():  PE=3 SSI=0 SSIPE=3
20260831 131811.573 INFO             PET3     LUMO Advance(): --- VMK::log() end ---------------------------------------
20260831 131811.573 INFO             PET3     LUMO: localPet=   2   thread_num=   0   currentSsiPe=  -1   num_threads=   1   max_threads=   1   num_procs=  10
20260831 131811.573 INFO             PET3     ------>Advancing LUMO from: 2012 10 24 18 25  0   0
20260831 131811.574 INFO             PET3     ---------------------> to: 2012 10 24 18 30  0   0
20260831 131811.574 INFO             PET3     <<<OCN: leaving Run (phase=RunPhase1) with current time: 2012 10 24 18 30  0   0
20260831 131811.574 INFO             PET3   OCN: Run extro.
20260831 131811.574 INFO             PET3   ATM-TO-OCN: Run intro.
20260831 131811.574 INFO             PET3     >>>ATM-TO-OCN entered Run (phase=RunPhase1)
20260831 131811.574 INFO             PET3     <<<ATM-TO-OCN leaving Run (phase=RunPhase1)
20260831 131811.574 INFO             PET3   ATM-TO-OCN: Run extro.
20260831 131811.574 INFO             PET3   OCN-TO-ATM: Run intro.
20260831 131811.574 INFO             PET3     >>>OCN-TO-ATM entered Run (phase=RunPhase1)
20260831 131811.574 INFO             PET3     <<<OCN-TO-ATM leaving Run (phase=RunPhase1)
20260831 131811.574 INFO             PET3   OCN-TO-ATM: Run extro.
20260831 131811.574 INFO             PET3   ATM: Run intro.
20260831 131811.574 INFO             PET3     >>>ATM: entered Run (phase=RunPhase1) with current time: 2012 10 24 18 30  0   0
20260831 131811.574 INFO             PET3 ESMCI_IO.C:150 ESMCI::IO::create() 
20260831 131811.574 INFO             PET3 ESMCI_IO.C:1049 ESMCI::IO::addArray() 
20260831 131811.574 INFO             PET3 ESMCI_IO.C:490 ESMCI::IO::write() 
20260831 131811.574 INFO             PET3 ESMCI_IO.C:845 ESMCI::IO::open() 
20260831 131811.575 INFO             PET3 ESMCI_PIO_Handler.C:178 ESMCI::PIO_Handler::initialize() 
20260831 131811.575 INFO             PET3 ESMCI_PIO_Handler.C:191 ESMCI::PIO_Handler::initialize()     Before PIOc_Init_Intracomm, num_iotasks = 1
20260831 131811.575 INFO             PET3 ESMCI_PIO_Handler.C:194 ESMCI::PIO_Handler::initialize()     After PIOc_Init_Intracomm, instance = 65536
20260831 131811.575 INFO             PET3 ESMCI_PIO_Handler.C:210 ESMCI::PIO_Handler::initialize()     After PIOc_Set_IOSystem_Error_Handling
20260831 131811.575 INFO             PET3 ESMCI_PIO_Handler.C:213 ESMCI::PIO_Handler::initialize()     push_back
20260831 131811.575 INFO             PET3 ESMCI_PIO_Handler.C:303 ESMCI::PIO_Handler::initializeVM     After initialize, rc = 0
20260831 131811.575 INFO             PET3 ESMCI_PIO_Handler.C:305 ESMCI::PIO_Handler::initializeVM     Looking for active instance, size = 1
20260831 131811.575 INFO             PET3 ESMCI_PIO_Handler.C:307 ESMCI::PIO_Handler::initializeVM     Fetched PIO system descriptor, 0x10000
20260831 131811.575 INFO             PET3 ESMCI_PIO_Handler.C:1561 ESMCI::PIO_Handler::isOpen() 
20260831 131811.575 INFO             PET3 ESMCI_PIO_Handler.C:1564 ESMCI::PIO_Handler::isOpen()     pioFileDesc is NULL
20260831 131811.575 INFO             PET3 ESMCI_PIO_Handler.C:1561 ESMCI::PIO_Handler::isOpen() 
20260831 131811.575 INFO             PET3 ESMCI_PIO_Handler.C:1564 ESMCI::PIO_Handler::isOpen()     pioFileDesc is NULL
20260831 131811.575 INFO             PET3 ESMCI_PIO_Handler.C:1279 ESMCI::PIO_Handler::openOneTileF 
20260831 131811.575 INFO             PET3 ESMCI_PIO_Handler.C:1561 ESMCI::PIO_Handler::isOpen() 
20260831 131811.575 INFO             PET3 ESMCI_PIO_Handler.C:1564 ESMCI::PIO_Handler::isOpen()     pioFileDesc is NULL
20260831 131811.575 INFO             PET3 ESMCI_IO_Handler.C:640 ESMCI::IO_Handler::fileExists()     File, "data_ATM_import.nc" exists
20260831 131811.575 INFO             PET3 ESMCI_PIO_Handler.C:1397 ESMCI::PIO_Handler::openOneTileF      calling PIOc_openfile with mode = 1, file = "data_ATM_import.nc"
20260831 131811.575 INFO             PET3 ESMCI_PIO_Handler.C:1403 ESMCI::PIO_Handler::openOneTileF     , called PIOc_openfile on data_ATM_import.nc
20260831 131811.575 INFO             PET3 ESMCI_IO.C:498 ESMCI::IO::write()     open returned 0
20260831 131811.575 INFO             PET3 ESMCI_IO.C:567 ESMCI::IO::write() 
20260831 131811.575 INFO             PET3 ESMCI_IO_Handler.C:449 ESMCI::IO_Handler::arrayWrite() 
20260831 131811.575 INFO             PET3 ESMCI_PIO_Handler.C:818 ESMCI::PIO_Handler::arrayWriteOn 
20260831 131811.575 INFO             PET3 ESMCI_PIO_Handler.C:1561 ESMCI::PIO_Handler::isOpen() 
20260831 131811.575 INFO             PET3 ESMCI_PIO_Handler.C:1567 ESMCI::PIO_Handler::isOpen()     File is open
20260831 131811.575 INFO             PET3 ESMCI_PIO_Handler.C:1718 ESMCI::PIO_Handler::getIODesc() 
20260831 131811.575 INFO             PET3 ESMCI_PIO_Handler.C:1721 ESMCI::PIO_Handler::getIODesc()     calling constructPioDecomp
20260831 131811.575 INFO             PET3 ESMCI_PIO_Handler.C:1974 ESMCI::PIO_IODescHandler::constr 
20260831 131811.575 INFO             PET3 ESMCI_PIO_Handler.C:1996 ESMCI::PIO_IODescHandler::constr     localDeCount = 1
20260831 131811.575 INFO             PET3 ESMCI_PIO_Handler.C:2025 ESMCI::PIO_IODescHandler::constr     pioDofCount = 1000
20260831 131811.575 INFO             PET3 ESMCI_PIO_Handler.C:2144 ESMCI::PIO_IODescHandler::constr     , IODesc shape = [ 010, 100 ], calling pio_initdecomp
20260831 131811.575 INFO             PET3 ESMCI_PIO_Handler.C:2151 ESMCI::PIO_IODescHandler::constr     , IODesc dims = [ 010, 100 ]
20260831 131811.575 INFO             PET3 ESMCI_PIO_Handler.C:2165 ESMCI::PIO_IODescHandler::constr     after call to PIOc_initdecomp_dof
20260831 131811.575 INFO             PET3 ESMCI_PIO_Handler.C:1724 ESMCI::PIO_Handler::getIODesc()     constructPioDecomp call complete, localrc = 0
20260831 131811.575 INFO             PET3 ESMCI_PIO_Handler.C:2280 ESMCI::PIO_IODescHandler::getDim 
20260831 131811.575 INFO             PET3 ESMCI_PIO_Handler.C:2287 ESMCI::PIO_IODescHandler::getDim     getDims: found handler, nioDims = 2, ioDims = 0x600003b1fcc0, narrDims = 2
20260831 131811.575 INFO             PET3 ESMCI_PIO_Handler.C:1751 ESMCI::PIO_Handler::getIODesc()     getDims complete, calling getIOType
20260831 131811.575 INFO             PET3 ESMCI_PIO_Handler.C:2342 ESMCI::PIO_IODescHandler::getIOT 
20260831 131811.575 INFO             PET3 ESMCI_PIO_Handler.C:862 ESMCI::PIO_Handler::arrayWriteOn     baseAddress = 0x0x15e80ec00
20260831 131811.575 INFO             PET3 ESMCI_PIO_Handler.C:872 ESMCI::PIO_Handler::arrayWriteOn     arrlen = 1000
20260831 131811.575 INFO             PET3 ESMCI_PIO_Handler.C:881 ESMCI::PIO_Handler::arrayWriteOn     varname = "sea_surface_salinity"
20260831 131811.575 INFO             PET3 ESMCI_PIO_Handler.C:888 ESMCI::PIO_Handler::arrayWriteOn     Entering NetCDF define mode (redef)
20260831 131811.575 INFO             PET3 ESMCI_PIO_Handler.C:902 ESMCI::PIO_Handler::arrayWriteOn     Calling PIOc_inq
20260831 131811.575 INFO             PET3 ESMCI_PIO_Handler.C:911 ESMCI::PIO_Handler::arrayWriteOn     Looking for variable in file
20260831 131811.575 INFO             PET3 ESMCI_PIO_Handler.C:922 ESMCI::PIO_Handler::arrayWriteOn     Checking time dimension
20260831 131811.575 INFO             PET3 ESMCI_PIO_Handler.C:929 ESMCI::PIO_Handler::arrayWriteOn     inq_dimid  = 0
20260831 131811.575 INFO             PET3 ESMCI_PIO_Handler.C:930 ESMCI::PIO_Handler::arrayWriteOn     hasTimeDim = 1
20260831 131811.575 INFO             PET3 ESMCI_PIO_Handler.C:931 ESMCI::PIO_Handler::arrayWriteOn     unlim = 2
20260831 131811.575 INFO             PET3 ESMCI_PIO_Handler.C:935 ESMCI::PIO_Handler::arrayWriteOn     inq_dimlen = 0
20260831 131811.575 INFO             PET3 ESMCI_PIO_Handler.C:936 ESMCI::PIO_Handler::arrayWriteOn     dimidTime = 2
20260831 131811.575 INFO             PET3 ESMCI_PIO_Handler.C:937 ESMCI::PIO_Handler::arrayWriteOn     timeLen = 3
20260831 131811.575 INFO             PET3 ESMCI_PIO_Handler.C:972 ESMCI::PIO_Handler::arrayWriteOn     ready to check var compat., timeFrame = 4
20260831 131811.575 INFO             PET3 ESMCI_PIO_Handler.C:994 ESMCI::PIO_Handler::arrayWriteOn     Calling pio_cpp_inq_vardimid_vdesc
20260831 131811.575 INFO             PET3 ESMCI_PIO_Handler.C:1010 ESMCI::PIO_Handler::arrayWriteOn     PIOc_inq_dimlen for dim = 0 dimLen=3
20260831 131811.575 INFO             PET3 ESMCI_PIO_Handler.C:1010 ESMCI::PIO_Handler::arrayWriteOn     PIOc_inq_dimlen for dim = 1 dimLen=100
20260831 131811.575 INFO             PET3 ESMCI_PIO_Handler.C:1010 ESMCI::PIO_Handler::arrayWriteOn     PIOc_inq_dimlen for dim = 2 dimLen=10
20260831 131811.575 INFO             PET3 ESMCI_PIO_Handler.C:1129 ESMCI::PIO_Handler::arrayWriteOn     varExists = 1
20260831 131811.575 INFO             PET3 ESMCI_PIO_Handler.C:1145 ESMCI::PIO_Handler::arrayWriteOn     calling setframe, timeFrame = 4
20260831 131811.575 INFO             PET3 ESMCI_PIO_Handler.C:1161 ESMCI::PIO_Handler::arrayWriteOn     varid = 0
20260831 131811.575 INFO             PET3 ESMCI_PIO_Handler.C:1182 ESMCI::PIO_Handler::arrayWriteOn     calling enddef, status = 0x16f0c033c
20260831 131811.575 INFO             PET3 ESMCI_PIO_Handler.C:1191 ESMCI::PIO_Handler::arrayWriteOn     calling write_darray, pio type = 6, address = 0x15e80ec00
20260831 131811.575 INFO             PET3 ESMCI_PIO_Handler.C:1208 ESMCI::PIO_Handler::arrayWriteOn     cleanup and return
20260831 131811.575 INFO             PET3 ESMCI_IO.C:514 ESMCI::IO::write()     write returned 0
20260831 131811.575 INFO             PET3 ESMCI_IO.C:956 ESMCI::IO::close() 
20260831 131811.575 INFO             PET3 ESMCI_IO_Handler.C:814 ESMCI::IO_Handler::flush() 
20260831 131811.575 INFO             PET3 ESMCI_PIO_Handler.C:1612 ESMCI::PIO_Handler::flushOneTile 
20260831 131811.575 INFO             PET3 ESMCI_PIO_Handler.C:1561 ESMCI::PIO_Handler::isOpen() 
20260831 131811.575 INFO             PET3 ESMCI_PIO_Handler.C:1567 ESMCI::PIO_Handler::isOpen()     File is open
20260831 131811.575 INFO             PET3 ESMCI_PIO_Handler.C:1615 ESMCI::PIO_Handler::flushOneTile     calling sync
20260831 131811.576 INFO             PET3 ESMCI_IO_Handler.C:854 ESMCI::IO_Handler::close() 
20260831 131811.576 INFO             PET3 ESMCI_PIO_Handler.C:1660 ESMCI::PIO_Handler::closeOneTile 
20260831 131811.576 INFO             PET3 ESMCI_PIO_Handler.C:1561 ESMCI::PIO_Handler::isOpen() 
20260831 131811.576 INFO             PET3 ESMCI_PIO_Handler.C:1567 ESMCI::PIO_Handler::isOpen()     File is open
20260831 131811.576 INFO             PET3 ESMCI_IO.C:523 ESMCI::IO::write()     close returned 0
20260831 131811.576 INFO             PET3 ESMCI_IO.C:200 ESMCI::IO::destroy() 
20260831 131811.576 INFO             PET3 ESMCI_IO.C:73 ESMCI::IO::destruct() 
20260831 131811.576 INFO             PET3 ESMCI_PIO_Handler.C:549 ESMCI::PIO_Handler::destruct() 
20260831 131811.576 INFO             PET3 ESMCI_PIO_Handler.C:551 ESMCI::PIO_Handler::destruct()      (0): closing file
20260831 131811.576 INFO             PET3 ESMCI_IO_Handler.C:854 ESMCI::IO_Handler::close() 
20260831 131811.576 INFO             PET3 ESMCI_PIO_Handler.C:1660 ESMCI::PIO_Handler::closeOneTile 
20260831 131811.576 INFO             PET3 ESMCI_PIO_Handler.C:1561 ESMCI::PIO_Handler::isOpen() 
20260831 131811.576 INFO             PET3 ESMCI_PIO_Handler.C:1564 ESMCI::PIO_Handler::isOpen()     pioFileDesc is NULL
20260831 131811.576 INFO             PET3 ESMCI_IO_Handler.C:281 ESMCI::IO_Handler::destroy() 
20260831 131811.576 INFO             PET3 ESMCI_PIO_Handler.C:357 ESMCI::PIO_Handler::finalize() 
20260831 131811.576 INFO             PET3 ESMCI_PIO_Handler.C:1885 ESMCI::PIO_IODescHandler::~PIO_I     calling PIOc_freedecomp
20260831 131811.576 INFO             PET3 ESMCI_IO_Handler.C:283 ESMCI::IO_Handler::destroy()     after finalize, localrc = 0
20260831 131811.576 INFO             PET3 ESMCI_IO.C:150 ESMCI::IO::create() 
20260831 131811.576 INFO             PET3 ESMCI_IO.C:1049 ESMCI::IO::addArray() 
20260831 131811.576 INFO             PET3 ESMCI_IO.C:490 ESMCI::IO::write() 
20260831 131811.576 INFO             PET3 ESMCI_IO.C:845 ESMCI::IO::open() 
20260831 131811.576 INFO             PET3 ESMCI_PIO_Handler.C:178 ESMCI::PIO_Handler::initialize() 
20260831 131811.576 INFO             PET3 ESMCI_PIO_Handler.C:191 ESMCI::PIO_Handler::initialize()     Before PIOc_Init_Intracomm, num_iotasks = 1
20260831 131811.576 INFO             PET3 ESMCI_PIO_Handler.C:194 ESMCI::PIO_Handler::initialize()     After PIOc_Init_Intracomm, instance = 65536
20260831 131811.576 INFO             PET3 ESMCI_PIO_Handler.C:210 ESMCI::PIO_Handler::initialize()     After PIOc_Set_IOSystem_Error_Handling
20260831 131811.576 INFO             PET3 ESMCI_PIO_Handler.C:213 ESMCI::PIO_Handler::initialize()     push_back
20260831 131811.576 INFO             PET3 ESMCI_PIO_Handler.C:303 ESMCI::PIO_Handler::initializeVM     After initialize, rc = 0
20260831 131811.576 INFO             PET3 ESMCI_PIO_Handler.C:305 ESMCI::PIO_Handler::initializeVM     Looking for active instance, size = 1
20260831 131811.576 INFO             PET3 ESMCI_PIO_Handler.C:307 ESMCI::PIO_Handler::initializeVM     Fetched PIO system descriptor, 0x10000
20260831 131811.576 INFO             PET3 ESMCI_PIO_Handler.C:1561 ESMCI::PIO_Handler::isOpen() 
20260831 131811.576 INFO             PET3 ESMCI_PIO_Handler.C:1564 ESMCI::PIO_Handler::isOpen()     pioFileDesc is NULL
20260831 131811.576 INFO             PET3 ESMCI_PIO_Handler.C:1561 ESMCI::PIO_Handler::isOpen() 
20260831 131811.576 INFO             PET3 ESMCI_PIO_Handler.C:1564 ESMCI::PIO_Handler::isOpen()     pioFileDesc is NULL
20260831 131811.576 INFO             PET3 ESMCI_PIO_Handler.C:1279 ESMCI::PIO_Handler::openOneTileF 
20260831 131811.576 INFO             PET3 ESMCI_PIO_Handler.C:1561 ESMCI::PIO_Handler::isOpen() 
20260831 131811.576 INFO             PET3 ESMCI_PIO_Handler.C:1564 ESMCI::PIO_Handler::isOpen()     pioFileDesc is NULL
20260831 131811.576 INFO             PET3 ESMCI_IO_Handler.C:640 ESMCI::IO_Handler::fileExists()     File, "data_ATM_import.nc" exists
20260831 131811.576 INFO             PET3 ESMCI_PIO_Handler.C:1397 ESMCI::PIO_Handler::openOneTileF      calling PIOc_openfile with mode = 1, file = "data_ATM_import.nc"
20260831 131811.576 INFO             PET3 ESMCI_PIO_Handler.C:1403 ESMCI::PIO_Handler::openOneTileF     , called PIOc_openfile on data_ATM_import.nc
20260831 131811.576 INFO             PET3 ESMCI_IO.C:498 ESMCI::IO::write()     open returned 0
20260831 131811.576 INFO             PET3 ESMCI_IO.C:567 ESMCI::IO::write() 
20260831 131811.576 INFO             PET3 ESMCI_IO_Handler.C:449 ESMCI::IO_Handler::arrayWrite() 
20260831 131811.576 INFO             PET3 ESMCI_PIO_Handler.C:818 ESMCI::PIO_Handler::arrayWriteOn 
20260831 131811.576 INFO             PET3 ESMCI_PIO_Handler.C:1561 ESMCI::PIO_Handler::isOpen() 
20260831 131811.576 INFO             PET3 ESMCI_PIO_Handler.C:1567 ESMCI::PIO_Handler::isOpen()     File is open
20260831 131811.576 INFO             PET3 ESMCI_PIO_Handler.C:1718 ESMCI::PIO_Handler::getIODesc() 
20260831 131811.576 INFO             PET3 ESMCI_PIO_Handler.C:1721 ESMCI::PIO_Handler::getIODesc()     calling constructPioDecomp
20260831 131811.576 INFO             PET3 ESMCI_PIO_Handler.C:1974 ESMCI::PIO_IODescHandler::constr 
20260831 131811.576 INFO             PET3 ESMCI_PIO_Handler.C:1996 ESMCI::PIO_IODescHandler::constr     localDeCount = 1
20260831 131811.576 INFO             PET3 ESMCI_PIO_Handler.C:2025 ESMCI::PIO_IODescHandler::constr     pioDofCount = 1000
20260831 131811.576 INFO             PET3 ESMCI_PIO_Handler.C:2144 ESMCI::PIO_IODescHandler::constr     , IODesc shape = [ 010, 100 ], calling pio_initdecomp
20260831 131811.576 INFO             PET3 ESMCI_PIO_Handler.C:2151 ESMCI::PIO_IODescHandler::constr     , IODesc dims = [ 010, 100 ]
20260831 131811.576 INFO             PET3 ESMCI_PIO_Handler.C:2165 ESMCI::PIO_IODescHandler::constr     after call to PIOc_initdecomp_dof
20260831 131811.576 INFO             PET3 ESMCI_PIO_Handler.C:1724 ESMCI::PIO_Handler::getIODesc()     constructPioDecomp call complete, localrc = 0
20260831 131811.576 INFO             PET3 ESMCI_PIO_Handler.C:2280 ESMCI::PIO_IODescHandler::getDim 
20260831 131811.576 INFO             PET3 ESMCI_PIO_Handler.C:2287 ESMCI::PIO_IODescHandler::getDim     getDims: found handler, nioDims = 2, ioDims = 0x600003b3d480, narrDims = 2
20260831 131811.576 INFO             PET3 ESMCI_PIO_Handler.C:1751 ESMCI::PIO_Handler::getIODesc()     getDims complete, calling getIOType
20260831 131811.576 INFO             PET3 ESMCI_PIO_Handler.C:2342 ESMCI::PIO_IODescHandler::getIOT 
20260831 131811.576 INFO             PET3 ESMCI_PIO_Handler.C:862 ESMCI::PIO_Handler::arrayWriteOn     baseAddress = 0x0x15e80c000
20260831 131811.577 INFO             PET3 ESMCI_PIO_Handler.C:872 ESMCI::PIO_Handler::arrayWriteOn     arrlen = 1000
20260831 131811.577 INFO             PET3 ESMCI_PIO_Handler.C:881 ESMCI::PIO_Handler::arrayWriteOn     varname = "sea_surface_temperature"
20260831 131811.577 INFO             PET3 ESMCI_PIO_Handler.C:888 ESMCI::PIO_Handler::arrayWriteOn     Entering NetCDF define mode (redef)
20260831 131811.577 INFO             PET3 ESMCI_PIO_Handler.C:902 ESMCI::PIO_Handler::arrayWriteOn     Calling PIOc_inq
20260831 131811.577 INFO             PET3 ESMCI_PIO_Handler.C:911 ESMCI::PIO_Handler::arrayWriteOn     Looking for variable in file
20260831 131811.577 INFO             PET3 ESMCI_PIO_Handler.C:922 ESMCI::PIO_Handler::arrayWriteOn     Checking time dimension
20260831 131811.577 INFO             PET3 ESMCI_PIO_Handler.C:929 ESMCI::PIO_Handler::arrayWriteOn     inq_dimid  = 0
20260831 131811.577 INFO             PET3 ESMCI_PIO_Handler.C:930 ESMCI::PIO_Handler::arrayWriteOn     hasTimeDim = 1
20260831 131811.577 INFO             PET3 ESMCI_PIO_Handler.C:931 ESMCI::PIO_Handler::arrayWriteOn     unlim = 2
20260831 131811.577 INFO             PET3 ESMCI_PIO_Handler.C:935 ESMCI::PIO_Handler::arrayWriteOn     inq_dimlen = 0
20260831 131811.577 INFO             PET3 ESMCI_PIO_Handler.C:936 ESMCI::PIO_Handler::arrayWriteOn     dimidTime = 2
20260831 131811.577 INFO             PET3 ESMCI_PIO_Handler.C:937 ESMCI::PIO_Handler::arrayWriteOn     timeLen = 4
20260831 131811.577 INFO             PET3 ESMCI_PIO_Handler.C:972 ESMCI::PIO_Handler::arrayWriteOn     ready to check var compat., timeFrame = 4
20260831 131811.577 INFO             PET3 ESMCI_PIO_Handler.C:994 ESMCI::PIO_Handler::arrayWriteOn     Calling pio_cpp_inq_vardimid_vdesc
20260831 131811.577 INFO             PET3 ESMCI_PIO_Handler.C:1010 ESMCI::PIO_Handler::arrayWriteOn     PIOc_inq_dimlen for dim = 0 dimLen=4
20260831 131811.577 INFO             PET3 ESMCI_PIO_Handler.C:1010 ESMCI::PIO_Handler::arrayWriteOn     PIOc_inq_dimlen for dim = 1 dimLen=100
20260831 131811.577 INFO             PET3 ESMCI_PIO_Handler.C:1010 ESMCI::PIO_Handler::arrayWriteOn     PIOc_inq_dimlen for dim = 2 dimLen=10
20260831 131811.577 INFO             PET3 ESMCI_PIO_Handler.C:1129 ESMCI::PIO_Handler::arrayWriteOn     varExists = 1
20260831 131811.577 INFO             PET3 ESMCI_PIO_Handler.C:1145 ESMCI::PIO_Handler::arrayWriteOn     calling setframe, timeFrame = 4
20260831 131811.577 INFO             PET3 ESMCI_PIO_Handler.C:1161 ESMCI::PIO_Handler::arrayWriteOn     varid = 1
20260831 131811.577 INFO             PET3 ESMCI_PIO_Handler.C:1182 ESMCI::PIO_Handler::arrayWriteOn     calling enddef, status = 0x16f0c033c
20260831 131811.577 INFO             PET3 ESMCI_PIO_Handler.C:1191 ESMCI::PIO_Handler::arrayWriteOn     calling write_darray, pio type = 6, address = 0x15e80c000
20260831 131811.577 INFO             PET3 ESMCI_PIO_Handler.C:1208 ESMCI::PIO_Handler::arrayWriteOn     cleanup and return
20260831 131811.577 INFO             PET3 ESMCI_IO.C:514 ESMCI::IO::write()     write returned 0
20260831 131811.577 INFO             PET3 ESMCI_IO.C:956 ESMCI::IO::close() 
20260831 131811.577 INFO             PET3 ESMCI_IO_Handler.C:814 ESMCI::IO_Handler::flush() 
20260831 131811.577 INFO             PET3 ESMCI_PIO_Handler.C:1612 ESMCI::PIO_Handler::flushOneTile 
20260831 131811.577 INFO             PET3 ESMCI_PIO_Handler.C:1561 ESMCI::PIO_Handler::isOpen() 
20260831 131811.577 INFO             PET3 ESMCI_PIO_Handler.C:1567 ESMCI::PIO_Handler::isOpen()     File is open
20260831 131811.577 INFO             PET3 ESMCI_PIO_Handler.C:1615 ESMCI::PIO_Handler::flushOneTile     calling sync
20260831 131811.577 INFO             PET3 ESMCI_IO_Handler.C:854 ESMCI::IO_Handler::close() 
20260831 131811.577 INFO             PET3 ESMCI_PIO_Handler.C:1660 ESMCI::PIO_Handler::closeOneTile 
20260831 131811.577 INFO             PET3 ESMCI_PIO_Handler.C:1561 ESMCI::PIO_Handler::isOpen() 
20260831 131811.577 INFO             PET3 ESMCI_PIO_Handler.C:1567 ESMCI::PIO_Handler::isOpen()     File is open
20260831 131811.577 INFO             PET3 ESMCI_IO.C:523 ESMCI::IO::write()     close returned 0
20260831 131811.577 INFO             PET3 ESMCI_IO.C:200 ESMCI::IO::destroy() 
20260831 131811.577 INFO             PET3 ESMCI_IO.C:73 ESMCI::IO::destruct() 
20260831 131811.577 INFO             PET3 ESMCI_PIO_Handler.C:549 ESMCI::PIO_Handler::destruct() 
20260831 131811.577 INFO             PET3 ESMCI_PIO_Handler.C:551 ESMCI::PIO_Handler::destruct()      (0): closing file
20260831 131811.577 INFO             PET3 ESMCI_IO_Handler.C:854 ESMCI::IO_Handler::close() 
20260831 131811.577 INFO             PET3 ESMCI_PIO_Handler.C:1660 ESMCI::PIO_Handler::closeOneTile 
20260831 131811.577 INFO             PET3 ESMCI_PIO_Handler.C:1561 ESMCI::PIO_Handler::isOpen() 
20260831 131811.577 INFO             PET3 ESMCI_PIO_Handler.C:1564 ESMCI::PIO_Handler::isOpen()     pioFileDesc is NULL
20260831 131811.577 INFO             PET3 ESMCI_IO_Handler.C:281 ESMCI::IO_Handler::destroy() 
20260831 131811.577 INFO             PET3 ESMCI_PIO_Handler.C:357 ESMCI::PIO_Handler::finalize() 
20260831 131811.577 INFO             PET3 ESMCI_PIO_Handler.C:1885 ESMCI::PIO_IODescHandler::~PIO_I     calling PIOc_freedecomp
20260831 131811.577 INFO             PET3 ESMCI_IO_Handler.C:283 ESMCI::IO_Handler::destroy()     after finalize, localrc = 0
20260831 131811.577 INFO             PET3 ESMCI_IO.C:150 ESMCI::IO::create() 
20260831 131811.577 INFO             PET3 ESMCI_IO.C:1049 ESMCI::IO::addArray() 
20260831 131811.577 INFO             PET3 ESMCI_IO.C:490 ESMCI::IO::write() 
20260831 131811.577 INFO             PET3 ESMCI_IO.C:845 ESMCI::IO::open() 
20260831 131811.577 INFO             PET3 ESMCI_PIO_Handler.C:178 ESMCI::PIO_Handler::initialize() 
20260831 131811.577 INFO             PET3 ESMCI_PIO_Handler.C:191 ESMCI::PIO_Handler::initialize()     Before PIOc_Init_Intracomm, num_iotasks = 1
20260831 131811.577 INFO             PET3 ESMCI_PIO_Handler.C:194 ESMCI::PIO_Handler::initialize()     After PIOc_Init_Intracomm, instance = 65536
20260831 131811.577 INFO             PET3 ESMCI_PIO_Handler.C:210 ESMCI::PIO_Handler::initialize()     After PIOc_Set_IOSystem_Error_Handling
20260831 131811.577 INFO             PET3 ESMCI_PIO_Handler.C:213 ESMCI::PIO_Handler::initialize()     push_back
20260831 131811.577 INFO             PET3 ESMCI_PIO_Handler.C:303 ESMCI::PIO_Handler::initializeVM     After initialize, rc = 0
20260831 131811.577 INFO             PET3 ESMCI_PIO_Handler.C:305 ESMCI::PIO_Handler::initializeVM     Looking for active instance, size = 1
20260831 131811.577 INFO             PET3 ESMCI_PIO_Handler.C:307 ESMCI::PIO_Handler::initializeVM     Fetched PIO system descriptor, 0x10000
20260831 131811.577 INFO             PET3 ESMCI_PIO_Handler.C:1561 ESMCI::PIO_Handler::isOpen() 
20260831 131811.577 INFO             PET3 ESMCI_PIO_Handler.C:1564 ESMCI::PIO_Handler::isOpen()     pioFileDesc is NULL
20260831 131811.577 INFO             PET3 ESMCI_PIO_Handler.C:1561 ESMCI::PIO_Handler::isOpen() 
20260831 131811.577 INFO             PET3 ESMCI_PIO_Handler.C:1564 ESMCI::PIO_Handler::isOpen()     pioFileDesc is NULL
20260831 131811.577 INFO             PET3 ESMCI_PIO_Handler.C:1279 ESMCI::PIO_Handler::openOneTileF 
20260831 131811.577 INFO             PET3 ESMCI_PIO_Handler.C:1561 ESMCI::PIO_Handler::isOpen() 
20260831 131811.577 INFO             PET3 ESMCI_PIO_Handler.C:1564 ESMCI::PIO_Handler::isOpen()     pioFileDesc is NULL
20260831 131811.577 INFO             PET3 ESMCI_IO_Handler.C:640 ESMCI::IO_Handler::fileExists()     File, "data_ATM_export.nc" exists
20260831 131811.577 INFO             PET3 ESMCI_PIO_Handler.C:1397 ESMCI::PIO_Handler::openOneTileF      calling PIOc_openfile with mode = 1, file = "data_ATM_export.nc"
20260831 131811.577 INFO             PET3 ESMCI_PIO_Handler.C:1403 ESMCI::PIO_Handler::openOneTileF     , called PIOc_openfile on data_ATM_export.nc
20260831 131811.577 INFO             PET3 ESMCI_IO.C:498 ESMCI::IO::write()     open returned 0
20260831 131811.577 INFO             PET3 ESMCI_IO.C:567 ESMCI::IO::write() 
20260831 131811.577 INFO             PET3 ESMCI_IO_Handler.C:449 ESMCI::IO_Handler::arrayWrite() 
20260831 131811.577 INFO             PET3 ESMCI_PIO_Handler.C:818 ESMCI::PIO_Handler::arrayWriteOn 
20260831 131811.577 INFO             PET3 ESMCI_PIO_Handler.C:1561 ESMCI::PIO_Handler::isOpen() 
20260831 131811.577 INFO             PET3 ESMCI_PIO_Handler.C:1567 ESMCI::PIO_Handler::isOpen()     File is open
20260831 131811.577 INFO             PET3 ESMCI_PIO_Handler.C:1718 ESMCI::PIO_Handler::getIODesc() 
20260831 131811.577 INFO             PET3 ESMCI_PIO_Handler.C:1721 ESMCI::PIO_Handler::getIODesc()     calling constructPioDecomp
20260831 131811.577 INFO             PET3 ESMCI_PIO_Handler.C:1974 ESMCI::PIO_IODescHandler::constr 
20260831 131811.577 INFO             PET3 ESMCI_PIO_Handler.C:1996 ESMCI::PIO_IODescHandler::constr     localDeCount = 1
20260831 131811.577 INFO             PET3 ESMCI_PIO_Handler.C:2025 ESMCI::PIO_IODescHandler::constr     pioDofCount = 1000
20260831 131811.578 INFO             PET3 ESMCI_PIO_Handler.C:2144 ESMCI::PIO_IODescHandler::constr     , IODesc shape = [ 010, 100 ], calling pio_initdecomp
20260831 131811.578 INFO             PET3 ESMCI_PIO_Handler.C:2151 ESMCI::PIO_IODescHandler::constr     , IODesc dims = [ 010, 100 ]
20260831 131811.578 INFO             PET3 ESMCI_PIO_Handler.C:2165 ESMCI::PIO_IODescHandler::constr     after call to PIOc_initdecomp_dof
20260831 131811.578 INFO             PET3 ESMCI_PIO_Handler.C:1724 ESMCI::PIO_Handler::getIODesc()     constructPioDecomp call complete, localrc = 0
20260831 131811.578 INFO             PET3 ESMCI_PIO_Handler.C:2280 ESMCI::PIO_IODescHandler::getDim 
20260831 131811.578 INFO             PET3 ESMCI_PIO_Handler.C:2287 ESMCI::PIO_IODescHandler::getDim     getDims: found handler, nioDims = 2, ioDims = 0x600003b1dcf0, narrDims = 2
20260831 131811.578 INFO             PET3 ESMCI_PIO_Handler.C:1751 ESMCI::PIO_Handler::getIODesc()     getDims complete, calling getIOType
20260831 131811.578 INFO             PET3 ESMCI_PIO_Handler.C:2342 ESMCI::PIO_IODescHandler::getIOT 
20260831 131811.578 INFO             PET3 ESMCI_PIO_Handler.C:862 ESMCI::PIO_Handler::arrayWriteOn     baseAddress = 0x0x15e811e00
20260831 131811.578 INFO             PET3 ESMCI_PIO_Handler.C:872 ESMCI::PIO_Handler::arrayWriteOn     arrlen = 1000
20260831 131811.578 INFO             PET3 ESMCI_PIO_Handler.C:881 ESMCI::PIO_Handler::arrayWriteOn     varname = "air_pressure_at_sea_level"
20260831 131811.578 INFO             PET3 ESMCI_PIO_Handler.C:888 ESMCI::PIO_Handler::arrayWriteOn     Entering NetCDF define mode (redef)
20260831 131811.578 INFO             PET3 ESMCI_PIO_Handler.C:902 ESMCI::PIO_Handler::arrayWriteOn     Calling PIOc_inq
20260831 131811.578 INFO             PET3 ESMCI_PIO_Handler.C:911 ESMCI::PIO_Handler::arrayWriteOn     Looking for variable in file
20260831 131811.578 INFO             PET3 ESMCI_PIO_Handler.C:922 ESMCI::PIO_Handler::arrayWriteOn     Checking time dimension
20260831 131811.578 INFO             PET3 ESMCI_PIO_Handler.C:929 ESMCI::PIO_Handler::arrayWriteOn     inq_dimid  = 0
20260831 131811.578 INFO             PET3 ESMCI_PIO_Handler.C:930 ESMCI::PIO_Handler::arrayWriteOn     hasTimeDim = 1
20260831 131811.578 INFO             PET3 ESMCI_PIO_Handler.C:931 ESMCI::PIO_Handler::arrayWriteOn     unlim = 2
20260831 131811.578 INFO             PET3 ESMCI_PIO_Handler.C:935 ESMCI::PIO_Handler::arrayWriteOn     inq_dimlen = 0
20260831 131811.578 INFO             PET3 ESMCI_PIO_Handler.C:936 ESMCI::PIO_Handler::arrayWriteOn     dimidTime = 2
20260831 131811.578 INFO             PET3 ESMCI_PIO_Handler.C:937 ESMCI::PIO_Handler::arrayWriteOn     timeLen = 3
20260831 131811.578 INFO             PET3 ESMCI_PIO_Handler.C:972 ESMCI::PIO_Handler::arrayWriteOn     ready to check var compat., timeFrame = 4
20260831 131811.578 INFO             PET3 ESMCI_PIO_Handler.C:994 ESMCI::PIO_Handler::arrayWriteOn     Calling pio_cpp_inq_vardimid_vdesc
20260831 131811.578 INFO             PET3 ESMCI_PIO_Handler.C:1010 ESMCI::PIO_Handler::arrayWriteOn     PIOc_inq_dimlen for dim = 0 dimLen=3
20260831 131811.578 INFO             PET3 ESMCI_PIO_Handler.C:1010 ESMCI::PIO_Handler::arrayWriteOn     PIOc_inq_dimlen for dim = 1 dimLen=100
20260831 131811.578 INFO             PET3 ESMCI_PIO_Handler.C:1010 ESMCI::PIO_Handler::arrayWriteOn     PIOc_inq_dimlen for dim = 2 dimLen=10
20260831 131811.578 INFO             PET3 ESMCI_PIO_Handler.C:1129 ESMCI::PIO_Handler::arrayWriteOn     varExists = 1
20260831 131811.578 INFO             PET3 ESMCI_PIO_Handler.C:1145 ESMCI::PIO_Handler::arrayWriteOn     calling setframe, timeFrame = 4
20260831 131811.578 INFO             PET3 ESMCI_PIO_Handler.C:1161 ESMCI::PIO_Handler::arrayWriteOn     varid = 0
20260831 131811.578 INFO             PET3 ESMCI_PIO_Handler.C:1182 ESMCI::PIO_Handler::arrayWriteOn     calling enddef, status = 0x16f0c033c
20260831 131811.578 INFO             PET3 ESMCI_PIO_Handler.C:1191 ESMCI::PIO_Handler::arrayWriteOn     calling write_darray, pio type = 6, address = 0x15e811e00
20260831 131811.578 INFO             PET3 ESMCI_PIO_Handler.C:1208 ESMCI::PIO_Handler::arrayWriteOn     cleanup and return
20260831 131811.578 INFO             PET3 ESMCI_IO.C:514 ESMCI::IO::write()     write returned 0
20260831 131811.578 INFO             PET3 ESMCI_IO.C:956 ESMCI::IO::close() 
20260831 131811.578 INFO             PET3 ESMCI_IO_Handler.C:814 ESMCI::IO_Handler::flush() 
20260831 131811.578 INFO             PET3 ESMCI_PIO_Handler.C:1612 ESMCI::PIO_Handler::flushOneTile 
20260831 131811.578 INFO             PET3 ESMCI_PIO_Handler.C:1561 ESMCI::PIO_Handler::isOpen() 
20260831 131811.578 INFO             PET3 ESMCI_PIO_Handler.C:1567 ESMCI::PIO_Handler::isOpen()     File is open
20260831 131811.578 INFO             PET3 ESMCI_PIO_Handler.C:1615 ESMCI::PIO_Handler::flushOneTile     calling sync
20260831 131811.578 INFO             PET3 ESMCI_IO_Handler.C:854 ESMCI::IO_Handler::close() 
20260831 131811.578 INFO             PET3 ESMCI_PIO_Handler.C:1660 ESMCI::PIO_Handler::closeOneTile 
20260831 131811.578 INFO             PET3 ESMCI_PIO_Handler.C:1561 ESMCI::PIO_Handler::isOpen() 
20260831 131811.578 INFO             PET3 ESMCI_PIO_Handler.C:1567 ESMCI::PIO_Handler::isOpen()     File is open
20260831 131811.578 INFO             PET3 ESMCI_IO.C:523 ESMCI::IO::write()     close returned 0
20260831 131811.578 INFO             PET3 ESMCI_IO.C:200 ESMCI::IO::destroy() 
20260831 131811.578 INFO             PET3 ESMCI_IO.C:73 ESMCI::IO::destruct() 
20260831 131811.578 INFO             PET3 ESMCI_PIO_Handler.C:549 ESMCI::PIO_Handler::destruct() 
20260831 131811.578 INFO             PET3 ESMCI_PIO_Handler.C:551 ESMCI::PIO_Handler::destruct()      (0): closing file
20260831 131811.578 INFO             PET3 ESMCI_IO_Handler.C:854 ESMCI::IO_Handler::close() 
20260831 131811.578 INFO             PET3 ESMCI_PIO_Handler.C:1660 ESMCI::PIO_Handler::closeOneTile 
20260831 131811.578 INFO             PET3 ESMCI_PIO_Handler.C:1561 ESMCI::PIO_Handler::isOpen() 
20260831 131811.578 INFO             PET3 ESMCI_PIO_Handler.C:1564 ESMCI::PIO_Handler::isOpen()     pioFileDesc is NULL
20260831 131811.578 INFO             PET3 ESMCI_IO_Handler.C:281 ESMCI::IO_Handler::destroy() 
20260831 131811.578 INFO             PET3 ESMCI_PIO_Handler.C:357 ESMCI::PIO_Handler::finalize() 
20260831 131811.578 INFO             PET3 ESMCI_PIO_Handler.C:1885 ESMCI::PIO_IODescHandler::~PIO_I     calling PIOc_freedecomp
20260831 131811.578 INFO             PET3 ESMCI_IO_Handler.C:283 ESMCI::IO_Handler::destroy()     after finalize, localrc = 0
20260831 131811.578 INFO             PET3 ESMCI_IO.C:150 ESMCI::IO::create() 
20260831 131811.578 INFO             PET3 ESMCI_IO.C:1049 ESMCI::IO::addArray() 
20260831 131811.578 INFO             PET3 ESMCI_IO.C:490 ESMCI::IO::write() 
20260831 131811.578 INFO             PET3 ESMCI_IO.C:845 ESMCI::IO::open() 
20260831 131811.578 INFO             PET3 ESMCI_PIO_Handler.C:178 ESMCI::PIO_Handler::initialize() 
20260831 131811.578 INFO             PET3 ESMCI_PIO_Handler.C:191 ESMCI::PIO_Handler::initialize()     Before PIOc_Init_Intracomm, num_iotasks = 1
20260831 131811.578 INFO             PET3 ESMCI_PIO_Handler.C:194 ESMCI::PIO_Handler::initialize()     After PIOc_Init_Intracomm, instance = 65536
20260831 131811.578 INFO             PET3 ESMCI_PIO_Handler.C:210 ESMCI::PIO_Handler::initialize()     After PIOc_Set_IOSystem_Error_Handling
20260831 131811.578 INFO             PET3 ESMCI_PIO_Handler.C:213 ESMCI::PIO_Handler::initialize()     push_back
20260831 131811.578 INFO             PET3 ESMCI_PIO_Handler.C:303 ESMCI::PIO_Handler::initializeVM     After initialize, rc = 0
20260831 131811.578 INFO             PET3 ESMCI_PIO_Handler.C:305 ESMCI::PIO_Handler::initializeVM     Looking for active instance, size = 1
20260831 131811.578 INFO             PET3 ESMCI_PIO_Handler.C:307 ESMCI::PIO_Handler::initializeVM     Fetched PIO system descriptor, 0x10000
20260831 131811.578 INFO             PET3 ESMCI_PIO_Handler.C:1561 ESMCI::PIO_Handler::isOpen() 
20260831 131811.578 INFO             PET3 ESMCI_PIO_Handler.C:1564 ESMCI::PIO_Handler::isOpen()     pioFileDesc is NULL
20260831 131811.578 INFO             PET3 ESMCI_PIO_Handler.C:1561 ESMCI::PIO_Handler::isOpen() 
20260831 131811.578 INFO             PET3 ESMCI_PIO_Handler.C:1564 ESMCI::PIO_Handler::isOpen()     pioFileDesc is NULL
20260831 131811.578 INFO             PET3 ESMCI_PIO_Handler.C:1279 ESMCI::PIO_Handler::openOneTileF 
20260831 131811.578 INFO             PET3 ESMCI_PIO_Handler.C:1561 ESMCI::PIO_Handler::isOpen() 
20260831 131811.578 INFO             PET3 ESMCI_PIO_Handler.C:1564 ESMCI::PIO_Handler::isOpen()     pioFileDesc is NULL
20260831 131811.578 INFO             PET3 ESMCI_IO_Handler.C:640 ESMCI::IO_Handler::fileExists()     File, "data_ATM_export.nc" exists
20260831 131811.578 INFO             PET3 ESMCI_PIO_Handler.C:1397 ESMCI::PIO_Handler::openOneTileF      calling PIOc_openfile with mode = 1, file = "data_ATM_export.nc"
20260831 131811.579 INFO             PET3 ESMCI_PIO_Handler.C:1403 ESMCI::PIO_Handler::openOneTileF     , called PIOc_openfile on data_ATM_export.nc
20260831 131811.579 INFO             PET3 ESMCI_IO.C:498 ESMCI::IO::write()     open returned 0
20260831 131811.579 INFO             PET3 ESMCI_IO.C:567 ESMCI::IO::write() 
20260831 131811.579 INFO             PET3 ESMCI_IO_Handler.C:449 ESMCI::IO_Handler::arrayWrite() 
20260831 131811.579 INFO             PET3 ESMCI_PIO_Handler.C:818 ESMCI::PIO_Handler::arrayWriteOn 
20260831 131811.579 INFO             PET3 ESMCI_PIO_Handler.C:1561 ESMCI::PIO_Handler::isOpen() 
20260831 131811.579 INFO             PET3 ESMCI_PIO_Handler.C:1567 ESMCI::PIO_Handler::isOpen()     File is open
20260831 131811.579 INFO             PET3 ESMCI_PIO_Handler.C:1718 ESMCI::PIO_Handler::getIODesc() 
20260831 131811.579 INFO             PET3 ESMCI_PIO_Handler.C:1721 ESMCI::PIO_Handler::getIODesc()     calling constructPioDecomp
20260831 131811.579 INFO             PET3 ESMCI_PIO_Handler.C:1974 ESMCI::PIO_IODescHandler::constr 
20260831 131811.579 INFO             PET3 ESMCI_PIO_Handler.C:1996 ESMCI::PIO_IODescHandler::constr     localDeCount = 1
20260831 131811.579 INFO             PET3 ESMCI_PIO_Handler.C:2025 ESMCI::PIO_IODescHandler::constr     pioDofCount = 1000
20260831 131811.579 INFO             PET3 ESMCI_PIO_Handler.C:2144 ESMCI::PIO_IODescHandler::constr     , IODesc shape = [ 010, 100 ], calling pio_initdecomp
20260831 131811.579 INFO             PET3 ESMCI_PIO_Handler.C:2151 ESMCI::PIO_IODescHandler::constr     , IODesc dims = [ 010, 100 ]
20260831 131811.579 INFO             PET3 ESMCI_PIO_Handler.C:2165 ESMCI::PIO_IODescHandler::constr     after call to PIOc_initdecomp_dof
20260831 131811.579 INFO             PET3 ESMCI_PIO_Handler.C:1724 ESMCI::PIO_Handler::getIODesc()     constructPioDecomp call complete, localrc = 0
20260831 131811.579 INFO             PET3 ESMCI_PIO_Handler.C:2280 ESMCI::PIO_IODescHandler::getDim 
20260831 131811.579 INFO             PET3 ESMCI_PIO_Handler.C:2287 ESMCI::PIO_IODescHandler::getDim     getDims: found handler, nioDims = 2, ioDims = 0x600003b3d200, narrDims = 2
20260831 131811.579 INFO             PET3 ESMCI_PIO_Handler.C:1751 ESMCI::PIO_Handler::getIODesc()     getDims complete, calling getIOType
20260831 131811.579 INFO             PET3 ESMCI_PIO_Handler.C:2342 ESMCI::PIO_IODescHandler::getIOT 
20260831 131811.579 INFO             PET3 ESMCI_PIO_Handler.C:862 ESMCI::PIO_Handler::arrayWriteOn     baseAddress = 0x0x15e814a00
20260831 131811.579 INFO             PET3 ESMCI_PIO_Handler.C:872 ESMCI::PIO_Handler::arrayWriteOn     arrlen = 1000
20260831 131811.579 INFO             PET3 ESMCI_PIO_Handler.C:881 ESMCI::PIO_Handler::arrayWriteOn     varname = "precipitation_flux"
20260831 131811.579 INFO             PET3 ESMCI_PIO_Handler.C:888 ESMCI::PIO_Handler::arrayWriteOn     Entering NetCDF define mode (redef)
20260831 131811.579 INFO             PET3 ESMCI_PIO_Handler.C:902 ESMCI::PIO_Handler::arrayWriteOn     Calling PIOc_inq
20260831 131811.579 INFO             PET3 ESMCI_PIO_Handler.C:911 ESMCI::PIO_Handler::arrayWriteOn     Looking for variable in file
20260831 131811.579 INFO             PET3 ESMCI_PIO_Handler.C:922 ESMCI::PIO_Handler::arrayWriteOn     Checking time dimension
20260831 131811.579 INFO             PET3 ESMCI_PIO_Handler.C:929 ESMCI::PIO_Handler::arrayWriteOn     inq_dimid  = 0
20260831 131811.579 INFO             PET3 ESMCI_PIO_Handler.C:930 ESMCI::PIO_Handler::arrayWriteOn     hasTimeDim = 1
20260831 131811.579 INFO             PET3 ESMCI_PIO_Handler.C:931 ESMCI::PIO_Handler::arrayWriteOn     unlim = 2
20260831 131811.579 INFO             PET3 ESMCI_PIO_Handler.C:935 ESMCI::PIO_Handler::arrayWriteOn     inq_dimlen = 0
20260831 131811.579 INFO             PET3 ESMCI_PIO_Handler.C:936 ESMCI::PIO_Handler::arrayWriteOn     dimidTime = 2
20260831 131811.579 INFO             PET3 ESMCI_PIO_Handler.C:937 ESMCI::PIO_Handler::arrayWriteOn     timeLen = 4
20260831 131811.579 INFO             PET3 ESMCI_PIO_Handler.C:972 ESMCI::PIO_Handler::arrayWriteOn     ready to check var compat., timeFrame = 4
20260831 131811.579 INFO             PET3 ESMCI_PIO_Handler.C:994 ESMCI::PIO_Handler::arrayWriteOn     Calling pio_cpp_inq_vardimid_vdesc
20260831 131811.579 INFO             PET3 ESMCI_PIO_Handler.C:1010 ESMCI::PIO_Handler::arrayWriteOn     PIOc_inq_dimlen for dim = 0 dimLen=4
20260831 131811.579 INFO             PET3 ESMCI_PIO_Handler.C:1010 ESMCI::PIO_Handler::arrayWriteOn     PIOc_inq_dimlen for dim = 1 dimLen=100
20260831 131811.579 INFO             PET3 ESMCI_PIO_Handler.C:1010 ESMCI::PIO_Handler::arrayWriteOn     PIOc_inq_dimlen for dim = 2 dimLen=10
20260831 131811.579 INFO             PET3 ESMCI_PIO_Handler.C:1129 ESMCI::PIO_Handler::arrayWriteOn     varExists = 1
20260831 131811.579 INFO             PET3 ESMCI_PIO_Handler.C:1145 ESMCI::PIO_Handler::arrayWriteOn     calling setframe, timeFrame = 4
20260831 131811.579 INFO             PET3 ESMCI_PIO_Handler.C:1161 ESMCI::PIO_Handler::arrayWriteOn     varid = 1
20260831 131811.579 INFO             PET3 ESMCI_PIO_Handler.C:1182 ESMCI::PIO_Handler::arrayWriteOn     calling enddef, status = 0x16f0c033c
20260831 131811.579 INFO             PET3 ESMCI_PIO_Handler.C:1191 ESMCI::PIO_Handler::arrayWriteOn     calling write_darray, pio type = 6, address = 0x15e814a00
20260831 131811.579 INFO             PET3 ESMCI_PIO_Handler.C:1208 ESMCI::PIO_Handler::arrayWriteOn     cleanup and return
20260831 131811.579 INFO             PET3 ESMCI_IO.C:514 ESMCI::IO::write()     write returned 0
20260831 131811.579 INFO             PET3 ESMCI_IO.C:956 ESMCI::IO::close() 
20260831 131811.579 INFO             PET3 ESMCI_IO_Handler.C:814 ESMCI::IO_Handler::flush() 
20260831 131811.579 INFO             PET3 ESMCI_PIO_Handler.C:1612 ESMCI::PIO_Handler::flushOneTile 
20260831 131811.579 INFO             PET3 ESMCI_PIO_Handler.C:1561 ESMCI::PIO_Handler::isOpen() 
20260831 131811.579 INFO             PET3 ESMCI_PIO_Handler.C:1567 ESMCI::PIO_Handler::isOpen()     File is open
20260831 131811.579 INFO             PET3 ESMCI_PIO_Handler.C:1615 ESMCI::PIO_Handler::flushOneTile     calling sync
20260831 131811.579 INFO             PET3 ESMCI_IO_Handler.C:854 ESMCI::IO_Handler::close() 
20260831 131811.579 INFO             PET3 ESMCI_PIO_Handler.C:1660 ESMCI::PIO_Handler::closeOneTile 
20260831 131811.579 INFO             PET3 ESMCI_PIO_Handler.C:1561 ESMCI::PIO_Handler::isOpen() 
20260831 131811.579 INFO             PET3 ESMCI_PIO_Handler.C:1567 ESMCI::PIO_Handler::isOpen()     File is open
20260831 131811.579 INFO             PET3 ESMCI_IO.C:523 ESMCI::IO::write()     close returned 0
20260831 131811.579 INFO             PET3 ESMCI_IO.C:200 ESMCI::IO::destroy() 
20260831 131811.579 INFO             PET3 ESMCI_IO.C:73 ESMCI::IO::destruct() 
20260831 131811.579 INFO             PET3 ESMCI_PIO_Handler.C:549 ESMCI::PIO_Handler::destruct() 
20260831 131811.579 INFO             PET3 ESMCI_PIO_Handler.C:551 ESMCI::PIO_Handler::destruct()      (0): closing file
20260831 131811.579 INFO             PET3 ESMCI_IO_Handler.C:854 ESMCI::IO_Handler::close() 
20260831 131811.579 INFO             PET3 ESMCI_PIO_Handler.C:1660 ESMCI::PIO_Handler::closeOneTile 
20260831 131811.579 INFO             PET3 ESMCI_PIO_Handler.C:1561 ESMCI::PIO_Handler::isOpen() 
20260831 131811.579 INFO             PET3 ESMCI_PIO_Handler.C:1564 ESMCI::PIO_Handler::isOpen()     pioFileDesc is NULL
20260831 131811.579 INFO             PET3 ESMCI_IO_Handler.C:281 ESMCI::IO_Handler::destroy() 
20260831 131811.579 INFO             PET3 ESMCI_PIO_Handler.C:357 ESMCI::PIO_Handler::finalize() 
20260831 131811.579 INFO             PET3 ESMCI_PIO_Handler.C:1885 ESMCI::PIO_IODescHandler::~PIO_I     calling PIOc_freedecomp
20260831 131811.579 INFO             PET3 ESMCI_IO_Handler.C:283 ESMCI::IO_Handler::destroy()     after finalize, localrc = 0
20260831 131811.579 INFO             PET3 ESMCI_IO.C:150 ESMCI::IO::create() 
20260831 131811.579 INFO             PET3 ESMCI_IO.C:1049 ESMCI::IO::addArray() 
20260831 131811.579 INFO             PET3 ESMCI_IO.C:490 ESMCI::IO::write() 
20260831 131811.579 INFO             PET3 ESMCI_IO.C:845 ESMCI::IO::open() 
20260831 131811.579 INFO             PET3 ESMCI_PIO_Handler.C:178 ESMCI::PIO_Handler::initialize() 
20260831 131811.579 INFO             PET3 ESMCI_PIO_Handler.C:191 ESMCI::PIO_Handler::initialize()     Before PIOc_Init_Intracomm, num_iotasks = 1
20260831 131811.579 INFO             PET3 ESMCI_PIO_Handler.C:194 ESMCI::PIO_Handler::initialize()     After PIOc_Init_Intracomm, instance = 65536
20260831 131811.579 INFO             PET3 ESMCI_PIO_Handler.C:210 ESMCI::PIO_Handler::initialize()     After PIOc_Set_IOSystem_Error_Handling
20260831 131811.579 INFO             PET3 ESMCI_PIO_Handler.C:213 ESMCI::PIO_Handler::initialize()     push_back
20260831 131811.579 INFO             PET3 ESMCI_PIO_Handler.C:303 ESMCI::PIO_Handler::initializeVM     After initialize, rc = 0
20260831 131811.579 INFO             PET3 ESMCI_PIO_Handler.C:305 ESMCI::PIO_Handler::initializeVM     Looking for active instance, size = 1
20260831 131811.579 INFO             PET3 ESMCI_PIO_Handler.C:307 ESMCI::PIO_Handler::initializeVM     Fetched PIO system descriptor, 0x10000
20260831 131811.579 INFO             PET3 ESMCI_PIO_Handler.C:1561 ESMCI::PIO_Handler::isOpen() 
20260831 131811.579 INFO             PET3 ESMCI_PIO_Handler.C:1564 ESMCI::PIO_Handler::isOpen()     pioFileDesc is NULL
20260831 131811.580 INFO             PET3 ESMCI_PIO_Handler.C:1561 ESMCI::PIO_Handler::isOpen() 
20260831 131811.580 INFO             PET3 ESMCI_PIO_Handler.C:1564 ESMCI::PIO_Handler::isOpen()     pioFileDesc is NULL
20260831 131811.580 INFO             PET3 ESMCI_PIO_Handler.C:1279 ESMCI::PIO_Handler::openOneTileF 
20260831 131811.580 INFO             PET3 ESMCI_PIO_Handler.C:1561 ESMCI::PIO_Handler::isOpen() 
20260831 131811.580 INFO             PET3 ESMCI_PIO_Handler.C:1564 ESMCI::PIO_Handler::isOpen()     pioFileDesc is NULL
20260831 131811.580 INFO             PET3 ESMCI_IO_Handler.C:640 ESMCI::IO_Handler::fileExists()     File, "data_ATM_export.nc" exists
20260831 131811.580 INFO             PET3 ESMCI_PIO_Handler.C:1397 ESMCI::PIO_Handler::openOneTileF      calling PIOc_openfile with mode = 1, file = "data_ATM_export.nc"
20260831 131811.580 INFO             PET3 ESMCI_PIO_Handler.C:1403 ESMCI::PIO_Handler::openOneTileF     , called PIOc_openfile on data_ATM_export.nc
20260831 131811.580 INFO             PET3 ESMCI_IO.C:498 ESMCI::IO::write()     open returned 0
20260831 131811.580 INFO             PET3 ESMCI_IO.C:567 ESMCI::IO::write() 
20260831 131811.580 INFO             PET3 ESMCI_IO_Handler.C:449 ESMCI::IO_Handler::arrayWrite() 
20260831 131811.580 INFO             PET3 ESMCI_PIO_Handler.C:818 ESMCI::PIO_Handler::arrayWriteOn 
20260831 131811.580 INFO             PET3 ESMCI_PIO_Handler.C:1561 ESMCI::PIO_Handler::isOpen() 
20260831 131811.580 INFO             PET3 ESMCI_PIO_Handler.C:1567 ESMCI::PIO_Handler::isOpen()     File is open
20260831 131811.580 INFO             PET3 ESMCI_PIO_Handler.C:1718 ESMCI::PIO_Handler::getIODesc() 
20260831 131811.580 INFO             PET3 ESMCI_PIO_Handler.C:1721 ESMCI::PIO_Handler::getIODesc()     calling constructPioDecomp
20260831 131811.580 INFO             PET3 ESMCI_PIO_Handler.C:1974 ESMCI::PIO_IODescHandler::constr 
20260831 131811.580 INFO             PET3 ESMCI_PIO_Handler.C:1996 ESMCI::PIO_IODescHandler::constr     localDeCount = 1
20260831 131811.580 INFO             PET3 ESMCI_PIO_Handler.C:2025 ESMCI::PIO_IODescHandler::constr     pioDofCount = 1000
20260831 131811.580 INFO             PET3 ESMCI_PIO_Handler.C:2144 ESMCI::PIO_IODescHandler::constr     , IODesc shape = [ 010, 100 ], calling pio_initdecomp
20260831 131811.580 INFO             PET3 ESMCI_PIO_Handler.C:2151 ESMCI::PIO_IODescHandler::constr     , IODesc dims = [ 010, 100 ]
20260831 131811.580 INFO             PET3 ESMCI_PIO_Handler.C:2165 ESMCI::PIO_IODescHandler::constr     after call to PIOc_initdecomp_dof
20260831 131811.580 INFO             PET3 ESMCI_PIO_Handler.C:1724 ESMCI::PIO_Handler::getIODesc()     constructPioDecomp call complete, localrc = 0
20260831 131811.580 INFO             PET3 ESMCI_PIO_Handler.C:2280 ESMCI::PIO_IODescHandler::getDim 
20260831 131811.580 INFO             PET3 ESMCI_PIO_Handler.C:2287 ESMCI::PIO_IODescHandler::getDim     getDims: found handler, nioDims = 2, ioDims = 0x600003b1ff40, narrDims = 2
20260831 131811.580 INFO             PET3 ESMCI_PIO_Handler.C:1751 ESMCI::PIO_Handler::getIODesc()     getDims complete, calling getIOType
20260831 131811.580 INFO             PET3 ESMCI_PIO_Handler.C:2342 ESMCI::PIO_IODescHandler::getIOT 
20260831 131811.580 INFO             PET3 ESMCI_PIO_Handler.C:862 ESMCI::PIO_Handler::arrayWriteOn     baseAddress = 0x0x15e817600
20260831 131811.580 INFO             PET3 ESMCI_PIO_Handler.C:872 ESMCI::PIO_Handler::arrayWriteOn     arrlen = 1000
20260831 131811.580 INFO             PET3 ESMCI_PIO_Handler.C:881 ESMCI::PIO_Handler::arrayWriteOn     varname = "surface_net_downward_shortwave_flux"
20260831 131811.580 INFO             PET3 ESMCI_PIO_Handler.C:888 ESMCI::PIO_Handler::arrayWriteOn     Entering NetCDF define mode (redef)
20260831 131811.580 INFO             PET3 ESMCI_PIO_Handler.C:902 ESMCI::PIO_Handler::arrayWriteOn     Calling PIOc_inq
20260831 131811.580 INFO             PET3 ESMCI_PIO_Handler.C:911 ESMCI::PIO_Handler::arrayWriteOn     Looking for variable in file
20260831 131811.580 INFO             PET3 ESMCI_PIO_Handler.C:922 ESMCI::PIO_Handler::arrayWriteOn     Checking time dimension
20260831 131811.580 INFO             PET3 ESMCI_PIO_Handler.C:929 ESMCI::PIO_Handler::arrayWriteOn     inq_dimid  = 0
20260831 131811.580 INFO             PET3 ESMCI_PIO_Handler.C:930 ESMCI::PIO_Handler::arrayWriteOn     hasTimeDim = 1
20260831 131811.580 INFO             PET3 ESMCI_PIO_Handler.C:931 ESMCI::PIO_Handler::arrayWriteOn     unlim = 2
20260831 131811.580 INFO             PET3 ESMCI_PIO_Handler.C:935 ESMCI::PIO_Handler::arrayWriteOn     inq_dimlen = 0
20260831 131811.580 INFO             PET3 ESMCI_PIO_Handler.C:936 ESMCI::PIO_Handler::arrayWriteOn     dimidTime = 2
20260831 131811.580 INFO             PET3 ESMCI_PIO_Handler.C:937 ESMCI::PIO_Handler::arrayWriteOn     timeLen = 4
20260831 131811.580 INFO             PET3 ESMCI_PIO_Handler.C:972 ESMCI::PIO_Handler::arrayWriteOn     ready to check var compat., timeFrame = 4
20260831 131811.580 INFO             PET3 ESMCI_PIO_Handler.C:994 ESMCI::PIO_Handler::arrayWriteOn     Calling pio_cpp_inq_vardimid_vdesc
20260831 131811.580 INFO             PET3 ESMCI_PIO_Handler.C:1010 ESMCI::PIO_Handler::arrayWriteOn     PIOc_inq_dimlen for dim = 0 dimLen=4
20260831 131811.580 INFO             PET3 ESMCI_PIO_Handler.C:1010 ESMCI::PIO_Handler::arrayWriteOn     PIOc_inq_dimlen for dim = 1 dimLen=100
20260831 131811.580 INFO             PET3 ESMCI_PIO_Handler.C:1010 ESMCI::PIO_Handler::arrayWriteOn     PIOc_inq_dimlen for dim = 2 dimLen=10
20260831 131811.580 INFO             PET3 ESMCI_PIO_Handler.C:1129 ESMCI::PIO_Handler::arrayWriteOn     varExists = 1
20260831 131811.580 INFO             PET3 ESMCI_PIO_Handler.C:1145 ESMCI::PIO_Handler::arrayWriteOn     calling setframe, timeFrame = 4
20260831 131811.580 INFO             PET3 ESMCI_PIO_Handler.C:1161 ESMCI::PIO_Handler::arrayWriteOn     varid = 2
20260831 131811.580 INFO             PET3 ESMCI_PIO_Handler.C:1182 ESMCI::PIO_Handler::arrayWriteOn     calling enddef, status = 0x16f0c033c
20260831 131811.580 INFO             PET3 ESMCI_PIO_Handler.C:1191 ESMCI::PIO_Handler::arrayWriteOn     calling write_darray, pio type = 6, address = 0x15e817600
20260831 131811.580 INFO             PET3 ESMCI_PIO_Handler.C:1208 ESMCI::PIO_Handler::arrayWriteOn     cleanup and return
20260831 131811.580 INFO             PET3 ESMCI_IO.C:514 ESMCI::IO::write()     write returned 0
20260831 131811.580 INFO             PET3 ESMCI_IO.C:956 ESMCI::IO::close() 
20260831 131811.580 INFO             PET3 ESMCI_IO_Handler.C:814 ESMCI::IO_Handler::flush() 
20260831 131811.580 INFO             PET3 ESMCI_PIO_Handler.C:1612 ESMCI::PIO_Handler::flushOneTile 
20260831 131811.580 INFO             PET3 ESMCI_PIO_Handler.C:1561 ESMCI::PIO_Handler::isOpen() 
20260831 131811.580 INFO             PET3 ESMCI_PIO_Handler.C:1567 ESMCI::PIO_Handler::isOpen()     File is open
20260831 131811.580 INFO             PET3 ESMCI_PIO_Handler.C:1615 ESMCI::PIO_Handler::flushOneTile     calling sync
20260831 131811.580 INFO             PET3 ESMCI_IO_Handler.C:854 ESMCI::IO_Handler::close() 
20260831 131811.580 INFO             PET3 ESMCI_PIO_Handler.C:1660 ESMCI::PIO_Handler::closeOneTile 
20260831 131811.580 INFO             PET3 ESMCI_PIO_Handler.C:1561 ESMCI::PIO_Handler::isOpen() 
20260831 131811.580 INFO             PET3 ESMCI_PIO_Handler.C:1567 ESMCI::PIO_Handler::isOpen()     File is open
20260831 131811.580 INFO             PET3 ESMCI_IO.C:523 ESMCI::IO::write()     close returned 0
20260831 131811.580 INFO             PET3 ESMCI_IO.C:200 ESMCI::IO::destroy() 
20260831 131811.580 INFO             PET3 ESMCI_IO.C:73 ESMCI::IO::destruct() 
20260831 131811.580 INFO             PET3 ESMCI_PIO_Handler.C:549 ESMCI::PIO_Handler::destruct() 
20260831 131811.580 INFO             PET3 ESMCI_PIO_Handler.C:551 ESMCI::PIO_Handler::destruct()      (0): closing file
20260831 131811.580 INFO             PET3 ESMCI_IO_Handler.C:854 ESMCI::IO_Handler::close() 
20260831 131811.580 INFO             PET3 ESMCI_PIO_Handler.C:1660 ESMCI::PIO_Handler::closeOneTile 
20260831 131811.580 INFO             PET3 ESMCI_PIO_Handler.C:1561 ESMCI::PIO_Handler::isOpen() 
20260831 131811.580 INFO             PET3 ESMCI_PIO_Handler.C:1564 ESMCI::PIO_Handler::isOpen()     pioFileDesc is NULL
20260831 131811.580 INFO             PET3 ESMCI_IO_Handler.C:281 ESMCI::IO_Handler::destroy() 
20260831 131811.580 INFO             PET3 ESMCI_PIO_Handler.C:357 ESMCI::PIO_Handler::finalize() 
20260831 131811.580 INFO             PET3 ESMCI_PIO_Handler.C:1885 ESMCI::PIO_IODescHandler::~PIO_I     calling PIOc_freedecomp
20260831 131811.581 INFO             PET3 ESMCI_IO_Handler.C:283 ESMCI::IO_Handler::destroy()     after finalize, localrc = 0
20260831 131811.581 INFO             PET3     <<<ATM: leaving Run (phase=RunPhase1) with current time: 2012 10 24 18 45  0   0
20260831 131811.581 INFO             PET3   ATM: Run extro.
20260831 131811.581 INFO             PET3   OCN: Run intro.
20260831 131811.581 INFO             PET3     >>>OCN: entered Run (phase=RunPhase1) with current time: 2012 10 24 18 30  0   0
20260831 131811.581 INFO             PET3     LUMO Advance(): --- VMK::log() start -------------------------------------
20260831 131811.581 INFO             PET3     LUMO Advance(): vm located at: 0x15e00adf0
20260831 131811.581 INFO             PET3     LUMO Advance(): mpionly=1 threadsflag=0
20260831 131811.581 INFO             PET3     LUMO Advance(): ssiCount=1 localSsi=0
20260831 131811.581 INFO             PET3     LUMO Advance(): devCount=0 ssiLocalDevCount=0
20260831 131811.581 INFO             PET3     LUMO Advance(): petCount=3 ssiLocalPetCount=3
20260831 131811.581 INFO             PET3     LUMO Advance(): localPet=2 mypthid=0x1f12850c0 ssiLocalPet=2 currentSsiPe=-1
20260831 131811.581 INFO             PET3     LUMO Advance(): ESMF level logical PET->PE association (but consider system level affinity pinning!):
20260831 131811.581 INFO             PET3     LUMO Advance(): PET=0 lpid=0 tid=0 pid=0 peCount=1 accCount=0
20260831 131811.581 INFO             PET3     LUMO Advance():  PE=0 SSI=0 SSIPE=0
20260831 131811.581 INFO             PET3     LUMO Advance(): PET=1 lpid=1 tid=0 pid=1 peCount=1 accCount=0
20260831 131811.581 INFO             PET3     LUMO Advance():  PE=1 SSI=0 SSIPE=1
20260831 131811.581 INFO             PET3     LUMO Advance(): PET=2 lpid=2 tid=0 pid=3 peCount=1 accCount=0
20260831 131811.581 INFO             PET3     LUMO Advance():  PE=3 SSI=0 SSIPE=3
20260831 131811.581 INFO             PET3     LUMO Advance(): --- VMK::log() end ---------------------------------------
20260831 131811.581 INFO             PET3     LUMO: localPet=   2   thread_num=   0   currentSsiPe=  -1   num_threads=   1   max_threads=   1   num_procs=  10
20260831 131811.581 INFO             PET3     ------>Advancing LUMO from: 2012 10 24 18 30  0   0
20260831 131811.581 INFO             PET3     ---------------------> to: 2012 10 24 18 35  0   0
20260831 131811.581 INFO             PET3     LUMO Advance(): --- VMK::log() start -------------------------------------
20260831 131811.581 INFO             PET3     LUMO Advance(): vm located at: 0x15e00adf0
20260831 131811.581 INFO             PET3     LUMO Advance(): mpionly=1 threadsflag=0
20260831 131811.581 INFO             PET3     LUMO Advance(): ssiCount=1 localSsi=0
20260831 131811.581 INFO             PET3     LUMO Advance(): devCount=0 ssiLocalDevCount=0
20260831 131811.581 INFO             PET3     LUMO Advance(): petCount=3 ssiLocalPetCount=3
20260831 131811.581 INFO             PET3     LUMO Advance(): localPet=2 mypthid=0x1f12850c0 ssiLocalPet=2 currentSsiPe=-1
20260831 131811.581 INFO             PET3     LUMO Advance(): ESMF level logical PET->PE association (but consider system level affinity pinning!):
20260831 131811.581 INFO             PET3     LUMO Advance(): PET=0 lpid=0 tid=0 pid=0 peCount=1 accCount=0
20260831 131811.581 INFO             PET3     LUMO Advance():  PE=0 SSI=0 SSIPE=0
20260831 131811.581 INFO             PET3     LUMO Advance(): PET=1 lpid=1 tid=0 pid=1 peCount=1 accCount=0
20260831 131811.581 INFO             PET3     LUMO Advance():  PE=1 SSI=0 SSIPE=1
20260831 131811.581 INFO             PET3     LUMO Advance(): PET=2 lpid=2 tid=0 pid=3 peCount=1 accCount=0
20260831 131811.581 INFO             PET3     LUMO Advance():  PE=3 SSI=0 SSIPE=3
20260831 131811.581 INFO             PET3     LUMO Advance(): --- VMK::log() end ---------------------------------------
20260831 131811.581 INFO             PET3     LUMO: localPet=   2   thread_num=   0   currentSsiPe=  -1   num_threads=   1   max_threads=   1   num_procs=  10
20260831 131811.582 INFO             PET3     ------>Advancing LUMO from: 2012 10 24 18 35  0   0
20260831 131811.582 INFO             PET3     ---------------------> to: 2012 10 24 18 40  0   0
20260831 131811.582 INFO             PET3     LUMO Advance(): --- VMK::log() start -------------------------------------
20260831 131811.582 INFO             PET3     LUMO Advance(): vm located at: 0x15e00adf0
20260831 131811.582 INFO             PET3     LUMO Advance(): mpionly=1 threadsflag=0
20260831 131811.582 INFO             PET3     LUMO Advance(): ssiCount=1 localSsi=0
20260831 131811.582 INFO             PET3     LUMO Advance(): devCount=0 ssiLocalDevCount=0
20260831 131811.582 INFO             PET3     LUMO Advance(): petCount=3 ssiLocalPetCount=3
20260831 131811.582 INFO             PET3     LUMO Advance(): localPet=2 mypthid=0x1f12850c0 ssiLocalPet=2 currentSsiPe=-1
20260831 131811.582 INFO             PET3     LUMO Advance(): ESMF level logical PET->PE association (but consider system level affinity pinning!):
20260831 131811.582 INFO             PET3     LUMO Advance(): PET=0 lpid=0 tid=0 pid=0 peCount=1 accCount=0
20260831 131811.582 INFO             PET3     LUMO Advance():  PE=0 SSI=0 SSIPE=0
20260831 131811.582 INFO             PET3     LUMO Advance(): PET=1 lpid=1 tid=0 pid=1 peCount=1 accCount=0
20260831 131811.582 INFO             PET3     LUMO Advance():  PE=1 SSI=0 SSIPE=1
20260831 131811.582 INFO             PET3     LUMO Advance(): PET=2 lpid=2 tid=0 pid=3 peCount=1 accCount=0
20260831 131811.582 INFO             PET3     LUMO Advance():  PE=3 SSI=0 SSIPE=3
20260831 131811.582 INFO             PET3     LUMO Advance(): --- VMK::log() end ---------------------------------------
20260831 131811.582 INFO             PET3     LUMO: localPet=   2   thread_num=   0   currentSsiPe=  -1   num_threads=   1   max_threads=   1   num_procs=  10
20260831 131811.582 INFO             PET3     ------>Advancing LUMO from: 2012 10 24 18 40  0   0
20260831 131811.582 INFO             PET3     ---------------------> to: 2012 10 24 18 45  0   0
20260831 131811.582 INFO             PET3     <<<OCN: leaving Run (phase=RunPhase1) with current time: 2012 10 24 18 45  0   0
20260831 131811.582 INFO             PET3   OCN: Run extro.
20260831 131811.582 INFO             PET3   ATM-TO-OCN: Run intro.
20260831 131811.582 INFO             PET3     >>>ATM-TO-OCN entered Run (phase=RunPhase1)
20260831 131811.582 INFO             PET3     <<<ATM-TO-OCN leaving Run (phase=RunPhase1)
20260831 131811.582 INFO             PET3   ATM-TO-OCN: Run extro.
20260831 131811.582 INFO             PET3   OCN-TO-ATM: Run intro.
20260831 131811.582 INFO             PET3     >>>OCN-TO-ATM entered Run (phase=RunPhase1)
20260831 131811.582 INFO             PET3     <<<OCN-TO-ATM leaving Run (phase=RunPhase1)
20260831 131811.582 INFO             PET3   OCN-TO-ATM: Run extro.
20260831 131811.583 INFO             PET3   ATM: Run intro.
20260831 131811.583 INFO             PET3     >>>ATM: entered Run (phase=RunPhase1) with current time: 2012 10 24 18 45  0   0
20260831 131811.583 INFO             PET3 ESMCI_IO.C:150 ESMCI::IO::create() 
20260831 131811.583 INFO             PET3 ESMCI_IO.C:1049 ESMCI::IO::addArray() 
20260831 131811.583 INFO             PET3 ESMCI_IO.C:490 ESMCI::IO::write() 
20260831 131811.583 INFO             PET3 ESMCI_IO.C:845 ESMCI::IO::open() 
20260831 131811.583 INFO             PET3 ESMCI_PIO_Handler.C:178 ESMCI::PIO_Handler::initialize() 
20260831 131811.583 INFO             PET3 ESMCI_PIO_Handler.C:191 ESMCI::PIO_Handler::initialize()     Before PIOc_Init_Intracomm, num_iotasks = 1
20260831 131811.583 INFO             PET3 ESMCI_PIO_Handler.C:194 ESMCI::PIO_Handler::initialize()     After PIOc_Init_Intracomm, instance = 65536
20260831 131811.583 INFO             PET3 ESMCI_PIO_Handler.C:210 ESMCI::PIO_Handler::initialize()     After PIOc_Set_IOSystem_Error_Handling
20260831 131811.583 INFO             PET3 ESMCI_PIO_Handler.C:213 ESMCI::PIO_Handler::initialize()     push_back
20260831 131811.583 INFO             PET3 ESMCI_PIO_Handler.C:303 ESMCI::PIO_Handler::initializeVM     After initialize, rc = 0
20260831 131811.583 INFO             PET3 ESMCI_PIO_Handler.C:305 ESMCI::PIO_Handler::initializeVM     Looking for active instance, size = 1
20260831 131811.583 INFO             PET3 ESMCI_PIO_Handler.C:307 ESMCI::PIO_Handler::initializeVM     Fetched PIO system descriptor, 0x10000
20260831 131811.583 INFO             PET3 ESMCI_PIO_Handler.C:1561 ESMCI::PIO_Handler::isOpen() 
20260831 131811.583 INFO             PET3 ESMCI_PIO_Handler.C:1564 ESMCI::PIO_Handler::isOpen()     pioFileDesc is NULL
20260831 131811.583 INFO             PET3 ESMCI_PIO_Handler.C:1561 ESMCI::PIO_Handler::isOpen() 
20260831 131811.583 INFO             PET3 ESMCI_PIO_Handler.C:1564 ESMCI::PIO_Handler::isOpen()     pioFileDesc is NULL
20260831 131811.583 INFO             PET3 ESMCI_PIO_Handler.C:1279 ESMCI::PIO_Handler::openOneTileF 
20260831 131811.583 INFO             PET3 ESMCI_PIO_Handler.C:1561 ESMCI::PIO_Handler::isOpen() 
20260831 131811.583 INFO             PET3 ESMCI_PIO_Handler.C:1564 ESMCI::PIO_Handler::isOpen()     pioFileDesc is NULL
20260831 131811.583 INFO             PET3 ESMCI_IO_Handler.C:640 ESMCI::IO_Handler::fileExists()     File, "data_ATM_import.nc" exists
20260831 131811.583 INFO             PET3 ESMCI_PIO_Handler.C:1397 ESMCI::PIO_Handler::openOneTileF      calling PIOc_openfile with mode = 1, file = "data_ATM_import.nc"
20260831 131811.583 INFO             PET3 ESMCI_PIO_Handler.C:1403 ESMCI::PIO_Handler::openOneTileF     , called PIOc_openfile on data_ATM_import.nc
20260831 131811.583 INFO             PET3 ESMCI_IO.C:498 ESMCI::IO::write()     open returned 0
20260831 131811.583 INFO             PET3 ESMCI_IO.C:567 ESMCI::IO::write() 
20260831 131811.583 INFO             PET3 ESMCI_IO_Handler.C:449 ESMCI::IO_Handler::arrayWrite() 
20260831 131811.583 INFO             PET3 ESMCI_PIO_Handler.C:818 ESMCI::PIO_Handler::arrayWriteOn 
20260831 131811.583 INFO             PET3 ESMCI_PIO_Handler.C:1561 ESMCI::PIO_Handler::isOpen() 
20260831 131811.583 INFO             PET3 ESMCI_PIO_Handler.C:1567 ESMCI::PIO_Handler::isOpen()     File is open
20260831 131811.583 INFO             PET3 ESMCI_PIO_Handler.C:1718 ESMCI::PIO_Handler::getIODesc() 
20260831 131811.583 INFO             PET3 ESMCI_PIO_Handler.C:1721 ESMCI::PIO_Handler::getIODesc()     calling constructPioDecomp
20260831 131811.583 INFO             PET3 ESMCI_PIO_Handler.C:1974 ESMCI::PIO_IODescHandler::constr 
20260831 131811.583 INFO             PET3 ESMCI_PIO_Handler.C:1996 ESMCI::PIO_IODescHandler::constr     localDeCount = 1
20260831 131811.583 INFO             PET3 ESMCI_PIO_Handler.C:2025 ESMCI::PIO_IODescHandler::constr     pioDofCount = 1000
20260831 131811.583 INFO             PET3 ESMCI_PIO_Handler.C:2144 ESMCI::PIO_IODescHandler::constr     , IODesc shape = [ 010, 100 ], calling pio_initdecomp
20260831 131811.583 INFO             PET3 ESMCI_PIO_Handler.C:2151 ESMCI::PIO_IODescHandler::constr     , IODesc dims = [ 010, 100 ]
20260831 131811.583 INFO             PET3 ESMCI_PIO_Handler.C:2165 ESMCI::PIO_IODescHandler::constr     after call to PIOc_initdecomp_dof
20260831 131811.584 INFO             PET3 ESMCI_PIO_Handler.C:1724 ESMCI::PIO_Handler::getIODesc()     constructPioDecomp call complete, localrc = 0
20260831 131811.584 INFO             PET3 ESMCI_PIO_Handler.C:2280 ESMCI::PIO_IODescHandler::getDim 
20260831 131811.584 INFO             PET3 ESMCI_PIO_Handler.C:2287 ESMCI::PIO_IODescHandler::getDim     getDims: found handler, nioDims = 2, ioDims = 0x600003b00270, narrDims = 2
20260831 131811.584 INFO             PET3 ESMCI_PIO_Handler.C:1751 ESMCI::PIO_Handler::getIODesc()     getDims complete, calling getIOType
20260831 131811.584 INFO             PET3 ESMCI_PIO_Handler.C:2342 ESMCI::PIO_IODescHandler::getIOT 
20260831 131811.584 INFO             PET3 ESMCI_PIO_Handler.C:862 ESMCI::PIO_Handler::arrayWriteOn     baseAddress = 0x0x15e80ec00
20260831 131811.584 INFO             PET3 ESMCI_PIO_Handler.C:872 ESMCI::PIO_Handler::arrayWriteOn     arrlen = 1000
20260831 131811.584 INFO             PET3 ESMCI_PIO_Handler.C:881 ESMCI::PIO_Handler::arrayWriteOn     varname = "sea_surface_salinity"
20260831 131811.584 INFO             PET3 ESMCI_PIO_Handler.C:888 ESMCI::PIO_Handler::arrayWriteOn     Entering NetCDF define mode (redef)
20260831 131811.584 INFO             PET3 ESMCI_PIO_Handler.C:902 ESMCI::PIO_Handler::arrayWriteOn     Calling PIOc_inq
20260831 131811.584 INFO             PET3 ESMCI_PIO_Handler.C:911 ESMCI::PIO_Handler::arrayWriteOn     Looking for variable in file
20260831 131811.584 INFO             PET3 ESMCI_PIO_Handler.C:922 ESMCI::PIO_Handler::arrayWriteOn     Checking time dimension
20260831 131811.584 INFO             PET3 ESMCI_PIO_Handler.C:929 ESMCI::PIO_Handler::arrayWriteOn     inq_dimid  = 0
20260831 131811.584 INFO             PET3 ESMCI_PIO_Handler.C:930 ESMCI::PIO_Handler::arrayWriteOn     hasTimeDim = 1
20260831 131811.584 INFO             PET3 ESMCI_PIO_Handler.C:931 ESMCI::PIO_Handler::arrayWriteOn     unlim = 2
20260831 131811.584 INFO             PET3 ESMCI_PIO_Handler.C:935 ESMCI::PIO_Handler::arrayWriteOn     inq_dimlen = 0
20260831 131811.584 INFO             PET3 ESMCI_PIO_Handler.C:936 ESMCI::PIO_Handler::arrayWriteOn     dimidTime = 2
20260831 131811.584 INFO             PET3 ESMCI_PIO_Handler.C:937 ESMCI::PIO_Handler::arrayWriteOn     timeLen = 4
20260831 131811.584 INFO             PET3 ESMCI_PIO_Handler.C:972 ESMCI::PIO_Handler::arrayWriteOn     ready to check var compat., timeFrame = 5
20260831 131811.584 INFO             PET3 ESMCI_PIO_Handler.C:994 ESMCI::PIO_Handler::arrayWriteOn     Calling pio_cpp_inq_vardimid_vdesc
20260831 131811.584 INFO             PET3 ESMCI_PIO_Handler.C:1010 ESMCI::PIO_Handler::arrayWriteOn     PIOc_inq_dimlen for dim = 0 dimLen=4
20260831 131811.584 INFO             PET3 ESMCI_PIO_Handler.C:1010 ESMCI::PIO_Handler::arrayWriteOn     PIOc_inq_dimlen for dim = 1 dimLen=100
20260831 131811.584 INFO             PET3 ESMCI_PIO_Handler.C:1010 ESMCI::PIO_Handler::arrayWriteOn     PIOc_inq_dimlen for dim = 2 dimLen=10
20260831 131811.584 INFO             PET3 ESMCI_PIO_Handler.C:1129 ESMCI::PIO_Handler::arrayWriteOn     varExists = 1
20260831 131811.584 INFO             PET3 ESMCI_PIO_Handler.C:1145 ESMCI::PIO_Handler::arrayWriteOn     calling setframe, timeFrame = 5
20260831 131811.584 INFO             PET3 ESMCI_PIO_Handler.C:1161 ESMCI::PIO_Handler::arrayWriteOn     varid = 0
20260831 131811.584 INFO             PET3 ESMCI_PIO_Handler.C:1182 ESMCI::PIO_Handler::arrayWriteOn     calling enddef, status = 0x16f0c033c
20260831 131811.584 INFO             PET3 ESMCI_PIO_Handler.C:1191 ESMCI::PIO_Handler::arrayWriteOn     calling write_darray, pio type = 6, address = 0x15e80ec00
20260831 131811.584 INFO             PET3 ESMCI_PIO_Handler.C:1208 ESMCI::PIO_Handler::arrayWriteOn     cleanup and return
20260831 131811.584 INFO             PET3 ESMCI_IO.C:514 ESMCI::IO::write()     write returned 0
20260831 131811.584 INFO             PET3 ESMCI_IO.C:956 ESMCI::IO::close() 
20260831 131811.584 INFO             PET3 ESMCI_IO_Handler.C:814 ESMCI::IO_Handler::flush() 
20260831 131811.584 INFO             PET3 ESMCI_PIO_Handler.C:1612 ESMCI::PIO_Handler::flushOneTile 
20260831 131811.584 INFO             PET3 ESMCI_PIO_Handler.C:1561 ESMCI::PIO_Handler::isOpen() 
20260831 131811.584 INFO             PET3 ESMCI_PIO_Handler.C:1567 ESMCI::PIO_Handler::isOpen()     File is open
20260831 131811.584 INFO             PET3 ESMCI_PIO_Handler.C:1615 ESMCI::PIO_Handler::flushOneTile     calling sync
20260831 131811.584 INFO             PET3 ESMCI_IO_Handler.C:854 ESMCI::IO_Handler::close() 
20260831 131811.584 INFO             PET3 ESMCI_PIO_Handler.C:1660 ESMCI::PIO_Handler::closeOneTile 
20260831 131811.584 INFO             PET3 ESMCI_PIO_Handler.C:1561 ESMCI::PIO_Handler::isOpen() 
20260831 131811.584 INFO             PET3 ESMCI_PIO_Handler.C:1567 ESMCI::PIO_Handler::isOpen()     File is open
20260831 131811.584 INFO             PET3 ESMCI_IO.C:523 ESMCI::IO::write()     close returned 0
20260831 131811.584 INFO             PET3 ESMCI_IO.C:200 ESMCI::IO::destroy() 
20260831 131811.584 INFO             PET3 ESMCI_IO.C:73 ESMCI::IO::destruct() 
20260831 131811.584 INFO             PET3 ESMCI_PIO_Handler.C:549 ESMCI::PIO_Handler::destruct() 
20260831 131811.584 INFO             PET3 ESMCI_PIO_Handler.C:551 ESMCI::PIO_Handler::destruct()      (0): closing file
20260831 131811.584 INFO             PET3 ESMCI_IO_Handler.C:854 ESMCI::IO_Handler::close() 
20260831 131811.584 INFO             PET3 ESMCI_PIO_Handler.C:1660 ESMCI::PIO_Handler::closeOneTile 
20260831 131811.584 INFO             PET3 ESMCI_PIO_Handler.C:1561 ESMCI::PIO_Handler::isOpen() 
20260831 131811.584 INFO             PET3 ESMCI_PIO_Handler.C:1564 ESMCI::PIO_Handler::isOpen()     pioFileDesc is NULL
20260831 131811.584 INFO             PET3 ESMCI_IO_Handler.C:281 ESMCI::IO_Handler::destroy() 
20260831 131811.584 INFO             PET3 ESMCI_PIO_Handler.C:357 ESMCI::PIO_Handler::finalize() 
20260831 131811.584 INFO             PET3 ESMCI_PIO_Handler.C:1885 ESMCI::PIO_IODescHandler::~PIO_I     calling PIOc_freedecomp
20260831 131811.584 INFO             PET3 ESMCI_IO_Handler.C:283 ESMCI::IO_Handler::destroy()     after finalize, localrc = 0
20260831 131811.584 INFO             PET3 ESMCI_IO.C:150 ESMCI::IO::create() 
20260831 131811.584 INFO             PET3 ESMCI_IO.C:1049 ESMCI::IO::addArray() 
20260831 131811.584 INFO             PET3 ESMCI_IO.C:490 ESMCI::IO::write() 
20260831 131811.584 INFO             PET3 ESMCI_IO.C:845 ESMCI::IO::open() 
20260831 131811.584 INFO             PET3 ESMCI_PIO_Handler.C:178 ESMCI::PIO_Handler::initialize() 
20260831 131811.584 INFO             PET3 ESMCI_PIO_Handler.C:191 ESMCI::PIO_Handler::initialize()     Before PIOc_Init_Intracomm, num_iotasks = 1
20260831 131811.584 INFO             PET3 ESMCI_PIO_Handler.C:194 ESMCI::PIO_Handler::initialize()     After PIOc_Init_Intracomm, instance = 65536
20260831 131811.584 INFO             PET3 ESMCI_PIO_Handler.C:210 ESMCI::PIO_Handler::initialize()     After PIOc_Set_IOSystem_Error_Handling
20260831 131811.584 INFO             PET3 ESMCI_PIO_Handler.C:213 ESMCI::PIO_Handler::initialize()     push_back
20260831 131811.584 INFO             PET3 ESMCI_PIO_Handler.C:303 ESMCI::PIO_Handler::initializeVM     After initialize, rc = 0
20260831 131811.584 INFO             PET3 ESMCI_PIO_Handler.C:305 ESMCI::PIO_Handler::initializeVM     Looking for active instance, size = 1
20260831 131811.584 INFO             PET3 ESMCI_PIO_Handler.C:307 ESMCI::PIO_Handler::initializeVM     Fetched PIO system descriptor, 0x10000
20260831 131811.584 INFO             PET3 ESMCI_PIO_Handler.C:1561 ESMCI::PIO_Handler::isOpen() 
20260831 131811.584 INFO             PET3 ESMCI_PIO_Handler.C:1564 ESMCI::PIO_Handler::isOpen()     pioFileDesc is NULL
20260831 131811.584 INFO             PET3 ESMCI_PIO_Handler.C:1561 ESMCI::PIO_Handler::isOpen() 
20260831 131811.584 INFO             PET3 ESMCI_PIO_Handler.C:1564 ESMCI::PIO_Handler::isOpen()     pioFileDesc is NULL
20260831 131811.584 INFO             PET3 ESMCI_PIO_Handler.C:1279 ESMCI::PIO_Handler::openOneTileF 
20260831 131811.584 INFO             PET3 ESMCI_PIO_Handler.C:1561 ESMCI::PIO_Handler::isOpen() 
20260831 131811.584 INFO             PET3 ESMCI_PIO_Handler.C:1564 ESMCI::PIO_Handler::isOpen()     pioFileDesc is NULL
20260831 131811.584 INFO             PET3 ESMCI_IO_Handler.C:640 ESMCI::IO_Handler::fileExists()     File, "data_ATM_import.nc" exists
20260831 131811.584 INFO             PET3 ESMCI_PIO_Handler.C:1397 ESMCI::PIO_Handler::openOneTileF      calling PIOc_openfile with mode = 1, file = "data_ATM_import.nc"
20260831 131811.584 INFO             PET3 ESMCI_PIO_Handler.C:1403 ESMCI::PIO_Handler::openOneTileF     , called PIOc_openfile on data_ATM_import.nc
20260831 131811.584 INFO             PET3 ESMCI_IO.C:498 ESMCI::IO::write()     open returned 0
20260831 131811.584 INFO             PET3 ESMCI_IO.C:567 ESMCI::IO::write() 
20260831 131811.584 INFO             PET3 ESMCI_IO_Handler.C:449 ESMCI::IO_Handler::arrayWrite() 
20260831 131811.584 INFO             PET3 ESMCI_PIO_Handler.C:818 ESMCI::PIO_Handler::arrayWriteOn 
20260831 131811.584 INFO             PET3 ESMCI_PIO_Handler.C:1561 ESMCI::PIO_Handler::isOpen() 
20260831 131811.584 INFO             PET3 ESMCI_PIO_Handler.C:1567 ESMCI::PIO_Handler::isOpen()     File is open
20260831 131811.584 INFO             PET3 ESMCI_PIO_Handler.C:1718 ESMCI::PIO_Handler::getIODesc() 
20260831 131811.584 INFO             PET3 ESMCI_PIO_Handler.C:1721 ESMCI::PIO_Handler::getIODesc()     calling constructPioDecomp
20260831 131811.584 INFO             PET3 ESMCI_PIO_Handler.C:1974 ESMCI::PIO_IODescHandler::constr 
20260831 131811.584 INFO             PET3 ESMCI_PIO_Handler.C:1996 ESMCI::PIO_IODescHandler::constr     localDeCount = 1
20260831 131811.585 INFO             PET3 ESMCI_PIO_Handler.C:2025 ESMCI::PIO_IODescHandler::constr     pioDofCount = 1000
20260831 131811.585 INFO             PET3 ESMCI_PIO_Handler.C:2144 ESMCI::PIO_IODescHandler::constr     , IODesc shape = [ 010, 100 ], calling pio_initdecomp
20260831 131811.585 INFO             PET3 ESMCI_PIO_Handler.C:2151 ESMCI::PIO_IODescHandler::constr     , IODesc dims = [ 010, 100 ]
20260831 131811.585 INFO             PET3 ESMCI_PIO_Handler.C:2165 ESMCI::PIO_IODescHandler::constr     after call to PIOc_initdecomp_dof
20260831 131811.585 INFO             PET3 ESMCI_PIO_Handler.C:1724 ESMCI::PIO_Handler::getIODesc()     constructPioDecomp call complete, localrc = 0
20260831 131811.585 INFO             PET3 ESMCI_PIO_Handler.C:2280 ESMCI::PIO_IODescHandler::getDim 
20260831 131811.585 INFO             PET3 ESMCI_PIO_Handler.C:2287 ESMCI::PIO_IODescHandler::getDim     getDims: found handler, nioDims = 2, ioDims = 0x600003b1e710, narrDims = 2
20260831 131811.585 INFO             PET3 ESMCI_PIO_Handler.C:1751 ESMCI::PIO_Handler::getIODesc()     getDims complete, calling getIOType
20260831 131811.585 INFO             PET3 ESMCI_PIO_Handler.C:2342 ESMCI::PIO_IODescHandler::getIOT 
20260831 131811.585 INFO             PET3 ESMCI_PIO_Handler.C:862 ESMCI::PIO_Handler::arrayWriteOn     baseAddress = 0x0x15e80c000
20260831 131811.585 INFO             PET3 ESMCI_PIO_Handler.C:872 ESMCI::PIO_Handler::arrayWriteOn     arrlen = 1000
20260831 131811.585 INFO             PET3 ESMCI_PIO_Handler.C:881 ESMCI::PIO_Handler::arrayWriteOn     varname = "sea_surface_temperature"
20260831 131811.585 INFO             PET3 ESMCI_PIO_Handler.C:888 ESMCI::PIO_Handler::arrayWriteOn     Entering NetCDF define mode (redef)
20260831 131811.585 INFO             PET3 ESMCI_PIO_Handler.C:902 ESMCI::PIO_Handler::arrayWriteOn     Calling PIOc_inq
20260831 131811.585 INFO             PET3 ESMCI_PIO_Handler.C:911 ESMCI::PIO_Handler::arrayWriteOn     Looking for variable in file
20260831 131811.585 INFO             PET3 ESMCI_PIO_Handler.C:922 ESMCI::PIO_Handler::arrayWriteOn     Checking time dimension
20260831 131811.585 INFO             PET3 ESMCI_PIO_Handler.C:929 ESMCI::PIO_Handler::arrayWriteOn     inq_dimid  = 0
20260831 131811.585 INFO             PET3 ESMCI_PIO_Handler.C:930 ESMCI::PIO_Handler::arrayWriteOn     hasTimeDim = 1
20260831 131811.585 INFO             PET3 ESMCI_PIO_Handler.C:931 ESMCI::PIO_Handler::arrayWriteOn     unlim = 2
20260831 131811.585 INFO             PET3 ESMCI_PIO_Handler.C:935 ESMCI::PIO_Handler::arrayWriteOn     inq_dimlen = 0
20260831 131811.585 INFO             PET3 ESMCI_PIO_Handler.C:936 ESMCI::PIO_Handler::arrayWriteOn     dimidTime = 2
20260831 131811.585 INFO             PET3 ESMCI_PIO_Handler.C:937 ESMCI::PIO_Handler::arrayWriteOn     timeLen = 5
20260831 131811.585 INFO             PET3 ESMCI_PIO_Handler.C:972 ESMCI::PIO_Handler::arrayWriteOn     ready to check var compat., timeFrame = 5
20260831 131811.585 INFO             PET3 ESMCI_PIO_Handler.C:994 ESMCI::PIO_Handler::arrayWriteOn     Calling pio_cpp_inq_vardimid_vdesc
20260831 131811.585 INFO             PET3 ESMCI_PIO_Handler.C:1010 ESMCI::PIO_Handler::arrayWriteOn     PIOc_inq_dimlen for dim = 0 dimLen=5
20260831 131811.585 INFO             PET3 ESMCI_PIO_Handler.C:1010 ESMCI::PIO_Handler::arrayWriteOn     PIOc_inq_dimlen for dim = 1 dimLen=100
20260831 131811.585 INFO             PET3 ESMCI_PIO_Handler.C:1010 ESMCI::PIO_Handler::arrayWriteOn     PIOc_inq_dimlen for dim = 2 dimLen=10
20260831 131811.585 INFO             PET3 ESMCI_PIO_Handler.C:1129 ESMCI::PIO_Handler::arrayWriteOn     varExists = 1
20260831 131811.585 INFO             PET3 ESMCI_PIO_Handler.C:1145 ESMCI::PIO_Handler::arrayWriteOn     calling setframe, timeFrame = 5
20260831 131811.585 INFO             PET3 ESMCI_PIO_Handler.C:1161 ESMCI::PIO_Handler::arrayWriteOn     varid = 1
20260831 131811.585 INFO             PET3 ESMCI_PIO_Handler.C:1182 ESMCI::PIO_Handler::arrayWriteOn     calling enddef, status = 0x16f0c033c
20260831 131811.585 INFO             PET3 ESMCI_PIO_Handler.C:1191 ESMCI::PIO_Handler::arrayWriteOn     calling write_darray, pio type = 6, address = 0x15e80c000
20260831 131811.585 INFO             PET3 ESMCI_PIO_Handler.C:1208 ESMCI::PIO_Handler::arrayWriteOn     cleanup and return
20260831 131811.585 INFO             PET3 ESMCI_IO.C:514 ESMCI::IO::write()     write returned 0
20260831 131811.585 INFO             PET3 ESMCI_IO.C:956 ESMCI::IO::close() 
20260831 131811.585 INFO             PET3 ESMCI_IO_Handler.C:814 ESMCI::IO_Handler::flush() 
20260831 131811.585 INFO             PET3 ESMCI_PIO_Handler.C:1612 ESMCI::PIO_Handler::flushOneTile 
20260831 131811.585 INFO             PET3 ESMCI_PIO_Handler.C:1561 ESMCI::PIO_Handler::isOpen() 
20260831 131811.585 INFO             PET3 ESMCI_PIO_Handler.C:1567 ESMCI::PIO_Handler::isOpen()     File is open
20260831 131811.585 INFO             PET3 ESMCI_PIO_Handler.C:1615 ESMCI::PIO_Handler::flushOneTile     calling sync
20260831 131811.585 INFO             PET3 ESMCI_IO_Handler.C:854 ESMCI::IO_Handler::close() 
20260831 131811.585 INFO             PET3 ESMCI_PIO_Handler.C:1660 ESMCI::PIO_Handler::closeOneTile 
20260831 131811.585 INFO             PET3 ESMCI_PIO_Handler.C:1561 ESMCI::PIO_Handler::isOpen() 
20260831 131811.585 INFO             PET3 ESMCI_PIO_Handler.C:1567 ESMCI::PIO_Handler::isOpen()     File is open
20260831 131811.585 INFO             PET3 ESMCI_IO.C:523 ESMCI::IO::write()     close returned 0
20260831 131811.585 INFO             PET3 ESMCI_IO.C:200 ESMCI::IO::destroy() 
20260831 131811.585 INFO             PET3 ESMCI_IO.C:73 ESMCI::IO::destruct() 
20260831 131811.585 INFO             PET3 ESMCI_PIO_Handler.C:549 ESMCI::PIO_Handler::destruct() 
20260831 131811.585 INFO             PET3 ESMCI_PIO_Handler.C:551 ESMCI::PIO_Handler::destruct()      (0): closing file
20260831 131811.585 INFO             PET3 ESMCI_IO_Handler.C:854 ESMCI::IO_Handler::close() 
20260831 131811.585 INFO             PET3 ESMCI_PIO_Handler.C:1660 ESMCI::PIO_Handler::closeOneTile 
20260831 131811.585 INFO             PET3 ESMCI_PIO_Handler.C:1561 ESMCI::PIO_Handler::isOpen() 
20260831 131811.585 INFO             PET3 ESMCI_PIO_Handler.C:1564 ESMCI::PIO_Handler::isOpen()     pioFileDesc is NULL
20260831 131811.585 INFO             PET3 ESMCI_IO_Handler.C:281 ESMCI::IO_Handler::destroy() 
20260831 131811.585 INFO             PET3 ESMCI_PIO_Handler.C:357 ESMCI::PIO_Handler::finalize() 
20260831 131811.585 INFO             PET3 ESMCI_PIO_Handler.C:1885 ESMCI::PIO_IODescHandler::~PIO_I     calling PIOc_freedecomp
20260831 131811.585 INFO             PET3 ESMCI_IO_Handler.C:283 ESMCI::IO_Handler::destroy()     after finalize, localrc = 0
20260831 131811.585 INFO             PET3 ESMCI_IO.C:150 ESMCI::IO::create() 
20260831 131811.585 INFO             PET3 ESMCI_IO.C:1049 ESMCI::IO::addArray() 
20260831 131811.585 INFO             PET3 ESMCI_IO.C:490 ESMCI::IO::write() 
20260831 131811.585 INFO             PET3 ESMCI_IO.C:845 ESMCI::IO::open() 
20260831 131811.585 INFO             PET3 ESMCI_PIO_Handler.C:178 ESMCI::PIO_Handler::initialize() 
20260831 131811.585 INFO             PET3 ESMCI_PIO_Handler.C:191 ESMCI::PIO_Handler::initialize()     Before PIOc_Init_Intracomm, num_iotasks = 1
20260831 131811.585 INFO             PET3 ESMCI_PIO_Handler.C:194 ESMCI::PIO_Handler::initialize()     After PIOc_Init_Intracomm, instance = 65536
20260831 131811.585 INFO             PET3 ESMCI_PIO_Handler.C:210 ESMCI::PIO_Handler::initialize()     After PIOc_Set_IOSystem_Error_Handling
20260831 131811.585 INFO             PET3 ESMCI_PIO_Handler.C:213 ESMCI::PIO_Handler::initialize()     push_back
20260831 131811.585 INFO             PET3 ESMCI_PIO_Handler.C:303 ESMCI::PIO_Handler::initializeVM     After initialize, rc = 0
20260831 131811.585 INFO             PET3 ESMCI_PIO_Handler.C:305 ESMCI::PIO_Handler::initializeVM     Looking for active instance, size = 1
20260831 131811.585 INFO             PET3 ESMCI_PIO_Handler.C:307 ESMCI::PIO_Handler::initializeVM     Fetched PIO system descriptor, 0x10000
20260831 131811.586 INFO             PET3 ESMCI_PIO_Handler.C:1561 ESMCI::PIO_Handler::isOpen() 
20260831 131811.586 INFO             PET3 ESMCI_PIO_Handler.C:1564 ESMCI::PIO_Handler::isOpen()     pioFileDesc is NULL
20260831 131811.586 INFO             PET3 ESMCI_PIO_Handler.C:1561 ESMCI::PIO_Handler::isOpen() 
20260831 131811.586 INFO             PET3 ESMCI_PIO_Handler.C:1564 ESMCI::PIO_Handler::isOpen()     pioFileDesc is NULL
20260831 131811.586 INFO             PET3 ESMCI_PIO_Handler.C:1279 ESMCI::PIO_Handler::openOneTileF 
20260831 131811.586 INFO             PET3 ESMCI_PIO_Handler.C:1561 ESMCI::PIO_Handler::isOpen() 
20260831 131811.586 INFO             PET3 ESMCI_PIO_Handler.C:1564 ESMCI::PIO_Handler::isOpen()     pioFileDesc is NULL
20260831 131811.586 INFO             PET3 ESMCI_IO_Handler.C:640 ESMCI::IO_Handler::fileExists()     File, "data_ATM_export.nc" exists
20260831 131811.586 INFO             PET3 ESMCI_PIO_Handler.C:1397 ESMCI::PIO_Handler::openOneTileF      calling PIOc_openfile with mode = 1, file = "data_ATM_export.nc"
20260831 131811.586 INFO             PET3 ESMCI_PIO_Handler.C:1403 ESMCI::PIO_Handler::openOneTileF     , called PIOc_openfile on data_ATM_export.nc
20260831 131811.586 INFO             PET3 ESMCI_IO.C:498 ESMCI::IO::write()     open returned 0
20260831 131811.586 INFO             PET3 ESMCI_IO.C:567 ESMCI::IO::write() 
20260831 131811.586 INFO             PET3 ESMCI_IO_Handler.C:449 ESMCI::IO_Handler::arrayWrite() 
20260831 131811.586 INFO             PET3 ESMCI_PIO_Handler.C:818 ESMCI::PIO_Handler::arrayWriteOn 
20260831 131811.586 INFO             PET3 ESMCI_PIO_Handler.C:1561 ESMCI::PIO_Handler::isOpen() 
20260831 131811.586 INFO             PET3 ESMCI_PIO_Handler.C:1567 ESMCI::PIO_Handler::isOpen()     File is open
20260831 131811.586 INFO             PET3 ESMCI_PIO_Handler.C:1718 ESMCI::PIO_Handler::getIODesc() 
20260831 131811.586 INFO             PET3 ESMCI_PIO_Handler.C:1721 ESMCI::PIO_Handler::getIODesc()     calling constructPioDecomp
20260831 131811.586 INFO             PET3 ESMCI_PIO_Handler.C:1974 ESMCI::PIO_IODescHandler::constr 
20260831 131811.586 INFO             PET3 ESMCI_PIO_Handler.C:1996 ESMCI::PIO_IODescHandler::constr     localDeCount = 1
20260831 131811.586 INFO             PET3 ESMCI_PIO_Handler.C:2025 ESMCI::PIO_IODescHandler::constr     pioDofCount = 1000
20260831 131811.586 INFO             PET3 ESMCI_PIO_Handler.C:2144 ESMCI::PIO_IODescHandler::constr     , IODesc shape = [ 010, 100 ], calling pio_initdecomp
20260831 131811.586 INFO             PET3 ESMCI_PIO_Handler.C:2151 ESMCI::PIO_IODescHandler::constr     , IODesc dims = [ 010, 100 ]
20260831 131811.586 INFO             PET3 ESMCI_PIO_Handler.C:2165 ESMCI::PIO_IODescHandler::constr     after call to PIOc_initdecomp_dof
20260831 131811.586 INFO             PET3 ESMCI_PIO_Handler.C:1724 ESMCI::PIO_Handler::getIODesc()     constructPioDecomp call complete, localrc = 0
20260831 131811.586 INFO             PET3 ESMCI_PIO_Handler.C:2280 ESMCI::PIO_IODescHandler::getDim 
20260831 131811.586 INFO             PET3 ESMCI_PIO_Handler.C:2287 ESMCI::PIO_IODescHandler::getDim     getDims: found handler, nioDims = 2, ioDims = 0x600003b02820, narrDims = 2
20260831 131811.586 INFO             PET3 ESMCI_PIO_Handler.C:1751 ESMCI::PIO_Handler::getIODesc()     getDims complete, calling getIOType
20260831 131811.586 INFO             PET3 ESMCI_PIO_Handler.C:2342 ESMCI::PIO_IODescHandler::getIOT 
20260831 131811.586 INFO             PET3 ESMCI_PIO_Handler.C:862 ESMCI::PIO_Handler::arrayWriteOn     baseAddress = 0x0x15e811e00
20260831 131811.586 INFO             PET3 ESMCI_PIO_Handler.C:872 ESMCI::PIO_Handler::arrayWriteOn     arrlen = 1000
20260831 131811.586 INFO             PET3 ESMCI_PIO_Handler.C:881 ESMCI::PIO_Handler::arrayWriteOn     varname = "air_pressure_at_sea_level"
20260831 131811.586 INFO             PET3 ESMCI_PIO_Handler.C:888 ESMCI::PIO_Handler::arrayWriteOn     Entering NetCDF define mode (redef)
20260831 131811.586 INFO             PET3 ESMCI_PIO_Handler.C:902 ESMCI::PIO_Handler::arrayWriteOn     Calling PIOc_inq
20260831 131811.586 INFO             PET3 ESMCI_PIO_Handler.C:911 ESMCI::PIO_Handler::arrayWriteOn     Looking for variable in file
20260831 131811.586 INFO             PET3 ESMCI_PIO_Handler.C:922 ESMCI::PIO_Handler::arrayWriteOn     Checking time dimension
20260831 131811.586 INFO             PET3 ESMCI_PIO_Handler.C:929 ESMCI::PIO_Handler::arrayWriteOn     inq_dimid  = 0
20260831 131811.586 INFO             PET3 ESMCI_PIO_Handler.C:930 ESMCI::PIO_Handler::arrayWriteOn     hasTimeDim = 1
20260831 131811.586 INFO             PET3 ESMCI_PIO_Handler.C:931 ESMCI::PIO_Handler::arrayWriteOn     unlim = 2
20260831 131811.586 INFO             PET3 ESMCI_PIO_Handler.C:935 ESMCI::PIO_Handler::arrayWriteOn     inq_dimlen = 0
20260831 131811.586 INFO             PET3 ESMCI_PIO_Handler.C:936 ESMCI::PIO_Handler::arrayWriteOn     dimidTime = 2
20260831 131811.586 INFO             PET3 ESMCI_PIO_Handler.C:937 ESMCI::PIO_Handler::arrayWriteOn     timeLen = 4
20260831 131811.586 INFO             PET3 ESMCI_PIO_Handler.C:972 ESMCI::PIO_Handler::arrayWriteOn     ready to check var compat., timeFrame = 5
20260831 131811.586 INFO             PET3 ESMCI_PIO_Handler.C:994 ESMCI::PIO_Handler::arrayWriteOn     Calling pio_cpp_inq_vardimid_vdesc
20260831 131811.586 INFO             PET3 ESMCI_PIO_Handler.C:1010 ESMCI::PIO_Handler::arrayWriteOn     PIOc_inq_dimlen for dim = 0 dimLen=4
20260831 131811.586 INFO             PET3 ESMCI_PIO_Handler.C:1010 ESMCI::PIO_Handler::arrayWriteOn     PIOc_inq_dimlen for dim = 1 dimLen=100
20260831 131811.586 INFO             PET3 ESMCI_PIO_Handler.C:1010 ESMCI::PIO_Handler::arrayWriteOn     PIOc_inq_dimlen for dim = 2 dimLen=10
20260831 131811.586 INFO             PET3 ESMCI_PIO_Handler.C:1129 ESMCI::PIO_Handler::arrayWriteOn     varExists = 1
20260831 131811.586 INFO             PET3 ESMCI_PIO_Handler.C:1145 ESMCI::PIO_Handler::arrayWriteOn     calling setframe, timeFrame = 5
20260831 131811.586 INFO             PET3 ESMCI_PIO_Handler.C:1161 ESMCI::PIO_Handler::arrayWriteOn     varid = 0
20260831 131811.586 INFO             PET3 ESMCI_PIO_Handler.C:1182 ESMCI::PIO_Handler::arrayWriteOn     calling enddef, status = 0x16f0c033c
20260831 131811.586 INFO             PET3 ESMCI_PIO_Handler.C:1191 ESMCI::PIO_Handler::arrayWriteOn     calling write_darray, pio type = 6, address = 0x15e811e00
20260831 131811.586 INFO             PET3 ESMCI_PIO_Handler.C:1208 ESMCI::PIO_Handler::arrayWriteOn     cleanup and return
20260831 131811.586 INFO             PET3 ESMCI_IO.C:514 ESMCI::IO::write()     write returned 0
20260831 131811.586 INFO             PET3 ESMCI_IO.C:956 ESMCI::IO::close() 
20260831 131811.586 INFO             PET3 ESMCI_IO_Handler.C:814 ESMCI::IO_Handler::flush() 
20260831 131811.586 INFO             PET3 ESMCI_PIO_Handler.C:1612 ESMCI::PIO_Handler::flushOneTile 
20260831 131811.586 INFO             PET3 ESMCI_PIO_Handler.C:1561 ESMCI::PIO_Handler::isOpen() 
20260831 131811.586 INFO             PET3 ESMCI_PIO_Handler.C:1567 ESMCI::PIO_Handler::isOpen()     File is open
20260831 131811.586 INFO             PET3 ESMCI_PIO_Handler.C:1615 ESMCI::PIO_Handler::flushOneTile     calling sync
20260831 131811.586 INFO             PET3 ESMCI_IO_Handler.C:854 ESMCI::IO_Handler::close() 
20260831 131811.586 INFO             PET3 ESMCI_PIO_Handler.C:1660 ESMCI::PIO_Handler::closeOneTile 
20260831 131811.586 INFO             PET3 ESMCI_PIO_Handler.C:1561 ESMCI::PIO_Handler::isOpen() 
20260831 131811.586 INFO             PET3 ESMCI_PIO_Handler.C:1567 ESMCI::PIO_Handler::isOpen()     File is open
20260831 131811.587 INFO             PET3 ESMCI_IO.C:523 ESMCI::IO::write()     close returned 0
20260831 131811.587 INFO             PET3 ESMCI_IO.C:200 ESMCI::IO::destroy() 
20260831 131811.587 INFO             PET3 ESMCI_IO.C:73 ESMCI::IO::destruct() 
20260831 131811.587 INFO             PET3 ESMCI_PIO_Handler.C:549 ESMCI::PIO_Handler::destruct() 
20260831 131811.587 INFO             PET3 ESMCI_PIO_Handler.C:551 ESMCI::PIO_Handler::destruct()      (0): closing file
20260831 131811.587 INFO             PET3 ESMCI_IO_Handler.C:854 ESMCI::IO_Handler::close() 
20260831 131811.587 INFO             PET3 ESMCI_PIO_Handler.C:1660 ESMCI::PIO_Handler::closeOneTile 
20260831 131811.587 INFO             PET3 ESMCI_PIO_Handler.C:1561 ESMCI::PIO_Handler::isOpen() 
20260831 131811.587 INFO             PET3 ESMCI_PIO_Handler.C:1564 ESMCI::PIO_Handler::isOpen()     pioFileDesc is NULL
20260831 131811.587 INFO             PET3 ESMCI_IO_Handler.C:281 ESMCI::IO_Handler::destroy() 
20260831 131811.587 INFO             PET3 ESMCI_PIO_Handler.C:357 ESMCI::PIO_Handler::finalize() 
20260831 131811.587 INFO             PET3 ESMCI_PIO_Handler.C:1885 ESMCI::PIO_IODescHandler::~PIO_I     calling PIOc_freedecomp
20260831 131811.587 INFO             PET3 ESMCI_IO_Handler.C:283 ESMCI::IO_Handler::destroy()     after finalize, localrc = 0
20260831 131811.587 INFO             PET3 ESMCI_IO.C:150 ESMCI::IO::create() 
20260831 131811.587 INFO             PET3 ESMCI_IO.C:1049 ESMCI::IO::addArray() 
20260831 131811.587 INFO             PET3 ESMCI_IO.C:490 ESMCI::IO::write() 
20260831 131811.587 INFO             PET3 ESMCI_IO.C:845 ESMCI::IO::open() 
20260831 131811.587 INFO             PET3 ESMCI_PIO_Handler.C:178 ESMCI::PIO_Handler::initialize() 
20260831 131811.587 INFO             PET3 ESMCI_PIO_Handler.C:191 ESMCI::PIO_Handler::initialize()     Before PIOc_Init_Intracomm, num_iotasks = 1
20260831 131811.587 INFO             PET3 ESMCI_PIO_Handler.C:194 ESMCI::PIO_Handler::initialize()     After PIOc_Init_Intracomm, instance = 65536
20260831 131811.587 INFO             PET3 ESMCI_PIO_Handler.C:210 ESMCI::PIO_Handler::initialize()     After PIOc_Set_IOSystem_Error_Handling
20260831 131811.587 INFO             PET3 ESMCI_PIO_Handler.C:213 ESMCI::PIO_Handler::initialize()     push_back
20260831 131811.587 INFO             PET3 ESMCI_PIO_Handler.C:303 ESMCI::PIO_Handler::initializeVM     After initialize, rc = 0
20260831 131811.587 INFO             PET3 ESMCI_PIO_Handler.C:305 ESMCI::PIO_Handler::initializeVM     Looking for active instance, size = 1
20260831 131811.587 INFO             PET3 ESMCI_PIO_Handler.C:307 ESMCI::PIO_Handler::initializeVM     Fetched PIO system descriptor, 0x10000
20260831 131811.587 INFO             PET3 ESMCI_PIO_Handler.C:1561 ESMCI::PIO_Handler::isOpen() 
20260831 131811.587 INFO             PET3 ESMCI_PIO_Handler.C:1564 ESMCI::PIO_Handler::isOpen()     pioFileDesc is NULL
20260831 131811.587 INFO             PET3 ESMCI_PIO_Handler.C:1561 ESMCI::PIO_Handler::isOpen() 
20260831 131811.587 INFO             PET3 ESMCI_PIO_Handler.C:1564 ESMCI::PIO_Handler::isOpen()     pioFileDesc is NULL
20260831 131811.587 INFO             PET3 ESMCI_PIO_Handler.C:1279 ESMCI::PIO_Handler::openOneTileF 
20260831 131811.587 INFO             PET3 ESMCI_PIO_Handler.C:1561 ESMCI::PIO_Handler::isOpen() 
20260831 131811.587 INFO             PET3 ESMCI_PIO_Handler.C:1564 ESMCI::PIO_Handler::isOpen()     pioFileDesc is NULL
20260831 131811.587 INFO             PET3 ESMCI_IO_Handler.C:640 ESMCI::IO_Handler::fileExists()     File, "data_ATM_export.nc" exists
20260831 131811.587 INFO             PET3 ESMCI_PIO_Handler.C:1397 ESMCI::PIO_Handler::openOneTileF      calling PIOc_openfile with mode = 1, file = "data_ATM_export.nc"
20260831 131811.587 INFO             PET3 ESMCI_PIO_Handler.C:1403 ESMCI::PIO_Handler::openOneTileF     , called PIOc_openfile on data_ATM_export.nc
20260831 131811.587 INFO             PET3 ESMCI_IO.C:498 ESMCI::IO::write()     open returned 0
20260831 131811.587 INFO             PET3 ESMCI_IO.C:567 ESMCI::IO::write() 
20260831 131811.587 INFO             PET3 ESMCI_IO_Handler.C:449 ESMCI::IO_Handler::arrayWrite() 
20260831 131811.587 INFO             PET3 ESMCI_PIO_Handler.C:818 ESMCI::PIO_Handler::arrayWriteOn 
20260831 131811.587 INFO             PET3 ESMCI_PIO_Handler.C:1561 ESMCI::PIO_Handler::isOpen() 
20260831 131811.587 INFO             PET3 ESMCI_PIO_Handler.C:1567 ESMCI::PIO_Handler::isOpen()     File is open
20260831 131811.587 INFO             PET3 ESMCI_PIO_Handler.C:1718 ESMCI::PIO_Handler::getIODesc() 
20260831 131811.587 INFO             PET3 ESMCI_PIO_Handler.C:1721 ESMCI::PIO_Handler::getIODesc()     calling constructPioDecomp
20260831 131811.587 INFO             PET3 ESMCI_PIO_Handler.C:1974 ESMCI::PIO_IODescHandler::constr 
20260831 131811.587 INFO             PET3 ESMCI_PIO_Handler.C:1996 ESMCI::PIO_IODescHandler::constr     localDeCount = 1
20260831 131811.587 INFO             PET3 ESMCI_PIO_Handler.C:2025 ESMCI::PIO_IODescHandler::constr     pioDofCount = 1000
20260831 131811.587 INFO             PET3 ESMCI_PIO_Handler.C:2144 ESMCI::PIO_IODescHandler::constr     , IODesc shape = [ 010, 100 ], calling pio_initdecomp
20260831 131811.587 INFO             PET3 ESMCI_PIO_Handler.C:2151 ESMCI::PIO_IODescHandler::constr     , IODesc dims = [ 010, 100 ]
20260831 131811.587 INFO             PET3 ESMCI_PIO_Handler.C:2165 ESMCI::PIO_IODescHandler::constr     after call to PIOc_initdecomp_dof
20260831 131811.587 INFO             PET3 ESMCI_PIO_Handler.C:1724 ESMCI::PIO_Handler::getIODesc()     constructPioDecomp call complete, localrc = 0
20260831 131811.587 INFO             PET3 ESMCI_PIO_Handler.C:2280 ESMCI::PIO_IODescHandler::getDim 
20260831 131811.587 INFO             PET3 ESMCI_PIO_Handler.C:2287 ESMCI::PIO_IODescHandler::getDim     getDims: found handler, nioDims = 2, ioDims = 0x600003b1ff70, narrDims = 2
20260831 131811.587 INFO             PET3 ESMCI_PIO_Handler.C:1751 ESMCI::PIO_Handler::getIODesc()     getDims complete, calling getIOType
20260831 131811.587 INFO             PET3 ESMCI_PIO_Handler.C:2342 ESMCI::PIO_IODescHandler::getIOT 
20260831 131811.587 INFO             PET3 ESMCI_PIO_Handler.C:862 ESMCI::PIO_Handler::arrayWriteOn     baseAddress = 0x0x15e814a00
20260831 131811.587 INFO             PET3 ESMCI_PIO_Handler.C:872 ESMCI::PIO_Handler::arrayWriteOn     arrlen = 1000
20260831 131811.587 INFO             PET3 ESMCI_PIO_Handler.C:881 ESMCI::PIO_Handler::arrayWriteOn     varname = "precipitation_flux"
20260831 131811.587 INFO             PET3 ESMCI_PIO_Handler.C:888 ESMCI::PIO_Handler::arrayWriteOn     Entering NetCDF define mode (redef)
20260831 131811.587 INFO             PET3 ESMCI_PIO_Handler.C:902 ESMCI::PIO_Handler::arrayWriteOn     Calling PIOc_inq
20260831 131811.587 INFO             PET3 ESMCI_PIO_Handler.C:911 ESMCI::PIO_Handler::arrayWriteOn     Looking for variable in file
20260831 131811.587 INFO             PET3 ESMCI_PIO_Handler.C:922 ESMCI::PIO_Handler::arrayWriteOn     Checking time dimension
20260831 131811.587 INFO             PET3 ESMCI_PIO_Handler.C:929 ESMCI::PIO_Handler::arrayWriteOn     inq_dimid  = 0
20260831 131811.588 INFO             PET3 ESMCI_PIO_Handler.C:930 ESMCI::PIO_Handler::arrayWriteOn     hasTimeDim = 1
20260831 131811.588 INFO             PET3 ESMCI_PIO_Handler.C:931 ESMCI::PIO_Handler::arrayWriteOn     unlim = 2
20260831 131811.588 INFO             PET3 ESMCI_PIO_Handler.C:935 ESMCI::PIO_Handler::arrayWriteOn     inq_dimlen = 0
20260831 131811.588 INFO             PET3 ESMCI_PIO_Handler.C:936 ESMCI::PIO_Handler::arrayWriteOn     dimidTime = 2
20260831 131811.588 INFO             PET3 ESMCI_PIO_Handler.C:937 ESMCI::PIO_Handler::arrayWriteOn     timeLen = 5
20260831 131811.588 INFO             PET3 ESMCI_PIO_Handler.C:972 ESMCI::PIO_Handler::arrayWriteOn     ready to check var compat., timeFrame = 5
20260831 131811.588 INFO             PET3 ESMCI_PIO_Handler.C:994 ESMCI::PIO_Handler::arrayWriteOn     Calling pio_cpp_inq_vardimid_vdesc
20260831 131811.588 INFO             PET3 ESMCI_PIO_Handler.C:1010 ESMCI::PIO_Handler::arrayWriteOn     PIOc_inq_dimlen for dim = 0 dimLen=5
20260831 131811.588 INFO             PET3 ESMCI_PIO_Handler.C:1010 ESMCI::PIO_Handler::arrayWriteOn     PIOc_inq_dimlen for dim = 1 dimLen=100
20260831 131811.588 INFO             PET3 ESMCI_PIO_Handler.C:1010 ESMCI::PIO_Handler::arrayWriteOn     PIOc_inq_dimlen for dim = 2 dimLen=10
20260831 131811.588 INFO             PET3 ESMCI_PIO_Handler.C:1129 ESMCI::PIO_Handler::arrayWriteOn     varExists = 1
20260831 131811.588 INFO             PET3 ESMCI_PIO_Handler.C:1145 ESMCI::PIO_Handler::arrayWriteOn     calling setframe, timeFrame = 5
20260831 131811.588 INFO             PET3 ESMCI_PIO_Handler.C:1161 ESMCI::PIO_Handler::arrayWriteOn     varid = 1
20260831 131811.588 INFO             PET3 ESMCI_PIO_Handler.C:1182 ESMCI::PIO_Handler::arrayWriteOn     calling enddef, status = 0x16f0c033c
20260831 131811.588 INFO             PET3 ESMCI_PIO_Handler.C:1191 ESMCI::PIO_Handler::arrayWriteOn     calling write_darray, pio type = 6, address = 0x15e814a00
20260831 131811.588 INFO             PET3 ESMCI_PIO_Handler.C:1208 ESMCI::PIO_Handler::arrayWriteOn     cleanup and return
20260831 131811.588 INFO             PET3 ESMCI_IO.C:514 ESMCI::IO::write()     write returned 0
20260831 131811.588 INFO             PET3 ESMCI_IO.C:956 ESMCI::IO::close() 
20260831 131811.588 INFO             PET3 ESMCI_IO_Handler.C:814 ESMCI::IO_Handler::flush() 
20260831 131811.588 INFO             PET3 ESMCI_PIO_Handler.C:1612 ESMCI::PIO_Handler::flushOneTile 
20260831 131811.588 INFO             PET3 ESMCI_PIO_Handler.C:1561 ESMCI::PIO_Handler::isOpen() 
20260831 131811.588 INFO             PET3 ESMCI_PIO_Handler.C:1567 ESMCI::PIO_Handler::isOpen()     File is open
20260831 131811.588 INFO             PET3 ESMCI_PIO_Handler.C:1615 ESMCI::PIO_Handler::flushOneTile     calling sync
20260831 131811.588 INFO             PET3 ESMCI_IO_Handler.C:854 ESMCI::IO_Handler::close() 
20260831 131811.588 INFO             PET3 ESMCI_PIO_Handler.C:1660 ESMCI::PIO_Handler::closeOneTile 
20260831 131811.588 INFO             PET3 ESMCI_PIO_Handler.C:1561 ESMCI::PIO_Handler::isOpen() 
20260831 131811.588 INFO             PET3 ESMCI_PIO_Handler.C:1567 ESMCI::PIO_Handler::isOpen()     File is open
20260831 131811.588 INFO             PET3 ESMCI_IO.C:523 ESMCI::IO::write()     close returned 0
20260831 131811.588 INFO             PET3 ESMCI_IO.C:200 ESMCI::IO::destroy() 
20260831 131811.588 INFO             PET3 ESMCI_IO.C:73 ESMCI::IO::destruct() 
20260831 131811.588 INFO             PET3 ESMCI_PIO_Handler.C:549 ESMCI::PIO_Handler::destruct() 
20260831 131811.588 INFO             PET3 ESMCI_PIO_Handler.C:551 ESMCI::PIO_Handler::destruct()      (0): closing file
20260831 131811.588 INFO             PET3 ESMCI_IO_Handler.C:854 ESMCI::IO_Handler::close() 
20260831 131811.588 INFO             PET3 ESMCI_PIO_Handler.C:1660 ESMCI::PIO_Handler::closeOneTile 
20260831 131811.588 INFO             PET3 ESMCI_PIO_Handler.C:1561 ESMCI::PIO_Handler::isOpen() 
20260831 131811.588 INFO             PET3 ESMCI_PIO_Handler.C:1564 ESMCI::PIO_Handler::isOpen()     pioFileDesc is NULL
20260831 131811.588 INFO             PET3 ESMCI_IO_Handler.C:281 ESMCI::IO_Handler::destroy() 
20260831 131811.588 INFO             PET3 ESMCI_PIO_Handler.C:357 ESMCI::PIO_Handler::finalize() 
20260831 131811.588 INFO             PET3 ESMCI_PIO_Handler.C:1885 ESMCI::PIO_IODescHandler::~PIO_I     calling PIOc_freedecomp
20260831 131811.588 INFO             PET3 ESMCI_IO_Handler.C:283 ESMCI::IO_Handler::destroy()     after finalize, localrc = 0
20260831 131811.588 INFO             PET3 ESMCI_IO.C:150 ESMCI::IO::create() 
20260831 131811.588 INFO             PET3 ESMCI_IO.C:1049 ESMCI::IO::addArray() 
20260831 131811.588 INFO             PET3 ESMCI_IO.C:490 ESMCI::IO::write() 
20260831 131811.588 INFO             PET3 ESMCI_IO.C:845 ESMCI::IO::open() 
20260831 131811.588 INFO             PET3 ESMCI_PIO_Handler.C:178 ESMCI::PIO_Handler::initialize() 
20260831 131811.588 INFO             PET3 ESMCI_PIO_Handler.C:191 ESMCI::PIO_Handler::initialize()     Before PIOc_Init_Intracomm, num_iotasks = 1
20260831 131811.588 INFO             PET3 ESMCI_PIO_Handler.C:194 ESMCI::PIO_Handler::initialize()     After PIOc_Init_Intracomm, instance = 65536
20260831 131811.588 INFO             PET3 ESMCI_PIO_Handler.C:210 ESMCI::PIO_Handler::initialize()     After PIOc_Set_IOSystem_Error_Handling
20260831 131811.588 INFO             PET3 ESMCI_PIO_Handler.C:213 ESMCI::PIO_Handler::initialize()     push_back
20260831 131811.588 INFO             PET3 ESMCI_PIO_Handler.C:303 ESMCI::PIO_Handler::initializeVM     After initialize, rc = 0
20260831 131811.588 INFO             PET3 ESMCI_PIO_Handler.C:305 ESMCI::PIO_Handler::initializeVM     Looking for active instance, size = 1
20260831 131811.588 INFO             PET3 ESMCI_PIO_Handler.C:307 ESMCI::PIO_Handler::initializeVM     Fetched PIO system descriptor, 0x10000
20260831 131811.588 INFO             PET3 ESMCI_PIO_Handler.C:1561 ESMCI::PIO_Handler::isOpen() 
20260831 131811.588 INFO             PET3 ESMCI_PIO_Handler.C:1564 ESMCI::PIO_Handler::isOpen()     pioFileDesc is NULL
20260831 131811.588 INFO             PET3 ESMCI_PIO_Handler.C:1561 ESMCI::PIO_Handler::isOpen() 
20260831 131811.588 INFO             PET3 ESMCI_PIO_Handler.C:1564 ESMCI::PIO_Handler::isOpen()     pioFileDesc is NULL
20260831 131811.588 INFO             PET3 ESMCI_PIO_Handler.C:1279 ESMCI::PIO_Handler::openOneTileF 
20260831 131811.588 INFO             PET3 ESMCI_PIO_Handler.C:1561 ESMCI::PIO_Handler::isOpen() 
20260831 131811.588 INFO             PET3 ESMCI_PIO_Handler.C:1564 ESMCI::PIO_Handler::isOpen()     pioFileDesc is NULL
20260831 131811.588 INFO             PET3 ESMCI_IO_Handler.C:640 ESMCI::IO_Handler::fileExists()     File, "data_ATM_export.nc" exists
20260831 131811.588 INFO             PET3 ESMCI_PIO_Handler.C:1397 ESMCI::PIO_Handler::openOneTileF      calling PIOc_openfile with mode = 1, file = "data_ATM_export.nc"
20260831 131811.588 INFO             PET3 ESMCI_PIO_Handler.C:1403 ESMCI::PIO_Handler::openOneTileF     , called PIOc_openfile on data_ATM_export.nc
20260831 131811.588 INFO             PET3 ESMCI_IO.C:498 ESMCI::IO::write()     open returned 0
20260831 131811.588 INFO             PET3 ESMCI_IO.C:567 ESMCI::IO::write() 
20260831 131811.588 INFO             PET3 ESMCI_IO_Handler.C:449 ESMCI::IO_Handler::arrayWrite() 
20260831 131811.588 INFO             PET3 ESMCI_PIO_Handler.C:818 ESMCI::PIO_Handler::arrayWriteOn 
20260831 131811.588 INFO             PET3 ESMCI_PIO_Handler.C:1561 ESMCI::PIO_Handler::isOpen() 
20260831 131811.588 INFO             PET3 ESMCI_PIO_Handler.C:1567 ESMCI::PIO_Handler::isOpen()     File is open
20260831 131811.588 INFO             PET3 ESMCI_PIO_Handler.C:1718 ESMCI::PIO_Handler::getIODesc() 
20260831 131811.588 INFO             PET3 ESMCI_PIO_Handler.C:1721 ESMCI::PIO_Handler::getIODesc()     calling constructPioDecomp
20260831 131811.588 INFO             PET3 ESMCI_PIO_Handler.C:1974 ESMCI::PIO_IODescHandler::constr 
20260831 131811.588 INFO             PET3 ESMCI_PIO_Handler.C:1996 ESMCI::PIO_IODescHandler::constr     localDeCount = 1
20260831 131811.588 INFO             PET3 ESMCI_PIO_Handler.C:2025 ESMCI::PIO_IODescHandler::constr     pioDofCount = 1000
20260831 131811.588 INFO             PET3 ESMCI_PIO_Handler.C:2144 ESMCI::PIO_IODescHandler::constr     , IODesc shape = [ 010, 100 ], calling pio_initdecomp
20260831 131811.588 INFO             PET3 ESMCI_PIO_Handler.C:2151 ESMCI::PIO_IODescHandler::constr     , IODesc dims = [ 010, 100 ]
20260831 131811.589 INFO             PET3 ESMCI_PIO_Handler.C:2165 ESMCI::PIO_IODescHandler::constr     after call to PIOc_initdecomp_dof
20260831 131811.589 INFO             PET3 ESMCI_PIO_Handler.C:1724 ESMCI::PIO_Handler::getIODesc()     constructPioDecomp call complete, localrc = 0
20260831 131811.589 INFO             PET3 ESMCI_PIO_Handler.C:2280 ESMCI::PIO_IODescHandler::getDim 
20260831 131811.589 INFO             PET3 ESMCI_PIO_Handler.C:2287 ESMCI::PIO_IODescHandler::getDim     getDims: found handler, nioDims = 2, ioDims = 0x600003b01a30, narrDims = 2
20260831 131811.589 INFO             PET3 ESMCI_PIO_Handler.C:1751 ESMCI::PIO_Handler::getIODesc()     getDims complete, calling getIOType
20260831 131811.589 INFO             PET3 ESMCI_PIO_Handler.C:2342 ESMCI::PIO_IODescHandler::getIOT 
20260831 131811.589 INFO             PET3 ESMCI_PIO_Handler.C:862 ESMCI::PIO_Handler::arrayWriteOn     baseAddress = 0x0x15e817600
20260831 131811.589 INFO             PET3 ESMCI_PIO_Handler.C:872 ESMCI::PIO_Handler::arrayWriteOn     arrlen = 1000
20260831 131811.589 INFO             PET3 ESMCI_PIO_Handler.C:881 ESMCI::PIO_Handler::arrayWriteOn     varname = "surface_net_downward_shortwave_flux"
20260831 131811.589 INFO             PET3 ESMCI_PIO_Handler.C:888 ESMCI::PIO_Handler::arrayWriteOn     Entering NetCDF define mode (redef)
20260831 131811.589 INFO             PET3 ESMCI_PIO_Handler.C:902 ESMCI::PIO_Handler::arrayWriteOn     Calling PIOc_inq
20260831 131811.589 INFO             PET3 ESMCI_PIO_Handler.C:911 ESMCI::PIO_Handler::arrayWriteOn     Looking for variable in file
20260831 131811.589 INFO             PET3 ESMCI_PIO_Handler.C:922 ESMCI::PIO_Handler::arrayWriteOn     Checking time dimension
20260831 131811.589 INFO             PET3 ESMCI_PIO_Handler.C:929 ESMCI::PIO_Handler::arrayWriteOn     inq_dimid  = 0
20260831 131811.589 INFO             PET3 ESMCI_PIO_Handler.C:930 ESMCI::PIO_Handler::arrayWriteOn     hasTimeDim = 1
20260831 131811.589 INFO             PET3 ESMCI_PIO_Handler.C:931 ESMCI::PIO_Handler::arrayWriteOn     unlim = 2
20260831 131811.589 INFO             PET3 ESMCI_PIO_Handler.C:935 ESMCI::PIO_Handler::arrayWriteOn     inq_dimlen = 0
20260831 131811.589 INFO             PET3 ESMCI_PIO_Handler.C:936 ESMCI::PIO_Handler::arrayWriteOn     dimidTime = 2
20260831 131811.589 INFO             PET3 ESMCI_PIO_Handler.C:937 ESMCI::PIO_Handler::arrayWriteOn     timeLen = 5
20260831 131811.589 INFO             PET3 ESMCI_PIO_Handler.C:972 ESMCI::PIO_Handler::arrayWriteOn     ready to check var compat., timeFrame = 5
20260831 131811.589 INFO             PET3 ESMCI_PIO_Handler.C:994 ESMCI::PIO_Handler::arrayWriteOn     Calling pio_cpp_inq_vardimid_vdesc
20260831 131811.589 INFO             PET3 ESMCI_PIO_Handler.C:1010 ESMCI::PIO_Handler::arrayWriteOn     PIOc_inq_dimlen for dim = 0 dimLen=5
20260831 131811.589 INFO             PET3 ESMCI_PIO_Handler.C:1010 ESMCI::PIO_Handler::arrayWriteOn     PIOc_inq_dimlen for dim = 1 dimLen=100
20260831 131811.589 INFO             PET3 ESMCI_PIO_Handler.C:1010 ESMCI::PIO_Handler::arrayWriteOn     PIOc_inq_dimlen for dim = 2 dimLen=10
20260831 131811.589 INFO             PET3 ESMCI_PIO_Handler.C:1129 ESMCI::PIO_Handler::arrayWriteOn     varExists = 1
20260831 131811.589 INFO             PET3 ESMCI_PIO_Handler.C:1145 ESMCI::PIO_Handler::arrayWriteOn     calling setframe, timeFrame = 5
20260831 131811.589 INFO             PET3 ESMCI_PIO_Handler.C:1161 ESMCI::PIO_Handler::arrayWriteOn     varid = 2
20260831 131811.589 INFO             PET3 ESMCI_PIO_Handler.C:1182 ESMCI::PIO_Handler::arrayWriteOn     calling enddef, status = 0x16f0c033c
20260831 131811.589 INFO             PET3 ESMCI_PIO_Handler.C:1191 ESMCI::PIO_Handler::arrayWriteOn     calling write_darray, pio type = 6, address = 0x15e817600
20260831 131811.589 INFO             PET3 ESMCI_PIO_Handler.C:1208 ESMCI::PIO_Handler::arrayWriteOn     cleanup and return
20260831 131811.589 INFO             PET3 ESMCI_IO.C:514 ESMCI::IO::write()     write returned 0
20260831 131811.589 INFO             PET3 ESMCI_IO.C:956 ESMCI::IO::close() 
20260831 131811.589 INFO             PET3 ESMCI_IO_Handler.C:814 ESMCI::IO_Handler::flush() 
20260831 131811.589 INFO             PET3 ESMCI_PIO_Handler.C:1612 ESMCI::PIO_Handler::flushOneTile 
20260831 131811.589 INFO             PET3 ESMCI_PIO_Handler.C:1561 ESMCI::PIO_Handler::isOpen() 
20260831 131811.589 INFO             PET3 ESMCI_PIO_Handler.C:1567 ESMCI::PIO_Handler::isOpen()     File is open
20260831 131811.589 INFO             PET3 ESMCI_PIO_Handler.C:1615 ESMCI::PIO_Handler::flushOneTile     calling sync
20260831 131811.589 INFO             PET3 ESMCI_IO_Handler.C:854 ESMCI::IO_Handler::close() 
20260831 131811.589 INFO             PET3 ESMCI_PIO_Handler.C:1660 ESMCI::PIO_Handler::closeOneTile 
20260831 131811.589 INFO             PET3 ESMCI_PIO_Handler.C:1561 ESMCI::PIO_Handler::isOpen() 
20260831 131811.589 INFO             PET3 ESMCI_PIO_Handler.C:1567 ESMCI::PIO_Handler::isOpen()     File is open
20260831 131811.589 INFO             PET3 ESMCI_IO.C:523 ESMCI::IO::write()     close returned 0
20260831 131811.589 INFO             PET3 ESMCI_IO.C:200 ESMCI::IO::destroy() 
20260831 131811.589 INFO             PET3 ESMCI_IO.C:73 ESMCI::IO::destruct() 
20260831 131811.589 INFO             PET3 ESMCI_PIO_Handler.C:549 ESMCI::PIO_Handler::destruct() 
20260831 131811.589 INFO             PET3 ESMCI_PIO_Handler.C:551 ESMCI::PIO_Handler::destruct()      (0): closing file
20260831 131811.589 INFO             PET3 ESMCI_IO_Handler.C:854 ESMCI::IO_Handler::close() 
20260831 131811.589 INFO             PET3 ESMCI_PIO_Handler.C:1660 ESMCI::PIO_Handler::closeOneTile 
20260831 131811.589 INFO             PET3 ESMCI_PIO_Handler.C:1561 ESMCI::PIO_Handler::isOpen() 
20260831 131811.589 INFO             PET3 ESMCI_PIO_Handler.C:1564 ESMCI::PIO_Handler::isOpen()     pioFileDesc is NULL
20260831 131811.589 INFO             PET3 ESMCI_IO_Handler.C:281 ESMCI::IO_Handler::destroy() 
20260831 131811.589 INFO             PET3 ESMCI_PIO_Handler.C:357 ESMCI::PIO_Handler::finalize() 
20260831 131811.589 INFO             PET3 ESMCI_PIO_Handler.C:1885 ESMCI::PIO_IODescHandler::~PIO_I     calling PIOc_freedecomp
20260831 131811.589 INFO             PET3 ESMCI_IO_Handler.C:283 ESMCI::IO_Handler::destroy()     after finalize, localrc = 0
20260831 131811.589 INFO             PET3     <<<ATM: leaving Run (phase=RunPhase1) with current time: 2012 10 24 19  0  0   0
20260831 131811.589 INFO             PET3   ATM: Run extro.
20260831 131811.589 INFO             PET3   OCN: Run intro.
20260831 131811.589 INFO             PET3     >>>OCN: entered Run (phase=RunPhase1) with current time: 2012 10 24 18 45  0   0
20260831 131811.589 INFO             PET3     LUMO Advance(): --- VMK::log() start -------------------------------------
20260831 131811.589 INFO             PET3     LUMO Advance(): vm located at: 0x15e00adf0
20260831 131811.589 INFO             PET3     LUMO Advance(): mpionly=1 threadsflag=0
20260831 131811.589 INFO             PET3     LUMO Advance(): ssiCount=1 localSsi=0
20260831 131811.589 INFO             PET3     LUMO Advance(): devCount=0 ssiLocalDevCount=0
20260831 131811.589 INFO             PET3     LUMO Advance(): petCount=3 ssiLocalPetCount=3
20260831 131811.589 INFO             PET3     LUMO Advance(): localPet=2 mypthid=0x1f12850c0 ssiLocalPet=2 currentSsiPe=-1
20260831 131811.589 INFO             PET3     LUMO Advance(): ESMF level logical PET->PE association (but consider system level affinity pinning!):
20260831 131811.589 INFO             PET3     LUMO Advance(): PET=0 lpid=0 tid=0 pid=0 peCount=1 accCount=0
20260831 131811.589 INFO             PET3     LUMO Advance():  PE=0 SSI=0 SSIPE=0
20260831 131811.589 INFO             PET3     LUMO Advance(): PET=1 lpid=1 tid=0 pid=1 peCount=1 accCount=0
20260831 131811.590 INFO             PET3     LUMO Advance():  PE=1 SSI=0 SSIPE=1
20260831 131811.590 INFO             PET3     LUMO Advance(): PET=2 lpid=2 tid=0 pid=3 peCount=1 accCount=0
20260831 131811.590 INFO             PET3     LUMO Advance():  PE=3 SSI=0 SSIPE=3
20260831 131811.590 INFO             PET3     LUMO Advance(): --- VMK::log() end ---------------------------------------
20260831 131811.590 INFO             PET3     LUMO: localPet=   2   thread_num=   0   currentSsiPe=  -1   num_threads=   1   max_threads=   1   num_procs=  10
20260831 131811.590 INFO             PET3     ------>Advancing LUMO from: 2012 10 24 18 45  0   0
20260831 131811.590 INFO             PET3     ---------------------> to: 2012 10 24 18 50  0   0
20260831 131811.590 INFO             PET3     LUMO Advance(): --- VMK::log() start -------------------------------------
20260831 131811.590 INFO             PET3     LUMO Advance(): vm located at: 0x15e00adf0
20260831 131811.590 INFO             PET3     LUMO Advance(): mpionly=1 threadsflag=0
20260831 131811.590 INFO             PET3     LUMO Advance(): ssiCount=1 localSsi=0
20260831 131811.590 INFO             PET3     LUMO Advance(): devCount=0 ssiLocalDevCount=0
20260831 131811.590 INFO             PET3     LUMO Advance(): petCount=3 ssiLocalPetCount=3
20260831 131811.590 INFO             PET3     LUMO Advance(): localPet=2 mypthid=0x1f12850c0 ssiLocalPet=2 currentSsiPe=-1
20260831 131811.590 INFO             PET3     LUMO Advance(): ESMF level logical PET->PE association (but consider system level affinity pinning!):
20260831 131811.590 INFO             PET3     LUMO Advance(): PET=0 lpid=0 tid=0 pid=0 peCount=1 accCount=0
20260831 131811.590 INFO             PET3     LUMO Advance():  PE=0 SSI=0 SSIPE=0
20260831 131811.590 INFO             PET3     LUMO Advance(): PET=1 lpid=1 tid=0 pid=1 peCount=1 accCount=0
20260831 131811.590 INFO             PET3     LUMO Advance():  PE=1 SSI=0 SSIPE=1
20260831 131811.590 INFO             PET3     LUMO Advance(): PET=2 lpid=2 tid=0 pid=3 peCount=1 accCount=0
20260831 131811.590 INFO             PET3     LUMO Advance():  PE=3 SSI=0 SSIPE=3
20260831 131811.590 INFO             PET3     LUMO Advance(): --- VMK::log() end ---------------------------------------
20260831 131811.590 INFO             PET3     LUMO: localPet=   2   thread_num=   0   currentSsiPe=  -1   num_threads=   1   max_threads=   1   num_procs=  10
20260831 131811.590 INFO             PET3     ------>Advancing LUMO from: 2012 10 24 18 50  0   0
20260831 131811.590 INFO             PET3     ---------------------> to: 2012 10 24 18 55  0   0
20260831 131811.590 INFO             PET3     LUMO Advance(): --- VMK::log() start -------------------------------------
20260831 131811.590 INFO             PET3     LUMO Advance(): vm located at: 0x15e00adf0
20260831 131811.590 INFO             PET3     LUMO Advance(): mpionly=1 threadsflag=0
20260831 131811.590 INFO             PET3     LUMO Advance(): ssiCount=1 localSsi=0
20260831 131811.590 INFO             PET3     LUMO Advance(): devCount=0 ssiLocalDevCount=0
20260831 131811.590 INFO             PET3     LUMO Advance(): petCount=3 ssiLocalPetCount=3
20260831 131811.590 INFO             PET3     LUMO Advance(): localPet=2 mypthid=0x1f12850c0 ssiLocalPet=2 currentSsiPe=-1
20260831 131811.590 INFO             PET3     LUMO Advance(): ESMF level logical PET->PE association (but consider system level affinity pinning!):
20260831 131811.590 INFO             PET3     LUMO Advance(): PET=0 lpid=0 tid=0 pid=0 peCount=1 accCount=0
20260831 131811.590 INFO             PET3     LUMO Advance():  PE=0 SSI=0 SSIPE=0
20260831 131811.590 INFO             PET3     LUMO Advance(): PET=1 lpid=1 tid=0 pid=1 peCount=1 accCount=0
20260831 131811.590 INFO             PET3     LUMO Advance():  PE=1 SSI=0 SSIPE=1
20260831 131811.590 INFO             PET3     LUMO Advance(): PET=2 lpid=2 tid=0 pid=3 peCount=1 accCount=0
20260831 131811.590 INFO             PET3     LUMO Advance():  PE=3 SSI=0 SSIPE=3
20260831 131811.590 INFO             PET3     LUMO Advance(): --- VMK::log() end ---------------------------------------
20260831 131811.590 INFO             PET3     LUMO: localPet=   2   thread_num=   0   currentSsiPe=  -1   num_threads=   1   max_threads=   1   num_procs=  10
20260831 131811.590 INFO             PET3     ------>Advancing LUMO from: 2012 10 24 18 55  0   0
20260831 131811.590 INFO             PET3     ---------------------> to: 2012 10 24 19  0  0   0
20260831 131811.590 INFO             PET3     <<<OCN: leaving Run (phase=RunPhase1) with current time: 2012 10 24 19  0  0   0
20260831 131811.590 INFO             PET3   OCN: Run extro.
20260831 131811.590 INFO             PET3   <<<ESMX_Driver: leaving Run (phase=RunPhase1) with current time: 2012 10 24 19  0  0   0
20260831 131811.590 INFO             PET3 ESMX_Driver: Run extro.
20260831 131811.590 INFO             PET3 ESMX_Driver: Finalize intro.
20260831 131811.590 INFO             PET3   >>>ESMX_Driver: entered Finalize (phase=FinalizePhase1) with current time: 2012 10 24 19  0  0   0
20260831 131811.591 INFO             PET3   Calling Finalize phase 1 for connectorComp: ATM-TO-OCN
20260831 131811.591 INFO             PET3   ATM-TO-OCN: Finalize intro.
20260831 131811.591 INFO             PET3   ATM-TO-OCN: Finalize extro.
20260831 131811.591 INFO             PET3   Calling Finalize phase 1 for connectorComp: OCN-TO-ATM
20260831 131811.591 INFO             PET3   OCN-TO-ATM: Finalize intro.
20260831 131811.591 INFO             PET3   OCN-TO-ATM: Finalize extro.
20260831 131811.591 INFO             PET3   Calling Finalize phase 1 for modelComp: ATM
20260831 131811.591 INFO             PET3   ATM: Finalize intro.
20260831 131811.591 INFO             PET3     >>>ATM: entered Finalize (phase=FinalizePhase1) with current time: 2012 10 24 19  0  0   0
20260831 131811.591 INFO             PET3     <<<ATM: leaving Finalize (phase=FinalizePhase1) with current time: 2012 10 24 19  0  0   0
20260831 131811.591 INFO             PET3   ATM: Finalize extro.
20260831 131811.591 INFO             PET3   Calling Finalize phase 1 for modelComp: OCN
20260831 131811.591 INFO             PET3   OCN: Finalize intro.
20260831 131811.591 INFO             PET3     >>>OCN: entered Finalize (phase=FinalizePhase1) with current time: 2012 10 24 19  0  0   0
20260831 131811.591 INFO             PET3     <<<OCN: leaving Finalize (phase=FinalizePhase1) with current time: 2012 10 24 19  0  0   0
20260831 131811.591 INFO             PET3   OCN: Finalize extro.
20260831 131811.591 INFO             PET3   Delete modelComp: ATM
20260831 131811.591 INFO             PET3   Delete modelComp: OCN
20260831 131811.592 INFO             PET3   Delete connectorComp: ATM-TO-OCN
20260831 131811.592 INFO             PET3   Delete connectorComp: OCN-TO-ATM
20260831 131811.592 INFO             PET3   <<<ESMX_Driver: leaving Finalize (phase=FinalizePhase1) with current time: 2012 10 24 19  0  0   0
20260831 131811.592 INFO             PET3 ESMX_Driver: Finalize extro.
20260831 131811.592 INFO             PET3 =============================================
20260831 131811.592 INFO             PET3 ESMX (Earth System Model eXecutable) FINISHED
20260831 131811.592 INFO             PET3 =============================================
20260831 131811.592 INFO             PET3  Finalizing ESMF
20260831 131811.592 INFO             PET3 ESMCI_IO_Handler.C:335 ESMCI::IO_Handler::finalize() 
20260831 131811.592 INFO             PET3 ESMCI_PIO_Handler.C:357 ESMCI::PIO_Handler::finalize() 
20260831 131811.592 INFO             PET3 ESMCI_IO_Handler.C:337 ESMCI::IO_Handler::finalize() after finalize, localrc = 0
20260831 131811.592 INFO             PET3 ESMCI_IO_Handler.C:360 ESMCI::IO_Handler::finalize() before return, localrc = 0
