2026-08-28 02:42:19
20260828 033400.349 INFO             PET0 !!!!!!!!!!!!!!!!!!!!!!!!!!!!!!!!!!!!!!!!!!!!!!!!!!!!!!
20260828 033400.356 INFO             PET0 !!! THE ESMF_LOG IS SET TO OUTPUT ALL LOG MESSAGES !!!
20260828 033400.356 INFO             PET0 !!!     THIS MAY CAUSE SLOWDOWN IN PERFORMANCE     !!!
20260828 033400.356 INFO             PET0 !!! FOR PRODUCTION RUNS, USE:                      !!!
20260828 033400.356 INFO             PET0 !!!                   ESMF_LOGKIND_Multi_On_Error  !!!
20260828 033400.356 INFO             PET0 !!!!!!!!!!!!!!!!!!!!!!!!!!!!!!!!!!!!!!!!!!!!!!!!!!!!!!
20260828 033400.356 INFO             PET0 Running with ESMF Version   : develop+g1082792c4b
20260828 033400.356 INFO             PET0 ESMF library build date/time: "Aug 28 2026" "02:40:43"
20260828 033400.356 INFO             PET0 ESMF library build location : /usr/local/esmf/esmf-testing/gfortranclang_14.2.0_17.0.0_mpich_g_develop/esmf
20260828 033400.356 INFO             PET0 ESMF_COMM                   : mpich
20260828 033400.356 INFO             PET0 ESMF_MOAB                   : enabled
20260828 033400.356 INFO             PET0 ESMF_LAPACK                 : enabled
20260828 033400.356 INFO             PET0 ESMF_NETCDF                 : enabled
20260828 033400.356 INFO             PET0 ESMF_PNETCDF                : disabled
20260828 033400.356 INFO             PET0 ESMF_PIO                    : enabled
20260828 033400.356 INFO             PET0 ESMF_YAMLCPP                : enabled
20260828 033400.400 INFO             PET0 =============================================
20260828 033400.400 INFO             PET0 ESMX (Earth System Model eXecutable) STARTING
20260828 033400.400 INFO             PET0 =============================================
20260828 033400.426 DEBUG            PET0 Generic SetVM() is executing for: ESMX_Driver
20260828 033400.426 DEBUG            PET0 Generic SetVM() found no NUOPC Hint for: ESMX_Driver
20260828 033400.426 DEBUG            PET0 Generic SetVM() therefore is NOT calling ESMF_GridCompSetVMMaxPEs() for: ESMX_Driver
20260828 033400.452 INFO             PET0 ESMX_Driver: InitializeGeneric intro.
20260828 033400.452 INFO             PET0   >>>ESMX_Driver: entered Initialize (phase=<none>) without valid internal Clock.
20260828 033400.452 INFO             PET0   ESMX_Driver: InitializeP0 intro.
20260828 033400.452 INFO             PET0     >>>ESMX_Driver: entered Initialize (phase=<none>) without valid internal Clock.
20260828 033400.452 INFO             PET0     <<<ESMX_Driver: leaving Initialize (phase=<none>) without valid internal Clock.
20260828 033400.452 INFO             PET0   ESMX_Driver: InitializeP0 extro.
20260828 033400.452 INFO             PET0   ESMX_Driver: InitializeIPDv02p1 intro.
20260828 033400.452 INFO             PET0     >>>ESMX_Driver: entered Initialize (phase=<none>) without valid internal Clock.
20260828 033400.465 INFO             PET0     ESMX_Driver - Creating model component MDL without petList.
20260828 033400.465 DEBUG            PET0     Generic SetVM() is executing for: MDL
20260828 033400.480 INFO             PET0     ESMX_Driver: IInitAdvertise intro.
20260828 033400.480 INFO             PET0       >>>ESMX_Driver: entered Initialize (phase=<none>) with current time: 2012 10 24 18  0  0   0
20260828 033400.480 INFO             PET0       <<<ESMX_Driver: leaving Initialize (phase=<none>) with current time: 2012 10 24 18  0  0   0
20260828 033400.480 INFO             PET0     ESMX_Driver: IInitAdvertise extro.
20260828 033400.482 INFO             PET0     ESMX_Driver: IInitAdvertiseFinish intro.
20260828 033400.482 INFO             PET0       >>>ESMX_Driver: entered Initialize (phase=<none>) with current time: 2012 10 24 18  0  0   0
20260828 033400.482 INFO             PET0       <<<ESMX_Driver: leaving Initialize (phase=<none>) with current time: 2012 10 24 18  0  0   0
20260828 033400.482 INFO             PET0     ESMX_Driver: IInitAdvertiseFinish extro.
20260828 033400.483 INFO             PET0     ESMX_Driver: IInitModifyCplLists intro.
20260828 033400.483 INFO             PET0       >>>ESMX_Driver: entered Initialize (phase=<none>) with current time: 2012 10 24 18  0  0   0
20260828 033400.484 INFO             PET0       <<<ESMX_Driver: leaving Initialize (phase=<none>) with current time: 2012 10 24 18  0  0   0
20260828 033400.484 INFO             PET0     ESMX_Driver: IInitModifyCplLists extro.
20260828 033400.484 INFO             PET0     <<<ESMX_Driver: leaving Initialize (phase=<none>) with current time: 2012 10 24 18  0  0   0
20260828 033400.484 INFO             PET0   ESMX_Driver: InitializeIPDv02p1 extro.
20260828 033400.485 INFO             PET0   ESMX_Driver: InitializeIPDv02p3 intro.
20260828 033400.485 INFO             PET0     >>>ESMX_Driver: entered Initialize (phase=<none>) with current time: 2012 10 24 18  0  0   0
20260828 033400.485 INFO             PET0     ESMX_Driver: IInitCheck intro.
20260828 033400.485 INFO             PET0       >>>ESMX_Driver: entered Initialize (phase=<none>) with current time: 2012 10 24 18  0  0   0
20260828 033400.485 INFO             PET0       <<<ESMX_Driver: leaving Initialize (phase=<none>) with current time: 2012 10 24 18  0  0   0
20260828 033400.485 INFO             PET0     ESMX_Driver: IInitCheck extro.
20260828 033400.624 INFO             PET0     ESMX_Driver: IInitRealize intro.
20260828 033400.624 INFO             PET0       >>>ESMX_Driver: entered Initialize (phase=<none>) with current time: 2012 10 24 18  0  0   0
20260828 033400.624 INFO             PET0       <<<ESMX_Driver: leaving Initialize (phase=<none>) with current time: 2012 10 24 18  0  0   0
20260828 033400.624 INFO             PET0     ESMX_Driver: IInitRealize extro.
20260828 033400.625 INFO             PET0     <<<ESMX_Driver: leaving Initialize (phase=<none>) with current time: 2012 10 24 18  0  0   0
20260828 033400.625 INFO             PET0   ESMX_Driver: InitializeIPDv02p3 extro.
20260828 033400.625 INFO             PET0   ESMX_Driver: InitializeIPDv02p5 intro.
20260828 033400.625 INFO             PET0     >>>ESMX_Driver: entered Initialize (phase=<none>) with current time: 2012 10 24 18  0  0   0
20260828 033400.625 INFO             PET0     ESMX_Driver: InitializeIPDv02p5Data intro.
20260828 033400.625 INFO             PET0       >>>ESMX_Driver: entered Initialize (phase=<none>) with current time: 2012 10 24 18  0  0   0
20260828 033400.629 INFO             PET0       ESMX_Driver: InternalInitializeComplete intro.
20260828 033400.629 INFO             PET0         >>>ESMX_Driver: entered Initialize (phase=<none>) with current time: 2012 10 24 18  0  0   0
20260828 033400.629 INFO             PET0         <<<ESMX_Driver: leaving Initialize (phase=<none>) with current time: 2012 10 24 18  0  0   0
20260828 033400.629 INFO             PET0       ESMX_Driver: InternalInitializeComplete extro.
20260828 033400.637 INFO             PET0       ESMX_Driver: loopDataDependentInitialize intro.
20260828 033400.638 INFO             PET0         >>>ESMX_Driver: entered Initialize (phase=<none>) with current time: 2012 10 24 18  0  0   0
20260828 033400.651 INFO             PET0         <<<ESMX_Driver: leaving Initialize (phase=<none>) with current time: 2012 10 24 18  0  0   0
20260828 033400.651 INFO             PET0       ESMX_Driver: loopDataDependentInitialize extro.
20260828 033400.651 INFO             PET0       <<<ESMX_Driver: leaving Initialize (phase=<none>) with current time: 2012 10 24 18  0  0   0
20260828 033400.651 INFO             PET0     ESMX_Driver: InitializeIPDv02p5Data extro.
20260828 033400.651 INFO             PET0     <<<ESMX_Driver: leaving Initialize (phase=<none>) with current time: 2012 10 24 18  0  0   0
20260828 033400.651 INFO             PET0   ESMX_Driver: InitializeIPDv02p5 extro.
20260828 033400.651 INFO             PET0   <<<ESMX_Driver: leaving Initialize (phase=<none>) with current time: 2012 10 24 18  0  0   0
20260828 033400.651 INFO             PET0 ESMX_Driver: InitializeGeneric extro.
20260828 033400.651 INFO             PET0 ESMX_Driver: Run intro.
20260828 033400.651 INFO             PET0   >>>ESMX_Driver: entered Run (phase=RunPhase1) with current time: 2012 10 24 18  0  0   0
20260828 033400.652 INFO             PET0   SIMOCO Advance(): --- VMK::log() start -------------------------------------
20260828 033400.652 INFO             PET0   SIMOCO Advance(): vm located at: 0x136007710
20260828 033400.652 INFO             PET0   SIMOCO Advance(): mpionly=1 threadsflag=0
20260828 033400.652 INFO             PET0   SIMOCO Advance(): ssiCount=1 localSsi=0
20260828 033400.652 INFO             PET0   SIMOCO Advance(): devCount=0 ssiLocalDevCount=0
20260828 033400.652 INFO             PET0   SIMOCO Advance(): petCount=4 ssiLocalPetCount=4
20260828 033400.652 INFO             PET0   SIMOCO Advance(): localPet=0 mypthid=0x20d3f5f00 ssiLocalPet=0 currentSsiPe=-1
20260828 033400.652 INFO             PET0   SIMOCO Advance(): ESMF level logical PET->PE association (but consider system level affinity pinning!):
20260828 033400.652 INFO             PET0   SIMOCO Advance(): PET=0 lpid=0 tid=0 pid=0 peCount=1 accCount=0
20260828 033400.652 INFO             PET0   SIMOCO Advance():  PE=0 SSI=0 SSIPE=0
20260828 033400.652 INFO             PET0   SIMOCO Advance(): PET=1 lpid=1 tid=0 pid=1 peCount=1 accCount=0
20260828 033400.652 INFO             PET0   SIMOCO Advance():  PE=1 SSI=0 SSIPE=1
20260828 033400.652 INFO             PET0   SIMOCO Advance(): PET=2 lpid=2 tid=0 pid=2 peCount=1 accCount=0
20260828 033400.652 INFO             PET0   SIMOCO Advance():  PE=2 SSI=0 SSIPE=2
20260828 033400.652 INFO             PET0   SIMOCO Advance(): PET=3 lpid=3 tid=0 pid=3 peCount=1 accCount=0
20260828 033400.652 INFO             PET0   SIMOCO Advance():  PE=3 SSI=0 SSIPE=3
20260828 033400.652 INFO             PET0   SIMOCO Advance(): --- VMK::log() end ---------------------------------------
20260828 033400.652 INFO             PET0   ------>Advancing SIMOCO from: 2012 10 24 18  0  0   0
20260828 033400.652 INFO             PET0   ---------------------> to: 2012 10 24 18  5  0   0
20260828 033400.652 INFO             PET0   SIMOCO Advance(): --- VMK::log() start -------------------------------------
20260828 033400.652 INFO             PET0   SIMOCO Advance(): vm located at: 0x136007710
20260828 033400.652 INFO             PET0   SIMOCO Advance(): mpionly=1 threadsflag=0
20260828 033400.652 INFO             PET0   SIMOCO Advance(): ssiCount=1 localSsi=0
20260828 033400.652 INFO             PET0   SIMOCO Advance(): devCount=0 ssiLocalDevCount=0
20260828 033400.652 INFO             PET0   SIMOCO Advance(): petCount=4 ssiLocalPetCount=4
20260828 033400.652 INFO             PET0   SIMOCO Advance(): localPet=0 mypthid=0x20d3f5f00 ssiLocalPet=0 currentSsiPe=-1
20260828 033400.652 INFO             PET0   SIMOCO Advance(): ESMF level logical PET->PE association (but consider system level affinity pinning!):
20260828 033400.652 INFO             PET0   SIMOCO Advance(): PET=0 lpid=0 tid=0 pid=0 peCount=1 accCount=0
20260828 033400.652 INFO             PET0   SIMOCO Advance():  PE=0 SSI=0 SSIPE=0
20260828 033400.652 INFO             PET0   SIMOCO Advance(): PET=1 lpid=1 tid=0 pid=1 peCount=1 accCount=0
20260828 033400.652 INFO             PET0   SIMOCO Advance():  PE=1 SSI=0 SSIPE=1
20260828 033400.652 INFO             PET0   SIMOCO Advance(): PET=2 lpid=2 tid=0 pid=2 peCount=1 accCount=0
20260828 033400.652 INFO             PET0   SIMOCO Advance():  PE=2 SSI=0 SSIPE=2
20260828 033400.652 INFO             PET0   SIMOCO Advance(): PET=3 lpid=3 tid=0 pid=3 peCount=1 accCount=0
20260828 033400.652 INFO             PET0   SIMOCO Advance():  PE=3 SSI=0 SSIPE=3
20260828 033400.652 INFO             PET0   SIMOCO Advance(): --- VMK::log() end ---------------------------------------
20260828 033400.652 INFO             PET0   ------>Advancing SIMOCO from: 2012 10 24 18  5  0   0
20260828 033400.652 INFO             PET0   ---------------------> to: 2012 10 24 18 10  0   0
20260828 033400.652 INFO             PET0   SIMOCO Advance(): --- VMK::log() start -------------------------------------
20260828 033400.652 INFO             PET0   SIMOCO Advance(): vm located at: 0x136007710
20260828 033400.652 INFO             PET0   SIMOCO Advance(): mpionly=1 threadsflag=0
20260828 033400.652 INFO             PET0   SIMOCO Advance(): ssiCount=1 localSsi=0
20260828 033400.652 INFO             PET0   SIMOCO Advance(): devCount=0 ssiLocalDevCount=0
20260828 033400.652 INFO             PET0   SIMOCO Advance(): petCount=4 ssiLocalPetCount=4
20260828 033400.652 INFO             PET0   SIMOCO Advance(): localPet=0 mypthid=0x20d3f5f00 ssiLocalPet=0 currentSsiPe=-1
20260828 033400.652 INFO             PET0   SIMOCO Advance(): ESMF level logical PET->PE association (but consider system level affinity pinning!):
20260828 033400.652 INFO             PET0   SIMOCO Advance(): PET=0 lpid=0 tid=0 pid=0 peCount=1 accCount=0
20260828 033400.652 INFO             PET0   SIMOCO Advance():  PE=0 SSI=0 SSIPE=0
20260828 033400.652 INFO             PET0   SIMOCO Advance(): PET=1 lpid=1 tid=0 pid=1 peCount=1 accCount=0
20260828 033400.652 INFO             PET0   SIMOCO Advance():  PE=1 SSI=0 SSIPE=1
20260828 033400.652 INFO             PET0   SIMOCO Advance(): PET=2 lpid=2 tid=0 pid=2 peCount=1 accCount=0
20260828 033400.652 INFO             PET0   SIMOCO Advance():  PE=2 SSI=0 SSIPE=2
20260828 033400.652 INFO             PET0   SIMOCO Advance(): PET=3 lpid=3 tid=0 pid=3 peCount=1 accCount=0
20260828 033400.652 INFO             PET0   SIMOCO Advance():  PE=3 SSI=0 SSIPE=3
20260828 033400.652 INFO             PET0   SIMOCO Advance(): --- VMK::log() end ---------------------------------------
20260828 033400.652 INFO             PET0   ------>Advancing SIMOCO from: 2012 10 24 18 10  0   0
20260828 033400.652 INFO             PET0   ---------------------> to: 2012 10 24 18 15  0   0
20260828 033400.652 INFO             PET0   SIMOCO Advance(): --- VMK::log() start -------------------------------------
20260828 033400.652 INFO             PET0   SIMOCO Advance(): vm located at: 0x136007710
20260828 033400.652 INFO             PET0   SIMOCO Advance(): mpionly=1 threadsflag=0
20260828 033400.652 INFO             PET0   SIMOCO Advance(): ssiCount=1 localSsi=0
20260828 033400.652 INFO             PET0   SIMOCO Advance(): devCount=0 ssiLocalDevCount=0
20260828 033400.652 INFO             PET0   SIMOCO Advance(): petCount=4 ssiLocalPetCount=4
20260828 033400.652 INFO             PET0   SIMOCO Advance(): localPet=0 mypthid=0x20d3f5f00 ssiLocalPet=0 currentSsiPe=-1
20260828 033400.652 INFO             PET0   SIMOCO Advance(): ESMF level logical PET->PE association (but consider system level affinity pinning!):
20260828 033400.652 INFO             PET0   SIMOCO Advance(): PET=0 lpid=0 tid=0 pid=0 peCount=1 accCount=0
20260828 033400.652 INFO             PET0   SIMOCO Advance():  PE=0 SSI=0 SSIPE=0
20260828 033400.652 INFO             PET0   SIMOCO Advance(): PET=1 lpid=1 tid=0 pid=1 peCount=1 accCount=0
20260828 033400.652 INFO             PET0   SIMOCO Advance():  PE=1 SSI=0 SSIPE=1
20260828 033400.652 INFO             PET0   SIMOCO Advance(): PET=2 lpid=2 tid=0 pid=2 peCount=1 accCount=0
20260828 033400.652 INFO             PET0   SIMOCO Advance():  PE=2 SSI=0 SSIPE=2
20260828 033400.652 INFO             PET0   SIMOCO Advance(): PET=3 lpid=3 tid=0 pid=3 peCount=1 accCount=0
20260828 033400.652 INFO             PET0   SIMOCO Advance():  PE=3 SSI=0 SSIPE=3
20260828 033400.652 INFO             PET0   SIMOCO Advance(): --- VMK::log() end ---------------------------------------
20260828 033400.652 INFO             PET0   ------>Advancing SIMOCO from: 2012 10 24 18 15  0   0
20260828 033400.652 INFO             PET0   ---------------------> to: 2012 10 24 18 20  0   0
20260828 033400.652 INFO             PET0   SIMOCO Advance(): --- VMK::log() start -------------------------------------
20260828 033400.652 INFO             PET0   SIMOCO Advance(): vm located at: 0x136007710
20260828 033400.652 INFO             PET0   SIMOCO Advance(): mpionly=1 threadsflag=0
20260828 033400.652 INFO             PET0   SIMOCO Advance(): ssiCount=1 localSsi=0
20260828 033400.652 INFO             PET0   SIMOCO Advance(): devCount=0 ssiLocalDevCount=0
20260828 033400.652 INFO             PET0   SIMOCO Advance(): petCount=4 ssiLocalPetCount=4
20260828 033400.652 INFO             PET0   SIMOCO Advance(): localPet=0 mypthid=0x20d3f5f00 ssiLocalPet=0 currentSsiPe=-1
20260828 033400.652 INFO             PET0   SIMOCO Advance(): ESMF level logical PET->PE association (but consider system level affinity pinning!):
20260828 033400.652 INFO             PET0   SIMOCO Advance(): PET=0 lpid=0 tid=0 pid=0 peCount=1 accCount=0
20260828 033400.652 INFO             PET0   SIMOCO Advance():  PE=0 SSI=0 SSIPE=0
20260828 033400.652 INFO             PET0   SIMOCO Advance(): PET=1 lpid=1 tid=0 pid=1 peCount=1 accCount=0
20260828 033400.652 INFO             PET0   SIMOCO Advance():  PE=1 SSI=0 SSIPE=1
20260828 033400.652 INFO             PET0   SIMOCO Advance(): PET=2 lpid=2 tid=0 pid=2 peCount=1 accCount=0
20260828 033400.652 INFO             PET0   SIMOCO Advance():  PE=2 SSI=0 SSIPE=2
20260828 033400.652 INFO             PET0   SIMOCO Advance(): PET=3 lpid=3 tid=0 pid=3 peCount=1 accCount=0
20260828 033400.652 INFO             PET0   SIMOCO Advance():  PE=3 SSI=0 SSIPE=3
20260828 033400.652 INFO             PET0   SIMOCO Advance(): --- VMK::log() end ---------------------------------------
20260828 033400.652 INFO             PET0   ------>Advancing SIMOCO from: 2012 10 24 18 20  0   0
20260828 033400.652 INFO             PET0   ---------------------> to: 2012 10 24 18 25  0   0
20260828 033400.653 INFO             PET0   SIMOCO Advance(): --- VMK::log() start -------------------------------------
20260828 033400.653 INFO             PET0   SIMOCO Advance(): vm located at: 0x136007710
20260828 033400.653 INFO             PET0   SIMOCO Advance(): mpionly=1 threadsflag=0
20260828 033400.653 INFO             PET0   SIMOCO Advance(): ssiCount=1 localSsi=0
20260828 033400.653 INFO             PET0   SIMOCO Advance(): devCount=0 ssiLocalDevCount=0
20260828 033400.653 INFO             PET0   SIMOCO Advance(): petCount=4 ssiLocalPetCount=4
20260828 033400.653 INFO             PET0   SIMOCO Advance(): localPet=0 mypthid=0x20d3f5f00 ssiLocalPet=0 currentSsiPe=-1
20260828 033400.653 INFO             PET0   SIMOCO Advance(): ESMF level logical PET->PE association (but consider system level affinity pinning!):
20260828 033400.653 INFO             PET0   SIMOCO Advance(): PET=0 lpid=0 tid=0 pid=0 peCount=1 accCount=0
20260828 033400.653 INFO             PET0   SIMOCO Advance():  PE=0 SSI=0 SSIPE=0
20260828 033400.653 INFO             PET0   SIMOCO Advance(): PET=1 lpid=1 tid=0 pid=1 peCount=1 accCount=0
20260828 033400.653 INFO             PET0   SIMOCO Advance():  PE=1 SSI=0 SSIPE=1
20260828 033400.653 INFO             PET0   SIMOCO Advance(): PET=2 lpid=2 tid=0 pid=2 peCount=1 accCount=0
20260828 033400.653 INFO             PET0   SIMOCO Advance():  PE=2 SSI=0 SSIPE=2
20260828 033400.653 INFO             PET0   SIMOCO Advance(): PET=3 lpid=3 tid=0 pid=3 peCount=1 accCount=0
20260828 033400.653 INFO             PET0   SIMOCO Advance():  PE=3 SSI=0 SSIPE=3
20260828 033400.653 INFO             PET0   SIMOCO Advance(): --- VMK::log() end ---------------------------------------
20260828 033400.653 INFO             PET0   ------>Advancing SIMOCO from: 2012 10 24 18 25  0   0
20260828 033400.653 INFO             PET0   ---------------------> to: 2012 10 24 18 30  0   0
20260828 033400.653 INFO             PET0   SIMOCO Advance(): --- VMK::log() start -------------------------------------
20260828 033400.653 INFO             PET0   SIMOCO Advance(): vm located at: 0x136007710
20260828 033400.653 INFO             PET0   SIMOCO Advance(): mpionly=1 threadsflag=0
20260828 033400.653 INFO             PET0   SIMOCO Advance(): ssiCount=1 localSsi=0
20260828 033400.653 INFO             PET0   SIMOCO Advance(): devCount=0 ssiLocalDevCount=0
20260828 033400.653 INFO             PET0   SIMOCO Advance(): petCount=4 ssiLocalPetCount=4
20260828 033400.653 INFO             PET0   SIMOCO Advance(): localPet=0 mypthid=0x20d3f5f00 ssiLocalPet=0 currentSsiPe=-1
20260828 033400.653 INFO             PET0   SIMOCO Advance(): ESMF level logical PET->PE association (but consider system level affinity pinning!):
20260828 033400.653 INFO             PET0   SIMOCO Advance(): PET=0 lpid=0 tid=0 pid=0 peCount=1 accCount=0
20260828 033400.653 INFO             PET0   SIMOCO Advance():  PE=0 SSI=0 SSIPE=0
20260828 033400.653 INFO             PET0   SIMOCO Advance(): PET=1 lpid=1 tid=0 pid=1 peCount=1 accCount=0
20260828 033400.653 INFO             PET0   SIMOCO Advance():  PE=1 SSI=0 SSIPE=1
20260828 033400.653 INFO             PET0   SIMOCO Advance(): PET=2 lpid=2 tid=0 pid=2 peCount=1 accCount=0
20260828 033400.653 INFO             PET0   SIMOCO Advance():  PE=2 SSI=0 SSIPE=2
20260828 033400.653 INFO             PET0   SIMOCO Advance(): PET=3 lpid=3 tid=0 pid=3 peCount=1 accCount=0
20260828 033400.653 INFO             PET0   SIMOCO Advance():  PE=3 SSI=0 SSIPE=3
20260828 033400.653 INFO             PET0   SIMOCO Advance(): --- VMK::log() end ---------------------------------------
20260828 033400.653 INFO             PET0   ------>Advancing SIMOCO from: 2012 10 24 18 30  0   0
20260828 033400.653 INFO             PET0   ---------------------> to: 2012 10 24 18 35  0   0
20260828 033400.653 INFO             PET0   SIMOCO Advance(): --- VMK::log() start -------------------------------------
20260828 033400.653 INFO             PET0   SIMOCO Advance(): vm located at: 0x136007710
20260828 033400.653 INFO             PET0   SIMOCO Advance(): mpionly=1 threadsflag=0
20260828 033400.653 INFO             PET0   SIMOCO Advance(): ssiCount=1 localSsi=0
20260828 033400.653 INFO             PET0   SIMOCO Advance(): devCount=0 ssiLocalDevCount=0
20260828 033400.653 INFO             PET0   SIMOCO Advance(): petCount=4 ssiLocalPetCount=4
20260828 033400.653 INFO             PET0   SIMOCO Advance(): localPet=0 mypthid=0x20d3f5f00 ssiLocalPet=0 currentSsiPe=-1
20260828 033400.653 INFO             PET0   SIMOCO Advance(): ESMF level logical PET->PE association (but consider system level affinity pinning!):
20260828 033400.653 INFO             PET0   SIMOCO Advance(): PET=0 lpid=0 tid=0 pid=0 peCount=1 accCount=0
20260828 033400.653 INFO             PET0   SIMOCO Advance():  PE=0 SSI=0 SSIPE=0
20260828 033400.653 INFO             PET0   SIMOCO Advance(): PET=1 lpid=1 tid=0 pid=1 peCount=1 accCount=0
20260828 033400.653 INFO             PET0   SIMOCO Advance():  PE=1 SSI=0 SSIPE=1
20260828 033400.653 INFO             PET0   SIMOCO Advance(): PET=2 lpid=2 tid=0 pid=2 peCount=1 accCount=0
20260828 033400.653 INFO             PET0   SIMOCO Advance():  PE=2 SSI=0 SSIPE=2
20260828 033400.653 INFO             PET0   SIMOCO Advance(): PET=3 lpid=3 tid=0 pid=3 peCount=1 accCount=0
20260828 033400.653 INFO             PET0   SIMOCO Advance():  PE=3 SSI=0 SSIPE=3
20260828 033400.653 INFO             PET0   SIMOCO Advance(): --- VMK::log() end ---------------------------------------
20260828 033400.653 INFO             PET0   ------>Advancing SIMOCO from: 2012 10 24 18 35  0   0
20260828 033400.653 INFO             PET0   ---------------------> to: 2012 10 24 18 40  0   0
20260828 033400.653 INFO             PET0   SIMOCO Advance(): --- VMK::log() start -------------------------------------
20260828 033400.653 INFO             PET0   SIMOCO Advance(): vm located at: 0x136007710
20260828 033400.653 INFO             PET0   SIMOCO Advance(): mpionly=1 threadsflag=0
20260828 033400.653 INFO             PET0   SIMOCO Advance(): ssiCount=1 localSsi=0
20260828 033400.653 INFO             PET0   SIMOCO Advance(): devCount=0 ssiLocalDevCount=0
20260828 033400.653 INFO             PET0   SIMOCO Advance(): petCount=4 ssiLocalPetCount=4
20260828 033400.653 INFO             PET0   SIMOCO Advance(): localPet=0 mypthid=0x20d3f5f00 ssiLocalPet=0 currentSsiPe=-1
20260828 033400.653 INFO             PET0   SIMOCO Advance(): ESMF level logical PET->PE association (but consider system level affinity pinning!):
20260828 033400.653 INFO             PET0   SIMOCO Advance(): PET=0 lpid=0 tid=0 pid=0 peCount=1 accCount=0
20260828 033400.653 INFO             PET0   SIMOCO Advance():  PE=0 SSI=0 SSIPE=0
20260828 033400.653 INFO             PET0   SIMOCO Advance(): PET=1 lpid=1 tid=0 pid=1 peCount=1 accCount=0
20260828 033400.653 INFO             PET0   SIMOCO Advance():  PE=1 SSI=0 SSIPE=1
20260828 033400.653 INFO             PET0   SIMOCO Advance(): PET=2 lpid=2 tid=0 pid=2 peCount=1 accCount=0
20260828 033400.653 INFO             PET0   SIMOCO Advance():  PE=2 SSI=0 SSIPE=2
20260828 033400.653 INFO             PET0   SIMOCO Advance(): PET=3 lpid=3 tid=0 pid=3 peCount=1 accCount=0
20260828 033400.653 INFO             PET0   SIMOCO Advance():  PE=3 SSI=0 SSIPE=3
20260828 033400.653 INFO             PET0   SIMOCO Advance(): --- VMK::log() end ---------------------------------------
20260828 033400.653 INFO             PET0   ------>Advancing SIMOCO from: 2012 10 24 18 40  0   0
20260828 033400.653 INFO             PET0   ---------------------> to: 2012 10 24 18 45  0   0
20260828 033400.653 INFO             PET0   SIMOCO Advance(): --- VMK::log() start -------------------------------------
20260828 033400.653 INFO             PET0   SIMOCO Advance(): vm located at: 0x136007710
20260828 033400.653 INFO             PET0   SIMOCO Advance(): mpionly=1 threadsflag=0
20260828 033400.653 INFO             PET0   SIMOCO Advance(): ssiCount=1 localSsi=0
20260828 033400.653 INFO             PET0   SIMOCO Advance(): devCount=0 ssiLocalDevCount=0
20260828 033400.653 INFO             PET0   SIMOCO Advance(): petCount=4 ssiLocalPetCount=4
20260828 033400.653 INFO             PET0   SIMOCO Advance(): localPet=0 mypthid=0x20d3f5f00 ssiLocalPet=0 currentSsiPe=-1
20260828 033400.653 INFO             PET0   SIMOCO Advance(): ESMF level logical PET->PE association (but consider system level affinity pinning!):
20260828 033400.653 INFO             PET0   SIMOCO Advance(): PET=0 lpid=0 tid=0 pid=0 peCount=1 accCount=0
20260828 033400.653 INFO             PET0   SIMOCO Advance():  PE=0 SSI=0 SSIPE=0
20260828 033400.653 INFO             PET0   SIMOCO Advance(): PET=1 lpid=1 tid=0 pid=1 peCount=1 accCount=0
20260828 033400.653 INFO             PET0   SIMOCO Advance():  PE=1 SSI=0 SSIPE=1
20260828 033400.653 INFO             PET0   SIMOCO Advance(): PET=2 lpid=2 tid=0 pid=2 peCount=1 accCount=0
20260828 033400.653 INFO             PET0   SIMOCO Advance():  PE=2 SSI=0 SSIPE=2
20260828 033400.654 INFO             PET0   SIMOCO Advance(): PET=3 lpid=3 tid=0 pid=3 peCount=1 accCount=0
20260828 033400.654 INFO             PET0   SIMOCO Advance():  PE=3 SSI=0 SSIPE=3
20260828 033400.654 INFO             PET0   SIMOCO Advance(): --- VMK::log() end ---------------------------------------
20260828 033400.654 INFO             PET0   ------>Advancing SIMOCO from: 2012 10 24 18 45  0   0
20260828 033400.654 INFO             PET0   ---------------------> to: 2012 10 24 18 50  0   0
20260828 033400.654 INFO             PET0   SIMOCO Advance(): --- VMK::log() start -------------------------------------
20260828 033400.654 INFO             PET0   SIMOCO Advance(): vm located at: 0x136007710
20260828 033400.654 INFO             PET0   SIMOCO Advance(): mpionly=1 threadsflag=0
20260828 033400.654 INFO             PET0   SIMOCO Advance(): ssiCount=1 localSsi=0
20260828 033400.654 INFO             PET0   SIMOCO Advance(): devCount=0 ssiLocalDevCount=0
20260828 033400.654 INFO             PET0   SIMOCO Advance(): petCount=4 ssiLocalPetCount=4
20260828 033400.654 INFO             PET0   SIMOCO Advance(): localPet=0 mypthid=0x20d3f5f00 ssiLocalPet=0 currentSsiPe=-1
20260828 033400.654 INFO             PET0   SIMOCO Advance(): ESMF level logical PET->PE association (but consider system level affinity pinning!):
20260828 033400.654 INFO             PET0   SIMOCO Advance(): PET=0 lpid=0 tid=0 pid=0 peCount=1 accCount=0
20260828 033400.654 INFO             PET0   SIMOCO Advance():  PE=0 SSI=0 SSIPE=0
20260828 033400.654 INFO             PET0   SIMOCO Advance(): PET=1 lpid=1 tid=0 pid=1 peCount=1 accCount=0
20260828 033400.654 INFO             PET0   SIMOCO Advance():  PE=1 SSI=0 SSIPE=1
20260828 033400.654 INFO             PET0   SIMOCO Advance(): PET=2 lpid=2 tid=0 pid=2 peCount=1 accCount=0
20260828 033400.654 INFO             PET0   SIMOCO Advance():  PE=2 SSI=0 SSIPE=2
20260828 033400.654 INFO             PET0   SIMOCO Advance(): PET=3 lpid=3 tid=0 pid=3 peCount=1 accCount=0
20260828 033400.654 INFO             PET0   SIMOCO Advance():  PE=3 SSI=0 SSIPE=3
20260828 033400.654 INFO             PET0   SIMOCO Advance(): --- VMK::log() end ---------------------------------------
20260828 033400.654 INFO             PET0   ------>Advancing SIMOCO from: 2012 10 24 18 50  0   0
20260828 033400.654 INFO             PET0   ---------------------> to: 2012 10 24 18 55  0   0
20260828 033400.654 INFO             PET0   SIMOCO Advance(): --- VMK::log() start -------------------------------------
20260828 033400.654 INFO             PET0   SIMOCO Advance(): vm located at: 0x136007710
20260828 033400.654 INFO             PET0   SIMOCO Advance(): mpionly=1 threadsflag=0
20260828 033400.654 INFO             PET0   SIMOCO Advance(): ssiCount=1 localSsi=0
20260828 033400.654 INFO             PET0   SIMOCO Advance(): devCount=0 ssiLocalDevCount=0
20260828 033400.654 INFO             PET0   SIMOCO Advance(): petCount=4 ssiLocalPetCount=4
20260828 033400.654 INFO             PET0   SIMOCO Advance(): localPet=0 mypthid=0x20d3f5f00 ssiLocalPet=0 currentSsiPe=-1
20260828 033400.654 INFO             PET0   SIMOCO Advance(): ESMF level logical PET->PE association (but consider system level affinity pinning!):
20260828 033400.654 INFO             PET0   SIMOCO Advance(): PET=0 lpid=0 tid=0 pid=0 peCount=1 accCount=0
20260828 033400.654 INFO             PET0   SIMOCO Advance():  PE=0 SSI=0 SSIPE=0
20260828 033400.654 INFO             PET0   SIMOCO Advance(): PET=1 lpid=1 tid=0 pid=1 peCount=1 accCount=0
20260828 033400.654 INFO             PET0   SIMOCO Advance():  PE=1 SSI=0 SSIPE=1
20260828 033400.654 INFO             PET0   SIMOCO Advance(): PET=2 lpid=2 tid=0 pid=2 peCount=1 accCount=0
20260828 033400.654 INFO             PET0   SIMOCO Advance():  PE=2 SSI=0 SSIPE=2
20260828 033400.654 INFO             PET0   SIMOCO Advance(): PET=3 lpid=3 tid=0 pid=3 peCount=1 accCount=0
20260828 033400.654 INFO             PET0   SIMOCO Advance():  PE=3 SSI=0 SSIPE=3
20260828 033400.654 INFO             PET0   SIMOCO Advance(): --- VMK::log() end ---------------------------------------
20260828 033400.654 INFO             PET0   ------>Advancing SIMOCO from: 2012 10 24 18 55  0   0
20260828 033400.654 INFO             PET0   ---------------------> to: 2012 10 24 19  0  0   0
20260828 033400.656 INFO             PET0   <<<ESMX_Driver: leaving Run (phase=RunPhase1) with current time: 2012 10 24 19  0  0   0
20260828 033400.656 INFO             PET0 ESMX_Driver: Run extro.
20260828 033400.657 INFO             PET0 ESMX_Driver: Finalize intro.
20260828 033400.657 INFO             PET0   >>>ESMX_Driver: entered Finalize (phase=FinalizePhase1) with current time: 2012 10 24 19  0  0   0
20260828 033400.658 INFO             PET0   Calling Finalize phase 1 for modelComp: MDL
20260828 033400.659 INFO             PET0   Delete modelComp: MDL
20260828 033400.659 INFO             PET0   <<<ESMX_Driver: leaving Finalize (phase=FinalizePhase1) with current time: 2012 10 24 19  0  0   0
20260828 033400.659 INFO             PET0 ESMX_Driver: Finalize extro.
20260828 033400.659 INFO             PET0 =============================================
20260828 033400.659 INFO             PET0 ESMX (Earth System Model eXecutable) FINISHED
20260828 033400.659 INFO             PET0 =============================================
20260828 033400.659 INFO             PET0  Finalizing ESMF
20260828 033400.352 INFO             PET1 !!!!!!!!!!!!!!!!!!!!!!!!!!!!!!!!!!!!!!!!!!!!!!!!!!!!!!
20260828 033400.356 INFO             PET1 !!! THE ESMF_LOG IS SET TO OUTPUT ALL LOG MESSAGES !!!
20260828 033400.356 INFO             PET1 !!!     THIS MAY CAUSE SLOWDOWN IN PERFORMANCE     !!!
20260828 033400.356 INFO             PET1 !!! FOR PRODUCTION RUNS, USE:                      !!!
20260828 033400.356 INFO             PET1 !!!                   ESMF_LOGKIND_Multi_On_Error  !!!
20260828 033400.356 INFO             PET1 !!!!!!!!!!!!!!!!!!!!!!!!!!!!!!!!!!!!!!!!!!!!!!!!!!!!!!
20260828 033400.356 INFO             PET1 Running with ESMF Version   : develop+g1082792c4b
20260828 033400.356 INFO             PET1 ESMF library build date/time: "Aug 28 2026" "02:40:43"
20260828 033400.356 INFO             PET1 ESMF library build location : /usr/local/esmf/esmf-testing/gfortranclang_14.2.0_17.0.0_mpich_g_develop/esmf
20260828 033400.356 INFO             PET1 ESMF_COMM                   : mpich
20260828 033400.356 INFO             PET1 ESMF_MOAB                   : enabled
20260828 033400.356 INFO             PET1 ESMF_LAPACK                 : enabled
20260828 033400.356 INFO             PET1 ESMF_NETCDF                 : enabled
20260828 033400.356 INFO             PET1 ESMF_PNETCDF                : disabled
20260828 033400.356 INFO             PET1 ESMF_PIO                    : enabled
20260828 033400.356 INFO             PET1 ESMF_YAMLCPP                : enabled
20260828 033400.403 INFO             PET1 =============================================
20260828 033400.403 INFO             PET1 ESMX (Earth System Model eXecutable) STARTING
20260828 033400.403 INFO             PET1 =============================================
20260828 033400.417 DEBUG            PET1 Generic SetVM() is executing for: ESMX_Driver
20260828 033400.417 DEBUG            PET1 Generic SetVM() found no NUOPC Hint for: ESMX_Driver
20260828 033400.417 DEBUG            PET1 Generic SetVM() therefore is NOT calling ESMF_GridCompSetVMMaxPEs() for: ESMX_Driver
20260828 033400.455 INFO             PET1 ESMX_Driver: InitializeGeneric intro.
20260828 033400.455 INFO             PET1   >>>ESMX_Driver: entered Initialize (phase=<none>) without valid internal Clock.
20260828 033400.455 INFO             PET1   ESMX_Driver: InitializeP0 intro.
20260828 033400.456 INFO             PET1     >>>ESMX_Driver: entered Initialize (phase=<none>) without valid internal Clock.
20260828 033400.456 INFO             PET1     <<<ESMX_Driver: leaving Initialize (phase=<none>) without valid internal Clock.
20260828 033400.456 INFO             PET1   ESMX_Driver: InitializeP0 extro.
20260828 033400.456 INFO             PET1   ESMX_Driver: InitializeIPDv02p1 intro.
20260828 033400.456 INFO             PET1     >>>ESMX_Driver: entered Initialize (phase=<none>) without valid internal Clock.
20260828 033400.465 INFO             PET1     ESMX_Driver - Creating model component MDL without petList.
20260828 033400.465 DEBUG            PET1     Generic SetVM() is executing for: MDL
20260828 033400.480 INFO             PET1     ESMX_Driver: IInitAdvertise intro.
20260828 033400.481 INFO             PET1       >>>ESMX_Driver: entered Initialize (phase=<none>) with current time: 2012 10 24 18  0  0   0
20260828 033400.481 INFO             PET1       <<<ESMX_Driver: leaving Initialize (phase=<none>) with current time: 2012 10 24 18  0  0   0
20260828 033400.481 INFO             PET1     ESMX_Driver: IInitAdvertise extro.
20260828 033400.483 INFO             PET1     ESMX_Driver: IInitAdvertiseFinish intro.
20260828 033400.483 INFO             PET1       >>>ESMX_Driver: entered Initialize (phase=<none>) with current time: 2012 10 24 18  0  0   0
20260828 033400.483 INFO             PET1       <<<ESMX_Driver: leaving Initialize (phase=<none>) with current time: 2012 10 24 18  0  0   0
20260828 033400.483 INFO             PET1     ESMX_Driver: IInitAdvertiseFinish extro.
20260828 033400.483 INFO             PET1     ESMX_Driver: IInitModifyCplLists intro.
20260828 033400.483 INFO             PET1       >>>ESMX_Driver: entered Initialize (phase=<none>) with current time: 2012 10 24 18  0  0   0
20260828 033400.487 INFO             PET1       <<<ESMX_Driver: leaving Initialize (phase=<none>) with current time: 2012 10 24 18  0  0   0
20260828 033400.487 INFO             PET1     ESMX_Driver: IInitModifyCplLists extro.
20260828 033400.487 INFO             PET1     <<<ESMX_Driver: leaving Initialize (phase=<none>) with current time: 2012 10 24 18  0  0   0
20260828 033400.487 INFO             PET1   ESMX_Driver: InitializeIPDv02p1 extro.
20260828 033400.487 INFO             PET1   ESMX_Driver: InitializeIPDv02p3 intro.
20260828 033400.487 INFO             PET1     >>>ESMX_Driver: entered Initialize (phase=<none>) with current time: 2012 10 24 18  0  0   0
20260828 033400.488 INFO             PET1     ESMX_Driver: IInitCheck intro.
20260828 033400.488 INFO             PET1       >>>ESMX_Driver: entered Initialize (phase=<none>) with current time: 2012 10 24 18  0  0   0
20260828 033400.488 INFO             PET1       <<<ESMX_Driver: leaving Initialize (phase=<none>) with current time: 2012 10 24 18  0  0   0
20260828 033400.488 INFO             PET1     ESMX_Driver: IInitCheck extro.
20260828 033400.631 INFO             PET1     ESMX_Driver: IInitRealize intro.
20260828 033400.631 INFO             PET1       >>>ESMX_Driver: entered Initialize (phase=<none>) with current time: 2012 10 24 18  0  0   0
20260828 033400.631 INFO             PET1       <<<ESMX_Driver: leaving Initialize (phase=<none>) with current time: 2012 10 24 18  0  0   0
20260828 033400.631 INFO             PET1     ESMX_Driver: IInitRealize extro.
20260828 033400.631 INFO             PET1     <<<ESMX_Driver: leaving Initialize (phase=<none>) with current time: 2012 10 24 18  0  0   0
20260828 033400.631 INFO             PET1   ESMX_Driver: InitializeIPDv02p3 extro.
20260828 033400.631 INFO             PET1   ESMX_Driver: InitializeIPDv02p5 intro.
20260828 033400.632 INFO             PET1     >>>ESMX_Driver: entered Initialize (phase=<none>) with current time: 2012 10 24 18  0  0   0
20260828 033400.632 INFO             PET1     ESMX_Driver: InitializeIPDv02p5Data intro.
20260828 033400.632 INFO             PET1       >>>ESMX_Driver: entered Initialize (phase=<none>) with current time: 2012 10 24 18  0  0   0
20260828 033400.632 INFO             PET1       ESMX_Driver: InternalInitializeComplete intro.
20260828 033400.632 INFO             PET1         >>>ESMX_Driver: entered Initialize (phase=<none>) with current time: 2012 10 24 18  0  0   0
20260828 033400.632 INFO             PET1         <<<ESMX_Driver: leaving Initialize (phase=<none>) with current time: 2012 10 24 18  0  0   0
20260828 033400.632 INFO             PET1       ESMX_Driver: InternalInitializeComplete extro.
20260828 033400.635 INFO             PET1       ESMX_Driver: loopDataDependentInitialize intro.
20260828 033400.635 INFO             PET1         >>>ESMX_Driver: entered Initialize (phase=<none>) with current time: 2012 10 24 18  0  0   0
20260828 033400.646 INFO             PET1         <<<ESMX_Driver: leaving Initialize (phase=<none>) with current time: 2012 10 24 18  0  0   0
20260828 033400.646 INFO             PET1       ESMX_Driver: loopDataDependentInitialize extro.
20260828 033400.646 INFO             PET1       <<<ESMX_Driver: leaving Initialize (phase=<none>) with current time: 2012 10 24 18  0  0   0
20260828 033400.646 INFO             PET1     ESMX_Driver: InitializeIPDv02p5Data extro.
20260828 033400.646 INFO             PET1     <<<ESMX_Driver: leaving Initialize (phase=<none>) with current time: 2012 10 24 18  0  0   0
20260828 033400.646 INFO             PET1   ESMX_Driver: InitializeIPDv02p5 extro.
20260828 033400.646 INFO             PET1   <<<ESMX_Driver: leaving Initialize (phase=<none>) with current time: 2012 10 24 18  0  0   0
20260828 033400.646 INFO             PET1 ESMX_Driver: InitializeGeneric extro.
20260828 033400.646 INFO             PET1 ESMX_Driver: Run intro.
20260828 033400.646 INFO             PET1   >>>ESMX_Driver: entered Run (phase=RunPhase1) with current time: 2012 10 24 18  0  0   0
20260828 033400.646 INFO             PET1   SIMOCO Advance(): --- VMK::log() start -------------------------------------
20260828 033400.646 INFO             PET1   SIMOCO Advance(): vm located at: 0x125604f40
20260828 033400.646 INFO             PET1   SIMOCO Advance(): mpionly=1 threadsflag=0
20260828 033400.646 INFO             PET1   SIMOCO Advance(): ssiCount=1 localSsi=0
20260828 033400.646 INFO             PET1   SIMOCO Advance(): devCount=0 ssiLocalDevCount=0
20260828 033400.646 INFO             PET1   SIMOCO Advance(): petCount=4 ssiLocalPetCount=4
20260828 033400.646 INFO             PET1   SIMOCO Advance(): localPet=1 mypthid=0x20d3f5f00 ssiLocalPet=1 currentSsiPe=-1
20260828 033400.646 INFO             PET1   SIMOCO Advance(): ESMF level logical PET->PE association (but consider system level affinity pinning!):
20260828 033400.646 INFO             PET1   SIMOCO Advance(): PET=0 lpid=0 tid=0 pid=0 peCount=1 accCount=0
20260828 033400.646 INFO             PET1   SIMOCO Advance():  PE=0 SSI=0 SSIPE=0
20260828 033400.646 INFO             PET1   SIMOCO Advance(): PET=1 lpid=1 tid=0 pid=1 peCount=1 accCount=0
20260828 033400.646 INFO             PET1   SIMOCO Advance():  PE=1 SSI=0 SSIPE=1
20260828 033400.646 INFO             PET1   SIMOCO Advance(): PET=2 lpid=2 tid=0 pid=2 peCount=1 accCount=0
20260828 033400.646 INFO             PET1   SIMOCO Advance():  PE=2 SSI=0 SSIPE=2
20260828 033400.646 INFO             PET1   SIMOCO Advance(): PET=3 lpid=3 tid=0 pid=3 peCount=1 accCount=0
20260828 033400.646 INFO             PET1   SIMOCO Advance():  PE=3 SSI=0 SSIPE=3
20260828 033400.646 INFO             PET1   SIMOCO Advance(): --- VMK::log() end ---------------------------------------
20260828 033400.646 INFO             PET1   ------>Advancing SIMOCO from: 2012 10 24 18  0  0   0
20260828 033400.646 INFO             PET1   ---------------------> to: 2012 10 24 18  5  0   0
20260828 033400.646 INFO             PET1   SIMOCO Advance(): --- VMK::log() start -------------------------------------
20260828 033400.646 INFO             PET1   SIMOCO Advance(): vm located at: 0x125604f40
20260828 033400.646 INFO             PET1   SIMOCO Advance(): mpionly=1 threadsflag=0
20260828 033400.646 INFO             PET1   SIMOCO Advance(): ssiCount=1 localSsi=0
20260828 033400.646 INFO             PET1   SIMOCO Advance(): devCount=0 ssiLocalDevCount=0
20260828 033400.646 INFO             PET1   SIMOCO Advance(): petCount=4 ssiLocalPetCount=4
20260828 033400.646 INFO             PET1   SIMOCO Advance(): localPet=1 mypthid=0x20d3f5f00 ssiLocalPet=1 currentSsiPe=-1
20260828 033400.647 INFO             PET1   SIMOCO Advance(): ESMF level logical PET->PE association (but consider system level affinity pinning!):
20260828 033400.647 INFO             PET1   SIMOCO Advance(): PET=0 lpid=0 tid=0 pid=0 peCount=1 accCount=0
20260828 033400.647 INFO             PET1   SIMOCO Advance():  PE=0 SSI=0 SSIPE=0
20260828 033400.647 INFO             PET1   SIMOCO Advance(): PET=1 lpid=1 tid=0 pid=1 peCount=1 accCount=0
20260828 033400.647 INFO             PET1   SIMOCO Advance():  PE=1 SSI=0 SSIPE=1
20260828 033400.647 INFO             PET1   SIMOCO Advance(): PET=2 lpid=2 tid=0 pid=2 peCount=1 accCount=0
20260828 033400.647 INFO             PET1   SIMOCO Advance():  PE=2 SSI=0 SSIPE=2
20260828 033400.647 INFO             PET1   SIMOCO Advance(): PET=3 lpid=3 tid=0 pid=3 peCount=1 accCount=0
20260828 033400.647 INFO             PET1   SIMOCO Advance():  PE=3 SSI=0 SSIPE=3
20260828 033400.647 INFO             PET1   SIMOCO Advance(): --- VMK::log() end ---------------------------------------
20260828 033400.647 INFO             PET1   ------>Advancing SIMOCO from: 2012 10 24 18  5  0   0
20260828 033400.647 INFO             PET1   ---------------------> to: 2012 10 24 18 10  0   0
20260828 033400.647 INFO             PET1   SIMOCO Advance(): --- VMK::log() start -------------------------------------
20260828 033400.647 INFO             PET1   SIMOCO Advance(): vm located at: 0x125604f40
20260828 033400.647 INFO             PET1   SIMOCO Advance(): mpionly=1 threadsflag=0
20260828 033400.647 INFO             PET1   SIMOCO Advance(): ssiCount=1 localSsi=0
20260828 033400.647 INFO             PET1   SIMOCO Advance(): devCount=0 ssiLocalDevCount=0
20260828 033400.647 INFO             PET1   SIMOCO Advance(): petCount=4 ssiLocalPetCount=4
20260828 033400.647 INFO             PET1   SIMOCO Advance(): localPet=1 mypthid=0x20d3f5f00 ssiLocalPet=1 currentSsiPe=-1
20260828 033400.647 INFO             PET1   SIMOCO Advance(): ESMF level logical PET->PE association (but consider system level affinity pinning!):
20260828 033400.647 INFO             PET1   SIMOCO Advance(): PET=0 lpid=0 tid=0 pid=0 peCount=1 accCount=0
20260828 033400.647 INFO             PET1   SIMOCO Advance():  PE=0 SSI=0 SSIPE=0
20260828 033400.647 INFO             PET1   SIMOCO Advance(): PET=1 lpid=1 tid=0 pid=1 peCount=1 accCount=0
20260828 033400.647 INFO             PET1   SIMOCO Advance():  PE=1 SSI=0 SSIPE=1
20260828 033400.647 INFO             PET1   SIMOCO Advance(): PET=2 lpid=2 tid=0 pid=2 peCount=1 accCount=0
20260828 033400.647 INFO             PET1   SIMOCO Advance():  PE=2 SSI=0 SSIPE=2
20260828 033400.647 INFO             PET1   SIMOCO Advance(): PET=3 lpid=3 tid=0 pid=3 peCount=1 accCount=0
20260828 033400.647 INFO             PET1   SIMOCO Advance():  PE=3 SSI=0 SSIPE=3
20260828 033400.647 INFO             PET1   SIMOCO Advance(): --- VMK::log() end ---------------------------------------
20260828 033400.647 INFO             PET1   ------>Advancing SIMOCO from: 2012 10 24 18 10  0   0
20260828 033400.647 INFO             PET1   ---------------------> to: 2012 10 24 18 15  0   0
20260828 033400.647 INFO             PET1   SIMOCO Advance(): --- VMK::log() start -------------------------------------
20260828 033400.647 INFO             PET1   SIMOCO Advance(): vm located at: 0x125604f40
20260828 033400.647 INFO             PET1   SIMOCO Advance(): mpionly=1 threadsflag=0
20260828 033400.647 INFO             PET1   SIMOCO Advance(): ssiCount=1 localSsi=0
20260828 033400.647 INFO             PET1   SIMOCO Advance(): devCount=0 ssiLocalDevCount=0
20260828 033400.647 INFO             PET1   SIMOCO Advance(): petCount=4 ssiLocalPetCount=4
20260828 033400.647 INFO             PET1   SIMOCO Advance(): localPet=1 mypthid=0x20d3f5f00 ssiLocalPet=1 currentSsiPe=-1
20260828 033400.647 INFO             PET1   SIMOCO Advance(): ESMF level logical PET->PE association (but consider system level affinity pinning!):
20260828 033400.647 INFO             PET1   SIMOCO Advance(): PET=0 lpid=0 tid=0 pid=0 peCount=1 accCount=0
20260828 033400.647 INFO             PET1   SIMOCO Advance():  PE=0 SSI=0 SSIPE=0
20260828 033400.647 INFO             PET1   SIMOCO Advance(): PET=1 lpid=1 tid=0 pid=1 peCount=1 accCount=0
20260828 033400.647 INFO             PET1   SIMOCO Advance():  PE=1 SSI=0 SSIPE=1
20260828 033400.647 INFO             PET1   SIMOCO Advance(): PET=2 lpid=2 tid=0 pid=2 peCount=1 accCount=0
20260828 033400.647 INFO             PET1   SIMOCO Advance():  PE=2 SSI=0 SSIPE=2
20260828 033400.647 INFO             PET1   SIMOCO Advance(): PET=3 lpid=3 tid=0 pid=3 peCount=1 accCount=0
20260828 033400.647 INFO             PET1   SIMOCO Advance():  PE=3 SSI=0 SSIPE=3
20260828 033400.647 INFO             PET1   SIMOCO Advance(): --- VMK::log() end ---------------------------------------
20260828 033400.647 INFO             PET1   ------>Advancing SIMOCO from: 2012 10 24 18 15  0   0
20260828 033400.647 INFO             PET1   ---------------------> to: 2012 10 24 18 20  0   0
20260828 033400.647 INFO             PET1   SIMOCO Advance(): --- VMK::log() start -------------------------------------
20260828 033400.647 INFO             PET1   SIMOCO Advance(): vm located at: 0x125604f40
20260828 033400.647 INFO             PET1   SIMOCO Advance(): mpionly=1 threadsflag=0
20260828 033400.647 INFO             PET1   SIMOCO Advance(): ssiCount=1 localSsi=0
20260828 033400.647 INFO             PET1   SIMOCO Advance(): devCount=0 ssiLocalDevCount=0
20260828 033400.647 INFO             PET1   SIMOCO Advance(): petCount=4 ssiLocalPetCount=4
20260828 033400.647 INFO             PET1   SIMOCO Advance(): localPet=1 mypthid=0x20d3f5f00 ssiLocalPet=1 currentSsiPe=-1
20260828 033400.647 INFO             PET1   SIMOCO Advance(): ESMF level logical PET->PE association (but consider system level affinity pinning!):
20260828 033400.647 INFO             PET1   SIMOCO Advance(): PET=0 lpid=0 tid=0 pid=0 peCount=1 accCount=0
20260828 033400.647 INFO             PET1   SIMOCO Advance():  PE=0 SSI=0 SSIPE=0
20260828 033400.647 INFO             PET1   SIMOCO Advance(): PET=1 lpid=1 tid=0 pid=1 peCount=1 accCount=0
20260828 033400.647 INFO             PET1   SIMOCO Advance():  PE=1 SSI=0 SSIPE=1
20260828 033400.647 INFO             PET1   SIMOCO Advance(): PET=2 lpid=2 tid=0 pid=2 peCount=1 accCount=0
20260828 033400.647 INFO             PET1   SIMOCO Advance():  PE=2 SSI=0 SSIPE=2
20260828 033400.647 INFO             PET1   SIMOCO Advance(): PET=3 lpid=3 tid=0 pid=3 peCount=1 accCount=0
20260828 033400.647 INFO             PET1   SIMOCO Advance():  PE=3 SSI=0 SSIPE=3
20260828 033400.647 INFO             PET1   SIMOCO Advance(): --- VMK::log() end ---------------------------------------
20260828 033400.647 INFO             PET1   ------>Advancing SIMOCO from: 2012 10 24 18 20  0   0
20260828 033400.647 INFO             PET1   ---------------------> to: 2012 10 24 18 25  0   0
20260828 033400.647 INFO             PET1   SIMOCO Advance(): --- VMK::log() start -------------------------------------
20260828 033400.647 INFO             PET1   SIMOCO Advance(): vm located at: 0x125604f40
20260828 033400.647 INFO             PET1   SIMOCO Advance(): mpionly=1 threadsflag=0
20260828 033400.647 INFO             PET1   SIMOCO Advance(): ssiCount=1 localSsi=0
20260828 033400.647 INFO             PET1   SIMOCO Advance(): devCount=0 ssiLocalDevCount=0
20260828 033400.647 INFO             PET1   SIMOCO Advance(): petCount=4 ssiLocalPetCount=4
20260828 033400.647 INFO             PET1   SIMOCO Advance(): localPet=1 mypthid=0x20d3f5f00 ssiLocalPet=1 currentSsiPe=-1
20260828 033400.647 INFO             PET1   SIMOCO Advance(): ESMF level logical PET->PE association (but consider system level affinity pinning!):
20260828 033400.647 INFO             PET1   SIMOCO Advance(): PET=0 lpid=0 tid=0 pid=0 peCount=1 accCount=0
20260828 033400.647 INFO             PET1   SIMOCO Advance():  PE=0 SSI=0 SSIPE=0
20260828 033400.647 INFO             PET1   SIMOCO Advance(): PET=1 lpid=1 tid=0 pid=1 peCount=1 accCount=0
20260828 033400.647 INFO             PET1   SIMOCO Advance():  PE=1 SSI=0 SSIPE=1
20260828 033400.647 INFO             PET1   SIMOCO Advance(): PET=2 lpid=2 tid=0 pid=2 peCount=1 accCount=0
20260828 033400.647 INFO             PET1   SIMOCO Advance():  PE=2 SSI=0 SSIPE=2
20260828 033400.647 INFO             PET1   SIMOCO Advance(): PET=3 lpid=3 tid=0 pid=3 peCount=1 accCount=0
20260828 033400.647 INFO             PET1   SIMOCO Advance():  PE=3 SSI=0 SSIPE=3
20260828 033400.647 INFO             PET1   SIMOCO Advance(): --- VMK::log() end ---------------------------------------
20260828 033400.647 INFO             PET1   ------>Advancing SIMOCO from: 2012 10 24 18 25  0   0
20260828 033400.653 INFO             PET1   ---------------------> to: 2012 10 24 18 30  0   0
20260828 033400.653 INFO             PET1   SIMOCO Advance(): --- VMK::log() start -------------------------------------
20260828 033400.653 INFO             PET1   SIMOCO Advance(): vm located at: 0x125604f40
20260828 033400.653 INFO             PET1   SIMOCO Advance(): mpionly=1 threadsflag=0
20260828 033400.653 INFO             PET1   SIMOCO Advance(): ssiCount=1 localSsi=0
20260828 033400.653 INFO             PET1   SIMOCO Advance(): devCount=0 ssiLocalDevCount=0
20260828 033400.653 INFO             PET1   SIMOCO Advance(): petCount=4 ssiLocalPetCount=4
20260828 033400.653 INFO             PET1   SIMOCO Advance(): localPet=1 mypthid=0x20d3f5f00 ssiLocalPet=1 currentSsiPe=-1
20260828 033400.653 INFO             PET1   SIMOCO Advance(): ESMF level logical PET->PE association (but consider system level affinity pinning!):
20260828 033400.653 INFO             PET1   SIMOCO Advance(): PET=0 lpid=0 tid=0 pid=0 peCount=1 accCount=0
20260828 033400.653 INFO             PET1   SIMOCO Advance():  PE=0 SSI=0 SSIPE=0
20260828 033400.653 INFO             PET1   SIMOCO Advance(): PET=1 lpid=1 tid=0 pid=1 peCount=1 accCount=0
20260828 033400.653 INFO             PET1   SIMOCO Advance():  PE=1 SSI=0 SSIPE=1
20260828 033400.653 INFO             PET1   SIMOCO Advance(): PET=2 lpid=2 tid=0 pid=2 peCount=1 accCount=0
20260828 033400.654 INFO             PET1   SIMOCO Advance():  PE=2 SSI=0 SSIPE=2
20260828 033400.654 INFO             PET1   SIMOCO Advance(): PET=3 lpid=3 tid=0 pid=3 peCount=1 accCount=0
20260828 033400.654 INFO             PET1   SIMOCO Advance():  PE=3 SSI=0 SSIPE=3
20260828 033400.654 INFO             PET1   SIMOCO Advance(): --- VMK::log() end ---------------------------------------
20260828 033400.654 INFO             PET1   ------>Advancing SIMOCO from: 2012 10 24 18 30  0   0
20260828 033400.654 INFO             PET1   ---------------------> to: 2012 10 24 18 35  0   0
20260828 033400.654 INFO             PET1   SIMOCO Advance(): --- VMK::log() start -------------------------------------
20260828 033400.654 INFO             PET1   SIMOCO Advance(): vm located at: 0x125604f40
20260828 033400.654 INFO             PET1   SIMOCO Advance(): mpionly=1 threadsflag=0
20260828 033400.654 INFO             PET1   SIMOCO Advance(): ssiCount=1 localSsi=0
20260828 033400.654 INFO             PET1   SIMOCO Advance(): devCount=0 ssiLocalDevCount=0
20260828 033400.654 INFO             PET1   SIMOCO Advance(): petCount=4 ssiLocalPetCount=4
20260828 033400.654 INFO             PET1   SIMOCO Advance(): localPet=1 mypthid=0x20d3f5f00 ssiLocalPet=1 currentSsiPe=-1
20260828 033400.654 INFO             PET1   SIMOCO Advance(): ESMF level logical PET->PE association (but consider system level affinity pinning!):
20260828 033400.654 INFO             PET1   SIMOCO Advance(): PET=0 lpid=0 tid=0 pid=0 peCount=1 accCount=0
20260828 033400.654 INFO             PET1   SIMOCO Advance():  PE=0 SSI=0 SSIPE=0
20260828 033400.654 INFO             PET1   SIMOCO Advance(): PET=1 lpid=1 tid=0 pid=1 peCount=1 accCount=0
20260828 033400.654 INFO             PET1   SIMOCO Advance():  PE=1 SSI=0 SSIPE=1
20260828 033400.654 INFO             PET1   SIMOCO Advance(): PET=2 lpid=2 tid=0 pid=2 peCount=1 accCount=0
20260828 033400.654 INFO             PET1   SIMOCO Advance():  PE=2 SSI=0 SSIPE=2
20260828 033400.654 INFO             PET1   SIMOCO Advance(): PET=3 lpid=3 tid=0 pid=3 peCount=1 accCount=0
20260828 033400.654 INFO             PET1   SIMOCO Advance():  PE=3 SSI=0 SSIPE=3
20260828 033400.654 INFO             PET1   SIMOCO Advance(): --- VMK::log() end ---------------------------------------
20260828 033400.654 INFO             PET1   ------>Advancing SIMOCO from: 2012 10 24 18 35  0   0
20260828 033400.654 INFO             PET1   ---------------------> to: 2012 10 24 18 40  0   0
20260828 033400.654 INFO             PET1   SIMOCO Advance(): --- VMK::log() start -------------------------------------
20260828 033400.654 INFO             PET1   SIMOCO Advance(): vm located at: 0x125604f40
20260828 033400.654 INFO             PET1   SIMOCO Advance(): mpionly=1 threadsflag=0
20260828 033400.654 INFO             PET1   SIMOCO Advance(): ssiCount=1 localSsi=0
20260828 033400.654 INFO             PET1   SIMOCO Advance(): devCount=0 ssiLocalDevCount=0
20260828 033400.654 INFO             PET1   SIMOCO Advance(): petCount=4 ssiLocalPetCount=4
20260828 033400.654 INFO             PET1   SIMOCO Advance(): localPet=1 mypthid=0x20d3f5f00 ssiLocalPet=1 currentSsiPe=-1
20260828 033400.654 INFO             PET1   SIMOCO Advance(): ESMF level logical PET->PE association (but consider system level affinity pinning!):
20260828 033400.654 INFO             PET1   SIMOCO Advance(): PET=0 lpid=0 tid=0 pid=0 peCount=1 accCount=0
20260828 033400.654 INFO             PET1   SIMOCO Advance():  PE=0 SSI=0 SSIPE=0
20260828 033400.654 INFO             PET1   SIMOCO Advance(): PET=1 lpid=1 tid=0 pid=1 peCount=1 accCount=0
20260828 033400.654 INFO             PET1   SIMOCO Advance():  PE=1 SSI=0 SSIPE=1
20260828 033400.654 INFO             PET1   SIMOCO Advance(): PET=2 lpid=2 tid=0 pid=2 peCount=1 accCount=0
20260828 033400.654 INFO             PET1   SIMOCO Advance():  PE=2 SSI=0 SSIPE=2
20260828 033400.654 INFO             PET1   SIMOCO Advance(): PET=3 lpid=3 tid=0 pid=3 peCount=1 accCount=0
20260828 033400.654 INFO             PET1   SIMOCO Advance():  PE=3 SSI=0 SSIPE=3
20260828 033400.654 INFO             PET1   SIMOCO Advance(): --- VMK::log() end ---------------------------------------
20260828 033400.654 INFO             PET1   ------>Advancing SIMOCO from: 2012 10 24 18 40  0   0
20260828 033400.654 INFO             PET1   ---------------------> to: 2012 10 24 18 45  0   0
20260828 033400.654 INFO             PET1   SIMOCO Advance(): --- VMK::log() start -------------------------------------
20260828 033400.654 INFO             PET1   SIMOCO Advance(): vm located at: 0x125604f40
20260828 033400.654 INFO             PET1   SIMOCO Advance(): mpionly=1 threadsflag=0
20260828 033400.654 INFO             PET1   SIMOCO Advance(): ssiCount=1 localSsi=0
20260828 033400.654 INFO             PET1   SIMOCO Advance(): devCount=0 ssiLocalDevCount=0
20260828 033400.654 INFO             PET1   SIMOCO Advance(): petCount=4 ssiLocalPetCount=4
20260828 033400.654 INFO             PET1   SIMOCO Advance(): localPet=1 mypthid=0x20d3f5f00 ssiLocalPet=1 currentSsiPe=-1
20260828 033400.654 INFO             PET1   SIMOCO Advance(): ESMF level logical PET->PE association (but consider system level affinity pinning!):
20260828 033400.654 INFO             PET1   SIMOCO Advance(): PET=0 lpid=0 tid=0 pid=0 peCount=1 accCount=0
20260828 033400.654 INFO             PET1   SIMOCO Advance():  PE=0 SSI=0 SSIPE=0
20260828 033400.654 INFO             PET1   SIMOCO Advance(): PET=1 lpid=1 tid=0 pid=1 peCount=1 accCount=0
20260828 033400.654 INFO             PET1   SIMOCO Advance():  PE=1 SSI=0 SSIPE=1
20260828 033400.654 INFO             PET1   SIMOCO Advance(): PET=2 lpid=2 tid=0 pid=2 peCount=1 accCount=0
20260828 033400.654 INFO             PET1   SIMOCO Advance():  PE=2 SSI=0 SSIPE=2
20260828 033400.654 INFO             PET1   SIMOCO Advance(): PET=3 lpid=3 tid=0 pid=3 peCount=1 accCount=0
20260828 033400.654 INFO             PET1   SIMOCO Advance():  PE=3 SSI=0 SSIPE=3
20260828 033400.654 INFO             PET1   SIMOCO Advance(): --- VMK::log() end ---------------------------------------
20260828 033400.654 INFO             PET1   ------>Advancing SIMOCO from: 2012 10 24 18 45  0   0
20260828 033400.654 INFO             PET1   ---------------------> to: 2012 10 24 18 50  0   0
20260828 033400.655 INFO             PET1   SIMOCO Advance(): --- VMK::log() start -------------------------------------
20260828 033400.655 INFO             PET1   SIMOCO Advance(): vm located at: 0x125604f40
20260828 033400.655 INFO             PET1   SIMOCO Advance(): mpionly=1 threadsflag=0
20260828 033400.655 INFO             PET1   SIMOCO Advance(): ssiCount=1 localSsi=0
20260828 033400.655 INFO             PET1   SIMOCO Advance(): devCount=0 ssiLocalDevCount=0
20260828 033400.655 INFO             PET1   SIMOCO Advance(): petCount=4 ssiLocalPetCount=4
20260828 033400.655 INFO             PET1   SIMOCO Advance(): localPet=1 mypthid=0x20d3f5f00 ssiLocalPet=1 currentSsiPe=-1
20260828 033400.655 INFO             PET1   SIMOCO Advance(): ESMF level logical PET->PE association (but consider system level affinity pinning!):
20260828 033400.655 INFO             PET1   SIMOCO Advance(): PET=0 lpid=0 tid=0 pid=0 peCount=1 accCount=0
20260828 033400.655 INFO             PET1   SIMOCO Advance():  PE=0 SSI=0 SSIPE=0
20260828 033400.655 INFO             PET1   SIMOCO Advance(): PET=1 lpid=1 tid=0 pid=1 peCount=1 accCount=0
20260828 033400.655 INFO             PET1   SIMOCO Advance():  PE=1 SSI=0 SSIPE=1
20260828 033400.655 INFO             PET1   SIMOCO Advance(): PET=2 lpid=2 tid=0 pid=2 peCount=1 accCount=0
20260828 033400.655 INFO             PET1   SIMOCO Advance():  PE=2 SSI=0 SSIPE=2
20260828 033400.655 INFO             PET1   SIMOCO Advance(): PET=3 lpid=3 tid=0 pid=3 peCount=1 accCount=0
20260828 033400.655 INFO             PET1   SIMOCO Advance():  PE=3 SSI=0 SSIPE=3
20260828 033400.655 INFO             PET1   SIMOCO Advance(): --- VMK::log() end ---------------------------------------
20260828 033400.655 INFO             PET1   ------>Advancing SIMOCO from: 2012 10 24 18 50  0   0
20260828 033400.655 INFO             PET1   ---------------------> to: 2012 10 24 18 55  0   0
20260828 033400.655 INFO             PET1   SIMOCO Advance(): --- VMK::log() start -------------------------------------
20260828 033400.655 INFO             PET1   SIMOCO Advance(): vm located at: 0x125604f40
20260828 033400.655 INFO             PET1   SIMOCO Advance(): mpionly=1 threadsflag=0
20260828 033400.655 INFO             PET1   SIMOCO Advance(): ssiCount=1 localSsi=0
20260828 033400.655 INFO             PET1   SIMOCO Advance(): devCount=0 ssiLocalDevCount=0
20260828 033400.655 INFO             PET1   SIMOCO Advance(): petCount=4 ssiLocalPetCount=4
20260828 033400.655 INFO             PET1   SIMOCO Advance(): localPet=1 mypthid=0x20d3f5f00 ssiLocalPet=1 currentSsiPe=-1
20260828 033400.655 INFO             PET1   SIMOCO Advance(): ESMF level logical PET->PE association (but consider system level affinity pinning!):
20260828 033400.655 INFO             PET1   SIMOCO Advance(): PET=0 lpid=0 tid=0 pid=0 peCount=1 accCount=0
20260828 033400.655 INFO             PET1   SIMOCO Advance():  PE=0 SSI=0 SSIPE=0
20260828 033400.655 INFO             PET1   SIMOCO Advance(): PET=1 lpid=1 tid=0 pid=1 peCount=1 accCount=0
20260828 033400.655 INFO             PET1   SIMOCO Advance():  PE=1 SSI=0 SSIPE=1
20260828 033400.655 INFO             PET1   SIMOCO Advance(): PET=2 lpid=2 tid=0 pid=2 peCount=1 accCount=0
20260828 033400.655 INFO             PET1   SIMOCO Advance():  PE=2 SSI=0 SSIPE=2
20260828 033400.655 INFO             PET1   SIMOCO Advance(): PET=3 lpid=3 tid=0 pid=3 peCount=1 accCount=0
20260828 033400.655 INFO             PET1   SIMOCO Advance():  PE=3 SSI=0 SSIPE=3
20260828 033400.655 INFO             PET1   SIMOCO Advance(): --- VMK::log() end ---------------------------------------
20260828 033400.655 INFO             PET1   ------>Advancing SIMOCO from: 2012 10 24 18 55  0   0
20260828 033400.655 INFO             PET1   ---------------------> to: 2012 10 24 19  0  0   0
20260828 033400.655 INFO             PET1   <<<ESMX_Driver: leaving Run (phase=RunPhase1) with current time: 2012 10 24 19  0  0   0
20260828 033400.655 INFO             PET1 ESMX_Driver: Run extro.
20260828 033400.655 INFO             PET1 ESMX_Driver: Finalize intro.
20260828 033400.655 INFO             PET1   >>>ESMX_Driver: entered Finalize (phase=FinalizePhase1) with current time: 2012 10 24 19  0  0   0
20260828 033400.655 INFO             PET1   Calling Finalize phase 1 for modelComp: MDL
20260828 033400.655 INFO             PET1   Delete modelComp: MDL
20260828 033400.655 INFO             PET1   <<<ESMX_Driver: leaving Finalize (phase=FinalizePhase1) with current time: 2012 10 24 19  0  0   0
20260828 033400.655 INFO             PET1 ESMX_Driver: Finalize extro.
20260828 033400.655 INFO             PET1 =============================================
20260828 033400.655 INFO             PET1 ESMX (Earth System Model eXecutable) FINISHED
20260828 033400.655 INFO             PET1 =============================================
20260828 033400.655 INFO             PET1  Finalizing ESMF
20260828 033400.358 INFO             PET2 !!!!!!!!!!!!!!!!!!!!!!!!!!!!!!!!!!!!!!!!!!!!!!!!!!!!!!
20260828 033400.389 INFO             PET2 !!! THE ESMF_LOG IS SET TO OUTPUT ALL LOG MESSAGES !!!
20260828 033400.389 INFO             PET2 !!!     THIS MAY CAUSE SLOWDOWN IN PERFORMANCE     !!!
20260828 033400.389 INFO             PET2 !!! FOR PRODUCTION RUNS, USE:                      !!!
20260828 033400.389 INFO             PET2 !!!                   ESMF_LOGKIND_Multi_On_Error  !!!
20260828 033400.389 INFO             PET2 !!!!!!!!!!!!!!!!!!!!!!!!!!!!!!!!!!!!!!!!!!!!!!!!!!!!!!
20260828 033400.389 INFO             PET2 Running with ESMF Version   : develop+g1082792c4b
20260828 033400.389 INFO             PET2 ESMF library build date/time: "Aug 28 2026" "02:40:43"
20260828 033400.389 INFO             PET2 ESMF library build location : /usr/local/esmf/esmf-testing/gfortranclang_14.2.0_17.0.0_mpich_g_develop/esmf
20260828 033400.389 INFO             PET2 ESMF_COMM                   : mpich
20260828 033400.389 INFO             PET2 ESMF_MOAB                   : enabled
20260828 033400.389 INFO             PET2 ESMF_LAPACK                 : enabled
20260828 033400.389 INFO             PET2 ESMF_NETCDF                 : enabled
20260828 033400.389 INFO             PET2 ESMF_PNETCDF                : disabled
20260828 033400.389 INFO             PET2 ESMF_PIO                    : enabled
20260828 033400.389 INFO             PET2 ESMF_YAMLCPP                : enabled
20260828 033400.402 INFO             PET2 =============================================
20260828 033400.402 INFO             PET2 ESMX (Earth System Model eXecutable) STARTING
20260828 033400.402 INFO             PET2 =============================================
20260828 033400.418 DEBUG            PET2 Generic SetVM() is executing for: ESMX_Driver
20260828 033400.418 DEBUG            PET2 Generic SetVM() found no NUOPC Hint for: ESMX_Driver
20260828 033400.418 DEBUG            PET2 Generic SetVM() therefore is NOT calling ESMF_GridCompSetVMMaxPEs() for: ESMX_Driver
20260828 033400.452 INFO             PET2 ESMX_Driver: InitializeGeneric intro.
20260828 033400.452 INFO             PET2   >>>ESMX_Driver: entered Initialize (phase=<none>) without valid internal Clock.
20260828 033400.452 INFO             PET2   ESMX_Driver: InitializeP0 intro.
20260828 033400.453 INFO             PET2     >>>ESMX_Driver: entered Initialize (phase=<none>) without valid internal Clock.
20260828 033400.453 INFO             PET2     <<<ESMX_Driver: leaving Initialize (phase=<none>) without valid internal Clock.
20260828 033400.453 INFO             PET2   ESMX_Driver: InitializeP0 extro.
20260828 033400.453 INFO             PET2   ESMX_Driver: InitializeIPDv02p1 intro.
20260828 033400.453 INFO             PET2     >>>ESMX_Driver: entered Initialize (phase=<none>) without valid internal Clock.
20260828 033400.465 INFO             PET2     ESMX_Driver - Creating model component MDL without petList.
20260828 033400.465 DEBUG            PET2     Generic SetVM() is executing for: MDL
20260828 033400.488 INFO             PET2     ESMX_Driver: IInitAdvertise intro.
20260828 033400.488 INFO             PET2       >>>ESMX_Driver: entered Initialize (phase=<none>) with current time: 2012 10 24 18  0  0   0
20260828 033400.488 INFO             PET2       <<<ESMX_Driver: leaving Initialize (phase=<none>) with current time: 2012 10 24 18  0  0   0
20260828 033400.488 INFO             PET2     ESMX_Driver: IInitAdvertise extro.
20260828 033400.490 INFO             PET2     ESMX_Driver: IInitAdvertiseFinish intro.
20260828 033400.490 INFO             PET2       >>>ESMX_Driver: entered Initialize (phase=<none>) with current time: 2012 10 24 18  0  0   0
20260828 033400.490 INFO             PET2       <<<ESMX_Driver: leaving Initialize (phase=<none>) with current time: 2012 10 24 18  0  0   0
20260828 033400.490 INFO             PET2     ESMX_Driver: IInitAdvertiseFinish extro.
20260828 033400.490 INFO             PET2     ESMX_Driver: IInitModifyCplLists intro.
20260828 033400.490 INFO             PET2       >>>ESMX_Driver: entered Initialize (phase=<none>) with current time: 2012 10 24 18  0  0   0
20260828 033400.491 INFO             PET2       <<<ESMX_Driver: leaving Initialize (phase=<none>) with current time: 2012 10 24 18  0  0   0
20260828 033400.491 INFO             PET2     ESMX_Driver: IInitModifyCplLists extro.
20260828 033400.491 INFO             PET2     <<<ESMX_Driver: leaving Initialize (phase=<none>) with current time: 2012 10 24 18  0  0   0
20260828 033400.491 INFO             PET2   ESMX_Driver: InitializeIPDv02p1 extro.
20260828 033400.491 INFO             PET2   ESMX_Driver: InitializeIPDv02p3 intro.
20260828 033400.491 INFO             PET2     >>>ESMX_Driver: entered Initialize (phase=<none>) with current time: 2012 10 24 18  0  0   0
20260828 033400.491 INFO             PET2     ESMX_Driver: IInitCheck intro.
20260828 033400.491 INFO             PET2       >>>ESMX_Driver: entered Initialize (phase=<none>) with current time: 2012 10 24 18  0  0   0
20260828 033400.491 INFO             PET2       <<<ESMX_Driver: leaving Initialize (phase=<none>) with current time: 2012 10 24 18  0  0   0
20260828 033400.491 INFO             PET2     ESMX_Driver: IInitCheck extro.
20260828 033400.627 INFO             PET2     ESMX_Driver: IInitRealize intro.
20260828 033400.628 INFO             PET2       >>>ESMX_Driver: entered Initialize (phase=<none>) with current time: 2012 10 24 18  0  0   0
20260828 033400.628 INFO             PET2       <<<ESMX_Driver: leaving Initialize (phase=<none>) with current time: 2012 10 24 18  0  0   0
20260828 033400.628 INFO             PET2     ESMX_Driver: IInitRealize extro.
20260828 033400.628 INFO             PET2     <<<ESMX_Driver: leaving Initialize (phase=<none>) with current time: 2012 10 24 18  0  0   0
20260828 033400.628 INFO             PET2   ESMX_Driver: InitializeIPDv02p3 extro.
20260828 033400.628 INFO             PET2   ESMX_Driver: InitializeIPDv02p5 intro.
20260828 033400.628 INFO             PET2     >>>ESMX_Driver: entered Initialize (phase=<none>) with current time: 2012 10 24 18  0  0   0
20260828 033400.628 INFO             PET2     ESMX_Driver: InitializeIPDv02p5Data intro.
20260828 033400.628 INFO             PET2       >>>ESMX_Driver: entered Initialize (phase=<none>) with current time: 2012 10 24 18  0  0   0
20260828 033400.628 INFO             PET2       ESMX_Driver: InternalInitializeComplete intro.
20260828 033400.628 INFO             PET2         >>>ESMX_Driver: entered Initialize (phase=<none>) with current time: 2012 10 24 18  0  0   0
20260828 033400.628 INFO             PET2         <<<ESMX_Driver: leaving Initialize (phase=<none>) with current time: 2012 10 24 18  0  0   0
20260828 033400.628 INFO             PET2       ESMX_Driver: InternalInitializeComplete extro.
20260828 033400.635 INFO             PET2       ESMX_Driver: loopDataDependentInitialize intro.
20260828 033400.635 INFO             PET2         >>>ESMX_Driver: entered Initialize (phase=<none>) with current time: 2012 10 24 18  0  0   0
20260828 033400.646 INFO             PET2         <<<ESMX_Driver: leaving Initialize (phase=<none>) with current time: 2012 10 24 18  0  0   0
20260828 033400.646 INFO             PET2       ESMX_Driver: loopDataDependentInitialize extro.
20260828 033400.646 INFO             PET2       <<<ESMX_Driver: leaving Initialize (phase=<none>) with current time: 2012 10 24 18  0  0   0
20260828 033400.646 INFO             PET2     ESMX_Driver: InitializeIPDv02p5Data extro.
20260828 033400.646 INFO             PET2     <<<ESMX_Driver: leaving Initialize (phase=<none>) with current time: 2012 10 24 18  0  0   0
20260828 033400.646 INFO             PET2   ESMX_Driver: InitializeIPDv02p5 extro.
20260828 033400.646 INFO             PET2   <<<ESMX_Driver: leaving Initialize (phase=<none>) with current time: 2012 10 24 18  0  0   0
20260828 033400.646 INFO             PET2 ESMX_Driver: InitializeGeneric extro.
20260828 033400.646 INFO             PET2 ESMX_Driver: Run intro.
20260828 033400.646 INFO             PET2   >>>ESMX_Driver: entered Run (phase=RunPhase1) with current time: 2012 10 24 18  0  0   0
20260828 033400.646 INFO             PET2   SIMOCO Advance(): --- VMK::log() start -------------------------------------
20260828 033400.646 INFO             PET2   SIMOCO Advance(): vm located at: 0x143105250
20260828 033400.646 INFO             PET2   SIMOCO Advance(): mpionly=1 threadsflag=0
20260828 033400.646 INFO             PET2   SIMOCO Advance(): ssiCount=1 localSsi=0
20260828 033400.646 INFO             PET2   SIMOCO Advance(): devCount=0 ssiLocalDevCount=0
20260828 033400.646 INFO             PET2   SIMOCO Advance(): petCount=4 ssiLocalPetCount=4
20260828 033400.646 INFO             PET2   SIMOCO Advance(): localPet=2 mypthid=0x20d3f5f00 ssiLocalPet=2 currentSsiPe=-1
20260828 033400.646 INFO             PET2   SIMOCO Advance(): ESMF level logical PET->PE association (but consider system level affinity pinning!):
20260828 033400.646 INFO             PET2   SIMOCO Advance(): PET=0 lpid=0 tid=0 pid=0 peCount=1 accCount=0
20260828 033400.646 INFO             PET2   SIMOCO Advance():  PE=0 SSI=0 SSIPE=0
20260828 033400.646 INFO             PET2   SIMOCO Advance(): PET=1 lpid=1 tid=0 pid=1 peCount=1 accCount=0
20260828 033400.646 INFO             PET2   SIMOCO Advance():  PE=1 SSI=0 SSIPE=1
20260828 033400.646 INFO             PET2   SIMOCO Advance(): PET=2 lpid=2 tid=0 pid=2 peCount=1 accCount=0
20260828 033400.646 INFO             PET2   SIMOCO Advance():  PE=2 SSI=0 SSIPE=2
20260828 033400.646 INFO             PET2   SIMOCO Advance(): PET=3 lpid=3 tid=0 pid=3 peCount=1 accCount=0
20260828 033400.646 INFO             PET2   SIMOCO Advance():  PE=3 SSI=0 SSIPE=3
20260828 033400.646 INFO             PET2   SIMOCO Advance(): --- VMK::log() end ---------------------------------------
20260828 033400.646 INFO             PET2   ------>Advancing SIMOCO from: 2012 10 24 18  0  0   0
20260828 033400.646 INFO             PET2   ---------------------> to: 2012 10 24 18  5  0   0
20260828 033400.646 INFO             PET2   SIMOCO Advance(): --- VMK::log() start -------------------------------------
20260828 033400.646 INFO             PET2   SIMOCO Advance(): vm located at: 0x143105250
20260828 033400.646 INFO             PET2   SIMOCO Advance(): mpionly=1 threadsflag=0
20260828 033400.646 INFO             PET2   SIMOCO Advance(): ssiCount=1 localSsi=0
20260828 033400.646 INFO             PET2   SIMOCO Advance(): devCount=0 ssiLocalDevCount=0
20260828 033400.647 INFO             PET2   SIMOCO Advance(): petCount=4 ssiLocalPetCount=4
20260828 033400.647 INFO             PET2   SIMOCO Advance(): localPet=2 mypthid=0x20d3f5f00 ssiLocalPet=2 currentSsiPe=-1
20260828 033400.647 INFO             PET2   SIMOCO Advance(): ESMF level logical PET->PE association (but consider system level affinity pinning!):
20260828 033400.647 INFO             PET2   SIMOCO Advance(): PET=0 lpid=0 tid=0 pid=0 peCount=1 accCount=0
20260828 033400.647 INFO             PET2   SIMOCO Advance():  PE=0 SSI=0 SSIPE=0
20260828 033400.647 INFO             PET2   SIMOCO Advance(): PET=1 lpid=1 tid=0 pid=1 peCount=1 accCount=0
20260828 033400.647 INFO             PET2   SIMOCO Advance():  PE=1 SSI=0 SSIPE=1
20260828 033400.647 INFO             PET2   SIMOCO Advance(): PET=2 lpid=2 tid=0 pid=2 peCount=1 accCount=0
20260828 033400.647 INFO             PET2   SIMOCO Advance():  PE=2 SSI=0 SSIPE=2
20260828 033400.647 INFO             PET2   SIMOCO Advance(): PET=3 lpid=3 tid=0 pid=3 peCount=1 accCount=0
20260828 033400.647 INFO             PET2   SIMOCO Advance():  PE=3 SSI=0 SSIPE=3
20260828 033400.647 INFO             PET2   SIMOCO Advance(): --- VMK::log() end ---------------------------------------
20260828 033400.647 INFO             PET2   ------>Advancing SIMOCO from: 2012 10 24 18  5  0   0
20260828 033400.647 INFO             PET2   ---------------------> to: 2012 10 24 18 10  0   0
20260828 033400.647 INFO             PET2   SIMOCO Advance(): --- VMK::log() start -------------------------------------
20260828 033400.648 INFO             PET2   SIMOCO Advance(): vm located at: 0x143105250
20260828 033400.649 INFO             PET2   SIMOCO Advance(): mpionly=1 threadsflag=0
20260828 033400.649 INFO             PET2   SIMOCO Advance(): ssiCount=1 localSsi=0
20260828 033400.649 INFO             PET2   SIMOCO Advance(): devCount=0 ssiLocalDevCount=0
20260828 033400.649 INFO             PET2   SIMOCO Advance(): petCount=4 ssiLocalPetCount=4
20260828 033400.649 INFO             PET2   SIMOCO Advance(): localPet=2 mypthid=0x20d3f5f00 ssiLocalPet=2 currentSsiPe=-1
20260828 033400.649 INFO             PET2   SIMOCO Advance(): ESMF level logical PET->PE association (but consider system level affinity pinning!):
20260828 033400.649 INFO             PET2   SIMOCO Advance(): PET=0 lpid=0 tid=0 pid=0 peCount=1 accCount=0
20260828 033400.649 INFO             PET2   SIMOCO Advance():  PE=0 SSI=0 SSIPE=0
20260828 033400.649 INFO             PET2   SIMOCO Advance(): PET=1 lpid=1 tid=0 pid=1 peCount=1 accCount=0
20260828 033400.649 INFO             PET2   SIMOCO Advance():  PE=1 SSI=0 SSIPE=1
20260828 033400.649 INFO             PET2   SIMOCO Advance(): PET=2 lpid=2 tid=0 pid=2 peCount=1 accCount=0
20260828 033400.649 INFO             PET2   SIMOCO Advance():  PE=2 SSI=0 SSIPE=2
20260828 033400.649 INFO             PET2   SIMOCO Advance(): PET=3 lpid=3 tid=0 pid=3 peCount=1 accCount=0
20260828 033400.649 INFO             PET2   SIMOCO Advance():  PE=3 SSI=0 SSIPE=3
20260828 033400.650 INFO             PET2   SIMOCO Advance(): --- VMK::log() end ---------------------------------------
20260828 033400.650 INFO             PET2   ------>Advancing SIMOCO from: 2012 10 24 18 10  0   0
20260828 033400.650 INFO             PET2   ---------------------> to: 2012 10 24 18 15  0   0
20260828 033400.650 INFO             PET2   SIMOCO Advance(): --- VMK::log() start -------------------------------------
20260828 033400.650 INFO             PET2   SIMOCO Advance(): vm located at: 0x143105250
20260828 033400.651 INFO             PET2   SIMOCO Advance(): mpionly=1 threadsflag=0
20260828 033400.651 INFO             PET2   SIMOCO Advance(): ssiCount=1 localSsi=0
20260828 033400.651 INFO             PET2   SIMOCO Advance(): devCount=0 ssiLocalDevCount=0
20260828 033400.651 INFO             PET2   SIMOCO Advance(): petCount=4 ssiLocalPetCount=4
20260828 033400.651 INFO             PET2   SIMOCO Advance(): localPet=2 mypthid=0x20d3f5f00 ssiLocalPet=2 currentSsiPe=-1
20260828 033400.651 INFO             PET2   SIMOCO Advance(): ESMF level logical PET->PE association (but consider system level affinity pinning!):
20260828 033400.651 INFO             PET2   SIMOCO Advance(): PET=0 lpid=0 tid=0 pid=0 peCount=1 accCount=0
20260828 033400.651 INFO             PET2   SIMOCO Advance():  PE=0 SSI=0 SSIPE=0
20260828 033400.651 INFO             PET2   SIMOCO Advance(): PET=1 lpid=1 tid=0 pid=1 peCount=1 accCount=0
20260828 033400.651 INFO             PET2   SIMOCO Advance():  PE=1 SSI=0 SSIPE=1
20260828 033400.651 INFO             PET2   SIMOCO Advance(): PET=2 lpid=2 tid=0 pid=2 peCount=1 accCount=0
20260828 033400.651 INFO             PET2   SIMOCO Advance():  PE=2 SSI=0 SSIPE=2
20260828 033400.651 INFO             PET2   SIMOCO Advance(): PET=3 lpid=3 tid=0 pid=3 peCount=1 accCount=0
20260828 033400.651 INFO             PET2   SIMOCO Advance():  PE=3 SSI=0 SSIPE=3
20260828 033400.651 INFO             PET2   SIMOCO Advance(): --- VMK::log() end ---------------------------------------
20260828 033400.651 INFO             PET2   ------>Advancing SIMOCO from: 2012 10 24 18 15  0   0
20260828 033400.651 INFO             PET2   ---------------------> to: 2012 10 24 18 20  0   0
20260828 033400.651 INFO             PET2   SIMOCO Advance(): --- VMK::log() start -------------------------------------
20260828 033400.651 INFO             PET2   SIMOCO Advance(): vm located at: 0x143105250
20260828 033400.651 INFO             PET2   SIMOCO Advance(): mpionly=1 threadsflag=0
20260828 033400.651 INFO             PET2   SIMOCO Advance(): ssiCount=1 localSsi=0
20260828 033400.651 INFO             PET2   SIMOCO Advance(): devCount=0 ssiLocalDevCount=0
20260828 033400.651 INFO             PET2   SIMOCO Advance(): petCount=4 ssiLocalPetCount=4
20260828 033400.651 INFO             PET2   SIMOCO Advance(): localPet=2 mypthid=0x20d3f5f00 ssiLocalPet=2 currentSsiPe=-1
20260828 033400.651 INFO             PET2   SIMOCO Advance(): ESMF level logical PET->PE association (but consider system level affinity pinning!):
20260828 033400.652 INFO             PET2   SIMOCO Advance(): PET=0 lpid=0 tid=0 pid=0 peCount=1 accCount=0
20260828 033400.652 INFO             PET2   SIMOCO Advance():  PE=0 SSI=0 SSIPE=0
20260828 033400.652 INFO             PET2   SIMOCO Advance(): PET=1 lpid=1 tid=0 pid=1 peCount=1 accCount=0
20260828 033400.652 INFO             PET2   SIMOCO Advance():  PE=1 SSI=0 SSIPE=1
20260828 033400.652 INFO             PET2   SIMOCO Advance(): PET=2 lpid=2 tid=0 pid=2 peCount=1 accCount=0
20260828 033400.652 INFO             PET2   SIMOCO Advance():  PE=2 SSI=0 SSIPE=2
20260828 033400.652 INFO             PET2   SIMOCO Advance(): PET=3 lpid=3 tid=0 pid=3 peCount=1 accCount=0
20260828 033400.652 INFO             PET2   SIMOCO Advance():  PE=3 SSI=0 SSIPE=3
20260828 033400.652 INFO             PET2   SIMOCO Advance(): --- VMK::log() end ---------------------------------------
20260828 033400.652 INFO             PET2   ------>Advancing SIMOCO from: 2012 10 24 18 20  0   0
20260828 033400.652 INFO             PET2   ---------------------> to: 2012 10 24 18 25  0   0
20260828 033400.652 INFO             PET2   SIMOCO Advance(): --- VMK::log() start -------------------------------------
20260828 033400.652 INFO             PET2   SIMOCO Advance(): vm located at: 0x143105250
20260828 033400.652 INFO             PET2   SIMOCO Advance(): mpionly=1 threadsflag=0
20260828 033400.652 INFO             PET2   SIMOCO Advance(): ssiCount=1 localSsi=0
20260828 033400.652 INFO             PET2   SIMOCO Advance(): devCount=0 ssiLocalDevCount=0
20260828 033400.652 INFO             PET2   SIMOCO Advance(): petCount=4 ssiLocalPetCount=4
20260828 033400.652 INFO             PET2   SIMOCO Advance(): localPet=2 mypthid=0x20d3f5f00 ssiLocalPet=2 currentSsiPe=-1
20260828 033400.652 INFO             PET2   SIMOCO Advance(): ESMF level logical PET->PE association (but consider system level affinity pinning!):
20260828 033400.653 INFO             PET2   SIMOCO Advance(): PET=0 lpid=0 tid=0 pid=0 peCount=1 accCount=0
20260828 033400.653 INFO             PET2   SIMOCO Advance():  PE=0 SSI=0 SSIPE=0
20260828 033400.653 INFO             PET2   SIMOCO Advance(): PET=1 lpid=1 tid=0 pid=1 peCount=1 accCount=0
20260828 033400.653 INFO             PET2   SIMOCO Advance():  PE=1 SSI=0 SSIPE=1
20260828 033400.653 INFO             PET2   SIMOCO Advance(): PET=2 lpid=2 tid=0 pid=2 peCount=1 accCount=0
20260828 033400.653 INFO             PET2   SIMOCO Advance():  PE=2 SSI=0 SSIPE=2
20260828 033400.653 INFO             PET2   SIMOCO Advance(): PET=3 lpid=3 tid=0 pid=3 peCount=1 accCount=0
20260828 033400.653 INFO             PET2   SIMOCO Advance():  PE=3 SSI=0 SSIPE=3
20260828 033400.653 INFO             PET2   SIMOCO Advance(): --- VMK::log() end ---------------------------------------
20260828 033400.653 INFO             PET2   ------>Advancing SIMOCO from: 2012 10 24 18 25  0   0
20260828 033400.653 INFO             PET2   ---------------------> to: 2012 10 24 18 30  0   0
20260828 033400.653 INFO             PET2   SIMOCO Advance(): --- VMK::log() start -------------------------------------
20260828 033400.653 INFO             PET2   SIMOCO Advance(): vm located at: 0x143105250
20260828 033400.653 INFO             PET2   SIMOCO Advance(): mpionly=1 threadsflag=0
20260828 033400.653 INFO             PET2   SIMOCO Advance(): ssiCount=1 localSsi=0
20260828 033400.653 INFO             PET2   SIMOCO Advance(): devCount=0 ssiLocalDevCount=0
20260828 033400.653 INFO             PET2   SIMOCO Advance(): petCount=4 ssiLocalPetCount=4
20260828 033400.653 INFO             PET2   SIMOCO Advance(): localPet=2 mypthid=0x20d3f5f00 ssiLocalPet=2 currentSsiPe=-1
20260828 033400.653 INFO             PET2   SIMOCO Advance(): ESMF level logical PET->PE association (but consider system level affinity pinning!):
20260828 033400.653 INFO             PET2   SIMOCO Advance(): PET=0 lpid=0 tid=0 pid=0 peCount=1 accCount=0
20260828 033400.653 INFO             PET2   SIMOCO Advance():  PE=0 SSI=0 SSIPE=0
20260828 033400.653 INFO             PET2   SIMOCO Advance(): PET=1 lpid=1 tid=0 pid=1 peCount=1 accCount=0
20260828 033400.653 INFO             PET2   SIMOCO Advance():  PE=1 SSI=0 SSIPE=1
20260828 033400.653 INFO             PET2   SIMOCO Advance(): PET=2 lpid=2 tid=0 pid=2 peCount=1 accCount=0
20260828 033400.653 INFO             PET2   SIMOCO Advance():  PE=2 SSI=0 SSIPE=2
20260828 033400.653 INFO             PET2   SIMOCO Advance(): PET=3 lpid=3 tid=0 pid=3 peCount=1 accCount=0
20260828 033400.653 INFO             PET2   SIMOCO Advance():  PE=3 SSI=0 SSIPE=3
20260828 033400.653 INFO             PET2   SIMOCO Advance(): --- VMK::log() end ---------------------------------------
20260828 033400.653 INFO             PET2   ------>Advancing SIMOCO from: 2012 10 24 18 30  0   0
20260828 033400.653 INFO             PET2   ---------------------> to: 2012 10 24 18 35  0   0
20260828 033400.653 INFO             PET2   SIMOCO Advance(): --- VMK::log() start -------------------------------------
20260828 033400.653 INFO             PET2   SIMOCO Advance(): vm located at: 0x143105250
20260828 033400.653 INFO             PET2   SIMOCO Advance(): mpionly=1 threadsflag=0
20260828 033400.653 INFO             PET2   SIMOCO Advance(): ssiCount=1 localSsi=0
20260828 033400.653 INFO             PET2   SIMOCO Advance(): devCount=0 ssiLocalDevCount=0
20260828 033400.653 INFO             PET2   SIMOCO Advance(): petCount=4 ssiLocalPetCount=4
20260828 033400.653 INFO             PET2   SIMOCO Advance(): localPet=2 mypthid=0x20d3f5f00 ssiLocalPet=2 currentSsiPe=-1
20260828 033400.653 INFO             PET2   SIMOCO Advance(): ESMF level logical PET->PE association (but consider system level affinity pinning!):
20260828 033400.653 INFO             PET2   SIMOCO Advance(): PET=0 lpid=0 tid=0 pid=0 peCount=1 accCount=0
20260828 033400.653 INFO             PET2   SIMOCO Advance():  PE=0 SSI=0 SSIPE=0
20260828 033400.653 INFO             PET2   SIMOCO Advance(): PET=1 lpid=1 tid=0 pid=1 peCount=1 accCount=0
20260828 033400.653 INFO             PET2   SIMOCO Advance():  PE=1 SSI=0 SSIPE=1
20260828 033400.653 INFO             PET2   SIMOCO Advance(): PET=2 lpid=2 tid=0 pid=2 peCount=1 accCount=0
20260828 033400.653 INFO             PET2   SIMOCO Advance():  PE=2 SSI=0 SSIPE=2
20260828 033400.653 INFO             PET2   SIMOCO Advance(): PET=3 lpid=3 tid=0 pid=3 peCount=1 accCount=0
20260828 033400.653 INFO             PET2   SIMOCO Advance():  PE=3 SSI=0 SSIPE=3
20260828 033400.653 INFO             PET2   SIMOCO Advance(): --- VMK::log() end ---------------------------------------
20260828 033400.653 INFO             PET2   ------>Advancing SIMOCO from: 2012 10 24 18 35  0   0
20260828 033400.653 INFO             PET2   ---------------------> to: 2012 10 24 18 40  0   0
20260828 033400.653 INFO             PET2   SIMOCO Advance(): --- VMK::log() start -------------------------------------
20260828 033400.653 INFO             PET2   SIMOCO Advance(): vm located at: 0x143105250
20260828 033400.653 INFO             PET2   SIMOCO Advance(): mpionly=1 threadsflag=0
20260828 033400.653 INFO             PET2   SIMOCO Advance(): ssiCount=1 localSsi=0
20260828 033400.653 INFO             PET2   SIMOCO Advance(): devCount=0 ssiLocalDevCount=0
20260828 033400.653 INFO             PET2   SIMOCO Advance(): petCount=4 ssiLocalPetCount=4
20260828 033400.653 INFO             PET2   SIMOCO Advance(): localPet=2 mypthid=0x20d3f5f00 ssiLocalPet=2 currentSsiPe=-1
20260828 033400.653 INFO             PET2   SIMOCO Advance(): ESMF level logical PET->PE association (but consider system level affinity pinning!):
20260828 033400.653 INFO             PET2   SIMOCO Advance(): PET=0 lpid=0 tid=0 pid=0 peCount=1 accCount=0
20260828 033400.653 INFO             PET2   SIMOCO Advance():  PE=0 SSI=0 SSIPE=0
20260828 033400.653 INFO             PET2   SIMOCO Advance(): PET=1 lpid=1 tid=0 pid=1 peCount=1 accCount=0
20260828 033400.653 INFO             PET2   SIMOCO Advance():  PE=1 SSI=0 SSIPE=1
20260828 033400.653 INFO             PET2   SIMOCO Advance(): PET=2 lpid=2 tid=0 pid=2 peCount=1 accCount=0
20260828 033400.653 INFO             PET2   SIMOCO Advance():  PE=2 SSI=0 SSIPE=2
20260828 033400.653 INFO             PET2   SIMOCO Advance(): PET=3 lpid=3 tid=0 pid=3 peCount=1 accCount=0
20260828 033400.661 INFO             PET2   SIMOCO Advance():  PE=3 SSI=0 SSIPE=3
20260828 033400.661 INFO             PET2   SIMOCO Advance(): --- VMK::log() end ---------------------------------------
20260828 033400.661 INFO             PET2   ------>Advancing SIMOCO from: 2012 10 24 18 40  0   0
20260828 033400.661 INFO             PET2   ---------------------> to: 2012 10 24 18 45  0   0
20260828 033400.661 INFO             PET2   SIMOCO Advance(): --- VMK::log() start -------------------------------------
20260828 033400.661 INFO             PET2   SIMOCO Advance(): vm located at: 0x143105250
20260828 033400.661 INFO             PET2   SIMOCO Advance(): mpionly=1 threadsflag=0
20260828 033400.661 INFO             PET2   SIMOCO Advance(): ssiCount=1 localSsi=0
20260828 033400.661 INFO             PET2   SIMOCO Advance(): devCount=0 ssiLocalDevCount=0
20260828 033400.661 INFO             PET2   SIMOCO Advance(): petCount=4 ssiLocalPetCount=4
20260828 033400.661 INFO             PET2   SIMOCO Advance(): localPet=2 mypthid=0x20d3f5f00 ssiLocalPet=2 currentSsiPe=-1
20260828 033400.661 INFO             PET2   SIMOCO Advance(): ESMF level logical PET->PE association (but consider system level affinity pinning!):
20260828 033400.661 INFO             PET2   SIMOCO Advance(): PET=0 lpid=0 tid=0 pid=0 peCount=1 accCount=0
20260828 033400.661 INFO             PET2   SIMOCO Advance():  PE=0 SSI=0 SSIPE=0
20260828 033400.662 INFO             PET2   SIMOCO Advance(): PET=1 lpid=1 tid=0 pid=1 peCount=1 accCount=0
20260828 033400.662 INFO             PET2   SIMOCO Advance():  PE=1 SSI=0 SSIPE=1
20260828 033400.662 INFO             PET2   SIMOCO Advance(): PET=2 lpid=2 tid=0 pid=2 peCount=1 accCount=0
20260828 033400.662 INFO             PET2   SIMOCO Advance():  PE=2 SSI=0 SSIPE=2
20260828 033400.662 INFO             PET2   SIMOCO Advance(): PET=3 lpid=3 tid=0 pid=3 peCount=1 accCount=0
20260828 033400.662 INFO             PET2   SIMOCO Advance():  PE=3 SSI=0 SSIPE=3
20260828 033400.662 INFO             PET2   SIMOCO Advance(): --- VMK::log() end ---------------------------------------
20260828 033400.662 INFO             PET2   ------>Advancing SIMOCO from: 2012 10 24 18 45  0   0
20260828 033400.662 INFO             PET2   ---------------------> to: 2012 10 24 18 50  0   0
20260828 033400.662 INFO             PET2   SIMOCO Advance(): --- VMK::log() start -------------------------------------
20260828 033400.662 INFO             PET2   SIMOCO Advance(): vm located at: 0x143105250
20260828 033400.662 INFO             PET2   SIMOCO Advance(): mpionly=1 threadsflag=0
20260828 033400.662 INFO             PET2   SIMOCO Advance(): ssiCount=1 localSsi=0
20260828 033400.662 INFO             PET2   SIMOCO Advance(): devCount=0 ssiLocalDevCount=0
20260828 033400.662 INFO             PET2   SIMOCO Advance(): petCount=4 ssiLocalPetCount=4
20260828 033400.662 INFO             PET2   SIMOCO Advance(): localPet=2 mypthid=0x20d3f5f00 ssiLocalPet=2 currentSsiPe=-1
20260828 033400.662 INFO             PET2   SIMOCO Advance(): ESMF level logical PET->PE association (but consider system level affinity pinning!):
20260828 033400.662 INFO             PET2   SIMOCO Advance(): PET=0 lpid=0 tid=0 pid=0 peCount=1 accCount=0
20260828 033400.662 INFO             PET2   SIMOCO Advance():  PE=0 SSI=0 SSIPE=0
20260828 033400.662 INFO             PET2   SIMOCO Advance(): PET=1 lpid=1 tid=0 pid=1 peCount=1 accCount=0
20260828 033400.662 INFO             PET2   SIMOCO Advance():  PE=1 SSI=0 SSIPE=1
20260828 033400.662 INFO             PET2   SIMOCO Advance(): PET=2 lpid=2 tid=0 pid=2 peCount=1 accCount=0
20260828 033400.662 INFO             PET2   SIMOCO Advance():  PE=2 SSI=0 SSIPE=2
20260828 033400.662 INFO             PET2   SIMOCO Advance(): PET=3 lpid=3 tid=0 pid=3 peCount=1 accCount=0
20260828 033400.662 INFO             PET2   SIMOCO Advance():  PE=3 SSI=0 SSIPE=3
20260828 033400.662 INFO             PET2   SIMOCO Advance(): --- VMK::log() end ---------------------------------------
20260828 033400.662 INFO             PET2   ------>Advancing SIMOCO from: 2012 10 24 18 50  0   0
20260828 033400.662 INFO             PET2   ---------------------> to: 2012 10 24 18 55  0   0
20260828 033400.662 INFO             PET2   SIMOCO Advance(): --- VMK::log() start -------------------------------------
20260828 033400.662 INFO             PET2   SIMOCO Advance(): vm located at: 0x143105250
20260828 033400.662 INFO             PET2   SIMOCO Advance(): mpionly=1 threadsflag=0
20260828 033400.662 INFO             PET2   SIMOCO Advance(): ssiCount=1 localSsi=0
20260828 033400.662 INFO             PET2   SIMOCO Advance(): devCount=0 ssiLocalDevCount=0
20260828 033400.662 INFO             PET2   SIMOCO Advance(): petCount=4 ssiLocalPetCount=4
20260828 033400.662 INFO             PET2   SIMOCO Advance(): localPet=2 mypthid=0x20d3f5f00 ssiLocalPet=2 currentSsiPe=-1
20260828 033400.662 INFO             PET2   SIMOCO Advance(): ESMF level logical PET->PE association (but consider system level affinity pinning!):
20260828 033400.662 INFO             PET2   SIMOCO Advance(): PET=0 lpid=0 tid=0 pid=0 peCount=1 accCount=0
20260828 033400.662 INFO             PET2   SIMOCO Advance():  PE=0 SSI=0 SSIPE=0
20260828 033400.663 INFO             PET2   SIMOCO Advance(): PET=1 lpid=1 tid=0 pid=1 peCount=1 accCount=0
20260828 033400.663 INFO             PET2   SIMOCO Advance():  PE=1 SSI=0 SSIPE=1
20260828 033400.663 INFO             PET2   SIMOCO Advance(): PET=2 lpid=2 tid=0 pid=2 peCount=1 accCount=0
20260828 033400.663 INFO             PET2   SIMOCO Advance():  PE=2 SSI=0 SSIPE=2
20260828 033400.663 INFO             PET2   SIMOCO Advance(): PET=3 lpid=3 tid=0 pid=3 peCount=1 accCount=0
20260828 033400.663 INFO             PET2   SIMOCO Advance():  PE=3 SSI=0 SSIPE=3
20260828 033400.663 INFO             PET2   SIMOCO Advance(): --- VMK::log() end ---------------------------------------
20260828 033400.663 INFO             PET2   ------>Advancing SIMOCO from: 2012 10 24 18 55  0   0
20260828 033400.663 INFO             PET2   ---------------------> to: 2012 10 24 19  0  0   0
20260828 033400.663 INFO             PET2   <<<ESMX_Driver: leaving Run (phase=RunPhase1) with current time: 2012 10 24 19  0  0   0
20260828 033400.663 INFO             PET2 ESMX_Driver: Run extro.
20260828 033400.663 INFO             PET2 ESMX_Driver: Finalize intro.
20260828 033400.663 INFO             PET2   >>>ESMX_Driver: entered Finalize (phase=FinalizePhase1) with current time: 2012 10 24 19  0  0   0
20260828 033400.663 INFO             PET2   Calling Finalize phase 1 for modelComp: MDL
20260828 033400.669 INFO             PET2   Delete modelComp: MDL
20260828 033400.669 INFO             PET2   <<<ESMX_Driver: leaving Finalize (phase=FinalizePhase1) with current time: 2012 10 24 19  0  0   0
20260828 033400.669 INFO             PET2 ESMX_Driver: Finalize extro.
20260828 033400.669 INFO             PET2 =============================================
20260828 033400.669 INFO             PET2 ESMX (Earth System Model eXecutable) FINISHED
20260828 033400.669 INFO             PET2 =============================================
20260828 033400.669 INFO             PET2  Finalizing ESMF
20260828 033400.349 INFO             PET3 !!!!!!!!!!!!!!!!!!!!!!!!!!!!!!!!!!!!!!!!!!!!!!!!!!!!!!
20260828 033400.355 INFO             PET3 !!! THE ESMF_LOG IS SET TO OUTPUT ALL LOG MESSAGES !!!
20260828 033400.355 INFO             PET3 !!!     THIS MAY CAUSE SLOWDOWN IN PERFORMANCE     !!!
20260828 033400.355 INFO             PET3 !!! FOR PRODUCTION RUNS, USE:                      !!!
20260828 033400.355 INFO             PET3 !!!                   ESMF_LOGKIND_Multi_On_Error  !!!
20260828 033400.355 INFO             PET3 !!!!!!!!!!!!!!!!!!!!!!!!!!!!!!!!!!!!!!!!!!!!!!!!!!!!!!
20260828 033400.355 INFO             PET3 Running with ESMF Version   : develop+g1082792c4b
20260828 033400.355 INFO             PET3 ESMF library build date/time: "Aug 28 2026" "02:40:43"
20260828 033400.355 INFO             PET3 ESMF library build location : /usr/local/esmf/esmf-testing/gfortranclang_14.2.0_17.0.0_mpich_g_develop/esmf
20260828 033400.355 INFO             PET3 ESMF_COMM                   : mpich
20260828 033400.355 INFO             PET3 ESMF_MOAB                   : enabled
20260828 033400.355 INFO             PET3 ESMF_LAPACK                 : enabled
20260828 033400.355 INFO             PET3 ESMF_NETCDF                 : enabled
20260828 033400.355 INFO             PET3 ESMF_PNETCDF                : disabled
20260828 033400.355 INFO             PET3 ESMF_PIO                    : enabled
20260828 033400.355 INFO             PET3 ESMF_YAMLCPP                : enabled
20260828 033400.402 INFO             PET3 =============================================
20260828 033400.402 INFO             PET3 ESMX (Earth System Model eXecutable) STARTING
20260828 033400.402 INFO             PET3 =============================================
20260828 033400.424 DEBUG            PET3 Generic SetVM() is executing for: ESMX_Driver
20260828 033400.424 DEBUG            PET3 Generic SetVM() found no NUOPC Hint for: ESMX_Driver
20260828 033400.424 DEBUG            PET3 Generic SetVM() therefore is NOT calling ESMF_GridCompSetVMMaxPEs() for: ESMX_Driver
20260828 033400.452 INFO             PET3 ESMX_Driver: InitializeGeneric intro.
20260828 033400.452 INFO             PET3   >>>ESMX_Driver: entered Initialize (phase=<none>) without valid internal Clock.
20260828 033400.452 INFO             PET3   ESMX_Driver: InitializeP0 intro.
20260828 033400.452 INFO             PET3     >>>ESMX_Driver: entered Initialize (phase=<none>) without valid internal Clock.
20260828 033400.452 INFO             PET3     <<<ESMX_Driver: leaving Initialize (phase=<none>) without valid internal Clock.
20260828 033400.452 INFO             PET3   ESMX_Driver: InitializeP0 extro.
20260828 033400.452 INFO             PET3   ESMX_Driver: InitializeIPDv02p1 intro.
20260828 033400.452 INFO             PET3     >>>ESMX_Driver: entered Initialize (phase=<none>) without valid internal Clock.
20260828 033400.465 INFO             PET3     ESMX_Driver - Creating model component MDL without petList.
20260828 033400.465 DEBUG            PET3     Generic SetVM() is executing for: MDL
20260828 033400.484 INFO             PET3     ESMX_Driver: IInitAdvertise intro.
20260828 033400.484 INFO             PET3       >>>ESMX_Driver: entered Initialize (phase=<none>) with current time: 2012 10 24 18  0  0   0
20260828 033400.484 INFO             PET3       <<<ESMX_Driver: leaving Initialize (phase=<none>) with current time: 2012 10 24 18  0  0   0
20260828 033400.484 INFO             PET3     ESMX_Driver: IInitAdvertise extro.
20260828 033400.491 INFO             PET3     ESMX_Driver: IInitAdvertiseFinish intro.
20260828 033400.491 INFO             PET3       >>>ESMX_Driver: entered Initialize (phase=<none>) with current time: 2012 10 24 18  0  0   0
20260828 033400.491 INFO             PET3       <<<ESMX_Driver: leaving Initialize (phase=<none>) with current time: 2012 10 24 18  0  0   0
20260828 033400.491 INFO             PET3     ESMX_Driver: IInitAdvertiseFinish extro.
20260828 033400.492 INFO             PET3     ESMX_Driver: IInitModifyCplLists intro.
20260828 033400.492 INFO             PET3       >>>ESMX_Driver: entered Initialize (phase=<none>) with current time: 2012 10 24 18  0  0   0
20260828 033400.497 INFO             PET3       <<<ESMX_Driver: leaving Initialize (phase=<none>) with current time: 2012 10 24 18  0  0   0
20260828 033400.497 INFO             PET3     ESMX_Driver: IInitModifyCplLists extro.
20260828 033400.497 INFO             PET3     <<<ESMX_Driver: leaving Initialize (phase=<none>) with current time: 2012 10 24 18  0  0   0
20260828 033400.497 INFO             PET3   ESMX_Driver: InitializeIPDv02p1 extro.
20260828 033400.497 INFO             PET3   ESMX_Driver: InitializeIPDv02p3 intro.
20260828 033400.497 INFO             PET3     >>>ESMX_Driver: entered Initialize (phase=<none>) with current time: 2012 10 24 18  0  0   0
20260828 033400.497 INFO             PET3     ESMX_Driver: IInitCheck intro.
20260828 033400.498 INFO             PET3       >>>ESMX_Driver: entered Initialize (phase=<none>) with current time: 2012 10 24 18  0  0   0
20260828 033400.498 INFO             PET3       <<<ESMX_Driver: leaving Initialize (phase=<none>) with current time: 2012 10 24 18  0  0   0
20260828 033400.498 INFO             PET3     ESMX_Driver: IInitCheck extro.
20260828 033400.631 INFO             PET3     ESMX_Driver: IInitRealize intro.
20260828 033400.631 INFO             PET3       >>>ESMX_Driver: entered Initialize (phase=<none>) with current time: 2012 10 24 18  0  0   0
20260828 033400.631 INFO             PET3       <<<ESMX_Driver: leaving Initialize (phase=<none>) with current time: 2012 10 24 18  0  0   0
20260828 033400.631 INFO             PET3     ESMX_Driver: IInitRealize extro.
20260828 033400.631 INFO             PET3     <<<ESMX_Driver: leaving Initialize (phase=<none>) with current time: 2012 10 24 18  0  0   0
20260828 033400.631 INFO             PET3   ESMX_Driver: InitializeIPDv02p3 extro.
20260828 033400.631 INFO             PET3   ESMX_Driver: InitializeIPDv02p5 intro.
20260828 033400.632 INFO             PET3     >>>ESMX_Driver: entered Initialize (phase=<none>) with current time: 2012 10 24 18  0  0   0
20260828 033400.632 INFO             PET3     ESMX_Driver: InitializeIPDv02p5Data intro.
20260828 033400.632 INFO             PET3       >>>ESMX_Driver: entered Initialize (phase=<none>) with current time: 2012 10 24 18  0  0   0
20260828 033400.632 INFO             PET3       ESMX_Driver: InternalInitializeComplete intro.
20260828 033400.632 INFO             PET3         >>>ESMX_Driver: entered Initialize (phase=<none>) with current time: 2012 10 24 18  0  0   0
20260828 033400.632 INFO             PET3         <<<ESMX_Driver: leaving Initialize (phase=<none>) with current time: 2012 10 24 18  0  0   0
20260828 033400.632 INFO             PET3       ESMX_Driver: InternalInitializeComplete extro.
20260828 033400.635 INFO             PET3       ESMX_Driver: loopDataDependentInitialize intro.
20260828 033400.635 INFO             PET3         >>>ESMX_Driver: entered Initialize (phase=<none>) with current time: 2012 10 24 18  0  0   0
20260828 033400.646 INFO             PET3         <<<ESMX_Driver: leaving Initialize (phase=<none>) with current time: 2012 10 24 18  0  0   0
20260828 033400.646 INFO             PET3       ESMX_Driver: loopDataDependentInitialize extro.
20260828 033400.646 INFO             PET3       <<<ESMX_Driver: leaving Initialize (phase=<none>) with current time: 2012 10 24 18  0  0   0
20260828 033400.646 INFO             PET3     ESMX_Driver: InitializeIPDv02p5Data extro.
20260828 033400.646 INFO             PET3     <<<ESMX_Driver: leaving Initialize (phase=<none>) with current time: 2012 10 24 18  0  0   0
20260828 033400.646 INFO             PET3   ESMX_Driver: InitializeIPDv02p5 extro.
20260828 033400.646 INFO             PET3   <<<ESMX_Driver: leaving Initialize (phase=<none>) with current time: 2012 10 24 18  0  0   0
20260828 033400.646 INFO             PET3 ESMX_Driver: InitializeGeneric extro.
20260828 033400.646 INFO             PET3 ESMX_Driver: Run intro.
20260828 033400.646 INFO             PET3   >>>ESMX_Driver: entered Run (phase=RunPhase1) with current time: 2012 10 24 18  0  0   0
20260828 033400.646 INFO             PET3   SIMOCO Advance(): --- VMK::log() start -------------------------------------
20260828 033400.646 INFO             PET3   SIMOCO Advance(): vm located at: 0x12f704280
20260828 033400.646 INFO             PET3   SIMOCO Advance(): mpionly=1 threadsflag=0
20260828 033400.646 INFO             PET3   SIMOCO Advance(): ssiCount=1 localSsi=0
20260828 033400.646 INFO             PET3   SIMOCO Advance(): devCount=0 ssiLocalDevCount=0
20260828 033400.646 INFO             PET3   SIMOCO Advance(): petCount=4 ssiLocalPetCount=4
20260828 033400.646 INFO             PET3   SIMOCO Advance(): localPet=3 mypthid=0x20d3f5f00 ssiLocalPet=3 currentSsiPe=-1
20260828 033400.646 INFO             PET3   SIMOCO Advance(): ESMF level logical PET->PE association (but consider system level affinity pinning!):
20260828 033400.646 INFO             PET3   SIMOCO Advance(): PET=0 lpid=0 tid=0 pid=0 peCount=1 accCount=0
20260828 033400.646 INFO             PET3   SIMOCO Advance():  PE=0 SSI=0 SSIPE=0
20260828 033400.646 INFO             PET3   SIMOCO Advance(): PET=1 lpid=1 tid=0 pid=1 peCount=1 accCount=0
20260828 033400.646 INFO             PET3   SIMOCO Advance():  PE=1 SSI=0 SSIPE=1
20260828 033400.646 INFO             PET3   SIMOCO Advance(): PET=2 lpid=2 tid=0 pid=2 peCount=1 accCount=0
20260828 033400.646 INFO             PET3   SIMOCO Advance():  PE=2 SSI=0 SSIPE=2
20260828 033400.646 INFO             PET3   SIMOCO Advance(): PET=3 lpid=3 tid=0 pid=3 peCount=1 accCount=0
20260828 033400.646 INFO             PET3   SIMOCO Advance():  PE=3 SSI=0 SSIPE=3
20260828 033400.646 INFO             PET3   SIMOCO Advance(): --- VMK::log() end ---------------------------------------
20260828 033400.646 INFO             PET3   ------>Advancing SIMOCO from: 2012 10 24 18  0  0   0
20260828 033400.646 INFO             PET3   ---------------------> to: 2012 10 24 18  5  0   0
20260828 033400.646 INFO             PET3   SIMOCO Advance(): --- VMK::log() start -------------------------------------
20260828 033400.646 INFO             PET3   SIMOCO Advance(): vm located at: 0x12f704280
20260828 033400.646 INFO             PET3   SIMOCO Advance(): mpionly=1 threadsflag=0
20260828 033400.646 INFO             PET3   SIMOCO Advance(): ssiCount=1 localSsi=0
20260828 033400.646 INFO             PET3   SIMOCO Advance(): devCount=0 ssiLocalDevCount=0
20260828 033400.646 INFO             PET3   SIMOCO Advance(): petCount=4 ssiLocalPetCount=4
20260828 033400.647 INFO             PET3   SIMOCO Advance(): localPet=3 mypthid=0x20d3f5f00 ssiLocalPet=3 currentSsiPe=-1
20260828 033400.647 INFO             PET3   SIMOCO Advance(): ESMF level logical PET->PE association (but consider system level affinity pinning!):
20260828 033400.647 INFO             PET3   SIMOCO Advance(): PET=0 lpid=0 tid=0 pid=0 peCount=1 accCount=0
20260828 033400.647 INFO             PET3   SIMOCO Advance():  PE=0 SSI=0 SSIPE=0
20260828 033400.647 INFO             PET3   SIMOCO Advance(): PET=1 lpid=1 tid=0 pid=1 peCount=1 accCount=0
20260828 033400.647 INFO             PET3   SIMOCO Advance():  PE=1 SSI=0 SSIPE=1
20260828 033400.647 INFO             PET3   SIMOCO Advance(): PET=2 lpid=2 tid=0 pid=2 peCount=1 accCount=0
20260828 033400.647 INFO             PET3   SIMOCO Advance():  PE=2 SSI=0 SSIPE=2
20260828 033400.647 INFO             PET3   SIMOCO Advance(): PET=3 lpid=3 tid=0 pid=3 peCount=1 accCount=0
20260828 033400.647 INFO             PET3   SIMOCO Advance():  PE=3 SSI=0 SSIPE=3
20260828 033400.647 INFO             PET3   SIMOCO Advance(): --- VMK::log() end ---------------------------------------
20260828 033400.647 INFO             PET3   ------>Advancing SIMOCO from: 2012 10 24 18  5  0   0
20260828 033400.647 INFO             PET3   ---------------------> to: 2012 10 24 18 10  0   0
20260828 033400.647 INFO             PET3   SIMOCO Advance(): --- VMK::log() start -------------------------------------
20260828 033400.647 INFO             PET3   SIMOCO Advance(): vm located at: 0x12f704280
20260828 033400.647 INFO             PET3   SIMOCO Advance(): mpionly=1 threadsflag=0
20260828 033400.647 INFO             PET3   SIMOCO Advance(): ssiCount=1 localSsi=0
20260828 033400.647 INFO             PET3   SIMOCO Advance(): devCount=0 ssiLocalDevCount=0
20260828 033400.647 INFO             PET3   SIMOCO Advance(): petCount=4 ssiLocalPetCount=4
20260828 033400.647 INFO             PET3   SIMOCO Advance(): localPet=3 mypthid=0x20d3f5f00 ssiLocalPet=3 currentSsiPe=-1
20260828 033400.647 INFO             PET3   SIMOCO Advance(): ESMF level logical PET->PE association (but consider system level affinity pinning!):
20260828 033400.647 INFO             PET3   SIMOCO Advance(): PET=0 lpid=0 tid=0 pid=0 peCount=1 accCount=0
20260828 033400.647 INFO             PET3   SIMOCO Advance():  PE=0 SSI=0 SSIPE=0
20260828 033400.647 INFO             PET3   SIMOCO Advance(): PET=1 lpid=1 tid=0 pid=1 peCount=1 accCount=0
20260828 033400.647 INFO             PET3   SIMOCO Advance():  PE=1 SSI=0 SSIPE=1
20260828 033400.647 INFO             PET3   SIMOCO Advance(): PET=2 lpid=2 tid=0 pid=2 peCount=1 accCount=0
20260828 033400.647 INFO             PET3   SIMOCO Advance():  PE=2 SSI=0 SSIPE=2
20260828 033400.647 INFO             PET3   SIMOCO Advance(): PET=3 lpid=3 tid=0 pid=3 peCount=1 accCount=0
20260828 033400.647 INFO             PET3   SIMOCO Advance():  PE=3 SSI=0 SSIPE=3
20260828 033400.647 INFO             PET3   SIMOCO Advance(): --- VMK::log() end ---------------------------------------
20260828 033400.647 INFO             PET3   ------>Advancing SIMOCO from: 2012 10 24 18 10  0   0
20260828 033400.647 INFO             PET3   ---------------------> to: 2012 10 24 18 15  0   0
20260828 033400.647 INFO             PET3   SIMOCO Advance(): --- VMK::log() start -------------------------------------
20260828 033400.647 INFO             PET3   SIMOCO Advance(): vm located at: 0x12f704280
20260828 033400.647 INFO             PET3   SIMOCO Advance(): mpionly=1 threadsflag=0
20260828 033400.647 INFO             PET3   SIMOCO Advance(): ssiCount=1 localSsi=0
20260828 033400.647 INFO             PET3   SIMOCO Advance(): devCount=0 ssiLocalDevCount=0
20260828 033400.647 INFO             PET3   SIMOCO Advance(): petCount=4 ssiLocalPetCount=4
20260828 033400.647 INFO             PET3   SIMOCO Advance(): localPet=3 mypthid=0x20d3f5f00 ssiLocalPet=3 currentSsiPe=-1
20260828 033400.647 INFO             PET3   SIMOCO Advance(): ESMF level logical PET->PE association (but consider system level affinity pinning!):
20260828 033400.647 INFO             PET3   SIMOCO Advance(): PET=0 lpid=0 tid=0 pid=0 peCount=1 accCount=0
20260828 033400.647 INFO             PET3   SIMOCO Advance():  PE=0 SSI=0 SSIPE=0
20260828 033400.647 INFO             PET3   SIMOCO Advance(): PET=1 lpid=1 tid=0 pid=1 peCount=1 accCount=0
20260828 033400.647 INFO             PET3   SIMOCO Advance():  PE=1 SSI=0 SSIPE=1
20260828 033400.647 INFO             PET3   SIMOCO Advance(): PET=2 lpid=2 tid=0 pid=2 peCount=1 accCount=0
20260828 033400.647 INFO             PET3   SIMOCO Advance():  PE=2 SSI=0 SSIPE=2
20260828 033400.647 INFO             PET3   SIMOCO Advance(): PET=3 lpid=3 tid=0 pid=3 peCount=1 accCount=0
20260828 033400.647 INFO             PET3   SIMOCO Advance():  PE=3 SSI=0 SSIPE=3
20260828 033400.647 INFO             PET3   SIMOCO Advance(): --- VMK::log() end ---------------------------------------
20260828 033400.647 INFO             PET3   ------>Advancing SIMOCO from: 2012 10 24 18 15  0   0
20260828 033400.647 INFO             PET3   ---------------------> to: 2012 10 24 18 20  0   0
20260828 033400.647 INFO             PET3   SIMOCO Advance(): --- VMK::log() start -------------------------------------
20260828 033400.647 INFO             PET3   SIMOCO Advance(): vm located at: 0x12f704280
20260828 033400.647 INFO             PET3   SIMOCO Advance(): mpionly=1 threadsflag=0
20260828 033400.647 INFO             PET3   SIMOCO Advance(): ssiCount=1 localSsi=0
20260828 033400.647 INFO             PET3   SIMOCO Advance(): devCount=0 ssiLocalDevCount=0
20260828 033400.647 INFO             PET3   SIMOCO Advance(): petCount=4 ssiLocalPetCount=4
20260828 033400.647 INFO             PET3   SIMOCO Advance(): localPet=3 mypthid=0x20d3f5f00 ssiLocalPet=3 currentSsiPe=-1
20260828 033400.647 INFO             PET3   SIMOCO Advance(): ESMF level logical PET->PE association (but consider system level affinity pinning!):
20260828 033400.647 INFO             PET3   SIMOCO Advance(): PET=0 lpid=0 tid=0 pid=0 peCount=1 accCount=0
20260828 033400.647 INFO             PET3   SIMOCO Advance():  PE=0 SSI=0 SSIPE=0
20260828 033400.647 INFO             PET3   SIMOCO Advance(): PET=1 lpid=1 tid=0 pid=1 peCount=1 accCount=0
20260828 033400.647 INFO             PET3   SIMOCO Advance():  PE=1 SSI=0 SSIPE=1
20260828 033400.647 INFO             PET3   SIMOCO Advance(): PET=2 lpid=2 tid=0 pid=2 peCount=1 accCount=0
20260828 033400.647 INFO             PET3   SIMOCO Advance():  PE=2 SSI=0 SSIPE=2
20260828 033400.647 INFO             PET3   SIMOCO Advance(): PET=3 lpid=3 tid=0 pid=3 peCount=1 accCount=0
20260828 033400.647 INFO             PET3   SIMOCO Advance():  PE=3 SSI=0 SSIPE=3
20260828 033400.647 INFO             PET3   SIMOCO Advance(): --- VMK::log() end ---------------------------------------
20260828 033400.647 INFO             PET3   ------>Advancing SIMOCO from: 2012 10 24 18 20  0   0
20260828 033400.647 INFO             PET3   ---------------------> to: 2012 10 24 18 25  0   0
20260828 033400.647 INFO             PET3   SIMOCO Advance(): --- VMK::log() start -------------------------------------
20260828 033400.647 INFO             PET3   SIMOCO Advance(): vm located at: 0x12f704280
20260828 033400.647 INFO             PET3   SIMOCO Advance(): mpionly=1 threadsflag=0
20260828 033400.647 INFO             PET3   SIMOCO Advance(): ssiCount=1 localSsi=0
20260828 033400.647 INFO             PET3   SIMOCO Advance(): devCount=0 ssiLocalDevCount=0
20260828 033400.647 INFO             PET3   SIMOCO Advance(): petCount=4 ssiLocalPetCount=4
20260828 033400.647 INFO             PET3   SIMOCO Advance(): localPet=3 mypthid=0x20d3f5f00 ssiLocalPet=3 currentSsiPe=-1
20260828 033400.647 INFO             PET3   SIMOCO Advance(): ESMF level logical PET->PE association (but consider system level affinity pinning!):
20260828 033400.647 INFO             PET3   SIMOCO Advance(): PET=0 lpid=0 tid=0 pid=0 peCount=1 accCount=0
20260828 033400.647 INFO             PET3   SIMOCO Advance():  PE=0 SSI=0 SSIPE=0
20260828 033400.647 INFO             PET3   SIMOCO Advance(): PET=1 lpid=1 tid=0 pid=1 peCount=1 accCount=0
20260828 033400.647 INFO             PET3   SIMOCO Advance():  PE=1 SSI=0 SSIPE=1
20260828 033400.647 INFO             PET3   SIMOCO Advance(): PET=2 lpid=2 tid=0 pid=2 peCount=1 accCount=0
20260828 033400.647 INFO             PET3   SIMOCO Advance():  PE=2 SSI=0 SSIPE=2
20260828 033400.647 INFO             PET3   SIMOCO Advance(): PET=3 lpid=3 tid=0 pid=3 peCount=1 accCount=0
20260828 033400.647 INFO             PET3   SIMOCO Advance():  PE=3 SSI=0 SSIPE=3
20260828 033400.647 INFO             PET3   SIMOCO Advance(): --- VMK::log() end ---------------------------------------
20260828 033400.647 INFO             PET3   ------>Advancing SIMOCO from: 2012 10 24 18 25  0   0
20260828 033400.647 INFO             PET3   ---------------------> to: 2012 10 24 18 30  0   0
20260828 033400.647 INFO             PET3   SIMOCO Advance(): --- VMK::log() start -------------------------------------
20260828 033400.647 INFO             PET3   SIMOCO Advance(): vm located at: 0x12f704280
20260828 033400.647 INFO             PET3   SIMOCO Advance(): mpionly=1 threadsflag=0
20260828 033400.647 INFO             PET3   SIMOCO Advance(): ssiCount=1 localSsi=0
20260828 033400.647 INFO             PET3   SIMOCO Advance(): devCount=0 ssiLocalDevCount=0
20260828 033400.647 INFO             PET3   SIMOCO Advance(): petCount=4 ssiLocalPetCount=4
20260828 033400.647 INFO             PET3   SIMOCO Advance(): localPet=3 mypthid=0x20d3f5f00 ssiLocalPet=3 currentSsiPe=-1
20260828 033400.647 INFO             PET3   SIMOCO Advance(): ESMF level logical PET->PE association (but consider system level affinity pinning!):
20260828 033400.647 INFO             PET3   SIMOCO Advance(): PET=0 lpid=0 tid=0 pid=0 peCount=1 accCount=0
20260828 033400.647 INFO             PET3   SIMOCO Advance():  PE=0 SSI=0 SSIPE=0
20260828 033400.647 INFO             PET3   SIMOCO Advance(): PET=1 lpid=1 tid=0 pid=1 peCount=1 accCount=0
20260828 033400.647 INFO             PET3   SIMOCO Advance():  PE=1 SSI=0 SSIPE=1
20260828 033400.647 INFO             PET3   SIMOCO Advance(): PET=2 lpid=2 tid=0 pid=2 peCount=1 accCount=0
20260828 033400.647 INFO             PET3   SIMOCO Advance():  PE=2 SSI=0 SSIPE=2
20260828 033400.647 INFO             PET3   SIMOCO Advance(): PET=3 lpid=3 tid=0 pid=3 peCount=1 accCount=0
20260828 033400.647 INFO             PET3   SIMOCO Advance():  PE=3 SSI=0 SSIPE=3
20260828 033400.647 INFO             PET3   SIMOCO Advance(): --- VMK::log() end ---------------------------------------
20260828 033400.647 INFO             PET3   ------>Advancing SIMOCO from: 2012 10 24 18 30  0   0
20260828 033400.647 INFO             PET3   ---------------------> to: 2012 10 24 18 35  0   0
20260828 033400.647 INFO             PET3   SIMOCO Advance(): --- VMK::log() start -------------------------------------
20260828 033400.647 INFO             PET3   SIMOCO Advance(): vm located at: 0x12f704280
20260828 033400.648 INFO             PET3   SIMOCO Advance(): mpionly=1 threadsflag=0
20260828 033400.648 INFO             PET3   SIMOCO Advance(): ssiCount=1 localSsi=0
20260828 033400.648 INFO             PET3   SIMOCO Advance(): devCount=0 ssiLocalDevCount=0
20260828 033400.648 INFO             PET3   SIMOCO Advance(): petCount=4 ssiLocalPetCount=4
20260828 033400.648 INFO             PET3   SIMOCO Advance(): localPet=3 mypthid=0x20d3f5f00 ssiLocalPet=3 currentSsiPe=-1
20260828 033400.648 INFO             PET3   SIMOCO Advance(): ESMF level logical PET->PE association (but consider system level affinity pinning!):
20260828 033400.648 INFO             PET3   SIMOCO Advance(): PET=0 lpid=0 tid=0 pid=0 peCount=1 accCount=0
20260828 033400.648 INFO             PET3   SIMOCO Advance():  PE=0 SSI=0 SSIPE=0
20260828 033400.648 INFO             PET3   SIMOCO Advance(): PET=1 lpid=1 tid=0 pid=1 peCount=1 accCount=0
20260828 033400.648 INFO             PET3   SIMOCO Advance():  PE=1 SSI=0 SSIPE=1
20260828 033400.648 INFO             PET3   SIMOCO Advance(): PET=2 lpid=2 tid=0 pid=2 peCount=1 accCount=0
20260828 033400.648 INFO             PET3   SIMOCO Advance():  PE=2 SSI=0 SSIPE=2
20260828 033400.648 INFO             PET3   SIMOCO Advance(): PET=3 lpid=3 tid=0 pid=3 peCount=1 accCount=0
20260828 033400.648 INFO             PET3   SIMOCO Advance():  PE=3 SSI=0 SSIPE=3
20260828 033400.648 INFO             PET3   SIMOCO Advance(): --- VMK::log() end ---------------------------------------
20260828 033400.648 INFO             PET3   ------>Advancing SIMOCO from: 2012 10 24 18 35  0   0
20260828 033400.648 INFO             PET3   ---------------------> to: 2012 10 24 18 40  0   0
20260828 033400.648 INFO             PET3   SIMOCO Advance(): --- VMK::log() start -------------------------------------
20260828 033400.648 INFO             PET3   SIMOCO Advance(): vm located at: 0x12f704280
20260828 033400.648 INFO             PET3   SIMOCO Advance(): mpionly=1 threadsflag=0
20260828 033400.648 INFO             PET3   SIMOCO Advance(): ssiCount=1 localSsi=0
20260828 033400.648 INFO             PET3   SIMOCO Advance(): devCount=0 ssiLocalDevCount=0
20260828 033400.648 INFO             PET3   SIMOCO Advance(): petCount=4 ssiLocalPetCount=4
20260828 033400.648 INFO             PET3   SIMOCO Advance(): localPet=3 mypthid=0x20d3f5f00 ssiLocalPet=3 currentSsiPe=-1
20260828 033400.648 INFO             PET3   SIMOCO Advance(): ESMF level logical PET->PE association (but consider system level affinity pinning!):
20260828 033400.648 INFO             PET3   SIMOCO Advance(): PET=0 lpid=0 tid=0 pid=0 peCount=1 accCount=0
20260828 033400.648 INFO             PET3   SIMOCO Advance():  PE=0 SSI=0 SSIPE=0
20260828 033400.648 INFO             PET3   SIMOCO Advance(): PET=1 lpid=1 tid=0 pid=1 peCount=1 accCount=0
20260828 033400.648 INFO             PET3   SIMOCO Advance():  PE=1 SSI=0 SSIPE=1
20260828 033400.648 INFO             PET3   SIMOCO Advance(): PET=2 lpid=2 tid=0 pid=2 peCount=1 accCount=0
20260828 033400.648 INFO             PET3   SIMOCO Advance():  PE=2 SSI=0 SSIPE=2
20260828 033400.648 INFO             PET3   SIMOCO Advance(): PET=3 lpid=3 tid=0 pid=3 peCount=1 accCount=0
20260828 033400.648 INFO             PET3   SIMOCO Advance():  PE=3 SSI=0 SSIPE=3
20260828 033400.648 INFO             PET3   SIMOCO Advance(): --- VMK::log() end ---------------------------------------
20260828 033400.648 INFO             PET3   ------>Advancing SIMOCO from: 2012 10 24 18 40  0   0
20260828 033400.648 INFO             PET3   ---------------------> to: 2012 10 24 18 45  0   0
20260828 033400.648 INFO             PET3   SIMOCO Advance(): --- VMK::log() start -------------------------------------
20260828 033400.648 INFO             PET3   SIMOCO Advance(): vm located at: 0x12f704280
20260828 033400.648 INFO             PET3   SIMOCO Advance(): mpionly=1 threadsflag=0
20260828 033400.648 INFO             PET3   SIMOCO Advance(): ssiCount=1 localSsi=0
20260828 033400.648 INFO             PET3   SIMOCO Advance(): devCount=0 ssiLocalDevCount=0
20260828 033400.648 INFO             PET3   SIMOCO Advance(): petCount=4 ssiLocalPetCount=4
20260828 033400.648 INFO             PET3   SIMOCO Advance(): localPet=3 mypthid=0x20d3f5f00 ssiLocalPet=3 currentSsiPe=-1
20260828 033400.648 INFO             PET3   SIMOCO Advance(): ESMF level logical PET->PE association (but consider system level affinity pinning!):
20260828 033400.648 INFO             PET3   SIMOCO Advance(): PET=0 lpid=0 tid=0 pid=0 peCount=1 accCount=0
20260828 033400.648 INFO             PET3   SIMOCO Advance():  PE=0 SSI=0 SSIPE=0
20260828 033400.648 INFO             PET3   SIMOCO Advance(): PET=1 lpid=1 tid=0 pid=1 peCount=1 accCount=0
20260828 033400.648 INFO             PET3   SIMOCO Advance():  PE=1 SSI=0 SSIPE=1
20260828 033400.648 INFO             PET3   SIMOCO Advance(): PET=2 lpid=2 tid=0 pid=2 peCount=1 accCount=0
20260828 033400.648 INFO             PET3   SIMOCO Advance():  PE=2 SSI=0 SSIPE=2
20260828 033400.648 INFO             PET3   SIMOCO Advance(): PET=3 lpid=3 tid=0 pid=3 peCount=1 accCount=0
20260828 033400.648 INFO             PET3   SIMOCO Advance():  PE=3 SSI=0 SSIPE=3
20260828 033400.648 INFO             PET3   SIMOCO Advance(): --- VMK::log() end ---------------------------------------
20260828 033400.648 INFO             PET3   ------>Advancing SIMOCO from: 2012 10 24 18 45  0   0
20260828 033400.648 INFO             PET3   ---------------------> to: 2012 10 24 18 50  0   0
20260828 033400.648 INFO             PET3   SIMOCO Advance(): --- VMK::log() start -------------------------------------
20260828 033400.648 INFO             PET3   SIMOCO Advance(): vm located at: 0x12f704280
20260828 033400.648 INFO             PET3   SIMOCO Advance(): mpionly=1 threadsflag=0
20260828 033400.648 INFO             PET3   SIMOCO Advance(): ssiCount=1 localSsi=0
20260828 033400.648 INFO             PET3   SIMOCO Advance(): devCount=0 ssiLocalDevCount=0
20260828 033400.648 INFO             PET3   SIMOCO Advance(): petCount=4 ssiLocalPetCount=4
20260828 033400.648 INFO             PET3   SIMOCO Advance(): localPet=3 mypthid=0x20d3f5f00 ssiLocalPet=3 currentSsiPe=-1
20260828 033400.648 INFO             PET3   SIMOCO Advance(): ESMF level logical PET->PE association (but consider system level affinity pinning!):
20260828 033400.648 INFO             PET3   SIMOCO Advance(): PET=0 lpid=0 tid=0 pid=0 peCount=1 accCount=0
20260828 033400.648 INFO             PET3   SIMOCO Advance():  PE=0 SSI=0 SSIPE=0
20260828 033400.648 INFO             PET3   SIMOCO Advance(): PET=1 lpid=1 tid=0 pid=1 peCount=1 accCount=0
20260828 033400.648 INFO             PET3   SIMOCO Advance():  PE=1 SSI=0 SSIPE=1
20260828 033400.648 INFO             PET3   SIMOCO Advance(): PET=2 lpid=2 tid=0 pid=2 peCount=1 accCount=0
20260828 033400.648 INFO             PET3   SIMOCO Advance():  PE=2 SSI=0 SSIPE=2
20260828 033400.648 INFO             PET3   SIMOCO Advance(): PET=3 lpid=3 tid=0 pid=3 peCount=1 accCount=0
20260828 033400.648 INFO             PET3   SIMOCO Advance():  PE=3 SSI=0 SSIPE=3
20260828 033400.648 INFO             PET3   SIMOCO Advance(): --- VMK::log() end ---------------------------------------
20260828 033400.648 INFO             PET3   ------>Advancing SIMOCO from: 2012 10 24 18 50  0   0
20260828 033400.648 INFO             PET3   ---------------------> to: 2012 10 24 18 55  0   0
20260828 033400.648 INFO             PET3   SIMOCO Advance(): --- VMK::log() start -------------------------------------
20260828 033400.648 INFO             PET3   SIMOCO Advance(): vm located at: 0x12f704280
20260828 033400.648 INFO             PET3   SIMOCO Advance(): mpionly=1 threadsflag=0
20260828 033400.648 INFO             PET3   SIMOCO Advance(): ssiCount=1 localSsi=0
20260828 033400.648 INFO             PET3   SIMOCO Advance(): devCount=0 ssiLocalDevCount=0
20260828 033400.648 INFO             PET3   SIMOCO Advance(): petCount=4 ssiLocalPetCount=4
20260828 033400.648 INFO             PET3   SIMOCO Advance(): localPet=3 mypthid=0x20d3f5f00 ssiLocalPet=3 currentSsiPe=-1
20260828 033400.648 INFO             PET3   SIMOCO Advance(): ESMF level logical PET->PE association (but consider system level affinity pinning!):
20260828 033400.648 INFO             PET3   SIMOCO Advance(): PET=0 lpid=0 tid=0 pid=0 peCount=1 accCount=0
20260828 033400.648 INFO             PET3   SIMOCO Advance():  PE=0 SSI=0 SSIPE=0
20260828 033400.648 INFO             PET3   SIMOCO Advance(): PET=1 lpid=1 tid=0 pid=1 peCount=1 accCount=0
20260828 033400.648 INFO             PET3   SIMOCO Advance():  PE=1 SSI=0 SSIPE=1
20260828 033400.648 INFO             PET3   SIMOCO Advance(): PET=2 lpid=2 tid=0 pid=2 peCount=1 accCount=0
20260828 033400.648 INFO             PET3   SIMOCO Advance():  PE=2 SSI=0 SSIPE=2
20260828 033400.648 INFO             PET3   SIMOCO Advance(): PET=3 lpid=3 tid=0 pid=3 peCount=1 accCount=0
20260828 033400.648 INFO             PET3   SIMOCO Advance():  PE=3 SSI=0 SSIPE=3
20260828 033400.648 INFO             PET3   SIMOCO Advance(): --- VMK::log() end ---------------------------------------
20260828 033400.648 INFO             PET3   ------>Advancing SIMOCO from: 2012 10 24 18 55  0   0
20260828 033400.648 INFO             PET3   ---------------------> to: 2012 10 24 19  0  0   0
20260828 033400.648 INFO             PET3   <<<ESMX_Driver: leaving Run (phase=RunPhase1) with current time: 2012 10 24 19  0  0   0
20260828 033400.648 INFO             PET3 ESMX_Driver: Run extro.
20260828 033400.654 INFO             PET3 ESMX_Driver: Finalize intro.
20260828 033400.654 INFO             PET3   >>>ESMX_Driver: entered Finalize (phase=FinalizePhase1) with current time: 2012 10 24 19  0  0   0
20260828 033400.654 INFO             PET3   Calling Finalize phase 1 for modelComp: MDL
20260828 033400.654 INFO             PET3   Delete modelComp: MDL
20260828 033400.655 INFO             PET3   <<<ESMX_Driver: leaving Finalize (phase=FinalizePhase1) with current time: 2012 10 24 19  0  0   0
20260828 033400.655 INFO             PET3 ESMX_Driver: Finalize extro.
20260828 033400.655 INFO             PET3 =============================================
20260828 033400.655 INFO             PET3 ESMX (Earth System Model eXecutable) FINISHED
20260828 033400.655 INFO             PET3 =============================================
20260828 033400.655 INFO             PET3  Finalizing ESMF
