2026-09-05 20:15:13
20260905 204422.323 INFO             PET0 !!!!!!!!!!!!!!!!!!!!!!!!!!!!!!!!!!!!!!!!!!!!!!!!!!!!!!
20260905 204422.323 INFO             PET0 !!! THE ESMF_LOG IS SET TO OUTPUT ALL LOG MESSAGES !!!
20260905 204422.323 INFO             PET0 !!!     THIS MAY CAUSE SLOWDOWN IN PERFORMANCE     !!!
20260905 204422.323 INFO             PET0 !!! FOR PRODUCTION RUNS, USE:                      !!!
20260905 204422.323 INFO             PET0 !!!                   ESMF_LOGKIND_Multi_On_Error  !!!
20260905 204422.323 INFO             PET0 !!!!!!!!!!!!!!!!!!!!!!!!!!!!!!!!!!!!!!!!!!!!!!!!!!!!!!
20260905 204422.323 INFO             PET0 Running with ESMF Version   : develop+g4161bf9d44
20260905 204422.323 INFO             PET0 ESMF library build date/time: "Sep  5 2026" "20:14:00"
20260905 204422.323 INFO             PET0 ESMF library build location : /home/gerhard/ESMF-Nightly-Testing/gfortran_7.4.0_mpich_g_develop/esmf
20260905 204422.323 INFO             PET0 ESMF_COMM                   : mpich
20260905 204422.323 INFO             PET0 ESMF_MOAB                   : enabled
20260905 204422.323 INFO             PET0 ESMF_LAPACK                 : enabled
20260905 204422.323 INFO             PET0 ESMF_NETCDF                 : enabled
20260905 204422.323 INFO             PET0 ESMF_PNETCDF                : disabled
20260905 204422.323 INFO             PET0 ESMF_PIO                    : enabled
20260905 204422.323 INFO             PET0 ESMF_YAMLCPP                : enabled
20260905 204422.327 INFO             PET0 =============================================
20260905 204422.327 INFO             PET0 ESMX (Earth System Model eXecutable) STARTING
20260905 204422.327 INFO             PET0 =============================================
20260905 204422.340 DEBUG            PET0 Generic SetVM() is executing for: ESMX_Driver
20260905 204422.340 DEBUG            PET0 Generic SetVM() found no NUOPC Hint for: ESMX_Driver
20260905 204422.340 DEBUG            PET0 Generic SetVM() therefore is NOT calling ESMF_GridCompSetVMMaxPEs() for: ESMX_Driver
20260905 204422.345 INFO             PET0 ESMX_Driver: InitializeGeneric intro.
20260905 204422.345 INFO             PET0   >>>ESMX_Driver: entered Initialize (phase=<none>) without valid internal Clock.
20260905 204422.346 INFO             PET0   ESMX_Driver: InitializeP0 intro.
20260905 204422.346 INFO             PET0     >>>ESMX_Driver: entered Initialize (phase=<none>) without valid internal Clock.
20260905 204422.346 INFO             PET0     <<<ESMX_Driver: leaving Initialize (phase=<none>) without valid internal Clock.
20260905 204422.346 INFO             PET0   ESMX_Driver: InitializeP0 extro.
20260905 204422.346 INFO             PET0   ESMX_Driver: InitializeIPDv02p1 intro.
20260905 204422.346 INFO             PET0     >>>ESMX_Driver: entered Initialize (phase=<none>) without valid internal Clock.
20260905 204422.353 INFO             PET0     ESMX_Driver - Creating model component MDL without petList.
20260905 204422.354 DEBUG            PET0     Generic SetVM() is executing for: MDL
20260905 204422.365 INFO             PET0     ESMX_Driver: IInitAdvertise intro.
20260905 204422.365 INFO             PET0       >>>ESMX_Driver: entered Initialize (phase=<none>) with current time: 2012 10 24 18  0  0   0
20260905 204422.365 INFO             PET0       <<<ESMX_Driver: leaving Initialize (phase=<none>) with current time: 2012 10 24 18  0  0   0
20260905 204422.365 INFO             PET0     ESMX_Driver: IInitAdvertise extro.
20260905 204422.368 INFO             PET0     ESMX_Driver: IInitAdvertiseFinish intro.
20260905 204422.368 INFO             PET0       >>>ESMX_Driver: entered Initialize (phase=<none>) with current time: 2012 10 24 18  0  0   0
20260905 204422.368 INFO             PET0       <<<ESMX_Driver: leaving Initialize (phase=<none>) with current time: 2012 10 24 18  0  0   0
20260905 204422.368 INFO             PET0     ESMX_Driver: IInitAdvertiseFinish extro.
20260905 204422.368 INFO             PET0     ESMX_Driver: IInitModifyCplLists intro.
20260905 204422.368 INFO             PET0       >>>ESMX_Driver: entered Initialize (phase=<none>) with current time: 2012 10 24 18  0  0   0
20260905 204422.368 INFO             PET0       <<<ESMX_Driver: leaving Initialize (phase=<none>) with current time: 2012 10 24 18  0  0   0
20260905 204422.368 INFO             PET0     ESMX_Driver: IInitModifyCplLists extro.
20260905 204422.368 INFO             PET0     <<<ESMX_Driver: leaving Initialize (phase=<none>) with current time: 2012 10 24 18  0  0   0
20260905 204422.368 INFO             PET0   ESMX_Driver: InitializeIPDv02p1 extro.
20260905 204422.369 INFO             PET0   ESMX_Driver: InitializeIPDv02p3 intro.
20260905 204422.369 INFO             PET0     >>>ESMX_Driver: entered Initialize (phase=<none>) with current time: 2012 10 24 18  0  0   0
20260905 204422.369 INFO             PET0     ESMX_Driver: IInitCheck intro.
20260905 204422.369 INFO             PET0       >>>ESMX_Driver: entered Initialize (phase=<none>) with current time: 2012 10 24 18  0  0   0
20260905 204422.369 INFO             PET0       <<<ESMX_Driver: leaving Initialize (phase=<none>) with current time: 2012 10 24 18  0  0   0
20260905 204422.369 INFO             PET0     ESMX_Driver: IInitCheck extro.
20260905 204422.408 INFO             PET0     ESMX_Driver: IInitRealize intro.
20260905 204422.408 INFO             PET0       >>>ESMX_Driver: entered Initialize (phase=<none>) with current time: 2012 10 24 18  0  0   0
20260905 204422.408 INFO             PET0       <<<ESMX_Driver: leaving Initialize (phase=<none>) with current time: 2012 10 24 18  0  0   0
20260905 204422.408 INFO             PET0     ESMX_Driver: IInitRealize extro.
20260905 204422.408 INFO             PET0     <<<ESMX_Driver: leaving Initialize (phase=<none>) with current time: 2012 10 24 18  0  0   0
20260905 204422.408 INFO             PET0   ESMX_Driver: InitializeIPDv02p3 extro.
20260905 204422.408 INFO             PET0   ESMX_Driver: InitializeIPDv02p5 intro.
20260905 204422.408 INFO             PET0     >>>ESMX_Driver: entered Initialize (phase=<none>) with current time: 2012 10 24 18  0  0   0
20260905 204422.408 INFO             PET0     ESMX_Driver: InitializeIPDv02p5Data intro.
20260905 204422.409 INFO             PET0       >>>ESMX_Driver: entered Initialize (phase=<none>) with current time: 2012 10 24 18  0  0   0
20260905 204422.409 INFO             PET0       ESMX_Driver: InternalInitializeComplete intro.
20260905 204422.409 INFO             PET0         >>>ESMX_Driver: entered Initialize (phase=<none>) with current time: 2012 10 24 18  0  0   0
20260905 204422.409 INFO             PET0         <<<ESMX_Driver: leaving Initialize (phase=<none>) with current time: 2012 10 24 18  0  0   0
20260905 204422.409 INFO             PET0       ESMX_Driver: InternalInitializeComplete extro.
20260905 204422.410 INFO             PET0       ESMX_Driver: loopDataDependentInitialize intro.
20260905 204422.410 INFO             PET0         >>>ESMX_Driver: entered Initialize (phase=<none>) with current time: 2012 10 24 18  0  0   0
20260905 204422.410 INFO             PET0         <<<ESMX_Driver: leaving Initialize (phase=<none>) with current time: 2012 10 24 18  0  0   0
20260905 204422.410 INFO             PET0       ESMX_Driver: loopDataDependentInitialize extro.
20260905 204422.410 INFO             PET0       <<<ESMX_Driver: leaving Initialize (phase=<none>) with current time: 2012 10 24 18  0  0   0
20260905 204422.410 INFO             PET0     ESMX_Driver: InitializeIPDv02p5Data extro.
20260905 204422.410 INFO             PET0     <<<ESMX_Driver: leaving Initialize (phase=<none>) with current time: 2012 10 24 18  0  0   0
20260905 204422.410 INFO             PET0   ESMX_Driver: InitializeIPDv02p5 extro.
20260905 204422.410 INFO             PET0   <<<ESMX_Driver: leaving Initialize (phase=<none>) with current time: 2012 10 24 18  0  0   0
20260905 204422.410 INFO             PET0 ESMX_Driver: InitializeGeneric extro.
20260905 204422.410 INFO             PET0 ESMX_Driver: Run intro.
20260905 204422.410 INFO             PET0   >>>ESMX_Driver: entered Run (phase=RunPhase1) with current time: 2012 10 24 18  0  0   0
20260905 204422.411 INFO             PET0   SIMOCO Advance(): --- VMK::log() start -------------------------------------
20260905 204422.411 INFO             PET0   SIMOCO Advance(): vm located at: 0xded7f0
20260905 204422.411 INFO             PET0   SIMOCO Advance(): mpionly=1 threadsflag=0
20260905 204422.411 INFO             PET0   SIMOCO Advance(): ssiCount=1 localSsi=0
20260905 204422.411 INFO             PET0   SIMOCO Advance(): devCount=0 ssiLocalDevCount=0
20260905 204422.411 INFO             PET0   SIMOCO Advance(): petCount=4 ssiLocalPetCount=4
20260905 204422.411 INFO             PET0   SIMOCO Advance(): localPet=0 mypthid=140422667901888 ssiLocalPet=0 currentSsiPe=0
20260905 204422.411 INFO             PET0   SIMOCO Advance(): Current system level affinity pinning for local PET:
20260905 204422.411 INFO             PET0   SIMOCO Advance():  SSIPE=0
20260905 204422.411 INFO             PET0   SIMOCO Advance(): Current system level OMP_NUM_THREADS setting for local PET: 1
20260905 204422.411 INFO             PET0   SIMOCO Advance(): Current system level OMP_NUM_PROCS setting for local PET: 1
20260905 204422.411 INFO             PET0   SIMOCO Advance(): ESMF level logical PET->PE association (but consider system level affinity pinning!):
20260905 204422.411 INFO             PET0   SIMOCO Advance(): PET=0 lpid=0 tid=0 pid=0 peCount=1 accCount=0
20260905 204422.411 INFO             PET0   SIMOCO Advance():  PE=0 SSI=0 SSIPE=0
20260905 204422.411 INFO             PET0   SIMOCO Advance(): PET=1 lpid=1 tid=0 pid=1 peCount=1 accCount=0
20260905 204422.411 INFO             PET0   SIMOCO Advance():  PE=1 SSI=0 SSIPE=1
20260905 204422.411 INFO             PET0   SIMOCO Advance(): PET=2 lpid=2 tid=0 pid=2 peCount=1 accCount=0
20260905 204422.411 INFO             PET0   SIMOCO Advance():  PE=2 SSI=0 SSIPE=2
20260905 204422.411 INFO             PET0   SIMOCO Advance(): PET=3 lpid=3 tid=0 pid=3 peCount=1 accCount=0
20260905 204422.411 INFO             PET0   SIMOCO Advance():  PE=3 SSI=0 SSIPE=3
20260905 204422.411 INFO             PET0   SIMOCO Advance(): --- VMK::log() end ---------------------------------------
20260905 204422.411 INFO             PET0   ------>Advancing SIMOCO from: 2012 10 24 18  0  0   0
20260905 204422.411 INFO             PET0   ---------------------> to: 2012 10 24 18  5  0   0
20260905 204422.411 INFO             PET0   SIMOCO Advance(): --- VMK::log() start -------------------------------------
20260905 204422.411 INFO             PET0   SIMOCO Advance(): vm located at: 0xded7f0
20260905 204422.411 INFO             PET0   SIMOCO Advance(): mpionly=1 threadsflag=0
20260905 204422.411 INFO             PET0   SIMOCO Advance(): ssiCount=1 localSsi=0
20260905 204422.411 INFO             PET0   SIMOCO Advance(): devCount=0 ssiLocalDevCount=0
20260905 204422.411 INFO             PET0   SIMOCO Advance(): petCount=4 ssiLocalPetCount=4
20260905 204422.411 INFO             PET0   SIMOCO Advance(): localPet=0 mypthid=140422667901888 ssiLocalPet=0 currentSsiPe=0
20260905 204422.411 INFO             PET0   SIMOCO Advance(): Current system level affinity pinning for local PET:
20260905 204422.411 INFO             PET0   SIMOCO Advance():  SSIPE=0
20260905 204422.411 INFO             PET0   SIMOCO Advance(): Current system level OMP_NUM_THREADS setting for local PET: 1
20260905 204422.411 INFO             PET0   SIMOCO Advance(): Current system level OMP_NUM_PROCS setting for local PET: 1
20260905 204422.411 INFO             PET0   SIMOCO Advance(): ESMF level logical PET->PE association (but consider system level affinity pinning!):
20260905 204422.411 INFO             PET0   SIMOCO Advance(): PET=0 lpid=0 tid=0 pid=0 peCount=1 accCount=0
20260905 204422.411 INFO             PET0   SIMOCO Advance():  PE=0 SSI=0 SSIPE=0
20260905 204422.411 INFO             PET0   SIMOCO Advance(): PET=1 lpid=1 tid=0 pid=1 peCount=1 accCount=0
20260905 204422.411 INFO             PET0   SIMOCO Advance():  PE=1 SSI=0 SSIPE=1
20260905 204422.411 INFO             PET0   SIMOCO Advance(): PET=2 lpid=2 tid=0 pid=2 peCount=1 accCount=0
20260905 204422.411 INFO             PET0   SIMOCO Advance():  PE=2 SSI=0 SSIPE=2
20260905 204422.411 INFO             PET0   SIMOCO Advance(): PET=3 lpid=3 tid=0 pid=3 peCount=1 accCount=0
20260905 204422.411 INFO             PET0   SIMOCO Advance():  PE=3 SSI=0 SSIPE=3
20260905 204422.411 INFO             PET0   SIMOCO Advance(): --- VMK::log() end ---------------------------------------
20260905 204422.411 INFO             PET0   ------>Advancing SIMOCO from: 2012 10 24 18  5  0   0
20260905 204422.411 INFO             PET0   ---------------------> to: 2012 10 24 18 10  0   0
20260905 204422.411 INFO             PET0   SIMOCO Advance(): --- VMK::log() start -------------------------------------
20260905 204422.411 INFO             PET0   SIMOCO Advance(): vm located at: 0xded7f0
20260905 204422.411 INFO             PET0   SIMOCO Advance(): mpionly=1 threadsflag=0
20260905 204422.411 INFO             PET0   SIMOCO Advance(): ssiCount=1 localSsi=0
20260905 204422.411 INFO             PET0   SIMOCO Advance(): devCount=0 ssiLocalDevCount=0
20260905 204422.411 INFO             PET0   SIMOCO Advance(): petCount=4 ssiLocalPetCount=4
20260905 204422.411 INFO             PET0   SIMOCO Advance(): localPet=0 mypthid=140422667901888 ssiLocalPet=0 currentSsiPe=0
20260905 204422.411 INFO             PET0   SIMOCO Advance(): Current system level affinity pinning for local PET:
20260905 204422.411 INFO             PET0   SIMOCO Advance():  SSIPE=0
20260905 204422.411 INFO             PET0   SIMOCO Advance(): Current system level OMP_NUM_THREADS setting for local PET: 1
20260905 204422.411 INFO             PET0   SIMOCO Advance(): Current system level OMP_NUM_PROCS setting for local PET: 1
20260905 204422.411 INFO             PET0   SIMOCO Advance(): ESMF level logical PET->PE association (but consider system level affinity pinning!):
20260905 204422.411 INFO             PET0   SIMOCO Advance(): PET=0 lpid=0 tid=0 pid=0 peCount=1 accCount=0
20260905 204422.411 INFO             PET0   SIMOCO Advance():  PE=0 SSI=0 SSIPE=0
20260905 204422.411 INFO             PET0   SIMOCO Advance(): PET=1 lpid=1 tid=0 pid=1 peCount=1 accCount=0
20260905 204422.411 INFO             PET0   SIMOCO Advance():  PE=1 SSI=0 SSIPE=1
20260905 204422.411 INFO             PET0   SIMOCO Advance(): PET=2 lpid=2 tid=0 pid=2 peCount=1 accCount=0
20260905 204422.411 INFO             PET0   SIMOCO Advance():  PE=2 SSI=0 SSIPE=2
20260905 204422.411 INFO             PET0   SIMOCO Advance(): PET=3 lpid=3 tid=0 pid=3 peCount=1 accCount=0
20260905 204422.411 INFO             PET0   SIMOCO Advance():  PE=3 SSI=0 SSIPE=3
20260905 204422.411 INFO             PET0   SIMOCO Advance(): --- VMK::log() end ---------------------------------------
20260905 204422.411 INFO             PET0   ------>Advancing SIMOCO from: 2012 10 24 18 10  0   0
20260905 204422.411 INFO             PET0   ---------------------> to: 2012 10 24 18 15  0   0
20260905 204422.411 INFO             PET0   SIMOCO Advance(): --- VMK::log() start -------------------------------------
20260905 204422.411 INFO             PET0   SIMOCO Advance(): vm located at: 0xded7f0
20260905 204422.411 INFO             PET0   SIMOCO Advance(): mpionly=1 threadsflag=0
20260905 204422.411 INFO             PET0   SIMOCO Advance(): ssiCount=1 localSsi=0
20260905 204422.411 INFO             PET0   SIMOCO Advance(): devCount=0 ssiLocalDevCount=0
20260905 204422.411 INFO             PET0   SIMOCO Advance(): petCount=4 ssiLocalPetCount=4
20260905 204422.411 INFO             PET0   SIMOCO Advance(): localPet=0 mypthid=140422667901888 ssiLocalPet=0 currentSsiPe=0
20260905 204422.411 INFO             PET0   SIMOCO Advance(): Current system level affinity pinning for local PET:
20260905 204422.411 INFO             PET0   SIMOCO Advance():  SSIPE=0
20260905 204422.411 INFO             PET0   SIMOCO Advance(): Current system level OMP_NUM_THREADS setting for local PET: 1
20260905 204422.411 INFO             PET0   SIMOCO Advance(): Current system level OMP_NUM_PROCS setting for local PET: 1
20260905 204422.411 INFO             PET0   SIMOCO Advance(): ESMF level logical PET->PE association (but consider system level affinity pinning!):
20260905 204422.411 INFO             PET0   SIMOCO Advance(): PET=0 lpid=0 tid=0 pid=0 peCount=1 accCount=0
20260905 204422.411 INFO             PET0   SIMOCO Advance():  PE=0 SSI=0 SSIPE=0
20260905 204422.411 INFO             PET0   SIMOCO Advance(): PET=1 lpid=1 tid=0 pid=1 peCount=1 accCount=0
20260905 204422.411 INFO             PET0   SIMOCO Advance():  PE=1 SSI=0 SSIPE=1
20260905 204422.411 INFO             PET0   SIMOCO Advance(): PET=2 lpid=2 tid=0 pid=2 peCount=1 accCount=0
20260905 204422.411 INFO             PET0   SIMOCO Advance():  PE=2 SSI=0 SSIPE=2
20260905 204422.411 INFO             PET0   SIMOCO Advance(): PET=3 lpid=3 tid=0 pid=3 peCount=1 accCount=0
20260905 204422.411 INFO             PET0   SIMOCO Advance():  PE=3 SSI=0 SSIPE=3
20260905 204422.411 INFO             PET0   SIMOCO Advance(): --- VMK::log() end ---------------------------------------
20260905 204422.411 INFO             PET0   ------>Advancing SIMOCO from: 2012 10 24 18 15  0   0
20260905 204422.411 INFO             PET0   ---------------------> to: 2012 10 24 18 20  0   0
20260905 204422.411 INFO             PET0   SIMOCO Advance(): --- VMK::log() start -------------------------------------
20260905 204422.411 INFO             PET0   SIMOCO Advance(): vm located at: 0xded7f0
20260905 204422.411 INFO             PET0   SIMOCO Advance(): mpionly=1 threadsflag=0
20260905 204422.411 INFO             PET0   SIMOCO Advance(): ssiCount=1 localSsi=0
20260905 204422.411 INFO             PET0   SIMOCO Advance(): devCount=0 ssiLocalDevCount=0
20260905 204422.411 INFO             PET0   SIMOCO Advance(): petCount=4 ssiLocalPetCount=4
20260905 204422.411 INFO             PET0   SIMOCO Advance(): localPet=0 mypthid=140422667901888 ssiLocalPet=0 currentSsiPe=0
20260905 204422.411 INFO             PET0   SIMOCO Advance(): Current system level affinity pinning for local PET:
20260905 204422.411 INFO             PET0   SIMOCO Advance():  SSIPE=0
20260905 204422.411 INFO             PET0   SIMOCO Advance(): Current system level OMP_NUM_THREADS setting for local PET: 1
20260905 204422.411 INFO             PET0   SIMOCO Advance(): Current system level OMP_NUM_PROCS setting for local PET: 1
20260905 204422.411 INFO             PET0   SIMOCO Advance(): ESMF level logical PET->PE association (but consider system level affinity pinning!):
20260905 204422.411 INFO             PET0   SIMOCO Advance(): PET=0 lpid=0 tid=0 pid=0 peCount=1 accCount=0
20260905 204422.411 INFO             PET0   SIMOCO Advance():  PE=0 SSI=0 SSIPE=0
20260905 204422.411 INFO             PET0   SIMOCO Advance(): PET=1 lpid=1 tid=0 pid=1 peCount=1 accCount=0
20260905 204422.411 INFO             PET0   SIMOCO Advance():  PE=1 SSI=0 SSIPE=1
20260905 204422.411 INFO             PET0   SIMOCO Advance(): PET=2 lpid=2 tid=0 pid=2 peCount=1 accCount=0
20260905 204422.411 INFO             PET0   SIMOCO Advance():  PE=2 SSI=0 SSIPE=2
20260905 204422.411 INFO             PET0   SIMOCO Advance(): PET=3 lpid=3 tid=0 pid=3 peCount=1 accCount=0
20260905 204422.411 INFO             PET0   SIMOCO Advance():  PE=3 SSI=0 SSIPE=3
20260905 204422.411 INFO             PET0   SIMOCO Advance(): --- VMK::log() end ---------------------------------------
20260905 204422.411 INFO             PET0   ------>Advancing SIMOCO from: 2012 10 24 18 20  0   0
20260905 204422.411 INFO             PET0   ---------------------> to: 2012 10 24 18 25  0   0
20260905 204422.411 INFO             PET0   SIMOCO Advance(): --- VMK::log() start -------------------------------------
20260905 204422.411 INFO             PET0   SIMOCO Advance(): vm located at: 0xded7f0
20260905 204422.411 INFO             PET0   SIMOCO Advance(): mpionly=1 threadsflag=0
20260905 204422.411 INFO             PET0   SIMOCO Advance(): ssiCount=1 localSsi=0
20260905 204422.411 INFO             PET0   SIMOCO Advance(): devCount=0 ssiLocalDevCount=0
20260905 204422.411 INFO             PET0   SIMOCO Advance(): petCount=4 ssiLocalPetCount=4
20260905 204422.411 INFO             PET0   SIMOCO Advance(): localPet=0 mypthid=140422667901888 ssiLocalPet=0 currentSsiPe=0
20260905 204422.411 INFO             PET0   SIMOCO Advance(): Current system level affinity pinning for local PET:
20260905 204422.411 INFO             PET0   SIMOCO Advance():  SSIPE=0
20260905 204422.411 INFO             PET0   SIMOCO Advance(): Current system level OMP_NUM_THREADS setting for local PET: 1
20260905 204422.411 INFO             PET0   SIMOCO Advance(): Current system level OMP_NUM_PROCS setting for local PET: 1
20260905 204422.411 INFO             PET0   SIMOCO Advance(): ESMF level logical PET->PE association (but consider system level affinity pinning!):
20260905 204422.411 INFO             PET0   SIMOCO Advance(): PET=0 lpid=0 tid=0 pid=0 peCount=1 accCount=0
20260905 204422.411 INFO             PET0   SIMOCO Advance():  PE=0 SSI=0 SSIPE=0
20260905 204422.411 INFO             PET0   SIMOCO Advance(): PET=1 lpid=1 tid=0 pid=1 peCount=1 accCount=0
20260905 204422.411 INFO             PET0   SIMOCO Advance():  PE=1 SSI=0 SSIPE=1
20260905 204422.411 INFO             PET0   SIMOCO Advance(): PET=2 lpid=2 tid=0 pid=2 peCount=1 accCount=0
20260905 204422.411 INFO             PET0   SIMOCO Advance():  PE=2 SSI=0 SSIPE=2
20260905 204422.411 INFO             PET0   SIMOCO Advance(): PET=3 lpid=3 tid=0 pid=3 peCount=1 accCount=0
20260905 204422.411 INFO             PET0   SIMOCO Advance():  PE=3 SSI=0 SSIPE=3
20260905 204422.411 INFO             PET0   SIMOCO Advance(): --- VMK::log() end ---------------------------------------
20260905 204422.411 INFO             PET0   ------>Advancing SIMOCO from: 2012 10 24 18 25  0   0
20260905 204422.411 INFO             PET0   ---------------------> to: 2012 10 24 18 30  0   0
20260905 204422.411 INFO             PET0   SIMOCO Advance(): --- VMK::log() start -------------------------------------
20260905 204422.411 INFO             PET0   SIMOCO Advance(): vm located at: 0xded7f0
20260905 204422.411 INFO             PET0   SIMOCO Advance(): mpionly=1 threadsflag=0
20260905 204422.411 INFO             PET0   SIMOCO Advance(): ssiCount=1 localSsi=0
20260905 204422.411 INFO             PET0   SIMOCO Advance(): devCount=0 ssiLocalDevCount=0
20260905 204422.411 INFO             PET0   SIMOCO Advance(): petCount=4 ssiLocalPetCount=4
20260905 204422.411 INFO             PET0   SIMOCO Advance(): localPet=0 mypthid=140422667901888 ssiLocalPet=0 currentSsiPe=0
20260905 204422.411 INFO             PET0   SIMOCO Advance(): Current system level affinity pinning for local PET:
20260905 204422.411 INFO             PET0   SIMOCO Advance():  SSIPE=0
20260905 204422.411 INFO             PET0   SIMOCO Advance(): Current system level OMP_NUM_THREADS setting for local PET: 1
20260905 204422.411 INFO             PET0   SIMOCO Advance(): Current system level OMP_NUM_PROCS setting for local PET: 1
20260905 204422.411 INFO             PET0   SIMOCO Advance(): ESMF level logical PET->PE association (but consider system level affinity pinning!):
20260905 204422.412 INFO             PET0   SIMOCO Advance(): PET=0 lpid=0 tid=0 pid=0 peCount=1 accCount=0
20260905 204422.412 INFO             PET0   SIMOCO Advance():  PE=0 SSI=0 SSIPE=0
20260905 204422.412 INFO             PET0   SIMOCO Advance(): PET=1 lpid=1 tid=0 pid=1 peCount=1 accCount=0
20260905 204422.412 INFO             PET0   SIMOCO Advance():  PE=1 SSI=0 SSIPE=1
20260905 204422.412 INFO             PET0   SIMOCO Advance(): PET=2 lpid=2 tid=0 pid=2 peCount=1 accCount=0
20260905 204422.412 INFO             PET0   SIMOCO Advance():  PE=2 SSI=0 SSIPE=2
20260905 204422.412 INFO             PET0   SIMOCO Advance(): PET=3 lpid=3 tid=0 pid=3 peCount=1 accCount=0
20260905 204422.412 INFO             PET0   SIMOCO Advance():  PE=3 SSI=0 SSIPE=3
20260905 204422.412 INFO             PET0   SIMOCO Advance(): --- VMK::log() end ---------------------------------------
20260905 204422.412 INFO             PET0   ------>Advancing SIMOCO from: 2012 10 24 18 30  0   0
20260905 204422.412 INFO             PET0   ---------------------> to: 2012 10 24 18 35  0   0
20260905 204422.412 INFO             PET0   SIMOCO Advance(): --- VMK::log() start -------------------------------------
20260905 204422.412 INFO             PET0   SIMOCO Advance(): vm located at: 0xded7f0
20260905 204422.412 INFO             PET0   SIMOCO Advance(): mpionly=1 threadsflag=0
20260905 204422.412 INFO             PET0   SIMOCO Advance(): ssiCount=1 localSsi=0
20260905 204422.412 INFO             PET0   SIMOCO Advance(): devCount=0 ssiLocalDevCount=0
20260905 204422.412 INFO             PET0   SIMOCO Advance(): petCount=4 ssiLocalPetCount=4
20260905 204422.412 INFO             PET0   SIMOCO Advance(): localPet=0 mypthid=140422667901888 ssiLocalPet=0 currentSsiPe=0
20260905 204422.412 INFO             PET0   SIMOCO Advance(): Current system level affinity pinning for local PET:
20260905 204422.412 INFO             PET0   SIMOCO Advance():  SSIPE=0
20260905 204422.412 INFO             PET0   SIMOCO Advance(): Current system level OMP_NUM_THREADS setting for local PET: 1
20260905 204422.412 INFO             PET0   SIMOCO Advance(): Current system level OMP_NUM_PROCS setting for local PET: 1
20260905 204422.412 INFO             PET0   SIMOCO Advance(): ESMF level logical PET->PE association (but consider system level affinity pinning!):
20260905 204422.412 INFO             PET0   SIMOCO Advance(): PET=0 lpid=0 tid=0 pid=0 peCount=1 accCount=0
20260905 204422.412 INFO             PET0   SIMOCO Advance():  PE=0 SSI=0 SSIPE=0
20260905 204422.412 INFO             PET0   SIMOCO Advance(): PET=1 lpid=1 tid=0 pid=1 peCount=1 accCount=0
20260905 204422.412 INFO             PET0   SIMOCO Advance():  PE=1 SSI=0 SSIPE=1
20260905 204422.412 INFO             PET0   SIMOCO Advance(): PET=2 lpid=2 tid=0 pid=2 peCount=1 accCount=0
20260905 204422.412 INFO             PET0   SIMOCO Advance():  PE=2 SSI=0 SSIPE=2
20260905 204422.412 INFO             PET0   SIMOCO Advance(): PET=3 lpid=3 tid=0 pid=3 peCount=1 accCount=0
20260905 204422.412 INFO             PET0   SIMOCO Advance():  PE=3 SSI=0 SSIPE=3
20260905 204422.412 INFO             PET0   SIMOCO Advance(): --- VMK::log() end ---------------------------------------
20260905 204422.412 INFO             PET0   ------>Advancing SIMOCO from: 2012 10 24 18 35  0   0
20260905 204422.412 INFO             PET0   ---------------------> to: 2012 10 24 18 40  0   0
20260905 204422.412 INFO             PET0   SIMOCO Advance(): --- VMK::log() start -------------------------------------
20260905 204422.412 INFO             PET0   SIMOCO Advance(): vm located at: 0xded7f0
20260905 204422.412 INFO             PET0   SIMOCO Advance(): mpionly=1 threadsflag=0
20260905 204422.412 INFO             PET0   SIMOCO Advance(): ssiCount=1 localSsi=0
20260905 204422.412 INFO             PET0   SIMOCO Advance(): devCount=0 ssiLocalDevCount=0
20260905 204422.412 INFO             PET0   SIMOCO Advance(): petCount=4 ssiLocalPetCount=4
20260905 204422.412 INFO             PET0   SIMOCO Advance(): localPet=0 mypthid=140422667901888 ssiLocalPet=0 currentSsiPe=0
20260905 204422.412 INFO             PET0   SIMOCO Advance(): Current system level affinity pinning for local PET:
20260905 204422.412 INFO             PET0   SIMOCO Advance():  SSIPE=0
20260905 204422.412 INFO             PET0   SIMOCO Advance(): Current system level OMP_NUM_THREADS setting for local PET: 1
20260905 204422.412 INFO             PET0   SIMOCO Advance(): Current system level OMP_NUM_PROCS setting for local PET: 1
20260905 204422.412 INFO             PET0   SIMOCO Advance(): ESMF level logical PET->PE association (but consider system level affinity pinning!):
20260905 204422.412 INFO             PET0   SIMOCO Advance(): PET=0 lpid=0 tid=0 pid=0 peCount=1 accCount=0
20260905 204422.412 INFO             PET0   SIMOCO Advance():  PE=0 SSI=0 SSIPE=0
20260905 204422.412 INFO             PET0   SIMOCO Advance(): PET=1 lpid=1 tid=0 pid=1 peCount=1 accCount=0
20260905 204422.412 INFO             PET0   SIMOCO Advance():  PE=1 SSI=0 SSIPE=1
20260905 204422.412 INFO             PET0   SIMOCO Advance(): PET=2 lpid=2 tid=0 pid=2 peCount=1 accCount=0
20260905 204422.412 INFO             PET0   SIMOCO Advance():  PE=2 SSI=0 SSIPE=2
20260905 204422.412 INFO             PET0   SIMOCO Advance(): PET=3 lpid=3 tid=0 pid=3 peCount=1 accCount=0
20260905 204422.412 INFO             PET0   SIMOCO Advance():  PE=3 SSI=0 SSIPE=3
20260905 204422.412 INFO             PET0   SIMOCO Advance(): --- VMK::log() end ---------------------------------------
20260905 204422.412 INFO             PET0   ------>Advancing SIMOCO from: 2012 10 24 18 40  0   0
20260905 204422.412 INFO             PET0   ---------------------> to: 2012 10 24 18 45  0   0
20260905 204422.412 INFO             PET0   SIMOCO Advance(): --- VMK::log() start -------------------------------------
20260905 204422.412 INFO             PET0   SIMOCO Advance(): vm located at: 0xded7f0
20260905 204422.412 INFO             PET0   SIMOCO Advance(): mpionly=1 threadsflag=0
20260905 204422.412 INFO             PET0   SIMOCO Advance(): ssiCount=1 localSsi=0
20260905 204422.412 INFO             PET0   SIMOCO Advance(): devCount=0 ssiLocalDevCount=0
20260905 204422.412 INFO             PET0   SIMOCO Advance(): petCount=4 ssiLocalPetCount=4
20260905 204422.412 INFO             PET0   SIMOCO Advance(): localPet=0 mypthid=140422667901888 ssiLocalPet=0 currentSsiPe=0
20260905 204422.412 INFO             PET0   SIMOCO Advance(): Current system level affinity pinning for local PET:
20260905 204422.412 INFO             PET0   SIMOCO Advance():  SSIPE=0
20260905 204422.412 INFO             PET0   SIMOCO Advance(): Current system level OMP_NUM_THREADS setting for local PET: 1
20260905 204422.412 INFO             PET0   SIMOCO Advance(): Current system level OMP_NUM_PROCS setting for local PET: 1
20260905 204422.412 INFO             PET0   SIMOCO Advance(): ESMF level logical PET->PE association (but consider system level affinity pinning!):
20260905 204422.412 INFO             PET0   SIMOCO Advance(): PET=0 lpid=0 tid=0 pid=0 peCount=1 accCount=0
20260905 204422.412 INFO             PET0   SIMOCO Advance():  PE=0 SSI=0 SSIPE=0
20260905 204422.412 INFO             PET0   SIMOCO Advance(): PET=1 lpid=1 tid=0 pid=1 peCount=1 accCount=0
20260905 204422.412 INFO             PET0   SIMOCO Advance():  PE=1 SSI=0 SSIPE=1
20260905 204422.412 INFO             PET0   SIMOCO Advance(): PET=2 lpid=2 tid=0 pid=2 peCount=1 accCount=0
20260905 204422.412 INFO             PET0   SIMOCO Advance():  PE=2 SSI=0 SSIPE=2
20260905 204422.412 INFO             PET0   SIMOCO Advance(): PET=3 lpid=3 tid=0 pid=3 peCount=1 accCount=0
20260905 204422.412 INFO             PET0   SIMOCO Advance():  PE=3 SSI=0 SSIPE=3
20260905 204422.412 INFO             PET0   SIMOCO Advance(): --- VMK::log() end ---------------------------------------
20260905 204422.412 INFO             PET0   ------>Advancing SIMOCO from: 2012 10 24 18 45  0   0
20260905 204422.412 INFO             PET0   ---------------------> to: 2012 10 24 18 50  0   0
20260905 204422.412 INFO             PET0   SIMOCO Advance(): --- VMK::log() start -------------------------------------
20260905 204422.412 INFO             PET0   SIMOCO Advance(): vm located at: 0xded7f0
20260905 204422.412 INFO             PET0   SIMOCO Advance(): mpionly=1 threadsflag=0
20260905 204422.412 INFO             PET0   SIMOCO Advance(): ssiCount=1 localSsi=0
20260905 204422.412 INFO             PET0   SIMOCO Advance(): devCount=0 ssiLocalDevCount=0
20260905 204422.412 INFO             PET0   SIMOCO Advance(): petCount=4 ssiLocalPetCount=4
20260905 204422.412 INFO             PET0   SIMOCO Advance(): localPet=0 mypthid=140422667901888 ssiLocalPet=0 currentSsiPe=0
20260905 204422.412 INFO             PET0   SIMOCO Advance(): Current system level affinity pinning for local PET:
20260905 204422.412 INFO             PET0   SIMOCO Advance():  SSIPE=0
20260905 204422.412 INFO             PET0   SIMOCO Advance(): Current system level OMP_NUM_THREADS setting for local PET: 1
20260905 204422.412 INFO             PET0   SIMOCO Advance(): Current system level OMP_NUM_PROCS setting for local PET: 1
20260905 204422.412 INFO             PET0   SIMOCO Advance(): ESMF level logical PET->PE association (but consider system level affinity pinning!):
20260905 204422.412 INFO             PET0   SIMOCO Advance(): PET=0 lpid=0 tid=0 pid=0 peCount=1 accCount=0
20260905 204422.412 INFO             PET0   SIMOCO Advance():  PE=0 SSI=0 SSIPE=0
20260905 204422.412 INFO             PET0   SIMOCO Advance(): PET=1 lpid=1 tid=0 pid=1 peCount=1 accCount=0
20260905 204422.412 INFO             PET0   SIMOCO Advance():  PE=1 SSI=0 SSIPE=1
20260905 204422.412 INFO             PET0   SIMOCO Advance(): PET=2 lpid=2 tid=0 pid=2 peCount=1 accCount=0
20260905 204422.412 INFO             PET0   SIMOCO Advance():  PE=2 SSI=0 SSIPE=2
20260905 204422.412 INFO             PET0   SIMOCO Advance(): PET=3 lpid=3 tid=0 pid=3 peCount=1 accCount=0
20260905 204422.412 INFO             PET0   SIMOCO Advance():  PE=3 SSI=0 SSIPE=3
20260905 204422.412 INFO             PET0   SIMOCO Advance(): --- VMK::log() end ---------------------------------------
20260905 204422.412 INFO             PET0   ------>Advancing SIMOCO from: 2012 10 24 18 50  0   0
20260905 204422.412 INFO             PET0   ---------------------> to: 2012 10 24 18 55  0   0
20260905 204422.412 INFO             PET0   SIMOCO Advance(): --- VMK::log() start -------------------------------------
20260905 204422.412 INFO             PET0   SIMOCO Advance(): vm located at: 0xded7f0
20260905 204422.412 INFO             PET0   SIMOCO Advance(): mpionly=1 threadsflag=0
20260905 204422.412 INFO             PET0   SIMOCO Advance(): ssiCount=1 localSsi=0
20260905 204422.412 INFO             PET0   SIMOCO Advance(): devCount=0 ssiLocalDevCount=0
20260905 204422.412 INFO             PET0   SIMOCO Advance(): petCount=4 ssiLocalPetCount=4
20260905 204422.412 INFO             PET0   SIMOCO Advance(): localPet=0 mypthid=140422667901888 ssiLocalPet=0 currentSsiPe=0
20260905 204422.412 INFO             PET0   SIMOCO Advance(): Current system level affinity pinning for local PET:
20260905 204422.412 INFO             PET0   SIMOCO Advance():  SSIPE=0
20260905 204422.412 INFO             PET0   SIMOCO Advance(): Current system level OMP_NUM_THREADS setting for local PET: 1
20260905 204422.412 INFO             PET0   SIMOCO Advance(): Current system level OMP_NUM_PROCS setting for local PET: 1
20260905 204422.412 INFO             PET0   SIMOCO Advance(): ESMF level logical PET->PE association (but consider system level affinity pinning!):
20260905 204422.412 INFO             PET0   SIMOCO Advance(): PET=0 lpid=0 tid=0 pid=0 peCount=1 accCount=0
20260905 204422.412 INFO             PET0   SIMOCO Advance():  PE=0 SSI=0 SSIPE=0
20260905 204422.412 INFO             PET0   SIMOCO Advance(): PET=1 lpid=1 tid=0 pid=1 peCount=1 accCount=0
20260905 204422.412 INFO             PET0   SIMOCO Advance():  PE=1 SSI=0 SSIPE=1
20260905 204422.412 INFO             PET0   SIMOCO Advance(): PET=2 lpid=2 tid=0 pid=2 peCount=1 accCount=0
20260905 204422.412 INFO             PET0   SIMOCO Advance():  PE=2 SSI=0 SSIPE=2
20260905 204422.412 INFO             PET0   SIMOCO Advance(): PET=3 lpid=3 tid=0 pid=3 peCount=1 accCount=0
20260905 204422.412 INFO             PET0   SIMOCO Advance():  PE=3 SSI=0 SSIPE=3
20260905 204422.412 INFO             PET0   SIMOCO Advance(): --- VMK::log() end ---------------------------------------
20260905 204422.412 INFO             PET0   ------>Advancing SIMOCO from: 2012 10 24 18 55  0   0
20260905 204422.412 INFO             PET0   ---------------------> to: 2012 10 24 19  0  0   0
20260905 204422.412 INFO             PET0   <<<ESMX_Driver: leaving Run (phase=RunPhase1) with current time: 2012 10 24 19  0  0   0
20260905 204422.412 INFO             PET0 ESMX_Driver: Run extro.
20260905 204422.412 INFO             PET0 ESMX_Driver: Finalize intro.
20260905 204422.412 INFO             PET0   >>>ESMX_Driver: entered Finalize (phase=FinalizePhase1) with current time: 2012 10 24 19  0  0   0
20260905 204422.412 INFO             PET0   Calling Finalize phase 1 for modelComp: MDL
20260905 204422.413 INFO             PET0   Delete modelComp: MDL
20260905 204422.413 INFO             PET0   <<<ESMX_Driver: leaving Finalize (phase=FinalizePhase1) with current time: 2012 10 24 19  0  0   0
20260905 204422.413 INFO             PET0 ESMX_Driver: Finalize extro.
20260905 204422.413 INFO             PET0 =============================================
20260905 204422.413 INFO             PET0 ESMX (Earth System Model eXecutable) FINISHED
20260905 204422.413 INFO             PET0 =============================================
20260905 204422.413 INFO             PET0  Finalizing ESMF
20260905 204422.323 INFO             PET1 !!!!!!!!!!!!!!!!!!!!!!!!!!!!!!!!!!!!!!!!!!!!!!!!!!!!!!
20260905 204422.323 INFO             PET1 !!! THE ESMF_LOG IS SET TO OUTPUT ALL LOG MESSAGES !!!
20260905 204422.323 INFO             PET1 !!!     THIS MAY CAUSE SLOWDOWN IN PERFORMANCE     !!!
20260905 204422.323 INFO             PET1 !!! FOR PRODUCTION RUNS, USE:                      !!!
20260905 204422.323 INFO             PET1 !!!                   ESMF_LOGKIND_Multi_On_Error  !!!
20260905 204422.323 INFO             PET1 !!!!!!!!!!!!!!!!!!!!!!!!!!!!!!!!!!!!!!!!!!!!!!!!!!!!!!
20260905 204422.323 INFO             PET1 Running with ESMF Version   : develop+g4161bf9d44
20260905 204422.323 INFO             PET1 ESMF library build date/time: "Sep  5 2026" "20:14:00"
20260905 204422.323 INFO             PET1 ESMF library build location : /home/gerhard/ESMF-Nightly-Testing/gfortran_7.4.0_mpich_g_develop/esmf
20260905 204422.323 INFO             PET1 ESMF_COMM                   : mpich
20260905 204422.323 INFO             PET1 ESMF_MOAB                   : enabled
20260905 204422.323 INFO             PET1 ESMF_LAPACK                 : enabled
20260905 204422.323 INFO             PET1 ESMF_NETCDF                 : enabled
20260905 204422.323 INFO             PET1 ESMF_PNETCDF                : disabled
20260905 204422.323 INFO             PET1 ESMF_PIO                    : enabled
20260905 204422.323 INFO             PET1 ESMF_YAMLCPP                : enabled
20260905 204422.327 INFO             PET1 =============================================
20260905 204422.327 INFO             PET1 ESMX (Earth System Model eXecutable) STARTING
20260905 204422.327 INFO             PET1 =============================================
20260905 204422.340 DEBUG            PET1 Generic SetVM() is executing for: ESMX_Driver
20260905 204422.340 DEBUG            PET1 Generic SetVM() found no NUOPC Hint for: ESMX_Driver
20260905 204422.340 DEBUG            PET1 Generic SetVM() therefore is NOT calling ESMF_GridCompSetVMMaxPEs() for: ESMX_Driver
20260905 204422.345 INFO             PET1 ESMX_Driver: InitializeGeneric intro.
20260905 204422.345 INFO             PET1   >>>ESMX_Driver: entered Initialize (phase=<none>) without valid internal Clock.
20260905 204422.346 INFO             PET1   ESMX_Driver: InitializeP0 intro.
20260905 204422.346 INFO             PET1     >>>ESMX_Driver: entered Initialize (phase=<none>) without valid internal Clock.
20260905 204422.346 INFO             PET1     <<<ESMX_Driver: leaving Initialize (phase=<none>) without valid internal Clock.
20260905 204422.346 INFO             PET1   ESMX_Driver: InitializeP0 extro.
20260905 204422.346 INFO             PET1   ESMX_Driver: InitializeIPDv02p1 intro.
20260905 204422.346 INFO             PET1     >>>ESMX_Driver: entered Initialize (phase=<none>) without valid internal Clock.
20260905 204422.353 INFO             PET1     ESMX_Driver - Creating model component MDL without petList.
20260905 204422.354 DEBUG            PET1     Generic SetVM() is executing for: MDL
20260905 204422.365 INFO             PET1     ESMX_Driver: IInitAdvertise intro.
20260905 204422.365 INFO             PET1       >>>ESMX_Driver: entered Initialize (phase=<none>) with current time: 2012 10 24 18  0  0   0
20260905 204422.365 INFO             PET1       <<<ESMX_Driver: leaving Initialize (phase=<none>) with current time: 2012 10 24 18  0  0   0
20260905 204422.365 INFO             PET1     ESMX_Driver: IInitAdvertise extro.
20260905 204422.368 INFO             PET1     ESMX_Driver: IInitAdvertiseFinish intro.
20260905 204422.368 INFO             PET1       >>>ESMX_Driver: entered Initialize (phase=<none>) with current time: 2012 10 24 18  0  0   0
20260905 204422.368 INFO             PET1       <<<ESMX_Driver: leaving Initialize (phase=<none>) with current time: 2012 10 24 18  0  0   0
20260905 204422.368 INFO             PET1     ESMX_Driver: IInitAdvertiseFinish extro.
20260905 204422.368 INFO             PET1     ESMX_Driver: IInitModifyCplLists intro.
20260905 204422.368 INFO             PET1       >>>ESMX_Driver: entered Initialize (phase=<none>) with current time: 2012 10 24 18  0  0   0
20260905 204422.369 INFO             PET1       <<<ESMX_Driver: leaving Initialize (phase=<none>) with current time: 2012 10 24 18  0  0   0
20260905 204422.369 INFO             PET1     ESMX_Driver: IInitModifyCplLists extro.
20260905 204422.369 INFO             PET1     <<<ESMX_Driver: leaving Initialize (phase=<none>) with current time: 2012 10 24 18  0  0   0
20260905 204422.369 INFO             PET1   ESMX_Driver: InitializeIPDv02p1 extro.
20260905 204422.369 INFO             PET1   ESMX_Driver: InitializeIPDv02p3 intro.
20260905 204422.369 INFO             PET1     >>>ESMX_Driver: entered Initialize (phase=<none>) with current time: 2012 10 24 18  0  0   0
20260905 204422.369 INFO             PET1     ESMX_Driver: IInitCheck intro.
20260905 204422.369 INFO             PET1       >>>ESMX_Driver: entered Initialize (phase=<none>) with current time: 2012 10 24 18  0  0   0
20260905 204422.369 INFO             PET1       <<<ESMX_Driver: leaving Initialize (phase=<none>) with current time: 2012 10 24 18  0  0   0
20260905 204422.369 INFO             PET1     ESMX_Driver: IInitCheck extro.
20260905 204422.408 INFO             PET1     ESMX_Driver: IInitRealize intro.
20260905 204422.408 INFO             PET1       >>>ESMX_Driver: entered Initialize (phase=<none>) with current time: 2012 10 24 18  0  0   0
20260905 204422.408 INFO             PET1       <<<ESMX_Driver: leaving Initialize (phase=<none>) with current time: 2012 10 24 18  0  0   0
20260905 204422.408 INFO             PET1     ESMX_Driver: IInitRealize extro.
20260905 204422.408 INFO             PET1     <<<ESMX_Driver: leaving Initialize (phase=<none>) with current time: 2012 10 24 18  0  0   0
20260905 204422.408 INFO             PET1   ESMX_Driver: InitializeIPDv02p3 extro.
20260905 204422.409 INFO             PET1   ESMX_Driver: InitializeIPDv02p5 intro.
20260905 204422.409 INFO             PET1     >>>ESMX_Driver: entered Initialize (phase=<none>) with current time: 2012 10 24 18  0  0   0
20260905 204422.409 INFO             PET1     ESMX_Driver: InitializeIPDv02p5Data intro.
20260905 204422.409 INFO             PET1       >>>ESMX_Driver: entered Initialize (phase=<none>) with current time: 2012 10 24 18  0  0   0
20260905 204422.409 INFO             PET1       ESMX_Driver: InternalInitializeComplete intro.
20260905 204422.409 INFO             PET1         >>>ESMX_Driver: entered Initialize (phase=<none>) with current time: 2012 10 24 18  0  0   0
20260905 204422.409 INFO             PET1         <<<ESMX_Driver: leaving Initialize (phase=<none>) with current time: 2012 10 24 18  0  0   0
20260905 204422.409 INFO             PET1       ESMX_Driver: InternalInitializeComplete extro.
20260905 204422.410 INFO             PET1       ESMX_Driver: loopDataDependentInitialize intro.
20260905 204422.410 INFO             PET1         >>>ESMX_Driver: entered Initialize (phase=<none>) with current time: 2012 10 24 18  0  0   0
20260905 204422.410 INFO             PET1         <<<ESMX_Driver: leaving Initialize (phase=<none>) with current time: 2012 10 24 18  0  0   0
20260905 204422.410 INFO             PET1       ESMX_Driver: loopDataDependentInitialize extro.
20260905 204422.410 INFO             PET1       <<<ESMX_Driver: leaving Initialize (phase=<none>) with current time: 2012 10 24 18  0  0   0
20260905 204422.410 INFO             PET1     ESMX_Driver: InitializeIPDv02p5Data extro.
20260905 204422.410 INFO             PET1     <<<ESMX_Driver: leaving Initialize (phase=<none>) with current time: 2012 10 24 18  0  0   0
20260905 204422.410 INFO             PET1   ESMX_Driver: InitializeIPDv02p5 extro.
20260905 204422.410 INFO             PET1   <<<ESMX_Driver: leaving Initialize (phase=<none>) with current time: 2012 10 24 18  0  0   0
20260905 204422.410 INFO             PET1 ESMX_Driver: InitializeGeneric extro.
20260905 204422.410 INFO             PET1 ESMX_Driver: Run intro.
20260905 204422.410 INFO             PET1   >>>ESMX_Driver: entered Run (phase=RunPhase1) with current time: 2012 10 24 18  0  0   0
20260905 204422.411 INFO             PET1   SIMOCO Advance(): --- VMK::log() start -------------------------------------
20260905 204422.411 INFO             PET1   SIMOCO Advance(): vm located at: 0x1585780
20260905 204422.411 INFO             PET1   SIMOCO Advance(): mpionly=1 threadsflag=0
20260905 204422.411 INFO             PET1   SIMOCO Advance(): ssiCount=1 localSsi=0
20260905 204422.411 INFO             PET1   SIMOCO Advance(): devCount=0 ssiLocalDevCount=0
20260905 204422.411 INFO             PET1   SIMOCO Advance(): petCount=4 ssiLocalPetCount=4
20260905 204422.411 INFO             PET1   SIMOCO Advance(): localPet=1 mypthid=139687642155968 ssiLocalPet=1 currentSsiPe=1
20260905 204422.411 INFO             PET1   SIMOCO Advance(): Current system level affinity pinning for local PET:
20260905 204422.411 INFO             PET1   SIMOCO Advance():  SSIPE=1
20260905 204422.411 INFO             PET1   SIMOCO Advance(): Current system level OMP_NUM_THREADS setting for local PET: 1
20260905 204422.411 INFO             PET1   SIMOCO Advance(): Current system level OMP_NUM_PROCS setting for local PET: 1
20260905 204422.411 INFO             PET1   SIMOCO Advance(): ESMF level logical PET->PE association (but consider system level affinity pinning!):
20260905 204422.411 INFO             PET1   SIMOCO Advance(): PET=0 lpid=0 tid=0 pid=0 peCount=1 accCount=0
20260905 204422.411 INFO             PET1   SIMOCO Advance():  PE=0 SSI=0 SSIPE=0
20260905 204422.411 INFO             PET1   SIMOCO Advance(): PET=1 lpid=1 tid=0 pid=1 peCount=1 accCount=0
20260905 204422.411 INFO             PET1   SIMOCO Advance():  PE=1 SSI=0 SSIPE=1
20260905 204422.411 INFO             PET1   SIMOCO Advance(): PET=2 lpid=2 tid=0 pid=2 peCount=1 accCount=0
20260905 204422.411 INFO             PET1   SIMOCO Advance():  PE=2 SSI=0 SSIPE=2
20260905 204422.411 INFO             PET1   SIMOCO Advance(): PET=3 lpid=3 tid=0 pid=3 peCount=1 accCount=0
20260905 204422.411 INFO             PET1   SIMOCO Advance():  PE=3 SSI=0 SSIPE=3
20260905 204422.411 INFO             PET1   SIMOCO Advance(): --- VMK::log() end ---------------------------------------
20260905 204422.411 INFO             PET1   ------>Advancing SIMOCO from: 2012 10 24 18  0  0   0
20260905 204422.411 INFO             PET1   ---------------------> to: 2012 10 24 18  5  0   0
20260905 204422.411 INFO             PET1   SIMOCO Advance(): --- VMK::log() start -------------------------------------
20260905 204422.411 INFO             PET1   SIMOCO Advance(): vm located at: 0x1585780
20260905 204422.411 INFO             PET1   SIMOCO Advance(): mpionly=1 threadsflag=0
20260905 204422.411 INFO             PET1   SIMOCO Advance(): ssiCount=1 localSsi=0
20260905 204422.411 INFO             PET1   SIMOCO Advance(): devCount=0 ssiLocalDevCount=0
20260905 204422.411 INFO             PET1   SIMOCO Advance(): petCount=4 ssiLocalPetCount=4
20260905 204422.411 INFO             PET1   SIMOCO Advance(): localPet=1 mypthid=139687642155968 ssiLocalPet=1 currentSsiPe=1
20260905 204422.411 INFO             PET1   SIMOCO Advance(): Current system level affinity pinning for local PET:
20260905 204422.411 INFO             PET1   SIMOCO Advance():  SSIPE=1
20260905 204422.411 INFO             PET1   SIMOCO Advance(): Current system level OMP_NUM_THREADS setting for local PET: 1
20260905 204422.411 INFO             PET1   SIMOCO Advance(): Current system level OMP_NUM_PROCS setting for local PET: 1
20260905 204422.411 INFO             PET1   SIMOCO Advance(): ESMF level logical PET->PE association (but consider system level affinity pinning!):
20260905 204422.411 INFO             PET1   SIMOCO Advance(): PET=0 lpid=0 tid=0 pid=0 peCount=1 accCount=0
20260905 204422.411 INFO             PET1   SIMOCO Advance():  PE=0 SSI=0 SSIPE=0
20260905 204422.411 INFO             PET1   SIMOCO Advance(): PET=1 lpid=1 tid=0 pid=1 peCount=1 accCount=0
20260905 204422.411 INFO             PET1   SIMOCO Advance():  PE=1 SSI=0 SSIPE=1
20260905 204422.411 INFO             PET1   SIMOCO Advance(): PET=2 lpid=2 tid=0 pid=2 peCount=1 accCount=0
20260905 204422.411 INFO             PET1   SIMOCO Advance():  PE=2 SSI=0 SSIPE=2
20260905 204422.411 INFO             PET1   SIMOCO Advance(): PET=3 lpid=3 tid=0 pid=3 peCount=1 accCount=0
20260905 204422.411 INFO             PET1   SIMOCO Advance():  PE=3 SSI=0 SSIPE=3
20260905 204422.411 INFO             PET1   SIMOCO Advance(): --- VMK::log() end ---------------------------------------
20260905 204422.411 INFO             PET1   ------>Advancing SIMOCO from: 2012 10 24 18  5  0   0
20260905 204422.411 INFO             PET1   ---------------------> to: 2012 10 24 18 10  0   0
20260905 204422.411 INFO             PET1   SIMOCO Advance(): --- VMK::log() start -------------------------------------
20260905 204422.411 INFO             PET1   SIMOCO Advance(): vm located at: 0x1585780
20260905 204422.411 INFO             PET1   SIMOCO Advance(): mpionly=1 threadsflag=0
20260905 204422.411 INFO             PET1   SIMOCO Advance(): ssiCount=1 localSsi=0
20260905 204422.411 INFO             PET1   SIMOCO Advance(): devCount=0 ssiLocalDevCount=0
20260905 204422.411 INFO             PET1   SIMOCO Advance(): petCount=4 ssiLocalPetCount=4
20260905 204422.411 INFO             PET1   SIMOCO Advance(): localPet=1 mypthid=139687642155968 ssiLocalPet=1 currentSsiPe=1
20260905 204422.411 INFO             PET1   SIMOCO Advance(): Current system level affinity pinning for local PET:
20260905 204422.411 INFO             PET1   SIMOCO Advance():  SSIPE=1
20260905 204422.411 INFO             PET1   SIMOCO Advance(): Current system level OMP_NUM_THREADS setting for local PET: 1
20260905 204422.411 INFO             PET1   SIMOCO Advance(): Current system level OMP_NUM_PROCS setting for local PET: 1
20260905 204422.411 INFO             PET1   SIMOCO Advance(): ESMF level logical PET->PE association (but consider system level affinity pinning!):
20260905 204422.411 INFO             PET1   SIMOCO Advance(): PET=0 lpid=0 tid=0 pid=0 peCount=1 accCount=0
20260905 204422.411 INFO             PET1   SIMOCO Advance():  PE=0 SSI=0 SSIPE=0
20260905 204422.411 INFO             PET1   SIMOCO Advance(): PET=1 lpid=1 tid=0 pid=1 peCount=1 accCount=0
20260905 204422.411 INFO             PET1   SIMOCO Advance():  PE=1 SSI=0 SSIPE=1
20260905 204422.411 INFO             PET1   SIMOCO Advance(): PET=2 lpid=2 tid=0 pid=2 peCount=1 accCount=0
20260905 204422.411 INFO             PET1   SIMOCO Advance():  PE=2 SSI=0 SSIPE=2
20260905 204422.411 INFO             PET1   SIMOCO Advance(): PET=3 lpid=3 tid=0 pid=3 peCount=1 accCount=0
20260905 204422.411 INFO             PET1   SIMOCO Advance():  PE=3 SSI=0 SSIPE=3
20260905 204422.411 INFO             PET1   SIMOCO Advance(): --- VMK::log() end ---------------------------------------
20260905 204422.411 INFO             PET1   ------>Advancing SIMOCO from: 2012 10 24 18 10  0   0
20260905 204422.411 INFO             PET1   ---------------------> to: 2012 10 24 18 15  0   0
20260905 204422.411 INFO             PET1   SIMOCO Advance(): --- VMK::log() start -------------------------------------
20260905 204422.411 INFO             PET1   SIMOCO Advance(): vm located at: 0x1585780
20260905 204422.411 INFO             PET1   SIMOCO Advance(): mpionly=1 threadsflag=0
20260905 204422.411 INFO             PET1   SIMOCO Advance(): ssiCount=1 localSsi=0
20260905 204422.411 INFO             PET1   SIMOCO Advance(): devCount=0 ssiLocalDevCount=0
20260905 204422.411 INFO             PET1   SIMOCO Advance(): petCount=4 ssiLocalPetCount=4
20260905 204422.411 INFO             PET1   SIMOCO Advance(): localPet=1 mypthid=139687642155968 ssiLocalPet=1 currentSsiPe=1
20260905 204422.411 INFO             PET1   SIMOCO Advance(): Current system level affinity pinning for local PET:
20260905 204422.411 INFO             PET1   SIMOCO Advance():  SSIPE=1
20260905 204422.411 INFO             PET1   SIMOCO Advance(): Current system level OMP_NUM_THREADS setting for local PET: 1
20260905 204422.411 INFO             PET1   SIMOCO Advance(): Current system level OMP_NUM_PROCS setting for local PET: 1
20260905 204422.411 INFO             PET1   SIMOCO Advance(): ESMF level logical PET->PE association (but consider system level affinity pinning!):
20260905 204422.411 INFO             PET1   SIMOCO Advance(): PET=0 lpid=0 tid=0 pid=0 peCount=1 accCount=0
20260905 204422.411 INFO             PET1   SIMOCO Advance():  PE=0 SSI=0 SSIPE=0
20260905 204422.411 INFO             PET1   SIMOCO Advance(): PET=1 lpid=1 tid=0 pid=1 peCount=1 accCount=0
20260905 204422.411 INFO             PET1   SIMOCO Advance():  PE=1 SSI=0 SSIPE=1
20260905 204422.411 INFO             PET1   SIMOCO Advance(): PET=2 lpid=2 tid=0 pid=2 peCount=1 accCount=0
20260905 204422.411 INFO             PET1   SIMOCO Advance():  PE=2 SSI=0 SSIPE=2
20260905 204422.411 INFO             PET1   SIMOCO Advance(): PET=3 lpid=3 tid=0 pid=3 peCount=1 accCount=0
20260905 204422.411 INFO             PET1   SIMOCO Advance():  PE=3 SSI=0 SSIPE=3
20260905 204422.411 INFO             PET1   SIMOCO Advance(): --- VMK::log() end ---------------------------------------
20260905 204422.411 INFO             PET1   ------>Advancing SIMOCO from: 2012 10 24 18 15  0   0
20260905 204422.411 INFO             PET1   ---------------------> to: 2012 10 24 18 20  0   0
20260905 204422.411 INFO             PET1   SIMOCO Advance(): --- VMK::log() start -------------------------------------
20260905 204422.411 INFO             PET1   SIMOCO Advance(): vm located at: 0x1585780
20260905 204422.411 INFO             PET1   SIMOCO Advance(): mpionly=1 threadsflag=0
20260905 204422.411 INFO             PET1   SIMOCO Advance(): ssiCount=1 localSsi=0
20260905 204422.411 INFO             PET1   SIMOCO Advance(): devCount=0 ssiLocalDevCount=0
20260905 204422.411 INFO             PET1   SIMOCO Advance(): petCount=4 ssiLocalPetCount=4
20260905 204422.411 INFO             PET1   SIMOCO Advance(): localPet=1 mypthid=139687642155968 ssiLocalPet=1 currentSsiPe=1
20260905 204422.411 INFO             PET1   SIMOCO Advance(): Current system level affinity pinning for local PET:
20260905 204422.411 INFO             PET1   SIMOCO Advance():  SSIPE=1
20260905 204422.411 INFO             PET1   SIMOCO Advance(): Current system level OMP_NUM_THREADS setting for local PET: 1
20260905 204422.411 INFO             PET1   SIMOCO Advance(): Current system level OMP_NUM_PROCS setting for local PET: 1
20260905 204422.411 INFO             PET1   SIMOCO Advance(): ESMF level logical PET->PE association (but consider system level affinity pinning!):
20260905 204422.411 INFO             PET1   SIMOCO Advance(): PET=0 lpid=0 tid=0 pid=0 peCount=1 accCount=0
20260905 204422.411 INFO             PET1   SIMOCO Advance():  PE=0 SSI=0 SSIPE=0
20260905 204422.411 INFO             PET1   SIMOCO Advance(): PET=1 lpid=1 tid=0 pid=1 peCount=1 accCount=0
20260905 204422.411 INFO             PET1   SIMOCO Advance():  PE=1 SSI=0 SSIPE=1
20260905 204422.411 INFO             PET1   SIMOCO Advance(): PET=2 lpid=2 tid=0 pid=2 peCount=1 accCount=0
20260905 204422.411 INFO             PET1   SIMOCO Advance():  PE=2 SSI=0 SSIPE=2
20260905 204422.411 INFO             PET1   SIMOCO Advance(): PET=3 lpid=3 tid=0 pid=3 peCount=1 accCount=0
20260905 204422.411 INFO             PET1   SIMOCO Advance():  PE=3 SSI=0 SSIPE=3
20260905 204422.411 INFO             PET1   SIMOCO Advance(): --- VMK::log() end ---------------------------------------
20260905 204422.411 INFO             PET1   ------>Advancing SIMOCO from: 2012 10 24 18 20  0   0
20260905 204422.411 INFO             PET1   ---------------------> to: 2012 10 24 18 25  0   0
20260905 204422.411 INFO             PET1   SIMOCO Advance(): --- VMK::log() start -------------------------------------
20260905 204422.411 INFO             PET1   SIMOCO Advance(): vm located at: 0x1585780
20260905 204422.411 INFO             PET1   SIMOCO Advance(): mpionly=1 threadsflag=0
20260905 204422.411 INFO             PET1   SIMOCO Advance(): ssiCount=1 localSsi=0
20260905 204422.411 INFO             PET1   SIMOCO Advance(): devCount=0 ssiLocalDevCount=0
20260905 204422.411 INFO             PET1   SIMOCO Advance(): petCount=4 ssiLocalPetCount=4
20260905 204422.411 INFO             PET1   SIMOCO Advance(): localPet=1 mypthid=139687642155968 ssiLocalPet=1 currentSsiPe=1
20260905 204422.411 INFO             PET1   SIMOCO Advance(): Current system level affinity pinning for local PET:
20260905 204422.411 INFO             PET1   SIMOCO Advance():  SSIPE=1
20260905 204422.411 INFO             PET1   SIMOCO Advance(): Current system level OMP_NUM_THREADS setting for local PET: 1
20260905 204422.411 INFO             PET1   SIMOCO Advance(): Current system level OMP_NUM_PROCS setting for local PET: 1
20260905 204422.411 INFO             PET1   SIMOCO Advance(): ESMF level logical PET->PE association (but consider system level affinity pinning!):
20260905 204422.411 INFO             PET1   SIMOCO Advance(): PET=0 lpid=0 tid=0 pid=0 peCount=1 accCount=0
20260905 204422.411 INFO             PET1   SIMOCO Advance():  PE=0 SSI=0 SSIPE=0
20260905 204422.411 INFO             PET1   SIMOCO Advance(): PET=1 lpid=1 tid=0 pid=1 peCount=1 accCount=0
20260905 204422.411 INFO             PET1   SIMOCO Advance():  PE=1 SSI=0 SSIPE=1
20260905 204422.411 INFO             PET1   SIMOCO Advance(): PET=2 lpid=2 tid=0 pid=2 peCount=1 accCount=0
20260905 204422.411 INFO             PET1   SIMOCO Advance():  PE=2 SSI=0 SSIPE=2
20260905 204422.411 INFO             PET1   SIMOCO Advance(): PET=3 lpid=3 tid=0 pid=3 peCount=1 accCount=0
20260905 204422.411 INFO             PET1   SIMOCO Advance():  PE=3 SSI=0 SSIPE=3
20260905 204422.411 INFO             PET1   SIMOCO Advance(): --- VMK::log() end ---------------------------------------
20260905 204422.411 INFO             PET1   ------>Advancing SIMOCO from: 2012 10 24 18 25  0   0
20260905 204422.411 INFO             PET1   ---------------------> to: 2012 10 24 18 30  0   0
20260905 204422.411 INFO             PET1   SIMOCO Advance(): --- VMK::log() start -------------------------------------
20260905 204422.411 INFO             PET1   SIMOCO Advance(): vm located at: 0x1585780
20260905 204422.411 INFO             PET1   SIMOCO Advance(): mpionly=1 threadsflag=0
20260905 204422.411 INFO             PET1   SIMOCO Advance(): ssiCount=1 localSsi=0
20260905 204422.411 INFO             PET1   SIMOCO Advance(): devCount=0 ssiLocalDevCount=0
20260905 204422.411 INFO             PET1   SIMOCO Advance(): petCount=4 ssiLocalPetCount=4
20260905 204422.411 INFO             PET1   SIMOCO Advance(): localPet=1 mypthid=139687642155968 ssiLocalPet=1 currentSsiPe=1
20260905 204422.411 INFO             PET1   SIMOCO Advance(): Current system level affinity pinning for local PET:
20260905 204422.411 INFO             PET1   SIMOCO Advance():  SSIPE=1
20260905 204422.411 INFO             PET1   SIMOCO Advance(): Current system level OMP_NUM_THREADS setting for local PET: 1
20260905 204422.411 INFO             PET1   SIMOCO Advance(): Current system level OMP_NUM_PROCS setting for local PET: 1
20260905 204422.411 INFO             PET1   SIMOCO Advance(): ESMF level logical PET->PE association (but consider system level affinity pinning!):
20260905 204422.411 INFO             PET1   SIMOCO Advance(): PET=0 lpid=0 tid=0 pid=0 peCount=1 accCount=0
20260905 204422.412 INFO             PET1   SIMOCO Advance():  PE=0 SSI=0 SSIPE=0
20260905 204422.412 INFO             PET1   SIMOCO Advance(): PET=1 lpid=1 tid=0 pid=1 peCount=1 accCount=0
20260905 204422.412 INFO             PET1   SIMOCO Advance():  PE=1 SSI=0 SSIPE=1
20260905 204422.412 INFO             PET1   SIMOCO Advance(): PET=2 lpid=2 tid=0 pid=2 peCount=1 accCount=0
20260905 204422.412 INFO             PET1   SIMOCO Advance():  PE=2 SSI=0 SSIPE=2
20260905 204422.412 INFO             PET1   SIMOCO Advance(): PET=3 lpid=3 tid=0 pid=3 peCount=1 accCount=0
20260905 204422.412 INFO             PET1   SIMOCO Advance():  PE=3 SSI=0 SSIPE=3
20260905 204422.412 INFO             PET1   SIMOCO Advance(): --- VMK::log() end ---------------------------------------
20260905 204422.412 INFO             PET1   ------>Advancing SIMOCO from: 2012 10 24 18 30  0   0
20260905 204422.412 INFO             PET1   ---------------------> to: 2012 10 24 18 35  0   0
20260905 204422.412 INFO             PET1   SIMOCO Advance(): --- VMK::log() start -------------------------------------
20260905 204422.412 INFO             PET1   SIMOCO Advance(): vm located at: 0x1585780
20260905 204422.412 INFO             PET1   SIMOCO Advance(): mpionly=1 threadsflag=0
20260905 204422.412 INFO             PET1   SIMOCO Advance(): ssiCount=1 localSsi=0
20260905 204422.412 INFO             PET1   SIMOCO Advance(): devCount=0 ssiLocalDevCount=0
20260905 204422.412 INFO             PET1   SIMOCO Advance(): petCount=4 ssiLocalPetCount=4
20260905 204422.412 INFO             PET1   SIMOCO Advance(): localPet=1 mypthid=139687642155968 ssiLocalPet=1 currentSsiPe=1
20260905 204422.412 INFO             PET1   SIMOCO Advance(): Current system level affinity pinning for local PET:
20260905 204422.412 INFO             PET1   SIMOCO Advance():  SSIPE=1
20260905 204422.412 INFO             PET1   SIMOCO Advance(): Current system level OMP_NUM_THREADS setting for local PET: 1
20260905 204422.412 INFO             PET1   SIMOCO Advance(): Current system level OMP_NUM_PROCS setting for local PET: 1
20260905 204422.412 INFO             PET1   SIMOCO Advance(): ESMF level logical PET->PE association (but consider system level affinity pinning!):
20260905 204422.412 INFO             PET1   SIMOCO Advance(): PET=0 lpid=0 tid=0 pid=0 peCount=1 accCount=0
20260905 204422.412 INFO             PET1   SIMOCO Advance():  PE=0 SSI=0 SSIPE=0
20260905 204422.412 INFO             PET1   SIMOCO Advance(): PET=1 lpid=1 tid=0 pid=1 peCount=1 accCount=0
20260905 204422.412 INFO             PET1   SIMOCO Advance():  PE=1 SSI=0 SSIPE=1
20260905 204422.412 INFO             PET1   SIMOCO Advance(): PET=2 lpid=2 tid=0 pid=2 peCount=1 accCount=0
20260905 204422.412 INFO             PET1   SIMOCO Advance():  PE=2 SSI=0 SSIPE=2
20260905 204422.412 INFO             PET1   SIMOCO Advance(): PET=3 lpid=3 tid=0 pid=3 peCount=1 accCount=0
20260905 204422.412 INFO             PET1   SIMOCO Advance():  PE=3 SSI=0 SSIPE=3
20260905 204422.412 INFO             PET1   SIMOCO Advance(): --- VMK::log() end ---------------------------------------
20260905 204422.412 INFO             PET1   ------>Advancing SIMOCO from: 2012 10 24 18 35  0   0
20260905 204422.412 INFO             PET1   ---------------------> to: 2012 10 24 18 40  0   0
20260905 204422.412 INFO             PET1   SIMOCO Advance(): --- VMK::log() start -------------------------------------
20260905 204422.412 INFO             PET1   SIMOCO Advance(): vm located at: 0x1585780
20260905 204422.412 INFO             PET1   SIMOCO Advance(): mpionly=1 threadsflag=0
20260905 204422.412 INFO             PET1   SIMOCO Advance(): ssiCount=1 localSsi=0
20260905 204422.412 INFO             PET1   SIMOCO Advance(): devCount=0 ssiLocalDevCount=0
20260905 204422.412 INFO             PET1   SIMOCO Advance(): petCount=4 ssiLocalPetCount=4
20260905 204422.412 INFO             PET1   SIMOCO Advance(): localPet=1 mypthid=139687642155968 ssiLocalPet=1 currentSsiPe=1
20260905 204422.412 INFO             PET1   SIMOCO Advance(): Current system level affinity pinning for local PET:
20260905 204422.412 INFO             PET1   SIMOCO Advance():  SSIPE=1
20260905 204422.412 INFO             PET1   SIMOCO Advance(): Current system level OMP_NUM_THREADS setting for local PET: 1
20260905 204422.412 INFO             PET1   SIMOCO Advance(): Current system level OMP_NUM_PROCS setting for local PET: 1
20260905 204422.412 INFO             PET1   SIMOCO Advance(): ESMF level logical PET->PE association (but consider system level affinity pinning!):
20260905 204422.412 INFO             PET1   SIMOCO Advance(): PET=0 lpid=0 tid=0 pid=0 peCount=1 accCount=0
20260905 204422.412 INFO             PET1   SIMOCO Advance():  PE=0 SSI=0 SSIPE=0
20260905 204422.412 INFO             PET1   SIMOCO Advance(): PET=1 lpid=1 tid=0 pid=1 peCount=1 accCount=0
20260905 204422.412 INFO             PET1   SIMOCO Advance():  PE=1 SSI=0 SSIPE=1
20260905 204422.412 INFO             PET1   SIMOCO Advance(): PET=2 lpid=2 tid=0 pid=2 peCount=1 accCount=0
20260905 204422.412 INFO             PET1   SIMOCO Advance():  PE=2 SSI=0 SSIPE=2
20260905 204422.412 INFO             PET1   SIMOCO Advance(): PET=3 lpid=3 tid=0 pid=3 peCount=1 accCount=0
20260905 204422.412 INFO             PET1   SIMOCO Advance():  PE=3 SSI=0 SSIPE=3
20260905 204422.412 INFO             PET1   SIMOCO Advance(): --- VMK::log() end ---------------------------------------
20260905 204422.412 INFO             PET1   ------>Advancing SIMOCO from: 2012 10 24 18 40  0   0
20260905 204422.412 INFO             PET1   ---------------------> to: 2012 10 24 18 45  0   0
20260905 204422.412 INFO             PET1   SIMOCO Advance(): --- VMK::log() start -------------------------------------
20260905 204422.412 INFO             PET1   SIMOCO Advance(): vm located at: 0x1585780
20260905 204422.412 INFO             PET1   SIMOCO Advance(): mpionly=1 threadsflag=0
20260905 204422.412 INFO             PET1   SIMOCO Advance(): ssiCount=1 localSsi=0
20260905 204422.412 INFO             PET1   SIMOCO Advance(): devCount=0 ssiLocalDevCount=0
20260905 204422.412 INFO             PET1   SIMOCO Advance(): petCount=4 ssiLocalPetCount=4
20260905 204422.412 INFO             PET1   SIMOCO Advance(): localPet=1 mypthid=139687642155968 ssiLocalPet=1 currentSsiPe=1
20260905 204422.412 INFO             PET1   SIMOCO Advance(): Current system level affinity pinning for local PET:
20260905 204422.412 INFO             PET1   SIMOCO Advance():  SSIPE=1
20260905 204422.412 INFO             PET1   SIMOCO Advance(): Current system level OMP_NUM_THREADS setting for local PET: 1
20260905 204422.412 INFO             PET1   SIMOCO Advance(): Current system level OMP_NUM_PROCS setting for local PET: 1
20260905 204422.412 INFO             PET1   SIMOCO Advance(): ESMF level logical PET->PE association (but consider system level affinity pinning!):
20260905 204422.412 INFO             PET1   SIMOCO Advance(): PET=0 lpid=0 tid=0 pid=0 peCount=1 accCount=0
20260905 204422.412 INFO             PET1   SIMOCO Advance():  PE=0 SSI=0 SSIPE=0
20260905 204422.412 INFO             PET1   SIMOCO Advance(): PET=1 lpid=1 tid=0 pid=1 peCount=1 accCount=0
20260905 204422.412 INFO             PET1   SIMOCO Advance():  PE=1 SSI=0 SSIPE=1
20260905 204422.412 INFO             PET1   SIMOCO Advance(): PET=2 lpid=2 tid=0 pid=2 peCount=1 accCount=0
20260905 204422.412 INFO             PET1   SIMOCO Advance():  PE=2 SSI=0 SSIPE=2
20260905 204422.412 INFO             PET1   SIMOCO Advance(): PET=3 lpid=3 tid=0 pid=3 peCount=1 accCount=0
20260905 204422.412 INFO             PET1   SIMOCO Advance():  PE=3 SSI=0 SSIPE=3
20260905 204422.412 INFO             PET1   SIMOCO Advance(): --- VMK::log() end ---------------------------------------
20260905 204422.412 INFO             PET1   ------>Advancing SIMOCO from: 2012 10 24 18 45  0   0
20260905 204422.412 INFO             PET1   ---------------------> to: 2012 10 24 18 50  0   0
20260905 204422.412 INFO             PET1   SIMOCO Advance(): --- VMK::log() start -------------------------------------
20260905 204422.412 INFO             PET1   SIMOCO Advance(): vm located at: 0x1585780
20260905 204422.412 INFO             PET1   SIMOCO Advance(): mpionly=1 threadsflag=0
20260905 204422.412 INFO             PET1   SIMOCO Advance(): ssiCount=1 localSsi=0
20260905 204422.412 INFO             PET1   SIMOCO Advance(): devCount=0 ssiLocalDevCount=0
20260905 204422.412 INFO             PET1   SIMOCO Advance(): petCount=4 ssiLocalPetCount=4
20260905 204422.412 INFO             PET1   SIMOCO Advance(): localPet=1 mypthid=139687642155968 ssiLocalPet=1 currentSsiPe=1
20260905 204422.412 INFO             PET1   SIMOCO Advance(): Current system level affinity pinning for local PET:
20260905 204422.412 INFO             PET1   SIMOCO Advance():  SSIPE=1
20260905 204422.412 INFO             PET1   SIMOCO Advance(): Current system level OMP_NUM_THREADS setting for local PET: 1
20260905 204422.412 INFO             PET1   SIMOCO Advance(): Current system level OMP_NUM_PROCS setting for local PET: 1
20260905 204422.412 INFO             PET1   SIMOCO Advance(): ESMF level logical PET->PE association (but consider system level affinity pinning!):
20260905 204422.412 INFO             PET1   SIMOCO Advance(): PET=0 lpid=0 tid=0 pid=0 peCount=1 accCount=0
20260905 204422.412 INFO             PET1   SIMOCO Advance():  PE=0 SSI=0 SSIPE=0
20260905 204422.412 INFO             PET1   SIMOCO Advance(): PET=1 lpid=1 tid=0 pid=1 peCount=1 accCount=0
20260905 204422.412 INFO             PET1   SIMOCO Advance():  PE=1 SSI=0 SSIPE=1
20260905 204422.412 INFO             PET1   SIMOCO Advance(): PET=2 lpid=2 tid=0 pid=2 peCount=1 accCount=0
20260905 204422.412 INFO             PET1   SIMOCO Advance():  PE=2 SSI=0 SSIPE=2
20260905 204422.412 INFO             PET1   SIMOCO Advance(): PET=3 lpid=3 tid=0 pid=3 peCount=1 accCount=0
20260905 204422.412 INFO             PET1   SIMOCO Advance():  PE=3 SSI=0 SSIPE=3
20260905 204422.412 INFO             PET1   SIMOCO Advance(): --- VMK::log() end ---------------------------------------
20260905 204422.412 INFO             PET1   ------>Advancing SIMOCO from: 2012 10 24 18 50  0   0
20260905 204422.412 INFO             PET1   ---------------------> to: 2012 10 24 18 55  0   0
20260905 204422.412 INFO             PET1   SIMOCO Advance(): --- VMK::log() start -------------------------------------
20260905 204422.412 INFO             PET1   SIMOCO Advance(): vm located at: 0x1585780
20260905 204422.412 INFO             PET1   SIMOCO Advance(): mpionly=1 threadsflag=0
20260905 204422.412 INFO             PET1   SIMOCO Advance(): ssiCount=1 localSsi=0
20260905 204422.412 INFO             PET1   SIMOCO Advance(): devCount=0 ssiLocalDevCount=0
20260905 204422.412 INFO             PET1   SIMOCO Advance(): petCount=4 ssiLocalPetCount=4
20260905 204422.412 INFO             PET1   SIMOCO Advance(): localPet=1 mypthid=139687642155968 ssiLocalPet=1 currentSsiPe=1
20260905 204422.412 INFO             PET1   SIMOCO Advance(): Current system level affinity pinning for local PET:
20260905 204422.412 INFO             PET1   SIMOCO Advance():  SSIPE=1
20260905 204422.412 INFO             PET1   SIMOCO Advance(): Current system level OMP_NUM_THREADS setting for local PET: 1
20260905 204422.412 INFO             PET1   SIMOCO Advance(): Current system level OMP_NUM_PROCS setting for local PET: 1
20260905 204422.412 INFO             PET1   SIMOCO Advance(): ESMF level logical PET->PE association (but consider system level affinity pinning!):
20260905 204422.412 INFO             PET1   SIMOCO Advance(): PET=0 lpid=0 tid=0 pid=0 peCount=1 accCount=0
20260905 204422.412 INFO             PET1   SIMOCO Advance():  PE=0 SSI=0 SSIPE=0
20260905 204422.412 INFO             PET1   SIMOCO Advance(): PET=1 lpid=1 tid=0 pid=1 peCount=1 accCount=0
20260905 204422.412 INFO             PET1   SIMOCO Advance():  PE=1 SSI=0 SSIPE=1
20260905 204422.412 INFO             PET1   SIMOCO Advance(): PET=2 lpid=2 tid=0 pid=2 peCount=1 accCount=0
20260905 204422.412 INFO             PET1   SIMOCO Advance():  PE=2 SSI=0 SSIPE=2
20260905 204422.412 INFO             PET1   SIMOCO Advance(): PET=3 lpid=3 tid=0 pid=3 peCount=1 accCount=0
20260905 204422.412 INFO             PET1   SIMOCO Advance():  PE=3 SSI=0 SSIPE=3
20260905 204422.412 INFO             PET1   SIMOCO Advance(): --- VMK::log() end ---------------------------------------
20260905 204422.412 INFO             PET1   ------>Advancing SIMOCO from: 2012 10 24 18 55  0   0
20260905 204422.412 INFO             PET1   ---------------------> to: 2012 10 24 19  0  0   0
20260905 204422.412 INFO             PET1   <<<ESMX_Driver: leaving Run (phase=RunPhase1) with current time: 2012 10 24 19  0  0   0
20260905 204422.412 INFO             PET1 ESMX_Driver: Run extro.
20260905 204422.412 INFO             PET1 ESMX_Driver: Finalize intro.
20260905 204422.412 INFO             PET1   >>>ESMX_Driver: entered Finalize (phase=FinalizePhase1) with current time: 2012 10 24 19  0  0   0
20260905 204422.412 INFO             PET1   Calling Finalize phase 1 for modelComp: MDL
20260905 204422.413 INFO             PET1   Delete modelComp: MDL
20260905 204422.413 INFO             PET1   <<<ESMX_Driver: leaving Finalize (phase=FinalizePhase1) with current time: 2012 10 24 19  0  0   0
20260905 204422.413 INFO             PET1 ESMX_Driver: Finalize extro.
20260905 204422.413 INFO             PET1 =============================================
20260905 204422.413 INFO             PET1 ESMX (Earth System Model eXecutable) FINISHED
20260905 204422.413 INFO             PET1 =============================================
20260905 204422.413 INFO             PET1  Finalizing ESMF
20260905 204422.323 INFO             PET2 !!!!!!!!!!!!!!!!!!!!!!!!!!!!!!!!!!!!!!!!!!!!!!!!!!!!!!
20260905 204422.323 INFO             PET2 !!! THE ESMF_LOG IS SET TO OUTPUT ALL LOG MESSAGES !!!
20260905 204422.323 INFO             PET2 !!!     THIS MAY CAUSE SLOWDOWN IN PERFORMANCE     !!!
20260905 204422.323 INFO             PET2 !!! FOR PRODUCTION RUNS, USE:                      !!!
20260905 204422.323 INFO             PET2 !!!                   ESMF_LOGKIND_Multi_On_Error  !!!
20260905 204422.323 INFO             PET2 !!!!!!!!!!!!!!!!!!!!!!!!!!!!!!!!!!!!!!!!!!!!!!!!!!!!!!
20260905 204422.323 INFO             PET2 Running with ESMF Version   : develop+g4161bf9d44
20260905 204422.323 INFO             PET2 ESMF library build date/time: "Sep  5 2026" "20:14:00"
20260905 204422.323 INFO             PET2 ESMF library build location : /home/gerhard/ESMF-Nightly-Testing/gfortran_7.4.0_mpich_g_develop/esmf
20260905 204422.323 INFO             PET2 ESMF_COMM                   : mpich
20260905 204422.323 INFO             PET2 ESMF_MOAB                   : enabled
20260905 204422.323 INFO             PET2 ESMF_LAPACK                 : enabled
20260905 204422.323 INFO             PET2 ESMF_NETCDF                 : enabled
20260905 204422.323 INFO             PET2 ESMF_PNETCDF                : disabled
20260905 204422.323 INFO             PET2 ESMF_PIO                    : enabled
20260905 204422.323 INFO             PET2 ESMF_YAMLCPP                : enabled
20260905 204422.327 INFO             PET2 =============================================
20260905 204422.327 INFO             PET2 ESMX (Earth System Model eXecutable) STARTING
20260905 204422.327 INFO             PET2 =============================================
20260905 204422.340 DEBUG            PET2 Generic SetVM() is executing for: ESMX_Driver
20260905 204422.340 DEBUG            PET2 Generic SetVM() found no NUOPC Hint for: ESMX_Driver
20260905 204422.340 DEBUG            PET2 Generic SetVM() therefore is NOT calling ESMF_GridCompSetVMMaxPEs() for: ESMX_Driver
20260905 204422.345 INFO             PET2 ESMX_Driver: InitializeGeneric intro.
20260905 204422.345 INFO             PET2   >>>ESMX_Driver: entered Initialize (phase=<none>) without valid internal Clock.
20260905 204422.346 INFO             PET2   ESMX_Driver: InitializeP0 intro.
20260905 204422.346 INFO             PET2     >>>ESMX_Driver: entered Initialize (phase=<none>) without valid internal Clock.
20260905 204422.346 INFO             PET2     <<<ESMX_Driver: leaving Initialize (phase=<none>) without valid internal Clock.
20260905 204422.346 INFO             PET2   ESMX_Driver: InitializeP0 extro.
20260905 204422.346 INFO             PET2   ESMX_Driver: InitializeIPDv02p1 intro.
20260905 204422.346 INFO             PET2     >>>ESMX_Driver: entered Initialize (phase=<none>) without valid internal Clock.
20260905 204422.353 INFO             PET2     ESMX_Driver - Creating model component MDL without petList.
20260905 204422.354 DEBUG            PET2     Generic SetVM() is executing for: MDL
20260905 204422.365 INFO             PET2     ESMX_Driver: IInitAdvertise intro.
20260905 204422.365 INFO             PET2       >>>ESMX_Driver: entered Initialize (phase=<none>) with current time: 2012 10 24 18  0  0   0
20260905 204422.365 INFO             PET2       <<<ESMX_Driver: leaving Initialize (phase=<none>) with current time: 2012 10 24 18  0  0   0
20260905 204422.365 INFO             PET2     ESMX_Driver: IInitAdvertise extro.
20260905 204422.368 INFO             PET2     ESMX_Driver: IInitAdvertiseFinish intro.
20260905 204422.368 INFO             PET2       >>>ESMX_Driver: entered Initialize (phase=<none>) with current time: 2012 10 24 18  0  0   0
20260905 204422.368 INFO             PET2       <<<ESMX_Driver: leaving Initialize (phase=<none>) with current time: 2012 10 24 18  0  0   0
20260905 204422.368 INFO             PET2     ESMX_Driver: IInitAdvertiseFinish extro.
20260905 204422.368 INFO             PET2     ESMX_Driver: IInitModifyCplLists intro.
20260905 204422.368 INFO             PET2       >>>ESMX_Driver: entered Initialize (phase=<none>) with current time: 2012 10 24 18  0  0   0
20260905 204422.368 INFO             PET2       <<<ESMX_Driver: leaving Initialize (phase=<none>) with current time: 2012 10 24 18  0  0   0
20260905 204422.368 INFO             PET2     ESMX_Driver: IInitModifyCplLists extro.
20260905 204422.369 INFO             PET2     <<<ESMX_Driver: leaving Initialize (phase=<none>) with current time: 2012 10 24 18  0  0   0
20260905 204422.369 INFO             PET2   ESMX_Driver: InitializeIPDv02p1 extro.
20260905 204422.369 INFO             PET2   ESMX_Driver: InitializeIPDv02p3 intro.
20260905 204422.369 INFO             PET2     >>>ESMX_Driver: entered Initialize (phase=<none>) with current time: 2012 10 24 18  0  0   0
20260905 204422.369 INFO             PET2     ESMX_Driver: IInitCheck intro.
20260905 204422.369 INFO             PET2       >>>ESMX_Driver: entered Initialize (phase=<none>) with current time: 2012 10 24 18  0  0   0
20260905 204422.369 INFO             PET2       <<<ESMX_Driver: leaving Initialize (phase=<none>) with current time: 2012 10 24 18  0  0   0
20260905 204422.369 INFO             PET2     ESMX_Driver: IInitCheck extro.
20260905 204422.408 INFO             PET2     ESMX_Driver: IInitRealize intro.
20260905 204422.408 INFO             PET2       >>>ESMX_Driver: entered Initialize (phase=<none>) with current time: 2012 10 24 18  0  0   0
20260905 204422.408 INFO             PET2       <<<ESMX_Driver: leaving Initialize (phase=<none>) with current time: 2012 10 24 18  0  0   0
20260905 204422.408 INFO             PET2     ESMX_Driver: IInitRealize extro.
20260905 204422.408 INFO             PET2     <<<ESMX_Driver: leaving Initialize (phase=<none>) with current time: 2012 10 24 18  0  0   0
20260905 204422.408 INFO             PET2   ESMX_Driver: InitializeIPDv02p3 extro.
20260905 204422.408 INFO             PET2   ESMX_Driver: InitializeIPDv02p5 intro.
20260905 204422.408 INFO             PET2     >>>ESMX_Driver: entered Initialize (phase=<none>) with current time: 2012 10 24 18  0  0   0
20260905 204422.409 INFO             PET2     ESMX_Driver: InitializeIPDv02p5Data intro.
20260905 204422.409 INFO             PET2       >>>ESMX_Driver: entered Initialize (phase=<none>) with current time: 2012 10 24 18  0  0   0
20260905 204422.409 INFO             PET2       ESMX_Driver: InternalInitializeComplete intro.
20260905 204422.409 INFO             PET2         >>>ESMX_Driver: entered Initialize (phase=<none>) with current time: 2012 10 24 18  0  0   0
20260905 204422.409 INFO             PET2         <<<ESMX_Driver: leaving Initialize (phase=<none>) with current time: 2012 10 24 18  0  0   0
20260905 204422.409 INFO             PET2       ESMX_Driver: InternalInitializeComplete extro.
20260905 204422.410 INFO             PET2       ESMX_Driver: loopDataDependentInitialize intro.
20260905 204422.410 INFO             PET2         >>>ESMX_Driver: entered Initialize (phase=<none>) with current time: 2012 10 24 18  0  0   0
20260905 204422.410 INFO             PET2         <<<ESMX_Driver: leaving Initialize (phase=<none>) with current time: 2012 10 24 18  0  0   0
20260905 204422.410 INFO             PET2       ESMX_Driver: loopDataDependentInitialize extro.
20260905 204422.410 INFO             PET2       <<<ESMX_Driver: leaving Initialize (phase=<none>) with current time: 2012 10 24 18  0  0   0
20260905 204422.410 INFO             PET2     ESMX_Driver: InitializeIPDv02p5Data extro.
20260905 204422.410 INFO             PET2     <<<ESMX_Driver: leaving Initialize (phase=<none>) with current time: 2012 10 24 18  0  0   0
20260905 204422.410 INFO             PET2   ESMX_Driver: InitializeIPDv02p5 extro.
20260905 204422.410 INFO             PET2   <<<ESMX_Driver: leaving Initialize (phase=<none>) with current time: 2012 10 24 18  0  0   0
20260905 204422.410 INFO             PET2 ESMX_Driver: InitializeGeneric extro.
20260905 204422.410 INFO             PET2 ESMX_Driver: Run intro.
20260905 204422.410 INFO             PET2   >>>ESMX_Driver: entered Run (phase=RunPhase1) with current time: 2012 10 24 18  0  0   0
20260905 204422.411 INFO             PET2   SIMOCO Advance(): --- VMK::log() start -------------------------------------
20260905 204422.411 INFO             PET2   SIMOCO Advance(): vm located at: 0x1fdf780
20260905 204422.411 INFO             PET2   SIMOCO Advance(): mpionly=1 threadsflag=0
20260905 204422.411 INFO             PET2   SIMOCO Advance(): ssiCount=1 localSsi=0
20260905 204422.411 INFO             PET2   SIMOCO Advance(): devCount=0 ssiLocalDevCount=0
20260905 204422.411 INFO             PET2   SIMOCO Advance(): petCount=4 ssiLocalPetCount=4
20260905 204422.411 INFO             PET2   SIMOCO Advance(): localPet=2 mypthid=139992654764992 ssiLocalPet=2 currentSsiPe=2
20260905 204422.411 INFO             PET2   SIMOCO Advance(): Current system level affinity pinning for local PET:
20260905 204422.411 INFO             PET2   SIMOCO Advance():  SSIPE=2
20260905 204422.411 INFO             PET2   SIMOCO Advance(): Current system level OMP_NUM_THREADS setting for local PET: 1
20260905 204422.411 INFO             PET2   SIMOCO Advance(): Current system level OMP_NUM_PROCS setting for local PET: 1
20260905 204422.411 INFO             PET2   SIMOCO Advance(): ESMF level logical PET->PE association (but consider system level affinity pinning!):
20260905 204422.411 INFO             PET2   SIMOCO Advance(): PET=0 lpid=0 tid=0 pid=0 peCount=1 accCount=0
20260905 204422.411 INFO             PET2   SIMOCO Advance():  PE=0 SSI=0 SSIPE=0
20260905 204422.411 INFO             PET2   SIMOCO Advance(): PET=1 lpid=1 tid=0 pid=1 peCount=1 accCount=0
20260905 204422.411 INFO             PET2   SIMOCO Advance():  PE=1 SSI=0 SSIPE=1
20260905 204422.411 INFO             PET2   SIMOCO Advance(): PET=2 lpid=2 tid=0 pid=2 peCount=1 accCount=0
20260905 204422.411 INFO             PET2   SIMOCO Advance():  PE=2 SSI=0 SSIPE=2
20260905 204422.411 INFO             PET2   SIMOCO Advance(): PET=3 lpid=3 tid=0 pid=3 peCount=1 accCount=0
20260905 204422.411 INFO             PET2   SIMOCO Advance():  PE=3 SSI=0 SSIPE=3
20260905 204422.411 INFO             PET2   SIMOCO Advance(): --- VMK::log() end ---------------------------------------
20260905 204422.411 INFO             PET2   ------>Advancing SIMOCO from: 2012 10 24 18  0  0   0
20260905 204422.411 INFO             PET2   ---------------------> to: 2012 10 24 18  5  0   0
20260905 204422.411 INFO             PET2   SIMOCO Advance(): --- VMK::log() start -------------------------------------
20260905 204422.411 INFO             PET2   SIMOCO Advance(): vm located at: 0x1fdf780
20260905 204422.411 INFO             PET2   SIMOCO Advance(): mpionly=1 threadsflag=0
20260905 204422.411 INFO             PET2   SIMOCO Advance(): ssiCount=1 localSsi=0
20260905 204422.411 INFO             PET2   SIMOCO Advance(): devCount=0 ssiLocalDevCount=0
20260905 204422.411 INFO             PET2   SIMOCO Advance(): petCount=4 ssiLocalPetCount=4
20260905 204422.411 INFO             PET2   SIMOCO Advance(): localPet=2 mypthid=139992654764992 ssiLocalPet=2 currentSsiPe=2
20260905 204422.411 INFO             PET2   SIMOCO Advance(): Current system level affinity pinning for local PET:
20260905 204422.411 INFO             PET2   SIMOCO Advance():  SSIPE=2
20260905 204422.411 INFO             PET2   SIMOCO Advance(): Current system level OMP_NUM_THREADS setting for local PET: 1
20260905 204422.411 INFO             PET2   SIMOCO Advance(): Current system level OMP_NUM_PROCS setting for local PET: 1
20260905 204422.411 INFO             PET2   SIMOCO Advance(): ESMF level logical PET->PE association (but consider system level affinity pinning!):
20260905 204422.411 INFO             PET2   SIMOCO Advance(): PET=0 lpid=0 tid=0 pid=0 peCount=1 accCount=0
20260905 204422.411 INFO             PET2   SIMOCO Advance():  PE=0 SSI=0 SSIPE=0
20260905 204422.411 INFO             PET2   SIMOCO Advance(): PET=1 lpid=1 tid=0 pid=1 peCount=1 accCount=0
20260905 204422.411 INFO             PET2   SIMOCO Advance():  PE=1 SSI=0 SSIPE=1
20260905 204422.411 INFO             PET2   SIMOCO Advance(): PET=2 lpid=2 tid=0 pid=2 peCount=1 accCount=0
20260905 204422.411 INFO             PET2   SIMOCO Advance():  PE=2 SSI=0 SSIPE=2
20260905 204422.411 INFO             PET2   SIMOCO Advance(): PET=3 lpid=3 tid=0 pid=3 peCount=1 accCount=0
20260905 204422.411 INFO             PET2   SIMOCO Advance():  PE=3 SSI=0 SSIPE=3
20260905 204422.411 INFO             PET2   SIMOCO Advance(): --- VMK::log() end ---------------------------------------
20260905 204422.411 INFO             PET2   ------>Advancing SIMOCO from: 2012 10 24 18  5  0   0
20260905 204422.411 INFO             PET2   ---------------------> to: 2012 10 24 18 10  0   0
20260905 204422.411 INFO             PET2   SIMOCO Advance(): --- VMK::log() start -------------------------------------
20260905 204422.411 INFO             PET2   SIMOCO Advance(): vm located at: 0x1fdf780
20260905 204422.411 INFO             PET2   SIMOCO Advance(): mpionly=1 threadsflag=0
20260905 204422.411 INFO             PET2   SIMOCO Advance(): ssiCount=1 localSsi=0
20260905 204422.411 INFO             PET2   SIMOCO Advance(): devCount=0 ssiLocalDevCount=0
20260905 204422.411 INFO             PET2   SIMOCO Advance(): petCount=4 ssiLocalPetCount=4
20260905 204422.411 INFO             PET2   SIMOCO Advance(): localPet=2 mypthid=139992654764992 ssiLocalPet=2 currentSsiPe=2
20260905 204422.411 INFO             PET2   SIMOCO Advance(): Current system level affinity pinning for local PET:
20260905 204422.411 INFO             PET2   SIMOCO Advance():  SSIPE=2
20260905 204422.411 INFO             PET2   SIMOCO Advance(): Current system level OMP_NUM_THREADS setting for local PET: 1
20260905 204422.411 INFO             PET2   SIMOCO Advance(): Current system level OMP_NUM_PROCS setting for local PET: 1
20260905 204422.411 INFO             PET2   SIMOCO Advance(): ESMF level logical PET->PE association (but consider system level affinity pinning!):
20260905 204422.411 INFO             PET2   SIMOCO Advance(): PET=0 lpid=0 tid=0 pid=0 peCount=1 accCount=0
20260905 204422.411 INFO             PET2   SIMOCO Advance():  PE=0 SSI=0 SSIPE=0
20260905 204422.411 INFO             PET2   SIMOCO Advance(): PET=1 lpid=1 tid=0 pid=1 peCount=1 accCount=0
20260905 204422.411 INFO             PET2   SIMOCO Advance():  PE=1 SSI=0 SSIPE=1
20260905 204422.411 INFO             PET2   SIMOCO Advance(): PET=2 lpid=2 tid=0 pid=2 peCount=1 accCount=0
20260905 204422.411 INFO             PET2   SIMOCO Advance():  PE=2 SSI=0 SSIPE=2
20260905 204422.411 INFO             PET2   SIMOCO Advance(): PET=3 lpid=3 tid=0 pid=3 peCount=1 accCount=0
20260905 204422.411 INFO             PET2   SIMOCO Advance():  PE=3 SSI=0 SSIPE=3
20260905 204422.411 INFO             PET2   SIMOCO Advance(): --- VMK::log() end ---------------------------------------
20260905 204422.411 INFO             PET2   ------>Advancing SIMOCO from: 2012 10 24 18 10  0   0
20260905 204422.411 INFO             PET2   ---------------------> to: 2012 10 24 18 15  0   0
20260905 204422.411 INFO             PET2   SIMOCO Advance(): --- VMK::log() start -------------------------------------
20260905 204422.411 INFO             PET2   SIMOCO Advance(): vm located at: 0x1fdf780
20260905 204422.411 INFO             PET2   SIMOCO Advance(): mpionly=1 threadsflag=0
20260905 204422.411 INFO             PET2   SIMOCO Advance(): ssiCount=1 localSsi=0
20260905 204422.411 INFO             PET2   SIMOCO Advance(): devCount=0 ssiLocalDevCount=0
20260905 204422.411 INFO             PET2   SIMOCO Advance(): petCount=4 ssiLocalPetCount=4
20260905 204422.411 INFO             PET2   SIMOCO Advance(): localPet=2 mypthid=139992654764992 ssiLocalPet=2 currentSsiPe=2
20260905 204422.411 INFO             PET2   SIMOCO Advance(): Current system level affinity pinning for local PET:
20260905 204422.411 INFO             PET2   SIMOCO Advance():  SSIPE=2
20260905 204422.411 INFO             PET2   SIMOCO Advance(): Current system level OMP_NUM_THREADS setting for local PET: 1
20260905 204422.411 INFO             PET2   SIMOCO Advance(): Current system level OMP_NUM_PROCS setting for local PET: 1
20260905 204422.411 INFO             PET2   SIMOCO Advance(): ESMF level logical PET->PE association (but consider system level affinity pinning!):
20260905 204422.411 INFO             PET2   SIMOCO Advance(): PET=0 lpid=0 tid=0 pid=0 peCount=1 accCount=0
20260905 204422.411 INFO             PET2   SIMOCO Advance():  PE=0 SSI=0 SSIPE=0
20260905 204422.411 INFO             PET2   SIMOCO Advance(): PET=1 lpid=1 tid=0 pid=1 peCount=1 accCount=0
20260905 204422.411 INFO             PET2   SIMOCO Advance():  PE=1 SSI=0 SSIPE=1
20260905 204422.411 INFO             PET2   SIMOCO Advance(): PET=2 lpid=2 tid=0 pid=2 peCount=1 accCount=0
20260905 204422.411 INFO             PET2   SIMOCO Advance():  PE=2 SSI=0 SSIPE=2
20260905 204422.411 INFO             PET2   SIMOCO Advance(): PET=3 lpid=3 tid=0 pid=3 peCount=1 accCount=0
20260905 204422.411 INFO             PET2   SIMOCO Advance():  PE=3 SSI=0 SSIPE=3
20260905 204422.411 INFO             PET2   SIMOCO Advance(): --- VMK::log() end ---------------------------------------
20260905 204422.411 INFO             PET2   ------>Advancing SIMOCO from: 2012 10 24 18 15  0   0
20260905 204422.411 INFO             PET2   ---------------------> to: 2012 10 24 18 20  0   0
20260905 204422.411 INFO             PET2   SIMOCO Advance(): --- VMK::log() start -------------------------------------
20260905 204422.411 INFO             PET2   SIMOCO Advance(): vm located at: 0x1fdf780
20260905 204422.411 INFO             PET2   SIMOCO Advance(): mpionly=1 threadsflag=0
20260905 204422.411 INFO             PET2   SIMOCO Advance(): ssiCount=1 localSsi=0
20260905 204422.411 INFO             PET2   SIMOCO Advance(): devCount=0 ssiLocalDevCount=0
20260905 204422.411 INFO             PET2   SIMOCO Advance(): petCount=4 ssiLocalPetCount=4
20260905 204422.411 INFO             PET2   SIMOCO Advance(): localPet=2 mypthid=139992654764992 ssiLocalPet=2 currentSsiPe=2
20260905 204422.411 INFO             PET2   SIMOCO Advance(): Current system level affinity pinning for local PET:
20260905 204422.411 INFO             PET2   SIMOCO Advance():  SSIPE=2
20260905 204422.411 INFO             PET2   SIMOCO Advance(): Current system level OMP_NUM_THREADS setting for local PET: 1
20260905 204422.411 INFO             PET2   SIMOCO Advance(): Current system level OMP_NUM_PROCS setting for local PET: 1
20260905 204422.411 INFO             PET2   SIMOCO Advance(): ESMF level logical PET->PE association (but consider system level affinity pinning!):
20260905 204422.411 INFO             PET2   SIMOCO Advance(): PET=0 lpid=0 tid=0 pid=0 peCount=1 accCount=0
20260905 204422.411 INFO             PET2   SIMOCO Advance():  PE=0 SSI=0 SSIPE=0
20260905 204422.411 INFO             PET2   SIMOCO Advance(): PET=1 lpid=1 tid=0 pid=1 peCount=1 accCount=0
20260905 204422.411 INFO             PET2   SIMOCO Advance():  PE=1 SSI=0 SSIPE=1
20260905 204422.411 INFO             PET2   SIMOCO Advance(): PET=2 lpid=2 tid=0 pid=2 peCount=1 accCount=0
20260905 204422.411 INFO             PET2   SIMOCO Advance():  PE=2 SSI=0 SSIPE=2
20260905 204422.411 INFO             PET2   SIMOCO Advance(): PET=3 lpid=3 tid=0 pid=3 peCount=1 accCount=0
20260905 204422.411 INFO             PET2   SIMOCO Advance():  PE=3 SSI=0 SSIPE=3
20260905 204422.411 INFO             PET2   SIMOCO Advance(): --- VMK::log() end ---------------------------------------
20260905 204422.411 INFO             PET2   ------>Advancing SIMOCO from: 2012 10 24 18 20  0   0
20260905 204422.411 INFO             PET2   ---------------------> to: 2012 10 24 18 25  0   0
20260905 204422.411 INFO             PET2   SIMOCO Advance(): --- VMK::log() start -------------------------------------
20260905 204422.411 INFO             PET2   SIMOCO Advance(): vm located at: 0x1fdf780
20260905 204422.411 INFO             PET2   SIMOCO Advance(): mpionly=1 threadsflag=0
20260905 204422.411 INFO             PET2   SIMOCO Advance(): ssiCount=1 localSsi=0
20260905 204422.411 INFO             PET2   SIMOCO Advance(): devCount=0 ssiLocalDevCount=0
20260905 204422.411 INFO             PET2   SIMOCO Advance(): petCount=4 ssiLocalPetCount=4
20260905 204422.411 INFO             PET2   SIMOCO Advance(): localPet=2 mypthid=139992654764992 ssiLocalPet=2 currentSsiPe=2
20260905 204422.411 INFO             PET2   SIMOCO Advance(): Current system level affinity pinning for local PET:
20260905 204422.411 INFO             PET2   SIMOCO Advance():  SSIPE=2
20260905 204422.411 INFO             PET2   SIMOCO Advance(): Current system level OMP_NUM_THREADS setting for local PET: 1
20260905 204422.411 INFO             PET2   SIMOCO Advance(): Current system level OMP_NUM_PROCS setting for local PET: 1
20260905 204422.411 INFO             PET2   SIMOCO Advance(): ESMF level logical PET->PE association (but consider system level affinity pinning!):
20260905 204422.411 INFO             PET2   SIMOCO Advance(): PET=0 lpid=0 tid=0 pid=0 peCount=1 accCount=0
20260905 204422.411 INFO             PET2   SIMOCO Advance():  PE=0 SSI=0 SSIPE=0
20260905 204422.411 INFO             PET2   SIMOCO Advance(): PET=1 lpid=1 tid=0 pid=1 peCount=1 accCount=0
20260905 204422.411 INFO             PET2   SIMOCO Advance():  PE=1 SSI=0 SSIPE=1
20260905 204422.411 INFO             PET2   SIMOCO Advance(): PET=2 lpid=2 tid=0 pid=2 peCount=1 accCount=0
20260905 204422.411 INFO             PET2   SIMOCO Advance():  PE=2 SSI=0 SSIPE=2
20260905 204422.411 INFO             PET2   SIMOCO Advance(): PET=3 lpid=3 tid=0 pid=3 peCount=1 accCount=0
20260905 204422.411 INFO             PET2   SIMOCO Advance():  PE=3 SSI=0 SSIPE=3
20260905 204422.411 INFO             PET2   SIMOCO Advance(): --- VMK::log() end ---------------------------------------
20260905 204422.411 INFO             PET2   ------>Advancing SIMOCO from: 2012 10 24 18 25  0   0
20260905 204422.411 INFO             PET2   ---------------------> to: 2012 10 24 18 30  0   0
20260905 204422.411 INFO             PET2   SIMOCO Advance(): --- VMK::log() start -------------------------------------
20260905 204422.411 INFO             PET2   SIMOCO Advance(): vm located at: 0x1fdf780
20260905 204422.411 INFO             PET2   SIMOCO Advance(): mpionly=1 threadsflag=0
20260905 204422.411 INFO             PET2   SIMOCO Advance(): ssiCount=1 localSsi=0
20260905 204422.411 INFO             PET2   SIMOCO Advance(): devCount=0 ssiLocalDevCount=0
20260905 204422.411 INFO             PET2   SIMOCO Advance(): petCount=4 ssiLocalPetCount=4
20260905 204422.411 INFO             PET2   SIMOCO Advance(): localPet=2 mypthid=139992654764992 ssiLocalPet=2 currentSsiPe=2
20260905 204422.411 INFO             PET2   SIMOCO Advance(): Current system level affinity pinning for local PET:
20260905 204422.411 INFO             PET2   SIMOCO Advance():  SSIPE=2
20260905 204422.411 INFO             PET2   SIMOCO Advance(): Current system level OMP_NUM_THREADS setting for local PET: 1
20260905 204422.411 INFO             PET2   SIMOCO Advance(): Current system level OMP_NUM_PROCS setting for local PET: 1
20260905 204422.411 INFO             PET2   SIMOCO Advance(): ESMF level logical PET->PE association (but consider system level affinity pinning!):
20260905 204422.411 INFO             PET2   SIMOCO Advance(): PET=0 lpid=0 tid=0 pid=0 peCount=1 accCount=0
20260905 204422.411 INFO             PET2   SIMOCO Advance():  PE=0 SSI=0 SSIPE=0
20260905 204422.412 INFO             PET2   SIMOCO Advance(): PET=1 lpid=1 tid=0 pid=1 peCount=1 accCount=0
20260905 204422.412 INFO             PET2   SIMOCO Advance():  PE=1 SSI=0 SSIPE=1
20260905 204422.412 INFO             PET2   SIMOCO Advance(): PET=2 lpid=2 tid=0 pid=2 peCount=1 accCount=0
20260905 204422.412 INFO             PET2   SIMOCO Advance():  PE=2 SSI=0 SSIPE=2
20260905 204422.412 INFO             PET2   SIMOCO Advance(): PET=3 lpid=3 tid=0 pid=3 peCount=1 accCount=0
20260905 204422.412 INFO             PET2   SIMOCO Advance():  PE=3 SSI=0 SSIPE=3
20260905 204422.412 INFO             PET2   SIMOCO Advance(): --- VMK::log() end ---------------------------------------
20260905 204422.412 INFO             PET2   ------>Advancing SIMOCO from: 2012 10 24 18 30  0   0
20260905 204422.412 INFO             PET2   ---------------------> to: 2012 10 24 18 35  0   0
20260905 204422.412 INFO             PET2   SIMOCO Advance(): --- VMK::log() start -------------------------------------
20260905 204422.412 INFO             PET2   SIMOCO Advance(): vm located at: 0x1fdf780
20260905 204422.412 INFO             PET2   SIMOCO Advance(): mpionly=1 threadsflag=0
20260905 204422.412 INFO             PET2   SIMOCO Advance(): ssiCount=1 localSsi=0
20260905 204422.412 INFO             PET2   SIMOCO Advance(): devCount=0 ssiLocalDevCount=0
20260905 204422.412 INFO             PET2   SIMOCO Advance(): petCount=4 ssiLocalPetCount=4
20260905 204422.412 INFO             PET2   SIMOCO Advance(): localPet=2 mypthid=139992654764992 ssiLocalPet=2 currentSsiPe=2
20260905 204422.412 INFO             PET2   SIMOCO Advance(): Current system level affinity pinning for local PET:
20260905 204422.412 INFO             PET2   SIMOCO Advance():  SSIPE=2
20260905 204422.412 INFO             PET2   SIMOCO Advance(): Current system level OMP_NUM_THREADS setting for local PET: 1
20260905 204422.412 INFO             PET2   SIMOCO Advance(): Current system level OMP_NUM_PROCS setting for local PET: 1
20260905 204422.412 INFO             PET2   SIMOCO Advance(): ESMF level logical PET->PE association (but consider system level affinity pinning!):
20260905 204422.412 INFO             PET2   SIMOCO Advance(): PET=0 lpid=0 tid=0 pid=0 peCount=1 accCount=0
20260905 204422.412 INFO             PET2   SIMOCO Advance():  PE=0 SSI=0 SSIPE=0
20260905 204422.412 INFO             PET2   SIMOCO Advance(): PET=1 lpid=1 tid=0 pid=1 peCount=1 accCount=0
20260905 204422.412 INFO             PET2   SIMOCO Advance():  PE=1 SSI=0 SSIPE=1
20260905 204422.412 INFO             PET2   SIMOCO Advance(): PET=2 lpid=2 tid=0 pid=2 peCount=1 accCount=0
20260905 204422.412 INFO             PET2   SIMOCO Advance():  PE=2 SSI=0 SSIPE=2
20260905 204422.412 INFO             PET2   SIMOCO Advance(): PET=3 lpid=3 tid=0 pid=3 peCount=1 accCount=0
20260905 204422.412 INFO             PET2   SIMOCO Advance():  PE=3 SSI=0 SSIPE=3
20260905 204422.412 INFO             PET2   SIMOCO Advance(): --- VMK::log() end ---------------------------------------
20260905 204422.412 INFO             PET2   ------>Advancing SIMOCO from: 2012 10 24 18 35  0   0
20260905 204422.412 INFO             PET2   ---------------------> to: 2012 10 24 18 40  0   0
20260905 204422.412 INFO             PET2   SIMOCO Advance(): --- VMK::log() start -------------------------------------
20260905 204422.412 INFO             PET2   SIMOCO Advance(): vm located at: 0x1fdf780
20260905 204422.412 INFO             PET2   SIMOCO Advance(): mpionly=1 threadsflag=0
20260905 204422.412 INFO             PET2   SIMOCO Advance(): ssiCount=1 localSsi=0
20260905 204422.412 INFO             PET2   SIMOCO Advance(): devCount=0 ssiLocalDevCount=0
20260905 204422.412 INFO             PET2   SIMOCO Advance(): petCount=4 ssiLocalPetCount=4
20260905 204422.412 INFO             PET2   SIMOCO Advance(): localPet=2 mypthid=139992654764992 ssiLocalPet=2 currentSsiPe=2
20260905 204422.412 INFO             PET2   SIMOCO Advance(): Current system level affinity pinning for local PET:
20260905 204422.412 INFO             PET2   SIMOCO Advance():  SSIPE=2
20260905 204422.412 INFO             PET2   SIMOCO Advance(): Current system level OMP_NUM_THREADS setting for local PET: 1
20260905 204422.412 INFO             PET2   SIMOCO Advance(): Current system level OMP_NUM_PROCS setting for local PET: 1
20260905 204422.412 INFO             PET2   SIMOCO Advance(): ESMF level logical PET->PE association (but consider system level affinity pinning!):
20260905 204422.412 INFO             PET2   SIMOCO Advance(): PET=0 lpid=0 tid=0 pid=0 peCount=1 accCount=0
20260905 204422.412 INFO             PET2   SIMOCO Advance():  PE=0 SSI=0 SSIPE=0
20260905 204422.412 INFO             PET2   SIMOCO Advance(): PET=1 lpid=1 tid=0 pid=1 peCount=1 accCount=0
20260905 204422.412 INFO             PET2   SIMOCO Advance():  PE=1 SSI=0 SSIPE=1
20260905 204422.412 INFO             PET2   SIMOCO Advance(): PET=2 lpid=2 tid=0 pid=2 peCount=1 accCount=0
20260905 204422.412 INFO             PET2   SIMOCO Advance():  PE=2 SSI=0 SSIPE=2
20260905 204422.412 INFO             PET2   SIMOCO Advance(): PET=3 lpid=3 tid=0 pid=3 peCount=1 accCount=0
20260905 204422.412 INFO             PET2   SIMOCO Advance():  PE=3 SSI=0 SSIPE=3
20260905 204422.412 INFO             PET2   SIMOCO Advance(): --- VMK::log() end ---------------------------------------
20260905 204422.412 INFO             PET2   ------>Advancing SIMOCO from: 2012 10 24 18 40  0   0
20260905 204422.412 INFO             PET2   ---------------------> to: 2012 10 24 18 45  0   0
20260905 204422.412 INFO             PET2   SIMOCO Advance(): --- VMK::log() start -------------------------------------
20260905 204422.412 INFO             PET2   SIMOCO Advance(): vm located at: 0x1fdf780
20260905 204422.412 INFO             PET2   SIMOCO Advance(): mpionly=1 threadsflag=0
20260905 204422.412 INFO             PET2   SIMOCO Advance(): ssiCount=1 localSsi=0
20260905 204422.412 INFO             PET2   SIMOCO Advance(): devCount=0 ssiLocalDevCount=0
20260905 204422.412 INFO             PET2   SIMOCO Advance(): petCount=4 ssiLocalPetCount=4
20260905 204422.412 INFO             PET2   SIMOCO Advance(): localPet=2 mypthid=139992654764992 ssiLocalPet=2 currentSsiPe=2
20260905 204422.412 INFO             PET2   SIMOCO Advance(): Current system level affinity pinning for local PET:
20260905 204422.412 INFO             PET2   SIMOCO Advance():  SSIPE=2
20260905 204422.412 INFO             PET2   SIMOCO Advance(): Current system level OMP_NUM_THREADS setting for local PET: 1
20260905 204422.412 INFO             PET2   SIMOCO Advance(): Current system level OMP_NUM_PROCS setting for local PET: 1
20260905 204422.412 INFO             PET2   SIMOCO Advance(): ESMF level logical PET->PE association (but consider system level affinity pinning!):
20260905 204422.412 INFO             PET2   SIMOCO Advance(): PET=0 lpid=0 tid=0 pid=0 peCount=1 accCount=0
20260905 204422.412 INFO             PET2   SIMOCO Advance():  PE=0 SSI=0 SSIPE=0
20260905 204422.412 INFO             PET2   SIMOCO Advance(): PET=1 lpid=1 tid=0 pid=1 peCount=1 accCount=0
20260905 204422.412 INFO             PET2   SIMOCO Advance():  PE=1 SSI=0 SSIPE=1
20260905 204422.412 INFO             PET2   SIMOCO Advance(): PET=2 lpid=2 tid=0 pid=2 peCount=1 accCount=0
20260905 204422.412 INFO             PET2   SIMOCO Advance():  PE=2 SSI=0 SSIPE=2
20260905 204422.412 INFO             PET2   SIMOCO Advance(): PET=3 lpid=3 tid=0 pid=3 peCount=1 accCount=0
20260905 204422.412 INFO             PET2   SIMOCO Advance():  PE=3 SSI=0 SSIPE=3
20260905 204422.412 INFO             PET2   SIMOCO Advance(): --- VMK::log() end ---------------------------------------
20260905 204422.412 INFO             PET2   ------>Advancing SIMOCO from: 2012 10 24 18 45  0   0
20260905 204422.412 INFO             PET2   ---------------------> to: 2012 10 24 18 50  0   0
20260905 204422.412 INFO             PET2   SIMOCO Advance(): --- VMK::log() start -------------------------------------
20260905 204422.412 INFO             PET2   SIMOCO Advance(): vm located at: 0x1fdf780
20260905 204422.412 INFO             PET2   SIMOCO Advance(): mpionly=1 threadsflag=0
20260905 204422.412 INFO             PET2   SIMOCO Advance(): ssiCount=1 localSsi=0
20260905 204422.412 INFO             PET2   SIMOCO Advance(): devCount=0 ssiLocalDevCount=0
20260905 204422.412 INFO             PET2   SIMOCO Advance(): petCount=4 ssiLocalPetCount=4
20260905 204422.412 INFO             PET2   SIMOCO Advance(): localPet=2 mypthid=139992654764992 ssiLocalPet=2 currentSsiPe=2
20260905 204422.412 INFO             PET2   SIMOCO Advance(): Current system level affinity pinning for local PET:
20260905 204422.412 INFO             PET2   SIMOCO Advance():  SSIPE=2
20260905 204422.412 INFO             PET2   SIMOCO Advance(): Current system level OMP_NUM_THREADS setting for local PET: 1
20260905 204422.412 INFO             PET2   SIMOCO Advance(): Current system level OMP_NUM_PROCS setting for local PET: 1
20260905 204422.412 INFO             PET2   SIMOCO Advance(): ESMF level logical PET->PE association (but consider system level affinity pinning!):
20260905 204422.412 INFO             PET2   SIMOCO Advance(): PET=0 lpid=0 tid=0 pid=0 peCount=1 accCount=0
20260905 204422.412 INFO             PET2   SIMOCO Advance():  PE=0 SSI=0 SSIPE=0
20260905 204422.412 INFO             PET2   SIMOCO Advance(): PET=1 lpid=1 tid=0 pid=1 peCount=1 accCount=0
20260905 204422.412 INFO             PET2   SIMOCO Advance():  PE=1 SSI=0 SSIPE=1
20260905 204422.412 INFO             PET2   SIMOCO Advance(): PET=2 lpid=2 tid=0 pid=2 peCount=1 accCount=0
20260905 204422.412 INFO             PET2   SIMOCO Advance():  PE=2 SSI=0 SSIPE=2
20260905 204422.412 INFO             PET2   SIMOCO Advance(): PET=3 lpid=3 tid=0 pid=3 peCount=1 accCount=0
20260905 204422.412 INFO             PET2   SIMOCO Advance():  PE=3 SSI=0 SSIPE=3
20260905 204422.412 INFO             PET2   SIMOCO Advance(): --- VMK::log() end ---------------------------------------
20260905 204422.412 INFO             PET2   ------>Advancing SIMOCO from: 2012 10 24 18 50  0   0
20260905 204422.412 INFO             PET2   ---------------------> to: 2012 10 24 18 55  0   0
20260905 204422.412 INFO             PET2   SIMOCO Advance(): --- VMK::log() start -------------------------------------
20260905 204422.412 INFO             PET2   SIMOCO Advance(): vm located at: 0x1fdf780
20260905 204422.412 INFO             PET2   SIMOCO Advance(): mpionly=1 threadsflag=0
20260905 204422.412 INFO             PET2   SIMOCO Advance(): ssiCount=1 localSsi=0
20260905 204422.412 INFO             PET2   SIMOCO Advance(): devCount=0 ssiLocalDevCount=0
20260905 204422.412 INFO             PET2   SIMOCO Advance(): petCount=4 ssiLocalPetCount=4
20260905 204422.412 INFO             PET2   SIMOCO Advance(): localPet=2 mypthid=139992654764992 ssiLocalPet=2 currentSsiPe=2
20260905 204422.412 INFO             PET2   SIMOCO Advance(): Current system level affinity pinning for local PET:
20260905 204422.412 INFO             PET2   SIMOCO Advance():  SSIPE=2
20260905 204422.412 INFO             PET2   SIMOCO Advance(): Current system level OMP_NUM_THREADS setting for local PET: 1
20260905 204422.412 INFO             PET2   SIMOCO Advance(): Current system level OMP_NUM_PROCS setting for local PET: 1
20260905 204422.412 INFO             PET2   SIMOCO Advance(): ESMF level logical PET->PE association (but consider system level affinity pinning!):
20260905 204422.412 INFO             PET2   SIMOCO Advance(): PET=0 lpid=0 tid=0 pid=0 peCount=1 accCount=0
20260905 204422.412 INFO             PET2   SIMOCO Advance():  PE=0 SSI=0 SSIPE=0
20260905 204422.412 INFO             PET2   SIMOCO Advance(): PET=1 lpid=1 tid=0 pid=1 peCount=1 accCount=0
20260905 204422.412 INFO             PET2   SIMOCO Advance():  PE=1 SSI=0 SSIPE=1
20260905 204422.412 INFO             PET2   SIMOCO Advance(): PET=2 lpid=2 tid=0 pid=2 peCount=1 accCount=0
20260905 204422.412 INFO             PET2   SIMOCO Advance():  PE=2 SSI=0 SSIPE=2
20260905 204422.412 INFO             PET2   SIMOCO Advance(): PET=3 lpid=3 tid=0 pid=3 peCount=1 accCount=0
20260905 204422.412 INFO             PET2   SIMOCO Advance():  PE=3 SSI=0 SSIPE=3
20260905 204422.412 INFO             PET2   SIMOCO Advance(): --- VMK::log() end ---------------------------------------
20260905 204422.412 INFO             PET2   ------>Advancing SIMOCO from: 2012 10 24 18 55  0   0
20260905 204422.412 INFO             PET2   ---------------------> to: 2012 10 24 19  0  0   0
20260905 204422.412 INFO             PET2   <<<ESMX_Driver: leaving Run (phase=RunPhase1) with current time: 2012 10 24 19  0  0   0
20260905 204422.412 INFO             PET2 ESMX_Driver: Run extro.
20260905 204422.412 INFO             PET2 ESMX_Driver: Finalize intro.
20260905 204422.412 INFO             PET2   >>>ESMX_Driver: entered Finalize (phase=FinalizePhase1) with current time: 2012 10 24 19  0  0   0
20260905 204422.412 INFO             PET2   Calling Finalize phase 1 for modelComp: MDL
20260905 204422.413 INFO             PET2   Delete modelComp: MDL
20260905 204422.413 INFO             PET2   <<<ESMX_Driver: leaving Finalize (phase=FinalizePhase1) with current time: 2012 10 24 19  0  0   0
20260905 204422.413 INFO             PET2 ESMX_Driver: Finalize extro.
20260905 204422.413 INFO             PET2 =============================================
20260905 204422.413 INFO             PET2 ESMX (Earth System Model eXecutable) FINISHED
20260905 204422.413 INFO             PET2 =============================================
20260905 204422.413 INFO             PET2  Finalizing ESMF
20260905 204422.320 INFO             PET3 !!!!!!!!!!!!!!!!!!!!!!!!!!!!!!!!!!!!!!!!!!!!!!!!!!!!!!
20260905 204422.320 INFO             PET3 !!! THE ESMF_LOG IS SET TO OUTPUT ALL LOG MESSAGES !!!
20260905 204422.320 INFO             PET3 !!!     THIS MAY CAUSE SLOWDOWN IN PERFORMANCE     !!!
20260905 204422.320 INFO             PET3 !!! FOR PRODUCTION RUNS, USE:                      !!!
20260905 204422.320 INFO             PET3 !!!                   ESMF_LOGKIND_Multi_On_Error  !!!
20260905 204422.320 INFO             PET3 !!!!!!!!!!!!!!!!!!!!!!!!!!!!!!!!!!!!!!!!!!!!!!!!!!!!!!
20260905 204422.320 INFO             PET3 Running with ESMF Version   : develop+g4161bf9d44
20260905 204422.320 INFO             PET3 ESMF library build date/time: "Sep  5 2026" "20:14:00"
20260905 204422.320 INFO             PET3 ESMF library build location : /home/gerhard/ESMF-Nightly-Testing/gfortran_7.4.0_mpich_g_develop/esmf
20260905 204422.320 INFO             PET3 ESMF_COMM                   : mpich
20260905 204422.320 INFO             PET3 ESMF_MOAB                   : enabled
20260905 204422.320 INFO             PET3 ESMF_LAPACK                 : enabled
20260905 204422.320 INFO             PET3 ESMF_NETCDF                 : enabled
20260905 204422.320 INFO             PET3 ESMF_PNETCDF                : disabled
20260905 204422.320 INFO             PET3 ESMF_PIO                    : enabled
20260905 204422.320 INFO             PET3 ESMF_YAMLCPP                : enabled
20260905 204422.327 INFO             PET3 =============================================
20260905 204422.327 INFO             PET3 ESMX (Earth System Model eXecutable) STARTING
20260905 204422.327 INFO             PET3 =============================================
20260905 204422.340 DEBUG            PET3 Generic SetVM() is executing for: ESMX_Driver
20260905 204422.340 DEBUG            PET3 Generic SetVM() found no NUOPC Hint for: ESMX_Driver
20260905 204422.340 DEBUG            PET3 Generic SetVM() therefore is NOT calling ESMF_GridCompSetVMMaxPEs() for: ESMX_Driver
20260905 204422.345 INFO             PET3 ESMX_Driver: InitializeGeneric intro.
20260905 204422.345 INFO             PET3   >>>ESMX_Driver: entered Initialize (phase=<none>) without valid internal Clock.
20260905 204422.346 INFO             PET3   ESMX_Driver: InitializeP0 intro.
20260905 204422.346 INFO             PET3     >>>ESMX_Driver: entered Initialize (phase=<none>) without valid internal Clock.
20260905 204422.346 INFO             PET3     <<<ESMX_Driver: leaving Initialize (phase=<none>) without valid internal Clock.
20260905 204422.346 INFO             PET3   ESMX_Driver: InitializeP0 extro.
20260905 204422.346 INFO             PET3   ESMX_Driver: InitializeIPDv02p1 intro.
20260905 204422.346 INFO             PET3     >>>ESMX_Driver: entered Initialize (phase=<none>) without valid internal Clock.
20260905 204422.353 INFO             PET3     ESMX_Driver - Creating model component MDL without petList.
20260905 204422.354 DEBUG            PET3     Generic SetVM() is executing for: MDL
20260905 204422.365 INFO             PET3     ESMX_Driver: IInitAdvertise intro.
20260905 204422.365 INFO             PET3       >>>ESMX_Driver: entered Initialize (phase=<none>) with current time: 2012 10 24 18  0  0   0
20260905 204422.365 INFO             PET3       <<<ESMX_Driver: leaving Initialize (phase=<none>) with current time: 2012 10 24 18  0  0   0
20260905 204422.365 INFO             PET3     ESMX_Driver: IInitAdvertise extro.
20260905 204422.368 INFO             PET3     ESMX_Driver: IInitAdvertiseFinish intro.
20260905 204422.368 INFO             PET3       >>>ESMX_Driver: entered Initialize (phase=<none>) with current time: 2012 10 24 18  0  0   0
20260905 204422.368 INFO             PET3       <<<ESMX_Driver: leaving Initialize (phase=<none>) with current time: 2012 10 24 18  0  0   0
20260905 204422.368 INFO             PET3     ESMX_Driver: IInitAdvertiseFinish extro.
20260905 204422.368 INFO             PET3     ESMX_Driver: IInitModifyCplLists intro.
20260905 204422.368 INFO             PET3       >>>ESMX_Driver: entered Initialize (phase=<none>) with current time: 2012 10 24 18  0  0   0
20260905 204422.368 INFO             PET3       <<<ESMX_Driver: leaving Initialize (phase=<none>) with current time: 2012 10 24 18  0  0   0
20260905 204422.368 INFO             PET3     ESMX_Driver: IInitModifyCplLists extro.
20260905 204422.369 INFO             PET3     <<<ESMX_Driver: leaving Initialize (phase=<none>) with current time: 2012 10 24 18  0  0   0
20260905 204422.369 INFO             PET3   ESMX_Driver: InitializeIPDv02p1 extro.
20260905 204422.369 INFO             PET3   ESMX_Driver: InitializeIPDv02p3 intro.
20260905 204422.369 INFO             PET3     >>>ESMX_Driver: entered Initialize (phase=<none>) with current time: 2012 10 24 18  0  0   0
20260905 204422.369 INFO             PET3     ESMX_Driver: IInitCheck intro.
20260905 204422.369 INFO             PET3       >>>ESMX_Driver: entered Initialize (phase=<none>) with current time: 2012 10 24 18  0  0   0
20260905 204422.369 INFO             PET3       <<<ESMX_Driver: leaving Initialize (phase=<none>) with current time: 2012 10 24 18  0  0   0
20260905 204422.369 INFO             PET3     ESMX_Driver: IInitCheck extro.
20260905 204422.408 INFO             PET3     ESMX_Driver: IInitRealize intro.
20260905 204422.408 INFO             PET3       >>>ESMX_Driver: entered Initialize (phase=<none>) with current time: 2012 10 24 18  0  0   0
20260905 204422.408 INFO             PET3       <<<ESMX_Driver: leaving Initialize (phase=<none>) with current time: 2012 10 24 18  0  0   0
20260905 204422.408 INFO             PET3     ESMX_Driver: IInitRealize extro.
20260905 204422.408 INFO             PET3     <<<ESMX_Driver: leaving Initialize (phase=<none>) with current time: 2012 10 24 18  0  0   0
20260905 204422.408 INFO             PET3   ESMX_Driver: InitializeIPDv02p3 extro.
20260905 204422.408 INFO             PET3   ESMX_Driver: InitializeIPDv02p5 intro.
20260905 204422.408 INFO             PET3     >>>ESMX_Driver: entered Initialize (phase=<none>) with current time: 2012 10 24 18  0  0   0
20260905 204422.409 INFO             PET3     ESMX_Driver: InitializeIPDv02p5Data intro.
20260905 204422.409 INFO             PET3       >>>ESMX_Driver: entered Initialize (phase=<none>) with current time: 2012 10 24 18  0  0   0
20260905 204422.409 INFO             PET3       ESMX_Driver: InternalInitializeComplete intro.
20260905 204422.409 INFO             PET3         >>>ESMX_Driver: entered Initialize (phase=<none>) with current time: 2012 10 24 18  0  0   0
20260905 204422.409 INFO             PET3         <<<ESMX_Driver: leaving Initialize (phase=<none>) with current time: 2012 10 24 18  0  0   0
20260905 204422.409 INFO             PET3       ESMX_Driver: InternalInitializeComplete extro.
20260905 204422.410 INFO             PET3       ESMX_Driver: loopDataDependentInitialize intro.
20260905 204422.410 INFO             PET3         >>>ESMX_Driver: entered Initialize (phase=<none>) with current time: 2012 10 24 18  0  0   0
20260905 204422.410 INFO             PET3         <<<ESMX_Driver: leaving Initialize (phase=<none>) with current time: 2012 10 24 18  0  0   0
20260905 204422.410 INFO             PET3       ESMX_Driver: loopDataDependentInitialize extro.
20260905 204422.410 INFO             PET3       <<<ESMX_Driver: leaving Initialize (phase=<none>) with current time: 2012 10 24 18  0  0   0
20260905 204422.410 INFO             PET3     ESMX_Driver: InitializeIPDv02p5Data extro.
20260905 204422.410 INFO             PET3     <<<ESMX_Driver: leaving Initialize (phase=<none>) with current time: 2012 10 24 18  0  0   0
20260905 204422.410 INFO             PET3   ESMX_Driver: InitializeIPDv02p5 extro.
20260905 204422.410 INFO             PET3   <<<ESMX_Driver: leaving Initialize (phase=<none>) with current time: 2012 10 24 18  0  0   0
20260905 204422.410 INFO             PET3 ESMX_Driver: InitializeGeneric extro.
20260905 204422.410 INFO             PET3 ESMX_Driver: Run intro.
20260905 204422.410 INFO             PET3   >>>ESMX_Driver: entered Run (phase=RunPhase1) with current time: 2012 10 24 18  0  0   0
20260905 204422.411 INFO             PET3   SIMOCO Advance(): --- VMK::log() start -------------------------------------
20260905 204422.411 INFO             PET3   SIMOCO Advance(): vm located at: 0xe43780
20260905 204422.411 INFO             PET3   SIMOCO Advance(): mpionly=1 threadsflag=0
20260905 204422.411 INFO             PET3   SIMOCO Advance(): ssiCount=1 localSsi=0
20260905 204422.411 INFO             PET3   SIMOCO Advance(): devCount=0 ssiLocalDevCount=0
20260905 204422.411 INFO             PET3   SIMOCO Advance(): petCount=4 ssiLocalPetCount=4
20260905 204422.411 INFO             PET3   SIMOCO Advance(): localPet=3 mypthid=139924603341760 ssiLocalPet=3 currentSsiPe=3
20260905 204422.411 INFO             PET3   SIMOCO Advance(): Current system level affinity pinning for local PET:
20260905 204422.411 INFO             PET3   SIMOCO Advance():  SSIPE=3
20260905 204422.411 INFO             PET3   SIMOCO Advance(): Current system level OMP_NUM_THREADS setting for local PET: 1
20260905 204422.411 INFO             PET3   SIMOCO Advance(): Current system level OMP_NUM_PROCS setting for local PET: 1
20260905 204422.411 INFO             PET3   SIMOCO Advance(): ESMF level logical PET->PE association (but consider system level affinity pinning!):
20260905 204422.411 INFO             PET3   SIMOCO Advance(): PET=0 lpid=0 tid=0 pid=0 peCount=1 accCount=0
20260905 204422.411 INFO             PET3   SIMOCO Advance():  PE=0 SSI=0 SSIPE=0
20260905 204422.411 INFO             PET3   SIMOCO Advance(): PET=1 lpid=1 tid=0 pid=1 peCount=1 accCount=0
20260905 204422.411 INFO             PET3   SIMOCO Advance():  PE=1 SSI=0 SSIPE=1
20260905 204422.411 INFO             PET3   SIMOCO Advance(): PET=2 lpid=2 tid=0 pid=2 peCount=1 accCount=0
20260905 204422.411 INFO             PET3   SIMOCO Advance():  PE=2 SSI=0 SSIPE=2
20260905 204422.411 INFO             PET3   SIMOCO Advance(): PET=3 lpid=3 tid=0 pid=3 peCount=1 accCount=0
20260905 204422.411 INFO             PET3   SIMOCO Advance():  PE=3 SSI=0 SSIPE=3
20260905 204422.411 INFO             PET3   SIMOCO Advance(): --- VMK::log() end ---------------------------------------
20260905 204422.411 INFO             PET3   ------>Advancing SIMOCO from: 2012 10 24 18  0  0   0
20260905 204422.411 INFO             PET3   ---------------------> to: 2012 10 24 18  5  0   0
20260905 204422.411 INFO             PET3   SIMOCO Advance(): --- VMK::log() start -------------------------------------
20260905 204422.411 INFO             PET3   SIMOCO Advance(): vm located at: 0xe43780
20260905 204422.411 INFO             PET3   SIMOCO Advance(): mpionly=1 threadsflag=0
20260905 204422.411 INFO             PET3   SIMOCO Advance(): ssiCount=1 localSsi=0
20260905 204422.411 INFO             PET3   SIMOCO Advance(): devCount=0 ssiLocalDevCount=0
20260905 204422.411 INFO             PET3   SIMOCO Advance(): petCount=4 ssiLocalPetCount=4
20260905 204422.411 INFO             PET3   SIMOCO Advance(): localPet=3 mypthid=139924603341760 ssiLocalPet=3 currentSsiPe=3
20260905 204422.411 INFO             PET3   SIMOCO Advance(): Current system level affinity pinning for local PET:
20260905 204422.411 INFO             PET3   SIMOCO Advance():  SSIPE=3
20260905 204422.411 INFO             PET3   SIMOCO Advance(): Current system level OMP_NUM_THREADS setting for local PET: 1
20260905 204422.411 INFO             PET3   SIMOCO Advance(): Current system level OMP_NUM_PROCS setting for local PET: 1
20260905 204422.411 INFO             PET3   SIMOCO Advance(): ESMF level logical PET->PE association (but consider system level affinity pinning!):
20260905 204422.411 INFO             PET3   SIMOCO Advance(): PET=0 lpid=0 tid=0 pid=0 peCount=1 accCount=0
20260905 204422.411 INFO             PET3   SIMOCO Advance():  PE=0 SSI=0 SSIPE=0
20260905 204422.411 INFO             PET3   SIMOCO Advance(): PET=1 lpid=1 tid=0 pid=1 peCount=1 accCount=0
20260905 204422.411 INFO             PET3   SIMOCO Advance():  PE=1 SSI=0 SSIPE=1
20260905 204422.411 INFO             PET3   SIMOCO Advance(): PET=2 lpid=2 tid=0 pid=2 peCount=1 accCount=0
20260905 204422.411 INFO             PET3   SIMOCO Advance():  PE=2 SSI=0 SSIPE=2
20260905 204422.411 INFO             PET3   SIMOCO Advance(): PET=3 lpid=3 tid=0 pid=3 peCount=1 accCount=0
20260905 204422.411 INFO             PET3   SIMOCO Advance():  PE=3 SSI=0 SSIPE=3
20260905 204422.411 INFO             PET3   SIMOCO Advance(): --- VMK::log() end ---------------------------------------
20260905 204422.411 INFO             PET3   ------>Advancing SIMOCO from: 2012 10 24 18  5  0   0
20260905 204422.411 INFO             PET3   ---------------------> to: 2012 10 24 18 10  0   0
20260905 204422.411 INFO             PET3   SIMOCO Advance(): --- VMK::log() start -------------------------------------
20260905 204422.411 INFO             PET3   SIMOCO Advance(): vm located at: 0xe43780
20260905 204422.411 INFO             PET3   SIMOCO Advance(): mpionly=1 threadsflag=0
20260905 204422.411 INFO             PET3   SIMOCO Advance(): ssiCount=1 localSsi=0
20260905 204422.411 INFO             PET3   SIMOCO Advance(): devCount=0 ssiLocalDevCount=0
20260905 204422.411 INFO             PET3   SIMOCO Advance(): petCount=4 ssiLocalPetCount=4
20260905 204422.411 INFO             PET3   SIMOCO Advance(): localPet=3 mypthid=139924603341760 ssiLocalPet=3 currentSsiPe=3
20260905 204422.411 INFO             PET3   SIMOCO Advance(): Current system level affinity pinning for local PET:
20260905 204422.411 INFO             PET3   SIMOCO Advance():  SSIPE=3
20260905 204422.411 INFO             PET3   SIMOCO Advance(): Current system level OMP_NUM_THREADS setting for local PET: 1
20260905 204422.411 INFO             PET3   SIMOCO Advance(): Current system level OMP_NUM_PROCS setting for local PET: 1
20260905 204422.411 INFO             PET3   SIMOCO Advance(): ESMF level logical PET->PE association (but consider system level affinity pinning!):
20260905 204422.411 INFO             PET3   SIMOCO Advance(): PET=0 lpid=0 tid=0 pid=0 peCount=1 accCount=0
20260905 204422.411 INFO             PET3   SIMOCO Advance():  PE=0 SSI=0 SSIPE=0
20260905 204422.411 INFO             PET3   SIMOCO Advance(): PET=1 lpid=1 tid=0 pid=1 peCount=1 accCount=0
20260905 204422.411 INFO             PET3   SIMOCO Advance():  PE=1 SSI=0 SSIPE=1
20260905 204422.411 INFO             PET3   SIMOCO Advance(): PET=2 lpid=2 tid=0 pid=2 peCount=1 accCount=0
20260905 204422.411 INFO             PET3   SIMOCO Advance():  PE=2 SSI=0 SSIPE=2
20260905 204422.411 INFO             PET3   SIMOCO Advance(): PET=3 lpid=3 tid=0 pid=3 peCount=1 accCount=0
20260905 204422.411 INFO             PET3   SIMOCO Advance():  PE=3 SSI=0 SSIPE=3
20260905 204422.411 INFO             PET3   SIMOCO Advance(): --- VMK::log() end ---------------------------------------
20260905 204422.411 INFO             PET3   ------>Advancing SIMOCO from: 2012 10 24 18 10  0   0
20260905 204422.411 INFO             PET3   ---------------------> to: 2012 10 24 18 15  0   0
20260905 204422.411 INFO             PET3   SIMOCO Advance(): --- VMK::log() start -------------------------------------
20260905 204422.411 INFO             PET3   SIMOCO Advance(): vm located at: 0xe43780
20260905 204422.411 INFO             PET3   SIMOCO Advance(): mpionly=1 threadsflag=0
20260905 204422.411 INFO             PET3   SIMOCO Advance(): ssiCount=1 localSsi=0
20260905 204422.411 INFO             PET3   SIMOCO Advance(): devCount=0 ssiLocalDevCount=0
20260905 204422.411 INFO             PET3   SIMOCO Advance(): petCount=4 ssiLocalPetCount=4
20260905 204422.411 INFO             PET3   SIMOCO Advance(): localPet=3 mypthid=139924603341760 ssiLocalPet=3 currentSsiPe=3
20260905 204422.411 INFO             PET3   SIMOCO Advance(): Current system level affinity pinning for local PET:
20260905 204422.411 INFO             PET3   SIMOCO Advance():  SSIPE=3
20260905 204422.411 INFO             PET3   SIMOCO Advance(): Current system level OMP_NUM_THREADS setting for local PET: 1
20260905 204422.411 INFO             PET3   SIMOCO Advance(): Current system level OMP_NUM_PROCS setting for local PET: 1
20260905 204422.411 INFO             PET3   SIMOCO Advance(): ESMF level logical PET->PE association (but consider system level affinity pinning!):
20260905 204422.411 INFO             PET3   SIMOCO Advance(): PET=0 lpid=0 tid=0 pid=0 peCount=1 accCount=0
20260905 204422.411 INFO             PET3   SIMOCO Advance():  PE=0 SSI=0 SSIPE=0
20260905 204422.411 INFO             PET3   SIMOCO Advance(): PET=1 lpid=1 tid=0 pid=1 peCount=1 accCount=0
20260905 204422.411 INFO             PET3   SIMOCO Advance():  PE=1 SSI=0 SSIPE=1
20260905 204422.411 INFO             PET3   SIMOCO Advance(): PET=2 lpid=2 tid=0 pid=2 peCount=1 accCount=0
20260905 204422.411 INFO             PET3   SIMOCO Advance():  PE=2 SSI=0 SSIPE=2
20260905 204422.411 INFO             PET3   SIMOCO Advance(): PET=3 lpid=3 tid=0 pid=3 peCount=1 accCount=0
20260905 204422.411 INFO             PET3   SIMOCO Advance():  PE=3 SSI=0 SSIPE=3
20260905 204422.411 INFO             PET3   SIMOCO Advance(): --- VMK::log() end ---------------------------------------
20260905 204422.411 INFO             PET3   ------>Advancing SIMOCO from: 2012 10 24 18 15  0   0
20260905 204422.411 INFO             PET3   ---------------------> to: 2012 10 24 18 20  0   0
20260905 204422.411 INFO             PET3   SIMOCO Advance(): --- VMK::log() start -------------------------------------
20260905 204422.411 INFO             PET3   SIMOCO Advance(): vm located at: 0xe43780
20260905 204422.411 INFO             PET3   SIMOCO Advance(): mpionly=1 threadsflag=0
20260905 204422.411 INFO             PET3   SIMOCO Advance(): ssiCount=1 localSsi=0
20260905 204422.411 INFO             PET3   SIMOCO Advance(): devCount=0 ssiLocalDevCount=0
20260905 204422.411 INFO             PET3   SIMOCO Advance(): petCount=4 ssiLocalPetCount=4
20260905 204422.411 INFO             PET3   SIMOCO Advance(): localPet=3 mypthid=139924603341760 ssiLocalPet=3 currentSsiPe=3
20260905 204422.411 INFO             PET3   SIMOCO Advance(): Current system level affinity pinning for local PET:
20260905 204422.411 INFO             PET3   SIMOCO Advance():  SSIPE=3
20260905 204422.411 INFO             PET3   SIMOCO Advance(): Current system level OMP_NUM_THREADS setting for local PET: 1
20260905 204422.411 INFO             PET3   SIMOCO Advance(): Current system level OMP_NUM_PROCS setting for local PET: 1
20260905 204422.411 INFO             PET3   SIMOCO Advance(): ESMF level logical PET->PE association (but consider system level affinity pinning!):
20260905 204422.411 INFO             PET3   SIMOCO Advance(): PET=0 lpid=0 tid=0 pid=0 peCount=1 accCount=0
20260905 204422.411 INFO             PET3   SIMOCO Advance():  PE=0 SSI=0 SSIPE=0
20260905 204422.411 INFO             PET3   SIMOCO Advance(): PET=1 lpid=1 tid=0 pid=1 peCount=1 accCount=0
20260905 204422.411 INFO             PET3   SIMOCO Advance():  PE=1 SSI=0 SSIPE=1
20260905 204422.411 INFO             PET3   SIMOCO Advance(): PET=2 lpid=2 tid=0 pid=2 peCount=1 accCount=0
20260905 204422.411 INFO             PET3   SIMOCO Advance():  PE=2 SSI=0 SSIPE=2
20260905 204422.411 INFO             PET3   SIMOCO Advance(): PET=3 lpid=3 tid=0 pid=3 peCount=1 accCount=0
20260905 204422.411 INFO             PET3   SIMOCO Advance():  PE=3 SSI=0 SSIPE=3
20260905 204422.411 INFO             PET3   SIMOCO Advance(): --- VMK::log() end ---------------------------------------
20260905 204422.411 INFO             PET3   ------>Advancing SIMOCO from: 2012 10 24 18 20  0   0
20260905 204422.411 INFO             PET3   ---------------------> to: 2012 10 24 18 25  0   0
20260905 204422.411 INFO             PET3   SIMOCO Advance(): --- VMK::log() start -------------------------------------
20260905 204422.411 INFO             PET3   SIMOCO Advance(): vm located at: 0xe43780
20260905 204422.411 INFO             PET3   SIMOCO Advance(): mpionly=1 threadsflag=0
20260905 204422.411 INFO             PET3   SIMOCO Advance(): ssiCount=1 localSsi=0
20260905 204422.411 INFO             PET3   SIMOCO Advance(): devCount=0 ssiLocalDevCount=0
20260905 204422.411 INFO             PET3   SIMOCO Advance(): petCount=4 ssiLocalPetCount=4
20260905 204422.411 INFO             PET3   SIMOCO Advance(): localPet=3 mypthid=139924603341760 ssiLocalPet=3 currentSsiPe=3
20260905 204422.411 INFO             PET3   SIMOCO Advance(): Current system level affinity pinning for local PET:
20260905 204422.411 INFO             PET3   SIMOCO Advance():  SSIPE=3
20260905 204422.411 INFO             PET3   SIMOCO Advance(): Current system level OMP_NUM_THREADS setting for local PET: 1
20260905 204422.411 INFO             PET3   SIMOCO Advance(): Current system level OMP_NUM_PROCS setting for local PET: 1
20260905 204422.411 INFO             PET3   SIMOCO Advance(): ESMF level logical PET->PE association (but consider system level affinity pinning!):
20260905 204422.411 INFO             PET3   SIMOCO Advance(): PET=0 lpid=0 tid=0 pid=0 peCount=1 accCount=0
20260905 204422.411 INFO             PET3   SIMOCO Advance():  PE=0 SSI=0 SSIPE=0
20260905 204422.411 INFO             PET3   SIMOCO Advance(): PET=1 lpid=1 tid=0 pid=1 peCount=1 accCount=0
20260905 204422.411 INFO             PET3   SIMOCO Advance():  PE=1 SSI=0 SSIPE=1
20260905 204422.411 INFO             PET3   SIMOCO Advance(): PET=2 lpid=2 tid=0 pid=2 peCount=1 accCount=0
20260905 204422.411 INFO             PET3   SIMOCO Advance():  PE=2 SSI=0 SSIPE=2
20260905 204422.411 INFO             PET3   SIMOCO Advance(): PET=3 lpid=3 tid=0 pid=3 peCount=1 accCount=0
20260905 204422.411 INFO             PET3   SIMOCO Advance():  PE=3 SSI=0 SSIPE=3
20260905 204422.411 INFO             PET3   SIMOCO Advance(): --- VMK::log() end ---------------------------------------
20260905 204422.411 INFO             PET3   ------>Advancing SIMOCO from: 2012 10 24 18 25  0   0
20260905 204422.411 INFO             PET3   ---------------------> to: 2012 10 24 18 30  0   0
20260905 204422.411 INFO             PET3   SIMOCO Advance(): --- VMK::log() start -------------------------------------
20260905 204422.411 INFO             PET3   SIMOCO Advance(): vm located at: 0xe43780
20260905 204422.411 INFO             PET3   SIMOCO Advance(): mpionly=1 threadsflag=0
20260905 204422.411 INFO             PET3   SIMOCO Advance(): ssiCount=1 localSsi=0
20260905 204422.411 INFO             PET3   SIMOCO Advance(): devCount=0 ssiLocalDevCount=0
20260905 204422.411 INFO             PET3   SIMOCO Advance(): petCount=4 ssiLocalPetCount=4
20260905 204422.411 INFO             PET3   SIMOCO Advance(): localPet=3 mypthid=139924603341760 ssiLocalPet=3 currentSsiPe=3
20260905 204422.411 INFO             PET3   SIMOCO Advance(): Current system level affinity pinning for local PET:
20260905 204422.411 INFO             PET3   SIMOCO Advance():  SSIPE=3
20260905 204422.411 INFO             PET3   SIMOCO Advance(): Current system level OMP_NUM_THREADS setting for local PET: 1
20260905 204422.411 INFO             PET3   SIMOCO Advance(): Current system level OMP_NUM_PROCS setting for local PET: 1
20260905 204422.411 INFO             PET3   SIMOCO Advance(): ESMF level logical PET->PE association (but consider system level affinity pinning!):
20260905 204422.411 INFO             PET3   SIMOCO Advance(): PET=0 lpid=0 tid=0 pid=0 peCount=1 accCount=0
20260905 204422.411 INFO             PET3   SIMOCO Advance():  PE=0 SSI=0 SSIPE=0
20260905 204422.412 INFO             PET3   SIMOCO Advance(): PET=1 lpid=1 tid=0 pid=1 peCount=1 accCount=0
20260905 204422.412 INFO             PET3   SIMOCO Advance():  PE=1 SSI=0 SSIPE=1
20260905 204422.412 INFO             PET3   SIMOCO Advance(): PET=2 lpid=2 tid=0 pid=2 peCount=1 accCount=0
20260905 204422.412 INFO             PET3   SIMOCO Advance():  PE=2 SSI=0 SSIPE=2
20260905 204422.412 INFO             PET3   SIMOCO Advance(): PET=3 lpid=3 tid=0 pid=3 peCount=1 accCount=0
20260905 204422.412 INFO             PET3   SIMOCO Advance():  PE=3 SSI=0 SSIPE=3
20260905 204422.412 INFO             PET3   SIMOCO Advance(): --- VMK::log() end ---------------------------------------
20260905 204422.412 INFO             PET3   ------>Advancing SIMOCO from: 2012 10 24 18 30  0   0
20260905 204422.412 INFO             PET3   ---------------------> to: 2012 10 24 18 35  0   0
20260905 204422.412 INFO             PET3   SIMOCO Advance(): --- VMK::log() start -------------------------------------
20260905 204422.412 INFO             PET3   SIMOCO Advance(): vm located at: 0xe43780
20260905 204422.412 INFO             PET3   SIMOCO Advance(): mpionly=1 threadsflag=0
20260905 204422.412 INFO             PET3   SIMOCO Advance(): ssiCount=1 localSsi=0
20260905 204422.412 INFO             PET3   SIMOCO Advance(): devCount=0 ssiLocalDevCount=0
20260905 204422.412 INFO             PET3   SIMOCO Advance(): petCount=4 ssiLocalPetCount=4
20260905 204422.412 INFO             PET3   SIMOCO Advance(): localPet=3 mypthid=139924603341760 ssiLocalPet=3 currentSsiPe=3
20260905 204422.412 INFO             PET3   SIMOCO Advance(): Current system level affinity pinning for local PET:
20260905 204422.412 INFO             PET3   SIMOCO Advance():  SSIPE=3
20260905 204422.412 INFO             PET3   SIMOCO Advance(): Current system level OMP_NUM_THREADS setting for local PET: 1
20260905 204422.412 INFO             PET3   SIMOCO Advance(): Current system level OMP_NUM_PROCS setting for local PET: 1
20260905 204422.412 INFO             PET3   SIMOCO Advance(): ESMF level logical PET->PE association (but consider system level affinity pinning!):
20260905 204422.412 INFO             PET3   SIMOCO Advance(): PET=0 lpid=0 tid=0 pid=0 peCount=1 accCount=0
20260905 204422.412 INFO             PET3   SIMOCO Advance():  PE=0 SSI=0 SSIPE=0
20260905 204422.412 INFO             PET3   SIMOCO Advance(): PET=1 lpid=1 tid=0 pid=1 peCount=1 accCount=0
20260905 204422.412 INFO             PET3   SIMOCO Advance():  PE=1 SSI=0 SSIPE=1
20260905 204422.412 INFO             PET3   SIMOCO Advance(): PET=2 lpid=2 tid=0 pid=2 peCount=1 accCount=0
20260905 204422.412 INFO             PET3   SIMOCO Advance():  PE=2 SSI=0 SSIPE=2
20260905 204422.412 INFO             PET3   SIMOCO Advance(): PET=3 lpid=3 tid=0 pid=3 peCount=1 accCount=0
20260905 204422.412 INFO             PET3   SIMOCO Advance():  PE=3 SSI=0 SSIPE=3
20260905 204422.412 INFO             PET3   SIMOCO Advance(): --- VMK::log() end ---------------------------------------
20260905 204422.412 INFO             PET3   ------>Advancing SIMOCO from: 2012 10 24 18 35  0   0
20260905 204422.412 INFO             PET3   ---------------------> to: 2012 10 24 18 40  0   0
20260905 204422.412 INFO             PET3   SIMOCO Advance(): --- VMK::log() start -------------------------------------
20260905 204422.412 INFO             PET3   SIMOCO Advance(): vm located at: 0xe43780
20260905 204422.412 INFO             PET3   SIMOCO Advance(): mpionly=1 threadsflag=0
20260905 204422.412 INFO             PET3   SIMOCO Advance(): ssiCount=1 localSsi=0
20260905 204422.412 INFO             PET3   SIMOCO Advance(): devCount=0 ssiLocalDevCount=0
20260905 204422.412 INFO             PET3   SIMOCO Advance(): petCount=4 ssiLocalPetCount=4
20260905 204422.412 INFO             PET3   SIMOCO Advance(): localPet=3 mypthid=139924603341760 ssiLocalPet=3 currentSsiPe=3
20260905 204422.412 INFO             PET3   SIMOCO Advance(): Current system level affinity pinning for local PET:
20260905 204422.412 INFO             PET3   SIMOCO Advance():  SSIPE=3
20260905 204422.412 INFO             PET3   SIMOCO Advance(): Current system level OMP_NUM_THREADS setting for local PET: 1
20260905 204422.412 INFO             PET3   SIMOCO Advance(): Current system level OMP_NUM_PROCS setting for local PET: 1
20260905 204422.412 INFO             PET3   SIMOCO Advance(): ESMF level logical PET->PE association (but consider system level affinity pinning!):
20260905 204422.412 INFO             PET3   SIMOCO Advance(): PET=0 lpid=0 tid=0 pid=0 peCount=1 accCount=0
20260905 204422.412 INFO             PET3   SIMOCO Advance():  PE=0 SSI=0 SSIPE=0
20260905 204422.412 INFO             PET3   SIMOCO Advance(): PET=1 lpid=1 tid=0 pid=1 peCount=1 accCount=0
20260905 204422.412 INFO             PET3   SIMOCO Advance():  PE=1 SSI=0 SSIPE=1
20260905 204422.412 INFO             PET3   SIMOCO Advance(): PET=2 lpid=2 tid=0 pid=2 peCount=1 accCount=0
20260905 204422.412 INFO             PET3   SIMOCO Advance():  PE=2 SSI=0 SSIPE=2
20260905 204422.412 INFO             PET3   SIMOCO Advance(): PET=3 lpid=3 tid=0 pid=3 peCount=1 accCount=0
20260905 204422.412 INFO             PET3   SIMOCO Advance():  PE=3 SSI=0 SSIPE=3
20260905 204422.412 INFO             PET3   SIMOCO Advance(): --- VMK::log() end ---------------------------------------
20260905 204422.412 INFO             PET3   ------>Advancing SIMOCO from: 2012 10 24 18 40  0   0
20260905 204422.412 INFO             PET3   ---------------------> to: 2012 10 24 18 45  0   0
20260905 204422.412 INFO             PET3   SIMOCO Advance(): --- VMK::log() start -------------------------------------
20260905 204422.412 INFO             PET3   SIMOCO Advance(): vm located at: 0xe43780
20260905 204422.412 INFO             PET3   SIMOCO Advance(): mpionly=1 threadsflag=0
20260905 204422.412 INFO             PET3   SIMOCO Advance(): ssiCount=1 localSsi=0
20260905 204422.412 INFO             PET3   SIMOCO Advance(): devCount=0 ssiLocalDevCount=0
20260905 204422.412 INFO             PET3   SIMOCO Advance(): petCount=4 ssiLocalPetCount=4
20260905 204422.412 INFO             PET3   SIMOCO Advance(): localPet=3 mypthid=139924603341760 ssiLocalPet=3 currentSsiPe=3
20260905 204422.412 INFO             PET3   SIMOCO Advance(): Current system level affinity pinning for local PET:
20260905 204422.412 INFO             PET3   SIMOCO Advance():  SSIPE=3
20260905 204422.412 INFO             PET3   SIMOCO Advance(): Current system level OMP_NUM_THREADS setting for local PET: 1
20260905 204422.412 INFO             PET3   SIMOCO Advance(): Current system level OMP_NUM_PROCS setting for local PET: 1
20260905 204422.412 INFO             PET3   SIMOCO Advance(): ESMF level logical PET->PE association (but consider system level affinity pinning!):
20260905 204422.412 INFO             PET3   SIMOCO Advance(): PET=0 lpid=0 tid=0 pid=0 peCount=1 accCount=0
20260905 204422.412 INFO             PET3   SIMOCO Advance():  PE=0 SSI=0 SSIPE=0
20260905 204422.412 INFO             PET3   SIMOCO Advance(): PET=1 lpid=1 tid=0 pid=1 peCount=1 accCount=0
20260905 204422.412 INFO             PET3   SIMOCO Advance():  PE=1 SSI=0 SSIPE=1
20260905 204422.412 INFO             PET3   SIMOCO Advance(): PET=2 lpid=2 tid=0 pid=2 peCount=1 accCount=0
20260905 204422.412 INFO             PET3   SIMOCO Advance():  PE=2 SSI=0 SSIPE=2
20260905 204422.412 INFO             PET3   SIMOCO Advance(): PET=3 lpid=3 tid=0 pid=3 peCount=1 accCount=0
20260905 204422.412 INFO             PET3   SIMOCO Advance():  PE=3 SSI=0 SSIPE=3
20260905 204422.412 INFO             PET3   SIMOCO Advance(): --- VMK::log() end ---------------------------------------
20260905 204422.412 INFO             PET3   ------>Advancing SIMOCO from: 2012 10 24 18 45  0   0
20260905 204422.412 INFO             PET3   ---------------------> to: 2012 10 24 18 50  0   0
20260905 204422.412 INFO             PET3   SIMOCO Advance(): --- VMK::log() start -------------------------------------
20260905 204422.412 INFO             PET3   SIMOCO Advance(): vm located at: 0xe43780
20260905 204422.412 INFO             PET3   SIMOCO Advance(): mpionly=1 threadsflag=0
20260905 204422.412 INFO             PET3   SIMOCO Advance(): ssiCount=1 localSsi=0
20260905 204422.412 INFO             PET3   SIMOCO Advance(): devCount=0 ssiLocalDevCount=0
20260905 204422.412 INFO             PET3   SIMOCO Advance(): petCount=4 ssiLocalPetCount=4
20260905 204422.412 INFO             PET3   SIMOCO Advance(): localPet=3 mypthid=139924603341760 ssiLocalPet=3 currentSsiPe=3
20260905 204422.412 INFO             PET3   SIMOCO Advance(): Current system level affinity pinning for local PET:
20260905 204422.412 INFO             PET3   SIMOCO Advance():  SSIPE=3
20260905 204422.412 INFO             PET3   SIMOCO Advance(): Current system level OMP_NUM_THREADS setting for local PET: 1
20260905 204422.412 INFO             PET3   SIMOCO Advance(): Current system level OMP_NUM_PROCS setting for local PET: 1
20260905 204422.412 INFO             PET3   SIMOCO Advance(): ESMF level logical PET->PE association (but consider system level affinity pinning!):
20260905 204422.412 INFO             PET3   SIMOCO Advance(): PET=0 lpid=0 tid=0 pid=0 peCount=1 accCount=0
20260905 204422.412 INFO             PET3   SIMOCO Advance():  PE=0 SSI=0 SSIPE=0
20260905 204422.412 INFO             PET3   SIMOCO Advance(): PET=1 lpid=1 tid=0 pid=1 peCount=1 accCount=0
20260905 204422.412 INFO             PET3   SIMOCO Advance():  PE=1 SSI=0 SSIPE=1
20260905 204422.412 INFO             PET3   SIMOCO Advance(): PET=2 lpid=2 tid=0 pid=2 peCount=1 accCount=0
20260905 204422.412 INFO             PET3   SIMOCO Advance():  PE=2 SSI=0 SSIPE=2
20260905 204422.412 INFO             PET3   SIMOCO Advance(): PET=3 lpid=3 tid=0 pid=3 peCount=1 accCount=0
20260905 204422.412 INFO             PET3   SIMOCO Advance():  PE=3 SSI=0 SSIPE=3
20260905 204422.412 INFO             PET3   SIMOCO Advance(): --- VMK::log() end ---------------------------------------
20260905 204422.412 INFO             PET3   ------>Advancing SIMOCO from: 2012 10 24 18 50  0   0
20260905 204422.412 INFO             PET3   ---------------------> to: 2012 10 24 18 55  0   0
20260905 204422.412 INFO             PET3   SIMOCO Advance(): --- VMK::log() start -------------------------------------
20260905 204422.412 INFO             PET3   SIMOCO Advance(): vm located at: 0xe43780
20260905 204422.412 INFO             PET3   SIMOCO Advance(): mpionly=1 threadsflag=0
20260905 204422.412 INFO             PET3   SIMOCO Advance(): ssiCount=1 localSsi=0
20260905 204422.412 INFO             PET3   SIMOCO Advance(): devCount=0 ssiLocalDevCount=0
20260905 204422.412 INFO             PET3   SIMOCO Advance(): petCount=4 ssiLocalPetCount=4
20260905 204422.412 INFO             PET3   SIMOCO Advance(): localPet=3 mypthid=139924603341760 ssiLocalPet=3 currentSsiPe=3
20260905 204422.412 INFO             PET3   SIMOCO Advance(): Current system level affinity pinning for local PET:
20260905 204422.412 INFO             PET3   SIMOCO Advance():  SSIPE=3
20260905 204422.412 INFO             PET3   SIMOCO Advance(): Current system level OMP_NUM_THREADS setting for local PET: 1
20260905 204422.412 INFO             PET3   SIMOCO Advance(): Current system level OMP_NUM_PROCS setting for local PET: 1
20260905 204422.412 INFO             PET3   SIMOCO Advance(): ESMF level logical PET->PE association (but consider system level affinity pinning!):
20260905 204422.412 INFO             PET3   SIMOCO Advance(): PET=0 lpid=0 tid=0 pid=0 peCount=1 accCount=0
20260905 204422.412 INFO             PET3   SIMOCO Advance():  PE=0 SSI=0 SSIPE=0
20260905 204422.412 INFO             PET3   SIMOCO Advance(): PET=1 lpid=1 tid=0 pid=1 peCount=1 accCount=0
20260905 204422.412 INFO             PET3   SIMOCO Advance():  PE=1 SSI=0 SSIPE=1
20260905 204422.412 INFO             PET3   SIMOCO Advance(): PET=2 lpid=2 tid=0 pid=2 peCount=1 accCount=0
20260905 204422.412 INFO             PET3   SIMOCO Advance():  PE=2 SSI=0 SSIPE=2
20260905 204422.412 INFO             PET3   SIMOCO Advance(): PET=3 lpid=3 tid=0 pid=3 peCount=1 accCount=0
20260905 204422.412 INFO             PET3   SIMOCO Advance():  PE=3 SSI=0 SSIPE=3
20260905 204422.412 INFO             PET3   SIMOCO Advance(): --- VMK::log() end ---------------------------------------
20260905 204422.412 INFO             PET3   ------>Advancing SIMOCO from: 2012 10 24 18 55  0   0
20260905 204422.412 INFO             PET3   ---------------------> to: 2012 10 24 19  0  0   0
20260905 204422.412 INFO             PET3   <<<ESMX_Driver: leaving Run (phase=RunPhase1) with current time: 2012 10 24 19  0  0   0
20260905 204422.412 INFO             PET3 ESMX_Driver: Run extro.
20260905 204422.412 INFO             PET3 ESMX_Driver: Finalize intro.
20260905 204422.412 INFO             PET3   >>>ESMX_Driver: entered Finalize (phase=FinalizePhase1) with current time: 2012 10 24 19  0  0   0
20260905 204422.412 INFO             PET3   Calling Finalize phase 1 for modelComp: MDL
20260905 204422.413 INFO             PET3   Delete modelComp: MDL
20260905 204422.413 INFO             PET3   <<<ESMX_Driver: leaving Finalize (phase=FinalizePhase1) with current time: 2012 10 24 19  0  0   0
20260905 204422.413 INFO             PET3 ESMX_Driver: Finalize extro.
20260905 204422.413 INFO             PET3 =============================================
20260905 204422.413 INFO             PET3 ESMX (Earth System Model eXecutable) FINISHED
20260905 204422.413 INFO             PET3 =============================================
20260905 204422.413 INFO             PET3  Finalizing ESMF
