2026-09-21 23:02:22
20260922 003715.711 INFO             PET0 !!!!!!!!!!!!!!!!!!!!!!!!!!!!!!!!!!!!!!!!!!!!!!!!!!!!!!
20260922 003715.711 INFO             PET0 !!! THE ESMF_LOG IS SET TO OUTPUT ALL LOG MESSAGES !!!
20260922 003715.711 INFO             PET0 !!!     THIS MAY CAUSE SLOWDOWN IN PERFORMANCE     !!!
20260922 003715.711 INFO             PET0 !!! FOR PRODUCTION RUNS, USE:                      !!!
20260922 003715.711 INFO             PET0 !!!                   ESMF_LOGKIND_Multi_On_Error  !!!
20260922 003715.711 INFO             PET0 !!!!!!!!!!!!!!!!!!!!!!!!!!!!!!!!!!!!!!!!!!!!!!!!!!!!!!
20260922 003715.711 INFO             PET0 Running with ESMF Version   : v9.0.0b19
20260922 003715.711 INFO             PET0 ESMF library build date/time: "Sep 21 2026" "22:58:06"
20260922 003715.711 INFO             PET0 ESMF library build location : /discover/nobackup/projects/gmao/SIteam/ESMF_Testing/nvhpc_26.1_openmpi_O_develop/esmf
20260922 003715.711 INFO             PET0 ESMF_COMM                   : openmpi
20260922 003715.711 INFO             PET0 ESMF_MOAB                   : enabled
20260922 003715.711 INFO             PET0 ESMF_LAPACK                 : enabled
20260922 003715.711 INFO             PET0 ESMF_NETCDF                 : disabled
20260922 003715.711 INFO             PET0 ESMF_PNETCDF                : disabled
20260922 003715.711 INFO             PET0 ESMF_PIO                    : disabled
20260922 003715.711 INFO             PET0 ESMF_YAMLCPP                : enabled
20260922 003715.712 INFO             PET0 externalApp STARTING
20260922 003715.721 INFO             PET0 ESMX_Driver - Creating model component ATM with petList of size 2 :
20260922 003715.721 INFO             PET0       0      1
20260922 003715.721 DEBUG            PET0 Generic SetVM() is executing for: ATM
20260922 003715.721 DEBUG            PET0 Generic SetVM() found no NUOPC Hint for: ATM
20260922 003715.721 DEBUG            PET0 Generic SetVM() therefore is NOT calling ESMF_GridCompSetVMMaxPEs() for: ATM
20260922 003715.724 INFO             PET0 ESMX_Driver - Creating model component OCN with petList of size 2 :
20260922 003715.724 INFO             PET0       2      3
20260922 003715.724 DEBUG            PET0 Generic SetVM() is executing for: OCN
20260922 003715.724 DEBUG            PET0 Generic SetVM() found no NUOPC Hint for: OCN
20260922 003715.724 DEBUG            PET0 Generic SetVM() therefore is NOT calling ESMF_GridCompSetVMMaxPEs() for: OCN
20260922 003715.725 INFO             PET0 ESMX_Driver - Creating connector component ESMX_Driver-TO-ATM without petList.
20260922 003715.728 INFO             PET0 ESMX_Driver - Creating connector component ESMX_Driver-TO-OCN without petList.
20260922 003715.730 INFO             PET0 ESMX_Driver - Creating connector component ATM-TO-ESMX_Driver without petList.
20260922 003715.732 INFO             PET0 ESMX_Driver - Creating connector component OCN-TO-ESMX_Driver without petList.
20260922 003715.734 INFO             PET0 ATM: InitializeP0 intro.
20260922 003715.734 INFO             PET0   >>>ATM: entered Initialize (phase=<none>) without valid internal Clock.
20260922 003715.735 INFO             PET0   <<<ATM: leaving Initialize (phase=<none>) without valid internal Clock.
20260922 003715.735 INFO             PET0 ATM: InitializeP0 extro.
20260922 003715.736 INFO             PET0 ESMX_Driver-TO-ATM: InitializeP0 intro.
20260922 003715.736 INFO             PET0 ESMX_Driver-TO-ATM: InitializeP0 extro.
20260922 003715.736 INFO             PET0 ESMX_Driver-TO-OCN: InitializeP0 intro.
20260922 003715.736 INFO             PET0 ESMX_Driver-TO-OCN: InitializeP0 extro.
20260922 003715.737 INFO             PET0 ATM-TO-ESMX_Driver: InitializeP0 intro.
20260922 003715.737 INFO             PET0 ATM-TO-ESMX_Driver: InitializeP0 extro.
20260922 003715.737 INFO             PET0 OCN-TO-ESMX_Driver: InitializeP0 intro.
20260922 003715.737 INFO             PET0 OCN-TO-ESMX_Driver: InitializeP0 extro.
20260922 003715.738 INFO             PET0 ESMX_Driver - Creating connector component ATM-TO-OCN with petList of size 4 :
20260922 003715.738 INFO             PET0       0      1      2      3
20260922 003715.741 INFO             PET0 ESMX_Driver - Setting Verbosity on created component to: low
20260922 003715.741 INFO             PET0 ESMX_Driver - Setting Profiling on created component to:          0
20260922 003715.741 INFO             PET0 ESMX_Driver - Creating connector component OCN-TO-ATM with petList of size 4 :
20260922 003715.741 INFO             PET0       2      3      0      1
20260922 003715.743 INFO             PET0 ESMX_Driver - Setting Verbosity on created component to: low
20260922 003715.743 INFO             PET0 ESMX_Driver - Setting Profiling on created component to:          0
20260922 003715.744 INFO             PET0 ESMX_Driver: IInitAdvertise intro.
20260922 003715.744 INFO             PET0   >>>ESMX_Driver: entered Initialize (phase=<none>) with current time: 2010  6  1  0  0  0   0
20260922 003715.744 INFO             PET0   <<<ESMX_Driver: leaving Initialize (phase=<none>) with current time: 2010  6  1  0  0  0   0
20260922 003715.744 INFO             PET0 ESMX_Driver: IInitAdvertise extro.
20260922 003715.744 INFO             PET0 ATM: InitializeIPDvXp01 intro.
20260922 003715.744 INFO             PET0   >>>ATM: entered Initialize (phase=IPDvXp01) without valid internal Clock.
20260922 003715.746 INFO             PET0   <<<ATM: leaving Initialize (phase=IPDvXp01) without valid internal Clock.
20260922 003715.746 INFO             PET0 ATM: InitializeIPDvXp01 extro.
20260922 003715.747 INFO             PET0 ATM-TO-ESMX_Driver: InitializeIPDv05p1 intro.
20260922 003715.749 INFO             PET0 ATM-TO-ESMX_Driver: InitializeIPDv05p1 extro.
20260922 003715.749 INFO             PET0 ATM-TO-OCN: InitializeIPDv05p1 intro.
20260922 003715.752 INFO             PET0 ATM-TO-OCN: InitializeIPDv05p1 extro.
20260922 003715.752 INFO             PET0 OCN-TO-ESMX_Driver: InitializeIPDv05p1 intro.
20260922 003715.753 INFO             PET0 OCN-TO-ESMX_Driver: InitializeIPDv05p1 extro.
20260922 003715.753 INFO             PET0 OCN-TO-ATM: InitializeIPDv05p1 intro.
20260922 003715.755 INFO             PET0 OCN-TO-ATM: InitializeIPDv05p1 extro.
20260922 003715.755 INFO             PET0 ESMX_Driver-TO-ATM: InitializeIPDv05p1 intro.
20260922 003715.756 INFO             PET0 ESMX_Driver-TO-ATM: InitializeIPDv05p1 extro.
20260922 003715.756 INFO             PET0 ESMX_Driver-TO-OCN: InitializeIPDv05p1 intro.
20260922 003715.757 INFO             PET0 ESMX_Driver-TO-OCN: InitializeIPDv05p1 extro.
20260922 003715.758 INFO             PET0 ESMX_Driver: IInitAdvertiseFinish intro.
20260922 003715.758 INFO             PET0   >>>ESMX_Driver: entered Initialize (phase=<none>) with current time: 2010  6  1  0  0  0   0
20260922 003715.758 INFO             PET0   <<<ESMX_Driver: leaving Initialize (phase=<none>) with current time: 2010  6  1  0  0  0   0
20260922 003715.758 INFO             PET0 ESMX_Driver: IInitAdvertiseFinish extro.
20260922 003715.758 INFO             PET0 ATM-TO-ESMX_Driver: InitializeIPDv05p2a intro.
20260922 003715.759 INFO             PET0 ATM-TO-ESMX_Driver: InitializeIPDv05p2a extro.
20260922 003715.759 INFO             PET0 ATM-TO-OCN: InitializeIPDv05p2a intro.
20260922 003715.762 INFO             PET0 ATM-TO-OCN: InitializeIPDv05p2a extro.
20260922 003715.762 INFO             PET0 OCN-TO-ESMX_Driver: InitializeIPDv05p2a intro.
20260922 003715.764 INFO             PET0 OCN-TO-ESMX_Driver: InitializeIPDv05p2a extro.
20260922 003715.764 INFO             PET0 OCN-TO-ATM: InitializeIPDv05p2a intro.
20260922 003715.766 INFO             PET0 OCN-TO-ATM: InitializeIPDv05p2a extro.
20260922 003715.766 INFO             PET0 ESMX_Driver-TO-ATM: InitializeIPDv05p2a intro.
20260922 003715.767 INFO             PET0 ESMX_Driver-TO-ATM: InitializeIPDv05p2a extro.
20260922 003715.767 INFO             PET0 ESMX_Driver-TO-OCN: InitializeIPDv05p2a intro.
20260922 003715.769 INFO             PET0 ESMX_Driver-TO-OCN: InitializeIPDv05p2a extro.
20260922 003715.769 INFO             PET0 ATM-TO-ESMX_Driver: InitializeIPDv05p2b intro.
20260922 003715.771 INFO             PET0 ATM-TO-ESMX_Driver: InitializeIPDv05p2b extro.
20260922 003715.771 INFO             PET0 ATM-TO-OCN: InitializeIPDv05p2b intro.
20260922 003715.774 INFO             PET0 ATM-TO-OCN: InitializeIPDv05p2b extro.
20260922 003715.774 INFO             PET0 OCN-TO-ESMX_Driver: InitializeIPDv05p2b intro.
20260922 003715.775 INFO             PET0 OCN-TO-ESMX_Driver: InitializeIPDv05p2b extro.
20260922 003715.775 INFO             PET0 OCN-TO-ATM: InitializeIPDv05p2b intro.
20260922 003715.777 INFO             PET0 OCN-TO-ATM: InitializeIPDv05p2b extro.
20260922 003715.777 INFO             PET0 ESMX_Driver-TO-ATM: InitializeIPDv05p2b intro.
20260922 003715.778 INFO             PET0 ESMX_Driver-TO-ATM: InitializeIPDv05p2b extro.
20260922 003715.778 INFO             PET0 ESMX_Driver-TO-OCN: InitializeIPDv05p2b intro.
20260922 003715.779 INFO             PET0 ESMX_Driver-TO-OCN: InitializeIPDv05p2b extro.
20260922 003715.779 INFO             PET0 ESMX_Driver: IInitModifyCplLists intro.
20260922 003715.779 INFO             PET0   >>>ESMX_Driver: entered Initialize (phase=<none>) with current time: 2010  6  1  0  0  0   0
20260922 003715.780 INFO             PET0   <<<ESMX_Driver: leaving Initialize (phase=<none>) with current time: 2010  6  1  0  0  0   0
20260922 003715.780 INFO             PET0 ESMX_Driver: IInitModifyCplLists extro.
20260922 003715.780 INFO             PET0 ATM-TO-ESMX_Driver: InitializeIPDv05p3 intro.
20260922 003715.782 INFO             PET0 ATM-TO-ESMX_Driver: InitializeIPDv05p3 extro.
20260922 003715.782 INFO             PET0 ATM-TO-OCN: InitializeIPDv05p3 intro.
20260922 003715.785 INFO             PET0 ATM-TO-OCN: InitializeIPDv05p3 extro.
20260922 003715.786 INFO             PET0 OCN-TO-ESMX_Driver: InitializeIPDv05p3 intro.
20260922 003715.788 INFO             PET0 OCN-TO-ESMX_Driver: InitializeIPDv05p3 extro.
20260922 003715.788 INFO             PET0 OCN-TO-ATM: InitializeIPDv05p3 intro.
20260922 003715.790 INFO             PET0 OCN-TO-ATM: InitializeIPDv05p3 extro.
20260922 003715.790 INFO             PET0 ESMX_Driver-TO-ATM: InitializeIPDv05p3 intro.
20260922 003715.791 INFO             PET0 ESMX_Driver-TO-ATM: InitializeIPDv05p3 extro.
20260922 003715.791 INFO             PET0 ESMX_Driver-TO-OCN: InitializeIPDv05p3 intro.
20260922 003715.792 INFO             PET0 ESMX_Driver-TO-OCN: InitializeIPDv05p3 extro.
20260922 003715.792 INFO             PET0 ESMX_Driver: InitializeIPDv02p3 intro.
20260922 003715.792 INFO             PET0   >>>ESMX_Driver: entered Initialize (phase=ExternalRealize) with current time: 2010  6  1  0  0  0   0
20260922 003715.792 INFO             PET0   ESMX_Driver: IInitCheck intro.
20260922 003715.792 INFO             PET0     >>>ESMX_Driver: entered Initialize (phase=<none>) with current time: 2010  6  1  0  0  0   0
20260922 003715.793 INFO             PET0     <<<ESMX_Driver: leaving Initialize (phase=<none>) with current time: 2010  6  1  0  0  0   0
20260922 003715.793 INFO             PET0   ESMX_Driver: IInitCheck extro.
20260922 003715.793 INFO             PET0   ATM: InitializeIPDvXp04 intro.
20260922 003715.793 INFO             PET0     >>>ATM: entered Initialize (phase=IPDvXp04) without valid internal Clock.
20260922 003715.804 INFO             PET0     <<<ATM: leaving Initialize (phase=IPDvXp04) without valid internal Clock.
20260922 003715.804 INFO             PET0   ATM: InitializeIPDvXp04 extro.
20260922 003715.811 INFO             PET0   ATM-TO-ESMX_Driver: InitializeIPDv05p4 intro.
20260922 003715.815 INFO             PET0   ATM-TO-ESMX_Driver: InitializeIPDv05p4 extro.
20260922 003715.815 INFO             PET0   ATM-TO-OCN: InitializeIPDv05p4 intro.
20260922 003715.821 INFO             PET0   ATM-TO-OCN: InitializeIPDv05p4 extro.
20260922 003715.821 INFO             PET0   OCN-TO-ESMX_Driver: InitializeIPDv05p4 intro.
20260922 003715.825 INFO             PET0   OCN-TO-ESMX_Driver: InitializeIPDv05p4 extro.
20260922 003715.825 INFO             PET0   OCN-TO-ATM: InitializeIPDv05p4 intro.
20260922 003715.829 INFO             PET0   OCN-TO-ATM: InitializeIPDv05p4 extro.
20260922 003715.829 INFO             PET0   ESMX_Driver-TO-ATM: InitializeIPDv05p4 intro.
20260922 003715.830 INFO             PET0   ESMX_Driver-TO-ATM: InitializeIPDv05p4 extro.
20260922 003715.830 INFO             PET0   ESMX_Driver-TO-OCN: InitializeIPDv05p4 intro.
20260922 003715.832 INFO             PET0   ESMX_Driver-TO-OCN: InitializeIPDv05p4 extro.
20260922 003715.833 INFO             PET0   ATM-TO-ESMX_Driver: InitializeIPDv05p5 intro.
20260922 003715.840 INFO             PET0   ATM-TO-ESMX_Driver: InitializeIPDv05p5 extro.
20260922 003715.840 INFO             PET0   ATM-TO-OCN: InitializeIPDv05p5 intro.
20260922 003715.846 INFO             PET0   ATM-TO-OCN: InitializeIPDv05p5 extro.
20260922 003715.846 INFO             PET0   OCN-TO-ESMX_Driver: InitializeIPDv05p5 intro.
20260922 003715.861 INFO             PET0   OCN-TO-ESMX_Driver: InitializeIPDv05p5 extro.
20260922 003715.861 INFO             PET0   OCN-TO-ATM: InitializeIPDv05p5 intro.
20260922 003715.869 INFO             PET0   OCN-TO-ATM: InitializeIPDv05p5 extro.
20260922 003715.869 INFO             PET0   ESMX_Driver-TO-ATM: InitializeIPDv05p5 intro.
20260922 003715.870 INFO             PET0   ESMX_Driver-TO-ATM: InitializeIPDv05p5 extro.
20260922 003715.870 INFO             PET0   ESMX_Driver-TO-OCN: InitializeIPDv05p5 intro.
20260922 003715.873 INFO             PET0   ESMX_Driver-TO-OCN: InitializeIPDv05p5 extro.
20260922 003715.873 INFO             PET0   ESMX_Driver: IInitRealize intro.
20260922 003715.873 INFO             PET0     >>>ESMX_Driver: entered Initialize (phase=<none>) with current time: 2010  6  1  0  0  0   0
20260922 003715.873 INFO             PET0     <<<ESMX_Driver: leaving Initialize (phase=<none>) with current time: 2010  6  1  0  0  0   0
20260922 003715.873 INFO             PET0   ESMX_Driver: IInitRealize extro.
20260922 003715.874 INFO             PET0   ATM-TO-ESMX_Driver: InitializeIPDv05p6a intro.
20260922 003715.875 INFO             PET0   ATM-TO-ESMX_Driver: InitializeIPDv05p6a extro.
20260922 003715.876 INFO             PET0   ATM-TO-OCN: InitializeIPDv05p6a intro.
20260922 003715.880 INFO             PET0   ATM-TO-OCN: InitializeIPDv05p6a extro.
20260922 003715.880 INFO             PET0   OCN-TO-ESMX_Driver: InitializeIPDv05p6a intro.
20260922 003715.884 INFO             PET0   OCN-TO-ESMX_Driver: InitializeIPDv05p6a extro.
20260922 003715.884 INFO             PET0   OCN-TO-ATM: InitializeIPDv05p6a intro.
20260922 003715.887 INFO             PET0   OCN-TO-ATM: InitializeIPDv05p6a extro.
20260922 003715.887 INFO             PET0   ESMX_Driver-TO-ATM: InitializeIPDv05p6a intro.
20260922 003715.888 INFO             PET0   ESMX_Driver-TO-ATM: InitializeIPDv05p6a extro.
20260922 003715.889 INFO             PET0   ESMX_Driver-TO-OCN: InitializeIPDv05p6a intro.
20260922 003715.891 INFO             PET0   ESMX_Driver-TO-OCN: InitializeIPDv05p6a extro.
20260922 003715.891 INFO             PET0   ATM-TO-ESMX_Driver: InitializeIPDv05p6b intro.
20260922 003715.893 INFO             PET0   ATM-TO-ESMX_Driver: InitializeIPDv05p6b extro.
20260922 003715.893 INFO             PET0   ATM-TO-OCN: InitializeIPDv05p6b intro.
20260922 003715.944 INFO             PET0   ATM-TO-OCN: InitializeIPDv05p6b extro.
20260922 003715.944 INFO             PET0   OCN-TO-ESMX_Driver: InitializeIPDv05p6b intro.
20260922 003715.950 INFO             PET0   OCN-TO-ESMX_Driver: InitializeIPDv05p6b extro.
20260922 003715.950 INFO             PET0   OCN-TO-ATM: InitializeIPDv05p6b intro.
20260922 003715.994 INFO             PET0   OCN-TO-ATM: InitializeIPDv05p6b extro.
20260922 003715.994 INFO             PET0   ESMX_Driver-TO-ATM: InitializeIPDv05p6b intro.
20260922 003715.994 INFO             PET0   ESMX_Driver-TO-ATM: InitializeIPDv05p6b extro.
20260922 003715.995 INFO             PET0   ESMX_Driver-TO-OCN: InitializeIPDv05p6b intro.
20260922 003715.995 INFO             PET0   ESMX_Driver-TO-OCN: InitializeIPDv05p6b extro.
20260922 003715.995 INFO             PET0   ATM: InitializeIPDvXp07 intro.
20260922 003715.995 INFO             PET0     >>>ATM: entered Initialize (phase=IPDvXp07) without valid internal Clock.
20260922 003715.995 INFO             PET0     <<<ATM: leaving Initialize (phase=IPDvXp07) with current time: 2010  6  1  0  0  0   0
20260922 003715.995 INFO             PET0   ATM: InitializeIPDvXp07 extro.
20260922 003715.995 INFO             PET0   <<<ESMX_Driver: leaving Initialize (phase=ExternalRealize) with current time: 2010  6  1  0  0  0   0
20260922 003715.995 INFO             PET0 ESMX_Driver: InitializeIPDv02p3 extro.
20260922 003715.995 INFO             PET0 ESMX_Driver: InitializeIPDv02p5 intro.
20260922 003715.995 INFO             PET0   >>>ESMX_Driver: entered Initialize (phase=ExternalDataInitialize) with current time: 2010  6  1  0  0  0   0
20260922 003715.996 INFO             PET0   ESMX_Driver: InitializeIPDv02p5Data intro.
20260922 003715.996 INFO             PET0     >>>ESMX_Driver: entered Initialize (phase=ExternalDataInitialize) with current time: 2010  6  1  0  0  0   0
20260922 003715.996 INFO             PET0     ESMX_Driver: InternalInitializeComplete intro.
20260922 003715.996 INFO             PET0       >>>ESMX_Driver: entered Initialize (phase=<none>) with current time: 2010  6  1  0  0  0   0
20260922 003715.996 INFO             PET0       <<<ESMX_Driver: leaving Initialize (phase=<none>) with current time: 2010  6  1  0  0  0   0
20260922 003715.996 INFO             PET0     ESMX_Driver: InternalInitializeComplete extro.
20260922 003715.996 INFO             PET0     ATM: InitializeIPDv01p5 intro.
20260922 003715.996 INFO             PET0       >>>ATM: entered Initialize (phase=IPDvXp08) with current time: 2010  6  1  0  0  0   0
20260922 003715.996 INFO             PET0       <<<ATM: leaving Initialize (phase=IPDvXp08) with current time: 2010  6  1  0  0  0   0
20260922 003715.996 INFO             PET0     ATM: InitializeIPDv01p5 extro.
20260922 003715.997 INFO             PET0     ESMX_Driver: loopDataDependentInitialize intro.
20260922 003715.997 INFO             PET0       >>>ESMX_Driver: entered Initialize (phase=ExternalDataInitialize) with current time: 2010  6  1  0  0  0   0
20260922 003715.997 INFO             PET0       ATM-TO-ESMX_Driver: Run intro.
20260922 003715.997 INFO             PET0         >>>ATM-TO-ESMX_Driver entered Run (phase=RunPhase1)
20260922 003715.997 INFO             PET0         <<<ATM-TO-ESMX_Driver leaving Run (phase=RunPhase1)
20260922 003715.997 INFO             PET0       ATM-TO-ESMX_Driver: Run extro.
20260922 003715.997 INFO             PET0       OCN-TO-ESMX_Driver: Run intro.
20260922 003715.997 INFO             PET0         >>>OCN-TO-ESMX_Driver entered Run (phase=RunPhase1)
20260922 003715.997 INFO             PET0         <<<OCN-TO-ESMX_Driver leaving Run (phase=RunPhase1)
20260922 003715.997 INFO             PET0       OCN-TO-ESMX_Driver: Run extro.
20260922 003715.997 INFO             PET0       ESMX_Driver: InternalInitializeComplete intro.
20260922 003715.997 INFO             PET0         >>>ESMX_Driver: entered Initialize (phase=<none>) with current time: 2010  6  1  0  0  0   0
20260922 003715.997 INFO             PET0         <<<ESMX_Driver: leaving Initialize (phase=<none>) with current time: 2010  6  1  0  0  0   0
20260922 003715.997 INFO             PET0       ESMX_Driver: InternalInitializeComplete extro.
20260922 003715.998 INFO             PET0       <<<ESMX_Driver: leaving Initialize (phase=ExternalDataInitialize) with current time: 2010  6  1  0  0  0   0
20260922 003715.998 INFO             PET0     ESMX_Driver: loopDataDependentInitialize extro.
20260922 003715.998 INFO             PET0     <<<ESMX_Driver: leaving Initialize (phase=ExternalDataInitialize) with current time: 2010  6  1  0  0  0   0
20260922 003715.998 INFO             PET0   ESMX_Driver: InitializeIPDv02p5Data extro.
20260922 003715.998 INFO             PET0   <<<ESMX_Driver: leaving Initialize (phase=ExternalDataInitialize) with current time: 2010  6  1  0  0  0   0
20260922 003715.998 INFO             PET0 ESMX_Driver: InitializeIPDv02p5 extro.
20260922 003715.998 INFO             PET0 ESMX_Driver: Run intro.
20260922 003715.998 INFO             PET0   >>>ESMX_Driver: entered Run (phase=RunPhase1) with current time: 2010  6  1  0  0  0   0
20260922 003715.998 INFO             PET0   ESMX_Driver-TO-ATM: Run intro.
20260922 003715.998 INFO             PET0     >>>ESMX_Driver-TO-ATM entered Run (phase=RunPhase1)
20260922 003715.998 INFO             PET0     <<<ESMX_Driver-TO-ATM leaving Run (phase=RunPhase1)
20260922 003715.998 INFO             PET0   ESMX_Driver-TO-ATM: Run extro.
20260922 003715.998 INFO             PET0   ESMX_Driver-TO-OCN: Run intro.
20260922 003715.998 INFO             PET0     >>>ESMX_Driver-TO-OCN entered Run (phase=RunPhase1)
20260922 003715.998 INFO             PET0     <<<ESMX_Driver-TO-OCN leaving Run (phase=RunPhase1)
20260922 003715.998 INFO             PET0   ESMX_Driver-TO-OCN: Run extro.
20260922 003715.998 INFO             PET0   ATM-TO-OCN: Run intro.
20260922 003715.998 INFO             PET0     >>>ATM-TO-OCN entered Run (phase=RunPhase1)
20260922 003715.999 INFO             PET0     <<<ATM-TO-OCN leaving Run (phase=RunPhase1)
20260922 003715.999 INFO             PET0   ATM-TO-OCN: Run extro.
20260922 003715.999 INFO             PET0   OCN-TO-ATM: Run intro.
20260922 003715.999 INFO             PET0     >>>OCN-TO-ATM entered Run (phase=RunPhase1)
20260922 003715.999 INFO             PET0     <<<OCN-TO-ATM leaving Run (phase=RunPhase1)
20260922 003716.000 INFO             PET0   OCN-TO-ATM: Run extro.
20260922 003716.000 INFO             PET0   ATM: Run intro.
20260922 003716.000 INFO             PET0     >>>ATM: entered Run (phase=RunPhase1) with current time: 2010  6  1  0  0  0   0
20260922 003716.000 INFO             PET0     TAWAS Advance(): --- VMK::log() start -------------------------------------
20260922 003716.000 INFO             PET0     TAWAS Advance(): vm located at: 0x2597ad0
20260922 003716.000 INFO             PET0     TAWAS Advance(): mpionly=1 threadsflag=0
20260922 003716.000 INFO             PET0     TAWAS Advance(): ssiCount=1 localSsi=0
20260922 003716.000 INFO             PET0     TAWAS Advance(): devCount=0 ssiLocalDevCount=0
20260922 003716.000 INFO             PET0     TAWAS Advance(): petCount=2 ssiLocalPetCount=2
20260922 003716.000 INFO             PET0     TAWAS Advance(): localPet=0 mypthid=23366436574400 ssiLocalPet=0 currentSsiPe=0
20260922 003716.000 INFO             PET0     TAWAS Advance(): Current system level affinity pinning for local PET:
20260922 003716.000 INFO             PET0     TAWAS Advance():  SSIPE=0
20260922 003716.000 INFO             PET0     TAWAS Advance(): Current system level OMP_NUM_THREADS setting for local PET: 1
20260922 003716.000 INFO             PET0     TAWAS Advance(): Current system level OMP_NUM_PROCS setting for local PET: 1
20260922 003716.000 INFO             PET0     TAWAS Advance(): ESMF level logical PET->PE association (but consider system level affinity pinning!):
20260922 003716.000 INFO             PET0     TAWAS Advance(): PET=0 lpid=0 tid=0 pid=0 peCount=1 accCount=0
20260922 003716.000 INFO             PET0     TAWAS Advance():  PE=0 SSI=0 SSIPE=0
20260922 003716.000 INFO             PET0     TAWAS Advance(): PET=1 lpid=1 tid=0 pid=1 peCount=1 accCount=0
20260922 003716.000 INFO             PET0     TAWAS Advance():  PE=1 SSI=0 SSIPE=1
20260922 003716.000 INFO             PET0     TAWAS Advance(): --- VMK::log() end ---------------------------------------
20260922 003716.000 INFO             PET0     thread_num=   0   currentSsiPe=   0   num_threads=   1   max_threads=   1   num_procs=   1
20260922 003716.000 INFO             PET0     ------>Advancing TAWAS from: 2010  6  1  0  0  0   0
20260922 003716.000 INFO             PET0     ---------------------> to: 2010  6  1  0 15  0   0
20260922 003716.000 INFO             PET0     <<<ATM: leaving Run (phase=RunPhase1) with current time: 2010  6  1  0 15  0   0
20260922 003716.000 INFO             PET0   ATM: Run extro.
20260922 003716.000 INFO             PET0   ATM-TO-ESMX_Driver: Run intro.
20260922 003716.000 INFO             PET0     >>>ATM-TO-ESMX_Driver entered Run (phase=RunPhase1)
20260922 003716.000 INFO             PET0     <<<ATM-TO-ESMX_Driver leaving Run (phase=RunPhase1)
20260922 003716.000 INFO             PET0   ATM-TO-ESMX_Driver: Run extro.
20260922 003716.000 INFO             PET0   OCN-TO-ESMX_Driver: Run intro.
20260922 003716.001 INFO             PET0     >>>OCN-TO-ESMX_Driver entered Run (phase=RunPhase1)
20260922 003716.001 INFO             PET0     <<<OCN-TO-ESMX_Driver leaving Run (phase=RunPhase1)
20260922 003716.001 INFO             PET0   OCN-TO-ESMX_Driver: Run extro.
20260922 003716.001 INFO             PET0   <<<ESMX_Driver: leaving Run (phase=RunPhase1) with current time: 2010  6  1  0 15  0   0
20260922 003716.001 INFO             PET0 ESMX_Driver: Run extro.
20260922 003716.001 INFO             PET0 ESMX_Driver: Run intro.
20260922 003716.001 INFO             PET0   >>>ESMX_Driver: entered Run (phase=RunPhase1) with current time: 2010  6  1  0 15  0   0
20260922 003716.001 INFO             PET0   ESMX_Driver-TO-ATM: Run intro.
20260922 003716.001 INFO             PET0     >>>ESMX_Driver-TO-ATM entered Run (phase=RunPhase1)
20260922 003716.001 INFO             PET0     <<<ESMX_Driver-TO-ATM leaving Run (phase=RunPhase1)
20260922 003716.001 INFO             PET0   ESMX_Driver-TO-ATM: Run extro.
20260922 003716.002 INFO             PET0   ESMX_Driver-TO-OCN: Run intro.
20260922 003716.002 INFO             PET0     >>>ESMX_Driver-TO-OCN entered Run (phase=RunPhase1)
20260922 003716.002 INFO             PET0     <<<ESMX_Driver-TO-OCN leaving Run (phase=RunPhase1)
20260922 003716.002 INFO             PET0   ESMX_Driver-TO-OCN: Run extro.
20260922 003716.002 INFO             PET0   ATM-TO-OCN: Run intro.
20260922 003716.002 INFO             PET0     >>>ATM-TO-OCN entered Run (phase=RunPhase1)
20260922 003716.002 INFO             PET0     <<<ATM-TO-OCN leaving Run (phase=RunPhase1)
20260922 003716.002 INFO             PET0   ATM-TO-OCN: Run extro.
20260922 003716.002 INFO             PET0   OCN-TO-ATM: Run intro.
20260922 003716.002 INFO             PET0     >>>OCN-TO-ATM entered Run (phase=RunPhase1)
20260922 003716.003 INFO             PET0     <<<OCN-TO-ATM leaving Run (phase=RunPhase1)
20260922 003716.003 INFO             PET0   OCN-TO-ATM: Run extro.
20260922 003716.003 INFO             PET0   ATM: Run intro.
20260922 003716.003 INFO             PET0     >>>ATM: entered Run (phase=RunPhase1) with current time: 2010  6  1  0 15  0   0
20260922 003716.003 INFO             PET0     TAWAS Advance(): --- VMK::log() start -------------------------------------
20260922 003716.003 INFO             PET0     TAWAS Advance(): vm located at: 0x2597ad0
20260922 003716.003 INFO             PET0     TAWAS Advance(): mpionly=1 threadsflag=0
20260922 003716.003 INFO             PET0     TAWAS Advance(): ssiCount=1 localSsi=0
20260922 003716.003 INFO             PET0     TAWAS Advance(): devCount=0 ssiLocalDevCount=0
20260922 003716.003 INFO             PET0     TAWAS Advance(): petCount=2 ssiLocalPetCount=2
20260922 003716.003 INFO             PET0     TAWAS Advance(): localPet=0 mypthid=23366436574400 ssiLocalPet=0 currentSsiPe=0
20260922 003716.003 INFO             PET0     TAWAS Advance(): Current system level affinity pinning for local PET:
20260922 003716.003 INFO             PET0     TAWAS Advance():  SSIPE=0
20260922 003716.003 INFO             PET0     TAWAS Advance(): Current system level OMP_NUM_THREADS setting for local PET: 1
20260922 003716.003 INFO             PET0     TAWAS Advance(): Current system level OMP_NUM_PROCS setting for local PET: 1
20260922 003716.003 INFO             PET0     TAWAS Advance(): ESMF level logical PET->PE association (but consider system level affinity pinning!):
20260922 003716.003 INFO             PET0     TAWAS Advance(): PET=0 lpid=0 tid=0 pid=0 peCount=1 accCount=0
20260922 003716.003 INFO             PET0     TAWAS Advance():  PE=0 SSI=0 SSIPE=0
20260922 003716.003 INFO             PET0     TAWAS Advance(): PET=1 lpid=1 tid=0 pid=1 peCount=1 accCount=0
20260922 003716.003 INFO             PET0     TAWAS Advance():  PE=1 SSI=0 SSIPE=1
20260922 003716.003 INFO             PET0     TAWAS Advance(): --- VMK::log() end ---------------------------------------
20260922 003716.003 INFO             PET0     thread_num=   0   currentSsiPe=   0   num_threads=   1   max_threads=   1   num_procs=   1
20260922 003716.003 INFO             PET0     ------>Advancing TAWAS from: 2010  6  1  0 15  0   0
20260922 003716.004 INFO             PET0     ---------------------> to: 2010  6  1  0 30  0   0
20260922 003716.004 INFO             PET0     <<<ATM: leaving Run (phase=RunPhase1) with current time: 2010  6  1  0 30  0   0
20260922 003716.004 INFO             PET0   ATM: Run extro.
20260922 003716.004 INFO             PET0   ATM-TO-ESMX_Driver: Run intro.
20260922 003716.004 INFO             PET0     >>>ATM-TO-ESMX_Driver entered Run (phase=RunPhase1)
20260922 003716.004 INFO             PET0     <<<ATM-TO-ESMX_Driver leaving Run (phase=RunPhase1)
20260922 003716.004 INFO             PET0   ATM-TO-ESMX_Driver: Run extro.
20260922 003716.004 INFO             PET0   OCN-TO-ESMX_Driver: Run intro.
20260922 003716.004 INFO             PET0     >>>OCN-TO-ESMX_Driver entered Run (phase=RunPhase1)
20260922 003716.004 INFO             PET0     <<<OCN-TO-ESMX_Driver leaving Run (phase=RunPhase1)
20260922 003716.004 INFO             PET0   OCN-TO-ESMX_Driver: Run extro.
20260922 003716.004 INFO             PET0   <<<ESMX_Driver: leaving Run (phase=RunPhase1) with current time: 2010  6  1  0 30  0   0
20260922 003716.005 INFO             PET0 ESMX_Driver: Run extro.
20260922 003716.005 INFO             PET0 ESMX_Driver: Run intro.
20260922 003716.005 INFO             PET0   >>>ESMX_Driver: entered Run (phase=RunPhase1) with current time: 2010  6  1  0 30  0   0
20260922 003716.005 INFO             PET0   ESMX_Driver-TO-ATM: Run intro.
20260922 003716.005 INFO             PET0     >>>ESMX_Driver-TO-ATM entered Run (phase=RunPhase1)
20260922 003716.005 INFO             PET0     <<<ESMX_Driver-TO-ATM leaving Run (phase=RunPhase1)
20260922 003716.005 INFO             PET0   ESMX_Driver-TO-ATM: Run extro.
20260922 003716.005 INFO             PET0   ESMX_Driver-TO-OCN: Run intro.
20260922 003716.005 INFO             PET0     >>>ESMX_Driver-TO-OCN entered Run (phase=RunPhase1)
20260922 003716.005 INFO             PET0     <<<ESMX_Driver-TO-OCN leaving Run (phase=RunPhase1)
20260922 003716.005 INFO             PET0   ESMX_Driver-TO-OCN: Run extro.
20260922 003716.005 INFO             PET0   ATM-TO-OCN: Run intro.
20260922 003716.005 INFO             PET0     >>>ATM-TO-OCN entered Run (phase=RunPhase1)
20260922 003716.005 INFO             PET0     <<<ATM-TO-OCN leaving Run (phase=RunPhase1)
20260922 003716.005 INFO             PET0   ATM-TO-OCN: Run extro.
20260922 003716.005 INFO             PET0   OCN-TO-ATM: Run intro.
20260922 003716.005 INFO             PET0     >>>OCN-TO-ATM entered Run (phase=RunPhase1)
20260922 003716.005 INFO             PET0     <<<OCN-TO-ATM leaving Run (phase=RunPhase1)
20260922 003716.006 INFO             PET0   OCN-TO-ATM: Run extro.
20260922 003716.006 INFO             PET0   ATM: Run intro.
20260922 003716.006 INFO             PET0     >>>ATM: entered Run (phase=RunPhase1) with current time: 2010  6  1  0 30  0   0
20260922 003716.006 INFO             PET0     TAWAS Advance(): --- VMK::log() start -------------------------------------
20260922 003716.006 INFO             PET0     TAWAS Advance(): vm located at: 0x2597ad0
20260922 003716.006 INFO             PET0     TAWAS Advance(): mpionly=1 threadsflag=0
20260922 003716.006 INFO             PET0     TAWAS Advance(): ssiCount=1 localSsi=0
20260922 003716.006 INFO             PET0     TAWAS Advance(): devCount=0 ssiLocalDevCount=0
20260922 003716.006 INFO             PET0     TAWAS Advance(): petCount=2 ssiLocalPetCount=2
20260922 003716.006 INFO             PET0     TAWAS Advance(): localPet=0 mypthid=23366436574400 ssiLocalPet=0 currentSsiPe=0
20260922 003716.006 INFO             PET0     TAWAS Advance(): Current system level affinity pinning for local PET:
20260922 003716.006 INFO             PET0     TAWAS Advance():  SSIPE=0
20260922 003716.006 INFO             PET0     TAWAS Advance(): Current system level OMP_NUM_THREADS setting for local PET: 1
20260922 003716.006 INFO             PET0     TAWAS Advance(): Current system level OMP_NUM_PROCS setting for local PET: 1
20260922 003716.006 INFO             PET0     TAWAS Advance(): ESMF level logical PET->PE association (but consider system level affinity pinning!):
20260922 003716.006 INFO             PET0     TAWAS Advance(): PET=0 lpid=0 tid=0 pid=0 peCount=1 accCount=0
20260922 003716.006 INFO             PET0     TAWAS Advance():  PE=0 SSI=0 SSIPE=0
20260922 003716.006 INFO             PET0     TAWAS Advance(): PET=1 lpid=1 tid=0 pid=1 peCount=1 accCount=0
20260922 003716.006 INFO             PET0     TAWAS Advance():  PE=1 SSI=0 SSIPE=1
20260922 003716.006 INFO             PET0     TAWAS Advance(): --- VMK::log() end ---------------------------------------
20260922 003716.006 INFO             PET0     thread_num=   0   currentSsiPe=   0   num_threads=   1   max_threads=   1   num_procs=   1
20260922 003716.006 INFO             PET0     ------>Advancing TAWAS from: 2010  6  1  0 30  0   0
20260922 003716.006 INFO             PET0     ---------------------> to: 2010  6  1  0 45  0   0
20260922 003716.006 INFO             PET0     <<<ATM: leaving Run (phase=RunPhase1) with current time: 2010  6  1  0 45  0   0
20260922 003716.006 INFO             PET0   ATM: Run extro.
20260922 003716.006 INFO             PET0   ATM-TO-ESMX_Driver: Run intro.
20260922 003716.006 INFO             PET0     >>>ATM-TO-ESMX_Driver entered Run (phase=RunPhase1)
20260922 003716.006 INFO             PET0     <<<ATM-TO-ESMX_Driver leaving Run (phase=RunPhase1)
20260922 003716.006 INFO             PET0   ATM-TO-ESMX_Driver: Run extro.
20260922 003716.006 INFO             PET0   OCN-TO-ESMX_Driver: Run intro.
20260922 003716.006 INFO             PET0     >>>OCN-TO-ESMX_Driver entered Run (phase=RunPhase1)
20260922 003716.007 INFO             PET0     <<<OCN-TO-ESMX_Driver leaving Run (phase=RunPhase1)
20260922 003716.007 INFO             PET0   OCN-TO-ESMX_Driver: Run extro.
20260922 003716.007 INFO             PET0   <<<ESMX_Driver: leaving Run (phase=RunPhase1) with current time: 2010  6  1  0 45  0   0
20260922 003716.007 INFO             PET0 ESMX_Driver: Run extro.
20260922 003716.007 INFO             PET0 ESMX_Driver: Run intro.
20260922 003716.007 INFO             PET0   >>>ESMX_Driver: entered Run (phase=RunPhase1) with current time: 2010  6  1  0 45  0   0
20260922 003716.007 INFO             PET0   ESMX_Driver-TO-ATM: Run intro.
20260922 003716.007 INFO             PET0     >>>ESMX_Driver-TO-ATM entered Run (phase=RunPhase1)
20260922 003716.007 INFO             PET0     <<<ESMX_Driver-TO-ATM leaving Run (phase=RunPhase1)
20260922 003716.007 INFO             PET0   ESMX_Driver-TO-ATM: Run extro.
20260922 003716.007 INFO             PET0   ESMX_Driver-TO-OCN: Run intro.
20260922 003716.007 INFO             PET0     >>>ESMX_Driver-TO-OCN entered Run (phase=RunPhase1)
20260922 003716.007 INFO             PET0     <<<ESMX_Driver-TO-OCN leaving Run (phase=RunPhase1)
20260922 003716.007 INFO             PET0   ESMX_Driver-TO-OCN: Run extro.
20260922 003716.008 INFO             PET0   ATM-TO-OCN: Run intro.
20260922 003716.008 INFO             PET0     >>>ATM-TO-OCN entered Run (phase=RunPhase1)
20260922 003716.008 INFO             PET0     <<<ATM-TO-OCN leaving Run (phase=RunPhase1)
20260922 003716.008 INFO             PET0   ATM-TO-OCN: Run extro.
20260922 003716.008 INFO             PET0   OCN-TO-ATM: Run intro.
20260922 003716.008 INFO             PET0     >>>OCN-TO-ATM entered Run (phase=RunPhase1)
20260922 003716.008 INFO             PET0     <<<OCN-TO-ATM leaving Run (phase=RunPhase1)
20260922 003716.008 INFO             PET0   OCN-TO-ATM: Run extro.
20260922 003716.008 INFO             PET0   ATM: Run intro.
20260922 003716.008 INFO             PET0     >>>ATM: entered Run (phase=RunPhase1) with current time: 2010  6  1  0 45  0   0
20260922 003716.008 INFO             PET0     TAWAS Advance(): --- VMK::log() start -------------------------------------
20260922 003716.008 INFO             PET0     TAWAS Advance(): vm located at: 0x2597ad0
20260922 003716.008 INFO             PET0     TAWAS Advance(): mpionly=1 threadsflag=0
20260922 003716.008 INFO             PET0     TAWAS Advance(): ssiCount=1 localSsi=0
20260922 003716.008 INFO             PET0     TAWAS Advance(): devCount=0 ssiLocalDevCount=0
20260922 003716.008 INFO             PET0     TAWAS Advance(): petCount=2 ssiLocalPetCount=2
20260922 003716.008 INFO             PET0     TAWAS Advance(): localPet=0 mypthid=23366436574400 ssiLocalPet=0 currentSsiPe=0
20260922 003716.008 INFO             PET0     TAWAS Advance(): Current system level affinity pinning for local PET:
20260922 003716.008 INFO             PET0     TAWAS Advance():  SSIPE=0
20260922 003716.008 INFO             PET0     TAWAS Advance(): Current system level OMP_NUM_THREADS setting for local PET: 1
20260922 003716.008 INFO             PET0     TAWAS Advance(): Current system level OMP_NUM_PROCS setting for local PET: 1
20260922 003716.008 INFO             PET0     TAWAS Advance(): ESMF level logical PET->PE association (but consider system level affinity pinning!):
20260922 003716.008 INFO             PET0     TAWAS Advance(): PET=0 lpid=0 tid=0 pid=0 peCount=1 accCount=0
20260922 003716.008 INFO             PET0     TAWAS Advance():  PE=0 SSI=0 SSIPE=0
20260922 003716.008 INFO             PET0     TAWAS Advance(): PET=1 lpid=1 tid=0 pid=1 peCount=1 accCount=0
20260922 003716.008 INFO             PET0     TAWAS Advance():  PE=1 SSI=0 SSIPE=1
20260922 003716.008 INFO             PET0     TAWAS Advance(): --- VMK::log() end ---------------------------------------
20260922 003716.008 INFO             PET0     thread_num=   0   currentSsiPe=   0   num_threads=   1   max_threads=   1   num_procs=   1
20260922 003716.008 INFO             PET0     ------>Advancing TAWAS from: 2010  6  1  0 45  0   0
20260922 003716.008 INFO             PET0     ---------------------> to: 2010  6  1  1  0  0   0
20260922 003716.009 INFO             PET0     <<<ATM: leaving Run (phase=RunPhase1) with current time: 2010  6  1  1  0  0   0
20260922 003716.009 INFO             PET0   ATM: Run extro.
20260922 003716.009 INFO             PET0   ATM-TO-ESMX_Driver: Run intro.
20260922 003716.009 INFO             PET0     >>>ATM-TO-ESMX_Driver entered Run (phase=RunPhase1)
20260922 003716.009 INFO             PET0     <<<ATM-TO-ESMX_Driver leaving Run (phase=RunPhase1)
20260922 003716.009 INFO             PET0   ATM-TO-ESMX_Driver: Run extro.
20260922 003716.009 INFO             PET0   OCN-TO-ESMX_Driver: Run intro.
20260922 003716.009 INFO             PET0     >>>OCN-TO-ESMX_Driver entered Run (phase=RunPhase1)
20260922 003716.009 INFO             PET0     <<<OCN-TO-ESMX_Driver leaving Run (phase=RunPhase1)
20260922 003716.009 INFO             PET0   OCN-TO-ESMX_Driver: Run extro.
20260922 003716.009 INFO             PET0   <<<ESMX_Driver: leaving Run (phase=RunPhase1) with current time: 2010  6  1  1  0  0   0
20260922 003716.009 INFO             PET0 ESMX_Driver: Run extro.
20260922 003716.010 INFO             PET0 ESMX_Driver: Finalize intro.
20260922 003716.010 INFO             PET0   >>>ESMX_Driver: entered Finalize (phase=FinalizePhase1) with current time: 2010  6  1  1  0  0   0
20260922 003716.010 INFO             PET0   Calling Finalize phase 1 for connectorComp: ESMX_Driver-TO-ATM
20260922 003716.010 INFO             PET0   ESMX_Driver-TO-ATM: Finalize intro.
20260922 003716.010 INFO             PET0   ESMX_Driver-TO-ATM: Finalize extro.
20260922 003716.010 INFO             PET0   Calling Finalize phase 1 for connectorComp: ESMX_Driver-TO-OCN
20260922 003716.010 INFO             PET0   ESMX_Driver-TO-OCN: Finalize intro.
20260922 003716.010 INFO             PET0   ESMX_Driver-TO-OCN: Finalize extro.
20260922 003716.010 INFO             PET0   Calling Finalize phase 1 for connectorComp: ATM-TO-ESMX_Driver
20260922 003716.010 INFO             PET0   ATM-TO-ESMX_Driver: Finalize intro.
20260922 003716.010 INFO             PET0   ATM-TO-ESMX_Driver: Finalize extro.
20260922 003716.010 INFO             PET0   Calling Finalize phase 1 for connectorComp: ATM-TO-OCN
20260922 003716.010 INFO             PET0   ATM-TO-OCN: Finalize intro.
20260922 003716.010 INFO             PET0   ATM-TO-OCN: Finalize extro.
20260922 003716.010 INFO             PET0   Calling Finalize phase 1 for connectorComp: OCN-TO-ESMX_Driver
20260922 003716.010 INFO             PET0   OCN-TO-ESMX_Driver: Finalize intro.
20260922 003716.010 INFO             PET0   OCN-TO-ESMX_Driver: Finalize extro.
20260922 003716.010 INFO             PET0   Calling Finalize phase 1 for connectorComp: OCN-TO-ATM
20260922 003716.010 INFO             PET0   OCN-TO-ATM: Finalize intro.
20260922 003716.010 INFO             PET0   OCN-TO-ATM: Finalize extro.
20260922 003716.011 INFO             PET0   Calling Finalize phase 1 for modelComp: ATM
20260922 003716.011 INFO             PET0   ATM: Finalize intro.
20260922 003716.011 INFO             PET0     >>>ATM: entered Finalize (phase=FinalizePhase1) with current time: 2010  6  1  1  0  0   0
20260922 003716.011 INFO             PET0     <<<ATM: leaving Finalize (phase=FinalizePhase1) with current time: 2010  6  1  1  0  0   0
20260922 003716.011 INFO             PET0   ATM: Finalize extro.
20260922 003716.011 INFO             PET0   Calling Finalize phase 1 for modelComp: OCN
20260922 003716.011 INFO             PET0   Delete modelComp: ATM
20260922 003716.011 INFO             PET0   Delete modelComp: OCN
20260922 003716.011 INFO             PET0   Delete connectorComp: ESMX_Driver-TO-ATM
20260922 003716.011 INFO             PET0   Delete connectorComp: ESMX_Driver-TO-OCN
20260922 003716.011 INFO             PET0   Delete connectorComp: ATM-TO-ESMX_Driver
20260922 003716.011 INFO             PET0   Delete connectorComp: OCN-TO-ESMX_Driver
20260922 003716.011 INFO             PET0   Delete connectorComp: ATM-TO-OCN
20260922 003716.011 INFO             PET0   Delete connectorComp: OCN-TO-ATM
20260922 003716.011 INFO             PET0   <<<ESMX_Driver: leaving Finalize (phase=FinalizePhase1) with current time: 2010  6  1  1  0  0   0
20260922 003716.011 INFO             PET0 ESMX_Driver: Finalize extro.
20260922 003716.011 INFO             PET0 externalApp FINISHED
20260922 003716.011 INFO             PET0  Finalizing ESMF
20260922 003715.712 INFO             PET1 !!!!!!!!!!!!!!!!!!!!!!!!!!!!!!!!!!!!!!!!!!!!!!!!!!!!!!
20260922 003715.712 INFO             PET1 !!! THE ESMF_LOG IS SET TO OUTPUT ALL LOG MESSAGES !!!
20260922 003715.712 INFO             PET1 !!!     THIS MAY CAUSE SLOWDOWN IN PERFORMANCE     !!!
20260922 003715.712 INFO             PET1 !!! FOR PRODUCTION RUNS, USE:                      !!!
20260922 003715.712 INFO             PET1 !!!                   ESMF_LOGKIND_Multi_On_Error  !!!
20260922 003715.712 INFO             PET1 !!!!!!!!!!!!!!!!!!!!!!!!!!!!!!!!!!!!!!!!!!!!!!!!!!!!!!
20260922 003715.712 INFO             PET1 Running with ESMF Version   : v9.0.0b19
20260922 003715.712 INFO             PET1 ESMF library build date/time: "Sep 21 2026" "22:58:06"
20260922 003715.712 INFO             PET1 ESMF library build location : /discover/nobackup/projects/gmao/SIteam/ESMF_Testing/nvhpc_26.1_openmpi_O_develop/esmf
20260922 003715.712 INFO             PET1 ESMF_COMM                   : openmpi
20260922 003715.712 INFO             PET1 ESMF_MOAB                   : enabled
20260922 003715.712 INFO             PET1 ESMF_LAPACK                 : enabled
20260922 003715.712 INFO             PET1 ESMF_NETCDF                 : disabled
20260922 003715.712 INFO             PET1 ESMF_PNETCDF                : disabled
20260922 003715.712 INFO             PET1 ESMF_PIO                    : disabled
20260922 003715.712 INFO             PET1 ESMF_YAMLCPP                : enabled
20260922 003715.712 INFO             PET1 externalApp STARTING
20260922 003715.721 INFO             PET1 ESMX_Driver - Creating model component ATM with petList of size 2 :
20260922 003715.721 INFO             PET1       0      1
20260922 003715.721 DEBUG            PET1 Generic SetVM() is executing for: ATM
20260922 003715.721 DEBUG            PET1 Generic SetVM() found no NUOPC Hint for: ATM
20260922 003715.721 DEBUG            PET1 Generic SetVM() therefore is NOT calling ESMF_GridCompSetVMMaxPEs() for: ATM
20260922 003715.724 INFO             PET1 ESMX_Driver - Creating model component OCN with petList of size 2 :
20260922 003715.724 INFO             PET1       2      3
20260922 003715.724 DEBUG            PET1 Generic SetVM() is executing for: OCN
20260922 003715.724 DEBUG            PET1 Generic SetVM() found no NUOPC Hint for: OCN
20260922 003715.724 DEBUG            PET1 Generic SetVM() therefore is NOT calling ESMF_GridCompSetVMMaxPEs() for: OCN
20260922 003715.725 INFO             PET1 ESMX_Driver - Creating connector component ESMX_Driver-TO-ATM without petList.
20260922 003715.728 INFO             PET1 ESMX_Driver - Creating connector component ESMX_Driver-TO-OCN without petList.
20260922 003715.730 INFO             PET1 ESMX_Driver - Creating connector component ATM-TO-ESMX_Driver without petList.
20260922 003715.732 INFO             PET1 ESMX_Driver - Creating connector component OCN-TO-ESMX_Driver without petList.
20260922 003715.734 INFO             PET1 ATM: InitializeP0 intro.
20260922 003715.734 INFO             PET1   >>>ATM: entered Initialize (phase=<none>) without valid internal Clock.
20260922 003715.735 INFO             PET1   <<<ATM: leaving Initialize (phase=<none>) without valid internal Clock.
20260922 003715.735 INFO             PET1 ATM: InitializeP0 extro.
20260922 003715.736 INFO             PET1 ESMX_Driver-TO-ATM: InitializeP0 intro.
20260922 003715.736 INFO             PET1 ESMX_Driver-TO-ATM: InitializeP0 extro.
20260922 003715.736 INFO             PET1 ESMX_Driver-TO-OCN: InitializeP0 intro.
20260922 003715.736 INFO             PET1 ESMX_Driver-TO-OCN: InitializeP0 extro.
20260922 003715.737 INFO             PET1 ATM-TO-ESMX_Driver: InitializeP0 intro.
20260922 003715.737 INFO             PET1 ATM-TO-ESMX_Driver: InitializeP0 extro.
20260922 003715.737 INFO             PET1 OCN-TO-ESMX_Driver: InitializeP0 intro.
20260922 003715.737 INFO             PET1 OCN-TO-ESMX_Driver: InitializeP0 extro.
20260922 003715.738 INFO             PET1 ESMX_Driver - Creating connector component ATM-TO-OCN with petList of size 4 :
20260922 003715.738 INFO             PET1       0      1      2      3
20260922 003715.741 INFO             PET1 ESMX_Driver - Setting Verbosity on created component to: low
20260922 003715.741 INFO             PET1 ESMX_Driver - Setting Profiling on created component to:          0
20260922 003715.741 INFO             PET1 ESMX_Driver - Creating connector component OCN-TO-ATM with petList of size 4 :
20260922 003715.741 INFO             PET1       2      3      0      1
20260922 003715.743 INFO             PET1 ESMX_Driver - Setting Verbosity on created component to: low
20260922 003715.743 INFO             PET1 ESMX_Driver - Setting Profiling on created component to:          0
20260922 003715.744 INFO             PET1 ESMX_Driver: IInitAdvertise intro.
20260922 003715.744 INFO             PET1   >>>ESMX_Driver: entered Initialize (phase=<none>) with current time: 2010  6  1  0  0  0   0
20260922 003715.744 INFO             PET1   <<<ESMX_Driver: leaving Initialize (phase=<none>) with current time: 2010  6  1  0  0  0   0
20260922 003715.744 INFO             PET1 ESMX_Driver: IInitAdvertise extro.
20260922 003715.744 INFO             PET1 ATM: InitializeIPDvXp01 intro.
20260922 003715.744 INFO             PET1   >>>ATM: entered Initialize (phase=IPDvXp01) without valid internal Clock.
20260922 003715.746 INFO             PET1   <<<ATM: leaving Initialize (phase=IPDvXp01) without valid internal Clock.
20260922 003715.746 INFO             PET1 ATM: InitializeIPDvXp01 extro.
20260922 003715.747 INFO             PET1 ATM-TO-ESMX_Driver: InitializeIPDv05p1 intro.
20260922 003715.749 INFO             PET1 ATM-TO-ESMX_Driver: InitializeIPDv05p1 extro.
20260922 003715.749 INFO             PET1 ATM-TO-OCN: InitializeIPDv05p1 intro.
20260922 003715.752 INFO             PET1 ATM-TO-OCN: InitializeIPDv05p1 extro.
20260922 003715.752 INFO             PET1 OCN-TO-ESMX_Driver: InitializeIPDv05p1 intro.
20260922 003715.753 INFO             PET1 OCN-TO-ESMX_Driver: InitializeIPDv05p1 extro.
20260922 003715.753 INFO             PET1 OCN-TO-ATM: InitializeIPDv05p1 intro.
20260922 003715.755 INFO             PET1 OCN-TO-ATM: InitializeIPDv05p1 extro.
20260922 003715.755 INFO             PET1 ESMX_Driver-TO-ATM: InitializeIPDv05p1 intro.
20260922 003715.756 INFO             PET1 ESMX_Driver-TO-ATM: InitializeIPDv05p1 extro.
20260922 003715.756 INFO             PET1 ESMX_Driver-TO-OCN: InitializeIPDv05p1 intro.
20260922 003715.757 INFO             PET1 ESMX_Driver-TO-OCN: InitializeIPDv05p1 extro.
20260922 003715.758 INFO             PET1 ESMX_Driver: IInitAdvertiseFinish intro.
20260922 003715.758 INFO             PET1   >>>ESMX_Driver: entered Initialize (phase=<none>) with current time: 2010  6  1  0  0  0   0
20260922 003715.758 INFO             PET1   <<<ESMX_Driver: leaving Initialize (phase=<none>) with current time: 2010  6  1  0  0  0   0
20260922 003715.758 INFO             PET1 ESMX_Driver: IInitAdvertiseFinish extro.
20260922 003715.758 INFO             PET1 ATM-TO-ESMX_Driver: InitializeIPDv05p2a intro.
20260922 003715.759 INFO             PET1 ATM-TO-ESMX_Driver: InitializeIPDv05p2a extro.
20260922 003715.759 INFO             PET1 ATM-TO-OCN: InitializeIPDv05p2a intro.
20260922 003715.762 INFO             PET1 ATM-TO-OCN: InitializeIPDv05p2a extro.
20260922 003715.762 INFO             PET1 OCN-TO-ESMX_Driver: InitializeIPDv05p2a intro.
20260922 003715.764 INFO             PET1 OCN-TO-ESMX_Driver: InitializeIPDv05p2a extro.
20260922 003715.764 INFO             PET1 OCN-TO-ATM: InitializeIPDv05p2a intro.
20260922 003715.766 INFO             PET1 OCN-TO-ATM: InitializeIPDv05p2a extro.
20260922 003715.766 INFO             PET1 ESMX_Driver-TO-ATM: InitializeIPDv05p2a intro.
20260922 003715.767 INFO             PET1 ESMX_Driver-TO-ATM: InitializeIPDv05p2a extro.
20260922 003715.767 INFO             PET1 ESMX_Driver-TO-OCN: InitializeIPDv05p2a intro.
20260922 003715.769 INFO             PET1 ESMX_Driver-TO-OCN: InitializeIPDv05p2a extro.
20260922 003715.769 INFO             PET1 ATM-TO-ESMX_Driver: InitializeIPDv05p2b intro.
20260922 003715.771 INFO             PET1 ATM-TO-ESMX_Driver: InitializeIPDv05p2b extro.
20260922 003715.771 INFO             PET1 ATM-TO-OCN: InitializeIPDv05p2b intro.
20260922 003715.774 INFO             PET1 ATM-TO-OCN: InitializeIPDv05p2b extro.
20260922 003715.774 INFO             PET1 OCN-TO-ESMX_Driver: InitializeIPDv05p2b intro.
20260922 003715.775 INFO             PET1 OCN-TO-ESMX_Driver: InitializeIPDv05p2b extro.
20260922 003715.775 INFO             PET1 OCN-TO-ATM: InitializeIPDv05p2b intro.
20260922 003715.777 INFO             PET1 OCN-TO-ATM: InitializeIPDv05p2b extro.
20260922 003715.777 INFO             PET1 ESMX_Driver-TO-ATM: InitializeIPDv05p2b intro.
20260922 003715.778 INFO             PET1 ESMX_Driver-TO-ATM: InitializeIPDv05p2b extro.
20260922 003715.778 INFO             PET1 ESMX_Driver-TO-OCN: InitializeIPDv05p2b intro.
20260922 003715.779 INFO             PET1 ESMX_Driver-TO-OCN: InitializeIPDv05p2b extro.
20260922 003715.779 INFO             PET1 ESMX_Driver: IInitModifyCplLists intro.
20260922 003715.779 INFO             PET1   >>>ESMX_Driver: entered Initialize (phase=<none>) with current time: 2010  6  1  0  0  0   0
20260922 003715.780 INFO             PET1   <<<ESMX_Driver: leaving Initialize (phase=<none>) with current time: 2010  6  1  0  0  0   0
20260922 003715.780 INFO             PET1 ESMX_Driver: IInitModifyCplLists extro.
20260922 003715.780 INFO             PET1 ATM-TO-ESMX_Driver: InitializeIPDv05p3 intro.
20260922 003715.782 INFO             PET1 ATM-TO-ESMX_Driver: InitializeIPDv05p3 extro.
20260922 003715.782 INFO             PET1 ATM-TO-OCN: InitializeIPDv05p3 intro.
20260922 003715.785 INFO             PET1 ATM-TO-OCN: InitializeIPDv05p3 extro.
20260922 003715.786 INFO             PET1 OCN-TO-ESMX_Driver: InitializeIPDv05p3 intro.
20260922 003715.788 INFO             PET1 OCN-TO-ESMX_Driver: InitializeIPDv05p3 extro.
20260922 003715.788 INFO             PET1 OCN-TO-ATM: InitializeIPDv05p3 intro.
20260922 003715.790 INFO             PET1 OCN-TO-ATM: InitializeIPDv05p3 extro.
20260922 003715.790 INFO             PET1 ESMX_Driver-TO-ATM: InitializeIPDv05p3 intro.
20260922 003715.791 INFO             PET1 ESMX_Driver-TO-ATM: InitializeIPDv05p3 extro.
20260922 003715.791 INFO             PET1 ESMX_Driver-TO-OCN: InitializeIPDv05p3 intro.
20260922 003715.792 INFO             PET1 ESMX_Driver-TO-OCN: InitializeIPDv05p3 extro.
20260922 003715.792 INFO             PET1 ESMX_Driver: InitializeIPDv02p3 intro.
20260922 003715.792 INFO             PET1   >>>ESMX_Driver: entered Initialize (phase=ExternalRealize) with current time: 2010  6  1  0  0  0   0
20260922 003715.792 INFO             PET1   ESMX_Driver: IInitCheck intro.
20260922 003715.792 INFO             PET1     >>>ESMX_Driver: entered Initialize (phase=<none>) with current time: 2010  6  1  0  0  0   0
20260922 003715.793 INFO             PET1     <<<ESMX_Driver: leaving Initialize (phase=<none>) with current time: 2010  6  1  0  0  0   0
20260922 003715.793 INFO             PET1   ESMX_Driver: IInitCheck extro.
20260922 003715.793 INFO             PET1   ATM: InitializeIPDvXp04 intro.
20260922 003715.793 INFO             PET1     >>>ATM: entered Initialize (phase=IPDvXp04) without valid internal Clock.
20260922 003715.804 INFO             PET1     <<<ATM: leaving Initialize (phase=IPDvXp04) without valid internal Clock.
20260922 003715.804 INFO             PET1   ATM: InitializeIPDvXp04 extro.
20260922 003715.811 INFO             PET1   ATM-TO-ESMX_Driver: InitializeIPDv05p4 intro.
20260922 003715.815 INFO             PET1   ATM-TO-ESMX_Driver: InitializeIPDv05p4 extro.
20260922 003715.815 INFO             PET1   ATM-TO-OCN: InitializeIPDv05p4 intro.
20260922 003715.821 INFO             PET1   ATM-TO-OCN: InitializeIPDv05p4 extro.
20260922 003715.821 INFO             PET1   OCN-TO-ESMX_Driver: InitializeIPDv05p4 intro.
20260922 003715.825 INFO             PET1   OCN-TO-ESMX_Driver: InitializeIPDv05p4 extro.
20260922 003715.825 INFO             PET1   OCN-TO-ATM: InitializeIPDv05p4 intro.
20260922 003715.829 INFO             PET1   OCN-TO-ATM: InitializeIPDv05p4 extro.
20260922 003715.829 INFO             PET1   ESMX_Driver-TO-ATM: InitializeIPDv05p4 intro.
20260922 003715.830 INFO             PET1   ESMX_Driver-TO-ATM: InitializeIPDv05p4 extro.
20260922 003715.830 INFO             PET1   ESMX_Driver-TO-OCN: InitializeIPDv05p4 intro.
20260922 003715.832 INFO             PET1   ESMX_Driver-TO-OCN: InitializeIPDv05p4 extro.
20260922 003715.833 INFO             PET1   ATM-TO-ESMX_Driver: InitializeIPDv05p5 intro.
20260922 003715.840 INFO             PET1   ATM-TO-ESMX_Driver: InitializeIPDv05p5 extro.
20260922 003715.840 INFO             PET1   ATM-TO-OCN: InitializeIPDv05p5 intro.
20260922 003715.846 INFO             PET1   ATM-TO-OCN: InitializeIPDv05p5 extro.
20260922 003715.846 INFO             PET1   OCN-TO-ESMX_Driver: InitializeIPDv05p5 intro.
20260922 003715.861 INFO             PET1   OCN-TO-ESMX_Driver: InitializeIPDv05p5 extro.
20260922 003715.861 INFO             PET1   OCN-TO-ATM: InitializeIPDv05p5 intro.
20260922 003715.869 INFO             PET1   OCN-TO-ATM: InitializeIPDv05p5 extro.
20260922 003715.869 INFO             PET1   ESMX_Driver-TO-ATM: InitializeIPDv05p5 intro.
20260922 003715.870 INFO             PET1   ESMX_Driver-TO-ATM: InitializeIPDv05p5 extro.
20260922 003715.870 INFO             PET1   ESMX_Driver-TO-OCN: InitializeIPDv05p5 intro.
20260922 003715.873 INFO             PET1   ESMX_Driver-TO-OCN: InitializeIPDv05p5 extro.
20260922 003715.873 INFO             PET1   ESMX_Driver: IInitRealize intro.
20260922 003715.873 INFO             PET1     >>>ESMX_Driver: entered Initialize (phase=<none>) with current time: 2010  6  1  0  0  0   0
20260922 003715.873 INFO             PET1     <<<ESMX_Driver: leaving Initialize (phase=<none>) with current time: 2010  6  1  0  0  0   0
20260922 003715.873 INFO             PET1   ESMX_Driver: IInitRealize extro.
20260922 003715.874 INFO             PET1   ATM-TO-ESMX_Driver: InitializeIPDv05p6a intro.
20260922 003715.875 INFO             PET1   ATM-TO-ESMX_Driver: InitializeIPDv05p6a extro.
20260922 003715.876 INFO             PET1   ATM-TO-OCN: InitializeIPDv05p6a intro.
20260922 003715.880 INFO             PET1   ATM-TO-OCN: InitializeIPDv05p6a extro.
20260922 003715.880 INFO             PET1   OCN-TO-ESMX_Driver: InitializeIPDv05p6a intro.
20260922 003715.884 INFO             PET1   OCN-TO-ESMX_Driver: InitializeIPDv05p6a extro.
20260922 003715.884 INFO             PET1   OCN-TO-ATM: InitializeIPDv05p6a intro.
20260922 003715.887 INFO             PET1   OCN-TO-ATM: InitializeIPDv05p6a extro.
20260922 003715.887 INFO             PET1   ESMX_Driver-TO-ATM: InitializeIPDv05p6a intro.
20260922 003715.888 INFO             PET1   ESMX_Driver-TO-ATM: InitializeIPDv05p6a extro.
20260922 003715.889 INFO             PET1   ESMX_Driver-TO-OCN: InitializeIPDv05p6a intro.
20260922 003715.891 INFO             PET1   ESMX_Driver-TO-OCN: InitializeIPDv05p6a extro.
20260922 003715.891 INFO             PET1   ATM-TO-ESMX_Driver: InitializeIPDv05p6b intro.
20260922 003715.893 INFO             PET1   ATM-TO-ESMX_Driver: InitializeIPDv05p6b extro.
20260922 003715.893 INFO             PET1   ATM-TO-OCN: InitializeIPDv05p6b intro.
20260922 003715.944 INFO             PET1   ATM-TO-OCN: InitializeIPDv05p6b extro.
20260922 003715.944 INFO             PET1   OCN-TO-ESMX_Driver: InitializeIPDv05p6b intro.
20260922 003715.950 INFO             PET1   OCN-TO-ESMX_Driver: InitializeIPDv05p6b extro.
20260922 003715.950 INFO             PET1   OCN-TO-ATM: InitializeIPDv05p6b intro.
20260922 003715.994 INFO             PET1   OCN-TO-ATM: InitializeIPDv05p6b extro.
20260922 003715.994 INFO             PET1   ESMX_Driver-TO-ATM: InitializeIPDv05p6b intro.
20260922 003715.994 INFO             PET1   ESMX_Driver-TO-ATM: InitializeIPDv05p6b extro.
20260922 003715.995 INFO             PET1   ESMX_Driver-TO-OCN: InitializeIPDv05p6b intro.
20260922 003715.995 INFO             PET1   ESMX_Driver-TO-OCN: InitializeIPDv05p6b extro.
20260922 003715.995 INFO             PET1   ATM: InitializeIPDvXp07 intro.
20260922 003715.995 INFO             PET1     >>>ATM: entered Initialize (phase=IPDvXp07) without valid internal Clock.
20260922 003715.995 INFO             PET1     <<<ATM: leaving Initialize (phase=IPDvXp07) with current time: 2010  6  1  0  0  0   0
20260922 003715.995 INFO             PET1   ATM: InitializeIPDvXp07 extro.
20260922 003715.995 INFO             PET1   <<<ESMX_Driver: leaving Initialize (phase=ExternalRealize) with current time: 2010  6  1  0  0  0   0
20260922 003715.995 INFO             PET1 ESMX_Driver: InitializeIPDv02p3 extro.
20260922 003715.995 INFO             PET1 ESMX_Driver: InitializeIPDv02p5 intro.
20260922 003715.995 INFO             PET1   >>>ESMX_Driver: entered Initialize (phase=ExternalDataInitialize) with current time: 2010  6  1  0  0  0   0
20260922 003715.996 INFO             PET1   ESMX_Driver: InitializeIPDv02p5Data intro.
20260922 003715.996 INFO             PET1     >>>ESMX_Driver: entered Initialize (phase=ExternalDataInitialize) with current time: 2010  6  1  0  0  0   0
20260922 003715.996 INFO             PET1     ESMX_Driver: InternalInitializeComplete intro.
20260922 003715.996 INFO             PET1       >>>ESMX_Driver: entered Initialize (phase=<none>) with current time: 2010  6  1  0  0  0   0
20260922 003715.996 INFO             PET1       <<<ESMX_Driver: leaving Initialize (phase=<none>) with current time: 2010  6  1  0  0  0   0
20260922 003715.996 INFO             PET1     ESMX_Driver: InternalInitializeComplete extro.
20260922 003715.996 INFO             PET1     ATM: InitializeIPDv01p5 intro.
20260922 003715.996 INFO             PET1       >>>ATM: entered Initialize (phase=IPDvXp08) with current time: 2010  6  1  0  0  0   0
20260922 003715.996 INFO             PET1       <<<ATM: leaving Initialize (phase=IPDvXp08) with current time: 2010  6  1  0  0  0   0
20260922 003715.996 INFO             PET1     ATM: InitializeIPDv01p5 extro.
20260922 003715.997 INFO             PET1     ESMX_Driver: loopDataDependentInitialize intro.
20260922 003715.997 INFO             PET1       >>>ESMX_Driver: entered Initialize (phase=ExternalDataInitialize) with current time: 2010  6  1  0  0  0   0
20260922 003715.997 INFO             PET1       ATM-TO-ESMX_Driver: Run intro.
20260922 003715.997 INFO             PET1         >>>ATM-TO-ESMX_Driver entered Run (phase=RunPhase1)
20260922 003715.997 INFO             PET1         <<<ATM-TO-ESMX_Driver leaving Run (phase=RunPhase1)
20260922 003715.997 INFO             PET1       ATM-TO-ESMX_Driver: Run extro.
20260922 003715.997 INFO             PET1       OCN-TO-ESMX_Driver: Run intro.
20260922 003715.997 INFO             PET1         >>>OCN-TO-ESMX_Driver entered Run (phase=RunPhase1)
20260922 003715.997 INFO             PET1         <<<OCN-TO-ESMX_Driver leaving Run (phase=RunPhase1)
20260922 003715.997 INFO             PET1       OCN-TO-ESMX_Driver: Run extro.
20260922 003715.997 INFO             PET1       ESMX_Driver: InternalInitializeComplete intro.
20260922 003715.997 INFO             PET1         >>>ESMX_Driver: entered Initialize (phase=<none>) with current time: 2010  6  1  0  0  0   0
20260922 003715.997 INFO             PET1         <<<ESMX_Driver: leaving Initialize (phase=<none>) with current time: 2010  6  1  0  0  0   0
20260922 003715.997 INFO             PET1       ESMX_Driver: InternalInitializeComplete extro.
20260922 003715.998 INFO             PET1       <<<ESMX_Driver: leaving Initialize (phase=ExternalDataInitialize) with current time: 2010  6  1  0  0  0   0
20260922 003715.998 INFO             PET1     ESMX_Driver: loopDataDependentInitialize extro.
20260922 003715.998 INFO             PET1     <<<ESMX_Driver: leaving Initialize (phase=ExternalDataInitialize) with current time: 2010  6  1  0  0  0   0
20260922 003715.998 INFO             PET1   ESMX_Driver: InitializeIPDv02p5Data extro.
20260922 003715.998 INFO             PET1   <<<ESMX_Driver: leaving Initialize (phase=ExternalDataInitialize) with current time: 2010  6  1  0  0  0   0
20260922 003715.998 INFO             PET1 ESMX_Driver: InitializeIPDv02p5 extro.
20260922 003715.998 INFO             PET1 ESMX_Driver: Run intro.
20260922 003715.998 INFO             PET1   >>>ESMX_Driver: entered Run (phase=RunPhase1) with current time: 2010  6  1  0  0  0   0
20260922 003715.998 INFO             PET1   ESMX_Driver-TO-ATM: Run intro.
20260922 003715.998 INFO             PET1     >>>ESMX_Driver-TO-ATM entered Run (phase=RunPhase1)
20260922 003715.998 INFO             PET1     <<<ESMX_Driver-TO-ATM leaving Run (phase=RunPhase1)
20260922 003715.998 INFO             PET1   ESMX_Driver-TO-ATM: Run extro.
20260922 003715.998 INFO             PET1   ESMX_Driver-TO-OCN: Run intro.
20260922 003715.998 INFO             PET1     >>>ESMX_Driver-TO-OCN entered Run (phase=RunPhase1)
20260922 003715.998 INFO             PET1     <<<ESMX_Driver-TO-OCN leaving Run (phase=RunPhase1)
20260922 003715.998 INFO             PET1   ESMX_Driver-TO-OCN: Run extro.
20260922 003715.998 INFO             PET1   ATM-TO-OCN: Run intro.
20260922 003715.998 INFO             PET1     >>>ATM-TO-OCN entered Run (phase=RunPhase1)
20260922 003715.999 INFO             PET1     <<<ATM-TO-OCN leaving Run (phase=RunPhase1)
20260922 003715.999 INFO             PET1   ATM-TO-OCN: Run extro.
20260922 003716.000 INFO             PET1   OCN-TO-ATM: Run intro.
20260922 003716.000 INFO             PET1     >>>OCN-TO-ATM entered Run (phase=RunPhase1)
20260922 003716.000 INFO             PET1     <<<OCN-TO-ATM leaving Run (phase=RunPhase1)
20260922 003716.000 INFO             PET1   OCN-TO-ATM: Run extro.
20260922 003716.000 INFO             PET1   ATM: Run intro.
20260922 003716.001 INFO             PET1     >>>ATM: entered Run (phase=RunPhase1) with current time: 2010  6  1  0  0  0   0
20260922 003716.001 INFO             PET1     TAWAS Advance(): --- VMK::log() start -------------------------------------
20260922 003716.001 INFO             PET1     TAWAS Advance(): vm located at: 0x1a366e0
20260922 003716.001 INFO             PET1     TAWAS Advance(): mpionly=1 threadsflag=0
20260922 003716.001 INFO             PET1     TAWAS Advance(): ssiCount=1 localSsi=0
20260922 003716.001 INFO             PET1     TAWAS Advance(): devCount=0 ssiLocalDevCount=0
20260922 003716.001 INFO             PET1     TAWAS Advance(): petCount=2 ssiLocalPetCount=2
20260922 003716.001 INFO             PET1     TAWAS Advance(): localPet=1 mypthid=23125160076480 ssiLocalPet=1 currentSsiPe=1
20260922 003716.001 INFO             PET1     TAWAS Advance(): Current system level affinity pinning for local PET:
20260922 003716.001 INFO             PET1     TAWAS Advance():  SSIPE=1
20260922 003716.001 INFO             PET1     TAWAS Advance(): Current system level OMP_NUM_THREADS setting for local PET: 1
20260922 003716.001 INFO             PET1     TAWAS Advance(): Current system level OMP_NUM_PROCS setting for local PET: 1
20260922 003716.001 INFO             PET1     TAWAS Advance(): ESMF level logical PET->PE association (but consider system level affinity pinning!):
20260922 003716.001 INFO             PET1     TAWAS Advance(): PET=0 lpid=0 tid=0 pid=0 peCount=1 accCount=0
20260922 003716.001 INFO             PET1     TAWAS Advance():  PE=0 SSI=0 SSIPE=0
20260922 003716.001 INFO             PET1     TAWAS Advance(): PET=1 lpid=1 tid=0 pid=1 peCount=1 accCount=0
20260922 003716.001 INFO             PET1     TAWAS Advance():  PE=1 SSI=0 SSIPE=1
20260922 003716.001 INFO             PET1     TAWAS Advance(): --- VMK::log() end ---------------------------------------
20260922 003716.001 INFO             PET1     thread_num=   0   currentSsiPe=   1   num_threads=   1   max_threads=   1   num_procs=   1
20260922 003716.001 INFO             PET1     ------>Advancing TAWAS from: 2010  6  1  0  0  0   0
20260922 003716.001 INFO             PET1     ---------------------> to: 2010  6  1  0 15  0   0
20260922 003716.001 INFO             PET1     <<<ATM: leaving Run (phase=RunPhase1) with current time: 2010  6  1  0 15  0   0
20260922 003716.001 INFO             PET1   ATM: Run extro.
20260922 003716.001 INFO             PET1   ATM-TO-ESMX_Driver: Run intro.
20260922 003716.001 INFO             PET1     >>>ATM-TO-ESMX_Driver entered Run (phase=RunPhase1)
20260922 003716.001 INFO             PET1     <<<ATM-TO-ESMX_Driver leaving Run (phase=RunPhase1)
20260922 003716.001 INFO             PET1   ATM-TO-ESMX_Driver: Run extro.
20260922 003716.001 INFO             PET1   OCN-TO-ESMX_Driver: Run intro.
20260922 003716.001 INFO             PET1     >>>OCN-TO-ESMX_Driver entered Run (phase=RunPhase1)
20260922 003716.002 INFO             PET1     <<<OCN-TO-ESMX_Driver leaving Run (phase=RunPhase1)
20260922 003716.002 INFO             PET1   OCN-TO-ESMX_Driver: Run extro.
20260922 003716.002 INFO             PET1   <<<ESMX_Driver: leaving Run (phase=RunPhase1) with current time: 2010  6  1  0 15  0   0
20260922 003716.002 INFO             PET1 ESMX_Driver: Run extro.
20260922 003716.002 INFO             PET1 ESMX_Driver: Run intro.
20260922 003716.002 INFO             PET1   >>>ESMX_Driver: entered Run (phase=RunPhase1) with current time: 2010  6  1  0 15  0   0
20260922 003716.002 INFO             PET1   ESMX_Driver-TO-ATM: Run intro.
20260922 003716.002 INFO             PET1     >>>ESMX_Driver-TO-ATM entered Run (phase=RunPhase1)
20260922 003716.002 INFO             PET1     <<<ESMX_Driver-TO-ATM leaving Run (phase=RunPhase1)
20260922 003716.002 INFO             PET1   ESMX_Driver-TO-ATM: Run extro.
20260922 003716.002 INFO             PET1   ESMX_Driver-TO-OCN: Run intro.
20260922 003716.002 INFO             PET1     >>>ESMX_Driver-TO-OCN entered Run (phase=RunPhase1)
20260922 003716.002 INFO             PET1     <<<ESMX_Driver-TO-OCN leaving Run (phase=RunPhase1)
20260922 003716.002 INFO             PET1   ESMX_Driver-TO-OCN: Run extro.
20260922 003716.003 INFO             PET1   ATM-TO-OCN: Run intro.
20260922 003716.003 INFO             PET1     >>>ATM-TO-OCN entered Run (phase=RunPhase1)
20260922 003716.003 INFO             PET1     <<<ATM-TO-OCN leaving Run (phase=RunPhase1)
20260922 003716.003 INFO             PET1   ATM-TO-OCN: Run extro.
20260922 003716.003 INFO             PET1   OCN-TO-ATM: Run intro.
20260922 003716.003 INFO             PET1     >>>OCN-TO-ATM entered Run (phase=RunPhase1)
20260922 003716.003 INFO             PET1     <<<OCN-TO-ATM leaving Run (phase=RunPhase1)
20260922 003716.003 INFO             PET1   OCN-TO-ATM: Run extro.
20260922 003716.003 INFO             PET1   ATM: Run intro.
20260922 003716.003 INFO             PET1     >>>ATM: entered Run (phase=RunPhase1) with current time: 2010  6  1  0 15  0   0
20260922 003716.003 INFO             PET1     TAWAS Advance(): --- VMK::log() start -------------------------------------
20260922 003716.003 INFO             PET1     TAWAS Advance(): vm located at: 0x1a366e0
20260922 003716.003 INFO             PET1     TAWAS Advance(): mpionly=1 threadsflag=0
20260922 003716.003 INFO             PET1     TAWAS Advance(): ssiCount=1 localSsi=0
20260922 003716.003 INFO             PET1     TAWAS Advance(): devCount=0 ssiLocalDevCount=0
20260922 003716.003 INFO             PET1     TAWAS Advance(): petCount=2 ssiLocalPetCount=2
20260922 003716.003 INFO             PET1     TAWAS Advance(): localPet=1 mypthid=23125160076480 ssiLocalPet=1 currentSsiPe=1
20260922 003716.003 INFO             PET1     TAWAS Advance(): Current system level affinity pinning for local PET:
20260922 003716.003 INFO             PET1     TAWAS Advance():  SSIPE=1
20260922 003716.003 INFO             PET1     TAWAS Advance(): Current system level OMP_NUM_THREADS setting for local PET: 1
20260922 003716.003 INFO             PET1     TAWAS Advance(): Current system level OMP_NUM_PROCS setting for local PET: 1
20260922 003716.003 INFO             PET1     TAWAS Advance(): ESMF level logical PET->PE association (but consider system level affinity pinning!):
20260922 003716.003 INFO             PET1     TAWAS Advance(): PET=0 lpid=0 tid=0 pid=0 peCount=1 accCount=0
20260922 003716.003 INFO             PET1     TAWAS Advance():  PE=0 SSI=0 SSIPE=0
20260922 003716.003 INFO             PET1     TAWAS Advance(): PET=1 lpid=1 tid=0 pid=1 peCount=1 accCount=0
20260922 003716.003 INFO             PET1     TAWAS Advance():  PE=1 SSI=0 SSIPE=1
20260922 003716.003 INFO             PET1     TAWAS Advance(): --- VMK::log() end ---------------------------------------
20260922 003716.003 INFO             PET1     thread_num=   0   currentSsiPe=   1   num_threads=   1   max_threads=   1   num_procs=   1
20260922 003716.004 INFO             PET1     ------>Advancing TAWAS from: 2010  6  1  0 15  0   0
20260922 003716.004 INFO             PET1     ---------------------> to: 2010  6  1  0 30  0   0
20260922 003716.004 INFO             PET1     <<<ATM: leaving Run (phase=RunPhase1) with current time: 2010  6  1  0 30  0   0
20260922 003716.004 INFO             PET1   ATM: Run extro.
20260922 003716.004 INFO             PET1   ATM-TO-ESMX_Driver: Run intro.
20260922 003716.004 INFO             PET1     >>>ATM-TO-ESMX_Driver entered Run (phase=RunPhase1)
20260922 003716.004 INFO             PET1     <<<ATM-TO-ESMX_Driver leaving Run (phase=RunPhase1)
20260922 003716.004 INFO             PET1   ATM-TO-ESMX_Driver: Run extro.
20260922 003716.004 INFO             PET1   OCN-TO-ESMX_Driver: Run intro.
20260922 003716.004 INFO             PET1     >>>OCN-TO-ESMX_Driver entered Run (phase=RunPhase1)
20260922 003716.004 INFO             PET1     <<<OCN-TO-ESMX_Driver leaving Run (phase=RunPhase1)
20260922 003716.004 INFO             PET1   OCN-TO-ESMX_Driver: Run extro.
20260922 003716.005 INFO             PET1   <<<ESMX_Driver: leaving Run (phase=RunPhase1) with current time: 2010  6  1  0 30  0   0
20260922 003716.005 INFO             PET1 ESMX_Driver: Run extro.
20260922 003716.005 INFO             PET1 ESMX_Driver: Run intro.
20260922 003716.005 INFO             PET1   >>>ESMX_Driver: entered Run (phase=RunPhase1) with current time: 2010  6  1  0 30  0   0
20260922 003716.005 INFO             PET1   ESMX_Driver-TO-ATM: Run intro.
20260922 003716.005 INFO             PET1     >>>ESMX_Driver-TO-ATM entered Run (phase=RunPhase1)
20260922 003716.005 INFO             PET1     <<<ESMX_Driver-TO-ATM leaving Run (phase=RunPhase1)
20260922 003716.005 INFO             PET1   ESMX_Driver-TO-ATM: Run extro.
20260922 003716.005 INFO             PET1   ESMX_Driver-TO-OCN: Run intro.
20260922 003716.005 INFO             PET1     >>>ESMX_Driver-TO-OCN entered Run (phase=RunPhase1)
20260922 003716.005 INFO             PET1     <<<ESMX_Driver-TO-OCN leaving Run (phase=RunPhase1)
20260922 003716.005 INFO             PET1   ESMX_Driver-TO-OCN: Run extro.
20260922 003716.005 INFO             PET1   ATM-TO-OCN: Run intro.
20260922 003716.005 INFO             PET1     >>>ATM-TO-OCN entered Run (phase=RunPhase1)
20260922 003716.005 INFO             PET1     <<<ATM-TO-OCN leaving Run (phase=RunPhase1)
20260922 003716.005 INFO             PET1   ATM-TO-OCN: Run extro.
20260922 003716.005 INFO             PET1   OCN-TO-ATM: Run intro.
20260922 003716.005 INFO             PET1     >>>OCN-TO-ATM entered Run (phase=RunPhase1)
20260922 003716.006 INFO             PET1     <<<OCN-TO-ATM leaving Run (phase=RunPhase1)
20260922 003716.006 INFO             PET1   OCN-TO-ATM: Run extro.
20260922 003716.006 INFO             PET1   ATM: Run intro.
20260922 003716.006 INFO             PET1     >>>ATM: entered Run (phase=RunPhase1) with current time: 2010  6  1  0 30  0   0
20260922 003716.006 INFO             PET1     TAWAS Advance(): --- VMK::log() start -------------------------------------
20260922 003716.006 INFO             PET1     TAWAS Advance(): vm located at: 0x1a366e0
20260922 003716.006 INFO             PET1     TAWAS Advance(): mpionly=1 threadsflag=0
20260922 003716.006 INFO             PET1     TAWAS Advance(): ssiCount=1 localSsi=0
20260922 003716.006 INFO             PET1     TAWAS Advance(): devCount=0 ssiLocalDevCount=0
20260922 003716.006 INFO             PET1     TAWAS Advance(): petCount=2 ssiLocalPetCount=2
20260922 003716.006 INFO             PET1     TAWAS Advance(): localPet=1 mypthid=23125160076480 ssiLocalPet=1 currentSsiPe=1
20260922 003716.006 INFO             PET1     TAWAS Advance(): Current system level affinity pinning for local PET:
20260922 003716.006 INFO             PET1     TAWAS Advance():  SSIPE=1
20260922 003716.006 INFO             PET1     TAWAS Advance(): Current system level OMP_NUM_THREADS setting for local PET: 1
20260922 003716.006 INFO             PET1     TAWAS Advance(): Current system level OMP_NUM_PROCS setting for local PET: 1
20260922 003716.006 INFO             PET1     TAWAS Advance(): ESMF level logical PET->PE association (but consider system level affinity pinning!):
20260922 003716.006 INFO             PET1     TAWAS Advance(): PET=0 lpid=0 tid=0 pid=0 peCount=1 accCount=0
20260922 003716.006 INFO             PET1     TAWAS Advance():  PE=0 SSI=0 SSIPE=0
20260922 003716.006 INFO             PET1     TAWAS Advance(): PET=1 lpid=1 tid=0 pid=1 peCount=1 accCount=0
20260922 003716.006 INFO             PET1     TAWAS Advance():  PE=1 SSI=0 SSIPE=1
20260922 003716.006 INFO             PET1     TAWAS Advance(): --- VMK::log() end ---------------------------------------
20260922 003716.006 INFO             PET1     thread_num=   0   currentSsiPe=   1   num_threads=   1   max_threads=   1   num_procs=   1
20260922 003716.006 INFO             PET1     ------>Advancing TAWAS from: 2010  6  1  0 30  0   0
20260922 003716.006 INFO             PET1     ---------------------> to: 2010  6  1  0 45  0   0
20260922 003716.006 INFO             PET1     <<<ATM: leaving Run (phase=RunPhase1) with current time: 2010  6  1  0 45  0   0
20260922 003716.006 INFO             PET1   ATM: Run extro.
20260922 003716.006 INFO             PET1   ATM-TO-ESMX_Driver: Run intro.
20260922 003716.006 INFO             PET1     >>>ATM-TO-ESMX_Driver entered Run (phase=RunPhase1)
20260922 003716.006 INFO             PET1     <<<ATM-TO-ESMX_Driver leaving Run (phase=RunPhase1)
20260922 003716.006 INFO             PET1   ATM-TO-ESMX_Driver: Run extro.
20260922 003716.006 INFO             PET1   OCN-TO-ESMX_Driver: Run intro.
20260922 003716.006 INFO             PET1     >>>OCN-TO-ESMX_Driver entered Run (phase=RunPhase1)
20260922 003716.007 INFO             PET1     <<<OCN-TO-ESMX_Driver leaving Run (phase=RunPhase1)
20260922 003716.007 INFO             PET1   OCN-TO-ESMX_Driver: Run extro.
20260922 003716.007 INFO             PET1   <<<ESMX_Driver: leaving Run (phase=RunPhase1) with current time: 2010  6  1  0 45  0   0
20260922 003716.007 INFO             PET1 ESMX_Driver: Run extro.
20260922 003716.007 INFO             PET1 ESMX_Driver: Run intro.
20260922 003716.007 INFO             PET1   >>>ESMX_Driver: entered Run (phase=RunPhase1) with current time: 2010  6  1  0 45  0   0
20260922 003716.007 INFO             PET1   ESMX_Driver-TO-ATM: Run intro.
20260922 003716.007 INFO             PET1     >>>ESMX_Driver-TO-ATM entered Run (phase=RunPhase1)
20260922 003716.007 INFO             PET1     <<<ESMX_Driver-TO-ATM leaving Run (phase=RunPhase1)
20260922 003716.007 INFO             PET1   ESMX_Driver-TO-ATM: Run extro.
20260922 003716.007 INFO             PET1   ESMX_Driver-TO-OCN: Run intro.
20260922 003716.007 INFO             PET1     >>>ESMX_Driver-TO-OCN entered Run (phase=RunPhase1)
20260922 003716.007 INFO             PET1     <<<ESMX_Driver-TO-OCN leaving Run (phase=RunPhase1)
20260922 003716.007 INFO             PET1   ESMX_Driver-TO-OCN: Run extro.
20260922 003716.008 INFO             PET1   ATM-TO-OCN: Run intro.
20260922 003716.008 INFO             PET1     >>>ATM-TO-OCN entered Run (phase=RunPhase1)
20260922 003716.008 INFO             PET1     <<<ATM-TO-OCN leaving Run (phase=RunPhase1)
20260922 003716.008 INFO             PET1   ATM-TO-OCN: Run extro.
20260922 003716.008 INFO             PET1   OCN-TO-ATM: Run intro.
20260922 003716.008 INFO             PET1     >>>OCN-TO-ATM entered Run (phase=RunPhase1)
20260922 003716.008 INFO             PET1     <<<OCN-TO-ATM leaving Run (phase=RunPhase1)
20260922 003716.008 INFO             PET1   OCN-TO-ATM: Run extro.
20260922 003716.008 INFO             PET1   ATM: Run intro.
20260922 003716.008 INFO             PET1     >>>ATM: entered Run (phase=RunPhase1) with current time: 2010  6  1  0 45  0   0
20260922 003716.008 INFO             PET1     TAWAS Advance(): --- VMK::log() start -------------------------------------
20260922 003716.008 INFO             PET1     TAWAS Advance(): vm located at: 0x1a366e0
20260922 003716.008 INFO             PET1     TAWAS Advance(): mpionly=1 threadsflag=0
20260922 003716.008 INFO             PET1     TAWAS Advance(): ssiCount=1 localSsi=0
20260922 003716.008 INFO             PET1     TAWAS Advance(): devCount=0 ssiLocalDevCount=0
20260922 003716.008 INFO             PET1     TAWAS Advance(): petCount=2 ssiLocalPetCount=2
20260922 003716.008 INFO             PET1     TAWAS Advance(): localPet=1 mypthid=23125160076480 ssiLocalPet=1 currentSsiPe=1
20260922 003716.008 INFO             PET1     TAWAS Advance(): Current system level affinity pinning for local PET:
20260922 003716.008 INFO             PET1     TAWAS Advance():  SSIPE=1
20260922 003716.008 INFO             PET1     TAWAS Advance(): Current system level OMP_NUM_THREADS setting for local PET: 1
20260922 003716.008 INFO             PET1     TAWAS Advance(): Current system level OMP_NUM_PROCS setting for local PET: 1
20260922 003716.008 INFO             PET1     TAWAS Advance(): ESMF level logical PET->PE association (but consider system level affinity pinning!):
20260922 003716.008 INFO             PET1     TAWAS Advance(): PET=0 lpid=0 tid=0 pid=0 peCount=1 accCount=0
20260922 003716.008 INFO             PET1     TAWAS Advance():  PE=0 SSI=0 SSIPE=0
20260922 003716.008 INFO             PET1     TAWAS Advance(): PET=1 lpid=1 tid=0 pid=1 peCount=1 accCount=0
20260922 003716.008 INFO             PET1     TAWAS Advance():  PE=1 SSI=0 SSIPE=1
20260922 003716.008 INFO             PET1     TAWAS Advance(): --- VMK::log() end ---------------------------------------
20260922 003716.008 INFO             PET1     thread_num=   0   currentSsiPe=   1   num_threads=   1   max_threads=   1   num_procs=   1
20260922 003716.009 INFO             PET1     ------>Advancing TAWAS from: 2010  6  1  0 45  0   0
20260922 003716.009 INFO             PET1     ---------------------> to: 2010  6  1  1  0  0   0
20260922 003716.009 INFO             PET1     <<<ATM: leaving Run (phase=RunPhase1) with current time: 2010  6  1  1  0  0   0
20260922 003716.009 INFO             PET1   ATM: Run extro.
20260922 003716.009 INFO             PET1   ATM-TO-ESMX_Driver: Run intro.
20260922 003716.009 INFO             PET1     >>>ATM-TO-ESMX_Driver entered Run (phase=RunPhase1)
20260922 003716.009 INFO             PET1     <<<ATM-TO-ESMX_Driver leaving Run (phase=RunPhase1)
20260922 003716.009 INFO             PET1   ATM-TO-ESMX_Driver: Run extro.
20260922 003716.009 INFO             PET1   OCN-TO-ESMX_Driver: Run intro.
20260922 003716.009 INFO             PET1     >>>OCN-TO-ESMX_Driver entered Run (phase=RunPhase1)
20260922 003716.009 INFO             PET1     <<<OCN-TO-ESMX_Driver leaving Run (phase=RunPhase1)
20260922 003716.009 INFO             PET1   OCN-TO-ESMX_Driver: Run extro.
20260922 003716.010 INFO             PET1   <<<ESMX_Driver: leaving Run (phase=RunPhase1) with current time: 2010  6  1  1  0  0   0
20260922 003716.010 INFO             PET1 ESMX_Driver: Run extro.
20260922 003716.010 INFO             PET1 ESMX_Driver: Finalize intro.
20260922 003716.010 INFO             PET1   >>>ESMX_Driver: entered Finalize (phase=FinalizePhase1) with current time: 2010  6  1  1  0  0   0
20260922 003716.010 INFO             PET1   Calling Finalize phase 1 for connectorComp: ESMX_Driver-TO-ATM
20260922 003716.010 INFO             PET1   ESMX_Driver-TO-ATM: Finalize intro.
20260922 003716.010 INFO             PET1   ESMX_Driver-TO-ATM: Finalize extro.
20260922 003716.010 INFO             PET1   Calling Finalize phase 1 for connectorComp: ESMX_Driver-TO-OCN
20260922 003716.010 INFO             PET1   ESMX_Driver-TO-OCN: Finalize intro.
20260922 003716.010 INFO             PET1   ESMX_Driver-TO-OCN: Finalize extro.
20260922 003716.010 INFO             PET1   Calling Finalize phase 1 for connectorComp: ATM-TO-ESMX_Driver
20260922 003716.010 INFO             PET1   ATM-TO-ESMX_Driver: Finalize intro.
20260922 003716.010 INFO             PET1   ATM-TO-ESMX_Driver: Finalize extro.
20260922 003716.010 INFO             PET1   Calling Finalize phase 1 for connectorComp: ATM-TO-OCN
20260922 003716.010 INFO             PET1   ATM-TO-OCN: Finalize intro.
20260922 003716.010 INFO             PET1   ATM-TO-OCN: Finalize extro.
20260922 003716.010 INFO             PET1   Calling Finalize phase 1 for connectorComp: OCN-TO-ESMX_Driver
20260922 003716.010 INFO             PET1   OCN-TO-ESMX_Driver: Finalize intro.
20260922 003716.010 INFO             PET1   OCN-TO-ESMX_Driver: Finalize extro.
20260922 003716.010 INFO             PET1   Calling Finalize phase 1 for connectorComp: OCN-TO-ATM
20260922 003716.010 INFO             PET1   OCN-TO-ATM: Finalize intro.
20260922 003716.011 INFO             PET1   OCN-TO-ATM: Finalize extro.
20260922 003716.011 INFO             PET1   Calling Finalize phase 1 for modelComp: ATM
20260922 003716.011 INFO             PET1   ATM: Finalize intro.
20260922 003716.011 INFO             PET1     >>>ATM: entered Finalize (phase=FinalizePhase1) with current time: 2010  6  1  1  0  0   0
20260922 003716.011 INFO             PET1     <<<ATM: leaving Finalize (phase=FinalizePhase1) with current time: 2010  6  1  1  0  0   0
20260922 003716.011 INFO             PET1   ATM: Finalize extro.
20260922 003716.011 INFO             PET1   Calling Finalize phase 1 for modelComp: OCN
20260922 003716.011 INFO             PET1   Delete modelComp: ATM
20260922 003716.011 INFO             PET1   Delete modelComp: OCN
20260922 003716.011 INFO             PET1   Delete connectorComp: ESMX_Driver-TO-ATM
20260922 003716.011 INFO             PET1   Delete connectorComp: ESMX_Driver-TO-OCN
20260922 003716.011 INFO             PET1   Delete connectorComp: ATM-TO-ESMX_Driver
20260922 003716.011 INFO             PET1   Delete connectorComp: OCN-TO-ESMX_Driver
20260922 003716.011 INFO             PET1   Delete connectorComp: ATM-TO-OCN
20260922 003716.011 INFO             PET1   Delete connectorComp: OCN-TO-ATM
20260922 003716.011 INFO             PET1   <<<ESMX_Driver: leaving Finalize (phase=FinalizePhase1) with current time: 2010  6  1  1  0  0   0
20260922 003716.011 INFO             PET1 ESMX_Driver: Finalize extro.
20260922 003716.011 INFO             PET1 externalApp FINISHED
20260922 003716.011 INFO             PET1  Finalizing ESMF
20260922 003715.711 INFO             PET2 !!!!!!!!!!!!!!!!!!!!!!!!!!!!!!!!!!!!!!!!!!!!!!!!!!!!!!
20260922 003715.711 INFO             PET2 !!! THE ESMF_LOG IS SET TO OUTPUT ALL LOG MESSAGES !!!
20260922 003715.711 INFO             PET2 !!!     THIS MAY CAUSE SLOWDOWN IN PERFORMANCE     !!!
20260922 003715.711 INFO             PET2 !!! FOR PRODUCTION RUNS, USE:                      !!!
20260922 003715.711 INFO             PET2 !!!                   ESMF_LOGKIND_Multi_On_Error  !!!
20260922 003715.711 INFO             PET2 !!!!!!!!!!!!!!!!!!!!!!!!!!!!!!!!!!!!!!!!!!!!!!!!!!!!!!
20260922 003715.711 INFO             PET2 Running with ESMF Version   : v9.0.0b19
20260922 003715.711 INFO             PET2 ESMF library build date/time: "Sep 21 2026" "22:58:06"
20260922 003715.711 INFO             PET2 ESMF library build location : /discover/nobackup/projects/gmao/SIteam/ESMF_Testing/nvhpc_26.1_openmpi_O_develop/esmf
20260922 003715.711 INFO             PET2 ESMF_COMM                   : openmpi
20260922 003715.711 INFO             PET2 ESMF_MOAB                   : enabled
20260922 003715.711 INFO             PET2 ESMF_LAPACK                 : enabled
20260922 003715.711 INFO             PET2 ESMF_NETCDF                 : disabled
20260922 003715.711 INFO             PET2 ESMF_PNETCDF                : disabled
20260922 003715.711 INFO             PET2 ESMF_PIO                    : disabled
20260922 003715.711 INFO             PET2 ESMF_YAMLCPP                : enabled
20260922 003715.712 INFO             PET2 externalApp STARTING
20260922 003715.721 INFO             PET2 ESMX_Driver - Creating model component ATM with petList of size 2 :
20260922 003715.721 INFO             PET2       0      1
20260922 003715.721 DEBUG            PET2 Generic SetVM() is executing for: ATM
20260922 003715.721 DEBUG            PET2 Generic SetVM() found no NUOPC Hint for: ATM
20260922 003715.721 DEBUG            PET2 Generic SetVM() therefore is NOT calling ESMF_GridCompSetVMMaxPEs() for: ATM
20260922 003715.724 INFO             PET2 ESMX_Driver - Creating model component OCN with petList of size 2 :
20260922 003715.724 INFO             PET2       2      3
20260922 003715.724 DEBUG            PET2 Generic SetVM() is executing for: OCN
20260922 003715.724 DEBUG            PET2 Generic SetVM() found no NUOPC Hint for: OCN
20260922 003715.724 DEBUG            PET2 Generic SetVM() therefore is NOT calling ESMF_GridCompSetVMMaxPEs() for: OCN
20260922 003715.726 INFO             PET2 ESMX_Driver - Creating connector component ESMX_Driver-TO-ATM without petList.
20260922 003715.728 INFO             PET2 ESMX_Driver - Creating connector component ESMX_Driver-TO-OCN without petList.
20260922 003715.730 INFO             PET2 ESMX_Driver - Creating connector component ATM-TO-ESMX_Driver without petList.
20260922 003715.732 INFO             PET2 ESMX_Driver - Creating connector component OCN-TO-ESMX_Driver without petList.
20260922 003715.734 INFO             PET2 OCN: InitializeP0 intro.
20260922 003715.734 INFO             PET2   >>>OCN: entered Initialize (phase=<none>) without valid internal Clock.
20260922 003715.735 INFO             PET2   <<<OCN: leaving Initialize (phase=<none>) without valid internal Clock.
20260922 003715.735 INFO             PET2 OCN: InitializeP0 extro.
20260922 003715.736 INFO             PET2 ESMX_Driver-TO-ATM: InitializeP0 intro.
20260922 003715.736 INFO             PET2 ESMX_Driver-TO-ATM: InitializeP0 extro.
20260922 003715.736 INFO             PET2 ESMX_Driver-TO-OCN: InitializeP0 intro.
20260922 003715.736 INFO             PET2 ESMX_Driver-TO-OCN: InitializeP0 extro.
20260922 003715.737 INFO             PET2 ATM-TO-ESMX_Driver: InitializeP0 intro.
20260922 003715.737 INFO             PET2 ATM-TO-ESMX_Driver: InitializeP0 extro.
20260922 003715.737 INFO             PET2 OCN-TO-ESMX_Driver: InitializeP0 intro.
20260922 003715.737 INFO             PET2 OCN-TO-ESMX_Driver: InitializeP0 extro.
20260922 003715.738 INFO             PET2 ESMX_Driver - Creating connector component ATM-TO-OCN with petList of size 4 :
20260922 003715.738 INFO             PET2       0      1      2      3
20260922 003715.741 INFO             PET2 ESMX_Driver - Setting Verbosity on created component to: low
20260922 003715.741 INFO             PET2 ESMX_Driver - Setting Profiling on created component to:          0
20260922 003715.741 INFO             PET2 ESMX_Driver - Creating connector component OCN-TO-ATM with petList of size 4 :
20260922 003715.741 INFO             PET2       2      3      0      1
20260922 003715.743 INFO             PET2 ESMX_Driver - Setting Verbosity on created component to: low
20260922 003715.743 INFO             PET2 ESMX_Driver - Setting Profiling on created component to:          0
20260922 003715.744 INFO             PET2 ESMX_Driver: IInitAdvertise intro.
20260922 003715.744 INFO             PET2   >>>ESMX_Driver: entered Initialize (phase=<none>) with current time: 2010  6  1  0  0  0   0
20260922 003715.744 INFO             PET2   <<<ESMX_Driver: leaving Initialize (phase=<none>) with current time: 2010  6  1  0  0  0   0
20260922 003715.744 INFO             PET2 ESMX_Driver: IInitAdvertise extro.
20260922 003715.744 INFO             PET2 OCN: InitializeIPDvXp01 intro.
20260922 003715.744 INFO             PET2   >>>OCN: entered Initialize (phase=IPDvXp01) without valid internal Clock.
20260922 003715.746 INFO             PET2   <<<OCN: leaving Initialize (phase=IPDvXp01) without valid internal Clock.
20260922 003715.746 INFO             PET2 OCN: InitializeIPDvXp01 extro.
20260922 003715.747 INFO             PET2 ATM-TO-ESMX_Driver: InitializeIPDv05p1 intro.
20260922 003715.749 INFO             PET2 ATM-TO-ESMX_Driver: InitializeIPDv05p1 extro.
20260922 003715.749 INFO             PET2 ATM-TO-OCN: InitializeIPDv05p1 intro.
20260922 003715.752 INFO             PET2 ATM-TO-OCN: InitializeIPDv05p1 extro.
20260922 003715.752 INFO             PET2 OCN-TO-ESMX_Driver: InitializeIPDv05p1 intro.
20260922 003715.753 INFO             PET2 OCN-TO-ESMX_Driver: InitializeIPDv05p1 extro.
20260922 003715.753 INFO             PET2 OCN-TO-ATM: InitializeIPDv05p1 intro.
20260922 003715.755 INFO             PET2 OCN-TO-ATM: InitializeIPDv05p1 extro.
20260922 003715.755 INFO             PET2 ESMX_Driver-TO-ATM: InitializeIPDv05p1 intro.
20260922 003715.756 INFO             PET2 ESMX_Driver-TO-ATM: InitializeIPDv05p1 extro.
20260922 003715.756 INFO             PET2 ESMX_Driver-TO-OCN: InitializeIPDv05p1 intro.
20260922 003715.757 INFO             PET2 ESMX_Driver-TO-OCN: InitializeIPDv05p1 extro.
20260922 003715.757 INFO             PET2 ESMX_Driver: IInitAdvertiseFinish intro.
20260922 003715.757 INFO             PET2   >>>ESMX_Driver: entered Initialize (phase=<none>) with current time: 2010  6  1  0  0  0   0
20260922 003715.758 INFO             PET2   <<<ESMX_Driver: leaving Initialize (phase=<none>) with current time: 2010  6  1  0  0  0   0
20260922 003715.758 INFO             PET2 ESMX_Driver: IInitAdvertiseFinish extro.
20260922 003715.758 INFO             PET2 ATM-TO-ESMX_Driver: InitializeIPDv05p2a intro.
20260922 003715.759 INFO             PET2 ATM-TO-ESMX_Driver: InitializeIPDv05p2a extro.
20260922 003715.759 INFO             PET2 ATM-TO-OCN: InitializeIPDv05p2a intro.
20260922 003715.762 INFO             PET2 ATM-TO-OCN: InitializeIPDv05p2a extro.
20260922 003715.762 INFO             PET2 OCN-TO-ESMX_Driver: InitializeIPDv05p2a intro.
20260922 003715.764 INFO             PET2 OCN-TO-ESMX_Driver: InitializeIPDv05p2a extro.
20260922 003715.764 INFO             PET2 OCN-TO-ATM: InitializeIPDv05p2a intro.
20260922 003715.766 INFO             PET2 OCN-TO-ATM: InitializeIPDv05p2a extro.
20260922 003715.766 INFO             PET2 ESMX_Driver-TO-ATM: InitializeIPDv05p2a intro.
20260922 003715.767 INFO             PET2 ESMX_Driver-TO-ATM: InitializeIPDv05p2a extro.
20260922 003715.767 INFO             PET2 ESMX_Driver-TO-OCN: InitializeIPDv05p2a intro.
20260922 003715.769 INFO             PET2 ESMX_Driver-TO-OCN: InitializeIPDv05p2a extro.
20260922 003715.769 INFO             PET2 ATM-TO-ESMX_Driver: InitializeIPDv05p2b intro.
20260922 003715.771 INFO             PET2 ATM-TO-ESMX_Driver: InitializeIPDv05p2b extro.
20260922 003715.771 INFO             PET2 ATM-TO-OCN: InitializeIPDv05p2b intro.
20260922 003715.773 INFO             PET2 ATM-TO-OCN: InitializeIPDv05p2b extro.
20260922 003715.774 INFO             PET2 OCN-TO-ESMX_Driver: InitializeIPDv05p2b intro.
20260922 003715.775 INFO             PET2 OCN-TO-ESMX_Driver: InitializeIPDv05p2b extro.
20260922 003715.775 INFO             PET2 OCN-TO-ATM: InitializeIPDv05p2b intro.
20260922 003715.777 INFO             PET2 OCN-TO-ATM: InitializeIPDv05p2b extro.
20260922 003715.777 INFO             PET2 ESMX_Driver-TO-ATM: InitializeIPDv05p2b intro.
20260922 003715.778 INFO             PET2 ESMX_Driver-TO-ATM: InitializeIPDv05p2b extro.
20260922 003715.778 INFO             PET2 ESMX_Driver-TO-OCN: InitializeIPDv05p2b intro.
20260922 003715.779 INFO             PET2 ESMX_Driver-TO-OCN: InitializeIPDv05p2b extro.
20260922 003715.779 INFO             PET2 ESMX_Driver: IInitModifyCplLists intro.
20260922 003715.779 INFO             PET2   >>>ESMX_Driver: entered Initialize (phase=<none>) with current time: 2010  6  1  0  0  0   0
20260922 003715.779 INFO             PET2   <<<ESMX_Driver: leaving Initialize (phase=<none>) with current time: 2010  6  1  0  0  0   0
20260922 003715.779 INFO             PET2 ESMX_Driver: IInitModifyCplLists extro.
20260922 003715.780 INFO             PET2 ATM-TO-ESMX_Driver: InitializeIPDv05p3 intro.
20260922 003715.782 INFO             PET2 ATM-TO-ESMX_Driver: InitializeIPDv05p3 extro.
20260922 003715.782 INFO             PET2 ATM-TO-OCN: InitializeIPDv05p3 intro.
20260922 003715.785 INFO             PET2 ATM-TO-OCN: InitializeIPDv05p3 extro.
20260922 003715.785 INFO             PET2 OCN-TO-ESMX_Driver: InitializeIPDv05p3 intro.
20260922 003715.788 INFO             PET2 OCN-TO-ESMX_Driver: InitializeIPDv05p3 extro.
20260922 003715.788 INFO             PET2 OCN-TO-ATM: InitializeIPDv05p3 intro.
20260922 003715.790 INFO             PET2 OCN-TO-ATM: InitializeIPDv05p3 extro.
20260922 003715.790 INFO             PET2 ESMX_Driver-TO-ATM: InitializeIPDv05p3 intro.
20260922 003715.791 INFO             PET2 ESMX_Driver-TO-ATM: InitializeIPDv05p3 extro.
20260922 003715.791 INFO             PET2 ESMX_Driver-TO-OCN: InitializeIPDv05p3 intro.
20260922 003715.792 INFO             PET2 ESMX_Driver-TO-OCN: InitializeIPDv05p3 extro.
20260922 003715.792 INFO             PET2 ESMX_Driver: InitializeIPDv02p3 intro.
20260922 003715.792 INFO             PET2   >>>ESMX_Driver: entered Initialize (phase=ExternalRealize) with current time: 2010  6  1  0  0  0   0
20260922 003715.792 INFO             PET2   ESMX_Driver: IInitCheck intro.
20260922 003715.792 INFO             PET2     >>>ESMX_Driver: entered Initialize (phase=<none>) with current time: 2010  6  1  0  0  0   0
20260922 003715.793 INFO             PET2     <<<ESMX_Driver: leaving Initialize (phase=<none>) with current time: 2010  6  1  0  0  0   0
20260922 003715.793 INFO             PET2   ESMX_Driver: IInitCheck extro.
20260922 003715.793 INFO             PET2   OCN: InitializeIPDvXp04 intro.
20260922 003715.793 INFO             PET2     >>>OCN: entered Initialize (phase=IPDvXp04) without valid internal Clock.
20260922 003715.810 INFO             PET2     <<<OCN: leaving Initialize (phase=IPDvXp04) without valid internal Clock.
20260922 003715.810 INFO             PET2   OCN: InitializeIPDvXp04 extro.
20260922 003715.811 INFO             PET2   ATM-TO-ESMX_Driver: InitializeIPDv05p4 intro.
20260922 003715.815 INFO             PET2   ATM-TO-ESMX_Driver: InitializeIPDv05p4 extro.
20260922 003715.815 INFO             PET2   ATM-TO-OCN: InitializeIPDv05p4 intro.
20260922 003715.821 INFO             PET2   ATM-TO-OCN: InitializeIPDv05p4 extro.
20260922 003715.821 INFO             PET2   OCN-TO-ESMX_Driver: InitializeIPDv05p4 intro.
20260922 003715.825 INFO             PET2   OCN-TO-ESMX_Driver: InitializeIPDv05p4 extro.
20260922 003715.825 INFO             PET2   OCN-TO-ATM: InitializeIPDv05p4 intro.
20260922 003715.829 INFO             PET2   OCN-TO-ATM: InitializeIPDv05p4 extro.
20260922 003715.829 INFO             PET2   ESMX_Driver-TO-ATM: InitializeIPDv05p4 intro.
20260922 003715.830 INFO             PET2   ESMX_Driver-TO-ATM: InitializeIPDv05p4 extro.
20260922 003715.831 INFO             PET2   ESMX_Driver-TO-OCN: InitializeIPDv05p4 intro.
20260922 003715.832 INFO             PET2   ESMX_Driver-TO-OCN: InitializeIPDv05p4 extro.
20260922 003715.833 INFO             PET2   ATM-TO-ESMX_Driver: InitializeIPDv05p5 intro.
20260922 003715.840 INFO             PET2   ATM-TO-ESMX_Driver: InitializeIPDv05p5 extro.
20260922 003715.840 INFO             PET2   ATM-TO-OCN: InitializeIPDv05p5 intro.
20260922 003715.845 INFO             PET2   ATM-TO-OCN: InitializeIPDv05p5 extro.
20260922 003715.846 INFO             PET2   OCN-TO-ESMX_Driver: InitializeIPDv05p5 intro.
20260922 003715.861 INFO             PET2   OCN-TO-ESMX_Driver: InitializeIPDv05p5 extro.
20260922 003715.861 INFO             PET2   OCN-TO-ATM: InitializeIPDv05p5 intro.
20260922 003715.868 INFO             PET2   OCN-TO-ATM: InitializeIPDv05p5 extro.
20260922 003715.868 INFO             PET2   ESMX_Driver-TO-ATM: InitializeIPDv05p5 intro.
20260922 003715.870 INFO             PET2   ESMX_Driver-TO-ATM: InitializeIPDv05p5 extro.
20260922 003715.870 INFO             PET2   ESMX_Driver-TO-OCN: InitializeIPDv05p5 intro.
20260922 003715.873 INFO             PET2   ESMX_Driver-TO-OCN: InitializeIPDv05p5 extro.
20260922 003715.873 INFO             PET2   ESMX_Driver: IInitRealize intro.
20260922 003715.873 INFO             PET2     >>>ESMX_Driver: entered Initialize (phase=<none>) with current time: 2010  6  1  0  0  0   0
20260922 003715.873 INFO             PET2     <<<ESMX_Driver: leaving Initialize (phase=<none>) with current time: 2010  6  1  0  0  0   0
20260922 003715.873 INFO             PET2   ESMX_Driver: IInitRealize extro.
20260922 003715.874 INFO             PET2   ATM-TO-ESMX_Driver: InitializeIPDv05p6a intro.
20260922 003715.875 INFO             PET2   ATM-TO-ESMX_Driver: InitializeIPDv05p6a extro.
20260922 003715.876 INFO             PET2   ATM-TO-OCN: InitializeIPDv05p6a intro.
20260922 003715.880 INFO             PET2   ATM-TO-OCN: InitializeIPDv05p6a extro.
20260922 003715.880 INFO             PET2   OCN-TO-ESMX_Driver: InitializeIPDv05p6a intro.
20260922 003715.884 INFO             PET2   OCN-TO-ESMX_Driver: InitializeIPDv05p6a extro.
20260922 003715.884 INFO             PET2   OCN-TO-ATM: InitializeIPDv05p6a intro.
20260922 003715.887 INFO             PET2   OCN-TO-ATM: InitializeIPDv05p6a extro.
20260922 003715.887 INFO             PET2   ESMX_Driver-TO-ATM: InitializeIPDv05p6a intro.
20260922 003715.889 INFO             PET2   ESMX_Driver-TO-ATM: InitializeIPDv05p6a extro.
20260922 003715.889 INFO             PET2   ESMX_Driver-TO-OCN: InitializeIPDv05p6a intro.
20260922 003715.890 INFO             PET2   ESMX_Driver-TO-OCN: InitializeIPDv05p6a extro.
20260922 003715.890 INFO             PET2   ATM-TO-ESMX_Driver: InitializeIPDv05p6b intro.
20260922 003715.893 INFO             PET2   ATM-TO-ESMX_Driver: InitializeIPDv05p6b extro.
20260922 003715.893 INFO             PET2   ATM-TO-OCN: InitializeIPDv05p6b intro.
20260922 003715.944 INFO             PET2   ATM-TO-OCN: InitializeIPDv05p6b extro.
20260922 003715.944 INFO             PET2   OCN-TO-ESMX_Driver: InitializeIPDv05p6b intro.
20260922 003715.950 INFO             PET2   OCN-TO-ESMX_Driver: InitializeIPDv05p6b extro.
20260922 003715.950 INFO             PET2   OCN-TO-ATM: InitializeIPDv05p6b intro.
20260922 003715.994 INFO             PET2   OCN-TO-ATM: InitializeIPDv05p6b extro.
20260922 003715.994 INFO             PET2   ESMX_Driver-TO-ATM: InitializeIPDv05p6b intro.
20260922 003715.994 INFO             PET2   ESMX_Driver-TO-ATM: InitializeIPDv05p6b extro.
20260922 003715.995 INFO             PET2   ESMX_Driver-TO-OCN: InitializeIPDv05p6b intro.
20260922 003715.995 INFO             PET2   ESMX_Driver-TO-OCN: InitializeIPDv05p6b extro.
20260922 003715.995 INFO             PET2   OCN: InitializeIPDvXp07 intro.
20260922 003715.995 INFO             PET2     >>>OCN: entered Initialize (phase=IPDvXp07) without valid internal Clock.
20260922 003715.995 INFO             PET2     <<<OCN: leaving Initialize (phase=IPDvXp07) with current time: 2010  6  1  0  0  0   0
20260922 003715.995 INFO             PET2   OCN: InitializeIPDvXp07 extro.
20260922 003715.995 INFO             PET2   <<<ESMX_Driver: leaving Initialize (phase=ExternalRealize) with current time: 2010  6  1  0  0  0   0
20260922 003715.995 INFO             PET2 ESMX_Driver: InitializeIPDv02p3 extro.
20260922 003715.995 INFO             PET2 ESMX_Driver: InitializeIPDv02p5 intro.
20260922 003715.995 INFO             PET2   >>>ESMX_Driver: entered Initialize (phase=ExternalDataInitialize) with current time: 2010  6  1  0  0  0   0
20260922 003715.996 INFO             PET2   ESMX_Driver: InitializeIPDv02p5Data intro.
20260922 003715.996 INFO             PET2     >>>ESMX_Driver: entered Initialize (phase=ExternalDataInitialize) with current time: 2010  6  1  0  0  0   0
20260922 003715.996 INFO             PET2     ESMX_Driver: InternalInitializeComplete intro.
20260922 003715.996 INFO             PET2       >>>ESMX_Driver: entered Initialize (phase=<none>) with current time: 2010  6  1  0  0  0   0
20260922 003715.996 INFO             PET2       <<<ESMX_Driver: leaving Initialize (phase=<none>) with current time: 2010  6  1  0  0  0   0
20260922 003715.996 INFO             PET2     ESMX_Driver: InternalInitializeComplete extro.
20260922 003715.996 INFO             PET2     OCN: InitializeIPDv01p5 intro.
20260922 003715.996 INFO             PET2       >>>OCN: entered Initialize (phase=IPDvXp08) with current time: 2010  6  1  0  0  0   0
20260922 003715.996 INFO             PET2       <<<OCN: leaving Initialize (phase=IPDvXp08) with current time: 2010  6  1  0  0  0   0
20260922 003715.996 INFO             PET2     OCN: InitializeIPDv01p5 extro.
20260922 003715.997 INFO             PET2     ESMX_Driver: loopDataDependentInitialize intro.
20260922 003715.997 INFO             PET2       >>>ESMX_Driver: entered Initialize (phase=ExternalDataInitialize) with current time: 2010  6  1  0  0  0   0
20260922 003715.997 INFO             PET2       ATM-TO-ESMX_Driver: Run intro.
20260922 003715.997 INFO             PET2         >>>ATM-TO-ESMX_Driver entered Run (phase=RunPhase1)
20260922 003715.997 INFO             PET2         <<<ATM-TO-ESMX_Driver leaving Run (phase=RunPhase1)
20260922 003715.997 INFO             PET2       ATM-TO-ESMX_Driver: Run extro.
20260922 003715.997 INFO             PET2       OCN-TO-ESMX_Driver: Run intro.
20260922 003715.997 INFO             PET2         >>>OCN-TO-ESMX_Driver entered Run (phase=RunPhase1)
20260922 003715.997 INFO             PET2         <<<OCN-TO-ESMX_Driver leaving Run (phase=RunPhase1)
20260922 003715.997 INFO             PET2       OCN-TO-ESMX_Driver: Run extro.
20260922 003715.997 INFO             PET2       ESMX_Driver: InternalInitializeComplete intro.
20260922 003715.997 INFO             PET2         >>>ESMX_Driver: entered Initialize (phase=<none>) with current time: 2010  6  1  0  0  0   0
20260922 003715.997 INFO             PET2         <<<ESMX_Driver: leaving Initialize (phase=<none>) with current time: 2010  6  1  0  0  0   0
20260922 003715.997 INFO             PET2       ESMX_Driver: InternalInitializeComplete extro.
20260922 003715.998 INFO             PET2       <<<ESMX_Driver: leaving Initialize (phase=ExternalDataInitialize) with current time: 2010  6  1  0  0  0   0
20260922 003715.998 INFO             PET2     ESMX_Driver: loopDataDependentInitialize extro.
20260922 003715.998 INFO             PET2     <<<ESMX_Driver: leaving Initialize (phase=ExternalDataInitialize) with current time: 2010  6  1  0  0  0   0
20260922 003715.998 INFO             PET2   ESMX_Driver: InitializeIPDv02p5Data extro.
20260922 003715.998 INFO             PET2   <<<ESMX_Driver: leaving Initialize (phase=ExternalDataInitialize) with current time: 2010  6  1  0  0  0   0
20260922 003715.998 INFO             PET2 ESMX_Driver: InitializeIPDv02p5 extro.
20260922 003715.998 INFO             PET2 ESMX_Driver: Run intro.
20260922 003715.998 INFO             PET2   >>>ESMX_Driver: entered Run (phase=RunPhase1) with current time: 2010  6  1  0  0  0   0
20260922 003715.998 INFO             PET2   ESMX_Driver-TO-ATM: Run intro.
20260922 003715.998 INFO             PET2     >>>ESMX_Driver-TO-ATM entered Run (phase=RunPhase1)
20260922 003715.998 INFO             PET2     <<<ESMX_Driver-TO-ATM leaving Run (phase=RunPhase1)
20260922 003715.998 INFO             PET2   ESMX_Driver-TO-ATM: Run extro.
20260922 003715.998 INFO             PET2   ESMX_Driver-TO-OCN: Run intro.
20260922 003715.998 INFO             PET2     >>>ESMX_Driver-TO-OCN entered Run (phase=RunPhase1)
20260922 003715.998 INFO             PET2     <<<ESMX_Driver-TO-OCN leaving Run (phase=RunPhase1)
20260922 003715.998 INFO             PET2   ESMX_Driver-TO-OCN: Run extro.
20260922 003715.998 INFO             PET2   ATM-TO-OCN: Run intro.
20260922 003715.998 INFO             PET2     >>>ATM-TO-OCN entered Run (phase=RunPhase1)
20260922 003715.999 INFO             PET2     <<<ATM-TO-OCN leaving Run (phase=RunPhase1)
20260922 003715.999 INFO             PET2   ATM-TO-OCN: Run extro.
20260922 003715.999 INFO             PET2   OCN-TO-ATM: Run intro.
20260922 003715.999 INFO             PET2     >>>OCN-TO-ATM entered Run (phase=RunPhase1)
20260922 003715.999 INFO             PET2     <<<OCN-TO-ATM leaving Run (phase=RunPhase1)
20260922 003715.999 INFO             PET2   OCN-TO-ATM: Run extro.
20260922 003716.000 INFO             PET2   OCN: Run intro.
20260922 003716.000 INFO             PET2     >>>OCN: entered Run (phase=RunPhase1) with current time: 2010  6  1  0  0  0   0
20260922 003716.000 INFO             PET2     LUMO Advance(): --- VMK::log() start -------------------------------------
20260922 003716.000 INFO             PET2     LUMO Advance(): vm located at: 0x968730
20260922 003716.000 INFO             PET2     LUMO Advance(): mpionly=1 threadsflag=0
20260922 003716.000 INFO             PET2     LUMO Advance(): ssiCount=1 localSsi=0
20260922 003716.000 INFO             PET2     LUMO Advance(): devCount=0 ssiLocalDevCount=0
20260922 003716.000 INFO             PET2     LUMO Advance(): petCount=2 ssiLocalPetCount=2
20260922 003716.000 INFO             PET2     LUMO Advance(): localPet=0 mypthid=22613223306432 ssiLocalPet=0 currentSsiPe=2
20260922 003716.000 INFO             PET2     LUMO Advance(): Current system level affinity pinning for local PET:
20260922 003716.000 INFO             PET2     LUMO Advance():  SSIPE=2
20260922 003716.000 INFO             PET2     LUMO Advance(): Current system level OMP_NUM_THREADS setting for local PET: 1
20260922 003716.000 INFO             PET2     LUMO Advance(): Current system level OMP_NUM_PROCS setting for local PET: 1
20260922 003716.000 INFO             PET2     LUMO Advance(): ESMF level logical PET->PE association (but consider system level affinity pinning!):
20260922 003716.000 INFO             PET2     LUMO Advance(): PET=0 lpid=0 tid=0 pid=2 peCount=1 accCount=0
20260922 003716.000 INFO             PET2     LUMO Advance():  PE=2 SSI=0 SSIPE=2
20260922 003716.000 INFO             PET2     LUMO Advance(): PET=1 lpid=1 tid=0 pid=3 peCount=1 accCount=0
20260922 003716.000 INFO             PET2     LUMO Advance():  PE=3 SSI=0 SSIPE=3
20260922 003716.000 INFO             PET2     LUMO Advance(): --- VMK::log() end ---------------------------------------
20260922 003716.000 INFO             PET2     thread_num=   0   currentSsiPe=   2   num_threads=   1   max_threads=   1   num_procs=   1
20260922 003716.000 INFO             PET2     ------>Advancing LUMO from: 2010  6  1  0  0  0   0
20260922 003716.000 INFO             PET2     ---------------------> to: 2010  6  1  0  5  0   0
20260922 003716.000 INFO             PET2     LUMO Advance(): --- VMK::log() start -------------------------------------
20260922 003716.000 INFO             PET2     LUMO Advance(): vm located at: 0x968730
20260922 003716.000 INFO             PET2     LUMO Advance(): mpionly=1 threadsflag=0
20260922 003716.000 INFO             PET2     LUMO Advance(): ssiCount=1 localSsi=0
20260922 003716.000 INFO             PET2     LUMO Advance(): devCount=0 ssiLocalDevCount=0
20260922 003716.000 INFO             PET2     LUMO Advance(): petCount=2 ssiLocalPetCount=2
20260922 003716.000 INFO             PET2     LUMO Advance(): localPet=0 mypthid=22613223306432 ssiLocalPet=0 currentSsiPe=2
20260922 003716.000 INFO             PET2     LUMO Advance(): Current system level affinity pinning for local PET:
20260922 003716.000 INFO             PET2     LUMO Advance():  SSIPE=2
20260922 003716.000 INFO             PET2     LUMO Advance(): Current system level OMP_NUM_THREADS setting for local PET: 1
20260922 003716.000 INFO             PET2     LUMO Advance(): Current system level OMP_NUM_PROCS setting for local PET: 1
20260922 003716.000 INFO             PET2     LUMO Advance(): ESMF level logical PET->PE association (but consider system level affinity pinning!):
20260922 003716.000 INFO             PET2     LUMO Advance(): PET=0 lpid=0 tid=0 pid=2 peCount=1 accCount=0
20260922 003716.000 INFO             PET2     LUMO Advance():  PE=2 SSI=0 SSIPE=2
20260922 003716.000 INFO             PET2     LUMO Advance(): PET=1 lpid=1 tid=0 pid=3 peCount=1 accCount=0
20260922 003716.000 INFO             PET2     LUMO Advance():  PE=3 SSI=0 SSIPE=3
20260922 003716.000 INFO             PET2     LUMO Advance(): --- VMK::log() end ---------------------------------------
20260922 003716.000 INFO             PET2     thread_num=   0   currentSsiPe=   2   num_threads=   1   max_threads=   1   num_procs=   1
20260922 003716.000 INFO             PET2     ------>Advancing LUMO from: 2010  6  1  0  5  0   0
20260922 003716.000 INFO             PET2     ---------------------> to: 2010  6  1  0 10  0   0
20260922 003716.000 INFO             PET2     LUMO Advance(): --- VMK::log() start -------------------------------------
20260922 003716.000 INFO             PET2     LUMO Advance(): vm located at: 0x968730
20260922 003716.000 INFO             PET2     LUMO Advance(): mpionly=1 threadsflag=0
20260922 003716.000 INFO             PET2     LUMO Advance(): ssiCount=1 localSsi=0
20260922 003716.000 INFO             PET2     LUMO Advance(): devCount=0 ssiLocalDevCount=0
20260922 003716.000 INFO             PET2     LUMO Advance(): petCount=2 ssiLocalPetCount=2
20260922 003716.001 INFO             PET2     LUMO Advance(): localPet=0 mypthid=22613223306432 ssiLocalPet=0 currentSsiPe=2
20260922 003716.001 INFO             PET2     LUMO Advance(): Current system level affinity pinning for local PET:
20260922 003716.001 INFO             PET2     LUMO Advance():  SSIPE=2
20260922 003716.001 INFO             PET2     LUMO Advance(): Current system level OMP_NUM_THREADS setting for local PET: 1
20260922 003716.001 INFO             PET2     LUMO Advance(): Current system level OMP_NUM_PROCS setting for local PET: 1
20260922 003716.001 INFO             PET2     LUMO Advance(): ESMF level logical PET->PE association (but consider system level affinity pinning!):
20260922 003716.001 INFO             PET2     LUMO Advance(): PET=0 lpid=0 tid=0 pid=2 peCount=1 accCount=0
20260922 003716.001 INFO             PET2     LUMO Advance():  PE=2 SSI=0 SSIPE=2
20260922 003716.001 INFO             PET2     LUMO Advance(): PET=1 lpid=1 tid=0 pid=3 peCount=1 accCount=0
20260922 003716.001 INFO             PET2     LUMO Advance():  PE=3 SSI=0 SSIPE=3
20260922 003716.001 INFO             PET2     LUMO Advance(): --- VMK::log() end ---------------------------------------
20260922 003716.001 INFO             PET2     thread_num=   0   currentSsiPe=   2   num_threads=   1   max_threads=   1   num_procs=   1
20260922 003716.001 INFO             PET2     ------>Advancing LUMO from: 2010  6  1  0 10  0   0
20260922 003716.001 INFO             PET2     ---------------------> to: 2010  6  1  0 15  0   0
20260922 003716.001 INFO             PET2     <<<OCN: leaving Run (phase=RunPhase1) with current time: 2010  6  1  0 15  0   0
20260922 003716.001 INFO             PET2   OCN: Run extro.
20260922 003716.001 INFO             PET2   ATM-TO-ESMX_Driver: Run intro.
20260922 003716.001 INFO             PET2     >>>ATM-TO-ESMX_Driver entered Run (phase=RunPhase1)
20260922 003716.001 INFO             PET2     <<<ATM-TO-ESMX_Driver leaving Run (phase=RunPhase1)
20260922 003716.001 INFO             PET2   ATM-TO-ESMX_Driver: Run extro.
20260922 003716.001 INFO             PET2   OCN-TO-ESMX_Driver: Run intro.
20260922 003716.001 INFO             PET2     >>>OCN-TO-ESMX_Driver entered Run (phase=RunPhase1)
20260922 003716.001 INFO             PET2     <<<OCN-TO-ESMX_Driver leaving Run (phase=RunPhase1)
20260922 003716.001 INFO             PET2   OCN-TO-ESMX_Driver: Run extro.
20260922 003716.001 INFO             PET2   <<<ESMX_Driver: leaving Run (phase=RunPhase1) with current time: 2010  6  1  0 15  0   0
20260922 003716.001 INFO             PET2 ESMX_Driver: Run extro.
20260922 003716.001 INFO             PET2 ESMX_Driver: Run intro.
20260922 003716.001 INFO             PET2   >>>ESMX_Driver: entered Run (phase=RunPhase1) with current time: 2010  6  1  0 15  0   0
20260922 003716.001 INFO             PET2   ESMX_Driver-TO-ATM: Run intro.
20260922 003716.001 INFO             PET2     >>>ESMX_Driver-TO-ATM entered Run (phase=RunPhase1)
20260922 003716.001 INFO             PET2     <<<ESMX_Driver-TO-ATM leaving Run (phase=RunPhase1)
20260922 003716.001 INFO             PET2   ESMX_Driver-TO-ATM: Run extro.
20260922 003716.002 INFO             PET2   ESMX_Driver-TO-OCN: Run intro.
20260922 003716.002 INFO             PET2     >>>ESMX_Driver-TO-OCN entered Run (phase=RunPhase1)
20260922 003716.002 INFO             PET2     <<<ESMX_Driver-TO-OCN leaving Run (phase=RunPhase1)
20260922 003716.002 INFO             PET2   ESMX_Driver-TO-OCN: Run extro.
20260922 003716.002 INFO             PET2   ATM-TO-OCN: Run intro.
20260922 003716.002 INFO             PET2     >>>ATM-TO-OCN entered Run (phase=RunPhase1)
20260922 003716.003 INFO             PET2     <<<ATM-TO-OCN leaving Run (phase=RunPhase1)
20260922 003716.003 INFO             PET2   ATM-TO-OCN: Run extro.
20260922 003716.003 INFO             PET2   OCN-TO-ATM: Run intro.
20260922 003716.003 INFO             PET2     >>>OCN-TO-ATM entered Run (phase=RunPhase1)
20260922 003716.003 INFO             PET2     <<<OCN-TO-ATM leaving Run (phase=RunPhase1)
20260922 003716.003 INFO             PET2   OCN-TO-ATM: Run extro.
20260922 003716.003 INFO             PET2   OCN: Run intro.
20260922 003716.003 INFO             PET2     >>>OCN: entered Run (phase=RunPhase1) with current time: 2010  6  1  0 15  0   0
20260922 003716.003 INFO             PET2     LUMO Advance(): --- VMK::log() start -------------------------------------
20260922 003716.003 INFO             PET2     LUMO Advance(): vm located at: 0x968730
20260922 003716.003 INFO             PET2     LUMO Advance(): mpionly=1 threadsflag=0
20260922 003716.003 INFO             PET2     LUMO Advance(): ssiCount=1 localSsi=0
20260922 003716.003 INFO             PET2     LUMO Advance(): devCount=0 ssiLocalDevCount=0
20260922 003716.003 INFO             PET2     LUMO Advance(): petCount=2 ssiLocalPetCount=2
20260922 003716.003 INFO             PET2     LUMO Advance(): localPet=0 mypthid=22613223306432 ssiLocalPet=0 currentSsiPe=2
20260922 003716.003 INFO             PET2     LUMO Advance(): Current system level affinity pinning for local PET:
20260922 003716.003 INFO             PET2     LUMO Advance():  SSIPE=2
20260922 003716.003 INFO             PET2     LUMO Advance(): Current system level OMP_NUM_THREADS setting for local PET: 1
20260922 003716.003 INFO             PET2     LUMO Advance(): Current system level OMP_NUM_PROCS setting for local PET: 1
20260922 003716.003 INFO             PET2     LUMO Advance(): ESMF level logical PET->PE association (but consider system level affinity pinning!):
20260922 003716.003 INFO             PET2     LUMO Advance(): PET=0 lpid=0 tid=0 pid=2 peCount=1 accCount=0
20260922 003716.003 INFO             PET2     LUMO Advance():  PE=2 SSI=0 SSIPE=2
20260922 003716.003 INFO             PET2     LUMO Advance(): PET=1 lpid=1 tid=0 pid=3 peCount=1 accCount=0
20260922 003716.003 INFO             PET2     LUMO Advance():  PE=3 SSI=0 SSIPE=3
20260922 003716.003 INFO             PET2     LUMO Advance(): --- VMK::log() end ---------------------------------------
20260922 003716.003 INFO             PET2     thread_num=   0   currentSsiPe=   2   num_threads=   1   max_threads=   1   num_procs=   1
20260922 003716.003 INFO             PET2     ------>Advancing LUMO from: 2010  6  1  0 15  0   0
20260922 003716.004 INFO             PET2     ---------------------> to: 2010  6  1  0 20  0   0
20260922 003716.004 INFO             PET2     LUMO Advance(): --- VMK::log() start -------------------------------------
20260922 003716.004 INFO             PET2     LUMO Advance(): vm located at: 0x968730
20260922 003716.004 INFO             PET2     LUMO Advance(): mpionly=1 threadsflag=0
20260922 003716.004 INFO             PET2     LUMO Advance(): ssiCount=1 localSsi=0
20260922 003716.004 INFO             PET2     LUMO Advance(): devCount=0 ssiLocalDevCount=0
20260922 003716.004 INFO             PET2     LUMO Advance(): petCount=2 ssiLocalPetCount=2
20260922 003716.004 INFO             PET2     LUMO Advance(): localPet=0 mypthid=22613223306432 ssiLocalPet=0 currentSsiPe=2
20260922 003716.004 INFO             PET2     LUMO Advance(): Current system level affinity pinning for local PET:
20260922 003716.004 INFO             PET2     LUMO Advance():  SSIPE=2
20260922 003716.004 INFO             PET2     LUMO Advance(): Current system level OMP_NUM_THREADS setting for local PET: 1
20260922 003716.004 INFO             PET2     LUMO Advance(): Current system level OMP_NUM_PROCS setting for local PET: 1
20260922 003716.004 INFO             PET2     LUMO Advance(): ESMF level logical PET->PE association (but consider system level affinity pinning!):
20260922 003716.004 INFO             PET2     LUMO Advance(): PET=0 lpid=0 tid=0 pid=2 peCount=1 accCount=0
20260922 003716.004 INFO             PET2     LUMO Advance():  PE=2 SSI=0 SSIPE=2
20260922 003716.004 INFO             PET2     LUMO Advance(): PET=1 lpid=1 tid=0 pid=3 peCount=1 accCount=0
20260922 003716.004 INFO             PET2     LUMO Advance():  PE=3 SSI=0 SSIPE=3
20260922 003716.004 INFO             PET2     LUMO Advance(): --- VMK::log() end ---------------------------------------
20260922 003716.004 INFO             PET2     thread_num=   0   currentSsiPe=   2   num_threads=   1   max_threads=   1   num_procs=   1
20260922 003716.004 INFO             PET2     ------>Advancing LUMO from: 2010  6  1  0 20  0   0
20260922 003716.004 INFO             PET2     ---------------------> to: 2010  6  1  0 25  0   0
20260922 003716.004 INFO             PET2     LUMO Advance(): --- VMK::log() start -------------------------------------
20260922 003716.004 INFO             PET2     LUMO Advance(): vm located at: 0x968730
20260922 003716.004 INFO             PET2     LUMO Advance(): mpionly=1 threadsflag=0
20260922 003716.004 INFO             PET2     LUMO Advance(): ssiCount=1 localSsi=0
20260922 003716.004 INFO             PET2     LUMO Advance(): devCount=0 ssiLocalDevCount=0
20260922 003716.004 INFO             PET2     LUMO Advance(): petCount=2 ssiLocalPetCount=2
20260922 003716.004 INFO             PET2     LUMO Advance(): localPet=0 mypthid=22613223306432 ssiLocalPet=0 currentSsiPe=2
20260922 003716.004 INFO             PET2     LUMO Advance(): Current system level affinity pinning for local PET:
20260922 003716.004 INFO             PET2     LUMO Advance():  SSIPE=2
20260922 003716.004 INFO             PET2     LUMO Advance(): Current system level OMP_NUM_THREADS setting for local PET: 1
20260922 003716.004 INFO             PET2     LUMO Advance(): Current system level OMP_NUM_PROCS setting for local PET: 1
20260922 003716.004 INFO             PET2     LUMO Advance(): ESMF level logical PET->PE association (but consider system level affinity pinning!):
20260922 003716.004 INFO             PET2     LUMO Advance(): PET=0 lpid=0 tid=0 pid=2 peCount=1 accCount=0
20260922 003716.004 INFO             PET2     LUMO Advance():  PE=2 SSI=0 SSIPE=2
20260922 003716.004 INFO             PET2     LUMO Advance(): PET=1 lpid=1 tid=0 pid=3 peCount=1 accCount=0
20260922 003716.004 INFO             PET2     LUMO Advance():  PE=3 SSI=0 SSIPE=3
20260922 003716.004 INFO             PET2     LUMO Advance(): --- VMK::log() end ---------------------------------------
20260922 003716.004 INFO             PET2     thread_num=   0   currentSsiPe=   2   num_threads=   1   max_threads=   1   num_procs=   1
20260922 003716.004 INFO             PET2     ------>Advancing LUMO from: 2010  6  1  0 25  0   0
20260922 003716.004 INFO             PET2     ---------------------> to: 2010  6  1  0 30  0   0
20260922 003716.004 INFO             PET2     <<<OCN: leaving Run (phase=RunPhase1) with current time: 2010  6  1  0 30  0   0
20260922 003716.004 INFO             PET2   OCN: Run extro.
20260922 003716.004 INFO             PET2   ATM-TO-ESMX_Driver: Run intro.
20260922 003716.004 INFO             PET2     >>>ATM-TO-ESMX_Driver entered Run (phase=RunPhase1)
20260922 003716.004 INFO             PET2     <<<ATM-TO-ESMX_Driver leaving Run (phase=RunPhase1)
20260922 003716.004 INFO             PET2   ATM-TO-ESMX_Driver: Run extro.
20260922 003716.004 INFO             PET2   OCN-TO-ESMX_Driver: Run intro.
20260922 003716.004 INFO             PET2     >>>OCN-TO-ESMX_Driver entered Run (phase=RunPhase1)
20260922 003716.004 INFO             PET2     <<<OCN-TO-ESMX_Driver leaving Run (phase=RunPhase1)
20260922 003716.004 INFO             PET2   OCN-TO-ESMX_Driver: Run extro.
20260922 003716.004 INFO             PET2   <<<ESMX_Driver: leaving Run (phase=RunPhase1) with current time: 2010  6  1  0 30  0   0
20260922 003716.005 INFO             PET2 ESMX_Driver: Run extro.
20260922 003716.005 INFO             PET2 ESMX_Driver: Run intro.
20260922 003716.005 INFO             PET2   >>>ESMX_Driver: entered Run (phase=RunPhase1) with current time: 2010  6  1  0 30  0   0
20260922 003716.005 INFO             PET2   ESMX_Driver-TO-ATM: Run intro.
20260922 003716.005 INFO             PET2     >>>ESMX_Driver-TO-ATM entered Run (phase=RunPhase1)
20260922 003716.005 INFO             PET2     <<<ESMX_Driver-TO-ATM leaving Run (phase=RunPhase1)
20260922 003716.005 INFO             PET2   ESMX_Driver-TO-ATM: Run extro.
20260922 003716.005 INFO             PET2   ESMX_Driver-TO-OCN: Run intro.
20260922 003716.005 INFO             PET2     >>>ESMX_Driver-TO-OCN entered Run (phase=RunPhase1)
20260922 003716.005 INFO             PET2     <<<ESMX_Driver-TO-OCN leaving Run (phase=RunPhase1)
20260922 003716.005 INFO             PET2   ESMX_Driver-TO-OCN: Run extro.
20260922 003716.005 INFO             PET2   ATM-TO-OCN: Run intro.
20260922 003716.005 INFO             PET2     >>>ATM-TO-OCN entered Run (phase=RunPhase1)
20260922 003716.005 INFO             PET2     <<<ATM-TO-OCN leaving Run (phase=RunPhase1)
20260922 003716.005 INFO             PET2   ATM-TO-OCN: Run extro.
20260922 003716.005 INFO             PET2   OCN-TO-ATM: Run intro.
20260922 003716.005 INFO             PET2     >>>OCN-TO-ATM entered Run (phase=RunPhase1)
20260922 003716.005 INFO             PET2     <<<OCN-TO-ATM leaving Run (phase=RunPhase1)
20260922 003716.005 INFO             PET2   OCN-TO-ATM: Run extro.
20260922 003716.006 INFO             PET2   OCN: Run intro.
20260922 003716.006 INFO             PET2     >>>OCN: entered Run (phase=RunPhase1) with current time: 2010  6  1  0 30  0   0
20260922 003716.006 INFO             PET2     LUMO Advance(): --- VMK::log() start -------------------------------------
20260922 003716.006 INFO             PET2     LUMO Advance(): vm located at: 0x968730
20260922 003716.006 INFO             PET2     LUMO Advance(): mpionly=1 threadsflag=0
20260922 003716.006 INFO             PET2     LUMO Advance(): ssiCount=1 localSsi=0
20260922 003716.006 INFO             PET2     LUMO Advance(): devCount=0 ssiLocalDevCount=0
20260922 003716.006 INFO             PET2     LUMO Advance(): petCount=2 ssiLocalPetCount=2
20260922 003716.006 INFO             PET2     LUMO Advance(): localPet=0 mypthid=22613223306432 ssiLocalPet=0 currentSsiPe=2
20260922 003716.006 INFO             PET2     LUMO Advance(): Current system level affinity pinning for local PET:
20260922 003716.006 INFO             PET2     LUMO Advance():  SSIPE=2
20260922 003716.006 INFO             PET2     LUMO Advance(): Current system level OMP_NUM_THREADS setting for local PET: 1
20260922 003716.006 INFO             PET2     LUMO Advance(): Current system level OMP_NUM_PROCS setting for local PET: 1
20260922 003716.006 INFO             PET2     LUMO Advance(): ESMF level logical PET->PE association (but consider system level affinity pinning!):
20260922 003716.006 INFO             PET2     LUMO Advance(): PET=0 lpid=0 tid=0 pid=2 peCount=1 accCount=0
20260922 003716.006 INFO             PET2     LUMO Advance():  PE=2 SSI=0 SSIPE=2
20260922 003716.006 INFO             PET2     LUMO Advance(): PET=1 lpid=1 tid=0 pid=3 peCount=1 accCount=0
20260922 003716.006 INFO             PET2     LUMO Advance():  PE=3 SSI=0 SSIPE=3
20260922 003716.006 INFO             PET2     LUMO Advance(): --- VMK::log() end ---------------------------------------
20260922 003716.006 INFO             PET2     thread_num=   0   currentSsiPe=   2   num_threads=   1   max_threads=   1   num_procs=   1
20260922 003716.006 INFO             PET2     ------>Advancing LUMO from: 2010  6  1  0 30  0   0
20260922 003716.006 INFO             PET2     ---------------------> to: 2010  6  1  0 35  0   0
20260922 003716.006 INFO             PET2     LUMO Advance(): --- VMK::log() start -------------------------------------
20260922 003716.006 INFO             PET2     LUMO Advance(): vm located at: 0x968730
20260922 003716.006 INFO             PET2     LUMO Advance(): mpionly=1 threadsflag=0
20260922 003716.006 INFO             PET2     LUMO Advance(): ssiCount=1 localSsi=0
20260922 003716.006 INFO             PET2     LUMO Advance(): devCount=0 ssiLocalDevCount=0
20260922 003716.006 INFO             PET2     LUMO Advance(): petCount=2 ssiLocalPetCount=2
20260922 003716.006 INFO             PET2     LUMO Advance(): localPet=0 mypthid=22613223306432 ssiLocalPet=0 currentSsiPe=2
20260922 003716.006 INFO             PET2     LUMO Advance(): Current system level affinity pinning for local PET:
20260922 003716.006 INFO             PET2     LUMO Advance():  SSIPE=2
20260922 003716.006 INFO             PET2     LUMO Advance(): Current system level OMP_NUM_THREADS setting for local PET: 1
20260922 003716.006 INFO             PET2     LUMO Advance(): Current system level OMP_NUM_PROCS setting for local PET: 1
20260922 003716.006 INFO             PET2     LUMO Advance(): ESMF level logical PET->PE association (but consider system level affinity pinning!):
20260922 003716.006 INFO             PET2     LUMO Advance(): PET=0 lpid=0 tid=0 pid=2 peCount=1 accCount=0
20260922 003716.006 INFO             PET2     LUMO Advance():  PE=2 SSI=0 SSIPE=2
20260922 003716.006 INFO             PET2     LUMO Advance(): PET=1 lpid=1 tid=0 pid=3 peCount=1 accCount=0
20260922 003716.006 INFO             PET2     LUMO Advance():  PE=3 SSI=0 SSIPE=3
20260922 003716.006 INFO             PET2     LUMO Advance(): --- VMK::log() end ---------------------------------------
20260922 003716.006 INFO             PET2     thread_num=   0   currentSsiPe=   2   num_threads=   1   max_threads=   1   num_procs=   1
20260922 003716.006 INFO             PET2     ------>Advancing LUMO from: 2010  6  1  0 35  0   0
20260922 003716.006 INFO             PET2     ---------------------> to: 2010  6  1  0 40  0   0
20260922 003716.006 INFO             PET2     LUMO Advance(): --- VMK::log() start -------------------------------------
20260922 003716.006 INFO             PET2     LUMO Advance(): vm located at: 0x968730
20260922 003716.006 INFO             PET2     LUMO Advance(): mpionly=1 threadsflag=0
20260922 003716.006 INFO             PET2     LUMO Advance(): ssiCount=1 localSsi=0
20260922 003716.006 INFO             PET2     LUMO Advance(): devCount=0 ssiLocalDevCount=0
20260922 003716.006 INFO             PET2     LUMO Advance(): petCount=2 ssiLocalPetCount=2
20260922 003716.006 INFO             PET2     LUMO Advance(): localPet=0 mypthid=22613223306432 ssiLocalPet=0 currentSsiPe=2
20260922 003716.006 INFO             PET2     LUMO Advance(): Current system level affinity pinning for local PET:
20260922 003716.006 INFO             PET2     LUMO Advance():  SSIPE=2
20260922 003716.006 INFO             PET2     LUMO Advance(): Current system level OMP_NUM_THREADS setting for local PET: 1
20260922 003716.006 INFO             PET2     LUMO Advance(): Current system level OMP_NUM_PROCS setting for local PET: 1
20260922 003716.006 INFO             PET2     LUMO Advance(): ESMF level logical PET->PE association (but consider system level affinity pinning!):
20260922 003716.006 INFO             PET2     LUMO Advance(): PET=0 lpid=0 tid=0 pid=2 peCount=1 accCount=0
20260922 003716.006 INFO             PET2     LUMO Advance():  PE=2 SSI=0 SSIPE=2
20260922 003716.006 INFO             PET2     LUMO Advance(): PET=1 lpid=1 tid=0 pid=3 peCount=1 accCount=0
20260922 003716.006 INFO             PET2     LUMO Advance():  PE=3 SSI=0 SSIPE=3
20260922 003716.006 INFO             PET2     LUMO Advance(): --- VMK::log() end ---------------------------------------
20260922 003716.007 INFO             PET2     thread_num=   0   currentSsiPe=   2   num_threads=   1   max_threads=   1   num_procs=   1
20260922 003716.007 INFO             PET2     ------>Advancing LUMO from: 2010  6  1  0 40  0   0
20260922 003716.007 INFO             PET2     ---------------------> to: 2010  6  1  0 45  0   0
20260922 003716.007 INFO             PET2     <<<OCN: leaving Run (phase=RunPhase1) with current time: 2010  6  1  0 45  0   0
20260922 003716.007 INFO             PET2   OCN: Run extro.
20260922 003716.007 INFO             PET2   ATM-TO-ESMX_Driver: Run intro.
20260922 003716.007 INFO             PET2     >>>ATM-TO-ESMX_Driver entered Run (phase=RunPhase1)
20260922 003716.007 INFO             PET2     <<<ATM-TO-ESMX_Driver leaving Run (phase=RunPhase1)
20260922 003716.007 INFO             PET2   ATM-TO-ESMX_Driver: Run extro.
20260922 003716.007 INFO             PET2   OCN-TO-ESMX_Driver: Run intro.
20260922 003716.007 INFO             PET2     >>>OCN-TO-ESMX_Driver entered Run (phase=RunPhase1)
20260922 003716.007 INFO             PET2     <<<OCN-TO-ESMX_Driver leaving Run (phase=RunPhase1)
20260922 003716.007 INFO             PET2   OCN-TO-ESMX_Driver: Run extro.
20260922 003716.007 INFO             PET2   <<<ESMX_Driver: leaving Run (phase=RunPhase1) with current time: 2010  6  1  0 45  0   0
20260922 003716.007 INFO             PET2 ESMX_Driver: Run extro.
20260922 003716.007 INFO             PET2 ESMX_Driver: Run intro.
20260922 003716.007 INFO             PET2   >>>ESMX_Driver: entered Run (phase=RunPhase1) with current time: 2010  6  1  0 45  0   0
20260922 003716.007 INFO             PET2   ESMX_Driver-TO-ATM: Run intro.
20260922 003716.007 INFO             PET2     >>>ESMX_Driver-TO-ATM entered Run (phase=RunPhase1)
20260922 003716.007 INFO             PET2     <<<ESMX_Driver-TO-ATM leaving Run (phase=RunPhase1)
20260922 003716.007 INFO             PET2   ESMX_Driver-TO-ATM: Run extro.
20260922 003716.007 INFO             PET2   ESMX_Driver-TO-OCN: Run intro.
20260922 003716.007 INFO             PET2     >>>ESMX_Driver-TO-OCN entered Run (phase=RunPhase1)
20260922 003716.007 INFO             PET2     <<<ESMX_Driver-TO-OCN leaving Run (phase=RunPhase1)
20260922 003716.007 INFO             PET2   ESMX_Driver-TO-OCN: Run extro.
20260922 003716.008 INFO             PET2   ATM-TO-OCN: Run intro.
20260922 003716.008 INFO             PET2     >>>ATM-TO-OCN entered Run (phase=RunPhase1)
20260922 003716.008 INFO             PET2     <<<ATM-TO-OCN leaving Run (phase=RunPhase1)
20260922 003716.008 INFO             PET2   ATM-TO-OCN: Run extro.
20260922 003716.008 INFO             PET2   OCN-TO-ATM: Run intro.
20260922 003716.008 INFO             PET2     >>>OCN-TO-ATM entered Run (phase=RunPhase1)
20260922 003716.008 INFO             PET2     <<<OCN-TO-ATM leaving Run (phase=RunPhase1)
20260922 003716.008 INFO             PET2   OCN-TO-ATM: Run extro.
20260922 003716.008 INFO             PET2   OCN: Run intro.
20260922 003716.008 INFO             PET2     >>>OCN: entered Run (phase=RunPhase1) with current time: 2010  6  1  0 45  0   0
20260922 003716.008 INFO             PET2     LUMO Advance(): --- VMK::log() start -------------------------------------
20260922 003716.008 INFO             PET2     LUMO Advance(): vm located at: 0x968730
20260922 003716.008 INFO             PET2     LUMO Advance(): mpionly=1 threadsflag=0
20260922 003716.008 INFO             PET2     LUMO Advance(): ssiCount=1 localSsi=0
20260922 003716.008 INFO             PET2     LUMO Advance(): devCount=0 ssiLocalDevCount=0
20260922 003716.008 INFO             PET2     LUMO Advance(): petCount=2 ssiLocalPetCount=2
20260922 003716.008 INFO             PET2     LUMO Advance(): localPet=0 mypthid=22613223306432 ssiLocalPet=0 currentSsiPe=2
20260922 003716.008 INFO             PET2     LUMO Advance(): Current system level affinity pinning for local PET:
20260922 003716.008 INFO             PET2     LUMO Advance():  SSIPE=2
20260922 003716.008 INFO             PET2     LUMO Advance(): Current system level OMP_NUM_THREADS setting for local PET: 1
20260922 003716.008 INFO             PET2     LUMO Advance(): Current system level OMP_NUM_PROCS setting for local PET: 1
20260922 003716.008 INFO             PET2     LUMO Advance(): ESMF level logical PET->PE association (but consider system level affinity pinning!):
20260922 003716.008 INFO             PET2     LUMO Advance(): PET=0 lpid=0 tid=0 pid=2 peCount=1 accCount=0
20260922 003716.008 INFO             PET2     LUMO Advance():  PE=2 SSI=0 SSIPE=2
20260922 003716.008 INFO             PET2     LUMO Advance(): PET=1 lpid=1 tid=0 pid=3 peCount=1 accCount=0
20260922 003716.008 INFO             PET2     LUMO Advance():  PE=3 SSI=0 SSIPE=3
20260922 003716.008 INFO             PET2     LUMO Advance(): --- VMK::log() end ---------------------------------------
20260922 003716.008 INFO             PET2     thread_num=   0   currentSsiPe=   2   num_threads=   1   max_threads=   1   num_procs=   1
20260922 003716.008 INFO             PET2     ------>Advancing LUMO from: 2010  6  1  0 45  0   0
20260922 003716.008 INFO             PET2     ---------------------> to: 2010  6  1  0 50  0   0
20260922 003716.009 INFO             PET2     LUMO Advance(): --- VMK::log() start -------------------------------------
20260922 003716.009 INFO             PET2     LUMO Advance(): vm located at: 0x968730
20260922 003716.009 INFO             PET2     LUMO Advance(): mpionly=1 threadsflag=0
20260922 003716.009 INFO             PET2     LUMO Advance(): ssiCount=1 localSsi=0
20260922 003716.009 INFO             PET2     LUMO Advance(): devCount=0 ssiLocalDevCount=0
20260922 003716.009 INFO             PET2     LUMO Advance(): petCount=2 ssiLocalPetCount=2
20260922 003716.009 INFO             PET2     LUMO Advance(): localPet=0 mypthid=22613223306432 ssiLocalPet=0 currentSsiPe=2
20260922 003716.009 INFO             PET2     LUMO Advance(): Current system level affinity pinning for local PET:
20260922 003716.009 INFO             PET2     LUMO Advance():  SSIPE=2
20260922 003716.009 INFO             PET2     LUMO Advance(): Current system level OMP_NUM_THREADS setting for local PET: 1
20260922 003716.009 INFO             PET2     LUMO Advance(): Current system level OMP_NUM_PROCS setting for local PET: 1
20260922 003716.009 INFO             PET2     LUMO Advance(): ESMF level logical PET->PE association (but consider system level affinity pinning!):
20260922 003716.009 INFO             PET2     LUMO Advance(): PET=0 lpid=0 tid=0 pid=2 peCount=1 accCount=0
20260922 003716.009 INFO             PET2     LUMO Advance():  PE=2 SSI=0 SSIPE=2
20260922 003716.009 INFO             PET2     LUMO Advance(): PET=1 lpid=1 tid=0 pid=3 peCount=1 accCount=0
20260922 003716.009 INFO             PET2     LUMO Advance():  PE=3 SSI=0 SSIPE=3
20260922 003716.009 INFO             PET2     LUMO Advance(): --- VMK::log() end ---------------------------------------
20260922 003716.009 INFO             PET2     thread_num=   0   currentSsiPe=   2   num_threads=   1   max_threads=   1   num_procs=   1
20260922 003716.009 INFO             PET2     ------>Advancing LUMO from: 2010  6  1  0 50  0   0
20260922 003716.009 INFO             PET2     ---------------------> to: 2010  6  1  0 55  0   0
20260922 003716.009 INFO             PET2     LUMO Advance(): --- VMK::log() start -------------------------------------
20260922 003716.009 INFO             PET2     LUMO Advance(): vm located at: 0x968730
20260922 003716.009 INFO             PET2     LUMO Advance(): mpionly=1 threadsflag=0
20260922 003716.009 INFO             PET2     LUMO Advance(): ssiCount=1 localSsi=0
20260922 003716.009 INFO             PET2     LUMO Advance(): devCount=0 ssiLocalDevCount=0
20260922 003716.009 INFO             PET2     LUMO Advance(): petCount=2 ssiLocalPetCount=2
20260922 003716.009 INFO             PET2     LUMO Advance(): localPet=0 mypthid=22613223306432 ssiLocalPet=0 currentSsiPe=2
20260922 003716.009 INFO             PET2     LUMO Advance(): Current system level affinity pinning for local PET:
20260922 003716.009 INFO             PET2     LUMO Advance():  SSIPE=2
20260922 003716.009 INFO             PET2     LUMO Advance(): Current system level OMP_NUM_THREADS setting for local PET: 1
20260922 003716.009 INFO             PET2     LUMO Advance(): Current system level OMP_NUM_PROCS setting for local PET: 1
20260922 003716.009 INFO             PET2     LUMO Advance(): ESMF level logical PET->PE association (but consider system level affinity pinning!):
20260922 003716.009 INFO             PET2     LUMO Advance(): PET=0 lpid=0 tid=0 pid=2 peCount=1 accCount=0
20260922 003716.009 INFO             PET2     LUMO Advance():  PE=2 SSI=0 SSIPE=2
20260922 003716.009 INFO             PET2     LUMO Advance(): PET=1 lpid=1 tid=0 pid=3 peCount=1 accCount=0
20260922 003716.009 INFO             PET2     LUMO Advance():  PE=3 SSI=0 SSIPE=3
20260922 003716.009 INFO             PET2     LUMO Advance(): --- VMK::log() end ---------------------------------------
20260922 003716.009 INFO             PET2     thread_num=   0   currentSsiPe=   2   num_threads=   1   max_threads=   1   num_procs=   1
20260922 003716.009 INFO             PET2     ------>Advancing LUMO from: 2010  6  1  0 55  0   0
20260922 003716.009 INFO             PET2     ---------------------> to: 2010  6  1  1  0  0   0
20260922 003716.009 INFO             PET2     <<<OCN: leaving Run (phase=RunPhase1) with current time: 2010  6  1  1  0  0   0
20260922 003716.009 INFO             PET2   OCN: Run extro.
20260922 003716.009 INFO             PET2   ATM-TO-ESMX_Driver: Run intro.
20260922 003716.009 INFO             PET2     >>>ATM-TO-ESMX_Driver entered Run (phase=RunPhase1)
20260922 003716.009 INFO             PET2     <<<ATM-TO-ESMX_Driver leaving Run (phase=RunPhase1)
20260922 003716.009 INFO             PET2   ATM-TO-ESMX_Driver: Run extro.
20260922 003716.009 INFO             PET2   OCN-TO-ESMX_Driver: Run intro.
20260922 003716.009 INFO             PET2     >>>OCN-TO-ESMX_Driver entered Run (phase=RunPhase1)
20260922 003716.009 INFO             PET2     <<<OCN-TO-ESMX_Driver leaving Run (phase=RunPhase1)
20260922 003716.009 INFO             PET2   OCN-TO-ESMX_Driver: Run extro.
20260922 003716.009 INFO             PET2   <<<ESMX_Driver: leaving Run (phase=RunPhase1) with current time: 2010  6  1  1  0  0   0
20260922 003716.009 INFO             PET2 ESMX_Driver: Run extro.
20260922 003716.010 INFO             PET2 ESMX_Driver: Finalize intro.
20260922 003716.010 INFO             PET2   >>>ESMX_Driver: entered Finalize (phase=FinalizePhase1) with current time: 2010  6  1  1  0  0   0
20260922 003716.010 INFO             PET2   Calling Finalize phase 1 for connectorComp: ESMX_Driver-TO-ATM
20260922 003716.010 INFO             PET2   ESMX_Driver-TO-ATM: Finalize intro.
20260922 003716.010 INFO             PET2   ESMX_Driver-TO-ATM: Finalize extro.
20260922 003716.010 INFO             PET2   Calling Finalize phase 1 for connectorComp: ESMX_Driver-TO-OCN
20260922 003716.010 INFO             PET2   ESMX_Driver-TO-OCN: Finalize intro.
20260922 003716.010 INFO             PET2   ESMX_Driver-TO-OCN: Finalize extro.
20260922 003716.010 INFO             PET2   Calling Finalize phase 1 for connectorComp: ATM-TO-ESMX_Driver
20260922 003716.010 INFO             PET2   ATM-TO-ESMX_Driver: Finalize intro.
20260922 003716.010 INFO             PET2   ATM-TO-ESMX_Driver: Finalize extro.
20260922 003716.010 INFO             PET2   Calling Finalize phase 1 for connectorComp: ATM-TO-OCN
20260922 003716.010 INFO             PET2   ATM-TO-OCN: Finalize intro.
20260922 003716.010 INFO             PET2   ATM-TO-OCN: Finalize extro.
20260922 003716.010 INFO             PET2   Calling Finalize phase 1 for connectorComp: OCN-TO-ESMX_Driver
20260922 003716.010 INFO             PET2   OCN-TO-ESMX_Driver: Finalize intro.
20260922 003716.010 INFO             PET2   OCN-TO-ESMX_Driver: Finalize extro.
20260922 003716.010 INFO             PET2   Calling Finalize phase 1 for connectorComp: OCN-TO-ATM
20260922 003716.010 INFO             PET2   OCN-TO-ATM: Finalize intro.
20260922 003716.010 INFO             PET2   OCN-TO-ATM: Finalize extro.
20260922 003716.011 INFO             PET2   Calling Finalize phase 1 for modelComp: ATM
20260922 003716.011 INFO             PET2   Calling Finalize phase 1 for modelComp: OCN
20260922 003716.011 INFO             PET2   OCN: Finalize intro.
20260922 003716.011 INFO             PET2     >>>OCN: entered Finalize (phase=FinalizePhase1) with current time: 2010  6  1  1  0  0   0
20260922 003716.011 INFO             PET2     <<<OCN: leaving Finalize (phase=FinalizePhase1) with current time: 2010  6  1  1  0  0   0
20260922 003716.011 INFO             PET2   OCN: Finalize extro.
20260922 003716.011 INFO             PET2   Delete modelComp: ATM
20260922 003716.011 INFO             PET2   Delete modelComp: OCN
20260922 003716.011 INFO             PET2   Delete connectorComp: ESMX_Driver-TO-ATM
20260922 003716.011 INFO             PET2   Delete connectorComp: ESMX_Driver-TO-OCN
20260922 003716.011 INFO             PET2   Delete connectorComp: ATM-TO-ESMX_Driver
20260922 003716.011 INFO             PET2   Delete connectorComp: OCN-TO-ESMX_Driver
20260922 003716.011 INFO             PET2   Delete connectorComp: ATM-TO-OCN
20260922 003716.011 INFO             PET2   Delete connectorComp: OCN-TO-ATM
20260922 003716.011 INFO             PET2   <<<ESMX_Driver: leaving Finalize (phase=FinalizePhase1) with current time: 2010  6  1  1  0  0   0
20260922 003716.011 INFO             PET2 ESMX_Driver: Finalize extro.
20260922 003716.011 INFO             PET2 externalApp FINISHED
20260922 003716.011 INFO             PET2  Finalizing ESMF
20260922 003715.712 INFO             PET3 !!!!!!!!!!!!!!!!!!!!!!!!!!!!!!!!!!!!!!!!!!!!!!!!!!!!!!
20260922 003715.712 INFO             PET3 !!! THE ESMF_LOG IS SET TO OUTPUT ALL LOG MESSAGES !!!
20260922 003715.712 INFO             PET3 !!!     THIS MAY CAUSE SLOWDOWN IN PERFORMANCE     !!!
20260922 003715.712 INFO             PET3 !!! FOR PRODUCTION RUNS, USE:                      !!!
20260922 003715.712 INFO             PET3 !!!                   ESMF_LOGKIND_Multi_On_Error  !!!
20260922 003715.712 INFO             PET3 !!!!!!!!!!!!!!!!!!!!!!!!!!!!!!!!!!!!!!!!!!!!!!!!!!!!!!
20260922 003715.712 INFO             PET3 Running with ESMF Version   : v9.0.0b19
20260922 003715.712 INFO             PET3 ESMF library build date/time: "Sep 21 2026" "22:58:06"
20260922 003715.712 INFO             PET3 ESMF library build location : /discover/nobackup/projects/gmao/SIteam/ESMF_Testing/nvhpc_26.1_openmpi_O_develop/esmf
20260922 003715.712 INFO             PET3 ESMF_COMM                   : openmpi
20260922 003715.712 INFO             PET3 ESMF_MOAB                   : enabled
20260922 003715.712 INFO             PET3 ESMF_LAPACK                 : enabled
20260922 003715.712 INFO             PET3 ESMF_NETCDF                 : disabled
20260922 003715.712 INFO             PET3 ESMF_PNETCDF                : disabled
20260922 003715.712 INFO             PET3 ESMF_PIO                    : disabled
20260922 003715.712 INFO             PET3 ESMF_YAMLCPP                : enabled
20260922 003715.712 INFO             PET3 externalApp STARTING
20260922 003715.721 INFO             PET3 ESMX_Driver - Creating model component ATM with petList of size 2 :
20260922 003715.721 INFO             PET3       0      1
20260922 003715.721 DEBUG            PET3 Generic SetVM() is executing for: ATM
20260922 003715.721 DEBUG            PET3 Generic SetVM() found no NUOPC Hint for: ATM
20260922 003715.721 DEBUG            PET3 Generic SetVM() therefore is NOT calling ESMF_GridCompSetVMMaxPEs() for: ATM
20260922 003715.724 INFO             PET3 ESMX_Driver - Creating model component OCN with petList of size 2 :
20260922 003715.724 INFO             PET3       2      3
20260922 003715.724 DEBUG            PET3 Generic SetVM() is executing for: OCN
20260922 003715.724 DEBUG            PET3 Generic SetVM() found no NUOPC Hint for: OCN
20260922 003715.724 DEBUG            PET3 Generic SetVM() therefore is NOT calling ESMF_GridCompSetVMMaxPEs() for: OCN
20260922 003715.726 INFO             PET3 ESMX_Driver - Creating connector component ESMX_Driver-TO-ATM without petList.
20260922 003715.728 INFO             PET3 ESMX_Driver - Creating connector component ESMX_Driver-TO-OCN without petList.
20260922 003715.730 INFO             PET3 ESMX_Driver - Creating connector component ATM-TO-ESMX_Driver without petList.
20260922 003715.732 INFO             PET3 ESMX_Driver - Creating connector component OCN-TO-ESMX_Driver without petList.
20260922 003715.734 INFO             PET3 OCN: InitializeP0 intro.
20260922 003715.734 INFO             PET3   >>>OCN: entered Initialize (phase=<none>) without valid internal Clock.
20260922 003715.735 INFO             PET3   <<<OCN: leaving Initialize (phase=<none>) without valid internal Clock.
20260922 003715.735 INFO             PET3 OCN: InitializeP0 extro.
20260922 003715.736 INFO             PET3 ESMX_Driver-TO-ATM: InitializeP0 intro.
20260922 003715.736 INFO             PET3 ESMX_Driver-TO-ATM: InitializeP0 extro.
20260922 003715.736 INFO             PET3 ESMX_Driver-TO-OCN: InitializeP0 intro.
20260922 003715.736 INFO             PET3 ESMX_Driver-TO-OCN: InitializeP0 extro.
20260922 003715.737 INFO             PET3 ATM-TO-ESMX_Driver: InitializeP0 intro.
20260922 003715.737 INFO             PET3 ATM-TO-ESMX_Driver: InitializeP0 extro.
20260922 003715.737 INFO             PET3 OCN-TO-ESMX_Driver: InitializeP0 intro.
20260922 003715.737 INFO             PET3 OCN-TO-ESMX_Driver: InitializeP0 extro.
20260922 003715.738 INFO             PET3 ESMX_Driver - Creating connector component ATM-TO-OCN with petList of size 4 :
20260922 003715.739 INFO             PET3       0      1      2      3
20260922 003715.741 INFO             PET3 ESMX_Driver - Setting Verbosity on created component to: low
20260922 003715.741 INFO             PET3 ESMX_Driver - Setting Profiling on created component to:          0
20260922 003715.741 INFO             PET3 ESMX_Driver - Creating connector component OCN-TO-ATM with petList of size 4 :
20260922 003715.741 INFO             PET3       2      3      0      1
20260922 003715.743 INFO             PET3 ESMX_Driver - Setting Verbosity on created component to: low
20260922 003715.743 INFO             PET3 ESMX_Driver - Setting Profiling on created component to:          0
20260922 003715.744 INFO             PET3 ESMX_Driver: IInitAdvertise intro.
20260922 003715.744 INFO             PET3   >>>ESMX_Driver: entered Initialize (phase=<none>) with current time: 2010  6  1  0  0  0   0
20260922 003715.744 INFO             PET3   <<<ESMX_Driver: leaving Initialize (phase=<none>) with current time: 2010  6  1  0  0  0   0
20260922 003715.744 INFO             PET3 ESMX_Driver: IInitAdvertise extro.
20260922 003715.744 INFO             PET3 OCN: InitializeIPDvXp01 intro.
20260922 003715.744 INFO             PET3   >>>OCN: entered Initialize (phase=IPDvXp01) without valid internal Clock.
20260922 003715.746 INFO             PET3   <<<OCN: leaving Initialize (phase=IPDvXp01) without valid internal Clock.
20260922 003715.746 INFO             PET3 OCN: InitializeIPDvXp01 extro.
20260922 003715.747 INFO             PET3 ATM-TO-ESMX_Driver: InitializeIPDv05p1 intro.
20260922 003715.749 INFO             PET3 ATM-TO-ESMX_Driver: InitializeIPDv05p1 extro.
20260922 003715.749 INFO             PET3 ATM-TO-OCN: InitializeIPDv05p1 intro.
20260922 003715.752 INFO             PET3 ATM-TO-OCN: InitializeIPDv05p1 extro.
20260922 003715.752 INFO             PET3 OCN-TO-ESMX_Driver: InitializeIPDv05p1 intro.
20260922 003715.753 INFO             PET3 OCN-TO-ESMX_Driver: InitializeIPDv05p1 extro.
20260922 003715.753 INFO             PET3 OCN-TO-ATM: InitializeIPDv05p1 intro.
20260922 003715.755 INFO             PET3 OCN-TO-ATM: InitializeIPDv05p1 extro.
20260922 003715.755 INFO             PET3 ESMX_Driver-TO-ATM: InitializeIPDv05p1 intro.
20260922 003715.756 INFO             PET3 ESMX_Driver-TO-ATM: InitializeIPDv05p1 extro.
20260922 003715.756 INFO             PET3 ESMX_Driver-TO-OCN: InitializeIPDv05p1 intro.
20260922 003715.757 INFO             PET3 ESMX_Driver-TO-OCN: InitializeIPDv05p1 extro.
20260922 003715.757 INFO             PET3 ESMX_Driver: IInitAdvertiseFinish intro.
20260922 003715.757 INFO             PET3   >>>ESMX_Driver: entered Initialize (phase=<none>) with current time: 2010  6  1  0  0  0   0
20260922 003715.758 INFO             PET3   <<<ESMX_Driver: leaving Initialize (phase=<none>) with current time: 2010  6  1  0  0  0   0
20260922 003715.758 INFO             PET3 ESMX_Driver: IInitAdvertiseFinish extro.
20260922 003715.758 INFO             PET3 ATM-TO-ESMX_Driver: InitializeIPDv05p2a intro.
20260922 003715.759 INFO             PET3 ATM-TO-ESMX_Driver: InitializeIPDv05p2a extro.
20260922 003715.759 INFO             PET3 ATM-TO-OCN: InitializeIPDv05p2a intro.
20260922 003715.762 INFO             PET3 ATM-TO-OCN: InitializeIPDv05p2a extro.
20260922 003715.762 INFO             PET3 OCN-TO-ESMX_Driver: InitializeIPDv05p2a intro.
20260922 003715.764 INFO             PET3 OCN-TO-ESMX_Driver: InitializeIPDv05p2a extro.
20260922 003715.764 INFO             PET3 OCN-TO-ATM: InitializeIPDv05p2a intro.
20260922 003715.766 INFO             PET3 OCN-TO-ATM: InitializeIPDv05p2a extro.
20260922 003715.766 INFO             PET3 ESMX_Driver-TO-ATM: InitializeIPDv05p2a intro.
20260922 003715.767 INFO             PET3 ESMX_Driver-TO-ATM: InitializeIPDv05p2a extro.
20260922 003715.767 INFO             PET3 ESMX_Driver-TO-OCN: InitializeIPDv05p2a intro.
20260922 003715.769 INFO             PET3 ESMX_Driver-TO-OCN: InitializeIPDv05p2a extro.
20260922 003715.769 INFO             PET3 ATM-TO-ESMX_Driver: InitializeIPDv05p2b intro.
20260922 003715.771 INFO             PET3 ATM-TO-ESMX_Driver: InitializeIPDv05p2b extro.
20260922 003715.771 INFO             PET3 ATM-TO-OCN: InitializeIPDv05p2b intro.
20260922 003715.773 INFO             PET3 ATM-TO-OCN: InitializeIPDv05p2b extro.
20260922 003715.774 INFO             PET3 OCN-TO-ESMX_Driver: InitializeIPDv05p2b intro.
20260922 003715.775 INFO             PET3 OCN-TO-ESMX_Driver: InitializeIPDv05p2b extro.
20260922 003715.775 INFO             PET3 OCN-TO-ATM: InitializeIPDv05p2b intro.
20260922 003715.777 INFO             PET3 OCN-TO-ATM: InitializeIPDv05p2b extro.
20260922 003715.777 INFO             PET3 ESMX_Driver-TO-ATM: InitializeIPDv05p2b intro.
20260922 003715.778 INFO             PET3 ESMX_Driver-TO-ATM: InitializeIPDv05p2b extro.
20260922 003715.778 INFO             PET3 ESMX_Driver-TO-OCN: InitializeIPDv05p2b intro.
20260922 003715.779 INFO             PET3 ESMX_Driver-TO-OCN: InitializeIPDv05p2b extro.
20260922 003715.779 INFO             PET3 ESMX_Driver: IInitModifyCplLists intro.
20260922 003715.779 INFO             PET3   >>>ESMX_Driver: entered Initialize (phase=<none>) with current time: 2010  6  1  0  0  0   0
20260922 003715.779 INFO             PET3   <<<ESMX_Driver: leaving Initialize (phase=<none>) with current time: 2010  6  1  0  0  0   0
20260922 003715.779 INFO             PET3 ESMX_Driver: IInitModifyCplLists extro.
20260922 003715.780 INFO             PET3 ATM-TO-ESMX_Driver: InitializeIPDv05p3 intro.
20260922 003715.782 INFO             PET3 ATM-TO-ESMX_Driver: InitializeIPDv05p3 extro.
20260922 003715.782 INFO             PET3 ATM-TO-OCN: InitializeIPDv05p3 intro.
20260922 003715.785 INFO             PET3 ATM-TO-OCN: InitializeIPDv05p3 extro.
20260922 003715.785 INFO             PET3 OCN-TO-ESMX_Driver: InitializeIPDv05p3 intro.
20260922 003715.788 INFO             PET3 OCN-TO-ESMX_Driver: InitializeIPDv05p3 extro.
20260922 003715.788 INFO             PET3 OCN-TO-ATM: InitializeIPDv05p3 intro.
20260922 003715.790 INFO             PET3 OCN-TO-ATM: InitializeIPDv05p3 extro.
20260922 003715.790 INFO             PET3 ESMX_Driver-TO-ATM: InitializeIPDv05p3 intro.
20260922 003715.791 INFO             PET3 ESMX_Driver-TO-ATM: InitializeIPDv05p3 extro.
20260922 003715.791 INFO             PET3 ESMX_Driver-TO-OCN: InitializeIPDv05p3 intro.
20260922 003715.792 INFO             PET3 ESMX_Driver-TO-OCN: InitializeIPDv05p3 extro.
20260922 003715.792 INFO             PET3 ESMX_Driver: InitializeIPDv02p3 intro.
20260922 003715.792 INFO             PET3   >>>ESMX_Driver: entered Initialize (phase=ExternalRealize) with current time: 2010  6  1  0  0  0   0
20260922 003715.792 INFO             PET3   ESMX_Driver: IInitCheck intro.
20260922 003715.792 INFO             PET3     >>>ESMX_Driver: entered Initialize (phase=<none>) with current time: 2010  6  1  0  0  0   0
20260922 003715.793 INFO             PET3     <<<ESMX_Driver: leaving Initialize (phase=<none>) with current time: 2010  6  1  0  0  0   0
20260922 003715.793 INFO             PET3   ESMX_Driver: IInitCheck extro.
20260922 003715.793 INFO             PET3   OCN: InitializeIPDvXp04 intro.
20260922 003715.793 INFO             PET3     >>>OCN: entered Initialize (phase=IPDvXp04) without valid internal Clock.
20260922 003715.810 INFO             PET3     <<<OCN: leaving Initialize (phase=IPDvXp04) without valid internal Clock.
20260922 003715.810 INFO             PET3   OCN: InitializeIPDvXp04 extro.
20260922 003715.811 INFO             PET3   ATM-TO-ESMX_Driver: InitializeIPDv05p4 intro.
20260922 003715.815 INFO             PET3   ATM-TO-ESMX_Driver: InitializeIPDv05p4 extro.
20260922 003715.815 INFO             PET3   ATM-TO-OCN: InitializeIPDv05p4 intro.
20260922 003715.821 INFO             PET3   ATM-TO-OCN: InitializeIPDv05p4 extro.
20260922 003715.821 INFO             PET3   OCN-TO-ESMX_Driver: InitializeIPDv05p4 intro.
20260922 003715.825 INFO             PET3   OCN-TO-ESMX_Driver: InitializeIPDv05p4 extro.
20260922 003715.825 INFO             PET3   OCN-TO-ATM: InitializeIPDv05p4 intro.
20260922 003715.829 INFO             PET3   OCN-TO-ATM: InitializeIPDv05p4 extro.
20260922 003715.829 INFO             PET3   ESMX_Driver-TO-ATM: InitializeIPDv05p4 intro.
20260922 003715.830 INFO             PET3   ESMX_Driver-TO-ATM: InitializeIPDv05p4 extro.
20260922 003715.831 INFO             PET3   ESMX_Driver-TO-OCN: InitializeIPDv05p4 intro.
20260922 003715.832 INFO             PET3   ESMX_Driver-TO-OCN: InitializeIPDv05p4 extro.
20260922 003715.833 INFO             PET3   ATM-TO-ESMX_Driver: InitializeIPDv05p5 intro.
20260922 003715.840 INFO             PET3   ATM-TO-ESMX_Driver: InitializeIPDv05p5 extro.
20260922 003715.840 INFO             PET3   ATM-TO-OCN: InitializeIPDv05p5 intro.
20260922 003715.845 INFO             PET3   ATM-TO-OCN: InitializeIPDv05p5 extro.
20260922 003715.845 INFO             PET3   OCN-TO-ESMX_Driver: InitializeIPDv05p5 intro.
20260922 003715.861 INFO             PET3   OCN-TO-ESMX_Driver: InitializeIPDv05p5 extro.
20260922 003715.861 INFO             PET3   OCN-TO-ATM: InitializeIPDv05p5 intro.
20260922 003715.869 INFO             PET3   OCN-TO-ATM: InitializeIPDv05p5 extro.
20260922 003715.869 INFO             PET3   ESMX_Driver-TO-ATM: InitializeIPDv05p5 intro.
20260922 003715.870 INFO             PET3   ESMX_Driver-TO-ATM: InitializeIPDv05p5 extro.
20260922 003715.870 INFO             PET3   ESMX_Driver-TO-OCN: InitializeIPDv05p5 intro.
20260922 003715.873 INFO             PET3   ESMX_Driver-TO-OCN: InitializeIPDv05p5 extro.
20260922 003715.873 INFO             PET3   ESMX_Driver: IInitRealize intro.
20260922 003715.873 INFO             PET3     >>>ESMX_Driver: entered Initialize (phase=<none>) with current time: 2010  6  1  0  0  0   0
20260922 003715.873 INFO             PET3     <<<ESMX_Driver: leaving Initialize (phase=<none>) with current time: 2010  6  1  0  0  0   0
20260922 003715.873 INFO             PET3   ESMX_Driver: IInitRealize extro.
20260922 003715.874 INFO             PET3   ATM-TO-ESMX_Driver: InitializeIPDv05p6a intro.
20260922 003715.875 INFO             PET3   ATM-TO-ESMX_Driver: InitializeIPDv05p6a extro.
20260922 003715.876 INFO             PET3   ATM-TO-OCN: InitializeIPDv05p6a intro.
20260922 003715.880 INFO             PET3   ATM-TO-OCN: InitializeIPDv05p6a extro.
20260922 003715.880 INFO             PET3   OCN-TO-ESMX_Driver: InitializeIPDv05p6a intro.
20260922 003715.884 INFO             PET3   OCN-TO-ESMX_Driver: InitializeIPDv05p6a extro.
20260922 003715.884 INFO             PET3   OCN-TO-ATM: InitializeIPDv05p6a intro.
20260922 003715.887 INFO             PET3   OCN-TO-ATM: InitializeIPDv05p6a extro.
20260922 003715.887 INFO             PET3   ESMX_Driver-TO-ATM: InitializeIPDv05p6a intro.
20260922 003715.889 INFO             PET3   ESMX_Driver-TO-ATM: InitializeIPDv05p6a extro.
20260922 003715.889 INFO             PET3   ESMX_Driver-TO-OCN: InitializeIPDv05p6a intro.
20260922 003715.890 INFO             PET3   ESMX_Driver-TO-OCN: InitializeIPDv05p6a extro.
20260922 003715.890 INFO             PET3   ATM-TO-ESMX_Driver: InitializeIPDv05p6b intro.
20260922 003715.893 INFO             PET3   ATM-TO-ESMX_Driver: InitializeIPDv05p6b extro.
20260922 003715.893 INFO             PET3   ATM-TO-OCN: InitializeIPDv05p6b intro.
20260922 003715.944 INFO             PET3   ATM-TO-OCN: InitializeIPDv05p6b extro.
20260922 003715.944 INFO             PET3   OCN-TO-ESMX_Driver: InitializeIPDv05p6b intro.
20260922 003715.950 INFO             PET3   OCN-TO-ESMX_Driver: InitializeIPDv05p6b extro.
20260922 003715.950 INFO             PET3   OCN-TO-ATM: InitializeIPDv05p6b intro.
20260922 003715.994 INFO             PET3   OCN-TO-ATM: InitializeIPDv05p6b extro.
20260922 003715.994 INFO             PET3   ESMX_Driver-TO-ATM: InitializeIPDv05p6b intro.
20260922 003715.994 INFO             PET3   ESMX_Driver-TO-ATM: InitializeIPDv05p6b extro.
20260922 003715.995 INFO             PET3   ESMX_Driver-TO-OCN: InitializeIPDv05p6b intro.
20260922 003715.995 INFO             PET3   ESMX_Driver-TO-OCN: InitializeIPDv05p6b extro.
20260922 003715.995 INFO             PET3   OCN: InitializeIPDvXp07 intro.
20260922 003715.995 INFO             PET3     >>>OCN: entered Initialize (phase=IPDvXp07) without valid internal Clock.
20260922 003715.995 INFO             PET3     <<<OCN: leaving Initialize (phase=IPDvXp07) with current time: 2010  6  1  0  0  0   0
20260922 003715.995 INFO             PET3   OCN: InitializeIPDvXp07 extro.
20260922 003715.995 INFO             PET3   <<<ESMX_Driver: leaving Initialize (phase=ExternalRealize) with current time: 2010  6  1  0  0  0   0
20260922 003715.995 INFO             PET3 ESMX_Driver: InitializeIPDv02p3 extro.
20260922 003715.995 INFO             PET3 ESMX_Driver: InitializeIPDv02p5 intro.
20260922 003715.995 INFO             PET3   >>>ESMX_Driver: entered Initialize (phase=ExternalDataInitialize) with current time: 2010  6  1  0  0  0   0
20260922 003715.996 INFO             PET3   ESMX_Driver: InitializeIPDv02p5Data intro.
20260922 003715.996 INFO             PET3     >>>ESMX_Driver: entered Initialize (phase=ExternalDataInitialize) with current time: 2010  6  1  0  0  0   0
20260922 003715.996 INFO             PET3     ESMX_Driver: InternalInitializeComplete intro.
20260922 003715.996 INFO             PET3       >>>ESMX_Driver: entered Initialize (phase=<none>) with current time: 2010  6  1  0  0  0   0
20260922 003715.996 INFO             PET3       <<<ESMX_Driver: leaving Initialize (phase=<none>) with current time: 2010  6  1  0  0  0   0
20260922 003715.996 INFO             PET3     ESMX_Driver: InternalInitializeComplete extro.
20260922 003715.996 INFO             PET3     OCN: InitializeIPDv01p5 intro.
20260922 003715.996 INFO             PET3       >>>OCN: entered Initialize (phase=IPDvXp08) with current time: 2010  6  1  0  0  0   0
20260922 003715.996 INFO             PET3       <<<OCN: leaving Initialize (phase=IPDvXp08) with current time: 2010  6  1  0  0  0   0
20260922 003715.996 INFO             PET3     OCN: InitializeIPDv01p5 extro.
20260922 003715.997 INFO             PET3     ESMX_Driver: loopDataDependentInitialize intro.
20260922 003715.997 INFO             PET3       >>>ESMX_Driver: entered Initialize (phase=ExternalDataInitialize) with current time: 2010  6  1  0  0  0   0
20260922 003715.997 INFO             PET3       ATM-TO-ESMX_Driver: Run intro.
20260922 003715.997 INFO             PET3         >>>ATM-TO-ESMX_Driver entered Run (phase=RunPhase1)
20260922 003715.997 INFO             PET3         <<<ATM-TO-ESMX_Driver leaving Run (phase=RunPhase1)
20260922 003715.997 INFO             PET3       ATM-TO-ESMX_Driver: Run extro.
20260922 003715.997 INFO             PET3       OCN-TO-ESMX_Driver: Run intro.
20260922 003715.997 INFO             PET3         >>>OCN-TO-ESMX_Driver entered Run (phase=RunPhase1)
20260922 003715.997 INFO             PET3         <<<OCN-TO-ESMX_Driver leaving Run (phase=RunPhase1)
20260922 003715.997 INFO             PET3       OCN-TO-ESMX_Driver: Run extro.
20260922 003715.997 INFO             PET3       ESMX_Driver: InternalInitializeComplete intro.
20260922 003715.997 INFO             PET3         >>>ESMX_Driver: entered Initialize (phase=<none>) with current time: 2010  6  1  0  0  0   0
20260922 003715.997 INFO             PET3         <<<ESMX_Driver: leaving Initialize (phase=<none>) with current time: 2010  6  1  0  0  0   0
20260922 003715.997 INFO             PET3       ESMX_Driver: InternalInitializeComplete extro.
20260922 003715.998 INFO             PET3       <<<ESMX_Driver: leaving Initialize (phase=ExternalDataInitialize) with current time: 2010  6  1  0  0  0   0
20260922 003715.998 INFO             PET3     ESMX_Driver: loopDataDependentInitialize extro.
20260922 003715.998 INFO             PET3     <<<ESMX_Driver: leaving Initialize (phase=ExternalDataInitialize) with current time: 2010  6  1  0  0  0   0
20260922 003715.998 INFO             PET3   ESMX_Driver: InitializeIPDv02p5Data extro.
20260922 003715.998 INFO             PET3   <<<ESMX_Driver: leaving Initialize (phase=ExternalDataInitialize) with current time: 2010  6  1  0  0  0   0
20260922 003715.998 INFO             PET3 ESMX_Driver: InitializeIPDv02p5 extro.
20260922 003715.998 INFO             PET3 ESMX_Driver: Run intro.
20260922 003715.998 INFO             PET3   >>>ESMX_Driver: entered Run (phase=RunPhase1) with current time: 2010  6  1  0  0  0   0
20260922 003715.998 INFO             PET3   ESMX_Driver-TO-ATM: Run intro.
20260922 003715.998 INFO             PET3     >>>ESMX_Driver-TO-ATM entered Run (phase=RunPhase1)
20260922 003715.998 INFO             PET3     <<<ESMX_Driver-TO-ATM leaving Run (phase=RunPhase1)
20260922 003715.998 INFO             PET3   ESMX_Driver-TO-ATM: Run extro.
20260922 003715.998 INFO             PET3   ESMX_Driver-TO-OCN: Run intro.
20260922 003715.998 INFO             PET3     >>>ESMX_Driver-TO-OCN entered Run (phase=RunPhase1)
20260922 003715.998 INFO             PET3     <<<ESMX_Driver-TO-OCN leaving Run (phase=RunPhase1)
20260922 003715.998 INFO             PET3   ESMX_Driver-TO-OCN: Run extro.
20260922 003715.998 INFO             PET3   ATM-TO-OCN: Run intro.
20260922 003715.999 INFO             PET3     >>>ATM-TO-OCN entered Run (phase=RunPhase1)
20260922 003715.999 INFO             PET3     <<<ATM-TO-OCN leaving Run (phase=RunPhase1)
20260922 003716.000 INFO             PET3   ATM-TO-OCN: Run extro.
20260922 003716.000 INFO             PET3   OCN-TO-ATM: Run intro.
20260922 003716.000 INFO             PET3     >>>OCN-TO-ATM entered Run (phase=RunPhase1)
20260922 003716.000 INFO             PET3     <<<OCN-TO-ATM leaving Run (phase=RunPhase1)
20260922 003716.000 INFO             PET3   OCN-TO-ATM: Run extro.
20260922 003716.000 INFO             PET3   OCN: Run intro.
20260922 003716.001 INFO             PET3     >>>OCN: entered Run (phase=RunPhase1) with current time: 2010  6  1  0  0  0   0
20260922 003716.001 INFO             PET3     LUMO Advance(): --- VMK::log() start -------------------------------------
20260922 003716.001 INFO             PET3     LUMO Advance(): vm located at: 0x1843280
20260922 003716.001 INFO             PET3     LUMO Advance(): mpionly=1 threadsflag=0
20260922 003716.001 INFO             PET3     LUMO Advance(): ssiCount=1 localSsi=0
20260922 003716.001 INFO             PET3     LUMO Advance(): devCount=0 ssiLocalDevCount=0
20260922 003716.001 INFO             PET3     LUMO Advance(): petCount=2 ssiLocalPetCount=2
20260922 003716.001 INFO             PET3     LUMO Advance(): localPet=1 mypthid=23016603030720 ssiLocalPet=1 currentSsiPe=3
20260922 003716.001 INFO             PET3     LUMO Advance(): Current system level affinity pinning for local PET:
20260922 003716.001 INFO             PET3     LUMO Advance():  SSIPE=3
20260922 003716.001 INFO             PET3     LUMO Advance(): Current system level OMP_NUM_THREADS setting for local PET: 1
20260922 003716.001 INFO             PET3     LUMO Advance(): Current system level OMP_NUM_PROCS setting for local PET: 1
20260922 003716.001 INFO             PET3     LUMO Advance(): ESMF level logical PET->PE association (but consider system level affinity pinning!):
20260922 003716.001 INFO             PET3     LUMO Advance(): PET=0 lpid=0 tid=0 pid=2 peCount=1 accCount=0
20260922 003716.001 INFO             PET3     LUMO Advance():  PE=2 SSI=0 SSIPE=2
20260922 003716.001 INFO             PET3     LUMO Advance(): PET=1 lpid=1 tid=0 pid=3 peCount=1 accCount=0
20260922 003716.001 INFO             PET3     LUMO Advance():  PE=3 SSI=0 SSIPE=3
20260922 003716.001 INFO             PET3     LUMO Advance(): --- VMK::log() end ---------------------------------------
20260922 003716.001 INFO             PET3     thread_num=   0   currentSsiPe=   3   num_threads=   1   max_threads=   1   num_procs=   1
20260922 003716.001 INFO             PET3     ------>Advancing LUMO from: 2010  6  1  0  0  0   0
20260922 003716.001 INFO             PET3     ---------------------> to: 2010  6  1  0  5  0   0
20260922 003716.001 INFO             PET3     LUMO Advance(): --- VMK::log() start -------------------------------------
20260922 003716.001 INFO             PET3     LUMO Advance(): vm located at: 0x1843280
20260922 003716.001 INFO             PET3     LUMO Advance(): mpionly=1 threadsflag=0
20260922 003716.001 INFO             PET3     LUMO Advance(): ssiCount=1 localSsi=0
20260922 003716.001 INFO             PET3     LUMO Advance(): devCount=0 ssiLocalDevCount=0
20260922 003716.001 INFO             PET3     LUMO Advance(): petCount=2 ssiLocalPetCount=2
20260922 003716.001 INFO             PET3     LUMO Advance(): localPet=1 mypthid=23016603030720 ssiLocalPet=1 currentSsiPe=3
20260922 003716.001 INFO             PET3     LUMO Advance(): Current system level affinity pinning for local PET:
20260922 003716.001 INFO             PET3     LUMO Advance():  SSIPE=3
20260922 003716.001 INFO             PET3     LUMO Advance(): Current system level OMP_NUM_THREADS setting for local PET: 1
20260922 003716.001 INFO             PET3     LUMO Advance(): Current system level OMP_NUM_PROCS setting for local PET: 1
20260922 003716.001 INFO             PET3     LUMO Advance(): ESMF level logical PET->PE association (but consider system level affinity pinning!):
20260922 003716.001 INFO             PET3     LUMO Advance(): PET=0 lpid=0 tid=0 pid=2 peCount=1 accCount=0
20260922 003716.001 INFO             PET3     LUMO Advance():  PE=2 SSI=0 SSIPE=2
20260922 003716.001 INFO             PET3     LUMO Advance(): PET=1 lpid=1 tid=0 pid=3 peCount=1 accCount=0
20260922 003716.001 INFO             PET3     LUMO Advance():  PE=3 SSI=0 SSIPE=3
20260922 003716.001 INFO             PET3     LUMO Advance(): --- VMK::log() end ---------------------------------------
20260922 003716.001 INFO             PET3     thread_num=   0   currentSsiPe=   3   num_threads=   1   max_threads=   1   num_procs=   1
20260922 003716.001 INFO             PET3     ------>Advancing LUMO from: 2010  6  1  0  5  0   0
20260922 003716.001 INFO             PET3     ---------------------> to: 2010  6  1  0 10  0   0
20260922 003716.001 INFO             PET3     LUMO Advance(): --- VMK::log() start -------------------------------------
20260922 003716.001 INFO             PET3     LUMO Advance(): vm located at: 0x1843280
20260922 003716.001 INFO             PET3     LUMO Advance(): mpionly=1 threadsflag=0
20260922 003716.001 INFO             PET3     LUMO Advance(): ssiCount=1 localSsi=0
20260922 003716.001 INFO             PET3     LUMO Advance(): devCount=0 ssiLocalDevCount=0
20260922 003716.001 INFO             PET3     LUMO Advance(): petCount=2 ssiLocalPetCount=2
20260922 003716.001 INFO             PET3     LUMO Advance(): localPet=1 mypthid=23016603030720 ssiLocalPet=1 currentSsiPe=3
20260922 003716.001 INFO             PET3     LUMO Advance(): Current system level affinity pinning for local PET:
20260922 003716.001 INFO             PET3     LUMO Advance():  SSIPE=3
20260922 003716.001 INFO             PET3     LUMO Advance(): Current system level OMP_NUM_THREADS setting for local PET: 1
20260922 003716.001 INFO             PET3     LUMO Advance(): Current system level OMP_NUM_PROCS setting for local PET: 1
20260922 003716.001 INFO             PET3     LUMO Advance(): ESMF level logical PET->PE association (but consider system level affinity pinning!):
20260922 003716.001 INFO             PET3     LUMO Advance(): PET=0 lpid=0 tid=0 pid=2 peCount=1 accCount=0
20260922 003716.001 INFO             PET3     LUMO Advance():  PE=2 SSI=0 SSIPE=2
20260922 003716.001 INFO             PET3     LUMO Advance(): PET=1 lpid=1 tid=0 pid=3 peCount=1 accCount=0
20260922 003716.001 INFO             PET3     LUMO Advance():  PE=3 SSI=0 SSIPE=3
20260922 003716.001 INFO             PET3     LUMO Advance(): --- VMK::log() end ---------------------------------------
20260922 003716.001 INFO             PET3     thread_num=   0   currentSsiPe=   3   num_threads=   1   max_threads=   1   num_procs=   1
20260922 003716.001 INFO             PET3     ------>Advancing LUMO from: 2010  6  1  0 10  0   0
20260922 003716.001 INFO             PET3     ---------------------> to: 2010  6  1  0 15  0   0
20260922 003716.002 INFO             PET3     <<<OCN: leaving Run (phase=RunPhase1) with current time: 2010  6  1  0 15  0   0
20260922 003716.002 INFO             PET3   OCN: Run extro.
20260922 003716.002 INFO             PET3   ATM-TO-ESMX_Driver: Run intro.
20260922 003716.002 INFO             PET3     >>>ATM-TO-ESMX_Driver entered Run (phase=RunPhase1)
20260922 003716.002 INFO             PET3     <<<ATM-TO-ESMX_Driver leaving Run (phase=RunPhase1)
20260922 003716.002 INFO             PET3   ATM-TO-ESMX_Driver: Run extro.
20260922 003716.002 INFO             PET3   OCN-TO-ESMX_Driver: Run intro.
20260922 003716.002 INFO             PET3     >>>OCN-TO-ESMX_Driver entered Run (phase=RunPhase1)
20260922 003716.002 INFO             PET3     <<<OCN-TO-ESMX_Driver leaving Run (phase=RunPhase1)
20260922 003716.002 INFO             PET3   OCN-TO-ESMX_Driver: Run extro.
20260922 003716.002 INFO             PET3   <<<ESMX_Driver: leaving Run (phase=RunPhase1) with current time: 2010  6  1  0 15  0   0
20260922 003716.002 INFO             PET3 ESMX_Driver: Run extro.
20260922 003716.002 INFO             PET3 ESMX_Driver: Run intro.
20260922 003716.002 INFO             PET3   >>>ESMX_Driver: entered Run (phase=RunPhase1) with current time: 2010  6  1  0 15  0   0
20260922 003716.002 INFO             PET3   ESMX_Driver-TO-ATM: Run intro.
20260922 003716.002 INFO             PET3     >>>ESMX_Driver-TO-ATM entered Run (phase=RunPhase1)
20260922 003716.002 INFO             PET3     <<<ESMX_Driver-TO-ATM leaving Run (phase=RunPhase1)
20260922 003716.002 INFO             PET3   ESMX_Driver-TO-ATM: Run extro.
20260922 003716.002 INFO             PET3   ESMX_Driver-TO-OCN: Run intro.
20260922 003716.002 INFO             PET3     >>>ESMX_Driver-TO-OCN entered Run (phase=RunPhase1)
20260922 003716.002 INFO             PET3     <<<ESMX_Driver-TO-OCN leaving Run (phase=RunPhase1)
20260922 003716.002 INFO             PET3   ESMX_Driver-TO-OCN: Run extro.
20260922 003716.003 INFO             PET3   ATM-TO-OCN: Run intro.
20260922 003716.003 INFO             PET3     >>>ATM-TO-OCN entered Run (phase=RunPhase1)
20260922 003716.003 INFO             PET3     <<<ATM-TO-OCN leaving Run (phase=RunPhase1)
20260922 003716.003 INFO             PET3   ATM-TO-OCN: Run extro.
20260922 003716.003 INFO             PET3   OCN-TO-ATM: Run intro.
20260922 003716.003 INFO             PET3     >>>OCN-TO-ATM entered Run (phase=RunPhase1)
20260922 003716.003 INFO             PET3     <<<OCN-TO-ATM leaving Run (phase=RunPhase1)
20260922 003716.003 INFO             PET3   OCN-TO-ATM: Run extro.
20260922 003716.003 INFO             PET3   OCN: Run intro.
20260922 003716.003 INFO             PET3     >>>OCN: entered Run (phase=RunPhase1) with current time: 2010  6  1  0 15  0   0
20260922 003716.003 INFO             PET3     LUMO Advance(): --- VMK::log() start -------------------------------------
20260922 003716.003 INFO             PET3     LUMO Advance(): vm located at: 0x1843280
20260922 003716.003 INFO             PET3     LUMO Advance(): mpionly=1 threadsflag=0
20260922 003716.003 INFO             PET3     LUMO Advance(): ssiCount=1 localSsi=0
20260922 003716.003 INFO             PET3     LUMO Advance(): devCount=0 ssiLocalDevCount=0
20260922 003716.003 INFO             PET3     LUMO Advance(): petCount=2 ssiLocalPetCount=2
20260922 003716.003 INFO             PET3     LUMO Advance(): localPet=1 mypthid=23016603030720 ssiLocalPet=1 currentSsiPe=3
20260922 003716.003 INFO             PET3     LUMO Advance(): Current system level affinity pinning for local PET:
20260922 003716.003 INFO             PET3     LUMO Advance():  SSIPE=3
20260922 003716.003 INFO             PET3     LUMO Advance(): Current system level OMP_NUM_THREADS setting for local PET: 1
20260922 003716.003 INFO             PET3     LUMO Advance(): Current system level OMP_NUM_PROCS setting for local PET: 1
20260922 003716.003 INFO             PET3     LUMO Advance(): ESMF level logical PET->PE association (but consider system level affinity pinning!):
20260922 003716.003 INFO             PET3     LUMO Advance(): PET=0 lpid=0 tid=0 pid=2 peCount=1 accCount=0
20260922 003716.003 INFO             PET3     LUMO Advance():  PE=2 SSI=0 SSIPE=2
20260922 003716.003 INFO             PET3     LUMO Advance(): PET=1 lpid=1 tid=0 pid=3 peCount=1 accCount=0
20260922 003716.003 INFO             PET3     LUMO Advance():  PE=3 SSI=0 SSIPE=3
20260922 003716.003 INFO             PET3     LUMO Advance(): --- VMK::log() end ---------------------------------------
20260922 003716.003 INFO             PET3     thread_num=   0   currentSsiPe=   3   num_threads=   1   max_threads=   1   num_procs=   1
20260922 003716.003 INFO             PET3     ------>Advancing LUMO from: 2010  6  1  0 15  0   0
20260922 003716.004 INFO             PET3     ---------------------> to: 2010  6  1  0 20  0   0
20260922 003716.004 INFO             PET3     LUMO Advance(): --- VMK::log() start -------------------------------------
20260922 003716.004 INFO             PET3     LUMO Advance(): vm located at: 0x1843280
20260922 003716.004 INFO             PET3     LUMO Advance(): mpionly=1 threadsflag=0
20260922 003716.004 INFO             PET3     LUMO Advance(): ssiCount=1 localSsi=0
20260922 003716.004 INFO             PET3     LUMO Advance(): devCount=0 ssiLocalDevCount=0
20260922 003716.004 INFO             PET3     LUMO Advance(): petCount=2 ssiLocalPetCount=2
20260922 003716.004 INFO             PET3     LUMO Advance(): localPet=1 mypthid=23016603030720 ssiLocalPet=1 currentSsiPe=3
20260922 003716.004 INFO             PET3     LUMO Advance(): Current system level affinity pinning for local PET:
20260922 003716.004 INFO             PET3     LUMO Advance():  SSIPE=3
20260922 003716.004 INFO             PET3     LUMO Advance(): Current system level OMP_NUM_THREADS setting for local PET: 1
20260922 003716.004 INFO             PET3     LUMO Advance(): Current system level OMP_NUM_PROCS setting for local PET: 1
20260922 003716.004 INFO             PET3     LUMO Advance(): ESMF level logical PET->PE association (but consider system level affinity pinning!):
20260922 003716.004 INFO             PET3     LUMO Advance(): PET=0 lpid=0 tid=0 pid=2 peCount=1 accCount=0
20260922 003716.004 INFO             PET3     LUMO Advance():  PE=2 SSI=0 SSIPE=2
20260922 003716.004 INFO             PET3     LUMO Advance(): PET=1 lpid=1 tid=0 pid=3 peCount=1 accCount=0
20260922 003716.004 INFO             PET3     LUMO Advance():  PE=3 SSI=0 SSIPE=3
20260922 003716.004 INFO             PET3     LUMO Advance(): --- VMK::log() end ---------------------------------------
20260922 003716.004 INFO             PET3     thread_num=   0   currentSsiPe=   3   num_threads=   1   max_threads=   1   num_procs=   1
20260922 003716.004 INFO             PET3     ------>Advancing LUMO from: 2010  6  1  0 20  0   0
20260922 003716.004 INFO             PET3     ---------------------> to: 2010  6  1  0 25  0   0
20260922 003716.004 INFO             PET3     LUMO Advance(): --- VMK::log() start -------------------------------------
20260922 003716.004 INFO             PET3     LUMO Advance(): vm located at: 0x1843280
20260922 003716.004 INFO             PET3     LUMO Advance(): mpionly=1 threadsflag=0
20260922 003716.004 INFO             PET3     LUMO Advance(): ssiCount=1 localSsi=0
20260922 003716.004 INFO             PET3     LUMO Advance(): devCount=0 ssiLocalDevCount=0
20260922 003716.004 INFO             PET3     LUMO Advance(): petCount=2 ssiLocalPetCount=2
20260922 003716.004 INFO             PET3     LUMO Advance(): localPet=1 mypthid=23016603030720 ssiLocalPet=1 currentSsiPe=3
20260922 003716.004 INFO             PET3     LUMO Advance(): Current system level affinity pinning for local PET:
20260922 003716.004 INFO             PET3     LUMO Advance():  SSIPE=3
20260922 003716.004 INFO             PET3     LUMO Advance(): Current system level OMP_NUM_THREADS setting for local PET: 1
20260922 003716.004 INFO             PET3     LUMO Advance(): Current system level OMP_NUM_PROCS setting for local PET: 1
20260922 003716.004 INFO             PET3     LUMO Advance(): ESMF level logical PET->PE association (but consider system level affinity pinning!):
20260922 003716.004 INFO             PET3     LUMO Advance(): PET=0 lpid=0 tid=0 pid=2 peCount=1 accCount=0
20260922 003716.004 INFO             PET3     LUMO Advance():  PE=2 SSI=0 SSIPE=2
20260922 003716.004 INFO             PET3     LUMO Advance(): PET=1 lpid=1 tid=0 pid=3 peCount=1 accCount=0
20260922 003716.004 INFO             PET3     LUMO Advance():  PE=3 SSI=0 SSIPE=3
20260922 003716.004 INFO             PET3     LUMO Advance(): --- VMK::log() end ---------------------------------------
20260922 003716.004 INFO             PET3     thread_num=   0   currentSsiPe=   3   num_threads=   1   max_threads=   1   num_procs=   1
20260922 003716.004 INFO             PET3     ------>Advancing LUMO from: 2010  6  1  0 25  0   0
20260922 003716.004 INFO             PET3     ---------------------> to: 2010  6  1  0 30  0   0
20260922 003716.004 INFO             PET3     <<<OCN: leaving Run (phase=RunPhase1) with current time: 2010  6  1  0 30  0   0
20260922 003716.004 INFO             PET3   OCN: Run extro.
20260922 003716.004 INFO             PET3   ATM-TO-ESMX_Driver: Run intro.
20260922 003716.004 INFO             PET3     >>>ATM-TO-ESMX_Driver entered Run (phase=RunPhase1)
20260922 003716.004 INFO             PET3     <<<ATM-TO-ESMX_Driver leaving Run (phase=RunPhase1)
20260922 003716.004 INFO             PET3   ATM-TO-ESMX_Driver: Run extro.
20260922 003716.004 INFO             PET3   OCN-TO-ESMX_Driver: Run intro.
20260922 003716.004 INFO             PET3     >>>OCN-TO-ESMX_Driver entered Run (phase=RunPhase1)
20260922 003716.004 INFO             PET3     <<<OCN-TO-ESMX_Driver leaving Run (phase=RunPhase1)
20260922 003716.004 INFO             PET3   OCN-TO-ESMX_Driver: Run extro.
20260922 003716.005 INFO             PET3   <<<ESMX_Driver: leaving Run (phase=RunPhase1) with current time: 2010  6  1  0 30  0   0
20260922 003716.005 INFO             PET3 ESMX_Driver: Run extro.
20260922 003716.005 INFO             PET3 ESMX_Driver: Run intro.
20260922 003716.005 INFO             PET3   >>>ESMX_Driver: entered Run (phase=RunPhase1) with current time: 2010  6  1  0 30  0   0
20260922 003716.005 INFO             PET3   ESMX_Driver-TO-ATM: Run intro.
20260922 003716.005 INFO             PET3     >>>ESMX_Driver-TO-ATM entered Run (phase=RunPhase1)
20260922 003716.005 INFO             PET3     <<<ESMX_Driver-TO-ATM leaving Run (phase=RunPhase1)
20260922 003716.005 INFO             PET3   ESMX_Driver-TO-ATM: Run extro.
20260922 003716.005 INFO             PET3   ESMX_Driver-TO-OCN: Run intro.
20260922 003716.005 INFO             PET3     >>>ESMX_Driver-TO-OCN entered Run (phase=RunPhase1)
20260922 003716.005 INFO             PET3     <<<ESMX_Driver-TO-OCN leaving Run (phase=RunPhase1)
20260922 003716.005 INFO             PET3   ESMX_Driver-TO-OCN: Run extro.
20260922 003716.005 INFO             PET3   ATM-TO-OCN: Run intro.
20260922 003716.005 INFO             PET3     >>>ATM-TO-OCN entered Run (phase=RunPhase1)
20260922 003716.005 INFO             PET3     <<<ATM-TO-OCN leaving Run (phase=RunPhase1)
20260922 003716.005 INFO             PET3   ATM-TO-OCN: Run extro.
20260922 003716.005 INFO             PET3   OCN-TO-ATM: Run intro.
20260922 003716.005 INFO             PET3     >>>OCN-TO-ATM entered Run (phase=RunPhase1)
20260922 003716.005 INFO             PET3     <<<OCN-TO-ATM leaving Run (phase=RunPhase1)
20260922 003716.006 INFO             PET3   OCN-TO-ATM: Run extro.
20260922 003716.006 INFO             PET3   OCN: Run intro.
20260922 003716.006 INFO             PET3     >>>OCN: entered Run (phase=RunPhase1) with current time: 2010  6  1  0 30  0   0
20260922 003716.006 INFO             PET3     LUMO Advance(): --- VMK::log() start -------------------------------------
20260922 003716.006 INFO             PET3     LUMO Advance(): vm located at: 0x1843280
20260922 003716.006 INFO             PET3     LUMO Advance(): mpionly=1 threadsflag=0
20260922 003716.006 INFO             PET3     LUMO Advance(): ssiCount=1 localSsi=0
20260922 003716.006 INFO             PET3     LUMO Advance(): devCount=0 ssiLocalDevCount=0
20260922 003716.006 INFO             PET3     LUMO Advance(): petCount=2 ssiLocalPetCount=2
20260922 003716.006 INFO             PET3     LUMO Advance(): localPet=1 mypthid=23016603030720 ssiLocalPet=1 currentSsiPe=3
20260922 003716.006 INFO             PET3     LUMO Advance(): Current system level affinity pinning for local PET:
20260922 003716.006 INFO             PET3     LUMO Advance():  SSIPE=3
20260922 003716.006 INFO             PET3     LUMO Advance(): Current system level OMP_NUM_THREADS setting for local PET: 1
20260922 003716.006 INFO             PET3     LUMO Advance(): Current system level OMP_NUM_PROCS setting for local PET: 1
20260922 003716.006 INFO             PET3     LUMO Advance(): ESMF level logical PET->PE association (but consider system level affinity pinning!):
20260922 003716.006 INFO             PET3     LUMO Advance(): PET=0 lpid=0 tid=0 pid=2 peCount=1 accCount=0
20260922 003716.006 INFO             PET3     LUMO Advance():  PE=2 SSI=0 SSIPE=2
20260922 003716.006 INFO             PET3     LUMO Advance(): PET=1 lpid=1 tid=0 pid=3 peCount=1 accCount=0
20260922 003716.006 INFO             PET3     LUMO Advance():  PE=3 SSI=0 SSIPE=3
20260922 003716.006 INFO             PET3     LUMO Advance(): --- VMK::log() end ---------------------------------------
20260922 003716.006 INFO             PET3     thread_num=   0   currentSsiPe=   3   num_threads=   1   max_threads=   1   num_procs=   1
20260922 003716.006 INFO             PET3     ------>Advancing LUMO from: 2010  6  1  0 30  0   0
20260922 003716.006 INFO             PET3     ---------------------> to: 2010  6  1  0 35  0   0
20260922 003716.006 INFO             PET3     LUMO Advance(): --- VMK::log() start -------------------------------------
20260922 003716.006 INFO             PET3     LUMO Advance(): vm located at: 0x1843280
20260922 003716.006 INFO             PET3     LUMO Advance(): mpionly=1 threadsflag=0
20260922 003716.006 INFO             PET3     LUMO Advance(): ssiCount=1 localSsi=0
20260922 003716.006 INFO             PET3     LUMO Advance(): devCount=0 ssiLocalDevCount=0
20260922 003716.006 INFO             PET3     LUMO Advance(): petCount=2 ssiLocalPetCount=2
20260922 003716.006 INFO             PET3     LUMO Advance(): localPet=1 mypthid=23016603030720 ssiLocalPet=1 currentSsiPe=3
20260922 003716.006 INFO             PET3     LUMO Advance(): Current system level affinity pinning for local PET:
20260922 003716.006 INFO             PET3     LUMO Advance():  SSIPE=3
20260922 003716.006 INFO             PET3     LUMO Advance(): Current system level OMP_NUM_THREADS setting for local PET: 1
20260922 003716.006 INFO             PET3     LUMO Advance(): Current system level OMP_NUM_PROCS setting for local PET: 1
20260922 003716.006 INFO             PET3     LUMO Advance(): ESMF level logical PET->PE association (but consider system level affinity pinning!):
20260922 003716.006 INFO             PET3     LUMO Advance(): PET=0 lpid=0 tid=0 pid=2 peCount=1 accCount=0
20260922 003716.006 INFO             PET3     LUMO Advance():  PE=2 SSI=0 SSIPE=2
20260922 003716.006 INFO             PET3     LUMO Advance(): PET=1 lpid=1 tid=0 pid=3 peCount=1 accCount=0
20260922 003716.006 INFO             PET3     LUMO Advance():  PE=3 SSI=0 SSIPE=3
20260922 003716.006 INFO             PET3     LUMO Advance(): --- VMK::log() end ---------------------------------------
20260922 003716.006 INFO             PET3     thread_num=   0   currentSsiPe=   3   num_threads=   1   max_threads=   1   num_procs=   1
20260922 003716.006 INFO             PET3     ------>Advancing LUMO from: 2010  6  1  0 35  0   0
20260922 003716.006 INFO             PET3     ---------------------> to: 2010  6  1  0 40  0   0
20260922 003716.006 INFO             PET3     LUMO Advance(): --- VMK::log() start -------------------------------------
20260922 003716.006 INFO             PET3     LUMO Advance(): vm located at: 0x1843280
20260922 003716.006 INFO             PET3     LUMO Advance(): mpionly=1 threadsflag=0
20260922 003716.006 INFO             PET3     LUMO Advance(): ssiCount=1 localSsi=0
20260922 003716.006 INFO             PET3     LUMO Advance(): devCount=0 ssiLocalDevCount=0
20260922 003716.006 INFO             PET3     LUMO Advance(): petCount=2 ssiLocalPetCount=2
20260922 003716.006 INFO             PET3     LUMO Advance(): localPet=1 mypthid=23016603030720 ssiLocalPet=1 currentSsiPe=3
20260922 003716.006 INFO             PET3     LUMO Advance(): Current system level affinity pinning for local PET:
20260922 003716.006 INFO             PET3     LUMO Advance():  SSIPE=3
20260922 003716.006 INFO             PET3     LUMO Advance(): Current system level OMP_NUM_THREADS setting for local PET: 1
20260922 003716.006 INFO             PET3     LUMO Advance(): Current system level OMP_NUM_PROCS setting for local PET: 1
20260922 003716.006 INFO             PET3     LUMO Advance(): ESMF level logical PET->PE association (but consider system level affinity pinning!):
20260922 003716.006 INFO             PET3     LUMO Advance(): PET=0 lpid=0 tid=0 pid=2 peCount=1 accCount=0
20260922 003716.006 INFO             PET3     LUMO Advance():  PE=2 SSI=0 SSIPE=2
20260922 003716.006 INFO             PET3     LUMO Advance(): PET=1 lpid=1 tid=0 pid=3 peCount=1 accCount=0
20260922 003716.007 INFO             PET3     LUMO Advance():  PE=3 SSI=0 SSIPE=3
20260922 003716.007 INFO             PET3     LUMO Advance(): --- VMK::log() end ---------------------------------------
20260922 003716.007 INFO             PET3     thread_num=   0   currentSsiPe=   3   num_threads=   1   max_threads=   1   num_procs=   1
20260922 003716.007 INFO             PET3     ------>Advancing LUMO from: 2010  6  1  0 40  0   0
20260922 003716.007 INFO             PET3     ---------------------> to: 2010  6  1  0 45  0   0
20260922 003716.007 INFO             PET3     <<<OCN: leaving Run (phase=RunPhase1) with current time: 2010  6  1  0 45  0   0
20260922 003716.007 INFO             PET3   OCN: Run extro.
20260922 003716.007 INFO             PET3   ATM-TO-ESMX_Driver: Run intro.
20260922 003716.007 INFO             PET3     >>>ATM-TO-ESMX_Driver entered Run (phase=RunPhase1)
20260922 003716.007 INFO             PET3     <<<ATM-TO-ESMX_Driver leaving Run (phase=RunPhase1)
20260922 003716.007 INFO             PET3   ATM-TO-ESMX_Driver: Run extro.
20260922 003716.007 INFO             PET3   OCN-TO-ESMX_Driver: Run intro.
20260922 003716.007 INFO             PET3     >>>OCN-TO-ESMX_Driver entered Run (phase=RunPhase1)
20260922 003716.007 INFO             PET3     <<<OCN-TO-ESMX_Driver leaving Run (phase=RunPhase1)
20260922 003716.007 INFO             PET3   OCN-TO-ESMX_Driver: Run extro.
20260922 003716.007 INFO             PET3   <<<ESMX_Driver: leaving Run (phase=RunPhase1) with current time: 2010  6  1  0 45  0   0
20260922 003716.007 INFO             PET3 ESMX_Driver: Run extro.
20260922 003716.007 INFO             PET3 ESMX_Driver: Run intro.
20260922 003716.007 INFO             PET3   >>>ESMX_Driver: entered Run (phase=RunPhase1) with current time: 2010  6  1  0 45  0   0
20260922 003716.007 INFO             PET3   ESMX_Driver-TO-ATM: Run intro.
20260922 003716.007 INFO             PET3     >>>ESMX_Driver-TO-ATM entered Run (phase=RunPhase1)
20260922 003716.007 INFO             PET3     <<<ESMX_Driver-TO-ATM leaving Run (phase=RunPhase1)
20260922 003716.007 INFO             PET3   ESMX_Driver-TO-ATM: Run extro.
20260922 003716.007 INFO             PET3   ESMX_Driver-TO-OCN: Run intro.
20260922 003716.007 INFO             PET3     >>>ESMX_Driver-TO-OCN entered Run (phase=RunPhase1)
20260922 003716.007 INFO             PET3     <<<ESMX_Driver-TO-OCN leaving Run (phase=RunPhase1)
20260922 003716.007 INFO             PET3   ESMX_Driver-TO-OCN: Run extro.
20260922 003716.008 INFO             PET3   ATM-TO-OCN: Run intro.
20260922 003716.008 INFO             PET3     >>>ATM-TO-OCN entered Run (phase=RunPhase1)
20260922 003716.008 INFO             PET3     <<<ATM-TO-OCN leaving Run (phase=RunPhase1)
20260922 003716.008 INFO             PET3   ATM-TO-OCN: Run extro.
20260922 003716.008 INFO             PET3   OCN-TO-ATM: Run intro.
20260922 003716.008 INFO             PET3     >>>OCN-TO-ATM entered Run (phase=RunPhase1)
20260922 003716.008 INFO             PET3     <<<OCN-TO-ATM leaving Run (phase=RunPhase1)
20260922 003716.008 INFO             PET3   OCN-TO-ATM: Run extro.
20260922 003716.008 INFO             PET3   OCN: Run intro.
20260922 003716.008 INFO             PET3     >>>OCN: entered Run (phase=RunPhase1) with current time: 2010  6  1  0 45  0   0
20260922 003716.008 INFO             PET3     LUMO Advance(): --- VMK::log() start -------------------------------------
20260922 003716.008 INFO             PET3     LUMO Advance(): vm located at: 0x1843280
20260922 003716.008 INFO             PET3     LUMO Advance(): mpionly=1 threadsflag=0
20260922 003716.008 INFO             PET3     LUMO Advance(): ssiCount=1 localSsi=0
20260922 003716.008 INFO             PET3     LUMO Advance(): devCount=0 ssiLocalDevCount=0
20260922 003716.008 INFO             PET3     LUMO Advance(): petCount=2 ssiLocalPetCount=2
20260922 003716.008 INFO             PET3     LUMO Advance(): localPet=1 mypthid=23016603030720 ssiLocalPet=1 currentSsiPe=3
20260922 003716.008 INFO             PET3     LUMO Advance(): Current system level affinity pinning for local PET:
20260922 003716.008 INFO             PET3     LUMO Advance():  SSIPE=3
20260922 003716.008 INFO             PET3     LUMO Advance(): Current system level OMP_NUM_THREADS setting for local PET: 1
20260922 003716.008 INFO             PET3     LUMO Advance(): Current system level OMP_NUM_PROCS setting for local PET: 1
20260922 003716.008 INFO             PET3     LUMO Advance(): ESMF level logical PET->PE association (but consider system level affinity pinning!):
20260922 003716.008 INFO             PET3     LUMO Advance(): PET=0 lpid=0 tid=0 pid=2 peCount=1 accCount=0
20260922 003716.008 INFO             PET3     LUMO Advance():  PE=2 SSI=0 SSIPE=2
20260922 003716.008 INFO             PET3     LUMO Advance(): PET=1 lpid=1 tid=0 pid=3 peCount=1 accCount=0
20260922 003716.008 INFO             PET3     LUMO Advance():  PE=3 SSI=0 SSIPE=3
20260922 003716.008 INFO             PET3     LUMO Advance(): --- VMK::log() end ---------------------------------------
20260922 003716.008 INFO             PET3     thread_num=   0   currentSsiPe=   3   num_threads=   1   max_threads=   1   num_procs=   1
20260922 003716.008 INFO             PET3     ------>Advancing LUMO from: 2010  6  1  0 45  0   0
20260922 003716.009 INFO             PET3     ---------------------> to: 2010  6  1  0 50  0   0
20260922 003716.009 INFO             PET3     LUMO Advance(): --- VMK::log() start -------------------------------------
20260922 003716.009 INFO             PET3     LUMO Advance(): vm located at: 0x1843280
20260922 003716.009 INFO             PET3     LUMO Advance(): mpionly=1 threadsflag=0
20260922 003716.009 INFO             PET3     LUMO Advance(): ssiCount=1 localSsi=0
20260922 003716.009 INFO             PET3     LUMO Advance(): devCount=0 ssiLocalDevCount=0
20260922 003716.009 INFO             PET3     LUMO Advance(): petCount=2 ssiLocalPetCount=2
20260922 003716.009 INFO             PET3     LUMO Advance(): localPet=1 mypthid=23016603030720 ssiLocalPet=1 currentSsiPe=3
20260922 003716.009 INFO             PET3     LUMO Advance(): Current system level affinity pinning for local PET:
20260922 003716.009 INFO             PET3     LUMO Advance():  SSIPE=3
20260922 003716.009 INFO             PET3     LUMO Advance(): Current system level OMP_NUM_THREADS setting for local PET: 1
20260922 003716.009 INFO             PET3     LUMO Advance(): Current system level OMP_NUM_PROCS setting for local PET: 1
20260922 003716.009 INFO             PET3     LUMO Advance(): ESMF level logical PET->PE association (but consider system level affinity pinning!):
20260922 003716.009 INFO             PET3     LUMO Advance(): PET=0 lpid=0 tid=0 pid=2 peCount=1 accCount=0
20260922 003716.009 INFO             PET3     LUMO Advance():  PE=2 SSI=0 SSIPE=2
20260922 003716.009 INFO             PET3     LUMO Advance(): PET=1 lpid=1 tid=0 pid=3 peCount=1 accCount=0
20260922 003716.009 INFO             PET3     LUMO Advance():  PE=3 SSI=0 SSIPE=3
20260922 003716.009 INFO             PET3     LUMO Advance(): --- VMK::log() end ---------------------------------------
20260922 003716.009 INFO             PET3     thread_num=   0   currentSsiPe=   3   num_threads=   1   max_threads=   1   num_procs=   1
20260922 003716.009 INFO             PET3     ------>Advancing LUMO from: 2010  6  1  0 50  0   0
20260922 003716.009 INFO             PET3     ---------------------> to: 2010  6  1  0 55  0   0
20260922 003716.009 INFO             PET3     LUMO Advance(): --- VMK::log() start -------------------------------------
20260922 003716.009 INFO             PET3     LUMO Advance(): vm located at: 0x1843280
20260922 003716.009 INFO             PET3     LUMO Advance(): mpionly=1 threadsflag=0
20260922 003716.009 INFO             PET3     LUMO Advance(): ssiCount=1 localSsi=0
20260922 003716.009 INFO             PET3     LUMO Advance(): devCount=0 ssiLocalDevCount=0
20260922 003716.009 INFO             PET3     LUMO Advance(): petCount=2 ssiLocalPetCount=2
20260922 003716.009 INFO             PET3     LUMO Advance(): localPet=1 mypthid=23016603030720 ssiLocalPet=1 currentSsiPe=3
20260922 003716.009 INFO             PET3     LUMO Advance(): Current system level affinity pinning for local PET:
20260922 003716.009 INFO             PET3     LUMO Advance():  SSIPE=3
20260922 003716.009 INFO             PET3     LUMO Advance(): Current system level OMP_NUM_THREADS setting for local PET: 1
20260922 003716.009 INFO             PET3     LUMO Advance(): Current system level OMP_NUM_PROCS setting for local PET: 1
20260922 003716.009 INFO             PET3     LUMO Advance(): ESMF level logical PET->PE association (but consider system level affinity pinning!):
20260922 003716.009 INFO             PET3     LUMO Advance(): PET=0 lpid=0 tid=0 pid=2 peCount=1 accCount=0
20260922 003716.009 INFO             PET3     LUMO Advance():  PE=2 SSI=0 SSIPE=2
20260922 003716.009 INFO             PET3     LUMO Advance(): PET=1 lpid=1 tid=0 pid=3 peCount=1 accCount=0
20260922 003716.009 INFO             PET3     LUMO Advance():  PE=3 SSI=0 SSIPE=3
20260922 003716.009 INFO             PET3     LUMO Advance(): --- VMK::log() end ---------------------------------------
20260922 003716.009 INFO             PET3     thread_num=   0   currentSsiPe=   3   num_threads=   1   max_threads=   1   num_procs=   1
20260922 003716.009 INFO             PET3     ------>Advancing LUMO from: 2010  6  1  0 55  0   0
20260922 003716.009 INFO             PET3     ---------------------> to: 2010  6  1  1  0  0   0
20260922 003716.009 INFO             PET3     <<<OCN: leaving Run (phase=RunPhase1) with current time: 2010  6  1  1  0  0   0
20260922 003716.009 INFO             PET3   OCN: Run extro.
20260922 003716.009 INFO             PET3   ATM-TO-ESMX_Driver: Run intro.
20260922 003716.009 INFO             PET3     >>>ATM-TO-ESMX_Driver entered Run (phase=RunPhase1)
20260922 003716.009 INFO             PET3     <<<ATM-TO-ESMX_Driver leaving Run (phase=RunPhase1)
20260922 003716.009 INFO             PET3   ATM-TO-ESMX_Driver: Run extro.
20260922 003716.009 INFO             PET3   OCN-TO-ESMX_Driver: Run intro.
20260922 003716.009 INFO             PET3     >>>OCN-TO-ESMX_Driver entered Run (phase=RunPhase1)
20260922 003716.009 INFO             PET3     <<<OCN-TO-ESMX_Driver leaving Run (phase=RunPhase1)
20260922 003716.009 INFO             PET3   OCN-TO-ESMX_Driver: Run extro.
20260922 003716.010 INFO             PET3   <<<ESMX_Driver: leaving Run (phase=RunPhase1) with current time: 2010  6  1  1  0  0   0
20260922 003716.010 INFO             PET3 ESMX_Driver: Run extro.
20260922 003716.010 INFO             PET3 ESMX_Driver: Finalize intro.
20260922 003716.010 INFO             PET3   >>>ESMX_Driver: entered Finalize (phase=FinalizePhase1) with current time: 2010  6  1  1  0  0   0
20260922 003716.010 INFO             PET3   Calling Finalize phase 1 for connectorComp: ESMX_Driver-TO-ATM
20260922 003716.010 INFO             PET3   ESMX_Driver-TO-ATM: Finalize intro.
20260922 003716.010 INFO             PET3   ESMX_Driver-TO-ATM: Finalize extro.
20260922 003716.010 INFO             PET3   Calling Finalize phase 1 for connectorComp: ESMX_Driver-TO-OCN
20260922 003716.010 INFO             PET3   ESMX_Driver-TO-OCN: Finalize intro.
20260922 003716.010 INFO             PET3   ESMX_Driver-TO-OCN: Finalize extro.
20260922 003716.010 INFO             PET3   Calling Finalize phase 1 for connectorComp: ATM-TO-ESMX_Driver
20260922 003716.010 INFO             PET3   ATM-TO-ESMX_Driver: Finalize intro.
20260922 003716.010 INFO             PET3   ATM-TO-ESMX_Driver: Finalize extro.
20260922 003716.010 INFO             PET3   Calling Finalize phase 1 for connectorComp: ATM-TO-OCN
20260922 003716.010 INFO             PET3   ATM-TO-OCN: Finalize intro.
20260922 003716.010 INFO             PET3   ATM-TO-OCN: Finalize extro.
20260922 003716.010 INFO             PET3   Calling Finalize phase 1 for connectorComp: OCN-TO-ESMX_Driver
20260922 003716.010 INFO             PET3   OCN-TO-ESMX_Driver: Finalize intro.
20260922 003716.010 INFO             PET3   OCN-TO-ESMX_Driver: Finalize extro.
20260922 003716.010 INFO             PET3   Calling Finalize phase 1 for connectorComp: OCN-TO-ATM
20260922 003716.010 INFO             PET3   OCN-TO-ATM: Finalize intro.
20260922 003716.010 INFO             PET3   OCN-TO-ATM: Finalize extro.
20260922 003716.011 INFO             PET3   Calling Finalize phase 1 for modelComp: ATM
20260922 003716.011 INFO             PET3   Calling Finalize phase 1 for modelComp: OCN
20260922 003716.011 INFO             PET3   OCN: Finalize intro.
20260922 003716.011 INFO             PET3     >>>OCN: entered Finalize (phase=FinalizePhase1) with current time: 2010  6  1  1  0  0   0
20260922 003716.011 INFO             PET3     <<<OCN: leaving Finalize (phase=FinalizePhase1) with current time: 2010  6  1  1  0  0   0
20260922 003716.011 INFO             PET3   OCN: Finalize extro.
20260922 003716.011 INFO             PET3   Delete modelComp: ATM
20260922 003716.011 INFO             PET3   Delete modelComp: OCN
20260922 003716.011 INFO             PET3   Delete connectorComp: ESMX_Driver-TO-ATM
20260922 003716.011 INFO             PET3   Delete connectorComp: ESMX_Driver-TO-OCN
20260922 003716.011 INFO             PET3   Delete connectorComp: ATM-TO-ESMX_Driver
20260922 003716.011 INFO             PET3   Delete connectorComp: OCN-TO-ESMX_Driver
20260922 003716.011 INFO             PET3   Delete connectorComp: ATM-TO-OCN
20260922 003716.011 INFO             PET3   Delete connectorComp: OCN-TO-ATM
20260922 003716.011 INFO             PET3   <<<ESMX_Driver: leaving Finalize (phase=FinalizePhase1) with current time: 2010  6  1  1  0  0   0
20260922 003716.011 INFO             PET3 ESMX_Driver: Finalize extro.
20260922 003716.011 INFO             PET3 externalApp FINISHED
20260922 003716.011 INFO             PET3  Finalizing ESMF
