2026-09-07 23:37:54
20260908 003942.397 INFO             PET0 !!!!!!!!!!!!!!!!!!!!!!!!!!!!!!!!!!!!!!!!!!!!!!!!!!!!!!
20260908 003942.397 INFO             PET0 !!! THE ESMF_LOG IS SET TO OUTPUT ALL LOG MESSAGES !!!
20260908 003942.397 INFO             PET0 !!!     THIS MAY CAUSE SLOWDOWN IN PERFORMANCE     !!!
20260908 003942.397 INFO             PET0 !!! FOR PRODUCTION RUNS, USE:                      !!!
20260908 003942.397 INFO             PET0 !!!                   ESMF_LOGKIND_Multi_On_Error  !!!
20260908 003942.397 INFO             PET0 !!!!!!!!!!!!!!!!!!!!!!!!!!!!!!!!!!!!!!!!!!!!!!!!!!!!!!
20260908 003942.397 INFO             PET0 Running with ESMF Version   : feature/esmx-cmake+gdd1288b46b
20260908 003942.397 INFO             PET0 ESMF library build date/time: "Sep  7 2026" "23:35:08"
20260908 003942.397 INFO             PET0 ESMF library build location : /scratch3/NCEPDEV/stmp/Gerhard.Theurich/ESMF-Nightly-Testing-Hera/gfortran_13.2.0_openmpi_g_feature_esmx-cmake/esmf
20260908 003942.397 INFO             PET0 ESMF_COMM                   : openmpi
20260908 003942.397 INFO             PET0 ESMF_MOAB                   : enabled
20260908 003942.397 INFO             PET0 ESMF_LAPACK                 : enabled
20260908 003942.397 INFO             PET0 ESMF_NETCDF                 : disabled
20260908 003942.397 INFO             PET0 ESMF_PNETCDF                : disabled
20260908 003942.397 INFO             PET0 ESMF_PIO                    : disabled
20260908 003942.397 INFO             PET0 ESMF_YAMLCPP                : enabled
20260908 003942.402 INFO             PET0 ESMF Profiling Enabled
20260908 003942.402 INFO             PET0 ESMF Trace/Profile clock: REALTIME
20260908 003942.438 INFO             PET0 =============================================
20260908 003942.438 INFO             PET0 ESMX (Earth System Model eXecutable) STARTING
20260908 003942.438 INFO             PET0 =============================================
20260908 003942.600 DEBUG            PET0 Generic SetVM() is executing for: ESMX_Driver
20260908 003942.601 DEBUG            PET0 Generic SetVM() found no NUOPC Hint for: ESMX_Driver
20260908 003942.601 DEBUG            PET0 Generic SetVM() therefore is NOT calling ESMF_GridCompSetVMMaxPEs() for: ESMX_Driver
20260908 003942.642 INFO             PET0 ESMX_Driver: InitializeGeneric intro.
20260908 003942.642 INFO             PET0   ESMX_Driver: InitializeGeneric intro {IS}:--- StateLog() start -----------------
20260908 003942.642 INFO             PET0   ESMX_Driver: InitializeGeneric intro {IS}:State object is invalid! Not created or deleted!
20260908 003942.642 INFO             PET0   ESMX_Driver: InitializeGeneric intro {IS}:--- StateLog() end -------------------
20260908 003942.642 INFO             PET0   ESMX_Driver: InitializeGeneric intro {ES}:--- StateLog() start -----------------
20260908 003942.642 INFO             PET0   ESMX_Driver: InitializeGeneric intro {ES}:State object is invalid! Not created or deleted!
20260908 003942.642 INFO             PET0   ESMX_Driver: InitializeGeneric intro {ES}:--- StateLog() end -------------------
20260908 003942.642 INFO             PET0   >>>ESMX_Driver: entered Initialize (phase=<none>) without valid internal Clock.
20260908 003942.642 INFO             PET0   ESMX_Driver: InitializeP0 intro.
20260908 003942.642 INFO             PET0     ESMX_Driver: InitializeP0 intro {IS}:--- StateLog() start -----------------
20260908 003942.642 INFO             PET0     ESMX_Driver: InitializeP0 intro {IS}:State object is invalid! Not created or deleted!
20260908 003942.642 INFO             PET0     ESMX_Driver: InitializeP0 intro {IS}:--- StateLog() end -------------------
20260908 003942.643 INFO             PET0     ESMX_Driver: InitializeP0 intro {ES}:--- StateLog() start -----------------
20260908 003942.643 INFO             PET0     ESMX_Driver: InitializeP0 intro {ES}:State object is invalid! Not created or deleted!
20260908 003942.643 INFO             PET0     ESMX_Driver: InitializeP0 intro {ES}:--- StateLog() end -------------------
20260908 003942.643 INFO             PET0     >>>ESMX_Driver: entered Initialize (phase=<none>) without valid internal Clock.
20260908 003942.643 INFO             PET0     <<<ESMX_Driver: leaving Initialize (phase=<none>) without valid internal Clock.
20260908 003942.643 INFO             PET0     ESMX_Driver: InitializeP0 extro {IS}:--- StateLog() start -----------------
20260908 003942.643 INFO             PET0     ESMX_Driver: InitializeP0 extro {IS}:State object is invalid! Not created or deleted!
20260908 003942.643 INFO             PET0     ESMX_Driver: InitializeP0 extro {IS}:--- StateLog() end -------------------
20260908 003942.643 INFO             PET0     ESMX_Driver: InitializeP0 extro {ES}:--- StateLog() start -----------------
20260908 003942.643 INFO             PET0     ESMX_Driver: InitializeP0 extro {ES}:State object is invalid! Not created or deleted!
20260908 003942.643 INFO             PET0     ESMX_Driver: InitializeP0 extro {ES}:--- StateLog() end -------------------
20260908 003942.643 INFO             PET0   ESMX_Driver: InitializeP0 extro.
20260908 003942.643 INFO             PET0   ESMX_Driver: InitializeIPDv02p1 intro.
20260908 003942.643 INFO             PET0     ESMX_Driver: InitializeIPDv02p1 intro {IS}:--- StateLog() start -----------------
20260908 003942.643 INFO             PET0     ESMX_Driver: InitializeIPDv02p1 intro {IS}:State object is invalid! Not created or deleted!
20260908 003942.643 INFO             PET0     ESMX_Driver: InitializeIPDv02p1 intro {IS}:--- StateLog() end -------------------
20260908 003942.643 INFO             PET0     ESMX_Driver: InitializeIPDv02p1 intro {ES}:--- StateLog() start -----------------
20260908 003942.643 INFO             PET0     ESMX_Driver: InitializeIPDv02p1 intro {ES}:State object is invalid! Not created or deleted!
20260908 003942.643 INFO             PET0     ESMX_Driver: InitializeIPDv02p1 intro {ES}:--- StateLog() end -------------------
20260908 003942.643 INFO             PET0     >>>ESMX_Driver: entered Initialize (phase=<none>) without valid internal Clock.
20260908 003942.718 INFO             PET0     ESMX_Driver - Creating model component ABC without petList.
20260908 003942.718 DEBUG            PET0     Generic SetVM() is executing for: ABC
20260908 003942.718 DEBUG            PET0     Generic SetVM() found no NUOPC Hint for: ABC
20260908 003942.718 DEBUG            PET0     Generic SetVM() therefore is NOT calling ESMF_GridCompSetVMMaxPEs() for: ABC
20260908 003942.824 INFO             PET0     ESMX_Driver - Creating model component DEF without petList.
20260908 003942.824 DEBUG            PET0     Generic SetVM() is executing for: DEF
20260908 003942.824 DEBUG            PET0     Generic SetVM() found no NUOPC Hint for: DEF
20260908 003942.824 DEBUG            PET0     Generic SetVM() therefore is NOT calling ESMF_GridCompSetVMMaxPEs() for: DEF
20260908 003942.888 INFO             PET0     ESMX_Driver - Creating state: modelComp 1 Import State
20260908 003942.888 INFO             PET0     ESMX_Driver - Creating state: modelComp 1 Export State
20260908 003942.889 INFO             PET0     ESMX_Driver - Creating state: modelComp 2 Import State
20260908 003942.889 INFO             PET0     ESMX_Driver - Creating state: modelComp 2 Export State
20260908 003942.892 INFO             PET0     ABC: InitializeP0 intro.
20260908 003942.892 INFO             PET0       ABC: InitializeP0 intro {IS}:--- StateLog() start -----------------
20260908 003942.892 INFO             PET0       ABC: InitializeP0 intro {IS}:<name: ABC-ImportState> <intent: ESMF_STATEINTENT_IMPORT> <itemCount:    0>
20260908 003942.892 INFO             PET0       ABC: InitializeP0 intro {IS}:--- StateLog() end -------------------
20260908 003942.892 INFO             PET0       ABC: InitializeP0 intro {ES}:--- StateLog() start -----------------
20260908 003942.892 INFO             PET0       ABC: InitializeP0 intro {ES}:<name: ABC-ExportState> <intent: ESMF_STATEINTENT_EXPORT> <itemCount:    0>
20260908 003942.892 INFO             PET0       ABC: InitializeP0 intro {ES}:--- StateLog() end -------------------
20260908 003942.892 INFO             PET0       >>>ABC: entered Initialize (phase=<none>) without valid internal Clock.
20260908 003942.894 INFO             PET0       <<<ABC: leaving Initialize (phase=<none>) without valid internal Clock.
20260908 003942.894 INFO             PET0       ABC: InitializeP0 extro {IS}:--- StateLog() start -----------------
20260908 003942.894 INFO             PET0       ABC: InitializeP0 extro {IS}:<name: ABC-ImportState> <intent: ESMF_STATEINTENT_IMPORT> <itemCount:    0>
20260908 003942.895 INFO             PET0       ABC: InitializeP0 extro {IS}:--- StateLog() end -------------------
20260908 003942.895 INFO             PET0       ABC: InitializeP0 extro {ES}:--- StateLog() start -----------------
20260908 003942.895 INFO             PET0       ABC: InitializeP0 extro {ES}:<name: ABC-ExportState> <intent: ESMF_STATEINTENT_EXPORT> <itemCount:    0>
20260908 003942.895 INFO             PET0       ABC: InitializeP0 extro {ES}:--- StateLog() end -------------------
20260908 003942.895 INFO             PET0     ABC: InitializeP0 extro.
20260908 003942.895 INFO             PET0     DEF: InitializeP0 intro.
20260908 003942.895 INFO             PET0       DEF: InitializeP0 intro {IS}:--- StateLog() start -----------------
20260908 003942.895 INFO             PET0       DEF: InitializeP0 intro {IS}:<name: DEF-ImportState> <intent: ESMF_STATEINTENT_IMPORT> <itemCount:    0>
20260908 003942.895 INFO             PET0       DEF: InitializeP0 intro {IS}:--- StateLog() end -------------------
20260908 003942.895 INFO             PET0       DEF: InitializeP0 intro {ES}:--- StateLog() start -----------------
20260908 003942.895 INFO             PET0       DEF: InitializeP0 intro {ES}:<name: DEF-ExportState> <intent: ESMF_STATEINTENT_EXPORT> <itemCount:    0>
20260908 003942.895 INFO             PET0       DEF: InitializeP0 intro {ES}:--- StateLog() end -------------------
20260908 003942.896 INFO             PET0       >>>DEF: entered Initialize (phase=<none>) without valid internal Clock.
20260908 003942.898 INFO             PET0       <<<DEF: leaving Initialize (phase=<none>) without valid internal Clock.
20260908 003942.898 INFO             PET0       DEF: InitializeP0 extro {IS}:--- StateLog() start -----------------
20260908 003942.898 INFO             PET0       DEF: InitializeP0 extro {IS}:<name: DEF-ImportState> <intent: ESMF_STATEINTENT_IMPORT> <itemCount:    0>
20260908 003942.898 INFO             PET0       DEF: InitializeP0 extro {IS}:--- StateLog() end -------------------
20260908 003942.898 INFO             PET0       DEF: InitializeP0 extro {ES}:--- StateLog() start -----------------
20260908 003942.898 INFO             PET0       DEF: InitializeP0 extro {ES}:<name: DEF-ExportState> <intent: ESMF_STATEINTENT_EXPORT> <itemCount:    0>
20260908 003942.898 INFO             PET0       DEF: InitializeP0 extro {ES}:--- StateLog() end -------------------
20260908 003942.898 INFO             PET0     DEF: InitializeP0 extro.
20260908 003942.934 INFO             PET0     ESMX_Driver - Creating connector component ABC-TO-DEF without petList.
20260908 003942.950 INFO             PET0     ESMX_Driver - Setting Verbosity on created component to: high
20260908 003942.950 INFO             PET0     ESMX_Driver - Setting Profiling on created component to:          0
20260908 003942.953 INFO             PET0     ESMX_Driver: IInitAdvertise intro.
20260908 003942.953 INFO             PET0       ESMX_Driver: IInitAdvertise intro {IS}:--- StateLog() start -----------------
20260908 003942.953 INFO             PET0       ESMX_Driver: IInitAdvertise intro {IS}:State object is invalid! Not created or deleted!
20260908 003942.953 INFO             PET0       ESMX_Driver: IInitAdvertise intro {IS}:--- StateLog() end -------------------
20260908 003942.953 INFO             PET0       ESMX_Driver: IInitAdvertise intro {ES}:--- StateLog() start -----------------
20260908 003942.953 INFO             PET0       ESMX_Driver: IInitAdvertise intro {ES}:State object is invalid! Not created or deleted!
20260908 003942.953 INFO             PET0       ESMX_Driver: IInitAdvertise intro {ES}:--- StateLog() end -------------------
20260908 003942.953 INFO             PET0       >>>ESMX_Driver: entered Initialize (phase=<none>) with current time: 2012 10 24  8  0  0   0
20260908 003942.953 INFO             PET0       <<<ESMX_Driver: leaving Initialize (phase=<none>) with current time: 2012 10 24  8  0  0   0
20260908 003942.953 INFO             PET0       ESMX_Driver: IInitAdvertise extro {IS}:--- StateLog() start -----------------
20260908 003942.953 INFO             PET0       ESMX_Driver: IInitAdvertise extro {IS}:State object is invalid! Not created or deleted!
20260908 003942.953 INFO             PET0       ESMX_Driver: IInitAdvertise extro {IS}:--- StateLog() end -------------------
20260908 003942.953 INFO             PET0       ESMX_Driver: IInitAdvertise extro {ES}:--- StateLog() start -----------------
20260908 003942.953 INFO             PET0       ESMX_Driver: IInitAdvertise extro {ES}:State object is invalid! Not created or deleted!
20260908 003942.953 INFO             PET0       ESMX_Driver: IInitAdvertise extro {ES}:--- StateLog() end -------------------
20260908 003942.953 INFO             PET0     ESMX_Driver: IInitAdvertise extro.
20260908 003942.954 INFO             PET0     ABC: InitializeIPDvXp01 intro.
20260908 003942.954 INFO             PET0       ABC: InitializeIPDvXp01 intro {IS}:--- StateLog() start -----------------
20260908 003942.954 INFO             PET0       ABC: InitializeIPDvXp01 intro {IS}:<name: ABC-ImportState> <intent: ESMF_STATEINTENT_IMPORT> <itemCount:    0>
20260908 003942.954 INFO             PET0       ABC: InitializeIPDvXp01 intro {IS}:--- StateLog() end -------------------
20260908 003942.954 INFO             PET0       ABC: InitializeIPDvXp01 intro {ES}:--- StateLog() start -----------------
20260908 003942.954 INFO             PET0       ABC: InitializeIPDvXp01 intro {ES}:<name: ABC-ExportState> <intent: ESMF_STATEINTENT_EXPORT> <itemCount:    0>
20260908 003942.954 INFO             PET0       ABC: InitializeIPDvXp01 intro {ES}:--- StateLog() end -------------------
20260908 003942.954 INFO             PET0       >>>ABC: entered Initialize (phase=IPDvXp01) without valid internal Clock.
20260908 003942.957 INFO             PET0       <<<ABC: leaving Initialize (phase=IPDvXp01) without valid internal Clock.
20260908 003942.957 INFO             PET0       ABC: InitializeIPDvXp01 extro {IS}:--- StateLog() start -----------------
20260908 003942.957 INFO             PET0       ABC: InitializeIPDvXp01 extro {IS}:<name: ABC-ImportState> <intent: ESMF_STATEINTENT_IMPORT> <itemCount:    0>
20260908 003942.957 INFO             PET0       ABC: InitializeIPDvXp01 extro {IS}:--- StateLog() end -------------------
20260908 003942.957 INFO             PET0       ABC: InitializeIPDvXp01 extro {ES}:--- StateLog() start -----------------
20260908 003942.957 INFO             PET0       ABC: InitializeIPDvXp01 extro {ES}:<name: ABC-ExportState> <intent: ESMF_STATEINTENT_EXPORT> <itemCount:    2>
20260908 003942.957 INFO             PET0       ABC: InitializeIPDvXp01 extro {ES}:+-<item: 0001> <itemType: Field> <itemName: sea_surface_height_above_sea_level>
20260908 003942.957 INFO             PET0       ABC: InitializeIPDvXp01 extro {ES}:!--- FieldLog() start -----------------
20260908 003942.957 INFO             PET0       ABC: InitializeIPDvXp01 extro {ES}:! <name: sea_surface_height_above_sea_level> <fieldStatus: ESMF_FIELDSTATUS_EMPTY>
20260908 003942.957 INFO             PET0       ABC: InitializeIPDvXp01 extro {ES}:! 0x7ffe24e635a0 => 0xb69ed0 => 0xb5a830
20260908 003942.957 INFO             PET0       ABC: InitializeIPDvXp01 extro {ES}:!--- FieldLog() end -------------------
20260908 003942.957 INFO             PET0       ABC: InitializeIPDvXp01 extro {ES}:+-<item: 0002> <itemType: Field> <itemName: sea_surface_temperature>
20260908 003942.957 INFO             PET0       ABC: InitializeIPDvXp01 extro {ES}:!--- FieldLog() start -----------------
20260908 003942.957 INFO             PET0       ABC: InitializeIPDvXp01 extro {ES}:! <name: sea_surface_temperature> <fieldStatus: ESMF_FIELDSTATUS_EMPTY>
20260908 003942.958 INFO             PET0       ABC: InitializeIPDvXp01 extro {ES}:! 0x7ffe24e635a0 => 0xb7a280 => 0xb61760
20260908 003942.958 INFO             PET0       ABC: InitializeIPDvXp01 extro {ES}:!--- FieldLog() end -------------------
20260908 003942.958 INFO             PET0       ABC: InitializeIPDvXp01 extro {ES}:--- StateLog() end -------------------
20260908 003942.958 INFO             PET0     ABC: InitializeIPDvXp01 extro.
20260908 003942.958 INFO             PET0     DEF: InitializeIPDvXp01 intro.
20260908 003942.958 INFO             PET0       DEF: InitializeIPDvXp01 intro {IS}:--- StateLog() start -----------------
20260908 003942.958 INFO             PET0       DEF: InitializeIPDvXp01 intro {IS}:<name: DEF-ImportState> <intent: ESMF_STATEINTENT_IMPORT> <itemCount:    0>
20260908 003942.958 INFO             PET0       DEF: InitializeIPDvXp01 intro {IS}:--- StateLog() end -------------------
20260908 003942.958 INFO             PET0       DEF: InitializeIPDvXp01 intro {ES}:--- StateLog() start -----------------
20260908 003942.958 INFO             PET0       DEF: InitializeIPDvXp01 intro {ES}:<name: DEF-ExportState> <intent: ESMF_STATEINTENT_EXPORT> <itemCount:    0>
20260908 003942.958 INFO             PET0       DEF: InitializeIPDvXp01 intro {ES}:--- StateLog() end -------------------
20260908 003942.958 INFO             PET0       >>>DEF: entered Initialize (phase=IPDvXp01) without valid internal Clock.
20260908 003942.961 INFO             PET0       <<<DEF: leaving Initialize (phase=IPDvXp01) without valid internal Clock.
20260908 003942.961 INFO             PET0       DEF: InitializeIPDvXp01 extro {IS}:--- StateLog() start -----------------
20260908 003942.961 INFO             PET0       DEF: InitializeIPDvXp01 extro {IS}:<name: DEF-ImportState> <intent: ESMF_STATEINTENT_IMPORT> <itemCount:    2>
20260908 003942.961 INFO             PET0       DEF: InitializeIPDvXp01 extro {IS}:+-<item: 0001> <itemType: Field> <itemName: sea_surface_height_above_sea_level>
20260908 003942.961 INFO             PET0       DEF: InitializeIPDvXp01 extro {IS}:!--- FieldLog() start -----------------
20260908 003942.961 INFO             PET0       DEF: InitializeIPDvXp01 extro {IS}:! <name: sea_surface_height_above_sea_level> <fieldStatus: ESMF_FIELDSTATUS_EMPTY>
20260908 003942.961 INFO             PET0       DEF: InitializeIPDvXp01 extro {IS}:! 0x7ffe24e635a0 => 0xb5e060 => 0xb5e280
20260908 003942.961 INFO             PET0       DEF: InitializeIPDvXp01 extro {IS}:!--- FieldLog() end -------------------
20260908 003942.961 INFO             PET0       DEF: InitializeIPDvXp01 extro {IS}:+-<item: 0002> <itemType: Field> <itemName: sea_surface_temperature>
20260908 003942.961 INFO             PET0       DEF: InitializeIPDvXp01 extro {IS}:!--- FieldLog() start -----------------
20260908 003942.961 INFO             PET0       DEF: InitializeIPDvXp01 extro {IS}:! <name: sea_surface_temperature> <fieldStatus: ESMF_FIELDSTATUS_EMPTY>
20260908 003942.961 INFO             PET0       DEF: InitializeIPDvXp01 extro {IS}:! 0x7ffe24e635a0 => 0xb673b0 => 0xb675d0
20260908 003942.961 INFO             PET0       DEF: InitializeIPDvXp01 extro {IS}:!--- FieldLog() end -------------------
20260908 003942.961 INFO             PET0       DEF: InitializeIPDvXp01 extro {IS}:--- StateLog() end -------------------
20260908 003942.961 INFO             PET0       DEF: InitializeIPDvXp01 extro {ES}:--- StateLog() start -----------------
20260908 003942.961 INFO             PET0       DEF: InitializeIPDvXp01 extro {ES}:<name: DEF-ExportState> <intent: ESMF_STATEINTENT_EXPORT> <itemCount:    0>
20260908 003942.961 INFO             PET0       DEF: InitializeIPDvXp01 extro {ES}:--- StateLog() end -------------------
20260908 003942.961 INFO             PET0     DEF: InitializeIPDvXp01 extro.
20260908 003942.965 INFO             PET0     ABC-TO-DEF: InitializeIPDv05p1 intro.
20260908 003942.965 INFO             PET0       ABC-TO-DEF: InitializeIPDv05p1 intro {IS}:--- StateLog() start -----------------
20260908 003942.965 INFO             PET0       ABC-TO-DEF: InitializeIPDv05p1 intro {IS}:<name: ABC-ExportState> <intent: ESMF_STATEINTENT_EXPORT> <itemCount:    2>
20260908 003942.965 INFO             PET0       ABC-TO-DEF: InitializeIPDv05p1 intro {IS}:+-<item: 0001> <itemType: Field> <itemName: sea_surface_height_above_sea_level>
20260908 003942.965 INFO             PET0       ABC-TO-DEF: InitializeIPDv05p1 intro {IS}:!--- FieldLog() start -----------------
20260908 003942.965 INFO             PET0       ABC-TO-DEF: InitializeIPDv05p1 intro {IS}:! <name: sea_surface_height_above_sea_level> <fieldStatus: ESMF_FIELDSTATUS_EMPTY>
20260908 003942.965 INFO             PET0       ABC-TO-DEF: InitializeIPDv05p1 intro {IS}:! 0x7ffe24e61e70 => 0xb69ed0 => 0xb5a830
20260908 003942.965 INFO             PET0       ABC-TO-DEF: InitializeIPDv05p1 intro {IS}:!--- FieldLog() end -------------------
20260908 003942.965 INFO             PET0       ABC-TO-DEF: InitializeIPDv05p1 intro {IS}:+-<item: 0002> <itemType: Field> <itemName: sea_surface_temperature>
20260908 003942.965 INFO             PET0       ABC-TO-DEF: InitializeIPDv05p1 intro {IS}:!--- FieldLog() start -----------------
20260908 003942.965 INFO             PET0       ABC-TO-DEF: InitializeIPDv05p1 intro {IS}:! <name: sea_surface_temperature> <fieldStatus: ESMF_FIELDSTATUS_EMPTY>
20260908 003942.965 INFO             PET0       ABC-TO-DEF: InitializeIPDv05p1 intro {IS}:! 0x7ffe24e61e70 => 0xb7a280 => 0xb61760
20260908 003942.965 INFO             PET0       ABC-TO-DEF: InitializeIPDv05p1 intro {IS}:!--- FieldLog() end -------------------
20260908 003942.965 INFO             PET0       ABC-TO-DEF: InitializeIPDv05p1 intro {IS}:--- StateLog() end -------------------
20260908 003942.965 INFO             PET0       ABC-TO-DEF: InitializeIPDv05p1 intro {ES}:--- StateLog() start -----------------
20260908 003942.965 INFO             PET0       ABC-TO-DEF: InitializeIPDv05p1 intro {ES}:<name: DEF-ImportState> <intent: ESMF_STATEINTENT_IMPORT> <itemCount:    2>
20260908 003942.965 INFO             PET0       ABC-TO-DEF: InitializeIPDv05p1 intro {ES}:+-<item: 0001> <itemType: Field> <itemName: sea_surface_height_above_sea_level>
20260908 003942.965 INFO             PET0       ABC-TO-DEF: InitializeIPDv05p1 intro {ES}:!--- FieldLog() start -----------------
20260908 003942.965 INFO             PET0       ABC-TO-DEF: InitializeIPDv05p1 intro {ES}:! <name: sea_surface_height_above_sea_level> <fieldStatus: ESMF_FIELDSTATUS_EMPTY>
20260908 003942.965 INFO             PET0       ABC-TO-DEF: InitializeIPDv05p1 intro {ES}:! 0x7ffe24e61e70 => 0xb5e060 => 0xb5e280
20260908 003942.965 INFO             PET0       ABC-TO-DEF: InitializeIPDv05p1 intro {ES}:!--- FieldLog() end -------------------
20260908 003942.965 INFO             PET0       ABC-TO-DEF: InitializeIPDv05p1 intro {ES}:+-<item: 0002> <itemType: Field> <itemName: sea_surface_temperature>
20260908 003942.965 INFO             PET0       ABC-TO-DEF: InitializeIPDv05p1 intro {ES}:!--- FieldLog() start -----------------
20260908 003942.965 INFO             PET0       ABC-TO-DEF: InitializeIPDv05p1 intro {ES}:! <name: sea_surface_temperature> <fieldStatus: ESMF_FIELDSTATUS_EMPTY>
20260908 003942.965 INFO             PET0       ABC-TO-DEF: InitializeIPDv05p1 intro {ES}:! 0x7ffe24e61e70 => 0xb673b0 => 0xb675d0
20260908 003942.965 INFO             PET0       ABC-TO-DEF: InitializeIPDv05p1 intro {ES}:!--- FieldLog() end -------------------
20260908 003942.965 INFO             PET0       ABC-TO-DEF: InitializeIPDv05p1 intro {ES}:--- StateLog() end -------------------
20260908 003942.966 INFO             PET0       ABC-TO-DEF: importState FieldTransferPolicy = transferNone
20260908 003942.966 INFO             PET0       ABC-TO-DEF: exportState FieldTransferPolicy = transferNone
20260908 003942.966 INFO             PET0       ABC-TO-DEF: InitializeIPDv05p1 extro {IS}:--- StateLog() start -----------------
20260908 003942.966 INFO             PET0       ABC-TO-DEF: InitializeIPDv05p1 extro {IS}:<name: ABC-ExportState> <intent: ESMF_STATEINTENT_EXPORT> <itemCount:    2>
20260908 003942.966 INFO             PET0       ABC-TO-DEF: InitializeIPDv05p1 extro {IS}:+-<item: 0001> <itemType: Field> <itemName: sea_surface_height_above_sea_level>
20260908 003942.966 INFO             PET0       ABC-TO-DEF: InitializeIPDv05p1 extro {IS}:!--- FieldLog() start -----------------
20260908 003942.966 INFO             PET0       ABC-TO-DEF: InitializeIPDv05p1 extro {IS}:! <name: sea_surface_height_above_sea_level> <fieldStatus: ESMF_FIELDSTATUS_EMPTY>
20260908 003942.966 INFO             PET0       ABC-TO-DEF: InitializeIPDv05p1 extro {IS}:! 0x7ffe24e621d0 => 0xb69ed0 => 0xb5a830
20260908 003942.966 INFO             PET0       ABC-TO-DEF: InitializeIPDv05p1 extro {IS}:!--- FieldLog() end -------------------
20260908 003942.966 INFO             PET0       ABC-TO-DEF: InitializeIPDv05p1 extro {IS}:+-<item: 0002> <itemType: Field> <itemName: sea_surface_temperature>
20260908 003942.966 INFO             PET0       ABC-TO-DEF: InitializeIPDv05p1 extro {IS}:!--- FieldLog() start -----------------
20260908 003942.966 INFO             PET0       ABC-TO-DEF: InitializeIPDv05p1 extro {IS}:! <name: sea_surface_temperature> <fieldStatus: ESMF_FIELDSTATUS_EMPTY>
20260908 003942.966 INFO             PET0       ABC-TO-DEF: InitializeIPDv05p1 extro {IS}:! 0x7ffe24e621d0 => 0xb7a280 => 0xb61760
20260908 003942.966 INFO             PET0       ABC-TO-DEF: InitializeIPDv05p1 extro {IS}:!--- FieldLog() end -------------------
20260908 003942.966 INFO             PET0       ABC-TO-DEF: InitializeIPDv05p1 extro {IS}:--- StateLog() end -------------------
20260908 003942.966 INFO             PET0       ABC-TO-DEF: InitializeIPDv05p1 extro {ES}:--- StateLog() start -----------------
20260908 003942.966 INFO             PET0       ABC-TO-DEF: InitializeIPDv05p1 extro {ES}:<name: DEF-ImportState> <intent: ESMF_STATEINTENT_IMPORT> <itemCount:    2>
20260908 003942.966 INFO             PET0       ABC-TO-DEF: InitializeIPDv05p1 extro {ES}:+-<item: 0001> <itemType: Field> <itemName: sea_surface_height_above_sea_level>
20260908 003942.966 INFO             PET0       ABC-TO-DEF: InitializeIPDv05p1 extro {ES}:!--- FieldLog() start -----------------
20260908 003942.966 INFO             PET0       ABC-TO-DEF: InitializeIPDv05p1 extro {ES}:! <name: sea_surface_height_above_sea_level> <fieldStatus: ESMF_FIELDSTATUS_EMPTY>
20260908 003942.966 INFO             PET0       ABC-TO-DEF: InitializeIPDv05p1 extro {ES}:! 0x7ffe24e621d0 => 0xb5e060 => 0xb5e280
20260908 003942.966 INFO             PET0       ABC-TO-DEF: InitializeIPDv05p1 extro {ES}:!--- FieldLog() end -------------------
20260908 003942.966 INFO             PET0       ABC-TO-DEF: InitializeIPDv05p1 extro {ES}:+-<item: 0002> <itemType: Field> <itemName: sea_surface_temperature>
20260908 003942.966 INFO             PET0       ABC-TO-DEF: InitializeIPDv05p1 extro {ES}:!--- FieldLog() start -----------------
20260908 003942.966 INFO             PET0       ABC-TO-DEF: InitializeIPDv05p1 extro {ES}:! <name: sea_surface_temperature> <fieldStatus: ESMF_FIELDSTATUS_EMPTY>
20260908 003942.966 INFO             PET0       ABC-TO-DEF: InitializeIPDv05p1 extro {ES}:! 0x7ffe24e621d0 => 0xb673b0 => 0xb675d0
20260908 003942.966 INFO             PET0       ABC-TO-DEF: InitializeIPDv05p1 extro {ES}:!--- FieldLog() end -------------------
20260908 003942.966 INFO             PET0       ABC-TO-DEF: InitializeIPDv05p1 extro {ES}:--- StateLog() end -------------------
20260908 003942.966 INFO             PET0     ABC-TO-DEF: InitializeIPDv05p1 extro.
20260908 003942.967 INFO             PET0     ESMX_Driver: IInitAdvertiseFinish intro.
20260908 003942.967 INFO             PET0       ESMX_Driver: IInitAdvertiseFinish intro {IS}:--- StateLog() start -----------------
20260908 003942.967 INFO             PET0       ESMX_Driver: IInitAdvertiseFinish intro {IS}:State object is invalid! Not created or deleted!
20260908 003942.967 INFO             PET0       ESMX_Driver: IInitAdvertiseFinish intro {IS}:--- StateLog() end -------------------
20260908 003942.967 INFO             PET0       ESMX_Driver: IInitAdvertiseFinish intro {ES}:--- StateLog() start -----------------
20260908 003942.967 INFO             PET0       ESMX_Driver: IInitAdvertiseFinish intro {ES}:State object is invalid! Not created or deleted!
20260908 003942.967 INFO             PET0       ESMX_Driver: IInitAdvertiseFinish intro {ES}:--- StateLog() end -------------------
20260908 003942.967 INFO             PET0       >>>ESMX_Driver: entered Initialize (phase=<none>) with current time: 2012 10 24  8  0  0   0
20260908 003942.967 INFO             PET0       <<<ESMX_Driver: leaving Initialize (phase=<none>) with current time: 2012 10 24  8  0  0   0
20260908 003942.967 INFO             PET0       ESMX_Driver: IInitAdvertiseFinish extro {IS}:--- StateLog() start -----------------
20260908 003942.967 INFO             PET0       ESMX_Driver: IInitAdvertiseFinish extro {IS}:State object is invalid! Not created or deleted!
20260908 003942.967 INFO             PET0       ESMX_Driver: IInitAdvertiseFinish extro {IS}:--- StateLog() end -------------------
20260908 003942.967 INFO             PET0       ESMX_Driver: IInitAdvertiseFinish extro {ES}:--- StateLog() start -----------------
20260908 003942.967 INFO             PET0       ESMX_Driver: IInitAdvertiseFinish extro {ES}:State object is invalid! Not created or deleted!
20260908 003942.967 INFO             PET0       ESMX_Driver: IInitAdvertiseFinish extro {ES}:--- StateLog() end -------------------
20260908 003942.967 INFO             PET0     ESMX_Driver: IInitAdvertiseFinish extro.
20260908 003942.968 INFO             PET0     ABC-TO-DEF: InitializeIPDv05p2a intro.
20260908 003942.968 INFO             PET0       ABC-TO-DEF: InitializeIPDv05p2a intro {IS}:--- StateLog() start -----------------
20260908 003942.968 INFO             PET0       ABC-TO-DEF: InitializeIPDv05p2a intro {IS}:<name: ABC-ExportState> <intent: ESMF_STATEINTENT_EXPORT> <itemCount:    2>
20260908 003942.968 INFO             PET0       ABC-TO-DEF: InitializeIPDv05p2a intro {IS}:+-<item: 0001> <itemType: Field> <itemName: sea_surface_height_above_sea_level>
20260908 003942.968 INFO             PET0       ABC-TO-DEF: InitializeIPDv05p2a intro {IS}:!--- FieldLog() start -----------------
20260908 003942.968 INFO             PET0       ABC-TO-DEF: InitializeIPDv05p2a intro {IS}:! <name: sea_surface_height_above_sea_level> <fieldStatus: ESMF_FIELDSTATUS_EMPTY>
20260908 003942.968 INFO             PET0       ABC-TO-DEF: InitializeIPDv05p2a intro {IS}:! 0x7ffe24e624a0 => 0xb69ed0 => 0xb5a830
20260908 003942.968 INFO             PET0       ABC-TO-DEF: InitializeIPDv05p2a intro {IS}:!--- FieldLog() end -------------------
20260908 003942.968 INFO             PET0       ABC-TO-DEF: InitializeIPDv05p2a intro {IS}:+-<item: 0002> <itemType: Field> <itemName: sea_surface_temperature>
20260908 003942.968 INFO             PET0       ABC-TO-DEF: InitializeIPDv05p2a intro {IS}:!--- FieldLog() start -----------------
20260908 003942.968 INFO             PET0       ABC-TO-DEF: InitializeIPDv05p2a intro {IS}:! <name: sea_surface_temperature> <fieldStatus: ESMF_FIELDSTATUS_EMPTY>
20260908 003942.968 INFO             PET0       ABC-TO-DEF: InitializeIPDv05p2a intro {IS}:! 0x7ffe24e624a0 => 0xb7a280 => 0xb61760
20260908 003942.968 INFO             PET0       ABC-TO-DEF: InitializeIPDv05p2a intro {IS}:!--- FieldLog() end -------------------
20260908 003942.968 INFO             PET0       ABC-TO-DEF: InitializeIPDv05p2a intro {IS}:--- StateLog() end -------------------
20260908 003942.968 INFO             PET0       ABC-TO-DEF: InitializeIPDv05p2a intro {ES}:--- StateLog() start -----------------
20260908 003942.968 INFO             PET0       ABC-TO-DEF: InitializeIPDv05p2a intro {ES}:<name: DEF-ImportState> <intent: ESMF_STATEINTENT_IMPORT> <itemCount:    2>
20260908 003942.968 INFO             PET0       ABC-TO-DEF: InitializeIPDv05p2a intro {ES}:+-<item: 0001> <itemType: Field> <itemName: sea_surface_height_above_sea_level>
20260908 003942.968 INFO             PET0       ABC-TO-DEF: InitializeIPDv05p2a intro {ES}:!--- FieldLog() start -----------------
20260908 003942.968 INFO             PET0       ABC-TO-DEF: InitializeIPDv05p2a intro {ES}:! <name: sea_surface_height_above_sea_level> <fieldStatus: ESMF_FIELDSTATUS_EMPTY>
20260908 003942.968 INFO             PET0       ABC-TO-DEF: InitializeIPDv05p2a intro {ES}:! 0x7ffe24e624a0 => 0xb5e060 => 0xb5e280
20260908 003942.968 INFO             PET0       ABC-TO-DEF: InitializeIPDv05p2a intro {ES}:!--- FieldLog() end -------------------
20260908 003942.968 INFO             PET0       ABC-TO-DEF: InitializeIPDv05p2a intro {ES}:+-<item: 0002> <itemType: Field> <itemName: sea_surface_temperature>
20260908 003942.968 INFO             PET0       ABC-TO-DEF: InitializeIPDv05p2a intro {ES}:!--- FieldLog() start -----------------
20260908 003942.968 INFO             PET0       ABC-TO-DEF: InitializeIPDv05p2a intro {ES}:! <name: sea_surface_temperature> <fieldStatus: ESMF_FIELDSTATUS_EMPTY>
20260908 003942.968 INFO             PET0       ABC-TO-DEF: InitializeIPDv05p2a intro {ES}:! 0x7ffe24e624a0 => 0xb673b0 => 0xb675d0
20260908 003942.968 INFO             PET0       ABC-TO-DEF: InitializeIPDv05p2a intro {ES}:!--- FieldLog() end -------------------
20260908 003942.968 INFO             PET0       ABC-TO-DEF: InitializeIPDv05p2a intro {ES}:--- StateLog() end -------------------
20260908 003942.969 INFO             PET0       ABC-TO-DEF:      importStandardNameList(i=  1): sea_surface_height_above_sea_level
20260908 003942.969 INFO             PET0       ABC-TO-DEF:         importNamespaceList(i=  1): ABC
20260908 003942.969 INFO             PET0       ABC-TO-DEF:            importCplSetList(i=  1): __UNSPECIFIED__
20260908 003942.969 INFO             PET0       ABC-TO-DEF:      exportStandardNameList(j=  1): sea_surface_height_above_sea_level
20260908 003942.969 INFO             PET0       ABC-TO-DEF:         exportNamespaceList(j=  1): DEF
20260908 003942.969 INFO             PET0       ABC-TO-DEF:            exportCplSetList(j=  1): __UNSPECIFIED__
20260908 003942.969 INFO             PET0       ABC-TO-DEF: bondLevel= 1
20260908 003942.969 INFO             PET0       ABC-TO-DEF: ProducerConnection (bondLevelMax):         1
20260908 003942.969 INFO             PET0       ABC-TO-DEF:      importStandardNameList(i=  2): sea_surface_temperature
20260908 003942.969 INFO             PET0       ABC-TO-DEF:         importNamespaceList(i=  2): ABC
20260908 003942.969 INFO             PET0       ABC-TO-DEF:            importCplSetList(i=  2): __UNSPECIFIED__
20260908 003942.969 INFO             PET0       ABC-TO-DEF:      exportStandardNameList(j=  2): sea_surface_temperature
20260908 003942.969 INFO             PET0       ABC-TO-DEF:         exportNamespaceList(j=  2): DEF
20260908 003942.969 INFO             PET0       ABC-TO-DEF:            exportCplSetList(j=  2): __UNSPECIFIED__
20260908 003942.969 INFO             PET0       ABC-TO-DEF: bondLevel= 1
20260908 003942.969 INFO             PET0       ABC-TO-DEF: ProducerConnection (bondLevelMax):         1
20260908 003942.969 INFO             PET0       ABC-TO-DEF: InitializeIPDv05p2a extro {IS}:--- StateLog() start -----------------
20260908 003942.969 INFO             PET0       ABC-TO-DEF: InitializeIPDv05p2a extro {IS}:<name: ABC-ExportState> <intent: ESMF_STATEINTENT_EXPORT> <itemCount:    2>
20260908 003942.969 INFO             PET0       ABC-TO-DEF: InitializeIPDv05p2a extro {IS}:+-<item: 0001> <itemType: Field> <itemName: sea_surface_height_above_sea_level>
20260908 003942.969 INFO             PET0       ABC-TO-DEF: InitializeIPDv05p2a extro {IS}:!--- FieldLog() start -----------------
20260908 003942.969 INFO             PET0       ABC-TO-DEF: InitializeIPDv05p2a extro {IS}:! <name: sea_surface_height_above_sea_level> <fieldStatus: ESMF_FIELDSTATUS_EMPTY>
20260908 003942.969 INFO             PET0       ABC-TO-DEF: InitializeIPDv05p2a extro {IS}:! 0x7ffe24e62800 => 0xb69ed0 => 0xb5a830
20260908 003942.969 INFO             PET0       ABC-TO-DEF: InitializeIPDv05p2a extro {IS}:!--- FieldLog() end -------------------
20260908 003942.969 INFO             PET0       ABC-TO-DEF: InitializeIPDv05p2a extro {IS}:+-<item: 0002> <itemType: Field> <itemName: sea_surface_temperature>
20260908 003942.969 INFO             PET0       ABC-TO-DEF: InitializeIPDv05p2a extro {IS}:!--- FieldLog() start -----------------
20260908 003942.969 INFO             PET0       ABC-TO-DEF: InitializeIPDv05p2a extro {IS}:! <name: sea_surface_temperature> <fieldStatus: ESMF_FIELDSTATUS_EMPTY>
20260908 003942.969 INFO             PET0       ABC-TO-DEF: InitializeIPDv05p2a extro {IS}:! 0x7ffe24e62800 => 0xb7a280 => 0xb61760
20260908 003942.969 INFO             PET0       ABC-TO-DEF: InitializeIPDv05p2a extro {IS}:!--- FieldLog() end -------------------
20260908 003942.969 INFO             PET0       ABC-TO-DEF: InitializeIPDv05p2a extro {IS}:--- StateLog() end -------------------
20260908 003942.969 INFO             PET0       ABC-TO-DEF: InitializeIPDv05p2a extro {ES}:--- StateLog() start -----------------
20260908 003942.969 INFO             PET0       ABC-TO-DEF: InitializeIPDv05p2a extro {ES}:<name: DEF-ImportState> <intent: ESMF_STATEINTENT_IMPORT> <itemCount:    2>
20260908 003942.969 INFO             PET0       ABC-TO-DEF: InitializeIPDv05p2a extro {ES}:+-<item: 0001> <itemType: Field> <itemName: sea_surface_height_above_sea_level>
20260908 003942.969 INFO             PET0       ABC-TO-DEF: InitializeIPDv05p2a extro {ES}:!--- FieldLog() start -----------------
20260908 003942.969 INFO             PET0       ABC-TO-DEF: InitializeIPDv05p2a extro {ES}:! <name: sea_surface_height_above_sea_level> <fieldStatus: ESMF_FIELDSTATUS_EMPTY>
20260908 003942.969 INFO             PET0       ABC-TO-DEF: InitializeIPDv05p2a extro {ES}:! 0x7ffe24e62800 => 0xb5e060 => 0xb5e280
20260908 003942.969 INFO             PET0       ABC-TO-DEF: InitializeIPDv05p2a extro {ES}:!--- FieldLog() end -------------------
20260908 003942.969 INFO             PET0       ABC-TO-DEF: InitializeIPDv05p2a extro {ES}:+-<item: 0002> <itemType: Field> <itemName: sea_surface_temperature>
20260908 003942.969 INFO             PET0       ABC-TO-DEF: InitializeIPDv05p2a extro {ES}:!--- FieldLog() start -----------------
20260908 003942.969 INFO             PET0       ABC-TO-DEF: InitializeIPDv05p2a extro {ES}:! <name: sea_surface_temperature> <fieldStatus: ESMF_FIELDSTATUS_EMPTY>
20260908 003942.969 INFO             PET0       ABC-TO-DEF: InitializeIPDv05p2a extro {ES}:! 0x7ffe24e62800 => 0xb673b0 => 0xb675d0
20260908 003942.969 INFO             PET0       ABC-TO-DEF: InitializeIPDv05p2a extro {ES}:!--- FieldLog() end -------------------
20260908 003942.969 INFO             PET0       ABC-TO-DEF: InitializeIPDv05p2a extro {ES}:--- StateLog() end -------------------
20260908 003942.969 INFO             PET0     ABC-TO-DEF: InitializeIPDv05p2a extro.
20260908 003942.970 INFO             PET0     ABC-TO-DEF: InitializeIPDv05p2b intro.
20260908 003942.970 INFO             PET0       ABC-TO-DEF: InitializeIPDv05p2b intro {IS}:--- StateLog() start -----------------
20260908 003942.970 INFO             PET0       ABC-TO-DEF: InitializeIPDv05p2b intro {IS}:<name: ABC-ExportState> <intent: ESMF_STATEINTENT_EXPORT> <itemCount:    2>
20260908 003942.970 INFO             PET0       ABC-TO-DEF: InitializeIPDv05p2b intro {IS}:+-<item: 0001> <itemType: Field> <itemName: sea_surface_height_above_sea_level>
20260908 003942.970 INFO             PET0       ABC-TO-DEF: InitializeIPDv05p2b intro {IS}:!--- FieldLog() start -----------------
20260908 003942.970 INFO             PET0       ABC-TO-DEF: InitializeIPDv05p2b intro {IS}:! <name: sea_surface_height_above_sea_level> <fieldStatus: ESMF_FIELDSTATUS_EMPTY>
20260908 003942.970 INFO             PET0       ABC-TO-DEF: InitializeIPDv05p2b intro {IS}:! 0x7ffe24e623a0 => 0xb69ed0 => 0xb5a830
20260908 003942.970 INFO             PET0       ABC-TO-DEF: InitializeIPDv05p2b intro {IS}:!--- FieldLog() end -------------------
20260908 003942.970 INFO             PET0       ABC-TO-DEF: InitializeIPDv05p2b intro {IS}:+-<item: 0002> <itemType: Field> <itemName: sea_surface_temperature>
20260908 003942.970 INFO             PET0       ABC-TO-DEF: InitializeIPDv05p2b intro {IS}:!--- FieldLog() start -----------------
20260908 003942.970 INFO             PET0       ABC-TO-DEF: InitializeIPDv05p2b intro {IS}:! <name: sea_surface_temperature> <fieldStatus: ESMF_FIELDSTATUS_EMPTY>
20260908 003942.970 INFO             PET0       ABC-TO-DEF: InitializeIPDv05p2b intro {IS}:! 0x7ffe24e623a0 => 0xb7a280 => 0xb61760
20260908 003942.970 INFO             PET0       ABC-TO-DEF: InitializeIPDv05p2b intro {IS}:!--- FieldLog() end -------------------
20260908 003942.970 INFO             PET0       ABC-TO-DEF: InitializeIPDv05p2b intro {IS}:--- StateLog() end -------------------
20260908 003942.970 INFO             PET0       ABC-TO-DEF: InitializeIPDv05p2b intro {ES}:--- StateLog() start -----------------
20260908 003942.970 INFO             PET0       ABC-TO-DEF: InitializeIPDv05p2b intro {ES}:<name: DEF-ImportState> <intent: ESMF_STATEINTENT_IMPORT> <itemCount:    2>
20260908 003942.970 INFO             PET0       ABC-TO-DEF: InitializeIPDv05p2b intro {ES}:+-<item: 0001> <itemType: Field> <itemName: sea_surface_height_above_sea_level>
20260908 003942.970 INFO             PET0       ABC-TO-DEF: InitializeIPDv05p2b intro {ES}:!--- FieldLog() start -----------------
20260908 003942.970 INFO             PET0       ABC-TO-DEF: InitializeIPDv05p2b intro {ES}:! <name: sea_surface_height_above_sea_level> <fieldStatus: ESMF_FIELDSTATUS_EMPTY>
20260908 003942.970 INFO             PET0       ABC-TO-DEF: InitializeIPDv05p2b intro {ES}:! 0x7ffe24e623a0 => 0xb5e060 => 0xb5e280
20260908 003942.970 INFO             PET0       ABC-TO-DEF: InitializeIPDv05p2b intro {ES}:!--- FieldLog() end -------------------
20260908 003942.970 INFO             PET0       ABC-TO-DEF: InitializeIPDv05p2b intro {ES}:+-<item: 0002> <itemType: Field> <itemName: sea_surface_temperature>
20260908 003942.970 INFO             PET0       ABC-TO-DEF: InitializeIPDv05p2b intro {ES}:!--- FieldLog() start -----------------
20260908 003942.970 INFO             PET0       ABC-TO-DEF: InitializeIPDv05p2b intro {ES}:! <name: sea_surface_temperature> <fieldStatus: ESMF_FIELDSTATUS_EMPTY>
20260908 003942.970 INFO             PET0       ABC-TO-DEF: InitializeIPDv05p2b intro {ES}:! 0x7ffe24e623a0 => 0xb673b0 => 0xb675d0
20260908 003942.970 INFO             PET0       ABC-TO-DEF: InitializeIPDv05p2b intro {ES}:!--- FieldLog() end -------------------
20260908 003942.970 INFO             PET0       ABC-TO-DEF: InitializeIPDv05p2b intro {ES}:--- StateLog() end -------------------
20260908 003942.971 INFO             PET0       ABC-TO-DEF:      importStandardNameList(i=  1): sea_surface_height_above_sea_level
20260908 003942.971 INFO             PET0       ABC-TO-DEF:         importNamespaceList(i=  1): ABC
20260908 003942.971 INFO             PET0       ABC-TO-DEF:            importCplSetList(i=  1): __UNSPECIFIED__
20260908 003942.971 INFO             PET0       ABC-TO-DEF:      exportStandardNameList(j=  1): sea_surface_height_above_sea_level
20260908 003942.971 INFO             PET0       ABC-TO-DEF:         exportNamespaceList(j=  1): DEF
20260908 003942.971 INFO             PET0       ABC-TO-DEF:            exportCplSetList(j=  1): __UNSPECIFIED__
20260908 003942.971 INFO             PET0       ABC-TO-DEF: bondLevel= 1
20260908 003942.971 INFO             PET0       ABC-TO-DEF: => added cplList(  1)=sea_surface_height_above_sea_level, cplSetList(  1)=__UNSPECIFIED__
20260908 003942.971 INFO             PET0       ABC-TO-DEF:      importStandardNameList(i=  2): sea_surface_temperature
20260908 003942.971 INFO             PET0       ABC-TO-DEF:         importNamespaceList(i=  2): ABC
20260908 003942.971 INFO             PET0       ABC-TO-DEF:            importCplSetList(i=  2): __UNSPECIFIED__
20260908 003942.971 INFO             PET0       ABC-TO-DEF:      exportStandardNameList(j=  2): sea_surface_temperature
20260908 003942.971 INFO             PET0       ABC-TO-DEF:         exportNamespaceList(j=  2): DEF
20260908 003942.971 INFO             PET0       ABC-TO-DEF:            exportCplSetList(j=  2): __UNSPECIFIED__
20260908 003942.971 INFO             PET0       ABC-TO-DEF: bondLevel= 1
20260908 003942.971 INFO             PET0       ABC-TO-DEF: => added cplList(  2)=sea_surface_temperature, cplSetList(  2)=__UNSPECIFIED__
20260908 003942.971 INFO             PET0       ABC-TO-DEF: InitializeIPDv05p2b extro {IS}:--- StateLog() start -----------------
20260908 003942.971 INFO             PET0       ABC-TO-DEF: InitializeIPDv05p2b extro {IS}:<name: ABC-ExportState> <intent: ESMF_STATEINTENT_EXPORT> <itemCount:    2>
20260908 003942.971 INFO             PET0       ABC-TO-DEF: InitializeIPDv05p2b extro {IS}:+-<item: 0001> <itemType: Field> <itemName: sea_surface_height_above_sea_level>
20260908 003942.971 INFO             PET0       ABC-TO-DEF: InitializeIPDv05p2b extro {IS}:!--- FieldLog() start -----------------
20260908 003942.971 INFO             PET0       ABC-TO-DEF: InitializeIPDv05p2b extro {IS}:! <name: sea_surface_height_above_sea_level> <fieldStatus: ESMF_FIELDSTATUS_EMPTY>
20260908 003942.971 INFO             PET0       ABC-TO-DEF: InitializeIPDv05p2b extro {IS}:! 0x7ffe24e62700 => 0xb69ed0 => 0xb5a830
20260908 003942.971 INFO             PET0       ABC-TO-DEF: InitializeIPDv05p2b extro {IS}:!--- FieldLog() end -------------------
20260908 003942.971 INFO             PET0       ABC-TO-DEF: InitializeIPDv05p2b extro {IS}:+-<item: 0002> <itemType: Field> <itemName: sea_surface_temperature>
20260908 003942.971 INFO             PET0       ABC-TO-DEF: InitializeIPDv05p2b extro {IS}:!--- FieldLog() start -----------------
20260908 003942.971 INFO             PET0       ABC-TO-DEF: InitializeIPDv05p2b extro {IS}:! <name: sea_surface_temperature> <fieldStatus: ESMF_FIELDSTATUS_EMPTY>
20260908 003942.971 INFO             PET0       ABC-TO-DEF: InitializeIPDv05p2b extro {IS}:! 0x7ffe24e62700 => 0xb7a280 => 0xb61760
20260908 003942.971 INFO             PET0       ABC-TO-DEF: InitializeIPDv05p2b extro {IS}:!--- FieldLog() end -------------------
20260908 003942.972 INFO             PET0       ABC-TO-DEF: InitializeIPDv05p2b extro {IS}:--- StateLog() end -------------------
20260908 003942.972 INFO             PET0       ABC-TO-DEF: InitializeIPDv05p2b extro {ES}:--- StateLog() start -----------------
20260908 003942.972 INFO             PET0       ABC-TO-DEF: InitializeIPDv05p2b extro {ES}:<name: DEF-ImportState> <intent: ESMF_STATEINTENT_IMPORT> <itemCount:    2>
20260908 003942.972 INFO             PET0       ABC-TO-DEF: InitializeIPDv05p2b extro {ES}:+-<item: 0001> <itemType: Field> <itemName: sea_surface_height_above_sea_level>
20260908 003942.972 INFO             PET0       ABC-TO-DEF: InitializeIPDv05p2b extro {ES}:!--- FieldLog() start -----------------
20260908 003942.972 INFO             PET0       ABC-TO-DEF: InitializeIPDv05p2b extro {ES}:! <name: sea_surface_height_above_sea_level> <fieldStatus: ESMF_FIELDSTATUS_EMPTY>
20260908 003942.972 INFO             PET0       ABC-TO-DEF: InitializeIPDv05p2b extro {ES}:! 0x7ffe24e62700 => 0xb5e060 => 0xb5e280
20260908 003942.972 INFO             PET0       ABC-TO-DEF: InitializeIPDv05p2b extro {ES}:!--- FieldLog() end -------------------
20260908 003942.972 INFO             PET0       ABC-TO-DEF: InitializeIPDv05p2b extro {ES}:+-<item: 0002> <itemType: Field> <itemName: sea_surface_temperature>
20260908 003942.972 INFO             PET0       ABC-TO-DEF: InitializeIPDv05p2b extro {ES}:!--- FieldLog() start -----------------
20260908 003942.972 INFO             PET0       ABC-TO-DEF: InitializeIPDv05p2b extro {ES}:! <name: sea_surface_temperature> <fieldStatus: ESMF_FIELDSTATUS_EMPTY>
20260908 003942.972 INFO             PET0       ABC-TO-DEF: InitializeIPDv05p2b extro {ES}:! 0x7ffe24e62700 => 0xb673b0 => 0xb675d0
20260908 003942.972 INFO             PET0       ABC-TO-DEF: InitializeIPDv05p2b extro {ES}:!--- FieldLog() end -------------------
20260908 003942.972 INFO             PET0       ABC-TO-DEF: InitializeIPDv05p2b extro {ES}:--- StateLog() end -------------------
20260908 003942.972 INFO             PET0     ABC-TO-DEF: InitializeIPDv05p2b extro.
20260908 003942.972 INFO             PET0     ESMX_Driver: IInitModifyCplLists intro.
20260908 003942.972 INFO             PET0       ESMX_Driver: IInitModifyCplLists intro {IS}:--- StateLog() start -----------------
20260908 003942.972 INFO             PET0       ESMX_Driver: IInitModifyCplLists intro {IS}:State object is invalid! Not created or deleted!
20260908 003942.972 INFO             PET0       ESMX_Driver: IInitModifyCplLists intro {IS}:--- StateLog() end -------------------
20260908 003942.972 INFO             PET0       ESMX_Driver: IInitModifyCplLists intro {ES}:--- StateLog() start -----------------
20260908 003942.972 INFO             PET0       ESMX_Driver: IInitModifyCplLists intro {ES}:State object is invalid! Not created or deleted!
20260908 003942.972 INFO             PET0       ESMX_Driver: IInitModifyCplLists intro {ES}:--- StateLog() end -------------------
20260908 003942.973 INFO             PET0       >>>ESMX_Driver: entered Initialize (phase=<none>) with current time: 2012 10 24  8  0  0   0
20260908 003942.973 INFO             PET0       <<<ESMX_Driver: leaving Initialize (phase=<none>) with current time: 2012 10 24  8  0  0   0
20260908 003942.973 INFO             PET0       ESMX_Driver: IInitModifyCplLists extro {IS}:--- StateLog() start -----------------
20260908 003942.973 INFO             PET0       ESMX_Driver: IInitModifyCplLists extro {IS}:State object is invalid! Not created or deleted!
20260908 003942.973 INFO             PET0       ESMX_Driver: IInitModifyCplLists extro {IS}:--- StateLog() end -------------------
20260908 003942.973 INFO             PET0       ESMX_Driver: IInitModifyCplLists extro {ES}:--- StateLog() start -----------------
20260908 003942.973 INFO             PET0       ESMX_Driver: IInitModifyCplLists extro {ES}:State object is invalid! Not created or deleted!
20260908 003942.973 INFO             PET0       ESMX_Driver: IInitModifyCplLists extro {ES}:--- StateLog() end -------------------
20260908 003942.973 INFO             PET0     ESMX_Driver: IInitModifyCplLists extro.
20260908 003942.974 INFO             PET0     ABC-TO-DEF: InitializeIPDv05p3 intro.
20260908 003942.974 INFO             PET0       ABC-TO-DEF: InitializeIPDv05p3 intro {IS}:--- StateLog() start -----------------
20260908 003942.974 INFO             PET0       ABC-TO-DEF: InitializeIPDv05p3 intro {IS}:<name: ABC-ExportState> <intent: ESMF_STATEINTENT_EXPORT> <itemCount:    2>
20260908 003942.974 INFO             PET0       ABC-TO-DEF: InitializeIPDv05p3 intro {IS}:+-<item: 0001> <itemType: Field> <itemName: sea_surface_height_above_sea_level>
20260908 003942.974 INFO             PET0       ABC-TO-DEF: InitializeIPDv05p3 intro {IS}:!--- FieldLog() start -----------------
20260908 003942.974 INFO             PET0       ABC-TO-DEF: InitializeIPDv05p3 intro {IS}:! <name: sea_surface_height_above_sea_level> <fieldStatus: ESMF_FIELDSTATUS_EMPTY>
20260908 003942.974 INFO             PET0       ABC-TO-DEF: InitializeIPDv05p3 intro {IS}:! 0x7ffe24e60b90 => 0xb69ed0 => 0xb5a830
20260908 003942.974 INFO             PET0       ABC-TO-DEF: InitializeIPDv05p3 intro {IS}:!--- FieldLog() end -------------------
20260908 003942.974 INFO             PET0       ABC-TO-DEF: InitializeIPDv05p3 intro {IS}:+-<item: 0002> <itemType: Field> <itemName: sea_surface_temperature>
20260908 003942.974 INFO             PET0       ABC-TO-DEF: InitializeIPDv05p3 intro {IS}:!--- FieldLog() start -----------------
20260908 003942.974 INFO             PET0       ABC-TO-DEF: InitializeIPDv05p3 intro {IS}:! <name: sea_surface_temperature> <fieldStatus: ESMF_FIELDSTATUS_EMPTY>
20260908 003942.974 INFO             PET0       ABC-TO-DEF: InitializeIPDv05p3 intro {IS}:! 0x7ffe24e60b90 => 0xb7a280 => 0xb61760
20260908 003942.974 INFO             PET0       ABC-TO-DEF: InitializeIPDv05p3 intro {IS}:!--- FieldLog() end -------------------
20260908 003942.974 INFO             PET0       ABC-TO-DEF: InitializeIPDv05p3 intro {IS}:--- StateLog() end -------------------
20260908 003942.974 INFO             PET0       ABC-TO-DEF: InitializeIPDv05p3 intro {ES}:--- StateLog() start -----------------
20260908 003942.974 INFO             PET0       ABC-TO-DEF: InitializeIPDv05p3 intro {ES}:<name: DEF-ImportState> <intent: ESMF_STATEINTENT_IMPORT> <itemCount:    2>
20260908 003942.974 INFO             PET0       ABC-TO-DEF: InitializeIPDv05p3 intro {ES}:+-<item: 0001> <itemType: Field> <itemName: sea_surface_height_above_sea_level>
20260908 003942.974 INFO             PET0       ABC-TO-DEF: InitializeIPDv05p3 intro {ES}:!--- FieldLog() start -----------------
20260908 003942.974 INFO             PET0       ABC-TO-DEF: InitializeIPDv05p3 intro {ES}:! <name: sea_surface_height_above_sea_level> <fieldStatus: ESMF_FIELDSTATUS_EMPTY>
20260908 003942.974 INFO             PET0       ABC-TO-DEF: InitializeIPDv05p3 intro {ES}:! 0x7ffe24e60b90 => 0xb5e060 => 0xb5e280
20260908 003942.974 INFO             PET0       ABC-TO-DEF: InitializeIPDv05p3 intro {ES}:!--- FieldLog() end -------------------
20260908 003942.974 INFO             PET0       ABC-TO-DEF: InitializeIPDv05p3 intro {ES}:+-<item: 0002> <itemType: Field> <itemName: sea_surface_temperature>
20260908 003942.974 INFO             PET0       ABC-TO-DEF: InitializeIPDv05p3 intro {ES}:!--- FieldLog() start -----------------
20260908 003942.974 INFO             PET0       ABC-TO-DEF: InitializeIPDv05p3 intro {ES}:! <name: sea_surface_temperature> <fieldStatus: ESMF_FIELDSTATUS_EMPTY>
20260908 003942.974 INFO             PET0       ABC-TO-DEF: InitializeIPDv05p3 intro {ES}:! 0x7ffe24e60b90 => 0xb673b0 => 0xb675d0
20260908 003942.974 INFO             PET0       ABC-TO-DEF: InitializeIPDv05p3 intro {ES}:!--- FieldLog() end -------------------
20260908 003942.974 INFO             PET0       ABC-TO-DEF: InitializeIPDv05p3 intro {ES}:--- StateLog() end -------------------
20260908 003942.975 INFO             PET0       ABC-TO-DEF: handle cplList(1): sea_surface_height_above_sea_level, cplSetList(1): __UNSPECIFIED__
20260908 003942.975 INFO             PET0       ABC-TO-DEF: - connected.
20260908 003942.975 INFO             PET0       ABC-TO-DEF: - both sides must provide the Field/GeomObject.
20260908 003942.975 INFO             PET0       ABC-TO-DEF: handle cplList(2): sea_surface_temperature, cplSetList(2): __UNSPECIFIED__
20260908 003942.976 INFO             PET0       ABC-TO-DEF: - connected.
20260908 003942.976 INFO             PET0       ABC-TO-DEF: - both sides must provide the Field/GeomObject.
20260908 003942.976 INFO             PET0       ABC-TO-DEF: InitializeIPDv05p3 extro {IS}:--- StateLog() start -----------------
20260908 003942.976 INFO             PET0       ABC-TO-DEF: InitializeIPDv05p3 extro {IS}:<name: ABC-ExportState> <intent: ESMF_STATEINTENT_EXPORT> <itemCount:    2>
20260908 003942.976 INFO             PET0       ABC-TO-DEF: InitializeIPDv05p3 extro {IS}:+-<item: 0001> <itemType: Field> <itemName: sea_surface_height_above_sea_level>
20260908 003942.976 INFO             PET0       ABC-TO-DEF: InitializeIPDv05p3 extro {IS}:!--- FieldLog() start -----------------
20260908 003942.976 INFO             PET0       ABC-TO-DEF: InitializeIPDv05p3 extro {IS}:! <name: sea_surface_height_above_sea_level> <fieldStatus: ESMF_FIELDSTATUS_EMPTY>
20260908 003942.976 INFO             PET0       ABC-TO-DEF: InitializeIPDv05p3 extro {IS}:! 0x7ffe24e60ef0 => 0xb69ed0 => 0xb5a830
20260908 003942.976 INFO             PET0       ABC-TO-DEF: InitializeIPDv05p3 extro {IS}:!--- FieldLog() end -------------------
20260908 003942.976 INFO             PET0       ABC-TO-DEF: InitializeIPDv05p3 extro {IS}:+-<item: 0002> <itemType: Field> <itemName: sea_surface_temperature>
20260908 003942.976 INFO             PET0       ABC-TO-DEF: InitializeIPDv05p3 extro {IS}:!--- FieldLog() start -----------------
20260908 003942.976 INFO             PET0       ABC-TO-DEF: InitializeIPDv05p3 extro {IS}:! <name: sea_surface_temperature> <fieldStatus: ESMF_FIELDSTATUS_EMPTY>
20260908 003942.976 INFO             PET0       ABC-TO-DEF: InitializeIPDv05p3 extro {IS}:! 0x7ffe24e60ef0 => 0xb7a280 => 0xb61760
20260908 003942.976 INFO             PET0       ABC-TO-DEF: InitializeIPDv05p3 extro {IS}:!--- FieldLog() end -------------------
20260908 003942.976 INFO             PET0       ABC-TO-DEF: InitializeIPDv05p3 extro {IS}:--- StateLog() end -------------------
20260908 003942.976 INFO             PET0       ABC-TO-DEF: InitializeIPDv05p3 extro {ES}:--- StateLog() start -----------------
20260908 003942.976 INFO             PET0       ABC-TO-DEF: InitializeIPDv05p3 extro {ES}:<name: DEF-ImportState> <intent: ESMF_STATEINTENT_IMPORT> <itemCount:    2>
20260908 003942.976 INFO             PET0       ABC-TO-DEF: InitializeIPDv05p3 extro {ES}:+-<item: 0001> <itemType: Field> <itemName: sea_surface_height_above_sea_level>
20260908 003942.976 INFO             PET0       ABC-TO-DEF: InitializeIPDv05p3 extro {ES}:!--- FieldLog() start -----------------
20260908 003942.976 INFO             PET0       ABC-TO-DEF: InitializeIPDv05p3 extro {ES}:! <name: sea_surface_height_above_sea_level> <fieldStatus: ESMF_FIELDSTATUS_EMPTY>
20260908 003942.976 INFO             PET0       ABC-TO-DEF: InitializeIPDv05p3 extro {ES}:! 0x7ffe24e60ef0 => 0xb5e060 => 0xb5e280
20260908 003942.976 INFO             PET0       ABC-TO-DEF: InitializeIPDv05p3 extro {ES}:!--- FieldLog() end -------------------
20260908 003942.976 INFO             PET0       ABC-TO-DEF: InitializeIPDv05p3 extro {ES}:+-<item: 0002> <itemType: Field> <itemName: sea_surface_temperature>
20260908 003942.976 INFO             PET0       ABC-TO-DEF: InitializeIPDv05p3 extro {ES}:!--- FieldLog() start -----------------
20260908 003942.976 INFO             PET0       ABC-TO-DEF: InitializeIPDv05p3 extro {ES}:! <name: sea_surface_temperature> <fieldStatus: ESMF_FIELDSTATUS_EMPTY>
20260908 003942.976 INFO             PET0       ABC-TO-DEF: InitializeIPDv05p3 extro {ES}:! 0x7ffe24e60ef0 => 0xb673b0 => 0xb675d0
20260908 003942.976 INFO             PET0       ABC-TO-DEF: InitializeIPDv05p3 extro {ES}:!--- FieldLog() end -------------------
20260908 003942.976 INFO             PET0       ABC-TO-DEF: InitializeIPDv05p3 extro {ES}:--- StateLog() end -------------------
20260908 003942.976 INFO             PET0     ABC-TO-DEF: InitializeIPDv05p3 extro.
20260908 003942.977 INFO             PET0     <<<ESMX_Driver: leaving Initialize (phase=<none>) with current time: 2012 10 24  8  0  0   0
20260908 003942.977 INFO             PET0     ESMX_Driver: InitializeIPDv02p1 extro {IS}:--- StateLog() start -----------------
20260908 003942.977 INFO             PET0     ESMX_Driver: InitializeIPDv02p1 extro {IS}:State object is invalid! Not created or deleted!
20260908 003942.977 INFO             PET0     ESMX_Driver: InitializeIPDv02p1 extro {IS}:--- StateLog() end -------------------
20260908 003942.977 INFO             PET0     ESMX_Driver: InitializeIPDv02p1 extro {ES}:--- StateLog() start -----------------
20260908 003942.977 INFO             PET0     ESMX_Driver: InitializeIPDv02p1 extro {ES}:State object is invalid! Not created or deleted!
20260908 003942.977 INFO             PET0     ESMX_Driver: InitializeIPDv02p1 extro {ES}:--- StateLog() end -------------------
20260908 003942.977 INFO             PET0   ESMX_Driver: InitializeIPDv02p1 extro.
20260908 003942.977 INFO             PET0   ESMX_Driver: InitializeIPDv02p3 intro.
20260908 003942.977 INFO             PET0     ESMX_Driver: InitializeIPDv02p3 intro {IS}:--- StateLog() start -----------------
20260908 003942.977 INFO             PET0     ESMX_Driver: InitializeIPDv02p3 intro {IS}:State object is invalid! Not created or deleted!
20260908 003942.977 INFO             PET0     ESMX_Driver: InitializeIPDv02p3 intro {IS}:--- StateLog() end -------------------
20260908 003942.977 INFO             PET0     ESMX_Driver: InitializeIPDv02p3 intro {ES}:--- StateLog() start -----------------
20260908 003942.977 INFO             PET0     ESMX_Driver: InitializeIPDv02p3 intro {ES}:State object is invalid! Not created or deleted!
20260908 003942.977 INFO             PET0     ESMX_Driver: InitializeIPDv02p3 intro {ES}:--- StateLog() end -------------------
20260908 003942.977 INFO             PET0     >>>ESMX_Driver: entered Initialize (phase=<none>) with current time: 2012 10 24  8  0  0   0
20260908 003942.978 INFO             PET0     ESMX_Driver: IInitCheck intro.
20260908 003942.978 INFO             PET0       ESMX_Driver: IInitCheck intro {IS}:--- StateLog() start -----------------
20260908 003942.978 INFO             PET0       ESMX_Driver: IInitCheck intro {IS}:State object is invalid! Not created or deleted!
20260908 003942.978 INFO             PET0       ESMX_Driver: IInitCheck intro {IS}:--- StateLog() end -------------------
20260908 003942.978 INFO             PET0       ESMX_Driver: IInitCheck intro {ES}:--- StateLog() start -----------------
20260908 003942.978 INFO             PET0       ESMX_Driver: IInitCheck intro {ES}:State object is invalid! Not created or deleted!
20260908 003942.978 INFO             PET0       ESMX_Driver: IInitCheck intro {ES}:--- StateLog() end -------------------
20260908 003942.978 INFO             PET0       >>>ESMX_Driver: entered Initialize (phase=<none>) with current time: 2012 10 24  8  0  0   0
20260908 003942.978 INFO             PET0       <<<ESMX_Driver: leaving Initialize (phase=<none>) with current time: 2012 10 24  8  0  0   0
20260908 003942.978 INFO             PET0       ESMX_Driver: IInitCheck extro {IS}:--- StateLog() start -----------------
20260908 003942.978 INFO             PET0       ESMX_Driver: IInitCheck extro {IS}:State object is invalid! Not created or deleted!
20260908 003942.978 INFO             PET0       ESMX_Driver: IInitCheck extro {IS}:--- StateLog() end -------------------
20260908 003942.978 INFO             PET0       ESMX_Driver: IInitCheck extro {ES}:--- StateLog() start -----------------
20260908 003942.978 INFO             PET0       ESMX_Driver: IInitCheck extro {ES}:State object is invalid! Not created or deleted!
20260908 003942.978 INFO             PET0       ESMX_Driver: IInitCheck extro {ES}:--- StateLog() end -------------------
20260908 003942.978 INFO             PET0     ESMX_Driver: IInitCheck extro.
20260908 003942.979 INFO             PET0     ABC: InitializeIPDvXp04 intro.
20260908 003942.979 INFO             PET0       ABC: InitializeIPDvXp04 intro {IS}:--- StateLog() start -----------------
20260908 003942.979 INFO             PET0       ABC: InitializeIPDvXp04 intro {IS}:<name: ABC-ImportState> <intent: ESMF_STATEINTENT_IMPORT> <itemCount:    0>
20260908 003942.979 INFO             PET0       ABC: InitializeIPDvXp04 intro {IS}:--- StateLog() end -------------------
20260908 003942.979 INFO             PET0       ABC: InitializeIPDvXp04 intro {ES}:--- StateLog() start -----------------
20260908 003942.979 INFO             PET0       ABC: InitializeIPDvXp04 intro {ES}:<name: ABC-ExportState> <intent: ESMF_STATEINTENT_EXPORT> <itemCount:    2>
20260908 003942.979 INFO             PET0       ABC: InitializeIPDvXp04 intro {ES}:+-<item: 0001> <itemType: Field> <itemName: sea_surface_height_above_sea_level>
20260908 003942.979 INFO             PET0       ABC: InitializeIPDvXp04 intro {ES}:!--- FieldLog() start -----------------
20260908 003942.979 INFO             PET0       ABC: InitializeIPDvXp04 intro {ES}:! <name: sea_surface_height_above_sea_level> <fieldStatus: ESMF_FIELDSTATUS_EMPTY>
20260908 003942.979 INFO             PET0       ABC: InitializeIPDvXp04 intro {ES}:! 0x7ffe24e649a0 => 0xb69ed0 => 0xb5a830
20260908 003942.979 INFO             PET0       ABC: InitializeIPDvXp04 intro {ES}:!--- FieldLog() end -------------------
20260908 003942.979 INFO             PET0       ABC: InitializeIPDvXp04 intro {ES}:+-<item: 0002> <itemType: Field> <itemName: sea_surface_temperature>
20260908 003942.979 INFO             PET0       ABC: InitializeIPDvXp04 intro {ES}:!--- FieldLog() start -----------------
20260908 003942.979 INFO             PET0       ABC: InitializeIPDvXp04 intro {ES}:! <name: sea_surface_temperature> <fieldStatus: ESMF_FIELDSTATUS_EMPTY>
20260908 003942.979 INFO             PET0       ABC: InitializeIPDvXp04 intro {ES}:! 0x7ffe24e649a0 => 0xb7a280 => 0xb61760
20260908 003942.979 INFO             PET0       ABC: InitializeIPDvXp04 intro {ES}:!--- FieldLog() end -------------------
20260908 003942.979 INFO             PET0       ABC: InitializeIPDvXp04 intro {ES}:--- StateLog() end -------------------
20260908 003942.979 INFO             PET0       >>>ABC: entered Initialize (phase=IPDvXp04) without valid internal Clock.
20260908 003942.983 INFO             PET0       <<<ABC: leaving Initialize (phase=IPDvXp04) without valid internal Clock.
20260908 003942.983 INFO             PET0       ABC: InitializeIPDvXp04 extro {IS}:--- StateLog() start -----------------
20260908 003942.983 INFO             PET0       ABC: InitializeIPDvXp04 extro {IS}:<name: ABC-ImportState> <intent: ESMF_STATEINTENT_IMPORT> <itemCount:    0>
20260908 003942.983 INFO             PET0       ABC: InitializeIPDvXp04 extro {IS}:--- StateLog() end -------------------
20260908 003942.983 INFO             PET0       ABC: InitializeIPDvXp04 extro {ES}:--- StateLog() start -----------------
20260908 003942.983 INFO             PET0       ABC: InitializeIPDvXp04 extro {ES}:<name: ABC-ExportState> <intent: ESMF_STATEINTENT_EXPORT> <itemCount:    2>
20260908 003942.983 INFO             PET0       ABC: InitializeIPDvXp04 extro {ES}:+-<item: 0001> <itemType: Field> <itemName: sea_surface_height_above_sea_level>
20260908 003942.983 INFO             PET0       ABC: InitializeIPDvXp04 extro {ES}:!--- FieldLog() start -----------------
20260908 003942.983 INFO             PET0       ABC: InitializeIPDvXp04 extro {ES}:! <name: sea_surface_height_above_sea_level> <fieldStatus: ESMF_FIELDSTATUS_COMPLETE>
20260908 003942.983 INFO             PET0       ABC: InitializeIPDvXp04 extro {ES}:! 0x7ffe24e64d00 => 0xaedff0 => 0xaee8c0
20260908 003942.984 INFO             PET0       ABC: InitializeIPDvXp04 extro {ES}:! <typekind: Real*8> <rank:    2> <dimCount:    2>
20260908 003942.984 INFO             PET0       ABC: InitializeIPDvXp04 extro {ES}:! ! --- Array::log() start -----------------------------------
20260908 003942.984 INFO             PET0       ABC: InitializeIPDvXp04 extro {ES}:! ! 0xaf1680
20260908 003942.984 INFO             PET0       ABC: InitializeIPDvXp04 extro {ES}:! ! <name: sea_surface_height_above_sea_level>
20260908 003942.984 INFO             PET0       ABC: InitializeIPDvXp04 extro {ES}:! ! ! --- DistGrid::log() start --------------------------------
20260908 003942.984 INFO             PET0       ABC: InitializeIPDvXp04 extro {ES}:! ! ! 0xae5490
20260908 003942.984 INFO             PET0       ABC: InitializeIPDvXp04 extro {ES}:! ! ! DistGrid object is valid!<name: DG-global-sloc:0>
20260908 003942.984 INFO             PET0       ABC: InitializeIPDvXp04 extro {ES}:! ! ! --- DistGrid::log() end ----------------------------------
20260908 003942.984 INFO             PET0       ABC: InitializeIPDvXp04 extro {ES}:! ! --- Array::log() end -------------------------------------
20260908 003942.984 INFO             PET0       ABC: InitializeIPDvXp04 extro {ES}:!--- FieldLog() end -------------------
20260908 003942.984 INFO             PET0       ABC: InitializeIPDvXp04 extro {ES}:+-<item: 0002> <itemType: Field> <itemName: sea_surface_temperature>
20260908 003942.984 INFO             PET0       ABC: InitializeIPDvXp04 extro {ES}:!--- FieldLog() start -----------------
20260908 003942.984 INFO             PET0       ABC: InitializeIPDvXp04 extro {ES}:! <name: sea_surface_temperature> <fieldStatus: ESMF_FIELDSTATUS_COMPLETE>
20260908 003942.984 INFO             PET0       ABC: InitializeIPDvXp04 extro {ES}:! 0x7ffe24e64d00 => 0xaa5d00 => 0xae9ba0
20260908 003942.984 INFO             PET0       ABC: InitializeIPDvXp04 extro {ES}:! <typekind: Real*8> <rank:    2> <dimCount:    2>
20260908 003942.984 INFO             PET0       ABC: InitializeIPDvXp04 extro {ES}:! ! --- Array::log() start -----------------------------------
20260908 003942.984 INFO             PET0       ABC: InitializeIPDvXp04 extro {ES}:! ! 0xaec960
20260908 003942.984 INFO             PET0       ABC: InitializeIPDvXp04 extro {ES}:! ! <name: sea_surface_temperature>
20260908 003942.984 INFO             PET0       ABC: InitializeIPDvXp04 extro {ES}:! ! ! --- DistGrid::log() start --------------------------------
20260908 003942.984 INFO             PET0       ABC: InitializeIPDvXp04 extro {ES}:! ! ! 0xae5490
20260908 003942.984 INFO             PET0       ABC: InitializeIPDvXp04 extro {ES}:! ! ! DistGrid object is valid!<name: DG-global-sloc:0>
20260908 003942.984 INFO             PET0       ABC: InitializeIPDvXp04 extro {ES}:! ! ! --- DistGrid::log() end ----------------------------------
20260908 003942.984 INFO             PET0       ABC: InitializeIPDvXp04 extro {ES}:! ! --- Array::log() end -------------------------------------
20260908 003942.984 INFO             PET0       ABC: InitializeIPDvXp04 extro {ES}:!--- FieldLog() end -------------------
20260908 003942.984 INFO             PET0       ABC: InitializeIPDvXp04 extro {ES}:--- StateLog() end -------------------
20260908 003942.984 INFO             PET0     ABC: InitializeIPDvXp04 extro.
20260908 003942.984 INFO             PET0     DEF: InitializeIPDvXp04 intro.
20260908 003942.984 INFO             PET0       DEF: InitializeIPDvXp04 intro {IS}:--- StateLog() start -----------------
20260908 003942.984 INFO             PET0       DEF: InitializeIPDvXp04 intro {IS}:<name: DEF-ImportState> <intent: ESMF_STATEINTENT_IMPORT> <itemCount:    2>
20260908 003942.984 INFO             PET0       DEF: InitializeIPDvXp04 intro {IS}:+-<item: 0001> <itemType: Field> <itemName: sea_surface_height_above_sea_level>
20260908 003942.984 INFO             PET0       DEF: InitializeIPDvXp04 intro {IS}:!--- FieldLog() start -----------------
20260908 003942.984 INFO             PET0       DEF: InitializeIPDvXp04 intro {IS}:! <name: sea_surface_height_above_sea_level> <fieldStatus: ESMF_FIELDSTATUS_EMPTY>
20260908 003942.984 INFO             PET0       DEF: InitializeIPDvXp04 intro {IS}:! 0x7ffe24e649a0 => 0xb5e060 => 0xb5e280
20260908 003942.984 INFO             PET0       DEF: InitializeIPDvXp04 intro {IS}:!--- FieldLog() end -------------------
20260908 003942.984 INFO             PET0       DEF: InitializeIPDvXp04 intro {IS}:+-<item: 0002> <itemType: Field> <itemName: sea_surface_temperature>
20260908 003942.984 INFO             PET0       DEF: InitializeIPDvXp04 intro {IS}:!--- FieldLog() start -----------------
20260908 003942.984 INFO             PET0       DEF: InitializeIPDvXp04 intro {IS}:! <name: sea_surface_temperature> <fieldStatus: ESMF_FIELDSTATUS_EMPTY>
20260908 003942.984 INFO             PET0       DEF: InitializeIPDvXp04 intro {IS}:! 0x7ffe24e649a0 => 0xb673b0 => 0xb675d0
20260908 003942.984 INFO             PET0       DEF: InitializeIPDvXp04 intro {IS}:!--- FieldLog() end -------------------
20260908 003942.984 INFO             PET0       DEF: InitializeIPDvXp04 intro {IS}:--- StateLog() end -------------------
20260908 003942.984 INFO             PET0       DEF: InitializeIPDvXp04 intro {ES}:--- StateLog() start -----------------
20260908 003942.984 INFO             PET0       DEF: InitializeIPDvXp04 intro {ES}:<name: DEF-ExportState> <intent: ESMF_STATEINTENT_EXPORT> <itemCount:    0>
20260908 003942.984 INFO             PET0       DEF: InitializeIPDvXp04 intro {ES}:--- StateLog() end -------------------
20260908 003942.985 INFO             PET0       >>>DEF: entered Initialize (phase=IPDvXp04) without valid internal Clock.
20260908 003942.988 INFO             PET0       <<<DEF: leaving Initialize (phase=IPDvXp04) without valid internal Clock.
20260908 003942.988 INFO             PET0       DEF: InitializeIPDvXp04 extro {IS}:--- StateLog() start -----------------
20260908 003942.988 INFO             PET0       DEF: InitializeIPDvXp04 extro {IS}:<name: DEF-ImportState> <intent: ESMF_STATEINTENT_IMPORT> <itemCount:    2>
20260908 003942.989 INFO             PET0       DEF: InitializeIPDvXp04 extro {IS}:+-<item: 0001> <itemType: Field> <itemName: sea_surface_height_above_sea_level>
20260908 003942.989 INFO             PET0       DEF: InitializeIPDvXp04 extro {IS}:!--- FieldLog() start -----------------
20260908 003942.989 INFO             PET0       DEF: InitializeIPDvXp04 extro {IS}:! <name: sea_surface_height_above_sea_level> <fieldStatus: ESMF_FIELDSTATUS_COMPLETE>
20260908 003942.989 INFO             PET0       DEF: InitializeIPDvXp04 extro {IS}:! 0x7ffe24e64d00 => 0xb43440 => 0xb43660
20260908 003942.989 INFO             PET0       DEF: InitializeIPDvXp04 extro {IS}:! <typekind: Real*4> <rank:    2> <dimCount:    2>
20260908 003942.989 INFO             PET0       DEF: InitializeIPDvXp04 extro {IS}:! ! --- Array::log() start -----------------------------------
20260908 003942.989 INFO             PET0       DEF: InitializeIPDvXp04 extro {IS}:! ! 0xb48cd0
20260908 003942.989 INFO             PET0       DEF: InitializeIPDvXp04 extro {IS}:! ! <name: sea_surface_height_above_sea_level>
20260908 003942.989 INFO             PET0       DEF: InitializeIPDvXp04 extro {IS}:! ! ! --- DistGrid::log() start --------------------------------
20260908 003942.989 INFO             PET0       DEF: InitializeIPDvXp04 extro {IS}:! ! ! 0xb36820
20260908 003942.989 INFO             PET0       DEF: InitializeIPDvXp04 extro {IS}:! ! ! DistGrid object is valid!<name: DG-global-sloc:0>
20260908 003942.989 INFO             PET0       DEF: InitializeIPDvXp04 extro {IS}:! ! ! --- DistGrid::log() end ----------------------------------
20260908 003942.989 INFO             PET0       DEF: InitializeIPDvXp04 extro {IS}:! ! --- Array::log() end -------------------------------------
20260908 003942.989 INFO             PET0       DEF: InitializeIPDvXp04 extro {IS}:!--- FieldLog() end -------------------
20260908 003942.989 INFO             PET0       DEF: InitializeIPDvXp04 extro {IS}:+-<item: 0002> <itemType: Field> <itemName: sea_surface_temperature>
20260908 003942.989 INFO             PET0       DEF: InitializeIPDvXp04 extro {IS}:!--- FieldLog() start -----------------
20260908 003942.989 INFO             PET0       DEF: InitializeIPDvXp04 extro {IS}:! <name: sea_surface_temperature> <fieldStatus: ESMF_FIELDSTATUS_COMPLETE>
20260908 003942.989 INFO             PET0       DEF: InitializeIPDvXp04 extro {IS}:! 0x7ffe24e64d00 => 0xb3c1c0 => 0xb3c500
20260908 003942.989 INFO             PET0       DEF: InitializeIPDvXp04 extro {IS}:! <typekind: Real*4> <rank:    2> <dimCount:    2>
20260908 003942.989 INFO             PET0       DEF: InitializeIPDvXp04 extro {IS}:! ! --- Array::log() start -----------------------------------
20260908 003942.989 INFO             PET0       DEF: InitializeIPDvXp04 extro {IS}:! ! 0xb41b30
20260908 003942.989 INFO             PET0       DEF: InitializeIPDvXp04 extro {IS}:! ! <name: sea_surface_temperature>
20260908 003942.989 INFO             PET0       DEF: InitializeIPDvXp04 extro {IS}:! ! ! --- DistGrid::log() start --------------------------------
20260908 003942.989 INFO             PET0       DEF: InitializeIPDvXp04 extro {IS}:! ! ! 0xb36820
20260908 003942.989 INFO             PET0       DEF: InitializeIPDvXp04 extro {IS}:! ! ! DistGrid object is valid!<name: DG-global-sloc:0>
20260908 003942.989 INFO             PET0       DEF: InitializeIPDvXp04 extro {IS}:! ! ! --- DistGrid::log() end ----------------------------------
20260908 003942.989 INFO             PET0       DEF: InitializeIPDvXp04 extro {IS}:! ! --- Array::log() end -------------------------------------
20260908 003942.989 INFO             PET0       DEF: InitializeIPDvXp04 extro {IS}:!--- FieldLog() end -------------------
20260908 003942.989 INFO             PET0       DEF: InitializeIPDvXp04 extro {IS}:--- StateLog() end -------------------
20260908 003942.989 INFO             PET0       DEF: InitializeIPDvXp04 extro {ES}:--- StateLog() start -----------------
20260908 003942.989 INFO             PET0       DEF: InitializeIPDvXp04 extro {ES}:<name: DEF-ExportState> <intent: ESMF_STATEINTENT_EXPORT> <itemCount:    0>
20260908 003942.989 INFO             PET0       DEF: InitializeIPDvXp04 extro {ES}:--- StateLog() end -------------------
20260908 003942.989 INFO             PET0     DEF: InitializeIPDvXp04 extro.
20260908 003942.992 INFO             PET0     ABC-TO-DEF: InitializeIPDv05p4 intro.
20260908 003942.992 INFO             PET0       ABC-TO-DEF: InitializeIPDv05p4 intro {IS}:--- StateLog() start -----------------
20260908 003942.992 INFO             PET0       ABC-TO-DEF: InitializeIPDv05p4 intro {IS}:<name: ABC-ExportState> <intent: ESMF_STATEINTENT_EXPORT> <itemCount:    2>
20260908 003942.992 INFO             PET0       ABC-TO-DEF: InitializeIPDv05p4 intro {IS}:+-<item: 0001> <itemType: Field> <itemName: sea_surface_height_above_sea_level>
20260908 003942.992 INFO             PET0       ABC-TO-DEF: InitializeIPDv05p4 intro {IS}:!--- FieldLog() start -----------------
20260908 003942.992 INFO             PET0       ABC-TO-DEF: InitializeIPDv05p4 intro {IS}:! <name: sea_surface_height_above_sea_level> <fieldStatus: ESMF_FIELDSTATUS_COMPLETE>
20260908 003942.992 INFO             PET0       ABC-TO-DEF: InitializeIPDv05p4 intro {IS}:! 0x7ffe24e61cc0 => 0xaedff0 => 0xaee8c0
20260908 003942.992 INFO             PET0       ABC-TO-DEF: InitializeIPDv05p4 intro {IS}:! <typekind: Real*8> <rank:    2> <dimCount:    2>
20260908 003942.992 INFO             PET0       ABC-TO-DEF: InitializeIPDv05p4 intro {IS}:! ! --- Array::log() start -----------------------------------
20260908 003942.992 INFO             PET0       ABC-TO-DEF: InitializeIPDv05p4 intro {IS}:! ! 0xaf1680
20260908 003942.992 INFO             PET0       ABC-TO-DEF: InitializeIPDv05p4 intro {IS}:! ! <name: sea_surface_height_above_sea_level>
20260908 003942.992 INFO             PET0       ABC-TO-DEF: InitializeIPDv05p4 intro {IS}:! ! ! --- DistGrid::log() start --------------------------------
20260908 003942.992 INFO             PET0       ABC-TO-DEF: InitializeIPDv05p4 intro {IS}:! ! ! 0xae5490
20260908 003942.992 INFO             PET0       ABC-TO-DEF: InitializeIPDv05p4 intro {IS}:! ! ! DistGrid object is valid!<name: DG-global-sloc:0>
20260908 003942.992 INFO             PET0       ABC-TO-DEF: InitializeIPDv05p4 intro {IS}:! ! ! --- DistGrid::log() end ----------------------------------
20260908 003942.992 INFO             PET0       ABC-TO-DEF: InitializeIPDv05p4 intro {IS}:! ! --- Array::log() end -------------------------------------
20260908 003942.992 INFO             PET0       ABC-TO-DEF: InitializeIPDv05p4 intro {IS}:!--- FieldLog() end -------------------
20260908 003942.992 INFO             PET0       ABC-TO-DEF: InitializeIPDv05p4 intro {IS}:+-<item: 0002> <itemType: Field> <itemName: sea_surface_temperature>
20260908 003942.992 INFO             PET0       ABC-TO-DEF: InitializeIPDv05p4 intro {IS}:!--- FieldLog() start -----------------
20260908 003942.993 INFO             PET0       ABC-TO-DEF: InitializeIPDv05p4 intro {IS}:! <name: sea_surface_temperature> <fieldStatus: ESMF_FIELDSTATUS_COMPLETE>
20260908 003942.993 INFO             PET0       ABC-TO-DEF: InitializeIPDv05p4 intro {IS}:! 0x7ffe24e61cc0 => 0xaa5d00 => 0xae9ba0
20260908 003942.993 INFO             PET0       ABC-TO-DEF: InitializeIPDv05p4 intro {IS}:! <typekind: Real*8> <rank:    2> <dimCount:    2>
20260908 003942.993 INFO             PET0       ABC-TO-DEF: InitializeIPDv05p4 intro {IS}:! ! --- Array::log() start -----------------------------------
20260908 003942.993 INFO             PET0       ABC-TO-DEF: InitializeIPDv05p4 intro {IS}:! ! 0xaec960
20260908 003942.993 INFO             PET0       ABC-TO-DEF: InitializeIPDv05p4 intro {IS}:! ! <name: sea_surface_temperature>
20260908 003942.993 INFO             PET0       ABC-TO-DEF: InitializeIPDv05p4 intro {IS}:! ! ! --- DistGrid::log() start --------------------------------
20260908 003942.993 INFO             PET0       ABC-TO-DEF: InitializeIPDv05p4 intro {IS}:! ! ! 0xae5490
20260908 003942.993 INFO             PET0       ABC-TO-DEF: InitializeIPDv05p4 intro {IS}:! ! ! DistGrid object is valid!<name: DG-global-sloc:0>
20260908 003942.993 INFO             PET0       ABC-TO-DEF: InitializeIPDv05p4 intro {IS}:! ! ! --- DistGrid::log() end ----------------------------------
20260908 003942.993 INFO             PET0       ABC-TO-DEF: InitializeIPDv05p4 intro {IS}:! ! --- Array::log() end -------------------------------------
20260908 003942.993 INFO             PET0       ABC-TO-DEF: InitializeIPDv05p4 intro {IS}:!--- FieldLog() end -------------------
20260908 003942.993 INFO             PET0       ABC-TO-DEF: InitializeIPDv05p4 intro {IS}:--- StateLog() end -------------------
20260908 003942.993 INFO             PET0       ABC-TO-DEF: InitializeIPDv05p4 intro {ES}:--- StateLog() start -----------------
20260908 003942.993 INFO             PET0       ABC-TO-DEF: InitializeIPDv05p4 intro {ES}:<name: DEF-ImportState> <intent: ESMF_STATEINTENT_IMPORT> <itemCount:    2>
20260908 003942.993 INFO             PET0       ABC-TO-DEF: InitializeIPDv05p4 intro {ES}:+-<item: 0001> <itemType: Field> <itemName: sea_surface_height_above_sea_level>
20260908 003942.993 INFO             PET0       ABC-TO-DEF: InitializeIPDv05p4 intro {ES}:!--- FieldLog() start -----------------
20260908 003942.993 INFO             PET0       ABC-TO-DEF: InitializeIPDv05p4 intro {ES}:! <name: sea_surface_height_above_sea_level> <fieldStatus: ESMF_FIELDSTATUS_COMPLETE>
20260908 003942.993 INFO             PET0       ABC-TO-DEF: InitializeIPDv05p4 intro {ES}:! 0x7ffe24e61cc0 => 0xb43440 => 0xb43660
20260908 003942.993 INFO             PET0       ABC-TO-DEF: InitializeIPDv05p4 intro {ES}:! <typekind: Real*4> <rank:    2> <dimCount:    2>
20260908 003942.993 INFO             PET0       ABC-TO-DEF: InitializeIPDv05p4 intro {ES}:! ! --- Array::log() start -----------------------------------
20260908 003942.993 INFO             PET0       ABC-TO-DEF: InitializeIPDv05p4 intro {ES}:! ! 0xb48cd0
20260908 003942.993 INFO             PET0       ABC-TO-DEF: InitializeIPDv05p4 intro {ES}:! ! <name: sea_surface_height_above_sea_level>
20260908 003942.993 INFO             PET0       ABC-TO-DEF: InitializeIPDv05p4 intro {ES}:! ! ! --- DistGrid::log() start --------------------------------
20260908 003942.993 INFO             PET0       ABC-TO-DEF: InitializeIPDv05p4 intro {ES}:! ! ! 0xb36820
20260908 003942.993 INFO             PET0       ABC-TO-DEF: InitializeIPDv05p4 intro {ES}:! ! ! DistGrid object is valid!<name: DG-global-sloc:0>
20260908 003942.993 INFO             PET0       ABC-TO-DEF: InitializeIPDv05p4 intro {ES}:! ! ! --- DistGrid::log() end ----------------------------------
20260908 003942.993 INFO             PET0       ABC-TO-DEF: InitializeIPDv05p4 intro {ES}:! ! --- Array::log() end -------------------------------------
20260908 003942.993 INFO             PET0       ABC-TO-DEF: InitializeIPDv05p4 intro {ES}:!--- FieldLog() end -------------------
20260908 003942.993 INFO             PET0       ABC-TO-DEF: InitializeIPDv05p4 intro {ES}:+-<item: 0002> <itemType: Field> <itemName: sea_surface_temperature>
20260908 003942.993 INFO             PET0       ABC-TO-DEF: InitializeIPDv05p4 intro {ES}:!--- FieldLog() start -----------------
20260908 003942.993 INFO             PET0       ABC-TO-DEF: InitializeIPDv05p4 intro {ES}:! <name: sea_surface_temperature> <fieldStatus: ESMF_FIELDSTATUS_COMPLETE>
20260908 003942.993 INFO             PET0       ABC-TO-DEF: InitializeIPDv05p4 intro {ES}:! 0x7ffe24e61cc0 => 0xb3c1c0 => 0xb3c500
20260908 003942.993 INFO             PET0       ABC-TO-DEF: InitializeIPDv05p4 intro {ES}:! <typekind: Real*4> <rank:    2> <dimCount:    2>
20260908 003942.993 INFO             PET0       ABC-TO-DEF: InitializeIPDv05p4 intro {ES}:! ! --- Array::log() start -----------------------------------
20260908 003942.993 INFO             PET0       ABC-TO-DEF: InitializeIPDv05p4 intro {ES}:! ! 0xb41b30
20260908 003942.993 INFO             PET0       ABC-TO-DEF: InitializeIPDv05p4 intro {ES}:! ! <name: sea_surface_temperature>
20260908 003942.993 INFO             PET0       ABC-TO-DEF: InitializeIPDv05p4 intro {ES}:! ! ! --- DistGrid::log() start --------------------------------
20260908 003942.993 INFO             PET0       ABC-TO-DEF: InitializeIPDv05p4 intro {ES}:! ! ! 0xb36820
20260908 003942.993 INFO             PET0       ABC-TO-DEF: InitializeIPDv05p4 intro {ES}:! ! ! DistGrid object is valid!<name: DG-global-sloc:0>
20260908 003942.993 INFO             PET0       ABC-TO-DEF: InitializeIPDv05p4 intro {ES}:! ! ! --- DistGrid::log() end ----------------------------------
20260908 003942.993 INFO             PET0       ABC-TO-DEF: InitializeIPDv05p4 intro {ES}:! ! --- Array::log() end -------------------------------------
20260908 003942.993 INFO             PET0       ABC-TO-DEF: InitializeIPDv05p4 intro {ES}:!--- FieldLog() end -------------------
20260908 003942.993 INFO             PET0       ABC-TO-DEF: InitializeIPDv05p4 intro {ES}:--- StateLog() end -------------------
20260908 003942.994 INFO             PET0       ABC-TO-DEF: handle cplList(1): sea_surface_height_above_sea_level, cplSetList(1): __UNSPECIFIED__
20260908 003942.995 INFO             PET0       ABC-TO-DEF: - nothing shared or transferred
20260908 003942.995 INFO             PET0       ABC-TO-DEF: handle cplList(2): sea_surface_temperature, cplSetList(2): __UNSPECIFIED__
20260908 003942.995 INFO             PET0       ABC-TO-DEF: - nothing shared or transferred
20260908 003942.995 INFO             PET0       ABC-TO-DEF: InitializeIPDv05p4 extro {IS}:--- StateLog() start -----------------
20260908 003942.995 INFO             PET0       ABC-TO-DEF: InitializeIPDv05p4 extro {IS}:<name: ABC-ExportState> <intent: ESMF_STATEINTENT_EXPORT> <itemCount:    2>
20260908 003942.995 INFO             PET0       ABC-TO-DEF: InitializeIPDv05p4 extro {IS}:+-<item: 0001> <itemType: Field> <itemName: sea_surface_height_above_sea_level>
20260908 003942.995 INFO             PET0       ABC-TO-DEF: InitializeIPDv05p4 extro {IS}:!--- FieldLog() start -----------------
20260908 003942.995 INFO             PET0       ABC-TO-DEF: InitializeIPDv05p4 extro {IS}:! <name: sea_surface_height_above_sea_level> <fieldStatus: ESMF_FIELDSTATUS_COMPLETE>
20260908 003942.995 INFO             PET0       ABC-TO-DEF: InitializeIPDv05p4 extro {IS}:! 0x7ffe24e62020 => 0xaedff0 => 0xaee8c0
20260908 003942.995 INFO             PET0       ABC-TO-DEF: InitializeIPDv05p4 extro {IS}:! <typekind: Real*8> <rank:    2> <dimCount:    2>
20260908 003942.995 INFO             PET0       ABC-TO-DEF: InitializeIPDv05p4 extro {IS}:! ! --- Array::log() start -----------------------------------
20260908 003942.995 INFO             PET0       ABC-TO-DEF: InitializeIPDv05p4 extro {IS}:! ! 0xaf1680
20260908 003942.995 INFO             PET0       ABC-TO-DEF: InitializeIPDv05p4 extro {IS}:! ! <name: sea_surface_height_above_sea_level>
20260908 003942.995 INFO             PET0       ABC-TO-DEF: InitializeIPDv05p4 extro {IS}:! ! ! --- DistGrid::log() start --------------------------------
20260908 003942.995 INFO             PET0       ABC-TO-DEF: InitializeIPDv05p4 extro {IS}:! ! ! 0xae5490
20260908 003942.995 INFO             PET0       ABC-TO-DEF: InitializeIPDv05p4 extro {IS}:! ! ! DistGrid object is valid!<name: DG-global-sloc:0>
20260908 003942.995 INFO             PET0       ABC-TO-DEF: InitializeIPDv05p4 extro {IS}:! ! ! --- DistGrid::log() end ----------------------------------
20260908 003942.995 INFO             PET0       ABC-TO-DEF: InitializeIPDv05p4 extro {IS}:! ! --- Array::log() end -------------------------------------
20260908 003942.995 INFO             PET0       ABC-TO-DEF: InitializeIPDv05p4 extro {IS}:!--- FieldLog() end -------------------
20260908 003942.995 INFO             PET0       ABC-TO-DEF: InitializeIPDv05p4 extro {IS}:+-<item: 0002> <itemType: Field> <itemName: sea_surface_temperature>
20260908 003942.995 INFO             PET0       ABC-TO-DEF: InitializeIPDv05p4 extro {IS}:!--- FieldLog() start -----------------
20260908 003942.995 INFO             PET0       ABC-TO-DEF: InitializeIPDv05p4 extro {IS}:! <name: sea_surface_temperature> <fieldStatus: ESMF_FIELDSTATUS_COMPLETE>
20260908 003942.995 INFO             PET0       ABC-TO-DEF: InitializeIPDv05p4 extro {IS}:! 0x7ffe24e62020 => 0xaa5d00 => 0xae9ba0
20260908 003942.995 INFO             PET0       ABC-TO-DEF: InitializeIPDv05p4 extro {IS}:! <typekind: Real*8> <rank:    2> <dimCount:    2>
20260908 003942.995 INFO             PET0       ABC-TO-DEF: InitializeIPDv05p4 extro {IS}:! ! --- Array::log() start -----------------------------------
20260908 003942.995 INFO             PET0       ABC-TO-DEF: InitializeIPDv05p4 extro {IS}:! ! 0xaec960
20260908 003942.995 INFO             PET0       ABC-TO-DEF: InitializeIPDv05p4 extro {IS}:! ! <name: sea_surface_temperature>
20260908 003942.995 INFO             PET0       ABC-TO-DEF: InitializeIPDv05p4 extro {IS}:! ! ! --- DistGrid::log() start --------------------------------
20260908 003942.995 INFO             PET0       ABC-TO-DEF: InitializeIPDv05p4 extro {IS}:! ! ! 0xae5490
20260908 003942.995 INFO             PET0       ABC-TO-DEF: InitializeIPDv05p4 extro {IS}:! ! ! DistGrid object is valid!<name: DG-global-sloc:0>
20260908 003942.995 INFO             PET0       ABC-TO-DEF: InitializeIPDv05p4 extro {IS}:! ! ! --- DistGrid::log() end ----------------------------------
20260908 003942.995 INFO             PET0       ABC-TO-DEF: InitializeIPDv05p4 extro {IS}:! ! --- Array::log() end -------------------------------------
20260908 003942.995 INFO             PET0       ABC-TO-DEF: InitializeIPDv05p4 extro {IS}:!--- FieldLog() end -------------------
20260908 003942.995 INFO             PET0       ABC-TO-DEF: InitializeIPDv05p4 extro {IS}:--- StateLog() end -------------------
20260908 003942.995 INFO             PET0       ABC-TO-DEF: InitializeIPDv05p4 extro {ES}:--- StateLog() start -----------------
20260908 003942.995 INFO             PET0       ABC-TO-DEF: InitializeIPDv05p4 extro {ES}:<name: DEF-ImportState> <intent: ESMF_STATEINTENT_IMPORT> <itemCount:    2>
20260908 003942.995 INFO             PET0       ABC-TO-DEF: InitializeIPDv05p4 extro {ES}:+-<item: 0001> <itemType: Field> <itemName: sea_surface_height_above_sea_level>
20260908 003942.995 INFO             PET0       ABC-TO-DEF: InitializeIPDv05p4 extro {ES}:!--- FieldLog() start -----------------
20260908 003942.995 INFO             PET0       ABC-TO-DEF: InitializeIPDv05p4 extro {ES}:! <name: sea_surface_height_above_sea_level> <fieldStatus: ESMF_FIELDSTATUS_COMPLETE>
20260908 003942.995 INFO             PET0       ABC-TO-DEF: InitializeIPDv05p4 extro {ES}:! 0x7ffe24e62020 => 0xb43440 => 0xb43660
20260908 003942.995 INFO             PET0       ABC-TO-DEF: InitializeIPDv05p4 extro {ES}:! <typekind: Real*4> <rank:    2> <dimCount:    2>
20260908 003942.995 INFO             PET0       ABC-TO-DEF: InitializeIPDv05p4 extro {ES}:! ! --- Array::log() start -----------------------------------
20260908 003942.995 INFO             PET0       ABC-TO-DEF: InitializeIPDv05p4 extro {ES}:! ! 0xb48cd0
20260908 003942.995 INFO             PET0       ABC-TO-DEF: InitializeIPDv05p4 extro {ES}:! ! <name: sea_surface_height_above_sea_level>
20260908 003942.995 INFO             PET0       ABC-TO-DEF: InitializeIPDv05p4 extro {ES}:! ! ! --- DistGrid::log() start --------------------------------
20260908 003942.995 INFO             PET0       ABC-TO-DEF: InitializeIPDv05p4 extro {ES}:! ! ! 0xb36820
20260908 003942.995 INFO             PET0       ABC-TO-DEF: InitializeIPDv05p4 extro {ES}:! ! ! DistGrid object is valid!<name: DG-global-sloc:0>
20260908 003942.995 INFO             PET0       ABC-TO-DEF: InitializeIPDv05p4 extro {ES}:! ! ! --- DistGrid::log() end ----------------------------------
20260908 003942.995 INFO             PET0       ABC-TO-DEF: InitializeIPDv05p4 extro {ES}:! ! --- Array::log() end -------------------------------------
20260908 003942.995 INFO             PET0       ABC-TO-DEF: InitializeIPDv05p4 extro {ES}:!--- FieldLog() end -------------------
20260908 003942.996 INFO             PET0       ABC-TO-DEF: InitializeIPDv05p4 extro {ES}:+-<item: 0002> <itemType: Field> <itemName: sea_surface_temperature>
20260908 003942.996 INFO             PET0       ABC-TO-DEF: InitializeIPDv05p4 extro {ES}:!--- FieldLog() start -----------------
20260908 003942.996 INFO             PET0       ABC-TO-DEF: InitializeIPDv05p4 extro {ES}:! <name: sea_surface_temperature> <fieldStatus: ESMF_FIELDSTATUS_COMPLETE>
20260908 003942.996 INFO             PET0       ABC-TO-DEF: InitializeIPDv05p4 extro {ES}:! 0x7ffe24e62020 => 0xb3c1c0 => 0xb3c500
20260908 003942.996 INFO             PET0       ABC-TO-DEF: InitializeIPDv05p4 extro {ES}:! <typekind: Real*4> <rank:    2> <dimCount:    2>
20260908 003942.996 INFO             PET0       ABC-TO-DEF: InitializeIPDv05p4 extro {ES}:! ! --- Array::log() start -----------------------------------
20260908 003942.996 INFO             PET0       ABC-TO-DEF: InitializeIPDv05p4 extro {ES}:! ! 0xb41b30
20260908 003942.996 INFO             PET0       ABC-TO-DEF: InitializeIPDv05p4 extro {ES}:! ! <name: sea_surface_temperature>
20260908 003942.996 INFO             PET0       ABC-TO-DEF: InitializeIPDv05p4 extro {ES}:! ! ! --- DistGrid::log() start --------------------------------
20260908 003942.996 INFO             PET0       ABC-TO-DEF: InitializeIPDv05p4 extro {ES}:! ! ! 0xb36820
20260908 003942.996 INFO             PET0       ABC-TO-DEF: InitializeIPDv05p4 extro {ES}:! ! ! DistGrid object is valid!<name: DG-global-sloc:0>
20260908 003942.996 INFO             PET0       ABC-TO-DEF: InitializeIPDv05p4 extro {ES}:! ! ! --- DistGrid::log() end ----------------------------------
20260908 003942.996 INFO             PET0       ABC-TO-DEF: InitializeIPDv05p4 extro {ES}:! ! --- Array::log() end -------------------------------------
20260908 003942.996 INFO             PET0       ABC-TO-DEF: InitializeIPDv05p4 extro {ES}:!--- FieldLog() end -------------------
20260908 003942.996 INFO             PET0       ABC-TO-DEF: InitializeIPDv05p4 extro {ES}:--- StateLog() end -------------------
20260908 003942.996 INFO             PET0     ABC-TO-DEF: InitializeIPDv05p4 extro.
20260908 003942.996 INFO             PET0     ABC-TO-DEF: InitializeIPDv05p5 intro.
20260908 003942.996 INFO             PET0       ABC-TO-DEF: InitializeIPDv05p5 intro {IS}:--- StateLog() start -----------------
20260908 003942.996 INFO             PET0       ABC-TO-DEF: InitializeIPDv05p5 intro {IS}:<name: ABC-ExportState> <intent: ESMF_STATEINTENT_EXPORT> <itemCount:    2>
20260908 003942.996 INFO             PET0       ABC-TO-DEF: InitializeIPDv05p5 intro {IS}:+-<item: 0001> <itemType: Field> <itemName: sea_surface_height_above_sea_level>
20260908 003942.996 INFO             PET0       ABC-TO-DEF: InitializeIPDv05p5 intro {IS}:!--- FieldLog() start -----------------
20260908 003942.996 INFO             PET0       ABC-TO-DEF: InitializeIPDv05p5 intro {IS}:! <name: sea_surface_height_above_sea_level> <fieldStatus: ESMF_FIELDSTATUS_COMPLETE>
20260908 003942.996 INFO             PET0       ABC-TO-DEF: InitializeIPDv05p5 intro {IS}:! 0x7ffe24e622e0 => 0xaedff0 => 0xaee8c0
20260908 003942.997 INFO             PET0       ABC-TO-DEF: InitializeIPDv05p5 intro {IS}:! <typekind: Real*8> <rank:    2> <dimCount:    2>
20260908 003942.997 INFO             PET0       ABC-TO-DEF: InitializeIPDv05p5 intro {IS}:! ! --- Array::log() start -----------------------------------
20260908 003942.997 INFO             PET0       ABC-TO-DEF: InitializeIPDv05p5 intro {IS}:! ! 0xaf1680
20260908 003942.997 INFO             PET0       ABC-TO-DEF: InitializeIPDv05p5 intro {IS}:! ! <name: sea_surface_height_above_sea_level>
20260908 003942.997 INFO             PET0       ABC-TO-DEF: InitializeIPDv05p5 intro {IS}:! ! ! --- DistGrid::log() start --------------------------------
20260908 003942.997 INFO             PET0       ABC-TO-DEF: InitializeIPDv05p5 intro {IS}:! ! ! 0xae5490
20260908 003942.997 INFO             PET0       ABC-TO-DEF: InitializeIPDv05p5 intro {IS}:! ! ! DistGrid object is valid!<name: DG-global-sloc:0>
20260908 003942.997 INFO             PET0       ABC-TO-DEF: InitializeIPDv05p5 intro {IS}:! ! ! --- DistGrid::log() end ----------------------------------
20260908 003942.997 INFO             PET0       ABC-TO-DEF: InitializeIPDv05p5 intro {IS}:! ! --- Array::log() end -------------------------------------
20260908 003942.997 INFO             PET0       ABC-TO-DEF: InitializeIPDv05p5 intro {IS}:!--- FieldLog() end -------------------
20260908 003942.997 INFO             PET0       ABC-TO-DEF: InitializeIPDv05p5 intro {IS}:+-<item: 0002> <itemType: Field> <itemName: sea_surface_temperature>
20260908 003942.997 INFO             PET0       ABC-TO-DEF: InitializeIPDv05p5 intro {IS}:!--- FieldLog() start -----------------
20260908 003942.997 INFO             PET0       ABC-TO-DEF: InitializeIPDv05p5 intro {IS}:! <name: sea_surface_temperature> <fieldStatus: ESMF_FIELDSTATUS_COMPLETE>
20260908 003942.997 INFO             PET0       ABC-TO-DEF: InitializeIPDv05p5 intro {IS}:! 0x7ffe24e622e0 => 0xaa5d00 => 0xae9ba0
20260908 003942.997 INFO             PET0       ABC-TO-DEF: InitializeIPDv05p5 intro {IS}:! <typekind: Real*8> <rank:    2> <dimCount:    2>
20260908 003942.997 INFO             PET0       ABC-TO-DEF: InitializeIPDv05p5 intro {IS}:! ! --- Array::log() start -----------------------------------
20260908 003942.997 INFO             PET0       ABC-TO-DEF: InitializeIPDv05p5 intro {IS}:! ! 0xaec960
20260908 003942.997 INFO             PET0       ABC-TO-DEF: InitializeIPDv05p5 intro {IS}:! ! <name: sea_surface_temperature>
20260908 003942.997 INFO             PET0       ABC-TO-DEF: InitializeIPDv05p5 intro {IS}:! ! ! --- DistGrid::log() start --------------------------------
20260908 003942.997 INFO             PET0       ABC-TO-DEF: InitializeIPDv05p5 intro {IS}:! ! ! 0xae5490
20260908 003942.997 INFO             PET0       ABC-TO-DEF: InitializeIPDv05p5 intro {IS}:! ! ! DistGrid object is valid!<name: DG-global-sloc:0>
20260908 003942.997 INFO             PET0       ABC-TO-DEF: InitializeIPDv05p5 intro {IS}:! ! ! --- DistGrid::log() end ----------------------------------
20260908 003942.997 INFO             PET0       ABC-TO-DEF: InitializeIPDv05p5 intro {IS}:! ! --- Array::log() end -------------------------------------
20260908 003942.997 INFO             PET0       ABC-TO-DEF: InitializeIPDv05p5 intro {IS}:!--- FieldLog() end -------------------
20260908 003942.997 INFO             PET0       ABC-TO-DEF: InitializeIPDv05p5 intro {IS}:--- StateLog() end -------------------
20260908 003942.997 INFO             PET0       ABC-TO-DEF: InitializeIPDv05p5 intro {ES}:--- StateLog() start -----------------
20260908 003942.997 INFO             PET0       ABC-TO-DEF: InitializeIPDv05p5 intro {ES}:<name: DEF-ImportState> <intent: ESMF_STATEINTENT_IMPORT> <itemCount:    2>
20260908 003942.997 INFO             PET0       ABC-TO-DEF: InitializeIPDv05p5 intro {ES}:+-<item: 0001> <itemType: Field> <itemName: sea_surface_height_above_sea_level>
20260908 003942.997 INFO             PET0       ABC-TO-DEF: InitializeIPDv05p5 intro {ES}:!--- FieldLog() start -----------------
20260908 003942.997 INFO             PET0       ABC-TO-DEF: InitializeIPDv05p5 intro {ES}:! <name: sea_surface_height_above_sea_level> <fieldStatus: ESMF_FIELDSTATUS_COMPLETE>
20260908 003942.997 INFO             PET0       ABC-TO-DEF: InitializeIPDv05p5 intro {ES}:! 0x7ffe24e622e0 => 0xb43440 => 0xb43660
20260908 003942.997 INFO             PET0       ABC-TO-DEF: InitializeIPDv05p5 intro {ES}:! <typekind: Real*4> <rank:    2> <dimCount:    2>
20260908 003942.997 INFO             PET0       ABC-TO-DEF: InitializeIPDv05p5 intro {ES}:! ! --- Array::log() start -----------------------------------
20260908 003942.997 INFO             PET0       ABC-TO-DEF: InitializeIPDv05p5 intro {ES}:! ! 0xb48cd0
20260908 003942.997 INFO             PET0       ABC-TO-DEF: InitializeIPDv05p5 intro {ES}:! ! <name: sea_surface_height_above_sea_level>
20260908 003942.997 INFO             PET0       ABC-TO-DEF: InitializeIPDv05p5 intro {ES}:! ! ! --- DistGrid::log() start --------------------------------
20260908 003942.997 INFO             PET0       ABC-TO-DEF: InitializeIPDv05p5 intro {ES}:! ! ! 0xb36820
20260908 003942.997 INFO             PET0       ABC-TO-DEF: InitializeIPDv05p5 intro {ES}:! ! ! DistGrid object is valid!<name: DG-global-sloc:0>
20260908 003942.997 INFO             PET0       ABC-TO-DEF: InitializeIPDv05p5 intro {ES}:! ! ! --- DistGrid::log() end ----------------------------------
20260908 003942.997 INFO             PET0       ABC-TO-DEF: InitializeIPDv05p5 intro {ES}:! ! --- Array::log() end -------------------------------------
20260908 003942.997 INFO             PET0       ABC-TO-DEF: InitializeIPDv05p5 intro {ES}:!--- FieldLog() end -------------------
20260908 003942.997 INFO             PET0       ABC-TO-DEF: InitializeIPDv05p5 intro {ES}:+-<item: 0002> <itemType: Field> <itemName: sea_surface_temperature>
20260908 003942.997 INFO             PET0       ABC-TO-DEF: InitializeIPDv05p5 intro {ES}:!--- FieldLog() start -----------------
20260908 003942.997 INFO             PET0       ABC-TO-DEF: InitializeIPDv05p5 intro {ES}:! <name: sea_surface_temperature> <fieldStatus: ESMF_FIELDSTATUS_COMPLETE>
20260908 003942.997 INFO             PET0       ABC-TO-DEF: InitializeIPDv05p5 intro {ES}:! 0x7ffe24e622e0 => 0xb3c1c0 => 0xb3c500
20260908 003942.997 INFO             PET0       ABC-TO-DEF: InitializeIPDv05p5 intro {ES}:! <typekind: Real*4> <rank:    2> <dimCount:    2>
20260908 003942.997 INFO             PET0       ABC-TO-DEF: InitializeIPDv05p5 intro {ES}:! ! --- Array::log() start -----------------------------------
20260908 003942.997 INFO             PET0       ABC-TO-DEF: InitializeIPDv05p5 intro {ES}:! ! 0xb41b30
20260908 003942.997 INFO             PET0       ABC-TO-DEF: InitializeIPDv05p5 intro {ES}:! ! <name: sea_surface_temperature>
20260908 003942.997 INFO             PET0       ABC-TO-DEF: InitializeIPDv05p5 intro {ES}:! ! ! --- DistGrid::log() start --------------------------------
20260908 003942.997 INFO             PET0       ABC-TO-DEF: InitializeIPDv05p5 intro {ES}:! ! ! 0xb36820
20260908 003942.997 INFO             PET0       ABC-TO-DEF: InitializeIPDv05p5 intro {ES}:! ! ! DistGrid object is valid!<name: DG-global-sloc:0>
20260908 003942.997 INFO             PET0       ABC-TO-DEF: InitializeIPDv05p5 intro {ES}:! ! ! --- DistGrid::log() end ----------------------------------
20260908 003942.997 INFO             PET0       ABC-TO-DEF: InitializeIPDv05p5 intro {ES}:! ! --- Array::log() end -------------------------------------
20260908 003942.998 INFO             PET0       ABC-TO-DEF: InitializeIPDv05p5 intro {ES}:!--- FieldLog() end -------------------
20260908 003942.998 INFO             PET0       ABC-TO-DEF: InitializeIPDv05p5 intro {ES}:--- StateLog() end -------------------
20260908 003942.998 INFO             PET0       ABC-TO-DEF: handle cplList(1): sea_surface_height_above_sea_level, cplSetList(1): __UNSPECIFIED__
20260908 003942.998 INFO             PET0       ABC-TO-DEF: - nothing shared or transferred, or may already be handled
20260908 003942.998 INFO             PET0       ABC-TO-DEF: handle cplList(2): sea_surface_temperature, cplSetList(2): __UNSPECIFIED__
20260908 003942.999 INFO             PET0       ABC-TO-DEF: - nothing shared or transferred, or may already be handled
20260908 003942.999 INFO             PET0       ABC-TO-DEF: InitializeIPDv05p5 extro {IS}:--- StateLog() start -----------------
20260908 003942.999 INFO             PET0       ABC-TO-DEF: InitializeIPDv05p5 extro {IS}:<name: ABC-ExportState> <intent: ESMF_STATEINTENT_EXPORT> <itemCount:    2>
20260908 003942.999 INFO             PET0       ABC-TO-DEF: InitializeIPDv05p5 extro {IS}:+-<item: 0001> <itemType: Field> <itemName: sea_surface_height_above_sea_level>
20260908 003942.999 INFO             PET0       ABC-TO-DEF: InitializeIPDv05p5 extro {IS}:!--- FieldLog() start -----------------
20260908 003942.999 INFO             PET0       ABC-TO-DEF: InitializeIPDv05p5 extro {IS}:! <name: sea_surface_height_above_sea_level> <fieldStatus: ESMF_FIELDSTATUS_COMPLETE>
20260908 003942.999 INFO             PET0       ABC-TO-DEF: InitializeIPDv05p5 extro {IS}:! 0x7ffe24e62640 => 0xaedff0 => 0xaee8c0
20260908 003942.999 INFO             PET0       ABC-TO-DEF: InitializeIPDv05p5 extro {IS}:! <typekind: Real*8> <rank:    2> <dimCount:    2>
20260908 003942.999 INFO             PET0       ABC-TO-DEF: InitializeIPDv05p5 extro {IS}:! ! --- Array::log() start -----------------------------------
20260908 003942.999 INFO             PET0       ABC-TO-DEF: InitializeIPDv05p5 extro {IS}:! ! 0xaf1680
20260908 003942.999 INFO             PET0       ABC-TO-DEF: InitializeIPDv05p5 extro {IS}:! ! <name: sea_surface_height_above_sea_level>
20260908 003942.999 INFO             PET0       ABC-TO-DEF: InitializeIPDv05p5 extro {IS}:! ! ! --- DistGrid::log() start --------------------------------
20260908 003942.999 INFO             PET0       ABC-TO-DEF: InitializeIPDv05p5 extro {IS}:! ! ! 0xae5490
20260908 003942.999 INFO             PET0       ABC-TO-DEF: InitializeIPDv05p5 extro {IS}:! ! ! DistGrid object is valid!<name: DG-global-sloc:0>
20260908 003942.999 INFO             PET0       ABC-TO-DEF: InitializeIPDv05p5 extro {IS}:! ! ! --- DistGrid::log() end ----------------------------------
20260908 003942.999 INFO             PET0       ABC-TO-DEF: InitializeIPDv05p5 extro {IS}:! ! --- Array::log() end -------------------------------------
20260908 003942.999 INFO             PET0       ABC-TO-DEF: InitializeIPDv05p5 extro {IS}:!--- FieldLog() end -------------------
20260908 003942.999 INFO             PET0       ABC-TO-DEF: InitializeIPDv05p5 extro {IS}:+-<item: 0002> <itemType: Field> <itemName: sea_surface_temperature>
20260908 003942.999 INFO             PET0       ABC-TO-DEF: InitializeIPDv05p5 extro {IS}:!--- FieldLog() start -----------------
20260908 003942.999 INFO             PET0       ABC-TO-DEF: InitializeIPDv05p5 extro {IS}:! <name: sea_surface_temperature> <fieldStatus: ESMF_FIELDSTATUS_COMPLETE>
20260908 003942.999 INFO             PET0       ABC-TO-DEF: InitializeIPDv05p5 extro {IS}:! 0x7ffe24e62640 => 0xaa5d00 => 0xae9ba0
20260908 003942.999 INFO             PET0       ABC-TO-DEF: InitializeIPDv05p5 extro {IS}:! <typekind: Real*8> <rank:    2> <dimCount:    2>
20260908 003942.999 INFO             PET0       ABC-TO-DEF: InitializeIPDv05p5 extro {IS}:! ! --- Array::log() start -----------------------------------
20260908 003942.999 INFO             PET0       ABC-TO-DEF: InitializeIPDv05p5 extro {IS}:! ! 0xaec960
20260908 003942.999 INFO             PET0       ABC-TO-DEF: InitializeIPDv05p5 extro {IS}:! ! <name: sea_surface_temperature>
20260908 003942.999 INFO             PET0       ABC-TO-DEF: InitializeIPDv05p5 extro {IS}:! ! ! --- DistGrid::log() start --------------------------------
20260908 003942.999 INFO             PET0       ABC-TO-DEF: InitializeIPDv05p5 extro {IS}:! ! ! 0xae5490
20260908 003942.999 INFO             PET0       ABC-TO-DEF: InitializeIPDv05p5 extro {IS}:! ! ! DistGrid object is valid!<name: DG-global-sloc:0>
20260908 003942.999 INFO             PET0       ABC-TO-DEF: InitializeIPDv05p5 extro {IS}:! ! ! --- DistGrid::log() end ----------------------------------
20260908 003942.999 INFO             PET0       ABC-TO-DEF: InitializeIPDv05p5 extro {IS}:! ! --- Array::log() end -------------------------------------
20260908 003942.999 INFO             PET0       ABC-TO-DEF: InitializeIPDv05p5 extro {IS}:!--- FieldLog() end -------------------
20260908 003942.999 INFO             PET0       ABC-TO-DEF: InitializeIPDv05p5 extro {IS}:--- StateLog() end -------------------
20260908 003942.999 INFO             PET0       ABC-TO-DEF: InitializeIPDv05p5 extro {ES}:--- StateLog() start -----------------
20260908 003942.999 INFO             PET0       ABC-TO-DEF: InitializeIPDv05p5 extro {ES}:<name: DEF-ImportState> <intent: ESMF_STATEINTENT_IMPORT> <itemCount:    2>
20260908 003942.999 INFO             PET0       ABC-TO-DEF: InitializeIPDv05p5 extro {ES}:+-<item: 0001> <itemType: Field> <itemName: sea_surface_height_above_sea_level>
20260908 003942.999 INFO             PET0       ABC-TO-DEF: InitializeIPDv05p5 extro {ES}:!--- FieldLog() start -----------------
20260908 003942.999 INFO             PET0       ABC-TO-DEF: InitializeIPDv05p5 extro {ES}:! <name: sea_surface_height_above_sea_level> <fieldStatus: ESMF_FIELDSTATUS_COMPLETE>
20260908 003942.999 INFO             PET0       ABC-TO-DEF: InitializeIPDv05p5 extro {ES}:! 0x7ffe24e62640 => 0xb43440 => 0xb43660
20260908 003942.999 INFO             PET0       ABC-TO-DEF: InitializeIPDv05p5 extro {ES}:! <typekind: Real*4> <rank:    2> <dimCount:    2>
20260908 003942.999 INFO             PET0       ABC-TO-DEF: InitializeIPDv05p5 extro {ES}:! ! --- Array::log() start -----------------------------------
20260908 003942.999 INFO             PET0       ABC-TO-DEF: InitializeIPDv05p5 extro {ES}:! ! 0xb48cd0
20260908 003942.999 INFO             PET0       ABC-TO-DEF: InitializeIPDv05p5 extro {ES}:! ! <name: sea_surface_height_above_sea_level>
20260908 003942.999 INFO             PET0       ABC-TO-DEF: InitializeIPDv05p5 extro {ES}:! ! ! --- DistGrid::log() start --------------------------------
20260908 003942.999 INFO             PET0       ABC-TO-DEF: InitializeIPDv05p5 extro {ES}:! ! ! 0xb36820
20260908 003942.999 INFO             PET0       ABC-TO-DEF: InitializeIPDv05p5 extro {ES}:! ! ! DistGrid object is valid!<name: DG-global-sloc:0>
20260908 003942.999 INFO             PET0       ABC-TO-DEF: InitializeIPDv05p5 extro {ES}:! ! ! --- DistGrid::log() end ----------------------------------
20260908 003942.999 INFO             PET0       ABC-TO-DEF: InitializeIPDv05p5 extro {ES}:! ! --- Array::log() end -------------------------------------
20260908 003942.999 INFO             PET0       ABC-TO-DEF: InitializeIPDv05p5 extro {ES}:!--- FieldLog() end -------------------
20260908 003942.999 INFO             PET0       ABC-TO-DEF: InitializeIPDv05p5 extro {ES}:+-<item: 0002> <itemType: Field> <itemName: sea_surface_temperature>
20260908 003943.000 INFO             PET0       ABC-TO-DEF: InitializeIPDv05p5 extro {ES}:!--- FieldLog() start -----------------
20260908 003943.000 INFO             PET0       ABC-TO-DEF: InitializeIPDv05p5 extro {ES}:! <name: sea_surface_temperature> <fieldStatus: ESMF_FIELDSTATUS_COMPLETE>
20260908 003943.000 INFO             PET0       ABC-TO-DEF: InitializeIPDv05p5 extro {ES}:! 0x7ffe24e62640 => 0xb3c1c0 => 0xb3c500
20260908 003943.000 INFO             PET0       ABC-TO-DEF: InitializeIPDv05p5 extro {ES}:! <typekind: Real*4> <rank:    2> <dimCount:    2>
20260908 003943.000 INFO             PET0       ABC-TO-DEF: InitializeIPDv05p5 extro {ES}:! ! --- Array::log() start -----------------------------------
20260908 003943.000 INFO             PET0       ABC-TO-DEF: InitializeIPDv05p5 extro {ES}:! ! 0xb41b30
20260908 003943.000 INFO             PET0       ABC-TO-DEF: InitializeIPDv05p5 extro {ES}:! ! <name: sea_surface_temperature>
20260908 003943.000 INFO             PET0       ABC-TO-DEF: InitializeIPDv05p5 extro {ES}:! ! ! --- DistGrid::log() start --------------------------------
20260908 003943.000 INFO             PET0       ABC-TO-DEF: InitializeIPDv05p5 extro {ES}:! ! ! 0xb36820
20260908 003943.000 INFO             PET0       ABC-TO-DEF: InitializeIPDv05p5 extro {ES}:! ! ! DistGrid object is valid!<name: DG-global-sloc:0>
20260908 003943.000 INFO             PET0       ABC-TO-DEF: InitializeIPDv05p5 extro {ES}:! ! ! --- DistGrid::log() end ----------------------------------
20260908 003943.000 INFO             PET0       ABC-TO-DEF: InitializeIPDv05p5 extro {ES}:! ! --- Array::log() end -------------------------------------
20260908 003943.000 INFO             PET0       ABC-TO-DEF: InitializeIPDv05p5 extro {ES}:!--- FieldLog() end -------------------
20260908 003943.000 INFO             PET0       ABC-TO-DEF: InitializeIPDv05p5 extro {ES}:--- StateLog() end -------------------
20260908 003943.000 INFO             PET0     ABC-TO-DEF: InitializeIPDv05p5 extro.
20260908 003943.000 INFO             PET0     ESMX_Driver: IInitRealize intro.
20260908 003943.000 INFO             PET0       ESMX_Driver: IInitRealize intro {IS}:--- StateLog() start -----------------
20260908 003943.000 INFO             PET0       ESMX_Driver: IInitRealize intro {IS}:State object is invalid! Not created or deleted!
20260908 003943.000 INFO             PET0       ESMX_Driver: IInitRealize intro {IS}:--- StateLog() end -------------------
20260908 003943.000 INFO             PET0       ESMX_Driver: IInitRealize intro {ES}:--- StateLog() start -----------------
20260908 003943.000 INFO             PET0       ESMX_Driver: IInitRealize intro {ES}:State object is invalid! Not created or deleted!
20260908 003943.000 INFO             PET0       ESMX_Driver: IInitRealize intro {ES}:--- StateLog() end -------------------
20260908 003943.001 INFO             PET0       >>>ESMX_Driver: entered Initialize (phase=<none>) with current time: 2012 10 24  8  0  0   0
20260908 003943.001 INFO             PET0       <<<ESMX_Driver: leaving Initialize (phase=<none>) with current time: 2012 10 24  8  0  0   0
20260908 003943.001 INFO             PET0       ESMX_Driver: IInitRealize extro {IS}:--- StateLog() start -----------------
20260908 003943.001 INFO             PET0       ESMX_Driver: IInitRealize extro {IS}:State object is invalid! Not created or deleted!
20260908 003943.001 INFO             PET0       ESMX_Driver: IInitRealize extro {IS}:--- StateLog() end -------------------
20260908 003943.001 INFO             PET0       ESMX_Driver: IInitRealize extro {ES}:--- StateLog() start -----------------
20260908 003943.001 INFO             PET0       ESMX_Driver: IInitRealize extro {ES}:State object is invalid! Not created or deleted!
20260908 003943.001 INFO             PET0       ESMX_Driver: IInitRealize extro {ES}:--- StateLog() end -------------------
20260908 003943.001 INFO             PET0     ESMX_Driver: IInitRealize extro.
20260908 003943.001 INFO             PET0     ABC-TO-DEF: InitializeIPDv05p6a intro.
20260908 003943.001 INFO             PET0       ABC-TO-DEF: InitializeIPDv05p6a intro {IS}:--- StateLog() start -----------------
20260908 003943.001 INFO             PET0       ABC-TO-DEF: InitializeIPDv05p6a intro {IS}:<name: ABC-ExportState> <intent: ESMF_STATEINTENT_EXPORT> <itemCount:    2>
20260908 003943.001 INFO             PET0       ABC-TO-DEF: InitializeIPDv05p6a intro {IS}:+-<item: 0001> <itemType: Field> <itemName: sea_surface_height_above_sea_level>
20260908 003943.002 INFO             PET0       ABC-TO-DEF: InitializeIPDv05p6a intro {IS}:!--- FieldLog() start -----------------
20260908 003943.002 INFO             PET0       ABC-TO-DEF: InitializeIPDv05p6a intro {IS}:! <name: sea_surface_height_above_sea_level> <fieldStatus: ESMF_FIELDSTATUS_COMPLETE>
20260908 003943.002 INFO             PET0       ABC-TO-DEF: InitializeIPDv05p6a intro {IS}:! 0x7ffe24e64500 => 0xaedff0 => 0xaee8c0
20260908 003943.002 INFO             PET0       ABC-TO-DEF: InitializeIPDv05p6a intro {IS}:! <typekind: Real*8> <rank:    2> <dimCount:    2>
20260908 003943.002 INFO             PET0       ABC-TO-DEF: InitializeIPDv05p6a intro {IS}:! ! --- Array::log() start -----------------------------------
20260908 003943.002 INFO             PET0       ABC-TO-DEF: InitializeIPDv05p6a intro {IS}:! ! 0xaf1680
20260908 003943.002 INFO             PET0       ABC-TO-DEF: InitializeIPDv05p6a intro {IS}:! ! <name: sea_surface_height_above_sea_level>
20260908 003943.002 INFO             PET0       ABC-TO-DEF: InitializeIPDv05p6a intro {IS}:! ! ! --- DistGrid::log() start --------------------------------
20260908 003943.002 INFO             PET0       ABC-TO-DEF: InitializeIPDv05p6a intro {IS}:! ! ! 0xae5490
20260908 003943.002 INFO             PET0       ABC-TO-DEF: InitializeIPDv05p6a intro {IS}:! ! ! DistGrid object is valid!<name: DG-global-sloc:0>
20260908 003943.002 INFO             PET0       ABC-TO-DEF: InitializeIPDv05p6a intro {IS}:! ! ! --- DistGrid::log() end ----------------------------------
20260908 003943.002 INFO             PET0       ABC-TO-DEF: InitializeIPDv05p6a intro {IS}:! ! --- Array::log() end -------------------------------------
20260908 003943.002 INFO             PET0       ABC-TO-DEF: InitializeIPDv05p6a intro {IS}:!--- FieldLog() end -------------------
20260908 003943.002 INFO             PET0       ABC-TO-DEF: InitializeIPDv05p6a intro {IS}:+-<item: 0002> <itemType: Field> <itemName: sea_surface_temperature>
20260908 003943.002 INFO             PET0       ABC-TO-DEF: InitializeIPDv05p6a intro {IS}:!--- FieldLog() start -----------------
20260908 003943.002 INFO             PET0       ABC-TO-DEF: InitializeIPDv05p6a intro {IS}:! <name: sea_surface_temperature> <fieldStatus: ESMF_FIELDSTATUS_COMPLETE>
20260908 003943.002 INFO             PET0       ABC-TO-DEF: InitializeIPDv05p6a intro {IS}:! 0x7ffe24e64500 => 0xaa5d00 => 0xae9ba0
20260908 003943.002 INFO             PET0       ABC-TO-DEF: InitializeIPDv05p6a intro {IS}:! <typekind: Real*8> <rank:    2> <dimCount:    2>
20260908 003943.002 INFO             PET0       ABC-TO-DEF: InitializeIPDv05p6a intro {IS}:! ! --- Array::log() start -----------------------------------
20260908 003943.002 INFO             PET0       ABC-TO-DEF: InitializeIPDv05p6a intro {IS}:! ! 0xaec960
20260908 003943.002 INFO             PET0       ABC-TO-DEF: InitializeIPDv05p6a intro {IS}:! ! <name: sea_surface_temperature>
20260908 003943.002 INFO             PET0       ABC-TO-DEF: InitializeIPDv05p6a intro {IS}:! ! ! --- DistGrid::log() start --------------------------------
20260908 003943.002 INFO             PET0       ABC-TO-DEF: InitializeIPDv05p6a intro {IS}:! ! ! 0xae5490
20260908 003943.002 INFO             PET0       ABC-TO-DEF: InitializeIPDv05p6a intro {IS}:! ! ! DistGrid object is valid!<name: DG-global-sloc:0>
20260908 003943.002 INFO             PET0       ABC-TO-DEF: InitializeIPDv05p6a intro {IS}:! ! ! --- DistGrid::log() end ----------------------------------
20260908 003943.002 INFO             PET0       ABC-TO-DEF: InitializeIPDv05p6a intro {IS}:! ! --- Array::log() end -------------------------------------
20260908 003943.002 INFO             PET0       ABC-TO-DEF: InitializeIPDv05p6a intro {IS}:!--- FieldLog() end -------------------
20260908 003943.002 INFO             PET0       ABC-TO-DEF: InitializeIPDv05p6a intro {IS}:--- StateLog() end -------------------
20260908 003943.002 INFO             PET0       ABC-TO-DEF: InitializeIPDv05p6a intro {ES}:--- StateLog() start -----------------
20260908 003943.002 INFO             PET0       ABC-TO-DEF: InitializeIPDv05p6a intro {ES}:<name: DEF-ImportState> <intent: ESMF_STATEINTENT_IMPORT> <itemCount:    2>
20260908 003943.002 INFO             PET0       ABC-TO-DEF: InitializeIPDv05p6a intro {ES}:+-<item: 0001> <itemType: Field> <itemName: sea_surface_height_above_sea_level>
20260908 003943.002 INFO             PET0       ABC-TO-DEF: InitializeIPDv05p6a intro {ES}:!--- FieldLog() start -----------------
20260908 003943.002 INFO             PET0       ABC-TO-DEF: InitializeIPDv05p6a intro {ES}:! <name: sea_surface_height_above_sea_level> <fieldStatus: ESMF_FIELDSTATUS_COMPLETE>
20260908 003943.002 INFO             PET0       ABC-TO-DEF: InitializeIPDv05p6a intro {ES}:! 0x7ffe24e64500 => 0xb43440 => 0xb43660
20260908 003943.002 INFO             PET0       ABC-TO-DEF: InitializeIPDv05p6a intro {ES}:! <typekind: Real*4> <rank:    2> <dimCount:    2>
20260908 003943.002 INFO             PET0       ABC-TO-DEF: InitializeIPDv05p6a intro {ES}:! ! --- Array::log() start -----------------------------------
20260908 003943.002 INFO             PET0       ABC-TO-DEF: InitializeIPDv05p6a intro {ES}:! ! 0xb48cd0
20260908 003943.002 INFO             PET0       ABC-TO-DEF: InitializeIPDv05p6a intro {ES}:! ! <name: sea_surface_height_above_sea_level>
20260908 003943.002 INFO             PET0       ABC-TO-DEF: InitializeIPDv05p6a intro {ES}:! ! ! --- DistGrid::log() start --------------------------------
20260908 003943.002 INFO             PET0       ABC-TO-DEF: InitializeIPDv05p6a intro {ES}:! ! ! 0xb36820
20260908 003943.002 INFO             PET0       ABC-TO-DEF: InitializeIPDv05p6a intro {ES}:! ! ! DistGrid object is valid!<name: DG-global-sloc:0>
20260908 003943.002 INFO             PET0       ABC-TO-DEF: InitializeIPDv05p6a intro {ES}:! ! ! --- DistGrid::log() end ----------------------------------
20260908 003943.002 INFO             PET0       ABC-TO-DEF: InitializeIPDv05p6a intro {ES}:! ! --- Array::log() end -------------------------------------
20260908 003943.002 INFO             PET0       ABC-TO-DEF: InitializeIPDv05p6a intro {ES}:!--- FieldLog() end -------------------
20260908 003943.002 INFO             PET0       ABC-TO-DEF: InitializeIPDv05p6a intro {ES}:+-<item: 0002> <itemType: Field> <itemName: sea_surface_temperature>
20260908 003943.002 INFO             PET0       ABC-TO-DEF: InitializeIPDv05p6a intro {ES}:!--- FieldLog() start -----------------
20260908 003943.002 INFO             PET0       ABC-TO-DEF: InitializeIPDv05p6a intro {ES}:! <name: sea_surface_temperature> <fieldStatus: ESMF_FIELDSTATUS_COMPLETE>
20260908 003943.002 INFO             PET0       ABC-TO-DEF: InitializeIPDv05p6a intro {ES}:! 0x7ffe24e64500 => 0xb3c1c0 => 0xb3c500
20260908 003943.002 INFO             PET0       ABC-TO-DEF: InitializeIPDv05p6a intro {ES}:! <typekind: Real*4> <rank:    2> <dimCount:    2>
20260908 003943.002 INFO             PET0       ABC-TO-DEF: InitializeIPDv05p6a intro {ES}:! ! --- Array::log() start -----------------------------------
20260908 003943.002 INFO             PET0       ABC-TO-DEF: InitializeIPDv05p6a intro {ES}:! ! 0xb41b30
20260908 003943.002 INFO             PET0       ABC-TO-DEF: InitializeIPDv05p6a intro {ES}:! ! <name: sea_surface_temperature>
20260908 003943.002 INFO             PET0       ABC-TO-DEF: InitializeIPDv05p6a intro {ES}:! ! ! --- DistGrid::log() start --------------------------------
20260908 003943.003 INFO             PET0       ABC-TO-DEF: InitializeIPDv05p6a intro {ES}:! ! ! 0xb36820
20260908 003943.003 INFO             PET0       ABC-TO-DEF: InitializeIPDv05p6a intro {ES}:! ! ! DistGrid object is valid!<name: DG-global-sloc:0>
20260908 003943.003 INFO             PET0       ABC-TO-DEF: InitializeIPDv05p6a intro {ES}:! ! ! --- DistGrid::log() end ----------------------------------
20260908 003943.003 INFO             PET0       ABC-TO-DEF: InitializeIPDv05p6a intro {ES}:! ! --- Array::log() end -------------------------------------
20260908 003943.003 INFO             PET0       ABC-TO-DEF: InitializeIPDv05p6a intro {ES}:!--- FieldLog() end -------------------
20260908 003943.003 INFO             PET0       ABC-TO-DEF: InitializeIPDv05p6a intro {ES}:--- StateLog() end -------------------
20260908 003943.003 INFO             PET0       ABC-TO-DEF: InitializeIPDv05p6a extro {IS}:--- StateLog() start -----------------
20260908 003943.003 INFO             PET0       ABC-TO-DEF: InitializeIPDv05p6a extro {IS}:<name: ABC-ExportState> <intent: ESMF_STATEINTENT_EXPORT> <itemCount:    2>
20260908 003943.003 INFO             PET0       ABC-TO-DEF: InitializeIPDv05p6a extro {IS}:+-<item: 0001> <itemType: Field> <itemName: sea_surface_height_above_sea_level>
20260908 003943.003 INFO             PET0       ABC-TO-DEF: InitializeIPDv05p6a extro {IS}:!--- FieldLog() start -----------------
20260908 003943.003 INFO             PET0       ABC-TO-DEF: InitializeIPDv05p6a extro {IS}:! <name: sea_surface_height_above_sea_level> <fieldStatus: ESMF_FIELDSTATUS_COMPLETE>
20260908 003943.003 INFO             PET0       ABC-TO-DEF: InitializeIPDv05p6a extro {IS}:! 0x7ffe24e64860 => 0xaedff0 => 0xaee8c0
20260908 003943.003 INFO             PET0       ABC-TO-DEF: InitializeIPDv05p6a extro {IS}:! <typekind: Real*8> <rank:    2> <dimCount:    2>
20260908 003943.003 INFO             PET0       ABC-TO-DEF: InitializeIPDv05p6a extro {IS}:! ! --- Array::log() start -----------------------------------
20260908 003943.003 INFO             PET0       ABC-TO-DEF: InitializeIPDv05p6a extro {IS}:! ! 0xaf1680
20260908 003943.003 INFO             PET0       ABC-TO-DEF: InitializeIPDv05p6a extro {IS}:! ! <name: sea_surface_height_above_sea_level>
20260908 003943.003 INFO             PET0       ABC-TO-DEF: InitializeIPDv05p6a extro {IS}:! ! ! --- DistGrid::log() start --------------------------------
20260908 003943.003 INFO             PET0       ABC-TO-DEF: InitializeIPDv05p6a extro {IS}:! ! ! 0xae5490
20260908 003943.003 INFO             PET0       ABC-TO-DEF: InitializeIPDv05p6a extro {IS}:! ! ! DistGrid object is valid!<name: DG-global-sloc:0>
20260908 003943.003 INFO             PET0       ABC-TO-DEF: InitializeIPDv05p6a extro {IS}:! ! ! --- DistGrid::log() end ----------------------------------
20260908 003943.003 INFO             PET0       ABC-TO-DEF: InitializeIPDv05p6a extro {IS}:! ! --- Array::log() end -------------------------------------
20260908 003943.003 INFO             PET0       ABC-TO-DEF: InitializeIPDv05p6a extro {IS}:!--- FieldLog() end -------------------
20260908 003943.003 INFO             PET0       ABC-TO-DEF: InitializeIPDv05p6a extro {IS}:+-<item: 0002> <itemType: Field> <itemName: sea_surface_temperature>
20260908 003943.003 INFO             PET0       ABC-TO-DEF: InitializeIPDv05p6a extro {IS}:!--- FieldLog() start -----------------
20260908 003943.003 INFO             PET0       ABC-TO-DEF: InitializeIPDv05p6a extro {IS}:! <name: sea_surface_temperature> <fieldStatus: ESMF_FIELDSTATUS_COMPLETE>
20260908 003943.003 INFO             PET0       ABC-TO-DEF: InitializeIPDv05p6a extro {IS}:! 0x7ffe24e64860 => 0xaa5d00 => 0xae9ba0
20260908 003943.003 INFO             PET0       ABC-TO-DEF: InitializeIPDv05p6a extro {IS}:! <typekind: Real*8> <rank:    2> <dimCount:    2>
20260908 003943.003 INFO             PET0       ABC-TO-DEF: InitializeIPDv05p6a extro {IS}:! ! --- Array::log() start -----------------------------------
20260908 003943.003 INFO             PET0       ABC-TO-DEF: InitializeIPDv05p6a extro {IS}:! ! 0xaec960
20260908 003943.003 INFO             PET0       ABC-TO-DEF: InitializeIPDv05p6a extro {IS}:! ! <name: sea_surface_temperature>
20260908 003943.003 INFO             PET0       ABC-TO-DEF: InitializeIPDv05p6a extro {IS}:! ! ! --- DistGrid::log() start --------------------------------
20260908 003943.003 INFO             PET0       ABC-TO-DEF: InitializeIPDv05p6a extro {IS}:! ! ! 0xae5490
20260908 003943.003 INFO             PET0       ABC-TO-DEF: InitializeIPDv05p6a extro {IS}:! ! ! DistGrid object is valid!<name: DG-global-sloc:0>
20260908 003943.003 INFO             PET0       ABC-TO-DEF: InitializeIPDv05p6a extro {IS}:! ! ! --- DistGrid::log() end ----------------------------------
20260908 003943.003 INFO             PET0       ABC-TO-DEF: InitializeIPDv05p6a extro {IS}:! ! --- Array::log() end -------------------------------------
20260908 003943.003 INFO             PET0       ABC-TO-DEF: InitializeIPDv05p6a extro {IS}:!--- FieldLog() end -------------------
20260908 003943.003 INFO             PET0       ABC-TO-DEF: InitializeIPDv05p6a extro {IS}:--- StateLog() end -------------------
20260908 003943.003 INFO             PET0       ABC-TO-DEF: InitializeIPDv05p6a extro {ES}:--- StateLog() start -----------------
20260908 003943.003 INFO             PET0       ABC-TO-DEF: InitializeIPDv05p6a extro {ES}:<name: DEF-ImportState> <intent: ESMF_STATEINTENT_IMPORT> <itemCount:    2>
20260908 003943.003 INFO             PET0       ABC-TO-DEF: InitializeIPDv05p6a extro {ES}:+-<item: 0001> <itemType: Field> <itemName: sea_surface_height_above_sea_level>
20260908 003943.003 INFO             PET0       ABC-TO-DEF: InitializeIPDv05p6a extro {ES}:!--- FieldLog() start -----------------
20260908 003943.003 INFO             PET0       ABC-TO-DEF: InitializeIPDv05p6a extro {ES}:! <name: sea_surface_height_above_sea_level> <fieldStatus: ESMF_FIELDSTATUS_COMPLETE>
20260908 003943.003 INFO             PET0       ABC-TO-DEF: InitializeIPDv05p6a extro {ES}:! 0x7ffe24e64860 => 0xb43440 => 0xb43660
20260908 003943.003 INFO             PET0       ABC-TO-DEF: InitializeIPDv05p6a extro {ES}:! <typekind: Real*4> <rank:    2> <dimCount:    2>
20260908 003943.003 INFO             PET0       ABC-TO-DEF: InitializeIPDv05p6a extro {ES}:! ! --- Array::log() start -----------------------------------
20260908 003943.003 INFO             PET0       ABC-TO-DEF: InitializeIPDv05p6a extro {ES}:! ! 0xb48cd0
20260908 003943.003 INFO             PET0       ABC-TO-DEF: InitializeIPDv05p6a extro {ES}:! ! <name: sea_surface_height_above_sea_level>
20260908 003943.003 INFO             PET0       ABC-TO-DEF: InitializeIPDv05p6a extro {ES}:! ! ! --- DistGrid::log() start --------------------------------
20260908 003943.003 INFO             PET0       ABC-TO-DEF: InitializeIPDv05p6a extro {ES}:! ! ! 0xb36820
20260908 003943.003 INFO             PET0       ABC-TO-DEF: InitializeIPDv05p6a extro {ES}:! ! ! DistGrid object is valid!<name: DG-global-sloc:0>
20260908 003943.003 INFO             PET0       ABC-TO-DEF: InitializeIPDv05p6a extro {ES}:! ! ! --- DistGrid::log() end ----------------------------------
20260908 003943.004 INFO             PET0       ABC-TO-DEF: InitializeIPDv05p6a extro {ES}:! ! --- Array::log() end -------------------------------------
20260908 003943.004 INFO             PET0       ABC-TO-DEF: InitializeIPDv05p6a extro {ES}:!--- FieldLog() end -------------------
20260908 003943.004 INFO             PET0       ABC-TO-DEF: InitializeIPDv05p6a extro {ES}:+-<item: 0002> <itemType: Field> <itemName: sea_surface_temperature>
20260908 003943.004 INFO             PET0       ABC-TO-DEF: InitializeIPDv05p6a extro {ES}:!--- FieldLog() start -----------------
20260908 003943.004 INFO             PET0       ABC-TO-DEF: InitializeIPDv05p6a extro {ES}:! <name: sea_surface_temperature> <fieldStatus: ESMF_FIELDSTATUS_COMPLETE>
20260908 003943.004 INFO             PET0       ABC-TO-DEF: InitializeIPDv05p6a extro {ES}:! 0x7ffe24e64860 => 0xb3c1c0 => 0xb3c500
20260908 003943.004 INFO             PET0       ABC-TO-DEF: InitializeIPDv05p6a extro {ES}:! <typekind: Real*4> <rank:    2> <dimCount:    2>
20260908 003943.004 INFO             PET0       ABC-TO-DEF: InitializeIPDv05p6a extro {ES}:! ! --- Array::log() start -----------------------------------
20260908 003943.004 INFO             PET0       ABC-TO-DEF: InitializeIPDv05p6a extro {ES}:! ! 0xb41b30
20260908 003943.004 INFO             PET0       ABC-TO-DEF: InitializeIPDv05p6a extro {ES}:! ! <name: sea_surface_temperature>
20260908 003943.004 INFO             PET0       ABC-TO-DEF: InitializeIPDv05p6a extro {ES}:! ! ! --- DistGrid::log() start --------------------------------
20260908 003943.004 INFO             PET0       ABC-TO-DEF: InitializeIPDv05p6a extro {ES}:! ! ! 0xb36820
20260908 003943.004 INFO             PET0       ABC-TO-DEF: InitializeIPDv05p6a extro {ES}:! ! ! DistGrid object is valid!<name: DG-global-sloc:0>
20260908 003943.004 INFO             PET0       ABC-TO-DEF: InitializeIPDv05p6a extro {ES}:! ! ! --- DistGrid::log() end ----------------------------------
20260908 003943.004 INFO             PET0       ABC-TO-DEF: InitializeIPDv05p6a extro {ES}:! ! --- Array::log() end -------------------------------------
20260908 003943.004 INFO             PET0       ABC-TO-DEF: InitializeIPDv05p6a extro {ES}:!--- FieldLog() end -------------------
20260908 003943.004 INFO             PET0       ABC-TO-DEF: InitializeIPDv05p6a extro {ES}:--- StateLog() end -------------------
20260908 003943.004 INFO             PET0     ABC-TO-DEF: InitializeIPDv05p6a extro.
20260908 003943.004 INFO             PET0     ABC-TO-DEF: InitializeIPDv05p6b intro.
20260908 003943.004 INFO             PET0       ABC-TO-DEF: InitializeIPDv05p6b intro {IS}:--- StateLog() start -----------------
20260908 003943.004 INFO             PET0       ABC-TO-DEF: InitializeIPDv05p6b intro {IS}:<name: ABC-ExportState> <intent: ESMF_STATEINTENT_EXPORT> <itemCount:    2>
20260908 003943.004 INFO             PET0       ABC-TO-DEF: InitializeIPDv05p6b intro {IS}:+-<item: 0001> <itemType: Field> <itemName: sea_surface_height_above_sea_level>
20260908 003943.004 INFO             PET0       ABC-TO-DEF: InitializeIPDv05p6b intro {IS}:!--- FieldLog() start -----------------
20260908 003943.004 INFO             PET0       ABC-TO-DEF: InitializeIPDv05p6b intro {IS}:! <name: sea_surface_height_above_sea_level> <fieldStatus: ESMF_FIELDSTATUS_COMPLETE>
20260908 003943.004 INFO             PET0       ABC-TO-DEF: InitializeIPDv05p6b intro {IS}:! 0x7ffe24e62eb0 => 0xaedff0 => 0xaee8c0
20260908 003943.004 INFO             PET0       ABC-TO-DEF: InitializeIPDv05p6b intro {IS}:! <typekind: Real*8> <rank:    2> <dimCount:    2>
20260908 003943.004 INFO             PET0       ABC-TO-DEF: InitializeIPDv05p6b intro {IS}:! ! --- Array::log() start -----------------------------------
20260908 003943.004 INFO             PET0       ABC-TO-DEF: InitializeIPDv05p6b intro {IS}:! ! 0xaf1680
20260908 003943.005 INFO             PET0       ABC-TO-DEF: InitializeIPDv05p6b intro {IS}:! ! <name: sea_surface_height_above_sea_level>
20260908 003943.005 INFO             PET0       ABC-TO-DEF: InitializeIPDv05p6b intro {IS}:! ! ! --- DistGrid::log() start --------------------------------
20260908 003943.005 INFO             PET0       ABC-TO-DEF: InitializeIPDv05p6b intro {IS}:! ! ! 0xae5490
20260908 003943.005 INFO             PET0       ABC-TO-DEF: InitializeIPDv05p6b intro {IS}:! ! ! DistGrid object is valid!<name: DG-global-sloc:0>
20260908 003943.005 INFO             PET0       ABC-TO-DEF: InitializeIPDv05p6b intro {IS}:! ! ! --- DistGrid::log() end ----------------------------------
20260908 003943.005 INFO             PET0       ABC-TO-DEF: InitializeIPDv05p6b intro {IS}:! ! --- Array::log() end -------------------------------------
20260908 003943.005 INFO             PET0       ABC-TO-DEF: InitializeIPDv05p6b intro {IS}:!--- FieldLog() end -------------------
20260908 003943.005 INFO             PET0       ABC-TO-DEF: InitializeIPDv05p6b intro {IS}:+-<item: 0002> <itemType: Field> <itemName: sea_surface_temperature>
20260908 003943.005 INFO             PET0       ABC-TO-DEF: InitializeIPDv05p6b intro {IS}:!--- FieldLog() start -----------------
20260908 003943.005 INFO             PET0       ABC-TO-DEF: InitializeIPDv05p6b intro {IS}:! <name: sea_surface_temperature> <fieldStatus: ESMF_FIELDSTATUS_COMPLETE>
20260908 003943.005 INFO             PET0       ABC-TO-DEF: InitializeIPDv05p6b intro {IS}:! 0x7ffe24e62eb0 => 0xaa5d00 => 0xae9ba0
20260908 003943.005 INFO             PET0       ABC-TO-DEF: InitializeIPDv05p6b intro {IS}:! <typekind: Real*8> <rank:    2> <dimCount:    2>
20260908 003943.005 INFO             PET0       ABC-TO-DEF: InitializeIPDv05p6b intro {IS}:! ! --- Array::log() start -----------------------------------
20260908 003943.005 INFO             PET0       ABC-TO-DEF: InitializeIPDv05p6b intro {IS}:! ! 0xaec960
20260908 003943.005 INFO             PET0       ABC-TO-DEF: InitializeIPDv05p6b intro {IS}:! ! <name: sea_surface_temperature>
20260908 003943.005 INFO             PET0       ABC-TO-DEF: InitializeIPDv05p6b intro {IS}:! ! ! --- DistGrid::log() start --------------------------------
20260908 003943.005 INFO             PET0       ABC-TO-DEF: InitializeIPDv05p6b intro {IS}:! ! ! 0xae5490
20260908 003943.005 INFO             PET0       ABC-TO-DEF: InitializeIPDv05p6b intro {IS}:! ! ! DistGrid object is valid!<name: DG-global-sloc:0>
20260908 003943.005 INFO             PET0       ABC-TO-DEF: InitializeIPDv05p6b intro {IS}:! ! ! --- DistGrid::log() end ----------------------------------
20260908 003943.005 INFO             PET0       ABC-TO-DEF: InitializeIPDv05p6b intro {IS}:! ! --- Array::log() end -------------------------------------
20260908 003943.005 INFO             PET0       ABC-TO-DEF: InitializeIPDv05p6b intro {IS}:!--- FieldLog() end -------------------
20260908 003943.005 INFO             PET0       ABC-TO-DEF: InitializeIPDv05p6b intro {IS}:--- StateLog() end -------------------
20260908 003943.005 INFO             PET0       ABC-TO-DEF: InitializeIPDv05p6b intro {ES}:--- StateLog() start -----------------
20260908 003943.005 INFO             PET0       ABC-TO-DEF: InitializeIPDv05p6b intro {ES}:<name: DEF-ImportState> <intent: ESMF_STATEINTENT_IMPORT> <itemCount:    2>
20260908 003943.005 INFO             PET0       ABC-TO-DEF: InitializeIPDv05p6b intro {ES}:+-<item: 0001> <itemType: Field> <itemName: sea_surface_height_above_sea_level>
20260908 003943.005 INFO             PET0       ABC-TO-DEF: InitializeIPDv05p6b intro {ES}:!--- FieldLog() start -----------------
20260908 003943.005 INFO             PET0       ABC-TO-DEF: InitializeIPDv05p6b intro {ES}:! <name: sea_surface_height_above_sea_level> <fieldStatus: ESMF_FIELDSTATUS_COMPLETE>
20260908 003943.005 INFO             PET0       ABC-TO-DEF: InitializeIPDv05p6b intro {ES}:! 0x7ffe24e62eb0 => 0xb43440 => 0xb43660
20260908 003943.005 INFO             PET0       ABC-TO-DEF: InitializeIPDv05p6b intro {ES}:! <typekind: Real*4> <rank:    2> <dimCount:    2>
20260908 003943.005 INFO             PET0       ABC-TO-DEF: InitializeIPDv05p6b intro {ES}:! ! --- Array::log() start -----------------------------------
20260908 003943.005 INFO             PET0       ABC-TO-DEF: InitializeIPDv05p6b intro {ES}:! ! 0xb48cd0
20260908 003943.005 INFO             PET0       ABC-TO-DEF: InitializeIPDv05p6b intro {ES}:! ! <name: sea_surface_height_above_sea_level>
20260908 003943.005 INFO             PET0       ABC-TO-DEF: InitializeIPDv05p6b intro {ES}:! ! ! --- DistGrid::log() start --------------------------------
20260908 003943.005 INFO             PET0       ABC-TO-DEF: InitializeIPDv05p6b intro {ES}:! ! ! 0xb36820
20260908 003943.005 INFO             PET0       ABC-TO-DEF: InitializeIPDv05p6b intro {ES}:! ! ! DistGrid object is valid!<name: DG-global-sloc:0>
20260908 003943.005 INFO             PET0       ABC-TO-DEF: InitializeIPDv05p6b intro {ES}:! ! ! --- DistGrid::log() end ----------------------------------
20260908 003943.005 INFO             PET0       ABC-TO-DEF: InitializeIPDv05p6b intro {ES}:! ! --- Array::log() end -------------------------------------
20260908 003943.005 INFO             PET0       ABC-TO-DEF: InitializeIPDv05p6b intro {ES}:!--- FieldLog() end -------------------
20260908 003943.005 INFO             PET0       ABC-TO-DEF: InitializeIPDv05p6b intro {ES}:+-<item: 0002> <itemType: Field> <itemName: sea_surface_temperature>
20260908 003943.005 INFO             PET0       ABC-TO-DEF: InitializeIPDv05p6b intro {ES}:!--- FieldLog() start -----------------
20260908 003943.005 INFO             PET0       ABC-TO-DEF: InitializeIPDv05p6b intro {ES}:! <name: sea_surface_temperature> <fieldStatus: ESMF_FIELDSTATUS_COMPLETE>
20260908 003943.005 INFO             PET0       ABC-TO-DEF: InitializeIPDv05p6b intro {ES}:! 0x7ffe24e62eb0 => 0xb3c1c0 => 0xb3c500
20260908 003943.005 INFO             PET0       ABC-TO-DEF: InitializeIPDv05p6b intro {ES}:! <typekind: Real*4> <rank:    2> <dimCount:    2>
20260908 003943.005 INFO             PET0       ABC-TO-DEF: InitializeIPDv05p6b intro {ES}:! ! --- Array::log() start -----------------------------------
20260908 003943.005 INFO             PET0       ABC-TO-DEF: InitializeIPDv05p6b intro {ES}:! ! 0xb41b30
20260908 003943.005 INFO             PET0       ABC-TO-DEF: InitializeIPDv05p6b intro {ES}:! ! <name: sea_surface_temperature>
20260908 003943.005 INFO             PET0       ABC-TO-DEF: InitializeIPDv05p6b intro {ES}:! ! ! --- DistGrid::log() start --------------------------------
20260908 003943.005 INFO             PET0       ABC-TO-DEF: InitializeIPDv05p6b intro {ES}:! ! ! 0xb36820
20260908 003943.005 INFO             PET0       ABC-TO-DEF: InitializeIPDv05p6b intro {ES}:! ! ! DistGrid object is valid!<name: DG-global-sloc:0>
20260908 003943.005 INFO             PET0       ABC-TO-DEF: InitializeIPDv05p6b intro {ES}:! ! ! --- DistGrid::log() end ----------------------------------
20260908 003943.005 INFO             PET0       ABC-TO-DEF: InitializeIPDv05p6b intro {ES}:! ! --- Array::log() end -------------------------------------
20260908 003943.005 INFO             PET0       ABC-TO-DEF: InitializeIPDv05p6b intro {ES}:!--- FieldLog() end -------------------
20260908 003943.005 INFO             PET0       ABC-TO-DEF: InitializeIPDv05p6b intro {ES}:--- StateLog() end -------------------
20260908 003943.006 INFO             PET0       ABC-TO-DEF: handle cplList(1): sea_surface_height_above_sea_level, cplSetList(1): __UNSPECIFIED__
20260908 003943.007 INFO             PET0       ABC-TO-DEF: - no Field sharing between import and export side: remap.
20260908 003943.007 INFO             PET0       ABC-TO-DEF: handle cplList(2): sea_surface_temperature, cplSetList(2): __UNSPECIFIED__
20260908 003943.007 INFO             PET0       ABC-TO-DEF: - no Field sharing between import and export side: remap.
20260908 003943.008 DEBUG            PET0       ESMF_FieldBundleRegridStorePair(): srcField: sea_surface_height_above_sea_level dimCount= 2 rank= 2
20260908 003943.008 DEBUG            PET0       ESMF_FieldBundleRegridStorePair(): dstField: sea_surface_height_above_sea_level dimCount= 2 rank= 2
20260908 003943.008 DEBUG            PET0       ESMF_FieldBundleRegridStorePair(): Inside 'rhReuse' branch!
20260908 003943.008 DEBUG            PET0       ESMF_FieldBundleRegridStorePair(): srcGeomtype==ESMF_GEOMTYPE_GRID dimCount= 2
20260908 003943.008 DEBUG            PET0       ESMF_FieldBundleRegridStorePair(): dstGeomtype==ESMF_GEOMTYPE_GRID dimCount= 2
20260908 003943.008 DEBUG            PET0       ESMF_FieldBundleRegridStorePair(): no rhListMatch -> pre-compute new remapping!
20260908 003943.008 DEBUG            PET0       ESMF_FieldBundleRegridStorePair(): must precompute full regridding!
20260908 003942.400 INFO             PET1 !!!!!!!!!!!!!!!!!!!!!!!!!!!!!!!!!!!!!!!!!!!!!!!!!!!!!!
20260908 003942.400 INFO             PET1 !!! THE ESMF_LOG IS SET TO OUTPUT ALL LOG MESSAGES !!!
20260908 003942.400 INFO             PET1 !!!     THIS MAY CAUSE SLOWDOWN IN PERFORMANCE     !!!
20260908 003942.400 INFO             PET1 !!! FOR PRODUCTION RUNS, USE:                      !!!
20260908 003942.400 INFO             PET1 !!!                   ESMF_LOGKIND_Multi_On_Error  !!!
20260908 003942.400 INFO             PET1 !!!!!!!!!!!!!!!!!!!!!!!!!!!!!!!!!!!!!!!!!!!!!!!!!!!!!!
20260908 003942.400 INFO             PET1 Running with ESMF Version   : feature/esmx-cmake+gdd1288b46b
20260908 003942.400 INFO             PET1 ESMF library build date/time: "Sep  7 2026" "23:35:08"
20260908 003942.400 INFO             PET1 ESMF library build location : /scratch3/NCEPDEV/stmp/Gerhard.Theurich/ESMF-Nightly-Testing-Hera/gfortran_13.2.0_openmpi_g_feature_esmx-cmake/esmf
20260908 003942.400 INFO             PET1 ESMF_COMM                   : openmpi
20260908 003942.401 INFO             PET1 ESMF_MOAB                   : enabled
20260908 003942.401 INFO             PET1 ESMF_LAPACK                 : enabled
20260908 003942.401 INFO             PET1 ESMF_NETCDF                 : disabled
20260908 003942.401 INFO             PET1 ESMF_PNETCDF                : disabled
20260908 003942.401 INFO             PET1 ESMF_PIO                    : disabled
20260908 003942.401 INFO             PET1 ESMF_YAMLCPP                : enabled
20260908 003942.405 INFO             PET1 ESMF Profiling Enabled
20260908 003942.405 INFO             PET1 ESMF Trace/Profile clock: REALTIME
20260908 003942.438 INFO             PET1 =============================================
20260908 003942.438 INFO             PET1 ESMX (Earth System Model eXecutable) STARTING
20260908 003942.438 INFO             PET1 =============================================
20260908 003942.600 DEBUG            PET1 Generic SetVM() is executing for: ESMX_Driver
20260908 003942.600 DEBUG            PET1 Generic SetVM() found no NUOPC Hint for: ESMX_Driver
20260908 003942.600 DEBUG            PET1 Generic SetVM() therefore is NOT calling ESMF_GridCompSetVMMaxPEs() for: ESMX_Driver
20260908 003942.642 INFO             PET1 ESMX_Driver: InitializeGeneric intro.
20260908 003942.642 INFO             PET1   ESMX_Driver: InitializeGeneric intro {IS}:--- StateLog() start -----------------
20260908 003942.642 INFO             PET1   ESMX_Driver: InitializeGeneric intro {IS}:State object is invalid! Not created or deleted!
20260908 003942.642 INFO             PET1   ESMX_Driver: InitializeGeneric intro {IS}:--- StateLog() end -------------------
20260908 003942.642 INFO             PET1   ESMX_Driver: InitializeGeneric intro {ES}:--- StateLog() start -----------------
20260908 003942.642 INFO             PET1   ESMX_Driver: InitializeGeneric intro {ES}:State object is invalid! Not created or deleted!
20260908 003942.642 INFO             PET1   ESMX_Driver: InitializeGeneric intro {ES}:--- StateLog() end -------------------
20260908 003942.642 INFO             PET1   >>>ESMX_Driver: entered Initialize (phase=<none>) without valid internal Clock.
20260908 003942.642 INFO             PET1   ESMX_Driver: InitializeP0 intro.
20260908 003942.642 INFO             PET1     ESMX_Driver: InitializeP0 intro {IS}:--- StateLog() start -----------------
20260908 003942.642 INFO             PET1     ESMX_Driver: InitializeP0 intro {IS}:State object is invalid! Not created or deleted!
20260908 003942.642 INFO             PET1     ESMX_Driver: InitializeP0 intro {IS}:--- StateLog() end -------------------
20260908 003942.642 INFO             PET1     ESMX_Driver: InitializeP0 intro {ES}:--- StateLog() start -----------------
20260908 003942.642 INFO             PET1     ESMX_Driver: InitializeP0 intro {ES}:State object is invalid! Not created or deleted!
20260908 003942.643 INFO             PET1     ESMX_Driver: InitializeP0 intro {ES}:--- StateLog() end -------------------
20260908 003942.643 INFO             PET1     >>>ESMX_Driver: entered Initialize (phase=<none>) without valid internal Clock.
20260908 003942.643 INFO             PET1     <<<ESMX_Driver: leaving Initialize (phase=<none>) without valid internal Clock.
20260908 003942.643 INFO             PET1     ESMX_Driver: InitializeP0 extro {IS}:--- StateLog() start -----------------
20260908 003942.643 INFO             PET1     ESMX_Driver: InitializeP0 extro {IS}:State object is invalid! Not created or deleted!
20260908 003942.643 INFO             PET1     ESMX_Driver: InitializeP0 extro {IS}:--- StateLog() end -------------------
20260908 003942.643 INFO             PET1     ESMX_Driver: InitializeP0 extro {ES}:--- StateLog() start -----------------
20260908 003942.643 INFO             PET1     ESMX_Driver: InitializeP0 extro {ES}:State object is invalid! Not created or deleted!
20260908 003942.643 INFO             PET1     ESMX_Driver: InitializeP0 extro {ES}:--- StateLog() end -------------------
20260908 003942.643 INFO             PET1   ESMX_Driver: InitializeP0 extro.
20260908 003942.643 INFO             PET1   ESMX_Driver: InitializeIPDv02p1 intro.
20260908 003942.643 INFO             PET1     ESMX_Driver: InitializeIPDv02p1 intro {IS}:--- StateLog() start -----------------
20260908 003942.643 INFO             PET1     ESMX_Driver: InitializeIPDv02p1 intro {IS}:State object is invalid! Not created or deleted!
20260908 003942.643 INFO             PET1     ESMX_Driver: InitializeIPDv02p1 intro {IS}:--- StateLog() end -------------------
20260908 003942.643 INFO             PET1     ESMX_Driver: InitializeIPDv02p1 intro {ES}:--- StateLog() start -----------------
20260908 003942.643 INFO             PET1     ESMX_Driver: InitializeIPDv02p1 intro {ES}:State object is invalid! Not created or deleted!
20260908 003942.643 INFO             PET1     ESMX_Driver: InitializeIPDv02p1 intro {ES}:--- StateLog() end -------------------
20260908 003942.643 INFO             PET1     >>>ESMX_Driver: entered Initialize (phase=<none>) without valid internal Clock.
20260908 003942.718 INFO             PET1     ESMX_Driver - Creating model component ABC without petList.
20260908 003942.718 DEBUG            PET1     Generic SetVM() is executing for: ABC
20260908 003942.718 DEBUG            PET1     Generic SetVM() found no NUOPC Hint for: ABC
20260908 003942.718 DEBUG            PET1     Generic SetVM() therefore is NOT calling ESMF_GridCompSetVMMaxPEs() for: ABC
20260908 003942.824 INFO             PET1     ESMX_Driver - Creating model component DEF without petList.
20260908 003942.824 DEBUG            PET1     Generic SetVM() is executing for: DEF
20260908 003942.824 DEBUG            PET1     Generic SetVM() found no NUOPC Hint for: DEF
20260908 003942.824 DEBUG            PET1     Generic SetVM() therefore is NOT calling ESMF_GridCompSetVMMaxPEs() for: DEF
20260908 003942.888 INFO             PET1     ESMX_Driver - Creating state: modelComp 1 Import State
20260908 003942.888 INFO             PET1     ESMX_Driver - Creating state: modelComp 1 Export State
20260908 003942.889 INFO             PET1     ESMX_Driver - Creating state: modelComp 2 Import State
20260908 003942.889 INFO             PET1     ESMX_Driver - Creating state: modelComp 2 Export State
20260908 003942.891 INFO             PET1     ABC: InitializeP0 intro.
20260908 003942.891 INFO             PET1       ABC: InitializeP0 intro {IS}:--- StateLog() start -----------------
20260908 003942.891 INFO             PET1       ABC: InitializeP0 intro {IS}:<name: ABC-ImportState> <intent: ESMF_STATEINTENT_IMPORT> <itemCount:    0>
20260908 003942.891 INFO             PET1       ABC: InitializeP0 intro {IS}:--- StateLog() end -------------------
20260908 003942.891 INFO             PET1       ABC: InitializeP0 intro {ES}:--- StateLog() start -----------------
20260908 003942.892 INFO             PET1       ABC: InitializeP0 intro {ES}:<name: ABC-ExportState> <intent: ESMF_STATEINTENT_EXPORT> <itemCount:    0>
20260908 003942.892 INFO             PET1       ABC: InitializeP0 intro {ES}:--- StateLog() end -------------------
20260908 003942.892 INFO             PET1       >>>ABC: entered Initialize (phase=<none>) without valid internal Clock.
20260908 003942.894 INFO             PET1       <<<ABC: leaving Initialize (phase=<none>) without valid internal Clock.
20260908 003942.894 INFO             PET1       ABC: InitializeP0 extro {IS}:--- StateLog() start -----------------
20260908 003942.894 INFO             PET1       ABC: InitializeP0 extro {IS}:<name: ABC-ImportState> <intent: ESMF_STATEINTENT_IMPORT> <itemCount:    0>
20260908 003942.894 INFO             PET1       ABC: InitializeP0 extro {IS}:--- StateLog() end -------------------
20260908 003942.894 INFO             PET1       ABC: InitializeP0 extro {ES}:--- StateLog() start -----------------
20260908 003942.894 INFO             PET1       ABC: InitializeP0 extro {ES}:<name: ABC-ExportState> <intent: ESMF_STATEINTENT_EXPORT> <itemCount:    0>
20260908 003942.894 INFO             PET1       ABC: InitializeP0 extro {ES}:--- StateLog() end -------------------
20260908 003942.894 INFO             PET1     ABC: InitializeP0 extro.
20260908 003942.895 INFO             PET1     DEF: InitializeP0 intro.
20260908 003942.895 INFO             PET1       DEF: InitializeP0 intro {IS}:--- StateLog() start -----------------
20260908 003942.895 INFO             PET1       DEF: InitializeP0 intro {IS}:<name: DEF-ImportState> <intent: ESMF_STATEINTENT_IMPORT> <itemCount:    0>
20260908 003942.895 INFO             PET1       DEF: InitializeP0 intro {IS}:--- StateLog() end -------------------
20260908 003942.895 INFO             PET1       DEF: InitializeP0 intro {ES}:--- StateLog() start -----------------
20260908 003942.895 INFO             PET1       DEF: InitializeP0 intro {ES}:<name: DEF-ExportState> <intent: ESMF_STATEINTENT_EXPORT> <itemCount:    0>
20260908 003942.895 INFO             PET1       DEF: InitializeP0 intro {ES}:--- StateLog() end -------------------
20260908 003942.895 INFO             PET1       >>>DEF: entered Initialize (phase=<none>) without valid internal Clock.
20260908 003942.898 INFO             PET1       <<<DEF: leaving Initialize (phase=<none>) without valid internal Clock.
20260908 003942.898 INFO             PET1       DEF: InitializeP0 extro {IS}:--- StateLog() start -----------------
20260908 003942.898 INFO             PET1       DEF: InitializeP0 extro {IS}:<name: DEF-ImportState> <intent: ESMF_STATEINTENT_IMPORT> <itemCount:    0>
20260908 003942.898 INFO             PET1       DEF: InitializeP0 extro {IS}:--- StateLog() end -------------------
20260908 003942.898 INFO             PET1       DEF: InitializeP0 extro {ES}:--- StateLog() start -----------------
20260908 003942.898 INFO             PET1       DEF: InitializeP0 extro {ES}:<name: DEF-ExportState> <intent: ESMF_STATEINTENT_EXPORT> <itemCount:    0>
20260908 003942.898 INFO             PET1       DEF: InitializeP0 extro {ES}:--- StateLog() end -------------------
20260908 003942.898 INFO             PET1     DEF: InitializeP0 extro.
20260908 003942.934 INFO             PET1     ESMX_Driver - Creating connector component ABC-TO-DEF without petList.
20260908 003942.950 INFO             PET1     ESMX_Driver - Setting Verbosity on created component to: high
20260908 003942.950 INFO             PET1     ESMX_Driver - Setting Profiling on created component to:          0
20260908 003942.953 INFO             PET1     ESMX_Driver: IInitAdvertise intro.
20260908 003942.953 INFO             PET1       ESMX_Driver: IInitAdvertise intro {IS}:--- StateLog() start -----------------
20260908 003942.953 INFO             PET1       ESMX_Driver: IInitAdvertise intro {IS}:State object is invalid! Not created or deleted!
20260908 003942.953 INFO             PET1       ESMX_Driver: IInitAdvertise intro {IS}:--- StateLog() end -------------------
20260908 003942.953 INFO             PET1       ESMX_Driver: IInitAdvertise intro {ES}:--- StateLog() start -----------------
20260908 003942.953 INFO             PET1       ESMX_Driver: IInitAdvertise intro {ES}:State object is invalid! Not created or deleted!
20260908 003942.953 INFO             PET1       ESMX_Driver: IInitAdvertise intro {ES}:--- StateLog() end -------------------
20260908 003942.953 INFO             PET1       >>>ESMX_Driver: entered Initialize (phase=<none>) with current time: 2012 10 24  8  0  0   0
20260908 003942.954 INFO             PET1       <<<ESMX_Driver: leaving Initialize (phase=<none>) with current time: 2012 10 24  8  0  0   0
20260908 003942.954 INFO             PET1       ESMX_Driver: IInitAdvertise extro {IS}:--- StateLog() start -----------------
20260908 003942.954 INFO             PET1       ESMX_Driver: IInitAdvertise extro {IS}:State object is invalid! Not created or deleted!
20260908 003942.954 INFO             PET1       ESMX_Driver: IInitAdvertise extro {IS}:--- StateLog() end -------------------
20260908 003942.954 INFO             PET1       ESMX_Driver: IInitAdvertise extro {ES}:--- StateLog() start -----------------
20260908 003942.954 INFO             PET1       ESMX_Driver: IInitAdvertise extro {ES}:State object is invalid! Not created or deleted!
20260908 003942.954 INFO             PET1       ESMX_Driver: IInitAdvertise extro {ES}:--- StateLog() end -------------------
20260908 003942.954 INFO             PET1     ESMX_Driver: IInitAdvertise extro.
20260908 003942.954 INFO             PET1     ABC: InitializeIPDvXp01 intro.
20260908 003942.954 INFO             PET1       ABC: InitializeIPDvXp01 intro {IS}:--- StateLog() start -----------------
20260908 003942.954 INFO             PET1       ABC: InitializeIPDvXp01 intro {IS}:<name: ABC-ImportState> <intent: ESMF_STATEINTENT_IMPORT> <itemCount:    0>
20260908 003942.954 INFO             PET1       ABC: InitializeIPDvXp01 intro {IS}:--- StateLog() end -------------------
20260908 003942.954 INFO             PET1       ABC: InitializeIPDvXp01 intro {ES}:--- StateLog() start -----------------
20260908 003942.954 INFO             PET1       ABC: InitializeIPDvXp01 intro {ES}:<name: ABC-ExportState> <intent: ESMF_STATEINTENT_EXPORT> <itemCount:    0>
20260908 003942.954 INFO             PET1       ABC: InitializeIPDvXp01 intro {ES}:--- StateLog() end -------------------
20260908 003942.954 INFO             PET1       >>>ABC: entered Initialize (phase=IPDvXp01) without valid internal Clock.
20260908 003942.958 INFO             PET1       <<<ABC: leaving Initialize (phase=IPDvXp01) without valid internal Clock.
20260908 003942.958 INFO             PET1       ABC: InitializeIPDvXp01 extro {IS}:--- StateLog() start -----------------
20260908 003942.958 INFO             PET1       ABC: InitializeIPDvXp01 extro {IS}:<name: ABC-ImportState> <intent: ESMF_STATEINTENT_IMPORT> <itemCount:    0>
20260908 003942.958 INFO             PET1       ABC: InitializeIPDvXp01 extro {IS}:--- StateLog() end -------------------
20260908 003942.958 INFO             PET1       ABC: InitializeIPDvXp01 extro {ES}:--- StateLog() start -----------------
20260908 003942.958 INFO             PET1       ABC: InitializeIPDvXp01 extro {ES}:<name: ABC-ExportState> <intent: ESMF_STATEINTENT_EXPORT> <itemCount:    2>
20260908 003942.958 INFO             PET1       ABC: InitializeIPDvXp01 extro {ES}:+-<item: 0001> <itemType: Field> <itemName: sea_surface_height_above_sea_level>
20260908 003942.958 INFO             PET1       ABC: InitializeIPDvXp01 extro {ES}:!--- FieldLog() start -----------------
20260908 003942.958 INFO             PET1       ABC: InitializeIPDvXp01 extro {ES}:! <name: sea_surface_height_above_sea_level> <fieldStatus: ESMF_FIELDSTATUS_EMPTY>
20260908 003942.958 INFO             PET1       ABC: InitializeIPDvXp01 extro {ES}:! 0x7ffd88dd5ef0 => 0x21cbe80 => 0x21cc0a0
20260908 003942.958 INFO             PET1       ABC: InitializeIPDvXp01 extro {ES}:!--- FieldLog() end -------------------
20260908 003942.958 INFO             PET1       ABC: InitializeIPDvXp01 extro {ES}:+-<item: 0002> <itemType: Field> <itemName: sea_surface_temperature>
20260908 003942.958 INFO             PET1       ABC: InitializeIPDvXp01 extro {ES}:!--- FieldLog() start -----------------
20260908 003942.958 INFO             PET1       ABC: InitializeIPDvXp01 extro {ES}:! <name: sea_surface_temperature> <fieldStatus: ESMF_FIELDSTATUS_EMPTY>
20260908 003942.958 INFO             PET1       ABC: InitializeIPDvXp01 extro {ES}:! 0x7ffd88dd5ef0 => 0x21db300 => 0x21c93e0
20260908 003942.958 INFO             PET1       ABC: InitializeIPDvXp01 extro {ES}:!--- FieldLog() end -------------------
20260908 003942.958 INFO             PET1       ABC: InitializeIPDvXp01 extro {ES}:--- StateLog() end -------------------
20260908 003942.958 INFO             PET1     ABC: InitializeIPDvXp01 extro.
20260908 003942.958 INFO             PET1     DEF: InitializeIPDvXp01 intro.
20260908 003942.958 INFO             PET1       DEF: InitializeIPDvXp01 intro {IS}:--- StateLog() start -----------------
20260908 003942.958 INFO             PET1       DEF: InitializeIPDvXp01 intro {IS}:<name: DEF-ImportState> <intent: ESMF_STATEINTENT_IMPORT> <itemCount:    0>
20260908 003942.958 INFO             PET1       DEF: InitializeIPDvXp01 intro {IS}:--- StateLog() end -------------------
20260908 003942.958 INFO             PET1       DEF: InitializeIPDvXp01 intro {ES}:--- StateLog() start -----------------
20260908 003942.958 INFO             PET1       DEF: InitializeIPDvXp01 intro {ES}:<name: DEF-ExportState> <intent: ESMF_STATEINTENT_EXPORT> <itemCount:    0>
20260908 003942.958 INFO             PET1       DEF: InitializeIPDvXp01 intro {ES}:--- StateLog() end -------------------
20260908 003942.958 INFO             PET1       >>>DEF: entered Initialize (phase=IPDvXp01) without valid internal Clock.
20260908 003942.962 INFO             PET1       <<<DEF: leaving Initialize (phase=IPDvXp01) without valid internal Clock.
20260908 003942.962 INFO             PET1       DEF: InitializeIPDvXp01 extro {IS}:--- StateLog() start -----------------
20260908 003942.962 INFO             PET1       DEF: InitializeIPDvXp01 extro {IS}:<name: DEF-ImportState> <intent: ESMF_STATEINTENT_IMPORT> <itemCount:    2>
20260908 003942.962 INFO             PET1       DEF: InitializeIPDvXp01 extro {IS}:+-<item: 0001> <itemType: Field> <itemName: sea_surface_height_above_sea_level>
20260908 003942.962 INFO             PET1       DEF: InitializeIPDvXp01 extro {IS}:!--- FieldLog() start -----------------
20260908 003942.962 INFO             PET1       DEF: InitializeIPDvXp01 extro {IS}:! <name: sea_surface_height_above_sea_level> <fieldStatus: ESMF_FIELDSTATUS_EMPTY>
20260908 003942.962 INFO             PET1       DEF: InitializeIPDvXp01 extro {IS}:! 0x7ffd88dd5ef0 => 0x21cd3e0 => 0x21cd600
20260908 003942.962 INFO             PET1       DEF: InitializeIPDvXp01 extro {IS}:!--- FieldLog() end -------------------
20260908 003942.962 INFO             PET1       DEF: InitializeIPDvXp01 extro {IS}:+-<item: 0002> <itemType: Field> <itemName: sea_surface_temperature>
20260908 003942.962 INFO             PET1       DEF: InitializeIPDvXp01 extro {IS}:!--- FieldLog() start -----------------
20260908 003942.962 INFO             PET1       DEF: InitializeIPDvXp01 extro {IS}:! <name: sea_surface_temperature> <fieldStatus: ESMF_FIELDSTATUS_EMPTY>
20260908 003942.962 INFO             PET1       DEF: InitializeIPDvXp01 extro {IS}:! 0x7ffd88dd5ef0 => 0x21d8a50 => 0x21d8c70
20260908 003942.962 INFO             PET1       DEF: InitializeIPDvXp01 extro {IS}:!--- FieldLog() end -------------------
20260908 003942.962 INFO             PET1       DEF: InitializeIPDvXp01 extro {IS}:--- StateLog() end -------------------
20260908 003942.962 INFO             PET1       DEF: InitializeIPDvXp01 extro {ES}:--- StateLog() start -----------------
20260908 003942.962 INFO             PET1       DEF: InitializeIPDvXp01 extro {ES}:<name: DEF-ExportState> <intent: ESMF_STATEINTENT_EXPORT> <itemCount:    0>
20260908 003942.962 INFO             PET1       DEF: InitializeIPDvXp01 extro {ES}:--- StateLog() end -------------------
20260908 003942.962 INFO             PET1     DEF: InitializeIPDvXp01 extro.
20260908 003942.965 INFO             PET1     ABC-TO-DEF: InitializeIPDv05p1 intro.
20260908 003942.965 INFO             PET1       ABC-TO-DEF: InitializeIPDv05p1 intro {IS}:--- StateLog() start -----------------
20260908 003942.965 INFO             PET1       ABC-TO-DEF: InitializeIPDv05p1 intro {IS}:<name: ABC-ExportState> <intent: ESMF_STATEINTENT_EXPORT> <itemCount:    2>
20260908 003942.965 INFO             PET1       ABC-TO-DEF: InitializeIPDv05p1 intro {IS}:+-<item: 0001> <itemType: Field> <itemName: sea_surface_height_above_sea_level>
20260908 003942.965 INFO             PET1       ABC-TO-DEF: InitializeIPDv05p1 intro {IS}:!--- FieldLog() start -----------------
20260908 003942.965 INFO             PET1       ABC-TO-DEF: InitializeIPDv05p1 intro {IS}:! <name: sea_surface_height_above_sea_level> <fieldStatus: ESMF_FIELDSTATUS_EMPTY>
20260908 003942.965 INFO             PET1       ABC-TO-DEF: InitializeIPDv05p1 intro {IS}:! 0x7ffd88dd47c0 => 0x21cbe80 => 0x21cc0a0
20260908 003942.965 INFO             PET1       ABC-TO-DEF: InitializeIPDv05p1 intro {IS}:!--- FieldLog() end -------------------
20260908 003942.965 INFO             PET1       ABC-TO-DEF: InitializeIPDv05p1 intro {IS}:+-<item: 0002> <itemType: Field> <itemName: sea_surface_temperature>
20260908 003942.965 INFO             PET1       ABC-TO-DEF: InitializeIPDv05p1 intro {IS}:!--- FieldLog() start -----------------
20260908 003942.965 INFO             PET1       ABC-TO-DEF: InitializeIPDv05p1 intro {IS}:! <name: sea_surface_temperature> <fieldStatus: ESMF_FIELDSTATUS_EMPTY>
20260908 003942.965 INFO             PET1       ABC-TO-DEF: InitializeIPDv05p1 intro {IS}:! 0x7ffd88dd47c0 => 0x21db300 => 0x21c93e0
20260908 003942.965 INFO             PET1       ABC-TO-DEF: InitializeIPDv05p1 intro {IS}:!--- FieldLog() end -------------------
20260908 003942.965 INFO             PET1       ABC-TO-DEF: InitializeIPDv05p1 intro {IS}:--- StateLog() end -------------------
20260908 003942.965 INFO             PET1       ABC-TO-DEF: InitializeIPDv05p1 intro {ES}:--- StateLog() start -----------------
20260908 003942.965 INFO             PET1       ABC-TO-DEF: InitializeIPDv05p1 intro {ES}:<name: DEF-ImportState> <intent: ESMF_STATEINTENT_IMPORT> <itemCount:    2>
20260908 003942.965 INFO             PET1       ABC-TO-DEF: InitializeIPDv05p1 intro {ES}:+-<item: 0001> <itemType: Field> <itemName: sea_surface_height_above_sea_level>
20260908 003942.965 INFO             PET1       ABC-TO-DEF: InitializeIPDv05p1 intro {ES}:!--- FieldLog() start -----------------
20260908 003942.965 INFO             PET1       ABC-TO-DEF: InitializeIPDv05p1 intro {ES}:! <name: sea_surface_height_above_sea_level> <fieldStatus: ESMF_FIELDSTATUS_EMPTY>
20260908 003942.965 INFO             PET1       ABC-TO-DEF: InitializeIPDv05p1 intro {ES}:! 0x7ffd88dd47c0 => 0x21cd3e0 => 0x21cd600
20260908 003942.965 INFO             PET1       ABC-TO-DEF: InitializeIPDv05p1 intro {ES}:!--- FieldLog() end -------------------
20260908 003942.965 INFO             PET1       ABC-TO-DEF: InitializeIPDv05p1 intro {ES}:+-<item: 0002> <itemType: Field> <itemName: sea_surface_temperature>
20260908 003942.965 INFO             PET1       ABC-TO-DEF: InitializeIPDv05p1 intro {ES}:!--- FieldLog() start -----------------
20260908 003942.965 INFO             PET1       ABC-TO-DEF: InitializeIPDv05p1 intro {ES}:! <name: sea_surface_temperature> <fieldStatus: ESMF_FIELDSTATUS_EMPTY>
20260908 003942.965 INFO             PET1       ABC-TO-DEF: InitializeIPDv05p1 intro {ES}:! 0x7ffd88dd47c0 => 0x21d8a50 => 0x21d8c70
20260908 003942.965 INFO             PET1       ABC-TO-DEF: InitializeIPDv05p1 intro {ES}:!--- FieldLog() end -------------------
20260908 003942.965 INFO             PET1       ABC-TO-DEF: InitializeIPDv05p1 intro {ES}:--- StateLog() end -------------------
20260908 003942.966 INFO             PET1       ABC-TO-DEF: importState FieldTransferPolicy = transferNone
20260908 003942.966 INFO             PET1       ABC-TO-DEF: exportState FieldTransferPolicy = transferNone
20260908 003942.966 INFO             PET1       ABC-TO-DEF: InitializeIPDv05p1 extro {IS}:--- StateLog() start -----------------
20260908 003942.966 INFO             PET1       ABC-TO-DEF: InitializeIPDv05p1 extro {IS}:<name: ABC-ExportState> <intent: ESMF_STATEINTENT_EXPORT> <itemCount:    2>
20260908 003942.966 INFO             PET1       ABC-TO-DEF: InitializeIPDv05p1 extro {IS}:+-<item: 0001> <itemType: Field> <itemName: sea_surface_height_above_sea_level>
20260908 003942.966 INFO             PET1       ABC-TO-DEF: InitializeIPDv05p1 extro {IS}:!--- FieldLog() start -----------------
20260908 003942.966 INFO             PET1       ABC-TO-DEF: InitializeIPDv05p1 extro {IS}:! <name: sea_surface_height_above_sea_level> <fieldStatus: ESMF_FIELDSTATUS_EMPTY>
20260908 003942.966 INFO             PET1       ABC-TO-DEF: InitializeIPDv05p1 extro {IS}:! 0x7ffd88dd4b20 => 0x21cbe80 => 0x21cc0a0
20260908 003942.966 INFO             PET1       ABC-TO-DEF: InitializeIPDv05p1 extro {IS}:!--- FieldLog() end -------------------
20260908 003942.966 INFO             PET1       ABC-TO-DEF: InitializeIPDv05p1 extro {IS}:+-<item: 0002> <itemType: Field> <itemName: sea_surface_temperature>
20260908 003942.966 INFO             PET1       ABC-TO-DEF: InitializeIPDv05p1 extro {IS}:!--- FieldLog() start -----------------
20260908 003942.966 INFO             PET1       ABC-TO-DEF: InitializeIPDv05p1 extro {IS}:! <name: sea_surface_temperature> <fieldStatus: ESMF_FIELDSTATUS_EMPTY>
20260908 003942.966 INFO             PET1       ABC-TO-DEF: InitializeIPDv05p1 extro {IS}:! 0x7ffd88dd4b20 => 0x21db300 => 0x21c93e0
20260908 003942.966 INFO             PET1       ABC-TO-DEF: InitializeIPDv05p1 extro {IS}:!--- FieldLog() end -------------------
20260908 003942.966 INFO             PET1       ABC-TO-DEF: InitializeIPDv05p1 extro {IS}:--- StateLog() end -------------------
20260908 003942.966 INFO             PET1       ABC-TO-DEF: InitializeIPDv05p1 extro {ES}:--- StateLog() start -----------------
20260908 003942.966 INFO             PET1       ABC-TO-DEF: InitializeIPDv05p1 extro {ES}:<name: DEF-ImportState> <intent: ESMF_STATEINTENT_IMPORT> <itemCount:    2>
20260908 003942.966 INFO             PET1       ABC-TO-DEF: InitializeIPDv05p1 extro {ES}:+-<item: 0001> <itemType: Field> <itemName: sea_surface_height_above_sea_level>
20260908 003942.966 INFO             PET1       ABC-TO-DEF: InitializeIPDv05p1 extro {ES}:!--- FieldLog() start -----------------
20260908 003942.966 INFO             PET1       ABC-TO-DEF: InitializeIPDv05p1 extro {ES}:! <name: sea_surface_height_above_sea_level> <fieldStatus: ESMF_FIELDSTATUS_EMPTY>
20260908 003942.966 INFO             PET1       ABC-TO-DEF: InitializeIPDv05p1 extro {ES}:! 0x7ffd88dd4b20 => 0x21cd3e0 => 0x21cd600
20260908 003942.966 INFO             PET1       ABC-TO-DEF: InitializeIPDv05p1 extro {ES}:!--- FieldLog() end -------------------
20260908 003942.966 INFO             PET1       ABC-TO-DEF: InitializeIPDv05p1 extro {ES}:+-<item: 0002> <itemType: Field> <itemName: sea_surface_temperature>
20260908 003942.966 INFO             PET1       ABC-TO-DEF: InitializeIPDv05p1 extro {ES}:!--- FieldLog() start -----------------
20260908 003942.966 INFO             PET1       ABC-TO-DEF: InitializeIPDv05p1 extro {ES}:! <name: sea_surface_temperature> <fieldStatus: ESMF_FIELDSTATUS_EMPTY>
20260908 003942.966 INFO             PET1       ABC-TO-DEF: InitializeIPDv05p1 extro {ES}:! 0x7ffd88dd4b20 => 0x21d8a50 => 0x21d8c70
20260908 003942.966 INFO             PET1       ABC-TO-DEF: InitializeIPDv05p1 extro {ES}:!--- FieldLog() end -------------------
20260908 003942.966 INFO             PET1       ABC-TO-DEF: InitializeIPDv05p1 extro {ES}:--- StateLog() end -------------------
20260908 003942.966 INFO             PET1     ABC-TO-DEF: InitializeIPDv05p1 extro.
20260908 003942.967 INFO             PET1     ESMX_Driver: IInitAdvertiseFinish intro.
20260908 003942.967 INFO             PET1       ESMX_Driver: IInitAdvertiseFinish intro {IS}:--- StateLog() start -----------------
20260908 003942.967 INFO             PET1       ESMX_Driver: IInitAdvertiseFinish intro {IS}:State object is invalid! Not created or deleted!
20260908 003942.967 INFO             PET1       ESMX_Driver: IInitAdvertiseFinish intro {IS}:--- StateLog() end -------------------
20260908 003942.967 INFO             PET1       ESMX_Driver: IInitAdvertiseFinish intro {ES}:--- StateLog() start -----------------
20260908 003942.967 INFO             PET1       ESMX_Driver: IInitAdvertiseFinish intro {ES}:State object is invalid! Not created or deleted!
20260908 003942.967 INFO             PET1       ESMX_Driver: IInitAdvertiseFinish intro {ES}:--- StateLog() end -------------------
20260908 003942.967 INFO             PET1       >>>ESMX_Driver: entered Initialize (phase=<none>) with current time: 2012 10 24  8  0  0   0
20260908 003942.967 INFO             PET1       <<<ESMX_Driver: leaving Initialize (phase=<none>) with current time: 2012 10 24  8  0  0   0
20260908 003942.967 INFO             PET1       ESMX_Driver: IInitAdvertiseFinish extro {IS}:--- StateLog() start -----------------
20260908 003942.967 INFO             PET1       ESMX_Driver: IInitAdvertiseFinish extro {IS}:State object is invalid! Not created or deleted!
20260908 003942.967 INFO             PET1       ESMX_Driver: IInitAdvertiseFinish extro {IS}:--- StateLog() end -------------------
20260908 003942.967 INFO             PET1       ESMX_Driver: IInitAdvertiseFinish extro {ES}:--- StateLog() start -----------------
20260908 003942.967 INFO             PET1       ESMX_Driver: IInitAdvertiseFinish extro {ES}:State object is invalid! Not created or deleted!
20260908 003942.967 INFO             PET1       ESMX_Driver: IInitAdvertiseFinish extro {ES}:--- StateLog() end -------------------
20260908 003942.967 INFO             PET1     ESMX_Driver: IInitAdvertiseFinish extro.
20260908 003942.968 INFO             PET1     ABC-TO-DEF: InitializeIPDv05p2a intro.
20260908 003942.968 INFO             PET1       ABC-TO-DEF: InitializeIPDv05p2a intro {IS}:--- StateLog() start -----------------
20260908 003942.968 INFO             PET1       ABC-TO-DEF: InitializeIPDv05p2a intro {IS}:<name: ABC-ExportState> <intent: ESMF_STATEINTENT_EXPORT> <itemCount:    2>
20260908 003942.968 INFO             PET1       ABC-TO-DEF: InitializeIPDv05p2a intro {IS}:+-<item: 0001> <itemType: Field> <itemName: sea_surface_height_above_sea_level>
20260908 003942.968 INFO             PET1       ABC-TO-DEF: InitializeIPDv05p2a intro {IS}:!--- FieldLog() start -----------------
20260908 003942.968 INFO             PET1       ABC-TO-DEF: InitializeIPDv05p2a intro {IS}:! <name: sea_surface_height_above_sea_level> <fieldStatus: ESMF_FIELDSTATUS_EMPTY>
20260908 003942.968 INFO             PET1       ABC-TO-DEF: InitializeIPDv05p2a intro {IS}:! 0x7ffd88dd4df0 => 0x21cbe80 => 0x21cc0a0
20260908 003942.968 INFO             PET1       ABC-TO-DEF: InitializeIPDv05p2a intro {IS}:!--- FieldLog() end -------------------
20260908 003942.968 INFO             PET1       ABC-TO-DEF: InitializeIPDv05p2a intro {IS}:+-<item: 0002> <itemType: Field> <itemName: sea_surface_temperature>
20260908 003942.968 INFO             PET1       ABC-TO-DEF: InitializeIPDv05p2a intro {IS}:!--- FieldLog() start -----------------
20260908 003942.968 INFO             PET1       ABC-TO-DEF: InitializeIPDv05p2a intro {IS}:! <name: sea_surface_temperature> <fieldStatus: ESMF_FIELDSTATUS_EMPTY>
20260908 003942.968 INFO             PET1       ABC-TO-DEF: InitializeIPDv05p2a intro {IS}:! 0x7ffd88dd4df0 => 0x21db300 => 0x21c93e0
20260908 003942.968 INFO             PET1       ABC-TO-DEF: InitializeIPDv05p2a intro {IS}:!--- FieldLog() end -------------------
20260908 003942.968 INFO             PET1       ABC-TO-DEF: InitializeIPDv05p2a intro {IS}:--- StateLog() end -------------------
20260908 003942.968 INFO             PET1       ABC-TO-DEF: InitializeIPDv05p2a intro {ES}:--- StateLog() start -----------------
20260908 003942.968 INFO             PET1       ABC-TO-DEF: InitializeIPDv05p2a intro {ES}:<name: DEF-ImportState> <intent: ESMF_STATEINTENT_IMPORT> <itemCount:    2>
20260908 003942.968 INFO             PET1       ABC-TO-DEF: InitializeIPDv05p2a intro {ES}:+-<item: 0001> <itemType: Field> <itemName: sea_surface_height_above_sea_level>
20260908 003942.968 INFO             PET1       ABC-TO-DEF: InitializeIPDv05p2a intro {ES}:!--- FieldLog() start -----------------
20260908 003942.968 INFO             PET1       ABC-TO-DEF: InitializeIPDv05p2a intro {ES}:! <name: sea_surface_height_above_sea_level> <fieldStatus: ESMF_FIELDSTATUS_EMPTY>
20260908 003942.968 INFO             PET1       ABC-TO-DEF: InitializeIPDv05p2a intro {ES}:! 0x7ffd88dd4df0 => 0x21cd3e0 => 0x21cd600
20260908 003942.968 INFO             PET1       ABC-TO-DEF: InitializeIPDv05p2a intro {ES}:!--- FieldLog() end -------------------
20260908 003942.968 INFO             PET1       ABC-TO-DEF: InitializeIPDv05p2a intro {ES}:+-<item: 0002> <itemType: Field> <itemName: sea_surface_temperature>
20260908 003942.968 INFO             PET1       ABC-TO-DEF: InitializeIPDv05p2a intro {ES}:!--- FieldLog() start -----------------
20260908 003942.968 INFO             PET1       ABC-TO-DEF: InitializeIPDv05p2a intro {ES}:! <name: sea_surface_temperature> <fieldStatus: ESMF_FIELDSTATUS_EMPTY>
20260908 003942.968 INFO             PET1       ABC-TO-DEF: InitializeIPDv05p2a intro {ES}:! 0x7ffd88dd4df0 => 0x21d8a50 => 0x21d8c70
20260908 003942.968 INFO             PET1       ABC-TO-DEF: InitializeIPDv05p2a intro {ES}:!--- FieldLog() end -------------------
20260908 003942.968 INFO             PET1       ABC-TO-DEF: InitializeIPDv05p2a intro {ES}:--- StateLog() end -------------------
20260908 003942.969 INFO             PET1       ABC-TO-DEF:      importStandardNameList(i=  1): sea_surface_height_above_sea_level
20260908 003942.969 INFO             PET1       ABC-TO-DEF:         importNamespaceList(i=  1): ABC
20260908 003942.969 INFO             PET1       ABC-TO-DEF:            importCplSetList(i=  1): __UNSPECIFIED__
20260908 003942.969 INFO             PET1       ABC-TO-DEF:      exportStandardNameList(j=  1): sea_surface_height_above_sea_level
20260908 003942.969 INFO             PET1       ABC-TO-DEF:         exportNamespaceList(j=  1): DEF
20260908 003942.969 INFO             PET1       ABC-TO-DEF:            exportCplSetList(j=  1): __UNSPECIFIED__
20260908 003942.969 INFO             PET1       ABC-TO-DEF: bondLevel= 1
20260908 003942.969 INFO             PET1       ABC-TO-DEF: ProducerConnection (bondLevelMax):         1
20260908 003942.969 INFO             PET1       ABC-TO-DEF:      importStandardNameList(i=  2): sea_surface_temperature
20260908 003942.969 INFO             PET1       ABC-TO-DEF:         importNamespaceList(i=  2): ABC
20260908 003942.969 INFO             PET1       ABC-TO-DEF:            importCplSetList(i=  2): __UNSPECIFIED__
20260908 003942.969 INFO             PET1       ABC-TO-DEF:      exportStandardNameList(j=  2): sea_surface_temperature
20260908 003942.969 INFO             PET1       ABC-TO-DEF:         exportNamespaceList(j=  2): DEF
20260908 003942.969 INFO             PET1       ABC-TO-DEF:            exportCplSetList(j=  2): __UNSPECIFIED__
20260908 003942.969 INFO             PET1       ABC-TO-DEF: bondLevel= 1
20260908 003942.969 INFO             PET1       ABC-TO-DEF: ProducerConnection (bondLevelMax):         1
20260908 003942.969 INFO             PET1       ABC-TO-DEF: InitializeIPDv05p2a extro {IS}:--- StateLog() start -----------------
20260908 003942.969 INFO             PET1       ABC-TO-DEF: InitializeIPDv05p2a extro {IS}:<name: ABC-ExportState> <intent: ESMF_STATEINTENT_EXPORT> <itemCount:    2>
20260908 003942.969 INFO             PET1       ABC-TO-DEF: InitializeIPDv05p2a extro {IS}:+-<item: 0001> <itemType: Field> <itemName: sea_surface_height_above_sea_level>
20260908 003942.969 INFO             PET1       ABC-TO-DEF: InitializeIPDv05p2a extro {IS}:!--- FieldLog() start -----------------
20260908 003942.969 INFO             PET1       ABC-TO-DEF: InitializeIPDv05p2a extro {IS}:! <name: sea_surface_height_above_sea_level> <fieldStatus: ESMF_FIELDSTATUS_EMPTY>
20260908 003942.969 INFO             PET1       ABC-TO-DEF: InitializeIPDv05p2a extro {IS}:! 0x7ffd88dd5150 => 0x21cbe80 => 0x21cc0a0
20260908 003942.969 INFO             PET1       ABC-TO-DEF: InitializeIPDv05p2a extro {IS}:!--- FieldLog() end -------------------
20260908 003942.969 INFO             PET1       ABC-TO-DEF: InitializeIPDv05p2a extro {IS}:+-<item: 0002> <itemType: Field> <itemName: sea_surface_temperature>
20260908 003942.969 INFO             PET1       ABC-TO-DEF: InitializeIPDv05p2a extro {IS}:!--- FieldLog() start -----------------
20260908 003942.969 INFO             PET1       ABC-TO-DEF: InitializeIPDv05p2a extro {IS}:! <name: sea_surface_temperature> <fieldStatus: ESMF_FIELDSTATUS_EMPTY>
20260908 003942.969 INFO             PET1       ABC-TO-DEF: InitializeIPDv05p2a extro {IS}:! 0x7ffd88dd5150 => 0x21db300 => 0x21c93e0
20260908 003942.969 INFO             PET1       ABC-TO-DEF: InitializeIPDv05p2a extro {IS}:!--- FieldLog() end -------------------
20260908 003942.969 INFO             PET1       ABC-TO-DEF: InitializeIPDv05p2a extro {IS}:--- StateLog() end -------------------
20260908 003942.969 INFO             PET1       ABC-TO-DEF: InitializeIPDv05p2a extro {ES}:--- StateLog() start -----------------
20260908 003942.969 INFO             PET1       ABC-TO-DEF: InitializeIPDv05p2a extro {ES}:<name: DEF-ImportState> <intent: ESMF_STATEINTENT_IMPORT> <itemCount:    2>
20260908 003942.969 INFO             PET1       ABC-TO-DEF: InitializeIPDv05p2a extro {ES}:+-<item: 0001> <itemType: Field> <itemName: sea_surface_height_above_sea_level>
20260908 003942.969 INFO             PET1       ABC-TO-DEF: InitializeIPDv05p2a extro {ES}:!--- FieldLog() start -----------------
20260908 003942.969 INFO             PET1       ABC-TO-DEF: InitializeIPDv05p2a extro {ES}:! <name: sea_surface_height_above_sea_level> <fieldStatus: ESMF_FIELDSTATUS_EMPTY>
20260908 003942.969 INFO             PET1       ABC-TO-DEF: InitializeIPDv05p2a extro {ES}:! 0x7ffd88dd5150 => 0x21cd3e0 => 0x21cd600
20260908 003942.969 INFO             PET1       ABC-TO-DEF: InitializeIPDv05p2a extro {ES}:!--- FieldLog() end -------------------
20260908 003942.969 INFO             PET1       ABC-TO-DEF: InitializeIPDv05p2a extro {ES}:+-<item: 0002> <itemType: Field> <itemName: sea_surface_temperature>
20260908 003942.969 INFO             PET1       ABC-TO-DEF: InitializeIPDv05p2a extro {ES}:!--- FieldLog() start -----------------
20260908 003942.969 INFO             PET1       ABC-TO-DEF: InitializeIPDv05p2a extro {ES}:! <name: sea_surface_temperature> <fieldStatus: ESMF_FIELDSTATUS_EMPTY>
20260908 003942.969 INFO             PET1       ABC-TO-DEF: InitializeIPDv05p2a extro {ES}:! 0x7ffd88dd5150 => 0x21d8a50 => 0x21d8c70
20260908 003942.969 INFO             PET1       ABC-TO-DEF: InitializeIPDv05p2a extro {ES}:!--- FieldLog() end -------------------
20260908 003942.969 INFO             PET1       ABC-TO-DEF: InitializeIPDv05p2a extro {ES}:--- StateLog() end -------------------
20260908 003942.969 INFO             PET1     ABC-TO-DEF: InitializeIPDv05p2a extro.
20260908 003942.970 INFO             PET1     ABC-TO-DEF: InitializeIPDv05p2b intro.
20260908 003942.970 INFO             PET1       ABC-TO-DEF: InitializeIPDv05p2b intro {IS}:--- StateLog() start -----------------
20260908 003942.970 INFO             PET1       ABC-TO-DEF: InitializeIPDv05p2b intro {IS}:<name: ABC-ExportState> <intent: ESMF_STATEINTENT_EXPORT> <itemCount:    2>
20260908 003942.970 INFO             PET1       ABC-TO-DEF: InitializeIPDv05p2b intro {IS}:+-<item: 0001> <itemType: Field> <itemName: sea_surface_height_above_sea_level>
20260908 003942.970 INFO             PET1       ABC-TO-DEF: InitializeIPDv05p2b intro {IS}:!--- FieldLog() start -----------------
20260908 003942.970 INFO             PET1       ABC-TO-DEF: InitializeIPDv05p2b intro {IS}:! <name: sea_surface_height_above_sea_level> <fieldStatus: ESMF_FIELDSTATUS_EMPTY>
20260908 003942.970 INFO             PET1       ABC-TO-DEF: InitializeIPDv05p2b intro {IS}:! 0x7ffd88dd4cf0 => 0x21cbe80 => 0x21cc0a0
20260908 003942.970 INFO             PET1       ABC-TO-DEF: InitializeIPDv05p2b intro {IS}:!--- FieldLog() end -------------------
20260908 003942.970 INFO             PET1       ABC-TO-DEF: InitializeIPDv05p2b intro {IS}:+-<item: 0002> <itemType: Field> <itemName: sea_surface_temperature>
20260908 003942.970 INFO             PET1       ABC-TO-DEF: InitializeIPDv05p2b intro {IS}:!--- FieldLog() start -----------------
20260908 003942.970 INFO             PET1       ABC-TO-DEF: InitializeIPDv05p2b intro {IS}:! <name: sea_surface_temperature> <fieldStatus: ESMF_FIELDSTATUS_EMPTY>
20260908 003942.970 INFO             PET1       ABC-TO-DEF: InitializeIPDv05p2b intro {IS}:! 0x7ffd88dd4cf0 => 0x21db300 => 0x21c93e0
20260908 003942.970 INFO             PET1       ABC-TO-DEF: InitializeIPDv05p2b intro {IS}:!--- FieldLog() end -------------------
20260908 003942.970 INFO             PET1       ABC-TO-DEF: InitializeIPDv05p2b intro {IS}:--- StateLog() end -------------------
20260908 003942.970 INFO             PET1       ABC-TO-DEF: InitializeIPDv05p2b intro {ES}:--- StateLog() start -----------------
20260908 003942.970 INFO             PET1       ABC-TO-DEF: InitializeIPDv05p2b intro {ES}:<name: DEF-ImportState> <intent: ESMF_STATEINTENT_IMPORT> <itemCount:    2>
20260908 003942.970 INFO             PET1       ABC-TO-DEF: InitializeIPDv05p2b intro {ES}:+-<item: 0001> <itemType: Field> <itemName: sea_surface_height_above_sea_level>
20260908 003942.970 INFO             PET1       ABC-TO-DEF: InitializeIPDv05p2b intro {ES}:!--- FieldLog() start -----------------
20260908 003942.970 INFO             PET1       ABC-TO-DEF: InitializeIPDv05p2b intro {ES}:! <name: sea_surface_height_above_sea_level> <fieldStatus: ESMF_FIELDSTATUS_EMPTY>
20260908 003942.970 INFO             PET1       ABC-TO-DEF: InitializeIPDv05p2b intro {ES}:! 0x7ffd88dd4cf0 => 0x21cd3e0 => 0x21cd600
20260908 003942.970 INFO             PET1       ABC-TO-DEF: InitializeIPDv05p2b intro {ES}:!--- FieldLog() end -------------------
20260908 003942.970 INFO             PET1       ABC-TO-DEF: InitializeIPDv05p2b intro {ES}:+-<item: 0002> <itemType: Field> <itemName: sea_surface_temperature>
20260908 003942.970 INFO             PET1       ABC-TO-DEF: InitializeIPDv05p2b intro {ES}:!--- FieldLog() start -----------------
20260908 003942.970 INFO             PET1       ABC-TO-DEF: InitializeIPDv05p2b intro {ES}:! <name: sea_surface_temperature> <fieldStatus: ESMF_FIELDSTATUS_EMPTY>
20260908 003942.970 INFO             PET1       ABC-TO-DEF: InitializeIPDv05p2b intro {ES}:! 0x7ffd88dd4cf0 => 0x21d8a50 => 0x21d8c70
20260908 003942.970 INFO             PET1       ABC-TO-DEF: InitializeIPDv05p2b intro {ES}:!--- FieldLog() end -------------------
20260908 003942.970 INFO             PET1       ABC-TO-DEF: InitializeIPDv05p2b intro {ES}:--- StateLog() end -------------------
20260908 003942.971 INFO             PET1       ABC-TO-DEF:      importStandardNameList(i=  1): sea_surface_height_above_sea_level
20260908 003942.971 INFO             PET1       ABC-TO-DEF:         importNamespaceList(i=  1): ABC
20260908 003942.971 INFO             PET1       ABC-TO-DEF:            importCplSetList(i=  1): __UNSPECIFIED__
20260908 003942.971 INFO             PET1       ABC-TO-DEF:      exportStandardNameList(j=  1): sea_surface_height_above_sea_level
20260908 003942.971 INFO             PET1       ABC-TO-DEF:         exportNamespaceList(j=  1): DEF
20260908 003942.971 INFO             PET1       ABC-TO-DEF:            exportCplSetList(j=  1): __UNSPECIFIED__
20260908 003942.971 INFO             PET1       ABC-TO-DEF: bondLevel= 1
20260908 003942.971 INFO             PET1       ABC-TO-DEF: => added cplList(  1)=sea_surface_height_above_sea_level, cplSetList(  1)=__UNSPECIFIED__
20260908 003942.971 INFO             PET1       ABC-TO-DEF:      importStandardNameList(i=  2): sea_surface_temperature
20260908 003942.971 INFO             PET1       ABC-TO-DEF:         importNamespaceList(i=  2): ABC
20260908 003942.971 INFO             PET1       ABC-TO-DEF:            importCplSetList(i=  2): __UNSPECIFIED__
20260908 003942.971 INFO             PET1       ABC-TO-DEF:      exportStandardNameList(j=  2): sea_surface_temperature
20260908 003942.971 INFO             PET1       ABC-TO-DEF:         exportNamespaceList(j=  2): DEF
20260908 003942.971 INFO             PET1       ABC-TO-DEF:            exportCplSetList(j=  2): __UNSPECIFIED__
20260908 003942.971 INFO             PET1       ABC-TO-DEF: bondLevel= 1
20260908 003942.971 INFO             PET1       ABC-TO-DEF: => added cplList(  2)=sea_surface_temperature, cplSetList(  2)=__UNSPECIFIED__
20260908 003942.971 INFO             PET1       ABC-TO-DEF: InitializeIPDv05p2b extro {IS}:--- StateLog() start -----------------
20260908 003942.971 INFO             PET1       ABC-TO-DEF: InitializeIPDv05p2b extro {IS}:<name: ABC-ExportState> <intent: ESMF_STATEINTENT_EXPORT> <itemCount:    2>
20260908 003942.971 INFO             PET1       ABC-TO-DEF: InitializeIPDv05p2b extro {IS}:+-<item: 0001> <itemType: Field> <itemName: sea_surface_height_above_sea_level>
20260908 003942.971 INFO             PET1       ABC-TO-DEF: InitializeIPDv05p2b extro {IS}:!--- FieldLog() start -----------------
20260908 003942.971 INFO             PET1       ABC-TO-DEF: InitializeIPDv05p2b extro {IS}:! <name: sea_surface_height_above_sea_level> <fieldStatus: ESMF_FIELDSTATUS_EMPTY>
20260908 003942.971 INFO             PET1       ABC-TO-DEF: InitializeIPDv05p2b extro {IS}:! 0x7ffd88dd5050 => 0x21cbe80 => 0x21cc0a0
20260908 003942.971 INFO             PET1       ABC-TO-DEF: InitializeIPDv05p2b extro {IS}:!--- FieldLog() end -------------------
20260908 003942.971 INFO             PET1       ABC-TO-DEF: InitializeIPDv05p2b extro {IS}:+-<item: 0002> <itemType: Field> <itemName: sea_surface_temperature>
20260908 003942.971 INFO             PET1       ABC-TO-DEF: InitializeIPDv05p2b extro {IS}:!--- FieldLog() start -----------------
20260908 003942.971 INFO             PET1       ABC-TO-DEF: InitializeIPDv05p2b extro {IS}:! <name: sea_surface_temperature> <fieldStatus: ESMF_FIELDSTATUS_EMPTY>
20260908 003942.971 INFO             PET1       ABC-TO-DEF: InitializeIPDv05p2b extro {IS}:! 0x7ffd88dd5050 => 0x21db300 => 0x21c93e0
20260908 003942.971 INFO             PET1       ABC-TO-DEF: InitializeIPDv05p2b extro {IS}:!--- FieldLog() end -------------------
20260908 003942.972 INFO             PET1       ABC-TO-DEF: InitializeIPDv05p2b extro {IS}:--- StateLog() end -------------------
20260908 003942.972 INFO             PET1       ABC-TO-DEF: InitializeIPDv05p2b extro {ES}:--- StateLog() start -----------------
20260908 003942.972 INFO             PET1       ABC-TO-DEF: InitializeIPDv05p2b extro {ES}:<name: DEF-ImportState> <intent: ESMF_STATEINTENT_IMPORT> <itemCount:    2>
20260908 003942.972 INFO             PET1       ABC-TO-DEF: InitializeIPDv05p2b extro {ES}:+-<item: 0001> <itemType: Field> <itemName: sea_surface_height_above_sea_level>
20260908 003942.972 INFO             PET1       ABC-TO-DEF: InitializeIPDv05p2b extro {ES}:!--- FieldLog() start -----------------
20260908 003942.972 INFO             PET1       ABC-TO-DEF: InitializeIPDv05p2b extro {ES}:! <name: sea_surface_height_above_sea_level> <fieldStatus: ESMF_FIELDSTATUS_EMPTY>
20260908 003942.972 INFO             PET1       ABC-TO-DEF: InitializeIPDv05p2b extro {ES}:! 0x7ffd88dd5050 => 0x21cd3e0 => 0x21cd600
20260908 003942.972 INFO             PET1       ABC-TO-DEF: InitializeIPDv05p2b extro {ES}:!--- FieldLog() end -------------------
20260908 003942.972 INFO             PET1       ABC-TO-DEF: InitializeIPDv05p2b extro {ES}:+-<item: 0002> <itemType: Field> <itemName: sea_surface_temperature>
20260908 003942.972 INFO             PET1       ABC-TO-DEF: InitializeIPDv05p2b extro {ES}:!--- FieldLog() start -----------------
20260908 003942.972 INFO             PET1       ABC-TO-DEF: InitializeIPDv05p2b extro {ES}:! <name: sea_surface_temperature> <fieldStatus: ESMF_FIELDSTATUS_EMPTY>
20260908 003942.972 INFO             PET1       ABC-TO-DEF: InitializeIPDv05p2b extro {ES}:! 0x7ffd88dd5050 => 0x21d8a50 => 0x21d8c70
20260908 003942.972 INFO             PET1       ABC-TO-DEF: InitializeIPDv05p2b extro {ES}:!--- FieldLog() end -------------------
20260908 003942.972 INFO             PET1       ABC-TO-DEF: InitializeIPDv05p2b extro {ES}:--- StateLog() end -------------------
20260908 003942.972 INFO             PET1     ABC-TO-DEF: InitializeIPDv05p2b extro.
20260908 003942.972 INFO             PET1     ESMX_Driver: IInitModifyCplLists intro.
20260908 003942.972 INFO             PET1       ESMX_Driver: IInitModifyCplLists intro {IS}:--- StateLog() start -----------------
20260908 003942.972 INFO             PET1       ESMX_Driver: IInitModifyCplLists intro {IS}:State object is invalid! Not created or deleted!
20260908 003942.972 INFO             PET1       ESMX_Driver: IInitModifyCplLists intro {IS}:--- StateLog() end -------------------
20260908 003942.972 INFO             PET1       ESMX_Driver: IInitModifyCplLists intro {ES}:--- StateLog() start -----------------
20260908 003942.972 INFO             PET1       ESMX_Driver: IInitModifyCplLists intro {ES}:State object is invalid! Not created or deleted!
20260908 003942.972 INFO             PET1       ESMX_Driver: IInitModifyCplLists intro {ES}:--- StateLog() end -------------------
20260908 003942.973 INFO             PET1       >>>ESMX_Driver: entered Initialize (phase=<none>) with current time: 2012 10 24  8  0  0   0
20260908 003942.973 INFO             PET1       <<<ESMX_Driver: leaving Initialize (phase=<none>) with current time: 2012 10 24  8  0  0   0
20260908 003942.973 INFO             PET1       ESMX_Driver: IInitModifyCplLists extro {IS}:--- StateLog() start -----------------
20260908 003942.973 INFO             PET1       ESMX_Driver: IInitModifyCplLists extro {IS}:State object is invalid! Not created or deleted!
20260908 003942.973 INFO             PET1       ESMX_Driver: IInitModifyCplLists extro {IS}:--- StateLog() end -------------------
20260908 003942.973 INFO             PET1       ESMX_Driver: IInitModifyCplLists extro {ES}:--- StateLog() start -----------------
20260908 003942.973 INFO             PET1       ESMX_Driver: IInitModifyCplLists extro {ES}:State object is invalid! Not created or deleted!
20260908 003942.973 INFO             PET1       ESMX_Driver: IInitModifyCplLists extro {ES}:--- StateLog() end -------------------
20260908 003942.973 INFO             PET1     ESMX_Driver: IInitModifyCplLists extro.
20260908 003942.974 INFO             PET1     ABC-TO-DEF: InitializeIPDv05p3 intro.
20260908 003942.974 INFO             PET1       ABC-TO-DEF: InitializeIPDv05p3 intro {IS}:--- StateLog() start -----------------
20260908 003942.974 INFO             PET1       ABC-TO-DEF: InitializeIPDv05p3 intro {IS}:<name: ABC-ExportState> <intent: ESMF_STATEINTENT_EXPORT> <itemCount:    2>
20260908 003942.974 INFO             PET1       ABC-TO-DEF: InitializeIPDv05p3 intro {IS}:+-<item: 0001> <itemType: Field> <itemName: sea_surface_height_above_sea_level>
20260908 003942.974 INFO             PET1       ABC-TO-DEF: InitializeIPDv05p3 intro {IS}:!--- FieldLog() start -----------------
20260908 003942.974 INFO             PET1       ABC-TO-DEF: InitializeIPDv05p3 intro {IS}:! <name: sea_surface_height_above_sea_level> <fieldStatus: ESMF_FIELDSTATUS_EMPTY>
20260908 003942.974 INFO             PET1       ABC-TO-DEF: InitializeIPDv05p3 intro {IS}:! 0x7ffd88dd34e0 => 0x21cbe80 => 0x21cc0a0
20260908 003942.974 INFO             PET1       ABC-TO-DEF: InitializeIPDv05p3 intro {IS}:!--- FieldLog() end -------------------
20260908 003942.974 INFO             PET1       ABC-TO-DEF: InitializeIPDv05p3 intro {IS}:+-<item: 0002> <itemType: Field> <itemName: sea_surface_temperature>
20260908 003942.974 INFO             PET1       ABC-TO-DEF: InitializeIPDv05p3 intro {IS}:!--- FieldLog() start -----------------
20260908 003942.974 INFO             PET1       ABC-TO-DEF: InitializeIPDv05p3 intro {IS}:! <name: sea_surface_temperature> <fieldStatus: ESMF_FIELDSTATUS_EMPTY>
20260908 003942.974 INFO             PET1       ABC-TO-DEF: InitializeIPDv05p3 intro {IS}:! 0x7ffd88dd34e0 => 0x21db300 => 0x21c93e0
20260908 003942.974 INFO             PET1       ABC-TO-DEF: InitializeIPDv05p3 intro {IS}:!--- FieldLog() end -------------------
20260908 003942.974 INFO             PET1       ABC-TO-DEF: InitializeIPDv05p3 intro {IS}:--- StateLog() end -------------------
20260908 003942.974 INFO             PET1       ABC-TO-DEF: InitializeIPDv05p3 intro {ES}:--- StateLog() start -----------------
20260908 003942.974 INFO             PET1       ABC-TO-DEF: InitializeIPDv05p3 intro {ES}:<name: DEF-ImportState> <intent: ESMF_STATEINTENT_IMPORT> <itemCount:    2>
20260908 003942.974 INFO             PET1       ABC-TO-DEF: InitializeIPDv05p3 intro {ES}:+-<item: 0001> <itemType: Field> <itemName: sea_surface_height_above_sea_level>
20260908 003942.974 INFO             PET1       ABC-TO-DEF: InitializeIPDv05p3 intro {ES}:!--- FieldLog() start -----------------
20260908 003942.974 INFO             PET1       ABC-TO-DEF: InitializeIPDv05p3 intro {ES}:! <name: sea_surface_height_above_sea_level> <fieldStatus: ESMF_FIELDSTATUS_EMPTY>
20260908 003942.974 INFO             PET1       ABC-TO-DEF: InitializeIPDv05p3 intro {ES}:! 0x7ffd88dd34e0 => 0x21cd3e0 => 0x21cd600
20260908 003942.974 INFO             PET1       ABC-TO-DEF: InitializeIPDv05p3 intro {ES}:!--- FieldLog() end -------------------
20260908 003942.974 INFO             PET1       ABC-TO-DEF: InitializeIPDv05p3 intro {ES}:+-<item: 0002> <itemType: Field> <itemName: sea_surface_temperature>
20260908 003942.974 INFO             PET1       ABC-TO-DEF: InitializeIPDv05p3 intro {ES}:!--- FieldLog() start -----------------
20260908 003942.974 INFO             PET1       ABC-TO-DEF: InitializeIPDv05p3 intro {ES}:! <name: sea_surface_temperature> <fieldStatus: ESMF_FIELDSTATUS_EMPTY>
20260908 003942.974 INFO             PET1       ABC-TO-DEF: InitializeIPDv05p3 intro {ES}:! 0x7ffd88dd34e0 => 0x21d8a50 => 0x21d8c70
20260908 003942.974 INFO             PET1       ABC-TO-DEF: InitializeIPDv05p3 intro {ES}:!--- FieldLog() end -------------------
20260908 003942.974 INFO             PET1       ABC-TO-DEF: InitializeIPDv05p3 intro {ES}:--- StateLog() end -------------------
20260908 003942.975 INFO             PET1       ABC-TO-DEF: handle cplList(1): sea_surface_height_above_sea_level, cplSetList(1): __UNSPECIFIED__
20260908 003942.975 INFO             PET1       ABC-TO-DEF: - connected.
20260908 003942.975 INFO             PET1       ABC-TO-DEF: - both sides must provide the Field/GeomObject.
20260908 003942.975 INFO             PET1       ABC-TO-DEF: handle cplList(2): sea_surface_temperature, cplSetList(2): __UNSPECIFIED__
20260908 003942.976 INFO             PET1       ABC-TO-DEF: - connected.
20260908 003942.976 INFO             PET1       ABC-TO-DEF: - both sides must provide the Field/GeomObject.
20260908 003942.976 INFO             PET1       ABC-TO-DEF: InitializeIPDv05p3 extro {IS}:--- StateLog() start -----------------
20260908 003942.976 INFO             PET1       ABC-TO-DEF: InitializeIPDv05p3 extro {IS}:<name: ABC-ExportState> <intent: ESMF_STATEINTENT_EXPORT> <itemCount:    2>
20260908 003942.976 INFO             PET1       ABC-TO-DEF: InitializeIPDv05p3 extro {IS}:+-<item: 0001> <itemType: Field> <itemName: sea_surface_height_above_sea_level>
20260908 003942.976 INFO             PET1       ABC-TO-DEF: InitializeIPDv05p3 extro {IS}:!--- FieldLog() start -----------------
20260908 003942.976 INFO             PET1       ABC-TO-DEF: InitializeIPDv05p3 extro {IS}:! <name: sea_surface_height_above_sea_level> <fieldStatus: ESMF_FIELDSTATUS_EMPTY>
20260908 003942.976 INFO             PET1       ABC-TO-DEF: InitializeIPDv05p3 extro {IS}:! 0x7ffd88dd3840 => 0x21cbe80 => 0x21cc0a0
20260908 003942.976 INFO             PET1       ABC-TO-DEF: InitializeIPDv05p3 extro {IS}:!--- FieldLog() end -------------------
20260908 003942.976 INFO             PET1       ABC-TO-DEF: InitializeIPDv05p3 extro {IS}:+-<item: 0002> <itemType: Field> <itemName: sea_surface_temperature>
20260908 003942.976 INFO             PET1       ABC-TO-DEF: InitializeIPDv05p3 extro {IS}:!--- FieldLog() start -----------------
20260908 003942.976 INFO             PET1       ABC-TO-DEF: InitializeIPDv05p3 extro {IS}:! <name: sea_surface_temperature> <fieldStatus: ESMF_FIELDSTATUS_EMPTY>
20260908 003942.976 INFO             PET1       ABC-TO-DEF: InitializeIPDv05p3 extro {IS}:! 0x7ffd88dd3840 => 0x21db300 => 0x21c93e0
20260908 003942.976 INFO             PET1       ABC-TO-DEF: InitializeIPDv05p3 extro {IS}:!--- FieldLog() end -------------------
20260908 003942.976 INFO             PET1       ABC-TO-DEF: InitializeIPDv05p3 extro {IS}:--- StateLog() end -------------------
20260908 003942.976 INFO             PET1       ABC-TO-DEF: InitializeIPDv05p3 extro {ES}:--- StateLog() start -----------------
20260908 003942.976 INFO             PET1       ABC-TO-DEF: InitializeIPDv05p3 extro {ES}:<name: DEF-ImportState> <intent: ESMF_STATEINTENT_IMPORT> <itemCount:    2>
20260908 003942.976 INFO             PET1       ABC-TO-DEF: InitializeIPDv05p3 extro {ES}:+-<item: 0001> <itemType: Field> <itemName: sea_surface_height_above_sea_level>
20260908 003942.976 INFO             PET1       ABC-TO-DEF: InitializeIPDv05p3 extro {ES}:!--- FieldLog() start -----------------
20260908 003942.976 INFO             PET1       ABC-TO-DEF: InitializeIPDv05p3 extro {ES}:! <name: sea_surface_height_above_sea_level> <fieldStatus: ESMF_FIELDSTATUS_EMPTY>
20260908 003942.976 INFO             PET1       ABC-TO-DEF: InitializeIPDv05p3 extro {ES}:! 0x7ffd88dd3840 => 0x21cd3e0 => 0x21cd600
20260908 003942.976 INFO             PET1       ABC-TO-DEF: InitializeIPDv05p3 extro {ES}:!--- FieldLog() end -------------------
20260908 003942.976 INFO             PET1       ABC-TO-DEF: InitializeIPDv05p3 extro {ES}:+-<item: 0002> <itemType: Field> <itemName: sea_surface_temperature>
20260908 003942.976 INFO             PET1       ABC-TO-DEF: InitializeIPDv05p3 extro {ES}:!--- FieldLog() start -----------------
20260908 003942.976 INFO             PET1       ABC-TO-DEF: InitializeIPDv05p3 extro {ES}:! <name: sea_surface_temperature> <fieldStatus: ESMF_FIELDSTATUS_EMPTY>
20260908 003942.976 INFO             PET1       ABC-TO-DEF: InitializeIPDv05p3 extro {ES}:! 0x7ffd88dd3840 => 0x21d8a50 => 0x21d8c70
20260908 003942.976 INFO             PET1       ABC-TO-DEF: InitializeIPDv05p3 extro {ES}:!--- FieldLog() end -------------------
20260908 003942.976 INFO             PET1       ABC-TO-DEF: InitializeIPDv05p3 extro {ES}:--- StateLog() end -------------------
20260908 003942.976 INFO             PET1     ABC-TO-DEF: InitializeIPDv05p3 extro.
20260908 003942.977 INFO             PET1     <<<ESMX_Driver: leaving Initialize (phase=<none>) with current time: 2012 10 24  8  0  0   0
20260908 003942.977 INFO             PET1     ESMX_Driver: InitializeIPDv02p1 extro {IS}:--- StateLog() start -----------------
20260908 003942.977 INFO             PET1     ESMX_Driver: InitializeIPDv02p1 extro {IS}:State object is invalid! Not created or deleted!
20260908 003942.977 INFO             PET1     ESMX_Driver: InitializeIPDv02p1 extro {IS}:--- StateLog() end -------------------
20260908 003942.977 INFO             PET1     ESMX_Driver: InitializeIPDv02p1 extro {ES}:--- StateLog() start -----------------
20260908 003942.977 INFO             PET1     ESMX_Driver: InitializeIPDv02p1 extro {ES}:State object is invalid! Not created or deleted!
20260908 003942.977 INFO             PET1     ESMX_Driver: InitializeIPDv02p1 extro {ES}:--- StateLog() end -------------------
20260908 003942.977 INFO             PET1   ESMX_Driver: InitializeIPDv02p1 extro.
20260908 003942.977 INFO             PET1   ESMX_Driver: InitializeIPDv02p3 intro.
20260908 003942.977 INFO             PET1     ESMX_Driver: InitializeIPDv02p3 intro {IS}:--- StateLog() start -----------------
20260908 003942.977 INFO             PET1     ESMX_Driver: InitializeIPDv02p3 intro {IS}:State object is invalid! Not created or deleted!
20260908 003942.977 INFO             PET1     ESMX_Driver: InitializeIPDv02p3 intro {IS}:--- StateLog() end -------------------
20260908 003942.977 INFO             PET1     ESMX_Driver: InitializeIPDv02p3 intro {ES}:--- StateLog() start -----------------
20260908 003942.977 INFO             PET1     ESMX_Driver: InitializeIPDv02p3 intro {ES}:State object is invalid! Not created or deleted!
20260908 003942.977 INFO             PET1     ESMX_Driver: InitializeIPDv02p3 intro {ES}:--- StateLog() end -------------------
20260908 003942.977 INFO             PET1     >>>ESMX_Driver: entered Initialize (phase=<none>) with current time: 2012 10 24  8  0  0   0
20260908 003942.978 INFO             PET1     ESMX_Driver: IInitCheck intro.
20260908 003942.978 INFO             PET1       ESMX_Driver: IInitCheck intro {IS}:--- StateLog() start -----------------
20260908 003942.978 INFO             PET1       ESMX_Driver: IInitCheck intro {IS}:State object is invalid! Not created or deleted!
20260908 003942.978 INFO             PET1       ESMX_Driver: IInitCheck intro {IS}:--- StateLog() end -------------------
20260908 003942.978 INFO             PET1       ESMX_Driver: IInitCheck intro {ES}:--- StateLog() start -----------------
20260908 003942.978 INFO             PET1       ESMX_Driver: IInitCheck intro {ES}:State object is invalid! Not created or deleted!
20260908 003942.978 INFO             PET1       ESMX_Driver: IInitCheck intro {ES}:--- StateLog() end -------------------
20260908 003942.978 INFO             PET1       >>>ESMX_Driver: entered Initialize (phase=<none>) with current time: 2012 10 24  8  0  0   0
20260908 003942.978 INFO             PET1       <<<ESMX_Driver: leaving Initialize (phase=<none>) with current time: 2012 10 24  8  0  0   0
20260908 003942.978 INFO             PET1       ESMX_Driver: IInitCheck extro {IS}:--- StateLog() start -----------------
20260908 003942.978 INFO             PET1       ESMX_Driver: IInitCheck extro {IS}:State object is invalid! Not created or deleted!
20260908 003942.978 INFO             PET1       ESMX_Driver: IInitCheck extro {IS}:--- StateLog() end -------------------
20260908 003942.978 INFO             PET1       ESMX_Driver: IInitCheck extro {ES}:--- StateLog() start -----------------
20260908 003942.978 INFO             PET1       ESMX_Driver: IInitCheck extro {ES}:State object is invalid! Not created or deleted!
20260908 003942.978 INFO             PET1       ESMX_Driver: IInitCheck extro {ES}:--- StateLog() end -------------------
20260908 003942.978 INFO             PET1     ESMX_Driver: IInitCheck extro.
20260908 003942.979 INFO             PET1     ABC: InitializeIPDvXp04 intro.
20260908 003942.979 INFO             PET1       ABC: InitializeIPDvXp04 intro {IS}:--- StateLog() start -----------------
20260908 003942.979 INFO             PET1       ABC: InitializeIPDvXp04 intro {IS}:<name: ABC-ImportState> <intent: ESMF_STATEINTENT_IMPORT> <itemCount:    0>
20260908 003942.979 INFO             PET1       ABC: InitializeIPDvXp04 intro {IS}:--- StateLog() end -------------------
20260908 003942.979 INFO             PET1       ABC: InitializeIPDvXp04 intro {ES}:--- StateLog() start -----------------
20260908 003942.979 INFO             PET1       ABC: InitializeIPDvXp04 intro {ES}:<name: ABC-ExportState> <intent: ESMF_STATEINTENT_EXPORT> <itemCount:    2>
20260908 003942.979 INFO             PET1       ABC: InitializeIPDvXp04 intro {ES}:+-<item: 0001> <itemType: Field> <itemName: sea_surface_height_above_sea_level>
20260908 003942.979 INFO             PET1       ABC: InitializeIPDvXp04 intro {ES}:!--- FieldLog() start -----------------
20260908 003942.979 INFO             PET1       ABC: InitializeIPDvXp04 intro {ES}:! <name: sea_surface_height_above_sea_level> <fieldStatus: ESMF_FIELDSTATUS_EMPTY>
20260908 003942.979 INFO             PET1       ABC: InitializeIPDvXp04 intro {ES}:! 0x7ffd88dd72f0 => 0x21cbe80 => 0x21cc0a0
20260908 003942.979 INFO             PET1       ABC: InitializeIPDvXp04 intro {ES}:!--- FieldLog() end -------------------
20260908 003942.979 INFO             PET1       ABC: InitializeIPDvXp04 intro {ES}:+-<item: 0002> <itemType: Field> <itemName: sea_surface_temperature>
20260908 003942.979 INFO             PET1       ABC: InitializeIPDvXp04 intro {ES}:!--- FieldLog() start -----------------
20260908 003942.979 INFO             PET1       ABC: InitializeIPDvXp04 intro {ES}:! <name: sea_surface_temperature> <fieldStatus: ESMF_FIELDSTATUS_EMPTY>
20260908 003942.979 INFO             PET1       ABC: InitializeIPDvXp04 intro {ES}:! 0x7ffd88dd72f0 => 0x21db300 => 0x21c93e0
20260908 003942.979 INFO             PET1       ABC: InitializeIPDvXp04 intro {ES}:!--- FieldLog() end -------------------
20260908 003942.979 INFO             PET1       ABC: InitializeIPDvXp04 intro {ES}:--- StateLog() end -------------------
20260908 003942.979 INFO             PET1       >>>ABC: entered Initialize (phase=IPDvXp04) without valid internal Clock.
20260908 003942.983 INFO             PET1       <<<ABC: leaving Initialize (phase=IPDvXp04) without valid internal Clock.
20260908 003942.983 INFO             PET1       ABC: InitializeIPDvXp04 extro {IS}:--- StateLog() start -----------------
20260908 003942.983 INFO             PET1       ABC: InitializeIPDvXp04 extro {IS}:<name: ABC-ImportState> <intent: ESMF_STATEINTENT_IMPORT> <itemCount:    0>
20260908 003942.983 INFO             PET1       ABC: InitializeIPDvXp04 extro {IS}:--- StateLog() end -------------------
20260908 003942.983 INFO             PET1       ABC: InitializeIPDvXp04 extro {ES}:--- StateLog() start -----------------
20260908 003942.983 INFO             PET1       ABC: InitializeIPDvXp04 extro {ES}:<name: ABC-ExportState> <intent: ESMF_STATEINTENT_EXPORT> <itemCount:    2>
20260908 003942.983 INFO             PET1       ABC: InitializeIPDvXp04 extro {ES}:+-<item: 0001> <itemType: Field> <itemName: sea_surface_height_above_sea_level>
20260908 003942.983 INFO             PET1       ABC: InitializeIPDvXp04 extro {ES}:!--- FieldLog() start -----------------
20260908 003942.983 INFO             PET1       ABC: InitializeIPDvXp04 extro {ES}:! <name: sea_surface_height_above_sea_level> <fieldStatus: ESMF_FIELDSTATUS_COMPLETE>
20260908 003942.983 INFO             PET1       ABC: InitializeIPDvXp04 extro {ES}:! 0x7ffd88dd7650 => 0x215ffb0 => 0x21601d0
20260908 003942.984 INFO             PET1       ABC: InitializeIPDvXp04 extro {ES}:! <typekind: Real*8> <rank:    2> <dimCount:    2>
20260908 003942.984 INFO             PET1       ABC: InitializeIPDvXp04 extro {ES}:! ! --- Array::log() start -----------------------------------
20260908 003942.984 INFO             PET1       ABC: InitializeIPDvXp04 extro {ES}:! ! 0x2163250
20260908 003942.984 INFO             PET1       ABC: InitializeIPDvXp04 extro {ES}:! ! <name: sea_surface_height_above_sea_level>
20260908 003942.984 INFO             PET1       ABC: InitializeIPDvXp04 extro {ES}:! ! ! --- DistGrid::log() start --------------------------------
20260908 003942.984 INFO             PET1       ABC: InitializeIPDvXp04 extro {ES}:! ! ! 0x2157500
20260908 003942.984 INFO             PET1       ABC: InitializeIPDvXp04 extro {ES}:! ! ! DistGrid object is valid!<name: DG-global-sloc:0>
20260908 003942.984 INFO             PET1       ABC: InitializeIPDvXp04 extro {ES}:! ! ! --- DistGrid::log() end ----------------------------------
20260908 003942.984 INFO             PET1       ABC: InitializeIPDvXp04 extro {ES}:! ! --- Array::log() end -------------------------------------
20260908 003942.984 INFO             PET1       ABC: InitializeIPDvXp04 extro {ES}:!--- FieldLog() end -------------------
20260908 003942.984 INFO             PET1       ABC: InitializeIPDvXp04 extro {ES}:+-<item: 0002> <itemType: Field> <itemName: sea_surface_temperature>
20260908 003942.984 INFO             PET1       ABC: InitializeIPDvXp04 extro {ES}:!--- FieldLog() start -----------------
20260908 003942.984 INFO             PET1       ABC: InitializeIPDvXp04 extro {ES}:! <name: sea_surface_temperature> <fieldStatus: ESMF_FIELDSTATUS_COMPLETE>
20260908 003942.984 INFO             PET1       ABC: InitializeIPDvXp04 extro {ES}:! 0x7ffd88dd7650 => 0x2011d60 => 0x215bc30
20260908 003942.984 INFO             PET1       ABC: InitializeIPDvXp04 extro {ES}:! <typekind: Real*8> <rank:    2> <dimCount:    2>
20260908 003942.984 INFO             PET1       ABC: InitializeIPDvXp04 extro {ES}:! ! --- Array::log() start -----------------------------------
20260908 003942.984 INFO             PET1       ABC: InitializeIPDvXp04 extro {ES}:! ! 0x215e6c0
20260908 003942.984 INFO             PET1       ABC: InitializeIPDvXp04 extro {ES}:! ! <name: sea_surface_temperature>
20260908 003942.984 INFO             PET1       ABC: InitializeIPDvXp04 extro {ES}:! ! ! --- DistGrid::log() start --------------------------------
20260908 003942.984 INFO             PET1       ABC: InitializeIPDvXp04 extro {ES}:! ! ! 0x2157500
20260908 003942.984 INFO             PET1       ABC: InitializeIPDvXp04 extro {ES}:! ! ! DistGrid object is valid!<name: DG-global-sloc:0>
20260908 003942.984 INFO             PET1       ABC: InitializeIPDvXp04 extro {ES}:! ! ! --- DistGrid::log() end ----------------------------------
20260908 003942.984 INFO             PET1       ABC: InitializeIPDvXp04 extro {ES}:! ! --- Array::log() end -------------------------------------
20260908 003942.984 INFO             PET1       ABC: InitializeIPDvXp04 extro {ES}:!--- FieldLog() end -------------------
20260908 003942.984 INFO             PET1       ABC: InitializeIPDvXp04 extro {ES}:--- StateLog() end -------------------
20260908 003942.984 INFO             PET1     ABC: InitializeIPDvXp04 extro.
20260908 003942.984 INFO             PET1     DEF: InitializeIPDvXp04 intro.
20260908 003942.984 INFO             PET1       DEF: InitializeIPDvXp04 intro {IS}:--- StateLog() start -----------------
20260908 003942.984 INFO             PET1       DEF: InitializeIPDvXp04 intro {IS}:<name: DEF-ImportState> <intent: ESMF_STATEINTENT_IMPORT> <itemCount:    2>
20260908 003942.984 INFO             PET1       DEF: InitializeIPDvXp04 intro {IS}:+-<item: 0001> <itemType: Field> <itemName: sea_surface_height_above_sea_level>
20260908 003942.984 INFO             PET1       DEF: InitializeIPDvXp04 intro {IS}:!--- FieldLog() start -----------------
20260908 003942.984 INFO             PET1       DEF: InitializeIPDvXp04 intro {IS}:! <name: sea_surface_height_above_sea_level> <fieldStatus: ESMF_FIELDSTATUS_EMPTY>
20260908 003942.984 INFO             PET1       DEF: InitializeIPDvXp04 intro {IS}:! 0x7ffd88dd72f0 => 0x21cd3e0 => 0x21cd600
20260908 003942.984 INFO             PET1       DEF: InitializeIPDvXp04 intro {IS}:!--- FieldLog() end -------------------
20260908 003942.984 INFO             PET1       DEF: InitializeIPDvXp04 intro {IS}:+-<item: 0002> <itemType: Field> <itemName: sea_surface_temperature>
20260908 003942.984 INFO             PET1       DEF: InitializeIPDvXp04 intro {IS}:!--- FieldLog() start -----------------
20260908 003942.984 INFO             PET1       DEF: InitializeIPDvXp04 intro {IS}:! <name: sea_surface_temperature> <fieldStatus: ESMF_FIELDSTATUS_EMPTY>
20260908 003942.984 INFO             PET1       DEF: InitializeIPDvXp04 intro {IS}:! 0x7ffd88dd72f0 => 0x21d8a50 => 0x21d8c70
20260908 003942.984 INFO             PET1       DEF: InitializeIPDvXp04 intro {IS}:!--- FieldLog() end -------------------
20260908 003942.984 INFO             PET1       DEF: InitializeIPDvXp04 intro {IS}:--- StateLog() end -------------------
20260908 003942.984 INFO             PET1       DEF: InitializeIPDvXp04 intro {ES}:--- StateLog() start -----------------
20260908 003942.984 INFO             PET1       DEF: InitializeIPDvXp04 intro {ES}:<name: DEF-ExportState> <intent: ESMF_STATEINTENT_EXPORT> <itemCount:    0>
20260908 003942.984 INFO             PET1       DEF: InitializeIPDvXp04 intro {ES}:--- StateLog() end -------------------
20260908 003942.985 INFO             PET1       >>>DEF: entered Initialize (phase=IPDvXp04) without valid internal Clock.
20260908 003942.988 INFO             PET1       <<<DEF: leaving Initialize (phase=IPDvXp04) without valid internal Clock.
20260908 003942.988 INFO             PET1       DEF: InitializeIPDvXp04 extro {IS}:--- StateLog() start -----------------
20260908 003942.988 INFO             PET1       DEF: InitializeIPDvXp04 extro {IS}:<name: DEF-ImportState> <intent: ESMF_STATEINTENT_IMPORT> <itemCount:    2>
20260908 003942.988 INFO             PET1       DEF: InitializeIPDvXp04 extro {IS}:+-<item: 0001> <itemType: Field> <itemName: sea_surface_height_above_sea_level>
20260908 003942.989 INFO             PET1       DEF: InitializeIPDvXp04 extro {IS}:!--- FieldLog() start -----------------
20260908 003942.989 INFO             PET1       DEF: InitializeIPDvXp04 extro {IS}:! <name: sea_surface_height_above_sea_level> <fieldStatus: ESMF_FIELDSTATUS_COMPLETE>
20260908 003942.989 INFO             PET1       DEF: InitializeIPDvXp04 extro {IS}:! 0x7ffd88dd7650 => 0x21b43f0 => 0x21b4610
20260908 003942.989 INFO             PET1       DEF: InitializeIPDvXp04 extro {IS}:! <typekind: Real*4> <rank:    2> <dimCount:    2>
20260908 003942.989 INFO             PET1       DEF: InitializeIPDvXp04 extro {IS}:! ! --- Array::log() start -----------------------------------
20260908 003942.989 INFO             PET1       DEF: InitializeIPDvXp04 extro {IS}:! ! 0x21b9c60
20260908 003942.989 INFO             PET1       DEF: InitializeIPDvXp04 extro {IS}:! ! <name: sea_surface_height_above_sea_level>
20260908 003942.989 INFO             PET1       DEF: InitializeIPDvXp04 extro {IS}:! ! ! --- DistGrid::log() start --------------------------------
20260908 003942.989 INFO             PET1       DEF: InitializeIPDvXp04 extro {IS}:! ! ! 0x21a7740
20260908 003942.989 INFO             PET1       DEF: InitializeIPDvXp04 extro {IS}:! ! ! DistGrid object is valid!<name: DG-global-sloc:0>
20260908 003942.989 INFO             PET1       DEF: InitializeIPDvXp04 extro {IS}:! ! ! --- DistGrid::log() end ----------------------------------
20260908 003942.989 INFO             PET1       DEF: InitializeIPDvXp04 extro {IS}:! ! --- Array::log() end -------------------------------------
20260908 003942.989 INFO             PET1       DEF: InitializeIPDvXp04 extro {IS}:!--- FieldLog() end -------------------
20260908 003942.989 INFO             PET1       DEF: InitializeIPDvXp04 extro {IS}:+-<item: 0002> <itemType: Field> <itemName: sea_surface_temperature>
20260908 003942.989 INFO             PET1       DEF: InitializeIPDvXp04 extro {IS}:!--- FieldLog() start -----------------
20260908 003942.989 INFO             PET1       DEF: InitializeIPDvXp04 extro {IS}:! <name: sea_surface_temperature> <fieldStatus: ESMF_FIELDSTATUS_COMPLETE>
20260908 003942.989 INFO             PET1       DEF: InitializeIPDvXp04 extro {IS}:! 0x7ffd88dd7650 => 0x21ad0f0 => 0x21ad440
20260908 003942.989 INFO             PET1       DEF: InitializeIPDvXp04 extro {IS}:! <typekind: Real*4> <rank:    2> <dimCount:    2>
20260908 003942.989 INFO             PET1       DEF: InitializeIPDvXp04 extro {IS}:! ! --- Array::log() start -----------------------------------
20260908 003942.989 INFO             PET1       DEF: InitializeIPDvXp04 extro {IS}:! ! 0x21b29d0
20260908 003942.989 INFO             PET1       DEF: InitializeIPDvXp04 extro {IS}:! ! <name: sea_surface_temperature>
20260908 003942.989 INFO             PET1       DEF: InitializeIPDvXp04 extro {IS}:! ! ! --- DistGrid::log() start --------------------------------
20260908 003942.989 INFO             PET1       DEF: InitializeIPDvXp04 extro {IS}:! ! ! 0x21a7740
20260908 003942.989 INFO             PET1       DEF: InitializeIPDvXp04 extro {IS}:! ! ! DistGrid object is valid!<name: DG-global-sloc:0>
20260908 003942.989 INFO             PET1       DEF: InitializeIPDvXp04 extro {IS}:! ! ! --- DistGrid::log() end ----------------------------------
20260908 003942.989 INFO             PET1       DEF: InitializeIPDvXp04 extro {IS}:! ! --- Array::log() end -------------------------------------
20260908 003942.989 INFO             PET1       DEF: InitializeIPDvXp04 extro {IS}:!--- FieldLog() end -------------------
20260908 003942.989 INFO             PET1       DEF: InitializeIPDvXp04 extro {IS}:--- StateLog() end -------------------
20260908 003942.989 INFO             PET1       DEF: InitializeIPDvXp04 extro {ES}:--- StateLog() start -----------------
20260908 003942.989 INFO             PET1       DEF: InitializeIPDvXp04 extro {ES}:<name: DEF-ExportState> <intent: ESMF_STATEINTENT_EXPORT> <itemCount:    0>
20260908 003942.989 INFO             PET1       DEF: InitializeIPDvXp04 extro {ES}:--- StateLog() end -------------------
20260908 003942.989 INFO             PET1     DEF: InitializeIPDvXp04 extro.
20260908 003942.993 INFO             PET1     ABC-TO-DEF: InitializeIPDv05p4 intro.
20260908 003942.993 INFO             PET1       ABC-TO-DEF: InitializeIPDv05p4 intro {IS}:--- StateLog() start -----------------
20260908 003942.993 INFO             PET1       ABC-TO-DEF: InitializeIPDv05p4 intro {IS}:<name: ABC-ExportState> <intent: ESMF_STATEINTENT_EXPORT> <itemCount:    2>
20260908 003942.993 INFO             PET1       ABC-TO-DEF: InitializeIPDv05p4 intro {IS}:+-<item: 0001> <itemType: Field> <itemName: sea_surface_height_above_sea_level>
20260908 003942.993 INFO             PET1       ABC-TO-DEF: InitializeIPDv05p4 intro {IS}:!--- FieldLog() start -----------------
20260908 003942.993 INFO             PET1       ABC-TO-DEF: InitializeIPDv05p4 intro {IS}:! <name: sea_surface_height_above_sea_level> <fieldStatus: ESMF_FIELDSTATUS_COMPLETE>
20260908 003942.993 INFO             PET1       ABC-TO-DEF: InitializeIPDv05p4 intro {IS}:! 0x7ffd88dd4610 => 0x215ffb0 => 0x21601d0
20260908 003942.993 INFO             PET1       ABC-TO-DEF: InitializeIPDv05p4 intro {IS}:! <typekind: Real*8> <rank:    2> <dimCount:    2>
20260908 003942.993 INFO             PET1       ABC-TO-DEF: InitializeIPDv05p4 intro {IS}:! ! --- Array::log() start -----------------------------------
20260908 003942.993 INFO             PET1       ABC-TO-DEF: InitializeIPDv05p4 intro {IS}:! ! 0x2163250
20260908 003942.993 INFO             PET1       ABC-TO-DEF: InitializeIPDv05p4 intro {IS}:! ! <name: sea_surface_height_above_sea_level>
20260908 003942.993 INFO             PET1       ABC-TO-DEF: InitializeIPDv05p4 intro {IS}:! ! ! --- DistGrid::log() start --------------------------------
20260908 003942.993 INFO             PET1       ABC-TO-DEF: InitializeIPDv05p4 intro {IS}:! ! ! 0x2157500
20260908 003942.993 INFO             PET1       ABC-TO-DEF: InitializeIPDv05p4 intro {IS}:! ! ! DistGrid object is valid!<name: DG-global-sloc:0>
20260908 003942.993 INFO             PET1       ABC-TO-DEF: InitializeIPDv05p4 intro {IS}:! ! ! --- DistGrid::log() end ----------------------------------
20260908 003942.993 INFO             PET1       ABC-TO-DEF: InitializeIPDv05p4 intro {IS}:! ! --- Array::log() end -------------------------------------
20260908 003942.993 INFO             PET1       ABC-TO-DEF: InitializeIPDv05p4 intro {IS}:!--- FieldLog() end -------------------
20260908 003942.993 INFO             PET1       ABC-TO-DEF: InitializeIPDv05p4 intro {IS}:+-<item: 0002> <itemType: Field> <itemName: sea_surface_temperature>
20260908 003942.993 INFO             PET1       ABC-TO-DEF: InitializeIPDv05p4 intro {IS}:!--- FieldLog() start -----------------
20260908 003942.993 INFO             PET1       ABC-TO-DEF: InitializeIPDv05p4 intro {IS}:! <name: sea_surface_temperature> <fieldStatus: ESMF_FIELDSTATUS_COMPLETE>
20260908 003942.993 INFO             PET1       ABC-TO-DEF: InitializeIPDv05p4 intro {IS}:! 0x7ffd88dd4610 => 0x2011d60 => 0x215bc30
20260908 003942.993 INFO             PET1       ABC-TO-DEF: InitializeIPDv05p4 intro {IS}:! <typekind: Real*8> <rank:    2> <dimCount:    2>
20260908 003942.993 INFO             PET1       ABC-TO-DEF: InitializeIPDv05p4 intro {IS}:! ! --- Array::log() start -----------------------------------
20260908 003942.993 INFO             PET1       ABC-TO-DEF: InitializeIPDv05p4 intro {IS}:! ! 0x215e6c0
20260908 003942.993 INFO             PET1       ABC-TO-DEF: InitializeIPDv05p4 intro {IS}:! ! <name: sea_surface_temperature>
20260908 003942.993 INFO             PET1       ABC-TO-DEF: InitializeIPDv05p4 intro {IS}:! ! ! --- DistGrid::log() start --------------------------------
20260908 003942.993 INFO             PET1       ABC-TO-DEF: InitializeIPDv05p4 intro {IS}:! ! ! 0x2157500
20260908 003942.993 INFO             PET1       ABC-TO-DEF: InitializeIPDv05p4 intro {IS}:! ! ! DistGrid object is valid!<name: DG-global-sloc:0>
20260908 003942.993 INFO             PET1       ABC-TO-DEF: InitializeIPDv05p4 intro {IS}:! ! ! --- DistGrid::log() end ----------------------------------
20260908 003942.993 INFO             PET1       ABC-TO-DEF: InitializeIPDv05p4 intro {IS}:! ! --- Array::log() end -------------------------------------
20260908 003942.993 INFO             PET1       ABC-TO-DEF: InitializeIPDv05p4 intro {IS}:!--- FieldLog() end -------------------
20260908 003942.993 INFO             PET1       ABC-TO-DEF: InitializeIPDv05p4 intro {IS}:--- StateLog() end -------------------
20260908 003942.993 INFO             PET1       ABC-TO-DEF: InitializeIPDv05p4 intro {ES}:--- StateLog() start -----------------
20260908 003942.993 INFO             PET1       ABC-TO-DEF: InitializeIPDv05p4 intro {ES}:<name: DEF-ImportState> <intent: ESMF_STATEINTENT_IMPORT> <itemCount:    2>
20260908 003942.993 INFO             PET1       ABC-TO-DEF: InitializeIPDv05p4 intro {ES}:+-<item: 0001> <itemType: Field> <itemName: sea_surface_height_above_sea_level>
20260908 003942.993 INFO             PET1       ABC-TO-DEF: InitializeIPDv05p4 intro {ES}:!--- FieldLog() start -----------------
20260908 003942.993 INFO             PET1       ABC-TO-DEF: InitializeIPDv05p4 intro {ES}:! <name: sea_surface_height_above_sea_level> <fieldStatus: ESMF_FIELDSTATUS_COMPLETE>
20260908 003942.993 INFO             PET1       ABC-TO-DEF: InitializeIPDv05p4 intro {ES}:! 0x7ffd88dd4610 => 0x21b43f0 => 0x21b4610
20260908 003942.993 INFO             PET1       ABC-TO-DEF: InitializeIPDv05p4 intro {ES}:! <typekind: Real*4> <rank:    2> <dimCount:    2>
20260908 003942.993 INFO             PET1       ABC-TO-DEF: InitializeIPDv05p4 intro {ES}:! ! --- Array::log() start -----------------------------------
20260908 003942.993 INFO             PET1       ABC-TO-DEF: InitializeIPDv05p4 intro {ES}:! ! 0x21b9c60
20260908 003942.993 INFO             PET1       ABC-TO-DEF: InitializeIPDv05p4 intro {ES}:! ! <name: sea_surface_height_above_sea_level>
20260908 003942.993 INFO             PET1       ABC-TO-DEF: InitializeIPDv05p4 intro {ES}:! ! ! --- DistGrid::log() start --------------------------------
20260908 003942.993 INFO             PET1       ABC-TO-DEF: InitializeIPDv05p4 intro {ES}:! ! ! 0x21a7740
20260908 003942.993 INFO             PET1       ABC-TO-DEF: InitializeIPDv05p4 intro {ES}:! ! ! DistGrid object is valid!<name: DG-global-sloc:0>
20260908 003942.993 INFO             PET1       ABC-TO-DEF: InitializeIPDv05p4 intro {ES}:! ! ! --- DistGrid::log() end ----------------------------------
20260908 003942.993 INFO             PET1       ABC-TO-DEF: InitializeIPDv05p4 intro {ES}:! ! --- Array::log() end -------------------------------------
20260908 003942.993 INFO             PET1       ABC-TO-DEF: InitializeIPDv05p4 intro {ES}:!--- FieldLog() end -------------------
20260908 003942.993 INFO             PET1       ABC-TO-DEF: InitializeIPDv05p4 intro {ES}:+-<item: 0002> <itemType: Field> <itemName: sea_surface_temperature>
20260908 003942.993 INFO             PET1       ABC-TO-DEF: InitializeIPDv05p4 intro {ES}:!--- FieldLog() start -----------------
20260908 003942.993 INFO             PET1       ABC-TO-DEF: InitializeIPDv05p4 intro {ES}:! <name: sea_surface_temperature> <fieldStatus: ESMF_FIELDSTATUS_COMPLETE>
20260908 003942.993 INFO             PET1       ABC-TO-DEF: InitializeIPDv05p4 intro {ES}:! 0x7ffd88dd4610 => 0x21ad0f0 => 0x21ad440
20260908 003942.993 INFO             PET1       ABC-TO-DEF: InitializeIPDv05p4 intro {ES}:! <typekind: Real*4> <rank:    2> <dimCount:    2>
20260908 003942.993 INFO             PET1       ABC-TO-DEF: InitializeIPDv05p4 intro {ES}:! ! --- Array::log() start -----------------------------------
20260908 003942.993 INFO             PET1       ABC-TO-DEF: InitializeIPDv05p4 intro {ES}:! ! 0x21b29d0
20260908 003942.993 INFO             PET1       ABC-TO-DEF: InitializeIPDv05p4 intro {ES}:! ! <name: sea_surface_temperature>
20260908 003942.993 INFO             PET1       ABC-TO-DEF: InitializeIPDv05p4 intro {ES}:! ! ! --- DistGrid::log() start --------------------------------
20260908 003942.993 INFO             PET1       ABC-TO-DEF: InitializeIPDv05p4 intro {ES}:! ! ! 0x21a7740
20260908 003942.994 INFO             PET1       ABC-TO-DEF: InitializeIPDv05p4 intro {ES}:! ! ! DistGrid object is valid!<name: DG-global-sloc:0>
20260908 003942.994 INFO             PET1       ABC-TO-DEF: InitializeIPDv05p4 intro {ES}:! ! ! --- DistGrid::log() end ----------------------------------
20260908 003942.994 INFO             PET1       ABC-TO-DEF: InitializeIPDv05p4 intro {ES}:! ! --- Array::log() end -------------------------------------
20260908 003942.994 INFO             PET1       ABC-TO-DEF: InitializeIPDv05p4 intro {ES}:!--- FieldLog() end -------------------
20260908 003942.994 INFO             PET1       ABC-TO-DEF: InitializeIPDv05p4 intro {ES}:--- StateLog() end -------------------
20260908 003942.994 INFO             PET1       ABC-TO-DEF: handle cplList(1): sea_surface_height_above_sea_level, cplSetList(1): __UNSPECIFIED__
20260908 003942.994 INFO             PET1       ABC-TO-DEF: - nothing shared or transferred
20260908 003942.994 INFO             PET1       ABC-TO-DEF: handle cplList(2): sea_surface_temperature, cplSetList(2): __UNSPECIFIED__
20260908 003942.994 INFO             PET1       ABC-TO-DEF: - nothing shared or transferred
20260908 003942.994 INFO             PET1       ABC-TO-DEF: InitializeIPDv05p4 extro {IS}:--- StateLog() start -----------------
20260908 003942.994 INFO             PET1       ABC-TO-DEF: InitializeIPDv05p4 extro {IS}:<name: ABC-ExportState> <intent: ESMF_STATEINTENT_EXPORT> <itemCount:    2>
20260908 003942.995 INFO             PET1       ABC-TO-DEF: InitializeIPDv05p4 extro {IS}:+-<item: 0001> <itemType: Field> <itemName: sea_surface_height_above_sea_level>
20260908 003942.995 INFO             PET1       ABC-TO-DEF: InitializeIPDv05p4 extro {IS}:!--- FieldLog() start -----------------
20260908 003942.995 INFO             PET1       ABC-TO-DEF: InitializeIPDv05p4 extro {IS}:! <name: sea_surface_height_above_sea_level> <fieldStatus: ESMF_FIELDSTATUS_COMPLETE>
20260908 003942.995 INFO             PET1       ABC-TO-DEF: InitializeIPDv05p4 extro {IS}:! 0x7ffd88dd4970 => 0x215ffb0 => 0x21601d0
20260908 003942.995 INFO             PET1       ABC-TO-DEF: InitializeIPDv05p4 extro {IS}:! <typekind: Real*8> <rank:    2> <dimCount:    2>
20260908 003942.995 INFO             PET1       ABC-TO-DEF: InitializeIPDv05p4 extro {IS}:! ! --- Array::log() start -----------------------------------
20260908 003942.995 INFO             PET1       ABC-TO-DEF: InitializeIPDv05p4 extro {IS}:! ! 0x2163250
20260908 003942.995 INFO             PET1       ABC-TO-DEF: InitializeIPDv05p4 extro {IS}:! ! <name: sea_surface_height_above_sea_level>
20260908 003942.995 INFO             PET1       ABC-TO-DEF: InitializeIPDv05p4 extro {IS}:! ! ! --- DistGrid::log() start --------------------------------
20260908 003942.995 INFO             PET1       ABC-TO-DEF: InitializeIPDv05p4 extro {IS}:! ! ! 0x2157500
20260908 003942.995 INFO             PET1       ABC-TO-DEF: InitializeIPDv05p4 extro {IS}:! ! ! DistGrid object is valid!<name: DG-global-sloc:0>
20260908 003942.995 INFO             PET1       ABC-TO-DEF: InitializeIPDv05p4 extro {IS}:! ! ! --- DistGrid::log() end ----------------------------------
20260908 003942.995 INFO             PET1       ABC-TO-DEF: InitializeIPDv05p4 extro {IS}:! ! --- Array::log() end -------------------------------------
20260908 003942.995 INFO             PET1       ABC-TO-DEF: InitializeIPDv05p4 extro {IS}:!--- FieldLog() end -------------------
20260908 003942.995 INFO             PET1       ABC-TO-DEF: InitializeIPDv05p4 extro {IS}:+-<item: 0002> <itemType: Field> <itemName: sea_surface_temperature>
20260908 003942.995 INFO             PET1       ABC-TO-DEF: InitializeIPDv05p4 extro {IS}:!--- FieldLog() start -----------------
20260908 003942.995 INFO             PET1       ABC-TO-DEF: InitializeIPDv05p4 extro {IS}:! <name: sea_surface_temperature> <fieldStatus: ESMF_FIELDSTATUS_COMPLETE>
20260908 003942.995 INFO             PET1       ABC-TO-DEF: InitializeIPDv05p4 extro {IS}:! 0x7ffd88dd4970 => 0x2011d60 => 0x215bc30
20260908 003942.995 INFO             PET1       ABC-TO-DEF: InitializeIPDv05p4 extro {IS}:! <typekind: Real*8> <rank:    2> <dimCount:    2>
20260908 003942.995 INFO             PET1       ABC-TO-DEF: InitializeIPDv05p4 extro {IS}:! ! --- Array::log() start -----------------------------------
20260908 003942.995 INFO             PET1       ABC-TO-DEF: InitializeIPDv05p4 extro {IS}:! ! 0x215e6c0
20260908 003942.995 INFO             PET1       ABC-TO-DEF: InitializeIPDv05p4 extro {IS}:! ! <name: sea_surface_temperature>
20260908 003942.995 INFO             PET1       ABC-TO-DEF: InitializeIPDv05p4 extro {IS}:! ! ! --- DistGrid::log() start --------------------------------
20260908 003942.995 INFO             PET1       ABC-TO-DEF: InitializeIPDv05p4 extro {IS}:! ! ! 0x2157500
20260908 003942.995 INFO             PET1       ABC-TO-DEF: InitializeIPDv05p4 extro {IS}:! ! ! DistGrid object is valid!<name: DG-global-sloc:0>
20260908 003942.995 INFO             PET1       ABC-TO-DEF: InitializeIPDv05p4 extro {IS}:! ! ! --- DistGrid::log() end ----------------------------------
20260908 003942.995 INFO             PET1       ABC-TO-DEF: InitializeIPDv05p4 extro {IS}:! ! --- Array::log() end -------------------------------------
20260908 003942.995 INFO             PET1       ABC-TO-DEF: InitializeIPDv05p4 extro {IS}:!--- FieldLog() end -------------------
20260908 003942.995 INFO             PET1       ABC-TO-DEF: InitializeIPDv05p4 extro {IS}:--- StateLog() end -------------------
20260908 003942.995 INFO             PET1       ABC-TO-DEF: InitializeIPDv05p4 extro {ES}:--- StateLog() start -----------------
20260908 003942.995 INFO             PET1       ABC-TO-DEF: InitializeIPDv05p4 extro {ES}:<name: DEF-ImportState> <intent: ESMF_STATEINTENT_IMPORT> <itemCount:    2>
20260908 003942.995 INFO             PET1       ABC-TO-DEF: InitializeIPDv05p4 extro {ES}:+-<item: 0001> <itemType: Field> <itemName: sea_surface_height_above_sea_level>
20260908 003942.995 INFO             PET1       ABC-TO-DEF: InitializeIPDv05p4 extro {ES}:!--- FieldLog() start -----------------
20260908 003942.995 INFO             PET1       ABC-TO-DEF: InitializeIPDv05p4 extro {ES}:! <name: sea_surface_height_above_sea_level> <fieldStatus: ESMF_FIELDSTATUS_COMPLETE>
20260908 003942.995 INFO             PET1       ABC-TO-DEF: InitializeIPDv05p4 extro {ES}:! 0x7ffd88dd4970 => 0x21b43f0 => 0x21b4610
20260908 003942.995 INFO             PET1       ABC-TO-DEF: InitializeIPDv05p4 extro {ES}:! <typekind: Real*4> <rank:    2> <dimCount:    2>
20260908 003942.995 INFO             PET1       ABC-TO-DEF: InitializeIPDv05p4 extro {ES}:! ! --- Array::log() start -----------------------------------
20260908 003942.995 INFO             PET1       ABC-TO-DEF: InitializeIPDv05p4 extro {ES}:! ! 0x21b9c60
20260908 003942.995 INFO             PET1       ABC-TO-DEF: InitializeIPDv05p4 extro {ES}:! ! <name: sea_surface_height_above_sea_level>
20260908 003942.995 INFO             PET1       ABC-TO-DEF: InitializeIPDv05p4 extro {ES}:! ! ! --- DistGrid::log() start --------------------------------
20260908 003942.995 INFO             PET1       ABC-TO-DEF: InitializeIPDv05p4 extro {ES}:! ! ! 0x21a7740
20260908 003942.995 INFO             PET1       ABC-TO-DEF: InitializeIPDv05p4 extro {ES}:! ! ! DistGrid object is valid!<name: DG-global-sloc:0>
20260908 003942.995 INFO             PET1       ABC-TO-DEF: InitializeIPDv05p4 extro {ES}:! ! ! --- DistGrid::log() end ----------------------------------
20260908 003942.995 INFO             PET1       ABC-TO-DEF: InitializeIPDv05p4 extro {ES}:! ! --- Array::log() end -------------------------------------
20260908 003942.995 INFO             PET1       ABC-TO-DEF: InitializeIPDv05p4 extro {ES}:!--- FieldLog() end -------------------
20260908 003942.995 INFO             PET1       ABC-TO-DEF: InitializeIPDv05p4 extro {ES}:+-<item: 0002> <itemType: Field> <itemName: sea_surface_temperature>
20260908 003942.995 INFO             PET1       ABC-TO-DEF: InitializeIPDv05p4 extro {ES}:!--- FieldLog() start -----------------
20260908 003942.995 INFO             PET1       ABC-TO-DEF: InitializeIPDv05p4 extro {ES}:! <name: sea_surface_temperature> <fieldStatus: ESMF_FIELDSTATUS_COMPLETE>
20260908 003942.995 INFO             PET1       ABC-TO-DEF: InitializeIPDv05p4 extro {ES}:! 0x7ffd88dd4970 => 0x21ad0f0 => 0x21ad440
20260908 003942.995 INFO             PET1       ABC-TO-DEF: InitializeIPDv05p4 extro {ES}:! <typekind: Real*4> <rank:    2> <dimCount:    2>
20260908 003942.995 INFO             PET1       ABC-TO-DEF: InitializeIPDv05p4 extro {ES}:! ! --- Array::log() start -----------------------------------
20260908 003942.995 INFO             PET1       ABC-TO-DEF: InitializeIPDv05p4 extro {ES}:! ! 0x21b29d0
20260908 003942.995 INFO             PET1       ABC-TO-DEF: InitializeIPDv05p4 extro {ES}:! ! <name: sea_surface_temperature>
20260908 003942.995 INFO             PET1       ABC-TO-DEF: InitializeIPDv05p4 extro {ES}:! ! ! --- DistGrid::log() start --------------------------------
20260908 003942.995 INFO             PET1       ABC-TO-DEF: InitializeIPDv05p4 extro {ES}:! ! ! 0x21a7740
20260908 003942.995 INFO             PET1       ABC-TO-DEF: InitializeIPDv05p4 extro {ES}:! ! ! DistGrid object is valid!<name: DG-global-sloc:0>
20260908 003942.995 INFO             PET1       ABC-TO-DEF: InitializeIPDv05p4 extro {ES}:! ! ! --- DistGrid::log() end ----------------------------------
20260908 003942.995 INFO             PET1       ABC-TO-DEF: InitializeIPDv05p4 extro {ES}:! ! --- Array::log() end -------------------------------------
20260908 003942.995 INFO             PET1       ABC-TO-DEF: InitializeIPDv05p4 extro {ES}:!--- FieldLog() end -------------------
20260908 003942.995 INFO             PET1       ABC-TO-DEF: InitializeIPDv05p4 extro {ES}:--- StateLog() end -------------------
20260908 003942.995 INFO             PET1     ABC-TO-DEF: InitializeIPDv05p4 extro.
20260908 003942.996 INFO             PET1     ABC-TO-DEF: InitializeIPDv05p5 intro.
20260908 003942.996 INFO             PET1       ABC-TO-DEF: InitializeIPDv05p5 intro {IS}:--- StateLog() start -----------------
20260908 003942.996 INFO             PET1       ABC-TO-DEF: InitializeIPDv05p5 intro {IS}:<name: ABC-ExportState> <intent: ESMF_STATEINTENT_EXPORT> <itemCount:    2>
20260908 003942.996 INFO             PET1       ABC-TO-DEF: InitializeIPDv05p5 intro {IS}:+-<item: 0001> <itemType: Field> <itemName: sea_surface_height_above_sea_level>
20260908 003942.996 INFO             PET1       ABC-TO-DEF: InitializeIPDv05p5 intro {IS}:!--- FieldLog() start -----------------
20260908 003942.996 INFO             PET1       ABC-TO-DEF: InitializeIPDv05p5 intro {IS}:! <name: sea_surface_height_above_sea_level> <fieldStatus: ESMF_FIELDSTATUS_COMPLETE>
20260908 003942.996 INFO             PET1       ABC-TO-DEF: InitializeIPDv05p5 intro {IS}:! 0x7ffd88dd4c30 => 0x215ffb0 => 0x21601d0
20260908 003942.996 INFO             PET1       ABC-TO-DEF: InitializeIPDv05p5 intro {IS}:! <typekind: Real*8> <rank:    2> <dimCount:    2>
20260908 003942.996 INFO             PET1       ABC-TO-DEF: InitializeIPDv05p5 intro {IS}:! ! --- Array::log() start -----------------------------------
20260908 003942.996 INFO             PET1       ABC-TO-DEF: InitializeIPDv05p5 intro {IS}:! ! 0x2163250
20260908 003942.996 INFO             PET1       ABC-TO-DEF: InitializeIPDv05p5 intro {IS}:! ! <name: sea_surface_height_above_sea_level>
20260908 003942.996 INFO             PET1       ABC-TO-DEF: InitializeIPDv05p5 intro {IS}:! ! ! --- DistGrid::log() start --------------------------------
20260908 003942.996 INFO             PET1       ABC-TO-DEF: InitializeIPDv05p5 intro {IS}:! ! ! 0x2157500
20260908 003942.996 INFO             PET1       ABC-TO-DEF: InitializeIPDv05p5 intro {IS}:! ! ! DistGrid object is valid!<name: DG-global-sloc:0>
20260908 003942.996 INFO             PET1       ABC-TO-DEF: InitializeIPDv05p5 intro {IS}:! ! ! --- DistGrid::log() end ----------------------------------
20260908 003942.996 INFO             PET1       ABC-TO-DEF: InitializeIPDv05p5 intro {IS}:! ! --- Array::log() end -------------------------------------
20260908 003942.996 INFO             PET1       ABC-TO-DEF: InitializeIPDv05p5 intro {IS}:!--- FieldLog() end -------------------
20260908 003942.996 INFO             PET1       ABC-TO-DEF: InitializeIPDv05p5 intro {IS}:+-<item: 0002> <itemType: Field> <itemName: sea_surface_temperature>
20260908 003942.996 INFO             PET1       ABC-TO-DEF: InitializeIPDv05p5 intro {IS}:!--- FieldLog() start -----------------
20260908 003942.996 INFO             PET1       ABC-TO-DEF: InitializeIPDv05p5 intro {IS}:! <name: sea_surface_temperature> <fieldStatus: ESMF_FIELDSTATUS_COMPLETE>
20260908 003942.996 INFO             PET1       ABC-TO-DEF: InitializeIPDv05p5 intro {IS}:! 0x7ffd88dd4c30 => 0x2011d60 => 0x215bc30
20260908 003942.996 INFO             PET1       ABC-TO-DEF: InitializeIPDv05p5 intro {IS}:! <typekind: Real*8> <rank:    2> <dimCount:    2>
20260908 003942.996 INFO             PET1       ABC-TO-DEF: InitializeIPDv05p5 intro {IS}:! ! --- Array::log() start -----------------------------------
20260908 003942.996 INFO             PET1       ABC-TO-DEF: InitializeIPDv05p5 intro {IS}:! ! 0x215e6c0
20260908 003942.996 INFO             PET1       ABC-TO-DEF: InitializeIPDv05p5 intro {IS}:! ! <name: sea_surface_temperature>
20260908 003942.996 INFO             PET1       ABC-TO-DEF: InitializeIPDv05p5 intro {IS}:! ! ! --- DistGrid::log() start --------------------------------
20260908 003942.996 INFO             PET1       ABC-TO-DEF: InitializeIPDv05p5 intro {IS}:! ! ! 0x2157500
20260908 003942.996 INFO             PET1       ABC-TO-DEF: InitializeIPDv05p5 intro {IS}:! ! ! DistGrid object is valid!<name: DG-global-sloc:0>
20260908 003942.996 INFO             PET1       ABC-TO-DEF: InitializeIPDv05p5 intro {IS}:! ! ! --- DistGrid::log() end ----------------------------------
20260908 003942.996 INFO             PET1       ABC-TO-DEF: InitializeIPDv05p5 intro {IS}:! ! --- Array::log() end -------------------------------------
20260908 003942.996 INFO             PET1       ABC-TO-DEF: InitializeIPDv05p5 intro {IS}:!--- FieldLog() end -------------------
20260908 003942.996 INFO             PET1       ABC-TO-DEF: InitializeIPDv05p5 intro {IS}:--- StateLog() end -------------------
20260908 003942.996 INFO             PET1       ABC-TO-DEF: InitializeIPDv05p5 intro {ES}:--- StateLog() start -----------------
20260908 003942.996 INFO             PET1       ABC-TO-DEF: InitializeIPDv05p5 intro {ES}:<name: DEF-ImportState> <intent: ESMF_STATEINTENT_IMPORT> <itemCount:    2>
20260908 003942.996 INFO             PET1       ABC-TO-DEF: InitializeIPDv05p5 intro {ES}:+-<item: 0001> <itemType: Field> <itemName: sea_surface_height_above_sea_level>
20260908 003942.996 INFO             PET1       ABC-TO-DEF: InitializeIPDv05p5 intro {ES}:!--- FieldLog() start -----------------
20260908 003942.997 INFO             PET1       ABC-TO-DEF: InitializeIPDv05p5 intro {ES}:! <name: sea_surface_height_above_sea_level> <fieldStatus: ESMF_FIELDSTATUS_COMPLETE>
20260908 003942.997 INFO             PET1       ABC-TO-DEF: InitializeIPDv05p5 intro {ES}:! 0x7ffd88dd4c30 => 0x21b43f0 => 0x21b4610
20260908 003942.997 INFO             PET1       ABC-TO-DEF: InitializeIPDv05p5 intro {ES}:! <typekind: Real*4> <rank:    2> <dimCount:    2>
20260908 003942.997 INFO             PET1       ABC-TO-DEF: InitializeIPDv05p5 intro {ES}:! ! --- Array::log() start -----------------------------------
20260908 003942.997 INFO             PET1       ABC-TO-DEF: InitializeIPDv05p5 intro {ES}:! ! 0x21b9c60
20260908 003942.997 INFO             PET1       ABC-TO-DEF: InitializeIPDv05p5 intro {ES}:! ! <name: sea_surface_height_above_sea_level>
20260908 003942.997 INFO             PET1       ABC-TO-DEF: InitializeIPDv05p5 intro {ES}:! ! ! --- DistGrid::log() start --------------------------------
20260908 003942.997 INFO             PET1       ABC-TO-DEF: InitializeIPDv05p5 intro {ES}:! ! ! 0x21a7740
20260908 003942.997 INFO             PET1       ABC-TO-DEF: InitializeIPDv05p5 intro {ES}:! ! ! DistGrid object is valid!<name: DG-global-sloc:0>
20260908 003942.997 INFO             PET1       ABC-TO-DEF: InitializeIPDv05p5 intro {ES}:! ! ! --- DistGrid::log() end ----------------------------------
20260908 003942.997 INFO             PET1       ABC-TO-DEF: InitializeIPDv05p5 intro {ES}:! ! --- Array::log() end -------------------------------------
20260908 003942.997 INFO             PET1       ABC-TO-DEF: InitializeIPDv05p5 intro {ES}:!--- FieldLog() end -------------------
20260908 003942.997 INFO             PET1       ABC-TO-DEF: InitializeIPDv05p5 intro {ES}:+-<item: 0002> <itemType: Field> <itemName: sea_surface_temperature>
20260908 003942.997 INFO             PET1       ABC-TO-DEF: InitializeIPDv05p5 intro {ES}:!--- FieldLog() start -----------------
20260908 003942.997 INFO             PET1       ABC-TO-DEF: InitializeIPDv05p5 intro {ES}:! <name: sea_surface_temperature> <fieldStatus: ESMF_FIELDSTATUS_COMPLETE>
20260908 003942.997 INFO             PET1       ABC-TO-DEF: InitializeIPDv05p5 intro {ES}:! 0x7ffd88dd4c30 => 0x21ad0f0 => 0x21ad440
20260908 003942.997 INFO             PET1       ABC-TO-DEF: InitializeIPDv05p5 intro {ES}:! <typekind: Real*4> <rank:    2> <dimCount:    2>
20260908 003942.997 INFO             PET1       ABC-TO-DEF: InitializeIPDv05p5 intro {ES}:! ! --- Array::log() start -----------------------------------
20260908 003942.997 INFO             PET1       ABC-TO-DEF: InitializeIPDv05p5 intro {ES}:! ! 0x21b29d0
20260908 003942.997 INFO             PET1       ABC-TO-DEF: InitializeIPDv05p5 intro {ES}:! ! <name: sea_surface_temperature>
20260908 003942.997 INFO             PET1       ABC-TO-DEF: InitializeIPDv05p5 intro {ES}:! ! ! --- DistGrid::log() start --------------------------------
20260908 003942.997 INFO             PET1       ABC-TO-DEF: InitializeIPDv05p5 intro {ES}:! ! ! 0x21a7740
20260908 003942.997 INFO             PET1       ABC-TO-DEF: InitializeIPDv05p5 intro {ES}:! ! ! DistGrid object is valid!<name: DG-global-sloc:0>
20260908 003942.997 INFO             PET1       ABC-TO-DEF: InitializeIPDv05p5 intro {ES}:! ! ! --- DistGrid::log() end ----------------------------------
20260908 003942.997 INFO             PET1       ABC-TO-DEF: InitializeIPDv05p5 intro {ES}:! ! --- Array::log() end -------------------------------------
20260908 003942.997 INFO             PET1       ABC-TO-DEF: InitializeIPDv05p5 intro {ES}:!--- FieldLog() end -------------------
20260908 003942.997 INFO             PET1       ABC-TO-DEF: InitializeIPDv05p5 intro {ES}:--- StateLog() end -------------------
20260908 003942.998 INFO             PET1       ABC-TO-DEF: handle cplList(1): sea_surface_height_above_sea_level, cplSetList(1): __UNSPECIFIED__
20260908 003942.998 INFO             PET1       ABC-TO-DEF: - nothing shared or transferred, or may already be handled
20260908 003942.998 INFO             PET1       ABC-TO-DEF: handle cplList(2): sea_surface_temperature, cplSetList(2): __UNSPECIFIED__
20260908 003942.999 INFO             PET1       ABC-TO-DEF: - nothing shared or transferred, or may already be handled
20260908 003942.999 INFO             PET1       ABC-TO-DEF: InitializeIPDv05p5 extro {IS}:--- StateLog() start -----------------
20260908 003942.999 INFO             PET1       ABC-TO-DEF: InitializeIPDv05p5 extro {IS}:<name: ABC-ExportState> <intent: ESMF_STATEINTENT_EXPORT> <itemCount:    2>
20260908 003942.999 INFO             PET1       ABC-TO-DEF: InitializeIPDv05p5 extro {IS}:+-<item: 0001> <itemType: Field> <itemName: sea_surface_height_above_sea_level>
20260908 003942.999 INFO             PET1       ABC-TO-DEF: InitializeIPDv05p5 extro {IS}:!--- FieldLog() start -----------------
20260908 003942.999 INFO             PET1       ABC-TO-DEF: InitializeIPDv05p5 extro {IS}:! <name: sea_surface_height_above_sea_level> <fieldStatus: ESMF_FIELDSTATUS_COMPLETE>
20260908 003942.999 INFO             PET1       ABC-TO-DEF: InitializeIPDv05p5 extro {IS}:! 0x7ffd88dd4f90 => 0x215ffb0 => 0x21601d0
20260908 003942.999 INFO             PET1       ABC-TO-DEF: InitializeIPDv05p5 extro {IS}:! <typekind: Real*8> <rank:    2> <dimCount:    2>
20260908 003942.999 INFO             PET1       ABC-TO-DEF: InitializeIPDv05p5 extro {IS}:! ! --- Array::log() start -----------------------------------
20260908 003942.999 INFO             PET1       ABC-TO-DEF: InitializeIPDv05p5 extro {IS}:! ! 0x2163250
20260908 003942.999 INFO             PET1       ABC-TO-DEF: InitializeIPDv05p5 extro {IS}:! ! <name: sea_surface_height_above_sea_level>
20260908 003942.999 INFO             PET1       ABC-TO-DEF: InitializeIPDv05p5 extro {IS}:! ! ! --- DistGrid::log() start --------------------------------
20260908 003942.999 INFO             PET1       ABC-TO-DEF: InitializeIPDv05p5 extro {IS}:! ! ! 0x2157500
20260908 003942.999 INFO             PET1       ABC-TO-DEF: InitializeIPDv05p5 extro {IS}:! ! ! DistGrid object is valid!<name: DG-global-sloc:0>
20260908 003942.999 INFO             PET1       ABC-TO-DEF: InitializeIPDv05p5 extro {IS}:! ! ! --- DistGrid::log() end ----------------------------------
20260908 003942.999 INFO             PET1       ABC-TO-DEF: InitializeIPDv05p5 extro {IS}:! ! --- Array::log() end -------------------------------------
20260908 003942.999 INFO             PET1       ABC-TO-DEF: InitializeIPDv05p5 extro {IS}:!--- FieldLog() end -------------------
20260908 003942.999 INFO             PET1       ABC-TO-DEF: InitializeIPDv05p5 extro {IS}:+-<item: 0002> <itemType: Field> <itemName: sea_surface_temperature>
20260908 003942.999 INFO             PET1       ABC-TO-DEF: InitializeIPDv05p5 extro {IS}:!--- FieldLog() start -----------------
20260908 003942.999 INFO             PET1       ABC-TO-DEF: InitializeIPDv05p5 extro {IS}:! <name: sea_surface_temperature> <fieldStatus: ESMF_FIELDSTATUS_COMPLETE>
20260908 003942.999 INFO             PET1       ABC-TO-DEF: InitializeIPDv05p5 extro {IS}:! 0x7ffd88dd4f90 => 0x2011d60 => 0x215bc30
20260908 003942.999 INFO             PET1       ABC-TO-DEF: InitializeIPDv05p5 extro {IS}:! <typekind: Real*8> <rank:    2> <dimCount:    2>
20260908 003942.999 INFO             PET1       ABC-TO-DEF: InitializeIPDv05p5 extro {IS}:! ! --- Array::log() start -----------------------------------
20260908 003942.999 INFO             PET1       ABC-TO-DEF: InitializeIPDv05p5 extro {IS}:! ! 0x215e6c0
20260908 003942.999 INFO             PET1       ABC-TO-DEF: InitializeIPDv05p5 extro {IS}:! ! <name: sea_surface_temperature>
20260908 003942.999 INFO             PET1       ABC-TO-DEF: InitializeIPDv05p5 extro {IS}:! ! ! --- DistGrid::log() start --------------------------------
20260908 003942.999 INFO             PET1       ABC-TO-DEF: InitializeIPDv05p5 extro {IS}:! ! ! 0x2157500
20260908 003942.999 INFO             PET1       ABC-TO-DEF: InitializeIPDv05p5 extro {IS}:! ! ! DistGrid object is valid!<name: DG-global-sloc:0>
20260908 003942.999 INFO             PET1       ABC-TO-DEF: InitializeIPDv05p5 extro {IS}:! ! ! --- DistGrid::log() end ----------------------------------
20260908 003942.999 INFO             PET1       ABC-TO-DEF: InitializeIPDv05p5 extro {IS}:! ! --- Array::log() end -------------------------------------
20260908 003942.999 INFO             PET1       ABC-TO-DEF: InitializeIPDv05p5 extro {IS}:!--- FieldLog() end -------------------
20260908 003942.999 INFO             PET1       ABC-TO-DEF: InitializeIPDv05p5 extro {IS}:--- StateLog() end -------------------
20260908 003942.999 INFO             PET1       ABC-TO-DEF: InitializeIPDv05p5 extro {ES}:--- StateLog() start -----------------
20260908 003942.999 INFO             PET1       ABC-TO-DEF: InitializeIPDv05p5 extro {ES}:<name: DEF-ImportState> <intent: ESMF_STATEINTENT_IMPORT> <itemCount:    2>
20260908 003942.999 INFO             PET1       ABC-TO-DEF: InitializeIPDv05p5 extro {ES}:+-<item: 0001> <itemType: Field> <itemName: sea_surface_height_above_sea_level>
20260908 003942.999 INFO             PET1       ABC-TO-DEF: InitializeIPDv05p5 extro {ES}:!--- FieldLog() start -----------------
20260908 003942.999 INFO             PET1       ABC-TO-DEF: InitializeIPDv05p5 extro {ES}:! <name: sea_surface_height_above_sea_level> <fieldStatus: ESMF_FIELDSTATUS_COMPLETE>
20260908 003942.999 INFO             PET1       ABC-TO-DEF: InitializeIPDv05p5 extro {ES}:! 0x7ffd88dd4f90 => 0x21b43f0 => 0x21b4610
20260908 003942.999 INFO             PET1       ABC-TO-DEF: InitializeIPDv05p5 extro {ES}:! <typekind: Real*4> <rank:    2> <dimCount:    2>
20260908 003942.999 INFO             PET1       ABC-TO-DEF: InitializeIPDv05p5 extro {ES}:! ! --- Array::log() start -----------------------------------
20260908 003942.999 INFO             PET1       ABC-TO-DEF: InitializeIPDv05p5 extro {ES}:! ! 0x21b9c60
20260908 003942.999 INFO             PET1       ABC-TO-DEF: InitializeIPDv05p5 extro {ES}:! ! <name: sea_surface_height_above_sea_level>
20260908 003942.999 INFO             PET1       ABC-TO-DEF: InitializeIPDv05p5 extro {ES}:! ! ! --- DistGrid::log() start --------------------------------
20260908 003942.999 INFO             PET1       ABC-TO-DEF: InitializeIPDv05p5 extro {ES}:! ! ! 0x21a7740
20260908 003942.999 INFO             PET1       ABC-TO-DEF: InitializeIPDv05p5 extro {ES}:! ! ! DistGrid object is valid!<name: DG-global-sloc:0>
20260908 003942.999 INFO             PET1       ABC-TO-DEF: InitializeIPDv05p5 extro {ES}:! ! ! --- DistGrid::log() end ----------------------------------
20260908 003942.999 INFO             PET1       ABC-TO-DEF: InitializeIPDv05p5 extro {ES}:! ! --- Array::log() end -------------------------------------
20260908 003942.999 INFO             PET1       ABC-TO-DEF: InitializeIPDv05p5 extro {ES}:!--- FieldLog() end -------------------
20260908 003942.999 INFO             PET1       ABC-TO-DEF: InitializeIPDv05p5 extro {ES}:+-<item: 0002> <itemType: Field> <itemName: sea_surface_temperature>
20260908 003943.000 INFO             PET1       ABC-TO-DEF: InitializeIPDv05p5 extro {ES}:!--- FieldLog() start -----------------
20260908 003943.000 INFO             PET1       ABC-TO-DEF: InitializeIPDv05p5 extro {ES}:! <name: sea_surface_temperature> <fieldStatus: ESMF_FIELDSTATUS_COMPLETE>
20260908 003943.000 INFO             PET1       ABC-TO-DEF: InitializeIPDv05p5 extro {ES}:! 0x7ffd88dd4f90 => 0x21ad0f0 => 0x21ad440
20260908 003943.000 INFO             PET1       ABC-TO-DEF: InitializeIPDv05p5 extro {ES}:! <typekind: Real*4> <rank:    2> <dimCount:    2>
20260908 003943.000 INFO             PET1       ABC-TO-DEF: InitializeIPDv05p5 extro {ES}:! ! --- Array::log() start -----------------------------------
20260908 003943.000 INFO             PET1       ABC-TO-DEF: InitializeIPDv05p5 extro {ES}:! ! 0x21b29d0
20260908 003943.000 INFO             PET1       ABC-TO-DEF: InitializeIPDv05p5 extro {ES}:! ! <name: sea_surface_temperature>
20260908 003943.000 INFO             PET1       ABC-TO-DEF: InitializeIPDv05p5 extro {ES}:! ! ! --- DistGrid::log() start --------------------------------
20260908 003943.000 INFO             PET1       ABC-TO-DEF: InitializeIPDv05p5 extro {ES}:! ! ! 0x21a7740
20260908 003943.000 INFO             PET1       ABC-TO-DEF: InitializeIPDv05p5 extro {ES}:! ! ! DistGrid object is valid!<name: DG-global-sloc:0>
20260908 003943.000 INFO             PET1       ABC-TO-DEF: InitializeIPDv05p5 extro {ES}:! ! ! --- DistGrid::log() end ----------------------------------
20260908 003943.000 INFO             PET1       ABC-TO-DEF: InitializeIPDv05p5 extro {ES}:! ! --- Array::log() end -------------------------------------
20260908 003943.000 INFO             PET1       ABC-TO-DEF: InitializeIPDv05p5 extro {ES}:!--- FieldLog() end -------------------
20260908 003943.000 INFO             PET1       ABC-TO-DEF: InitializeIPDv05p5 extro {ES}:--- StateLog() end -------------------
20260908 003943.000 INFO             PET1     ABC-TO-DEF: InitializeIPDv05p5 extro.
20260908 003943.000 INFO             PET1     ESMX_Driver: IInitRealize intro.
20260908 003943.000 INFO             PET1       ESMX_Driver: IInitRealize intro {IS}:--- StateLog() start -----------------
20260908 003943.000 INFO             PET1       ESMX_Driver: IInitRealize intro {IS}:State object is invalid! Not created or deleted!
20260908 003943.000 INFO             PET1       ESMX_Driver: IInitRealize intro {IS}:--- StateLog() end -------------------
20260908 003943.000 INFO             PET1       ESMX_Driver: IInitRealize intro {ES}:--- StateLog() start -----------------
20260908 003943.000 INFO             PET1       ESMX_Driver: IInitRealize intro {ES}:State object is invalid! Not created or deleted!
20260908 003943.000 INFO             PET1       ESMX_Driver: IInitRealize intro {ES}:--- StateLog() end -------------------
20260908 003943.000 INFO             PET1       >>>ESMX_Driver: entered Initialize (phase=<none>) with current time: 2012 10 24  8  0  0   0
20260908 003943.001 INFO             PET1       <<<ESMX_Driver: leaving Initialize (phase=<none>) with current time: 2012 10 24  8  0  0   0
20260908 003943.001 INFO             PET1       ESMX_Driver: IInitRealize extro {IS}:--- StateLog() start -----------------
20260908 003943.001 INFO             PET1       ESMX_Driver: IInitRealize extro {IS}:State object is invalid! Not created or deleted!
20260908 003943.001 INFO             PET1       ESMX_Driver: IInitRealize extro {IS}:--- StateLog() end -------------------
20260908 003943.001 INFO             PET1       ESMX_Driver: IInitRealize extro {ES}:--- StateLog() start -----------------
20260908 003943.001 INFO             PET1       ESMX_Driver: IInitRealize extro {ES}:State object is invalid! Not created or deleted!
20260908 003943.001 INFO             PET1       ESMX_Driver: IInitRealize extro {ES}:--- StateLog() end -------------------
20260908 003943.001 INFO             PET1     ESMX_Driver: IInitRealize extro.
20260908 003943.001 INFO             PET1     ABC-TO-DEF: InitializeIPDv05p6a intro.
20260908 003943.001 INFO             PET1       ABC-TO-DEF: InitializeIPDv05p6a intro {IS}:--- StateLog() start -----------------
20260908 003943.001 INFO             PET1       ABC-TO-DEF: InitializeIPDv05p6a intro {IS}:<name: ABC-ExportState> <intent: ESMF_STATEINTENT_EXPORT> <itemCount:    2>
20260908 003943.001 INFO             PET1       ABC-TO-DEF: InitializeIPDv05p6a intro {IS}:+-<item: 0001> <itemType: Field> <itemName: sea_surface_height_above_sea_level>
20260908 003943.001 INFO             PET1       ABC-TO-DEF: InitializeIPDv05p6a intro {IS}:!--- FieldLog() start -----------------
20260908 003943.002 INFO             PET1       ABC-TO-DEF: InitializeIPDv05p6a intro {IS}:! <name: sea_surface_height_above_sea_level> <fieldStatus: ESMF_FIELDSTATUS_COMPLETE>
20260908 003943.002 INFO             PET1       ABC-TO-DEF: InitializeIPDv05p6a intro {IS}:! 0x7ffd88dd6e50 => 0x215ffb0 => 0x21601d0
20260908 003943.002 INFO             PET1       ABC-TO-DEF: InitializeIPDv05p6a intro {IS}:! <typekind: Real*8> <rank:    2> <dimCount:    2>
20260908 003943.002 INFO             PET1       ABC-TO-DEF: InitializeIPDv05p6a intro {IS}:! ! --- Array::log() start -----------------------------------
20260908 003943.002 INFO             PET1       ABC-TO-DEF: InitializeIPDv05p6a intro {IS}:! ! 0x2163250
20260908 003943.002 INFO             PET1       ABC-TO-DEF: InitializeIPDv05p6a intro {IS}:! ! <name: sea_surface_height_above_sea_level>
20260908 003943.002 INFO             PET1       ABC-TO-DEF: InitializeIPDv05p6a intro {IS}:! ! ! --- DistGrid::log() start --------------------------------
20260908 003943.002 INFO             PET1       ABC-TO-DEF: InitializeIPDv05p6a intro {IS}:! ! ! 0x2157500
20260908 003943.002 INFO             PET1       ABC-TO-DEF: InitializeIPDv05p6a intro {IS}:! ! ! DistGrid object is valid!<name: DG-global-sloc:0>
20260908 003943.002 INFO             PET1       ABC-TO-DEF: InitializeIPDv05p6a intro {IS}:! ! ! --- DistGrid::log() end ----------------------------------
20260908 003943.002 INFO             PET1       ABC-TO-DEF: InitializeIPDv05p6a intro {IS}:! ! --- Array::log() end -------------------------------------
20260908 003943.002 INFO             PET1       ABC-TO-DEF: InitializeIPDv05p6a intro {IS}:!--- FieldLog() end -------------------
20260908 003943.002 INFO             PET1       ABC-TO-DEF: InitializeIPDv05p6a intro {IS}:+-<item: 0002> <itemType: Field> <itemName: sea_surface_temperature>
20260908 003943.002 INFO             PET1       ABC-TO-DEF: InitializeIPDv05p6a intro {IS}:!--- FieldLog() start -----------------
20260908 003943.002 INFO             PET1       ABC-TO-DEF: InitializeIPDv05p6a intro {IS}:! <name: sea_surface_temperature> <fieldStatus: ESMF_FIELDSTATUS_COMPLETE>
20260908 003943.002 INFO             PET1       ABC-TO-DEF: InitializeIPDv05p6a intro {IS}:! 0x7ffd88dd6e50 => 0x2011d60 => 0x215bc30
20260908 003943.002 INFO             PET1       ABC-TO-DEF: InitializeIPDv05p6a intro {IS}:! <typekind: Real*8> <rank:    2> <dimCount:    2>
20260908 003943.002 INFO             PET1       ABC-TO-DEF: InitializeIPDv05p6a intro {IS}:! ! --- Array::log() start -----------------------------------
20260908 003943.002 INFO             PET1       ABC-TO-DEF: InitializeIPDv05p6a intro {IS}:! ! 0x215e6c0
20260908 003943.002 INFO             PET1       ABC-TO-DEF: InitializeIPDv05p6a intro {IS}:! ! <name: sea_surface_temperature>
20260908 003943.002 INFO             PET1       ABC-TO-DEF: InitializeIPDv05p6a intro {IS}:! ! ! --- DistGrid::log() start --------------------------------
20260908 003943.002 INFO             PET1       ABC-TO-DEF: InitializeIPDv05p6a intro {IS}:! ! ! 0x2157500
20260908 003943.002 INFO             PET1       ABC-TO-DEF: InitializeIPDv05p6a intro {IS}:! ! ! DistGrid object is valid!<name: DG-global-sloc:0>
20260908 003943.002 INFO             PET1       ABC-TO-DEF: InitializeIPDv05p6a intro {IS}:! ! ! --- DistGrid::log() end ----------------------------------
20260908 003943.002 INFO             PET1       ABC-TO-DEF: InitializeIPDv05p6a intro {IS}:! ! --- Array::log() end -------------------------------------
20260908 003943.002 INFO             PET1       ABC-TO-DEF: InitializeIPDv05p6a intro {IS}:!--- FieldLog() end -------------------
20260908 003943.002 INFO             PET1       ABC-TO-DEF: InitializeIPDv05p6a intro {IS}:--- StateLog() end -------------------
20260908 003943.002 INFO             PET1       ABC-TO-DEF: InitializeIPDv05p6a intro {ES}:--- StateLog() start -----------------
20260908 003943.002 INFO             PET1       ABC-TO-DEF: InitializeIPDv05p6a intro {ES}:<name: DEF-ImportState> <intent: ESMF_STATEINTENT_IMPORT> <itemCount:    2>
20260908 003943.002 INFO             PET1       ABC-TO-DEF: InitializeIPDv05p6a intro {ES}:+-<item: 0001> <itemType: Field> <itemName: sea_surface_height_above_sea_level>
20260908 003943.002 INFO             PET1       ABC-TO-DEF: InitializeIPDv05p6a intro {ES}:!--- FieldLog() start -----------------
20260908 003943.002 INFO             PET1       ABC-TO-DEF: InitializeIPDv05p6a intro {ES}:! <name: sea_surface_height_above_sea_level> <fieldStatus: ESMF_FIELDSTATUS_COMPLETE>
20260908 003943.002 INFO             PET1       ABC-TO-DEF: InitializeIPDv05p6a intro {ES}:! 0x7ffd88dd6e50 => 0x21b43f0 => 0x21b4610
20260908 003943.002 INFO             PET1       ABC-TO-DEF: InitializeIPDv05p6a intro {ES}:! <typekind: Real*4> <rank:    2> <dimCount:    2>
20260908 003943.002 INFO             PET1       ABC-TO-DEF: InitializeIPDv05p6a intro {ES}:! ! --- Array::log() start -----------------------------------
20260908 003943.002 INFO             PET1       ABC-TO-DEF: InitializeIPDv05p6a intro {ES}:! ! 0x21b9c60
20260908 003943.002 INFO             PET1       ABC-TO-DEF: InitializeIPDv05p6a intro {ES}:! ! <name: sea_surface_height_above_sea_level>
20260908 003943.002 INFO             PET1       ABC-TO-DEF: InitializeIPDv05p6a intro {ES}:! ! ! --- DistGrid::log() start --------------------------------
20260908 003943.002 INFO             PET1       ABC-TO-DEF: InitializeIPDv05p6a intro {ES}:! ! ! 0x21a7740
20260908 003943.002 INFO             PET1       ABC-TO-DEF: InitializeIPDv05p6a intro {ES}:! ! ! DistGrid object is valid!<name: DG-global-sloc:0>
20260908 003943.002 INFO             PET1       ABC-TO-DEF: InitializeIPDv05p6a intro {ES}:! ! ! --- DistGrid::log() end ----------------------------------
20260908 003943.002 INFO             PET1       ABC-TO-DEF: InitializeIPDv05p6a intro {ES}:! ! --- Array::log() end -------------------------------------
20260908 003943.002 INFO             PET1       ABC-TO-DEF: InitializeIPDv05p6a intro {ES}:!--- FieldLog() end -------------------
20260908 003943.002 INFO             PET1       ABC-TO-DEF: InitializeIPDv05p6a intro {ES}:+-<item: 0002> <itemType: Field> <itemName: sea_surface_temperature>
20260908 003943.002 INFO             PET1       ABC-TO-DEF: InitializeIPDv05p6a intro {ES}:!--- FieldLog() start -----------------
20260908 003943.002 INFO             PET1       ABC-TO-DEF: InitializeIPDv05p6a intro {ES}:! <name: sea_surface_temperature> <fieldStatus: ESMF_FIELDSTATUS_COMPLETE>
20260908 003943.002 INFO             PET1       ABC-TO-DEF: InitializeIPDv05p6a intro {ES}:! 0x7ffd88dd6e50 => 0x21ad0f0 => 0x21ad440
20260908 003943.002 INFO             PET1       ABC-TO-DEF: InitializeIPDv05p6a intro {ES}:! <typekind: Real*4> <rank:    2> <dimCount:    2>
20260908 003943.002 INFO             PET1       ABC-TO-DEF: InitializeIPDv05p6a intro {ES}:! ! --- Array::log() start -----------------------------------
20260908 003943.002 INFO             PET1       ABC-TO-DEF: InitializeIPDv05p6a intro {ES}:! ! 0x21b29d0
20260908 003943.002 INFO             PET1       ABC-TO-DEF: InitializeIPDv05p6a intro {ES}:! ! <name: sea_surface_temperature>
20260908 003943.002 INFO             PET1       ABC-TO-DEF: InitializeIPDv05p6a intro {ES}:! ! ! --- DistGrid::log() start --------------------------------
20260908 003943.002 INFO             PET1       ABC-TO-DEF: InitializeIPDv05p6a intro {ES}:! ! ! 0x21a7740
20260908 003943.003 INFO             PET1       ABC-TO-DEF: InitializeIPDv05p6a intro {ES}:! ! ! DistGrid object is valid!<name: DG-global-sloc:0>
20260908 003943.003 INFO             PET1       ABC-TO-DEF: InitializeIPDv05p6a intro {ES}:! ! ! --- DistGrid::log() end ----------------------------------
20260908 003943.003 INFO             PET1       ABC-TO-DEF: InitializeIPDv05p6a intro {ES}:! ! --- Array::log() end -------------------------------------
20260908 003943.003 INFO             PET1       ABC-TO-DEF: InitializeIPDv05p6a intro {ES}:!--- FieldLog() end -------------------
20260908 003943.003 INFO             PET1       ABC-TO-DEF: InitializeIPDv05p6a intro {ES}:--- StateLog() end -------------------
20260908 003943.003 INFO             PET1       ABC-TO-DEF: InitializeIPDv05p6a extro {IS}:--- StateLog() start -----------------
20260908 003943.003 INFO             PET1       ABC-TO-DEF: InitializeIPDv05p6a extro {IS}:<name: ABC-ExportState> <intent: ESMF_STATEINTENT_EXPORT> <itemCount:    2>
20260908 003943.003 INFO             PET1       ABC-TO-DEF: InitializeIPDv05p6a extro {IS}:+-<item: 0001> <itemType: Field> <itemName: sea_surface_height_above_sea_level>
20260908 003943.003 INFO             PET1       ABC-TO-DEF: InitializeIPDv05p6a extro {IS}:!--- FieldLog() start -----------------
20260908 003943.003 INFO             PET1       ABC-TO-DEF: InitializeIPDv05p6a extro {IS}:! <name: sea_surface_height_above_sea_level> <fieldStatus: ESMF_FIELDSTATUS_COMPLETE>
20260908 003943.003 INFO             PET1       ABC-TO-DEF: InitializeIPDv05p6a extro {IS}:! 0x7ffd88dd71b0 => 0x215ffb0 => 0x21601d0
20260908 003943.003 INFO             PET1       ABC-TO-DEF: InitializeIPDv05p6a extro {IS}:! <typekind: Real*8> <rank:    2> <dimCount:    2>
20260908 003943.003 INFO             PET1       ABC-TO-DEF: InitializeIPDv05p6a extro {IS}:! ! --- Array::log() start -----------------------------------
20260908 003943.003 INFO             PET1       ABC-TO-DEF: InitializeIPDv05p6a extro {IS}:! ! 0x2163250
20260908 003943.003 INFO             PET1       ABC-TO-DEF: InitializeIPDv05p6a extro {IS}:! ! <name: sea_surface_height_above_sea_level>
20260908 003943.003 INFO             PET1       ABC-TO-DEF: InitializeIPDv05p6a extro {IS}:! ! ! --- DistGrid::log() start --------------------------------
20260908 003943.003 INFO             PET1       ABC-TO-DEF: InitializeIPDv05p6a extro {IS}:! ! ! 0x2157500
20260908 003943.003 INFO             PET1       ABC-TO-DEF: InitializeIPDv05p6a extro {IS}:! ! ! DistGrid object is valid!<name: DG-global-sloc:0>
20260908 003943.003 INFO             PET1       ABC-TO-DEF: InitializeIPDv05p6a extro {IS}:! ! ! --- DistGrid::log() end ----------------------------------
20260908 003943.003 INFO             PET1       ABC-TO-DEF: InitializeIPDv05p6a extro {IS}:! ! --- Array::log() end -------------------------------------
20260908 003943.003 INFO             PET1       ABC-TO-DEF: InitializeIPDv05p6a extro {IS}:!--- FieldLog() end -------------------
20260908 003943.003 INFO             PET1       ABC-TO-DEF: InitializeIPDv05p6a extro {IS}:+-<item: 0002> <itemType: Field> <itemName: sea_surface_temperature>
20260908 003943.003 INFO             PET1       ABC-TO-DEF: InitializeIPDv05p6a extro {IS}:!--- FieldLog() start -----------------
20260908 003943.003 INFO             PET1       ABC-TO-DEF: InitializeIPDv05p6a extro {IS}:! <name: sea_surface_temperature> <fieldStatus: ESMF_FIELDSTATUS_COMPLETE>
20260908 003943.003 INFO             PET1       ABC-TO-DEF: InitializeIPDv05p6a extro {IS}:! 0x7ffd88dd71b0 => 0x2011d60 => 0x215bc30
20260908 003943.003 INFO             PET1       ABC-TO-DEF: InitializeIPDv05p6a extro {IS}:! <typekind: Real*8> <rank:    2> <dimCount:    2>
20260908 003943.003 INFO             PET1       ABC-TO-DEF: InitializeIPDv05p6a extro {IS}:! ! --- Array::log() start -----------------------------------
20260908 003943.003 INFO             PET1       ABC-TO-DEF: InitializeIPDv05p6a extro {IS}:! ! 0x215e6c0
20260908 003943.003 INFO             PET1       ABC-TO-DEF: InitializeIPDv05p6a extro {IS}:! ! <name: sea_surface_temperature>
20260908 003943.003 INFO             PET1       ABC-TO-DEF: InitializeIPDv05p6a extro {IS}:! ! ! --- DistGrid::log() start --------------------------------
20260908 003943.003 INFO             PET1       ABC-TO-DEF: InitializeIPDv05p6a extro {IS}:! ! ! 0x2157500
20260908 003943.003 INFO             PET1       ABC-TO-DEF: InitializeIPDv05p6a extro {IS}:! ! ! DistGrid object is valid!<name: DG-global-sloc:0>
20260908 003943.003 INFO             PET1       ABC-TO-DEF: InitializeIPDv05p6a extro {IS}:! ! ! --- DistGrid::log() end ----------------------------------
20260908 003943.003 INFO             PET1       ABC-TO-DEF: InitializeIPDv05p6a extro {IS}:! ! --- Array::log() end -------------------------------------
20260908 003943.003 INFO             PET1       ABC-TO-DEF: InitializeIPDv05p6a extro {IS}:!--- FieldLog() end -------------------
20260908 003943.003 INFO             PET1       ABC-TO-DEF: InitializeIPDv05p6a extro {IS}:--- StateLog() end -------------------
20260908 003943.003 INFO             PET1       ABC-TO-DEF: InitializeIPDv05p6a extro {ES}:--- StateLog() start -----------------
20260908 003943.003 INFO             PET1       ABC-TO-DEF: InitializeIPDv05p6a extro {ES}:<name: DEF-ImportState> <intent: ESMF_STATEINTENT_IMPORT> <itemCount:    2>
20260908 003943.003 INFO             PET1       ABC-TO-DEF: InitializeIPDv05p6a extro {ES}:+-<item: 0001> <itemType: Field> <itemName: sea_surface_height_above_sea_level>
20260908 003943.003 INFO             PET1       ABC-TO-DEF: InitializeIPDv05p6a extro {ES}:!--- FieldLog() start -----------------
20260908 003943.003 INFO             PET1       ABC-TO-DEF: InitializeIPDv05p6a extro {ES}:! <name: sea_surface_height_above_sea_level> <fieldStatus: ESMF_FIELDSTATUS_COMPLETE>
20260908 003943.003 INFO             PET1       ABC-TO-DEF: InitializeIPDv05p6a extro {ES}:! 0x7ffd88dd71b0 => 0x21b43f0 => 0x21b4610
20260908 003943.003 INFO             PET1       ABC-TO-DEF: InitializeIPDv05p6a extro {ES}:! <typekind: Real*4> <rank:    2> <dimCount:    2>
20260908 003943.003 INFO             PET1       ABC-TO-DEF: InitializeIPDv05p6a extro {ES}:! ! --- Array::log() start -----------------------------------
20260908 003943.003 INFO             PET1       ABC-TO-DEF: InitializeIPDv05p6a extro {ES}:! ! 0x21b9c60
20260908 003943.003 INFO             PET1       ABC-TO-DEF: InitializeIPDv05p6a extro {ES}:! ! <name: sea_surface_height_above_sea_level>
20260908 003943.003 INFO             PET1       ABC-TO-DEF: InitializeIPDv05p6a extro {ES}:! ! ! --- DistGrid::log() start --------------------------------
20260908 003943.003 INFO             PET1       ABC-TO-DEF: InitializeIPDv05p6a extro {ES}:! ! ! 0x21a7740
20260908 003943.003 INFO             PET1       ABC-TO-DEF: InitializeIPDv05p6a extro {ES}:! ! ! DistGrid object is valid!<name: DG-global-sloc:0>
20260908 003943.003 INFO             PET1       ABC-TO-DEF: InitializeIPDv05p6a extro {ES}:! ! ! --- DistGrid::log() end ----------------------------------
20260908 003943.003 INFO             PET1       ABC-TO-DEF: InitializeIPDv05p6a extro {ES}:! ! --- Array::log() end -------------------------------------
20260908 003943.004 INFO             PET1       ABC-TO-DEF: InitializeIPDv05p6a extro {ES}:!--- FieldLog() end -------------------
20260908 003943.004 INFO             PET1       ABC-TO-DEF: InitializeIPDv05p6a extro {ES}:+-<item: 0002> <itemType: Field> <itemName: sea_surface_temperature>
20260908 003943.004 INFO             PET1       ABC-TO-DEF: InitializeIPDv05p6a extro {ES}:!--- FieldLog() start -----------------
20260908 003943.004 INFO             PET1       ABC-TO-DEF: InitializeIPDv05p6a extro {ES}:! <name: sea_surface_temperature> <fieldStatus: ESMF_FIELDSTATUS_COMPLETE>
20260908 003943.004 INFO             PET1       ABC-TO-DEF: InitializeIPDv05p6a extro {ES}:! 0x7ffd88dd71b0 => 0x21ad0f0 => 0x21ad440
20260908 003943.004 INFO             PET1       ABC-TO-DEF: InitializeIPDv05p6a extro {ES}:! <typekind: Real*4> <rank:    2> <dimCount:    2>
20260908 003943.004 INFO             PET1       ABC-TO-DEF: InitializeIPDv05p6a extro {ES}:! ! --- Array::log() start -----------------------------------
20260908 003943.004 INFO             PET1       ABC-TO-DEF: InitializeIPDv05p6a extro {ES}:! ! 0x21b29d0
20260908 003943.004 INFO             PET1       ABC-TO-DEF: InitializeIPDv05p6a extro {ES}:! ! <name: sea_surface_temperature>
20260908 003943.004 INFO             PET1       ABC-TO-DEF: InitializeIPDv05p6a extro {ES}:! ! ! --- DistGrid::log() start --------------------------------
20260908 003943.004 INFO             PET1       ABC-TO-DEF: InitializeIPDv05p6a extro {ES}:! ! ! 0x21a7740
20260908 003943.004 INFO             PET1       ABC-TO-DEF: InitializeIPDv05p6a extro {ES}:! ! ! DistGrid object is valid!<name: DG-global-sloc:0>
20260908 003943.004 INFO             PET1       ABC-TO-DEF: InitializeIPDv05p6a extro {ES}:! ! ! --- DistGrid::log() end ----------------------------------
20260908 003943.004 INFO             PET1       ABC-TO-DEF: InitializeIPDv05p6a extro {ES}:! ! --- Array::log() end -------------------------------------
20260908 003943.004 INFO             PET1       ABC-TO-DEF: InitializeIPDv05p6a extro {ES}:!--- FieldLog() end -------------------
20260908 003943.004 INFO             PET1       ABC-TO-DEF: InitializeIPDv05p6a extro {ES}:--- StateLog() end -------------------
20260908 003943.004 INFO             PET1     ABC-TO-DEF: InitializeIPDv05p6a extro.
20260908 003943.004 INFO             PET1     ABC-TO-DEF: InitializeIPDv05p6b intro.
20260908 003943.004 INFO             PET1       ABC-TO-DEF: InitializeIPDv05p6b intro {IS}:--- StateLog() start -----------------
20260908 003943.004 INFO             PET1       ABC-TO-DEF: InitializeIPDv05p6b intro {IS}:<name: ABC-ExportState> <intent: ESMF_STATEINTENT_EXPORT> <itemCount:    2>
20260908 003943.004 INFO             PET1       ABC-TO-DEF: InitializeIPDv05p6b intro {IS}:+-<item: 0001> <itemType: Field> <itemName: sea_surface_height_above_sea_level>
20260908 003943.004 INFO             PET1       ABC-TO-DEF: InitializeIPDv05p6b intro {IS}:!--- FieldLog() start -----------------
20260908 003943.004 INFO             PET1       ABC-TO-DEF: InitializeIPDv05p6b intro {IS}:! <name: sea_surface_height_above_sea_level> <fieldStatus: ESMF_FIELDSTATUS_COMPLETE>
20260908 003943.004 INFO             PET1       ABC-TO-DEF: InitializeIPDv05p6b intro {IS}:! 0x7ffd88dd5800 => 0x215ffb0 => 0x21601d0
20260908 003943.004 INFO             PET1       ABC-TO-DEF: InitializeIPDv05p6b intro {IS}:! <typekind: Real*8> <rank:    2> <dimCount:    2>
20260908 003943.004 INFO             PET1       ABC-TO-DEF: InitializeIPDv05p6b intro {IS}:! ! --- Array::log() start -----------------------------------
20260908 003943.004 INFO             PET1       ABC-TO-DEF: InitializeIPDv05p6b intro {IS}:! ! 0x2163250
20260908 003943.004 INFO             PET1       ABC-TO-DEF: InitializeIPDv05p6b intro {IS}:! ! <name: sea_surface_height_above_sea_level>
20260908 003943.005 INFO             PET1       ABC-TO-DEF: InitializeIPDv05p6b intro {IS}:! ! ! --- DistGrid::log() start --------------------------------
20260908 003943.005 INFO             PET1       ABC-TO-DEF: InitializeIPDv05p6b intro {IS}:! ! ! 0x2157500
20260908 003943.005 INFO             PET1       ABC-TO-DEF: InitializeIPDv05p6b intro {IS}:! ! ! DistGrid object is valid!<name: DG-global-sloc:0>
20260908 003943.005 INFO             PET1       ABC-TO-DEF: InitializeIPDv05p6b intro {IS}:! ! ! --- DistGrid::log() end ----------------------------------
20260908 003943.005 INFO             PET1       ABC-TO-DEF: InitializeIPDv05p6b intro {IS}:! ! --- Array::log() end -------------------------------------
20260908 003943.005 INFO             PET1       ABC-TO-DEF: InitializeIPDv05p6b intro {IS}:!--- FieldLog() end -------------------
20260908 003943.005 INFO             PET1       ABC-TO-DEF: InitializeIPDv05p6b intro {IS}:+-<item: 0002> <itemType: Field> <itemName: sea_surface_temperature>
20260908 003943.005 INFO             PET1       ABC-TO-DEF: InitializeIPDv05p6b intro {IS}:!--- FieldLog() start -----------------
20260908 003943.005 INFO             PET1       ABC-TO-DEF: InitializeIPDv05p6b intro {IS}:! <name: sea_surface_temperature> <fieldStatus: ESMF_FIELDSTATUS_COMPLETE>
20260908 003943.005 INFO             PET1       ABC-TO-DEF: InitializeIPDv05p6b intro {IS}:! 0x7ffd88dd5800 => 0x2011d60 => 0x215bc30
20260908 003943.005 INFO             PET1       ABC-TO-DEF: InitializeIPDv05p6b intro {IS}:! <typekind: Real*8> <rank:    2> <dimCount:    2>
20260908 003943.005 INFO             PET1       ABC-TO-DEF: InitializeIPDv05p6b intro {IS}:! ! --- Array::log() start -----------------------------------
20260908 003943.005 INFO             PET1       ABC-TO-DEF: InitializeIPDv05p6b intro {IS}:! ! 0x215e6c0
20260908 003943.005 INFO             PET1       ABC-TO-DEF: InitializeIPDv05p6b intro {IS}:! ! <name: sea_surface_temperature>
20260908 003943.005 INFO             PET1       ABC-TO-DEF: InitializeIPDv05p6b intro {IS}:! ! ! --- DistGrid::log() start --------------------------------
20260908 003943.005 INFO             PET1       ABC-TO-DEF: InitializeIPDv05p6b intro {IS}:! ! ! 0x2157500
20260908 003943.005 INFO             PET1       ABC-TO-DEF: InitializeIPDv05p6b intro {IS}:! ! ! DistGrid object is valid!<name: DG-global-sloc:0>
20260908 003943.005 INFO             PET1       ABC-TO-DEF: InitializeIPDv05p6b intro {IS}:! ! ! --- DistGrid::log() end ----------------------------------
20260908 003943.005 INFO             PET1       ABC-TO-DEF: InitializeIPDv05p6b intro {IS}:! ! --- Array::log() end -------------------------------------
20260908 003943.005 INFO             PET1       ABC-TO-DEF: InitializeIPDv05p6b intro {IS}:!--- FieldLog() end -------------------
20260908 003943.005 INFO             PET1       ABC-TO-DEF: InitializeIPDv05p6b intro {IS}:--- StateLog() end -------------------
20260908 003943.005 INFO             PET1       ABC-TO-DEF: InitializeIPDv05p6b intro {ES}:--- StateLog() start -----------------
20260908 003943.005 INFO             PET1       ABC-TO-DEF: InitializeIPDv05p6b intro {ES}:<name: DEF-ImportState> <intent: ESMF_STATEINTENT_IMPORT> <itemCount:    2>
20260908 003943.005 INFO             PET1       ABC-TO-DEF: InitializeIPDv05p6b intro {ES}:+-<item: 0001> <itemType: Field> <itemName: sea_surface_height_above_sea_level>
20260908 003943.005 INFO             PET1       ABC-TO-DEF: InitializeIPDv05p6b intro {ES}:!--- FieldLog() start -----------------
20260908 003943.005 INFO             PET1       ABC-TO-DEF: InitializeIPDv05p6b intro {ES}:! <name: sea_surface_height_above_sea_level> <fieldStatus: ESMF_FIELDSTATUS_COMPLETE>
20260908 003943.005 INFO             PET1       ABC-TO-DEF: InitializeIPDv05p6b intro {ES}:! 0x7ffd88dd5800 => 0x21b43f0 => 0x21b4610
20260908 003943.005 INFO             PET1       ABC-TO-DEF: InitializeIPDv05p6b intro {ES}:! <typekind: Real*4> <rank:    2> <dimCount:    2>
20260908 003943.005 INFO             PET1       ABC-TO-DEF: InitializeIPDv05p6b intro {ES}:! ! --- Array::log() start -----------------------------------
20260908 003943.005 INFO             PET1       ABC-TO-DEF: InitializeIPDv05p6b intro {ES}:! ! 0x21b9c60
20260908 003943.005 INFO             PET1       ABC-TO-DEF: InitializeIPDv05p6b intro {ES}:! ! <name: sea_surface_height_above_sea_level>
20260908 003943.005 INFO             PET1       ABC-TO-DEF: InitializeIPDv05p6b intro {ES}:! ! ! --- DistGrid::log() start --------------------------------
20260908 003943.005 INFO             PET1       ABC-TO-DEF: InitializeIPDv05p6b intro {ES}:! ! ! 0x21a7740
20260908 003943.005 INFO             PET1       ABC-TO-DEF: InitializeIPDv05p6b intro {ES}:! ! ! DistGrid object is valid!<name: DG-global-sloc:0>
20260908 003943.005 INFO             PET1       ABC-TO-DEF: InitializeIPDv05p6b intro {ES}:! ! ! --- DistGrid::log() end ----------------------------------
20260908 003943.005 INFO             PET1       ABC-TO-DEF: InitializeIPDv05p6b intro {ES}:! ! --- Array::log() end -------------------------------------
20260908 003943.005 INFO             PET1       ABC-TO-DEF: InitializeIPDv05p6b intro {ES}:!--- FieldLog() end -------------------
20260908 003943.005 INFO             PET1       ABC-TO-DEF: InitializeIPDv05p6b intro {ES}:+-<item: 0002> <itemType: Field> <itemName: sea_surface_temperature>
20260908 003943.005 INFO             PET1       ABC-TO-DEF: InitializeIPDv05p6b intro {ES}:!--- FieldLog() start -----------------
20260908 003943.005 INFO             PET1       ABC-TO-DEF: InitializeIPDv05p6b intro {ES}:! <name: sea_surface_temperature> <fieldStatus: ESMF_FIELDSTATUS_COMPLETE>
20260908 003943.005 INFO             PET1       ABC-TO-DEF: InitializeIPDv05p6b intro {ES}:! 0x7ffd88dd5800 => 0x21ad0f0 => 0x21ad440
20260908 003943.005 INFO             PET1       ABC-TO-DEF: InitializeIPDv05p6b intro {ES}:! <typekind: Real*4> <rank:    2> <dimCount:    2>
20260908 003943.005 INFO             PET1       ABC-TO-DEF: InitializeIPDv05p6b intro {ES}:! ! --- Array::log() start -----------------------------------
20260908 003943.005 INFO             PET1       ABC-TO-DEF: InitializeIPDv05p6b intro {ES}:! ! 0x21b29d0
20260908 003943.005 INFO             PET1       ABC-TO-DEF: InitializeIPDv05p6b intro {ES}:! ! <name: sea_surface_temperature>
20260908 003943.005 INFO             PET1       ABC-TO-DEF: InitializeIPDv05p6b intro {ES}:! ! ! --- DistGrid::log() start --------------------------------
20260908 003943.005 INFO             PET1       ABC-TO-DEF: InitializeIPDv05p6b intro {ES}:! ! ! 0x21a7740
20260908 003943.005 INFO             PET1       ABC-TO-DEF: InitializeIPDv05p6b intro {ES}:! ! ! DistGrid object is valid!<name: DG-global-sloc:0>
20260908 003943.005 INFO             PET1       ABC-TO-DEF: InitializeIPDv05p6b intro {ES}:! ! ! --- DistGrid::log() end ----------------------------------
20260908 003943.005 INFO             PET1       ABC-TO-DEF: InitializeIPDv05p6b intro {ES}:! ! --- Array::log() end -------------------------------------
20260908 003943.005 INFO             PET1       ABC-TO-DEF: InitializeIPDv05p6b intro {ES}:!--- FieldLog() end -------------------
20260908 003943.005 INFO             PET1       ABC-TO-DEF: InitializeIPDv05p6b intro {ES}:--- StateLog() end -------------------
20260908 003943.006 INFO             PET1       ABC-TO-DEF: handle cplList(1): sea_surface_height_above_sea_level, cplSetList(1): __UNSPECIFIED__
20260908 003943.007 INFO             PET1       ABC-TO-DEF: - no Field sharing between import and export side: remap.
20260908 003943.007 INFO             PET1       ABC-TO-DEF: handle cplList(2): sea_surface_temperature, cplSetList(2): __UNSPECIFIED__
20260908 003943.007 INFO             PET1       ABC-TO-DEF: - no Field sharing between import and export side: remap.
20260908 003943.008 DEBUG            PET1       ESMF_FieldBundleRegridStorePair(): srcField: sea_surface_height_above_sea_level dimCount= 2 rank= 2
20260908 003943.008 DEBUG            PET1       ESMF_FieldBundleRegridStorePair(): dstField: sea_surface_height_above_sea_level dimCount= 2 rank= 2
20260908 003943.008 DEBUG            PET1       ESMF_FieldBundleRegridStorePair(): Inside 'rhReuse' branch!
20260908 003943.008 DEBUG            PET1       ESMF_FieldBundleRegridStorePair(): srcGeomtype==ESMF_GEOMTYPE_GRID dimCount= 2
20260908 003943.008 DEBUG            PET1       ESMF_FieldBundleRegridStorePair(): dstGeomtype==ESMF_GEOMTYPE_GRID dimCount= 2
20260908 003943.008 DEBUG            PET1       ESMF_FieldBundleRegridStorePair(): no rhListMatch -> pre-compute new remapping!
20260908 003943.008 DEBUG            PET1       ESMF_FieldBundleRegridStorePair(): must precompute full regridding!
20260908 003942.397 INFO             PET2 !!!!!!!!!!!!!!!!!!!!!!!!!!!!!!!!!!!!!!!!!!!!!!!!!!!!!!
20260908 003942.398 INFO             PET2 !!! THE ESMF_LOG IS SET TO OUTPUT ALL LOG MESSAGES !!!
20260908 003942.398 INFO             PET2 !!!     THIS MAY CAUSE SLOWDOWN IN PERFORMANCE     !!!
20260908 003942.398 INFO             PET2 !!! FOR PRODUCTION RUNS, USE:                      !!!
20260908 003942.398 INFO             PET2 !!!                   ESMF_LOGKIND_Multi_On_Error  !!!
20260908 003942.398 INFO             PET2 !!!!!!!!!!!!!!!!!!!!!!!!!!!!!!!!!!!!!!!!!!!!!!!!!!!!!!
20260908 003942.398 INFO             PET2 Running with ESMF Version   : feature/esmx-cmake+gdd1288b46b
20260908 003942.398 INFO             PET2 ESMF library build date/time: "Sep  7 2026" "23:35:08"
20260908 003942.398 INFO             PET2 ESMF library build location : /scratch3/NCEPDEV/stmp/Gerhard.Theurich/ESMF-Nightly-Testing-Hera/gfortran_13.2.0_openmpi_g_feature_esmx-cmake/esmf
20260908 003942.398 INFO             PET2 ESMF_COMM                   : openmpi
20260908 003942.398 INFO             PET2 ESMF_MOAB                   : enabled
20260908 003942.398 INFO             PET2 ESMF_LAPACK                 : enabled
20260908 003942.398 INFO             PET2 ESMF_NETCDF                 : disabled
20260908 003942.398 INFO             PET2 ESMF_PNETCDF                : disabled
20260908 003942.398 INFO             PET2 ESMF_PIO                    : disabled
20260908 003942.398 INFO             PET2 ESMF_YAMLCPP                : enabled
20260908 003942.402 INFO             PET2 ESMF Profiling Enabled
20260908 003942.402 INFO             PET2 ESMF Trace/Profile clock: REALTIME
20260908 003942.437 INFO             PET2 =============================================
20260908 003942.438 INFO             PET2 ESMX (Earth System Model eXecutable) STARTING
20260908 003942.438 INFO             PET2 =============================================
20260908 003942.600 DEBUG            PET2 Generic SetVM() is executing for: ESMX_Driver
20260908 003942.601 DEBUG            PET2 Generic SetVM() found no NUOPC Hint for: ESMX_Driver
20260908 003942.601 DEBUG            PET2 Generic SetVM() therefore is NOT calling ESMF_GridCompSetVMMaxPEs() for: ESMX_Driver
20260908 003942.642 INFO             PET2 ESMX_Driver: InitializeGeneric intro.
20260908 003942.642 INFO             PET2   ESMX_Driver: InitializeGeneric intro {IS}:--- StateLog() start -----------------
20260908 003942.642 INFO             PET2   ESMX_Driver: InitializeGeneric intro {IS}:State object is invalid! Not created or deleted!
20260908 003942.642 INFO             PET2   ESMX_Driver: InitializeGeneric intro {IS}:--- StateLog() end -------------------
20260908 003942.642 INFO             PET2   ESMX_Driver: InitializeGeneric intro {ES}:--- StateLog() start -----------------
20260908 003942.642 INFO             PET2   ESMX_Driver: InitializeGeneric intro {ES}:State object is invalid! Not created or deleted!
20260908 003942.642 INFO             PET2   ESMX_Driver: InitializeGeneric intro {ES}:--- StateLog() end -------------------
20260908 003942.642 INFO             PET2   >>>ESMX_Driver: entered Initialize (phase=<none>) without valid internal Clock.
20260908 003942.642 INFO             PET2   ESMX_Driver: InitializeP0 intro.
20260908 003942.642 INFO             PET2     ESMX_Driver: InitializeP0 intro {IS}:--- StateLog() start -----------------
20260908 003942.642 INFO             PET2     ESMX_Driver: InitializeP0 intro {IS}:State object is invalid! Not created or deleted!
20260908 003942.642 INFO             PET2     ESMX_Driver: InitializeP0 intro {IS}:--- StateLog() end -------------------
20260908 003942.643 INFO             PET2     ESMX_Driver: InitializeP0 intro {ES}:--- StateLog() start -----------------
20260908 003942.643 INFO             PET2     ESMX_Driver: InitializeP0 intro {ES}:State object is invalid! Not created or deleted!
20260908 003942.643 INFO             PET2     ESMX_Driver: InitializeP0 intro {ES}:--- StateLog() end -------------------
20260908 003942.643 INFO             PET2     >>>ESMX_Driver: entered Initialize (phase=<none>) without valid internal Clock.
20260908 003942.643 INFO             PET2     <<<ESMX_Driver: leaving Initialize (phase=<none>) without valid internal Clock.
20260908 003942.643 INFO             PET2     ESMX_Driver: InitializeP0 extro {IS}:--- StateLog() start -----------------
20260908 003942.643 INFO             PET2     ESMX_Driver: InitializeP0 extro {IS}:State object is invalid! Not created or deleted!
20260908 003942.643 INFO             PET2     ESMX_Driver: InitializeP0 extro {IS}:--- StateLog() end -------------------
20260908 003942.643 INFO             PET2     ESMX_Driver: InitializeP0 extro {ES}:--- StateLog() start -----------------
20260908 003942.643 INFO             PET2     ESMX_Driver: InitializeP0 extro {ES}:State object is invalid! Not created or deleted!
20260908 003942.643 INFO             PET2     ESMX_Driver: InitializeP0 extro {ES}:--- StateLog() end -------------------
20260908 003942.643 INFO             PET2   ESMX_Driver: InitializeP0 extro.
20260908 003942.643 INFO             PET2   ESMX_Driver: InitializeIPDv02p1 intro.
20260908 003942.643 INFO             PET2     ESMX_Driver: InitializeIPDv02p1 intro {IS}:--- StateLog() start -----------------
20260908 003942.643 INFO             PET2     ESMX_Driver: InitializeIPDv02p1 intro {IS}:State object is invalid! Not created or deleted!
20260908 003942.643 INFO             PET2     ESMX_Driver: InitializeIPDv02p1 intro {IS}:--- StateLog() end -------------------
20260908 003942.643 INFO             PET2     ESMX_Driver: InitializeIPDv02p1 intro {ES}:--- StateLog() start -----------------
20260908 003942.643 INFO             PET2     ESMX_Driver: InitializeIPDv02p1 intro {ES}:State object is invalid! Not created or deleted!
20260908 003942.643 INFO             PET2     ESMX_Driver: InitializeIPDv02p1 intro {ES}:--- StateLog() end -------------------
20260908 003942.643 INFO             PET2     >>>ESMX_Driver: entered Initialize (phase=<none>) without valid internal Clock.
20260908 003942.718 INFO             PET2     ESMX_Driver - Creating model component ABC without petList.
20260908 003942.718 DEBUG            PET2     Generic SetVM() is executing for: ABC
20260908 003942.718 DEBUG            PET2     Generic SetVM() found no NUOPC Hint for: ABC
20260908 003942.718 DEBUG            PET2     Generic SetVM() therefore is NOT calling ESMF_GridCompSetVMMaxPEs() for: ABC
20260908 003942.824 INFO             PET2     ESMX_Driver - Creating model component DEF without petList.
20260908 003942.824 DEBUG            PET2     Generic SetVM() is executing for: DEF
20260908 003942.824 DEBUG            PET2     Generic SetVM() found no NUOPC Hint for: DEF
20260908 003942.824 DEBUG            PET2     Generic SetVM() therefore is NOT calling ESMF_GridCompSetVMMaxPEs() for: DEF
20260908 003942.888 INFO             PET2     ESMX_Driver - Creating state: modelComp 1 Import State
20260908 003942.888 INFO             PET2     ESMX_Driver - Creating state: modelComp 1 Export State
20260908 003942.889 INFO             PET2     ESMX_Driver - Creating state: modelComp 2 Import State
20260908 003942.889 INFO             PET2     ESMX_Driver - Creating state: modelComp 2 Export State
20260908 003942.891 INFO             PET2     ABC: InitializeP0 intro.
20260908 003942.891 INFO             PET2       ABC: InitializeP0 intro {IS}:--- StateLog() start -----------------
20260908 003942.891 INFO             PET2       ABC: InitializeP0 intro {IS}:<name: ABC-ImportState> <intent: ESMF_STATEINTENT_IMPORT> <itemCount:    0>
20260908 003942.891 INFO             PET2       ABC: InitializeP0 intro {IS}:--- StateLog() end -------------------
20260908 003942.891 INFO             PET2       ABC: InitializeP0 intro {ES}:--- StateLog() start -----------------
20260908 003942.891 INFO             PET2       ABC: InitializeP0 intro {ES}:<name: ABC-ExportState> <intent: ESMF_STATEINTENT_EXPORT> <itemCount:    0>
20260908 003942.891 INFO             PET2       ABC: InitializeP0 intro {ES}:--- StateLog() end -------------------
20260908 003942.892 INFO             PET2       >>>ABC: entered Initialize (phase=<none>) without valid internal Clock.
20260908 003942.894 INFO             PET2       <<<ABC: leaving Initialize (phase=<none>) without valid internal Clock.
20260908 003942.894 INFO             PET2       ABC: InitializeP0 extro {IS}:--- StateLog() start -----------------
20260908 003942.894 INFO             PET2       ABC: InitializeP0 extro {IS}:<name: ABC-ImportState> <intent: ESMF_STATEINTENT_IMPORT> <itemCount:    0>
20260908 003942.894 INFO             PET2       ABC: InitializeP0 extro {IS}:--- StateLog() end -------------------
20260908 003942.894 INFO             PET2       ABC: InitializeP0 extro {ES}:--- StateLog() start -----------------
20260908 003942.894 INFO             PET2       ABC: InitializeP0 extro {ES}:<name: ABC-ExportState> <intent: ESMF_STATEINTENT_EXPORT> <itemCount:    0>
20260908 003942.894 INFO             PET2       ABC: InitializeP0 extro {ES}:--- StateLog() end -------------------
20260908 003942.894 INFO             PET2     ABC: InitializeP0 extro.
20260908 003942.895 INFO             PET2     DEF: InitializeP0 intro.
20260908 003942.895 INFO             PET2       DEF: InitializeP0 intro {IS}:--- StateLog() start -----------------
20260908 003942.895 INFO             PET2       DEF: InitializeP0 intro {IS}:<name: DEF-ImportState> <intent: ESMF_STATEINTENT_IMPORT> <itemCount:    0>
20260908 003942.895 INFO             PET2       DEF: InitializeP0 intro {IS}:--- StateLog() end -------------------
20260908 003942.895 INFO             PET2       DEF: InitializeP0 intro {ES}:--- StateLog() start -----------------
20260908 003942.895 INFO             PET2       DEF: InitializeP0 intro {ES}:<name: DEF-ExportState> <intent: ESMF_STATEINTENT_EXPORT> <itemCount:    0>
20260908 003942.895 INFO             PET2       DEF: InitializeP0 intro {ES}:--- StateLog() end -------------------
20260908 003942.895 INFO             PET2       >>>DEF: entered Initialize (phase=<none>) without valid internal Clock.
20260908 003942.898 INFO             PET2       <<<DEF: leaving Initialize (phase=<none>) without valid internal Clock.
20260908 003942.898 INFO             PET2       DEF: InitializeP0 extro {IS}:--- StateLog() start -----------------
20260908 003942.898 INFO             PET2       DEF: InitializeP0 extro {IS}:<name: DEF-ImportState> <intent: ESMF_STATEINTENT_IMPORT> <itemCount:    0>
20260908 003942.898 INFO             PET2       DEF: InitializeP0 extro {IS}:--- StateLog() end -------------------
20260908 003942.898 INFO             PET2       DEF: InitializeP0 extro {ES}:--- StateLog() start -----------------
20260908 003942.898 INFO             PET2       DEF: InitializeP0 extro {ES}:<name: DEF-ExportState> <intent: ESMF_STATEINTENT_EXPORT> <itemCount:    0>
20260908 003942.898 INFO             PET2       DEF: InitializeP0 extro {ES}:--- StateLog() end -------------------
20260908 003942.898 INFO             PET2     DEF: InitializeP0 extro.
20260908 003942.934 INFO             PET2     ESMX_Driver - Creating connector component ABC-TO-DEF without petList.
20260908 003942.950 INFO             PET2     ESMX_Driver - Setting Verbosity on created component to: high
20260908 003942.950 INFO             PET2     ESMX_Driver - Setting Profiling on created component to:          0
20260908 003942.953 INFO             PET2     ESMX_Driver: IInitAdvertise intro.
20260908 003942.953 INFO             PET2       ESMX_Driver: IInitAdvertise intro {IS}:--- StateLog() start -----------------
20260908 003942.953 INFO             PET2       ESMX_Driver: IInitAdvertise intro {IS}:State object is invalid! Not created or deleted!
20260908 003942.953 INFO             PET2       ESMX_Driver: IInitAdvertise intro {IS}:--- StateLog() end -------------------
20260908 003942.953 INFO             PET2       ESMX_Driver: IInitAdvertise intro {ES}:--- StateLog() start -----------------
20260908 003942.953 INFO             PET2       ESMX_Driver: IInitAdvertise intro {ES}:State object is invalid! Not created or deleted!
20260908 003942.953 INFO             PET2       ESMX_Driver: IInitAdvertise intro {ES}:--- StateLog() end -------------------
20260908 003942.953 INFO             PET2       >>>ESMX_Driver: entered Initialize (phase=<none>) with current time: 2012 10 24  8  0  0   0
20260908 003942.954 INFO             PET2       <<<ESMX_Driver: leaving Initialize (phase=<none>) with current time: 2012 10 24  8  0  0   0
20260908 003942.954 INFO             PET2       ESMX_Driver: IInitAdvertise extro {IS}:--- StateLog() start -----------------
20260908 003942.954 INFO             PET2       ESMX_Driver: IInitAdvertise extro {IS}:State object is invalid! Not created or deleted!
20260908 003942.954 INFO             PET2       ESMX_Driver: IInitAdvertise extro {IS}:--- StateLog() end -------------------
20260908 003942.954 INFO             PET2       ESMX_Driver: IInitAdvertise extro {ES}:--- StateLog() start -----------------
20260908 003942.954 INFO             PET2       ESMX_Driver: IInitAdvertise extro {ES}:State object is invalid! Not created or deleted!
20260908 003942.954 INFO             PET2       ESMX_Driver: IInitAdvertise extro {ES}:--- StateLog() end -------------------
20260908 003942.954 INFO             PET2     ESMX_Driver: IInitAdvertise extro.
20260908 003942.954 INFO             PET2     ABC: InitializeIPDvXp01 intro.
20260908 003942.954 INFO             PET2       ABC: InitializeIPDvXp01 intro {IS}:--- StateLog() start -----------------
20260908 003942.954 INFO             PET2       ABC: InitializeIPDvXp01 intro {IS}:<name: ABC-ImportState> <intent: ESMF_STATEINTENT_IMPORT> <itemCount:    0>
20260908 003942.954 INFO             PET2       ABC: InitializeIPDvXp01 intro {IS}:--- StateLog() end -------------------
20260908 003942.954 INFO             PET2       ABC: InitializeIPDvXp01 intro {ES}:--- StateLog() start -----------------
20260908 003942.954 INFO             PET2       ABC: InitializeIPDvXp01 intro {ES}:<name: ABC-ExportState> <intent: ESMF_STATEINTENT_EXPORT> <itemCount:    0>
20260908 003942.954 INFO             PET2       ABC: InitializeIPDvXp01 intro {ES}:--- StateLog() end -------------------
20260908 003942.954 INFO             PET2       >>>ABC: entered Initialize (phase=IPDvXp01) without valid internal Clock.
20260908 003942.958 INFO             PET2       <<<ABC: leaving Initialize (phase=IPDvXp01) without valid internal Clock.
20260908 003942.958 INFO             PET2       ABC: InitializeIPDvXp01 extro {IS}:--- StateLog() start -----------------
20260908 003942.958 INFO             PET2       ABC: InitializeIPDvXp01 extro {IS}:<name: ABC-ImportState> <intent: ESMF_STATEINTENT_IMPORT> <itemCount:    0>
20260908 003942.958 INFO             PET2       ABC: InitializeIPDvXp01 extro {IS}:--- StateLog() end -------------------
20260908 003942.958 INFO             PET2       ABC: InitializeIPDvXp01 extro {ES}:--- StateLog() start -----------------
20260908 003942.958 INFO             PET2       ABC: InitializeIPDvXp01 extro {ES}:<name: ABC-ExportState> <intent: ESMF_STATEINTENT_EXPORT> <itemCount:    2>
20260908 003942.958 INFO             PET2       ABC: InitializeIPDvXp01 extro {ES}:+-<item: 0001> <itemType: Field> <itemName: sea_surface_height_above_sea_level>
20260908 003942.958 INFO             PET2       ABC: InitializeIPDvXp01 extro {ES}:!--- FieldLog() start -----------------
20260908 003942.958 INFO             PET2       ABC: InitializeIPDvXp01 extro {ES}:! <name: sea_surface_height_above_sea_level> <fieldStatus: ESMF_FIELDSTATUS_EMPTY>
20260908 003942.958 INFO             PET2       ABC: InitializeIPDvXp01 extro {ES}:! 0x7ffcb73735f0 => 0xfe6270 => 0xfe6490
20260908 003942.958 INFO             PET2       ABC: InitializeIPDvXp01 extro {ES}:!--- FieldLog() end -------------------
20260908 003942.958 INFO             PET2       ABC: InitializeIPDvXp01 extro {ES}:+-<item: 0002> <itemType: Field> <itemName: sea_surface_temperature>
20260908 003942.958 INFO             PET2       ABC: InitializeIPDvXp01 extro {ES}:!--- FieldLog() start -----------------
20260908 003942.958 INFO             PET2       ABC: InitializeIPDvXp01 extro {ES}:! <name: sea_surface_temperature> <fieldStatus: ESMF_FIELDSTATUS_EMPTY>
20260908 003942.958 INFO             PET2       ABC: InitializeIPDvXp01 extro {ES}:! 0x7ffcb73735f0 => 0xff5360 => 0xfec850
20260908 003942.958 INFO             PET2       ABC: InitializeIPDvXp01 extro {ES}:!--- FieldLog() end -------------------
20260908 003942.958 INFO             PET2       ABC: InitializeIPDvXp01 extro {ES}:--- StateLog() end -------------------
20260908 003942.958 INFO             PET2     ABC: InitializeIPDvXp01 extro.
20260908 003942.958 INFO             PET2     DEF: InitializeIPDvXp01 intro.
20260908 003942.958 INFO             PET2       DEF: InitializeIPDvXp01 intro {IS}:--- StateLog() start -----------------
20260908 003942.958 INFO             PET2       DEF: InitializeIPDvXp01 intro {IS}:<name: DEF-ImportState> <intent: ESMF_STATEINTENT_IMPORT> <itemCount:    0>
20260908 003942.958 INFO             PET2       DEF: InitializeIPDvXp01 intro {IS}:--- StateLog() end -------------------
20260908 003942.958 INFO             PET2       DEF: InitializeIPDvXp01 intro {ES}:--- StateLog() start -----------------
20260908 003942.958 INFO             PET2       DEF: InitializeIPDvXp01 intro {ES}:<name: DEF-ExportState> <intent: ESMF_STATEINTENT_EXPORT> <itemCount:    0>
20260908 003942.958 INFO             PET2       DEF: InitializeIPDvXp01 intro {ES}:--- StateLog() end -------------------
20260908 003942.958 INFO             PET2       >>>DEF: entered Initialize (phase=IPDvXp01) without valid internal Clock.
20260908 003942.962 INFO             PET2       <<<DEF: leaving Initialize (phase=IPDvXp01) without valid internal Clock.
20260908 003942.962 INFO             PET2       DEF: InitializeIPDvXp01 extro {IS}:--- StateLog() start -----------------
20260908 003942.962 INFO             PET2       DEF: InitializeIPDvXp01 extro {IS}:<name: DEF-ImportState> <intent: ESMF_STATEINTENT_IMPORT> <itemCount:    2>
20260908 003942.962 INFO             PET2       DEF: InitializeIPDvXp01 extro {IS}:+-<item: 0001> <itemType: Field> <itemName: sea_surface_height_above_sea_level>
20260908 003942.962 INFO             PET2       DEF: InitializeIPDvXp01 extro {IS}:!--- FieldLog() start -----------------
20260908 003942.962 INFO             PET2       DEF: InitializeIPDvXp01 extro {IS}:! <name: sea_surface_height_above_sea_level> <fieldStatus: ESMF_FIELDSTATUS_EMPTY>
20260908 003942.962 INFO             PET2       DEF: InitializeIPDvXp01 extro {IS}:! 0x7ffcb73735f0 => 0xfe94f0 => 0xfe9710
20260908 003942.962 INFO             PET2       DEF: InitializeIPDvXp01 extro {IS}:!--- FieldLog() end -------------------
20260908 003942.962 INFO             PET2       DEF: InitializeIPDvXp01 extro {IS}:+-<item: 0002> <itemType: Field> <itemName: sea_surface_temperature>
20260908 003942.962 INFO             PET2       DEF: InitializeIPDvXp01 extro {IS}:!--- FieldLog() start -----------------
20260908 003942.962 INFO             PET2       DEF: InitializeIPDvXp01 extro {IS}:! <name: sea_surface_temperature> <fieldStatus: ESMF_FIELDSTATUS_EMPTY>
20260908 003942.962 INFO             PET2       DEF: InitializeIPDvXp01 extro {IS}:! 0x7ffcb73735f0 => 0xff2a80 => 0xff2ca0
20260908 003942.962 INFO             PET2       DEF: InitializeIPDvXp01 extro {IS}:!--- FieldLog() end -------------------
20260908 003942.962 INFO             PET2       DEF: InitializeIPDvXp01 extro {IS}:--- StateLog() end -------------------
20260908 003942.962 INFO             PET2       DEF: InitializeIPDvXp01 extro {ES}:--- StateLog() start -----------------
20260908 003942.962 INFO             PET2       DEF: InitializeIPDvXp01 extro {ES}:<name: DEF-ExportState> <intent: ESMF_STATEINTENT_EXPORT> <itemCount:    0>
20260908 003942.962 INFO             PET2       DEF: InitializeIPDvXp01 extro {ES}:--- StateLog() end -------------------
20260908 003942.962 INFO             PET2     DEF: InitializeIPDvXp01 extro.
20260908 003942.965 INFO             PET2     ABC-TO-DEF: InitializeIPDv05p1 intro.
20260908 003942.965 INFO             PET2       ABC-TO-DEF: InitializeIPDv05p1 intro {IS}:--- StateLog() start -----------------
20260908 003942.965 INFO             PET2       ABC-TO-DEF: InitializeIPDv05p1 intro {IS}:<name: ABC-ExportState> <intent: ESMF_STATEINTENT_EXPORT> <itemCount:    2>
20260908 003942.965 INFO             PET2       ABC-TO-DEF: InitializeIPDv05p1 intro {IS}:+-<item: 0001> <itemType: Field> <itemName: sea_surface_height_above_sea_level>
20260908 003942.965 INFO             PET2       ABC-TO-DEF: InitializeIPDv05p1 intro {IS}:!--- FieldLog() start -----------------
20260908 003942.965 INFO             PET2       ABC-TO-DEF: InitializeIPDv05p1 intro {IS}:! <name: sea_surface_height_above_sea_level> <fieldStatus: ESMF_FIELDSTATUS_EMPTY>
20260908 003942.965 INFO             PET2       ABC-TO-DEF: InitializeIPDv05p1 intro {IS}:! 0x7ffcb7371ec0 => 0xfe6270 => 0xfe6490
20260908 003942.965 INFO             PET2       ABC-TO-DEF: InitializeIPDv05p1 intro {IS}:!--- FieldLog() end -------------------
20260908 003942.965 INFO             PET2       ABC-TO-DEF: InitializeIPDv05p1 intro {IS}:+-<item: 0002> <itemType: Field> <itemName: sea_surface_temperature>
20260908 003942.965 INFO             PET2       ABC-TO-DEF: InitializeIPDv05p1 intro {IS}:!--- FieldLog() start -----------------
20260908 003942.965 INFO             PET2       ABC-TO-DEF: InitializeIPDv05p1 intro {IS}:! <name: sea_surface_temperature> <fieldStatus: ESMF_FIELDSTATUS_EMPTY>
20260908 003942.965 INFO             PET2       ABC-TO-DEF: InitializeIPDv05p1 intro {IS}:! 0x7ffcb7371ec0 => 0xff5360 => 0xfec850
20260908 003942.965 INFO             PET2       ABC-TO-DEF: InitializeIPDv05p1 intro {IS}:!--- FieldLog() end -------------------
20260908 003942.965 INFO             PET2       ABC-TO-DEF: InitializeIPDv05p1 intro {IS}:--- StateLog() end -------------------
20260908 003942.965 INFO             PET2       ABC-TO-DEF: InitializeIPDv05p1 intro {ES}:--- StateLog() start -----------------
20260908 003942.965 INFO             PET2       ABC-TO-DEF: InitializeIPDv05p1 intro {ES}:<name: DEF-ImportState> <intent: ESMF_STATEINTENT_IMPORT> <itemCount:    2>
20260908 003942.965 INFO             PET2       ABC-TO-DEF: InitializeIPDv05p1 intro {ES}:+-<item: 0001> <itemType: Field> <itemName: sea_surface_height_above_sea_level>
20260908 003942.965 INFO             PET2       ABC-TO-DEF: InitializeIPDv05p1 intro {ES}:!--- FieldLog() start -----------------
20260908 003942.965 INFO             PET2       ABC-TO-DEF: InitializeIPDv05p1 intro {ES}:! <name: sea_surface_height_above_sea_level> <fieldStatus: ESMF_FIELDSTATUS_EMPTY>
20260908 003942.965 INFO             PET2       ABC-TO-DEF: InitializeIPDv05p1 intro {ES}:! 0x7ffcb7371ec0 => 0xfe94f0 => 0xfe9710
20260908 003942.965 INFO             PET2       ABC-TO-DEF: InitializeIPDv05p1 intro {ES}:!--- FieldLog() end -------------------
20260908 003942.965 INFO             PET2       ABC-TO-DEF: InitializeIPDv05p1 intro {ES}:+-<item: 0002> <itemType: Field> <itemName: sea_surface_temperature>
20260908 003942.965 INFO             PET2       ABC-TO-DEF: InitializeIPDv05p1 intro {ES}:!--- FieldLog() start -----------------
20260908 003942.965 INFO             PET2       ABC-TO-DEF: InitializeIPDv05p1 intro {ES}:! <name: sea_surface_temperature> <fieldStatus: ESMF_FIELDSTATUS_EMPTY>
20260908 003942.965 INFO             PET2       ABC-TO-DEF: InitializeIPDv05p1 intro {ES}:! 0x7ffcb7371ec0 => 0xff2a80 => 0xff2ca0
20260908 003942.965 INFO             PET2       ABC-TO-DEF: InitializeIPDv05p1 intro {ES}:!--- FieldLog() end -------------------
20260908 003942.965 INFO             PET2       ABC-TO-DEF: InitializeIPDv05p1 intro {ES}:--- StateLog() end -------------------
20260908 003942.966 INFO             PET2       ABC-TO-DEF: importState FieldTransferPolicy = transferNone
20260908 003942.966 INFO             PET2       ABC-TO-DEF: exportState FieldTransferPolicy = transferNone
20260908 003942.966 INFO             PET2       ABC-TO-DEF: InitializeIPDv05p1 extro {IS}:--- StateLog() start -----------------
20260908 003942.966 INFO             PET2       ABC-TO-DEF: InitializeIPDv05p1 extro {IS}:<name: ABC-ExportState> <intent: ESMF_STATEINTENT_EXPORT> <itemCount:    2>
20260908 003942.966 INFO             PET2       ABC-TO-DEF: InitializeIPDv05p1 extro {IS}:+-<item: 0001> <itemType: Field> <itemName: sea_surface_height_above_sea_level>
20260908 003942.966 INFO             PET2       ABC-TO-DEF: InitializeIPDv05p1 extro {IS}:!--- FieldLog() start -----------------
20260908 003942.966 INFO             PET2       ABC-TO-DEF: InitializeIPDv05p1 extro {IS}:! <name: sea_surface_height_above_sea_level> <fieldStatus: ESMF_FIELDSTATUS_EMPTY>
20260908 003942.966 INFO             PET2       ABC-TO-DEF: InitializeIPDv05p1 extro {IS}:! 0x7ffcb7372220 => 0xfe6270 => 0xfe6490
20260908 003942.966 INFO             PET2       ABC-TO-DEF: InitializeIPDv05p1 extro {IS}:!--- FieldLog() end -------------------
20260908 003942.966 INFO             PET2       ABC-TO-DEF: InitializeIPDv05p1 extro {IS}:+-<item: 0002> <itemType: Field> <itemName: sea_surface_temperature>
20260908 003942.966 INFO             PET2       ABC-TO-DEF: InitializeIPDv05p1 extro {IS}:!--- FieldLog() start -----------------
20260908 003942.966 INFO             PET2       ABC-TO-DEF: InitializeIPDv05p1 extro {IS}:! <name: sea_surface_temperature> <fieldStatus: ESMF_FIELDSTATUS_EMPTY>
20260908 003942.966 INFO             PET2       ABC-TO-DEF: InitializeIPDv05p1 extro {IS}:! 0x7ffcb7372220 => 0xff5360 => 0xfec850
20260908 003942.966 INFO             PET2       ABC-TO-DEF: InitializeIPDv05p1 extro {IS}:!--- FieldLog() end -------------------
20260908 003942.966 INFO             PET2       ABC-TO-DEF: InitializeIPDv05p1 extro {IS}:--- StateLog() end -------------------
20260908 003942.966 INFO             PET2       ABC-TO-DEF: InitializeIPDv05p1 extro {ES}:--- StateLog() start -----------------
20260908 003942.966 INFO             PET2       ABC-TO-DEF: InitializeIPDv05p1 extro {ES}:<name: DEF-ImportState> <intent: ESMF_STATEINTENT_IMPORT> <itemCount:    2>
20260908 003942.966 INFO             PET2       ABC-TO-DEF: InitializeIPDv05p1 extro {ES}:+-<item: 0001> <itemType: Field> <itemName: sea_surface_height_above_sea_level>
20260908 003942.966 INFO             PET2       ABC-TO-DEF: InitializeIPDv05p1 extro {ES}:!--- FieldLog() start -----------------
20260908 003942.966 INFO             PET2       ABC-TO-DEF: InitializeIPDv05p1 extro {ES}:! <name: sea_surface_height_above_sea_level> <fieldStatus: ESMF_FIELDSTATUS_EMPTY>
20260908 003942.966 INFO             PET2       ABC-TO-DEF: InitializeIPDv05p1 extro {ES}:! 0x7ffcb7372220 => 0xfe94f0 => 0xfe9710
20260908 003942.966 INFO             PET2       ABC-TO-DEF: InitializeIPDv05p1 extro {ES}:!--- FieldLog() end -------------------
20260908 003942.966 INFO             PET2       ABC-TO-DEF: InitializeIPDv05p1 extro {ES}:+-<item: 0002> <itemType: Field> <itemName: sea_surface_temperature>
20260908 003942.966 INFO             PET2       ABC-TO-DEF: InitializeIPDv05p1 extro {ES}:!--- FieldLog() start -----------------
20260908 003942.966 INFO             PET2       ABC-TO-DEF: InitializeIPDv05p1 extro {ES}:! <name: sea_surface_temperature> <fieldStatus: ESMF_FIELDSTATUS_EMPTY>
20260908 003942.966 INFO             PET2       ABC-TO-DEF: InitializeIPDv05p1 extro {ES}:! 0x7ffcb7372220 => 0xff2a80 => 0xff2ca0
20260908 003942.966 INFO             PET2       ABC-TO-DEF: InitializeIPDv05p1 extro {ES}:!--- FieldLog() end -------------------
20260908 003942.966 INFO             PET2       ABC-TO-DEF: InitializeIPDv05p1 extro {ES}:--- StateLog() end -------------------
20260908 003942.966 INFO             PET2     ABC-TO-DEF: InitializeIPDv05p1 extro.
20260908 003942.967 INFO             PET2     ESMX_Driver: IInitAdvertiseFinish intro.
20260908 003942.967 INFO             PET2       ESMX_Driver: IInitAdvertiseFinish intro {IS}:--- StateLog() start -----------------
20260908 003942.967 INFO             PET2       ESMX_Driver: IInitAdvertiseFinish intro {IS}:State object is invalid! Not created or deleted!
20260908 003942.967 INFO             PET2       ESMX_Driver: IInitAdvertiseFinish intro {IS}:--- StateLog() end -------------------
20260908 003942.967 INFO             PET2       ESMX_Driver: IInitAdvertiseFinish intro {ES}:--- StateLog() start -----------------
20260908 003942.967 INFO             PET2       ESMX_Driver: IInitAdvertiseFinish intro {ES}:State object is invalid! Not created or deleted!
20260908 003942.967 INFO             PET2       ESMX_Driver: IInitAdvertiseFinish intro {ES}:--- StateLog() end -------------------
20260908 003942.967 INFO             PET2       >>>ESMX_Driver: entered Initialize (phase=<none>) with current time: 2012 10 24  8  0  0   0
20260908 003942.967 INFO             PET2       <<<ESMX_Driver: leaving Initialize (phase=<none>) with current time: 2012 10 24  8  0  0   0
20260908 003942.967 INFO             PET2       ESMX_Driver: IInitAdvertiseFinish extro {IS}:--- StateLog() start -----------------
20260908 003942.967 INFO             PET2       ESMX_Driver: IInitAdvertiseFinish extro {IS}:State object is invalid! Not created or deleted!
20260908 003942.967 INFO             PET2       ESMX_Driver: IInitAdvertiseFinish extro {IS}:--- StateLog() end -------------------
20260908 003942.967 INFO             PET2       ESMX_Driver: IInitAdvertiseFinish extro {ES}:--- StateLog() start -----------------
20260908 003942.967 INFO             PET2       ESMX_Driver: IInitAdvertiseFinish extro {ES}:State object is invalid! Not created or deleted!
20260908 003942.967 INFO             PET2       ESMX_Driver: IInitAdvertiseFinish extro {ES}:--- StateLog() end -------------------
20260908 003942.967 INFO             PET2     ESMX_Driver: IInitAdvertiseFinish extro.
20260908 003942.968 INFO             PET2     ABC-TO-DEF: InitializeIPDv05p2a intro.
20260908 003942.968 INFO             PET2       ABC-TO-DEF: InitializeIPDv05p2a intro {IS}:--- StateLog() start -----------------
20260908 003942.968 INFO             PET2       ABC-TO-DEF: InitializeIPDv05p2a intro {IS}:<name: ABC-ExportState> <intent: ESMF_STATEINTENT_EXPORT> <itemCount:    2>
20260908 003942.968 INFO             PET2       ABC-TO-DEF: InitializeIPDv05p2a intro {IS}:+-<item: 0001> <itemType: Field> <itemName: sea_surface_height_above_sea_level>
20260908 003942.968 INFO             PET2       ABC-TO-DEF: InitializeIPDv05p2a intro {IS}:!--- FieldLog() start -----------------
20260908 003942.968 INFO             PET2       ABC-TO-DEF: InitializeIPDv05p2a intro {IS}:! <name: sea_surface_height_above_sea_level> <fieldStatus: ESMF_FIELDSTATUS_EMPTY>
20260908 003942.968 INFO             PET2       ABC-TO-DEF: InitializeIPDv05p2a intro {IS}:! 0x7ffcb73724f0 => 0xfe6270 => 0xfe6490
20260908 003942.968 INFO             PET2       ABC-TO-DEF: InitializeIPDv05p2a intro {IS}:!--- FieldLog() end -------------------
20260908 003942.968 INFO             PET2       ABC-TO-DEF: InitializeIPDv05p2a intro {IS}:+-<item: 0002> <itemType: Field> <itemName: sea_surface_temperature>
20260908 003942.968 INFO             PET2       ABC-TO-DEF: InitializeIPDv05p2a intro {IS}:!--- FieldLog() start -----------------
20260908 003942.968 INFO             PET2       ABC-TO-DEF: InitializeIPDv05p2a intro {IS}:! <name: sea_surface_temperature> <fieldStatus: ESMF_FIELDSTATUS_EMPTY>
20260908 003942.968 INFO             PET2       ABC-TO-DEF: InitializeIPDv05p2a intro {IS}:! 0x7ffcb73724f0 => 0xff5360 => 0xfec850
20260908 003942.968 INFO             PET2       ABC-TO-DEF: InitializeIPDv05p2a intro {IS}:!--- FieldLog() end -------------------
20260908 003942.968 INFO             PET2       ABC-TO-DEF: InitializeIPDv05p2a intro {IS}:--- StateLog() end -------------------
20260908 003942.968 INFO             PET2       ABC-TO-DEF: InitializeIPDv05p2a intro {ES}:--- StateLog() start -----------------
20260908 003942.968 INFO             PET2       ABC-TO-DEF: InitializeIPDv05p2a intro {ES}:<name: DEF-ImportState> <intent: ESMF_STATEINTENT_IMPORT> <itemCount:    2>
20260908 003942.968 INFO             PET2       ABC-TO-DEF: InitializeIPDv05p2a intro {ES}:+-<item: 0001> <itemType: Field> <itemName: sea_surface_height_above_sea_level>
20260908 003942.968 INFO             PET2       ABC-TO-DEF: InitializeIPDv05p2a intro {ES}:!--- FieldLog() start -----------------
20260908 003942.968 INFO             PET2       ABC-TO-DEF: InitializeIPDv05p2a intro {ES}:! <name: sea_surface_height_above_sea_level> <fieldStatus: ESMF_FIELDSTATUS_EMPTY>
20260908 003942.968 INFO             PET2       ABC-TO-DEF: InitializeIPDv05p2a intro {ES}:! 0x7ffcb73724f0 => 0xfe94f0 => 0xfe9710
20260908 003942.968 INFO             PET2       ABC-TO-DEF: InitializeIPDv05p2a intro {ES}:!--- FieldLog() end -------------------
20260908 003942.968 INFO             PET2       ABC-TO-DEF: InitializeIPDv05p2a intro {ES}:+-<item: 0002> <itemType: Field> <itemName: sea_surface_temperature>
20260908 003942.968 INFO             PET2       ABC-TO-DEF: InitializeIPDv05p2a intro {ES}:!--- FieldLog() start -----------------
20260908 003942.968 INFO             PET2       ABC-TO-DEF: InitializeIPDv05p2a intro {ES}:! <name: sea_surface_temperature> <fieldStatus: ESMF_FIELDSTATUS_EMPTY>
20260908 003942.968 INFO             PET2       ABC-TO-DEF: InitializeIPDv05p2a intro {ES}:! 0x7ffcb73724f0 => 0xff2a80 => 0xff2ca0
20260908 003942.968 INFO             PET2       ABC-TO-DEF: InitializeIPDv05p2a intro {ES}:!--- FieldLog() end -------------------
20260908 003942.968 INFO             PET2       ABC-TO-DEF: InitializeIPDv05p2a intro {ES}:--- StateLog() end -------------------
20260908 003942.969 INFO             PET2       ABC-TO-DEF:      importStandardNameList(i=  1): sea_surface_height_above_sea_level
20260908 003942.969 INFO             PET2       ABC-TO-DEF:         importNamespaceList(i=  1): ABC
20260908 003942.969 INFO             PET2       ABC-TO-DEF:            importCplSetList(i=  1): __UNSPECIFIED__
20260908 003942.969 INFO             PET2       ABC-TO-DEF:      exportStandardNameList(j=  1): sea_surface_height_above_sea_level
20260908 003942.969 INFO             PET2       ABC-TO-DEF:         exportNamespaceList(j=  1): DEF
20260908 003942.969 INFO             PET2       ABC-TO-DEF:            exportCplSetList(j=  1): __UNSPECIFIED__
20260908 003942.969 INFO             PET2       ABC-TO-DEF: bondLevel= 1
20260908 003942.969 INFO             PET2       ABC-TO-DEF: ProducerConnection (bondLevelMax):         1
20260908 003942.969 INFO             PET2       ABC-TO-DEF:      importStandardNameList(i=  2): sea_surface_temperature
20260908 003942.969 INFO             PET2       ABC-TO-DEF:         importNamespaceList(i=  2): ABC
20260908 003942.969 INFO             PET2       ABC-TO-DEF:            importCplSetList(i=  2): __UNSPECIFIED__
20260908 003942.969 INFO             PET2       ABC-TO-DEF:      exportStandardNameList(j=  2): sea_surface_temperature
20260908 003942.969 INFO             PET2       ABC-TO-DEF:         exportNamespaceList(j=  2): DEF
20260908 003942.969 INFO             PET2       ABC-TO-DEF:            exportCplSetList(j=  2): __UNSPECIFIED__
20260908 003942.969 INFO             PET2       ABC-TO-DEF: bondLevel= 1
20260908 003942.969 INFO             PET2       ABC-TO-DEF: ProducerConnection (bondLevelMax):         1
20260908 003942.969 INFO             PET2       ABC-TO-DEF: InitializeIPDv05p2a extro {IS}:--- StateLog() start -----------------
20260908 003942.969 INFO             PET2       ABC-TO-DEF: InitializeIPDv05p2a extro {IS}:<name: ABC-ExportState> <intent: ESMF_STATEINTENT_EXPORT> <itemCount:    2>
20260908 003942.969 INFO             PET2       ABC-TO-DEF: InitializeIPDv05p2a extro {IS}:+-<item: 0001> <itemType: Field> <itemName: sea_surface_height_above_sea_level>
20260908 003942.969 INFO             PET2       ABC-TO-DEF: InitializeIPDv05p2a extro {IS}:!--- FieldLog() start -----------------
20260908 003942.969 INFO             PET2       ABC-TO-DEF: InitializeIPDv05p2a extro {IS}:! <name: sea_surface_height_above_sea_level> <fieldStatus: ESMF_FIELDSTATUS_EMPTY>
20260908 003942.969 INFO             PET2       ABC-TO-DEF: InitializeIPDv05p2a extro {IS}:! 0x7ffcb7372850 => 0xfe6270 => 0xfe6490
20260908 003942.969 INFO             PET2       ABC-TO-DEF: InitializeIPDv05p2a extro {IS}:!--- FieldLog() end -------------------
20260908 003942.969 INFO             PET2       ABC-TO-DEF: InitializeIPDv05p2a extro {IS}:+-<item: 0002> <itemType: Field> <itemName: sea_surface_temperature>
20260908 003942.969 INFO             PET2       ABC-TO-DEF: InitializeIPDv05p2a extro {IS}:!--- FieldLog() start -----------------
20260908 003942.969 INFO             PET2       ABC-TO-DEF: InitializeIPDv05p2a extro {IS}:! <name: sea_surface_temperature> <fieldStatus: ESMF_FIELDSTATUS_EMPTY>
20260908 003942.969 INFO             PET2       ABC-TO-DEF: InitializeIPDv05p2a extro {IS}:! 0x7ffcb7372850 => 0xff5360 => 0xfec850
20260908 003942.969 INFO             PET2       ABC-TO-DEF: InitializeIPDv05p2a extro {IS}:!--- FieldLog() end -------------------
20260908 003942.969 INFO             PET2       ABC-TO-DEF: InitializeIPDv05p2a extro {IS}:--- StateLog() end -------------------
20260908 003942.969 INFO             PET2       ABC-TO-DEF: InitializeIPDv05p2a extro {ES}:--- StateLog() start -----------------
20260908 003942.969 INFO             PET2       ABC-TO-DEF: InitializeIPDv05p2a extro {ES}:<name: DEF-ImportState> <intent: ESMF_STATEINTENT_IMPORT> <itemCount:    2>
20260908 003942.969 INFO             PET2       ABC-TO-DEF: InitializeIPDv05p2a extro {ES}:+-<item: 0001> <itemType: Field> <itemName: sea_surface_height_above_sea_level>
20260908 003942.969 INFO             PET2       ABC-TO-DEF: InitializeIPDv05p2a extro {ES}:!--- FieldLog() start -----------------
20260908 003942.969 INFO             PET2       ABC-TO-DEF: InitializeIPDv05p2a extro {ES}:! <name: sea_surface_height_above_sea_level> <fieldStatus: ESMF_FIELDSTATUS_EMPTY>
20260908 003942.969 INFO             PET2       ABC-TO-DEF: InitializeIPDv05p2a extro {ES}:! 0x7ffcb7372850 => 0xfe94f0 => 0xfe9710
20260908 003942.969 INFO             PET2       ABC-TO-DEF: InitializeIPDv05p2a extro {ES}:!--- FieldLog() end -------------------
20260908 003942.969 INFO             PET2       ABC-TO-DEF: InitializeIPDv05p2a extro {ES}:+-<item: 0002> <itemType: Field> <itemName: sea_surface_temperature>
20260908 003942.969 INFO             PET2       ABC-TO-DEF: InitializeIPDv05p2a extro {ES}:!--- FieldLog() start -----------------
20260908 003942.969 INFO             PET2       ABC-TO-DEF: InitializeIPDv05p2a extro {ES}:! <name: sea_surface_temperature> <fieldStatus: ESMF_FIELDSTATUS_EMPTY>
20260908 003942.969 INFO             PET2       ABC-TO-DEF: InitializeIPDv05p2a extro {ES}:! 0x7ffcb7372850 => 0xff2a80 => 0xff2ca0
20260908 003942.969 INFO             PET2       ABC-TO-DEF: InitializeIPDv05p2a extro {ES}:!--- FieldLog() end -------------------
20260908 003942.969 INFO             PET2       ABC-TO-DEF: InitializeIPDv05p2a extro {ES}:--- StateLog() end -------------------
20260908 003942.969 INFO             PET2     ABC-TO-DEF: InitializeIPDv05p2a extro.
20260908 003942.970 INFO             PET2     ABC-TO-DEF: InitializeIPDv05p2b intro.
20260908 003942.970 INFO             PET2       ABC-TO-DEF: InitializeIPDv05p2b intro {IS}:--- StateLog() start -----------------
20260908 003942.970 INFO             PET2       ABC-TO-DEF: InitializeIPDv05p2b intro {IS}:<name: ABC-ExportState> <intent: ESMF_STATEINTENT_EXPORT> <itemCount:    2>
20260908 003942.970 INFO             PET2       ABC-TO-DEF: InitializeIPDv05p2b intro {IS}:+-<item: 0001> <itemType: Field> <itemName: sea_surface_height_above_sea_level>
20260908 003942.970 INFO             PET2       ABC-TO-DEF: InitializeIPDv05p2b intro {IS}:!--- FieldLog() start -----------------
20260908 003942.970 INFO             PET2       ABC-TO-DEF: InitializeIPDv05p2b intro {IS}:! <name: sea_surface_height_above_sea_level> <fieldStatus: ESMF_FIELDSTATUS_EMPTY>
20260908 003942.970 INFO             PET2       ABC-TO-DEF: InitializeIPDv05p2b intro {IS}:! 0x7ffcb73723f0 => 0xfe6270 => 0xfe6490
20260908 003942.970 INFO             PET2       ABC-TO-DEF: InitializeIPDv05p2b intro {IS}:!--- FieldLog() end -------------------
20260908 003942.970 INFO             PET2       ABC-TO-DEF: InitializeIPDv05p2b intro {IS}:+-<item: 0002> <itemType: Field> <itemName: sea_surface_temperature>
20260908 003942.970 INFO             PET2       ABC-TO-DEF: InitializeIPDv05p2b intro {IS}:!--- FieldLog() start -----------------
20260908 003942.970 INFO             PET2       ABC-TO-DEF: InitializeIPDv05p2b intro {IS}:! <name: sea_surface_temperature> <fieldStatus: ESMF_FIELDSTATUS_EMPTY>
20260908 003942.970 INFO             PET2       ABC-TO-DEF: InitializeIPDv05p2b intro {IS}:! 0x7ffcb73723f0 => 0xff5360 => 0xfec850
20260908 003942.970 INFO             PET2       ABC-TO-DEF: InitializeIPDv05p2b intro {IS}:!--- FieldLog() end -------------------
20260908 003942.970 INFO             PET2       ABC-TO-DEF: InitializeIPDv05p2b intro {IS}:--- StateLog() end -------------------
20260908 003942.970 INFO             PET2       ABC-TO-DEF: InitializeIPDv05p2b intro {ES}:--- StateLog() start -----------------
20260908 003942.970 INFO             PET2       ABC-TO-DEF: InitializeIPDv05p2b intro {ES}:<name: DEF-ImportState> <intent: ESMF_STATEINTENT_IMPORT> <itemCount:    2>
20260908 003942.970 INFO             PET2       ABC-TO-DEF: InitializeIPDv05p2b intro {ES}:+-<item: 0001> <itemType: Field> <itemName: sea_surface_height_above_sea_level>
20260908 003942.970 INFO             PET2       ABC-TO-DEF: InitializeIPDv05p2b intro {ES}:!--- FieldLog() start -----------------
20260908 003942.970 INFO             PET2       ABC-TO-DEF: InitializeIPDv05p2b intro {ES}:! <name: sea_surface_height_above_sea_level> <fieldStatus: ESMF_FIELDSTATUS_EMPTY>
20260908 003942.970 INFO             PET2       ABC-TO-DEF: InitializeIPDv05p2b intro {ES}:! 0x7ffcb73723f0 => 0xfe94f0 => 0xfe9710
20260908 003942.970 INFO             PET2       ABC-TO-DEF: InitializeIPDv05p2b intro {ES}:!--- FieldLog() end -------------------
20260908 003942.970 INFO             PET2       ABC-TO-DEF: InitializeIPDv05p2b intro {ES}:+-<item: 0002> <itemType: Field> <itemName: sea_surface_temperature>
20260908 003942.970 INFO             PET2       ABC-TO-DEF: InitializeIPDv05p2b intro {ES}:!--- FieldLog() start -----------------
20260908 003942.970 INFO             PET2       ABC-TO-DEF: InitializeIPDv05p2b intro {ES}:! <name: sea_surface_temperature> <fieldStatus: ESMF_FIELDSTATUS_EMPTY>
20260908 003942.970 INFO             PET2       ABC-TO-DEF: InitializeIPDv05p2b intro {ES}:! 0x7ffcb73723f0 => 0xff2a80 => 0xff2ca0
20260908 003942.970 INFO             PET2       ABC-TO-DEF: InitializeIPDv05p2b intro {ES}:!--- FieldLog() end -------------------
20260908 003942.970 INFO             PET2       ABC-TO-DEF: InitializeIPDv05p2b intro {ES}:--- StateLog() end -------------------
20260908 003942.971 INFO             PET2       ABC-TO-DEF:      importStandardNameList(i=  1): sea_surface_height_above_sea_level
20260908 003942.971 INFO             PET2       ABC-TO-DEF:         importNamespaceList(i=  1): ABC
20260908 003942.971 INFO             PET2       ABC-TO-DEF:            importCplSetList(i=  1): __UNSPECIFIED__
20260908 003942.971 INFO             PET2       ABC-TO-DEF:      exportStandardNameList(j=  1): sea_surface_height_above_sea_level
20260908 003942.971 INFO             PET2       ABC-TO-DEF:         exportNamespaceList(j=  1): DEF
20260908 003942.971 INFO             PET2       ABC-TO-DEF:            exportCplSetList(j=  1): __UNSPECIFIED__
20260908 003942.971 INFO             PET2       ABC-TO-DEF: bondLevel= 1
20260908 003942.971 INFO             PET2       ABC-TO-DEF: => added cplList(  1)=sea_surface_height_above_sea_level, cplSetList(  1)=__UNSPECIFIED__
20260908 003942.971 INFO             PET2       ABC-TO-DEF:      importStandardNameList(i=  2): sea_surface_temperature
20260908 003942.971 INFO             PET2       ABC-TO-DEF:         importNamespaceList(i=  2): ABC
20260908 003942.971 INFO             PET2       ABC-TO-DEF:            importCplSetList(i=  2): __UNSPECIFIED__
20260908 003942.971 INFO             PET2       ABC-TO-DEF:      exportStandardNameList(j=  2): sea_surface_temperature
20260908 003942.971 INFO             PET2       ABC-TO-DEF:         exportNamespaceList(j=  2): DEF
20260908 003942.971 INFO             PET2       ABC-TO-DEF:            exportCplSetList(j=  2): __UNSPECIFIED__
20260908 003942.971 INFO             PET2       ABC-TO-DEF: bondLevel= 1
20260908 003942.971 INFO             PET2       ABC-TO-DEF: => added cplList(  2)=sea_surface_temperature, cplSetList(  2)=__UNSPECIFIED__
20260908 003942.971 INFO             PET2       ABC-TO-DEF: InitializeIPDv05p2b extro {IS}:--- StateLog() start -----------------
20260908 003942.971 INFO             PET2       ABC-TO-DEF: InitializeIPDv05p2b extro {IS}:<name: ABC-ExportState> <intent: ESMF_STATEINTENT_EXPORT> <itemCount:    2>
20260908 003942.971 INFO             PET2       ABC-TO-DEF: InitializeIPDv05p2b extro {IS}:+-<item: 0001> <itemType: Field> <itemName: sea_surface_height_above_sea_level>
20260908 003942.971 INFO             PET2       ABC-TO-DEF: InitializeIPDv05p2b extro {IS}:!--- FieldLog() start -----------------
20260908 003942.971 INFO             PET2       ABC-TO-DEF: InitializeIPDv05p2b extro {IS}:! <name: sea_surface_height_above_sea_level> <fieldStatus: ESMF_FIELDSTATUS_EMPTY>
20260908 003942.971 INFO             PET2       ABC-TO-DEF: InitializeIPDv05p2b extro {IS}:! 0x7ffcb7372750 => 0xfe6270 => 0xfe6490
20260908 003942.971 INFO             PET2       ABC-TO-DEF: InitializeIPDv05p2b extro {IS}:!--- FieldLog() end -------------------
20260908 003942.971 INFO             PET2       ABC-TO-DEF: InitializeIPDv05p2b extro {IS}:+-<item: 0002> <itemType: Field> <itemName: sea_surface_temperature>
20260908 003942.971 INFO             PET2       ABC-TO-DEF: InitializeIPDv05p2b extro {IS}:!--- FieldLog() start -----------------
20260908 003942.971 INFO             PET2       ABC-TO-DEF: InitializeIPDv05p2b extro {IS}:! <name: sea_surface_temperature> <fieldStatus: ESMF_FIELDSTATUS_EMPTY>
20260908 003942.971 INFO             PET2       ABC-TO-DEF: InitializeIPDv05p2b extro {IS}:! 0x7ffcb7372750 => 0xff5360 => 0xfec850
20260908 003942.971 INFO             PET2       ABC-TO-DEF: InitializeIPDv05p2b extro {IS}:!--- FieldLog() end -------------------
20260908 003942.972 INFO             PET2       ABC-TO-DEF: InitializeIPDv05p2b extro {IS}:--- StateLog() end -------------------
20260908 003942.972 INFO             PET2       ABC-TO-DEF: InitializeIPDv05p2b extro {ES}:--- StateLog() start -----------------
20260908 003942.972 INFO             PET2       ABC-TO-DEF: InitializeIPDv05p2b extro {ES}:<name: DEF-ImportState> <intent: ESMF_STATEINTENT_IMPORT> <itemCount:    2>
20260908 003942.972 INFO             PET2       ABC-TO-DEF: InitializeIPDv05p2b extro {ES}:+-<item: 0001> <itemType: Field> <itemName: sea_surface_height_above_sea_level>
20260908 003942.972 INFO             PET2       ABC-TO-DEF: InitializeIPDv05p2b extro {ES}:!--- FieldLog() start -----------------
20260908 003942.972 INFO             PET2       ABC-TO-DEF: InitializeIPDv05p2b extro {ES}:! <name: sea_surface_height_above_sea_level> <fieldStatus: ESMF_FIELDSTATUS_EMPTY>
20260908 003942.972 INFO             PET2       ABC-TO-DEF: InitializeIPDv05p2b extro {ES}:! 0x7ffcb7372750 => 0xfe94f0 => 0xfe9710
20260908 003942.972 INFO             PET2       ABC-TO-DEF: InitializeIPDv05p2b extro {ES}:!--- FieldLog() end -------------------
20260908 003942.972 INFO             PET2       ABC-TO-DEF: InitializeIPDv05p2b extro {ES}:+-<item: 0002> <itemType: Field> <itemName: sea_surface_temperature>
20260908 003942.972 INFO             PET2       ABC-TO-DEF: InitializeIPDv05p2b extro {ES}:!--- FieldLog() start -----------------
20260908 003942.972 INFO             PET2       ABC-TO-DEF: InitializeIPDv05p2b extro {ES}:! <name: sea_surface_temperature> <fieldStatus: ESMF_FIELDSTATUS_EMPTY>
20260908 003942.972 INFO             PET2       ABC-TO-DEF: InitializeIPDv05p2b extro {ES}:! 0x7ffcb7372750 => 0xff2a80 => 0xff2ca0
20260908 003942.972 INFO             PET2       ABC-TO-DEF: InitializeIPDv05p2b extro {ES}:!--- FieldLog() end -------------------
20260908 003942.972 INFO             PET2       ABC-TO-DEF: InitializeIPDv05p2b extro {ES}:--- StateLog() end -------------------
20260908 003942.972 INFO             PET2     ABC-TO-DEF: InitializeIPDv05p2b extro.
20260908 003942.972 INFO             PET2     ESMX_Driver: IInitModifyCplLists intro.
20260908 003942.972 INFO             PET2       ESMX_Driver: IInitModifyCplLists intro {IS}:--- StateLog() start -----------------
20260908 003942.972 INFO             PET2       ESMX_Driver: IInitModifyCplLists intro {IS}:State object is invalid! Not created or deleted!
20260908 003942.972 INFO             PET2       ESMX_Driver: IInitModifyCplLists intro {IS}:--- StateLog() end -------------------
20260908 003942.972 INFO             PET2       ESMX_Driver: IInitModifyCplLists intro {ES}:--- StateLog() start -----------------
20260908 003942.972 INFO             PET2       ESMX_Driver: IInitModifyCplLists intro {ES}:State object is invalid! Not created or deleted!
20260908 003942.972 INFO             PET2       ESMX_Driver: IInitModifyCplLists intro {ES}:--- StateLog() end -------------------
20260908 003942.973 INFO             PET2       >>>ESMX_Driver: entered Initialize (phase=<none>) with current time: 2012 10 24  8  0  0   0
20260908 003942.973 INFO             PET2       <<<ESMX_Driver: leaving Initialize (phase=<none>) with current time: 2012 10 24  8  0  0   0
20260908 003942.973 INFO             PET2       ESMX_Driver: IInitModifyCplLists extro {IS}:--- StateLog() start -----------------
20260908 003942.973 INFO             PET2       ESMX_Driver: IInitModifyCplLists extro {IS}:State object is invalid! Not created or deleted!
20260908 003942.973 INFO             PET2       ESMX_Driver: IInitModifyCplLists extro {IS}:--- StateLog() end -------------------
20260908 003942.973 INFO             PET2       ESMX_Driver: IInitModifyCplLists extro {ES}:--- StateLog() start -----------------
20260908 003942.973 INFO             PET2       ESMX_Driver: IInitModifyCplLists extro {ES}:State object is invalid! Not created or deleted!
20260908 003942.973 INFO             PET2       ESMX_Driver: IInitModifyCplLists extro {ES}:--- StateLog() end -------------------
20260908 003942.973 INFO             PET2     ESMX_Driver: IInitModifyCplLists extro.
20260908 003942.974 INFO             PET2     ABC-TO-DEF: InitializeIPDv05p3 intro.
20260908 003942.974 INFO             PET2       ABC-TO-DEF: InitializeIPDv05p3 intro {IS}:--- StateLog() start -----------------
20260908 003942.974 INFO             PET2       ABC-TO-DEF: InitializeIPDv05p3 intro {IS}:<name: ABC-ExportState> <intent: ESMF_STATEINTENT_EXPORT> <itemCount:    2>
20260908 003942.974 INFO             PET2       ABC-TO-DEF: InitializeIPDv05p3 intro {IS}:+-<item: 0001> <itemType: Field> <itemName: sea_surface_height_above_sea_level>
20260908 003942.974 INFO             PET2       ABC-TO-DEF: InitializeIPDv05p3 intro {IS}:!--- FieldLog() start -----------------
20260908 003942.974 INFO             PET2       ABC-TO-DEF: InitializeIPDv05p3 intro {IS}:! <name: sea_surface_height_above_sea_level> <fieldStatus: ESMF_FIELDSTATUS_EMPTY>
20260908 003942.974 INFO             PET2       ABC-TO-DEF: InitializeIPDv05p3 intro {IS}:! 0x7ffcb7370be0 => 0xfe6270 => 0xfe6490
20260908 003942.974 INFO             PET2       ABC-TO-DEF: InitializeIPDv05p3 intro {IS}:!--- FieldLog() end -------------------
20260908 003942.974 INFO             PET2       ABC-TO-DEF: InitializeIPDv05p3 intro {IS}:+-<item: 0002> <itemType: Field> <itemName: sea_surface_temperature>
20260908 003942.974 INFO             PET2       ABC-TO-DEF: InitializeIPDv05p3 intro {IS}:!--- FieldLog() start -----------------
20260908 003942.974 INFO             PET2       ABC-TO-DEF: InitializeIPDv05p3 intro {IS}:! <name: sea_surface_temperature> <fieldStatus: ESMF_FIELDSTATUS_EMPTY>
20260908 003942.974 INFO             PET2       ABC-TO-DEF: InitializeIPDv05p3 intro {IS}:! 0x7ffcb7370be0 => 0xff5360 => 0xfec850
20260908 003942.974 INFO             PET2       ABC-TO-DEF: InitializeIPDv05p3 intro {IS}:!--- FieldLog() end -------------------
20260908 003942.974 INFO             PET2       ABC-TO-DEF: InitializeIPDv05p3 intro {IS}:--- StateLog() end -------------------
20260908 003942.974 INFO             PET2       ABC-TO-DEF: InitializeIPDv05p3 intro {ES}:--- StateLog() start -----------------
20260908 003942.974 INFO             PET2       ABC-TO-DEF: InitializeIPDv05p3 intro {ES}:<name: DEF-ImportState> <intent: ESMF_STATEINTENT_IMPORT> <itemCount:    2>
20260908 003942.974 INFO             PET2       ABC-TO-DEF: InitializeIPDv05p3 intro {ES}:+-<item: 0001> <itemType: Field> <itemName: sea_surface_height_above_sea_level>
20260908 003942.974 INFO             PET2       ABC-TO-DEF: InitializeIPDv05p3 intro {ES}:!--- FieldLog() start -----------------
20260908 003942.974 INFO             PET2       ABC-TO-DEF: InitializeIPDv05p3 intro {ES}:! <name: sea_surface_height_above_sea_level> <fieldStatus: ESMF_FIELDSTATUS_EMPTY>
20260908 003942.974 INFO             PET2       ABC-TO-DEF: InitializeIPDv05p3 intro {ES}:! 0x7ffcb7370be0 => 0xfe94f0 => 0xfe9710
20260908 003942.974 INFO             PET2       ABC-TO-DEF: InitializeIPDv05p3 intro {ES}:!--- FieldLog() end -------------------
20260908 003942.974 INFO             PET2       ABC-TO-DEF: InitializeIPDv05p3 intro {ES}:+-<item: 0002> <itemType: Field> <itemName: sea_surface_temperature>
20260908 003942.974 INFO             PET2       ABC-TO-DEF: InitializeIPDv05p3 intro {ES}:!--- FieldLog() start -----------------
20260908 003942.974 INFO             PET2       ABC-TO-DEF: InitializeIPDv05p3 intro {ES}:! <name: sea_surface_temperature> <fieldStatus: ESMF_FIELDSTATUS_EMPTY>
20260908 003942.974 INFO             PET2       ABC-TO-DEF: InitializeIPDv05p3 intro {ES}:! 0x7ffcb7370be0 => 0xff2a80 => 0xff2ca0
20260908 003942.974 INFO             PET2       ABC-TO-DEF: InitializeIPDv05p3 intro {ES}:!--- FieldLog() end -------------------
20260908 003942.974 INFO             PET2       ABC-TO-DEF: InitializeIPDv05p3 intro {ES}:--- StateLog() end -------------------
20260908 003942.975 INFO             PET2       ABC-TO-DEF: handle cplList(1): sea_surface_height_above_sea_level, cplSetList(1): __UNSPECIFIED__
20260908 003942.975 INFO             PET2       ABC-TO-DEF: - connected.
20260908 003942.975 INFO             PET2       ABC-TO-DEF: - both sides must provide the Field/GeomObject.
20260908 003942.975 INFO             PET2       ABC-TO-DEF: handle cplList(2): sea_surface_temperature, cplSetList(2): __UNSPECIFIED__
20260908 003942.976 INFO             PET2       ABC-TO-DEF: - connected.
20260908 003942.976 INFO             PET2       ABC-TO-DEF: - both sides must provide the Field/GeomObject.
20260908 003942.976 INFO             PET2       ABC-TO-DEF: InitializeIPDv05p3 extro {IS}:--- StateLog() start -----------------
20260908 003942.976 INFO             PET2       ABC-TO-DEF: InitializeIPDv05p3 extro {IS}:<name: ABC-ExportState> <intent: ESMF_STATEINTENT_EXPORT> <itemCount:    2>
20260908 003942.976 INFO             PET2       ABC-TO-DEF: InitializeIPDv05p3 extro {IS}:+-<item: 0001> <itemType: Field> <itemName: sea_surface_height_above_sea_level>
20260908 003942.976 INFO             PET2       ABC-TO-DEF: InitializeIPDv05p3 extro {IS}:!--- FieldLog() start -----------------
20260908 003942.976 INFO             PET2       ABC-TO-DEF: InitializeIPDv05p3 extro {IS}:! <name: sea_surface_height_above_sea_level> <fieldStatus: ESMF_FIELDSTATUS_EMPTY>
20260908 003942.976 INFO             PET2       ABC-TO-DEF: InitializeIPDv05p3 extro {IS}:! 0x7ffcb7370f40 => 0xfe6270 => 0xfe6490
20260908 003942.976 INFO             PET2       ABC-TO-DEF: InitializeIPDv05p3 extro {IS}:!--- FieldLog() end -------------------
20260908 003942.976 INFO             PET2       ABC-TO-DEF: InitializeIPDv05p3 extro {IS}:+-<item: 0002> <itemType: Field> <itemName: sea_surface_temperature>
20260908 003942.976 INFO             PET2       ABC-TO-DEF: InitializeIPDv05p3 extro {IS}:!--- FieldLog() start -----------------
20260908 003942.976 INFO             PET2       ABC-TO-DEF: InitializeIPDv05p3 extro {IS}:! <name: sea_surface_temperature> <fieldStatus: ESMF_FIELDSTATUS_EMPTY>
20260908 003942.976 INFO             PET2       ABC-TO-DEF: InitializeIPDv05p3 extro {IS}:! 0x7ffcb7370f40 => 0xff5360 => 0xfec850
20260908 003942.976 INFO             PET2       ABC-TO-DEF: InitializeIPDv05p3 extro {IS}:!--- FieldLog() end -------------------
20260908 003942.976 INFO             PET2       ABC-TO-DEF: InitializeIPDv05p3 extro {IS}:--- StateLog() end -------------------
20260908 003942.976 INFO             PET2       ABC-TO-DEF: InitializeIPDv05p3 extro {ES}:--- StateLog() start -----------------
20260908 003942.976 INFO             PET2       ABC-TO-DEF: InitializeIPDv05p3 extro {ES}:<name: DEF-ImportState> <intent: ESMF_STATEINTENT_IMPORT> <itemCount:    2>
20260908 003942.976 INFO             PET2       ABC-TO-DEF: InitializeIPDv05p3 extro {ES}:+-<item: 0001> <itemType: Field> <itemName: sea_surface_height_above_sea_level>
20260908 003942.976 INFO             PET2       ABC-TO-DEF: InitializeIPDv05p3 extro {ES}:!--- FieldLog() start -----------------
20260908 003942.976 INFO             PET2       ABC-TO-DEF: InitializeIPDv05p3 extro {ES}:! <name: sea_surface_height_above_sea_level> <fieldStatus: ESMF_FIELDSTATUS_EMPTY>
20260908 003942.976 INFO             PET2       ABC-TO-DEF: InitializeIPDv05p3 extro {ES}:! 0x7ffcb7370f40 => 0xfe94f0 => 0xfe9710
20260908 003942.976 INFO             PET2       ABC-TO-DEF: InitializeIPDv05p3 extro {ES}:!--- FieldLog() end -------------------
20260908 003942.976 INFO             PET2       ABC-TO-DEF: InitializeIPDv05p3 extro {ES}:+-<item: 0002> <itemType: Field> <itemName: sea_surface_temperature>
20260908 003942.976 INFO             PET2       ABC-TO-DEF: InitializeIPDv05p3 extro {ES}:!--- FieldLog() start -----------------
20260908 003942.976 INFO             PET2       ABC-TO-DEF: InitializeIPDv05p3 extro {ES}:! <name: sea_surface_temperature> <fieldStatus: ESMF_FIELDSTATUS_EMPTY>
20260908 003942.976 INFO             PET2       ABC-TO-DEF: InitializeIPDv05p3 extro {ES}:! 0x7ffcb7370f40 => 0xff2a80 => 0xff2ca0
20260908 003942.976 INFO             PET2       ABC-TO-DEF: InitializeIPDv05p3 extro {ES}:!--- FieldLog() end -------------------
20260908 003942.976 INFO             PET2       ABC-TO-DEF: InitializeIPDv05p3 extro {ES}:--- StateLog() end -------------------
20260908 003942.976 INFO             PET2     ABC-TO-DEF: InitializeIPDv05p3 extro.
20260908 003942.977 INFO             PET2     <<<ESMX_Driver: leaving Initialize (phase=<none>) with current time: 2012 10 24  8  0  0   0
20260908 003942.977 INFO             PET2     ESMX_Driver: InitializeIPDv02p1 extro {IS}:--- StateLog() start -----------------
20260908 003942.977 INFO             PET2     ESMX_Driver: InitializeIPDv02p1 extro {IS}:State object is invalid! Not created or deleted!
20260908 003942.977 INFO             PET2     ESMX_Driver: InitializeIPDv02p1 extro {IS}:--- StateLog() end -------------------
20260908 003942.977 INFO             PET2     ESMX_Driver: InitializeIPDv02p1 extro {ES}:--- StateLog() start -----------------
20260908 003942.977 INFO             PET2     ESMX_Driver: InitializeIPDv02p1 extro {ES}:State object is invalid! Not created or deleted!
20260908 003942.977 INFO             PET2     ESMX_Driver: InitializeIPDv02p1 extro {ES}:--- StateLog() end -------------------
20260908 003942.977 INFO             PET2   ESMX_Driver: InitializeIPDv02p1 extro.
20260908 003942.977 INFO             PET2   ESMX_Driver: InitializeIPDv02p3 intro.
20260908 003942.977 INFO             PET2     ESMX_Driver: InitializeIPDv02p3 intro {IS}:--- StateLog() start -----------------
20260908 003942.977 INFO             PET2     ESMX_Driver: InitializeIPDv02p3 intro {IS}:State object is invalid! Not created or deleted!
20260908 003942.977 INFO             PET2     ESMX_Driver: InitializeIPDv02p3 intro {IS}:--- StateLog() end -------------------
20260908 003942.977 INFO             PET2     ESMX_Driver: InitializeIPDv02p3 intro {ES}:--- StateLog() start -----------------
20260908 003942.977 INFO             PET2     ESMX_Driver: InitializeIPDv02p3 intro {ES}:State object is invalid! Not created or deleted!
20260908 003942.977 INFO             PET2     ESMX_Driver: InitializeIPDv02p3 intro {ES}:--- StateLog() end -------------------
20260908 003942.977 INFO             PET2     >>>ESMX_Driver: entered Initialize (phase=<none>) with current time: 2012 10 24  8  0  0   0
20260908 003942.978 INFO             PET2     ESMX_Driver: IInitCheck intro.
20260908 003942.978 INFO             PET2       ESMX_Driver: IInitCheck intro {IS}:--- StateLog() start -----------------
20260908 003942.978 INFO             PET2       ESMX_Driver: IInitCheck intro {IS}:State object is invalid! Not created or deleted!
20260908 003942.978 INFO             PET2       ESMX_Driver: IInitCheck intro {IS}:--- StateLog() end -------------------
20260908 003942.978 INFO             PET2       ESMX_Driver: IInitCheck intro {ES}:--- StateLog() start -----------------
20260908 003942.978 INFO             PET2       ESMX_Driver: IInitCheck intro {ES}:State object is invalid! Not created or deleted!
20260908 003942.978 INFO             PET2       ESMX_Driver: IInitCheck intro {ES}:--- StateLog() end -------------------
20260908 003942.978 INFO             PET2       >>>ESMX_Driver: entered Initialize (phase=<none>) with current time: 2012 10 24  8  0  0   0
20260908 003942.978 INFO             PET2       <<<ESMX_Driver: leaving Initialize (phase=<none>) with current time: 2012 10 24  8  0  0   0
20260908 003942.978 INFO             PET2       ESMX_Driver: IInitCheck extro {IS}:--- StateLog() start -----------------
20260908 003942.978 INFO             PET2       ESMX_Driver: IInitCheck extro {IS}:State object is invalid! Not created or deleted!
20260908 003942.978 INFO             PET2       ESMX_Driver: IInitCheck extro {IS}:--- StateLog() end -------------------
20260908 003942.978 INFO             PET2       ESMX_Driver: IInitCheck extro {ES}:--- StateLog() start -----------------
20260908 003942.978 INFO             PET2       ESMX_Driver: IInitCheck extro {ES}:State object is invalid! Not created or deleted!
20260908 003942.978 INFO             PET2       ESMX_Driver: IInitCheck extro {ES}:--- StateLog() end -------------------
20260908 003942.978 INFO             PET2     ESMX_Driver: IInitCheck extro.
20260908 003942.979 INFO             PET2     ABC: InitializeIPDvXp04 intro.
20260908 003942.979 INFO             PET2       ABC: InitializeIPDvXp04 intro {IS}:--- StateLog() start -----------------
20260908 003942.979 INFO             PET2       ABC: InitializeIPDvXp04 intro {IS}:<name: ABC-ImportState> <intent: ESMF_STATEINTENT_IMPORT> <itemCount:    0>
20260908 003942.979 INFO             PET2       ABC: InitializeIPDvXp04 intro {IS}:--- StateLog() end -------------------
20260908 003942.979 INFO             PET2       ABC: InitializeIPDvXp04 intro {ES}:--- StateLog() start -----------------
20260908 003942.979 INFO             PET2       ABC: InitializeIPDvXp04 intro {ES}:<name: ABC-ExportState> <intent: ESMF_STATEINTENT_EXPORT> <itemCount:    2>
20260908 003942.979 INFO             PET2       ABC: InitializeIPDvXp04 intro {ES}:+-<item: 0001> <itemType: Field> <itemName: sea_surface_height_above_sea_level>
20260908 003942.979 INFO             PET2       ABC: InitializeIPDvXp04 intro {ES}:!--- FieldLog() start -----------------
20260908 003942.979 INFO             PET2       ABC: InitializeIPDvXp04 intro {ES}:! <name: sea_surface_height_above_sea_level> <fieldStatus: ESMF_FIELDSTATUS_EMPTY>
20260908 003942.979 INFO             PET2       ABC: InitializeIPDvXp04 intro {ES}:! 0x7ffcb73749f0 => 0xfe6270 => 0xfe6490
20260908 003942.979 INFO             PET2       ABC: InitializeIPDvXp04 intro {ES}:!--- FieldLog() end -------------------
20260908 003942.979 INFO             PET2       ABC: InitializeIPDvXp04 intro {ES}:+-<item: 0002> <itemType: Field> <itemName: sea_surface_temperature>
20260908 003942.979 INFO             PET2       ABC: InitializeIPDvXp04 intro {ES}:!--- FieldLog() start -----------------
20260908 003942.979 INFO             PET2       ABC: InitializeIPDvXp04 intro {ES}:! <name: sea_surface_temperature> <fieldStatus: ESMF_FIELDSTATUS_EMPTY>
20260908 003942.979 INFO             PET2       ABC: InitializeIPDvXp04 intro {ES}:! 0x7ffcb73749f0 => 0xff5360 => 0xfec850
20260908 003942.979 INFO             PET2       ABC: InitializeIPDvXp04 intro {ES}:!--- FieldLog() end -------------------
20260908 003942.979 INFO             PET2       ABC: InitializeIPDvXp04 intro {ES}:--- StateLog() end -------------------
20260908 003942.979 INFO             PET2       >>>ABC: entered Initialize (phase=IPDvXp04) without valid internal Clock.
20260908 003942.983 INFO             PET2       <<<ABC: leaving Initialize (phase=IPDvXp04) without valid internal Clock.
20260908 003942.983 INFO             PET2       ABC: InitializeIPDvXp04 extro {IS}:--- StateLog() start -----------------
20260908 003942.983 INFO             PET2       ABC: InitializeIPDvXp04 extro {IS}:<name: ABC-ImportState> <intent: ESMF_STATEINTENT_IMPORT> <itemCount:    0>
20260908 003942.983 INFO             PET2       ABC: InitializeIPDvXp04 extro {IS}:--- StateLog() end -------------------
20260908 003942.983 INFO             PET2       ABC: InitializeIPDvXp04 extro {ES}:--- StateLog() start -----------------
20260908 003942.983 INFO             PET2       ABC: InitializeIPDvXp04 extro {ES}:<name: ABC-ExportState> <intent: ESMF_STATEINTENT_EXPORT> <itemCount:    2>
20260908 003942.983 INFO             PET2       ABC: InitializeIPDvXp04 extro {ES}:+-<item: 0001> <itemType: Field> <itemName: sea_surface_height_above_sea_level>
20260908 003942.983 INFO             PET2       ABC: InitializeIPDvXp04 extro {ES}:!--- FieldLog() start -----------------
20260908 003942.983 INFO             PET2       ABC: InitializeIPDvXp04 extro {ES}:! <name: sea_surface_height_above_sea_level> <fieldStatus: ESMF_FIELDSTATUS_COMPLETE>
20260908 003942.983 INFO             PET2       ABC: InitializeIPDvXp04 extro {ES}:! 0x7ffcb7374d50 => 0xf7a620 => 0xf7a840
20260908 003942.983 INFO             PET2       ABC: InitializeIPDvXp04 extro {ES}:! <typekind: Real*8> <rank:    2> <dimCount:    2>
20260908 003942.984 INFO             PET2       ABC: InitializeIPDvXp04 extro {ES}:! ! --- Array::log() start -----------------------------------
20260908 003942.984 INFO             PET2       ABC: InitializeIPDvXp04 extro {ES}:! ! 0xf7d900
20260908 003942.984 INFO             PET2       ABC: InitializeIPDvXp04 extro {ES}:! ! <name: sea_surface_height_above_sea_level>
20260908 003942.984 INFO             PET2       ABC: InitializeIPDvXp04 extro {ES}:! ! ! --- DistGrid::log() start --------------------------------
20260908 003942.984 INFO             PET2       ABC: InitializeIPDvXp04 extro {ES}:! ! ! 0xf71c20
20260908 003942.984 INFO             PET2       ABC: InitializeIPDvXp04 extro {ES}:! ! ! DistGrid object is valid!<name: DG-global-sloc:0>
20260908 003942.984 INFO             PET2       ABC: InitializeIPDvXp04 extro {ES}:! ! ! --- DistGrid::log() end ----------------------------------
20260908 003942.984 INFO             PET2       ABC: InitializeIPDvXp04 extro {ES}:! ! --- Array::log() end -------------------------------------
20260908 003942.984 INFO             PET2       ABC: InitializeIPDvXp04 extro {ES}:!--- FieldLog() end -------------------
20260908 003942.984 INFO             PET2       ABC: InitializeIPDvXp04 extro {ES}:+-<item: 0002> <itemType: Field> <itemName: sea_surface_temperature>
20260908 003942.984 INFO             PET2       ABC: InitializeIPDvXp04 extro {ES}:!--- FieldLog() start -----------------
20260908 003942.984 INFO             PET2       ABC: InitializeIPDvXp04 extro {ES}:! <name: sea_surface_temperature> <fieldStatus: ESMF_FIELDSTATUS_COMPLETE>
20260908 003942.984 INFO             PET2       ABC: InitializeIPDvXp04 extro {ES}:! 0x7ffcb7374d50 => 0xf75e50 => 0xf76190
20260908 003942.984 INFO             PET2       ABC: InitializeIPDvXp04 extro {ES}:! <typekind: Real*8> <rank:    2> <dimCount:    2>
20260908 003942.984 INFO             PET2       ABC: InitializeIPDvXp04 extro {ES}:! ! --- Array::log() start -----------------------------------
20260908 003942.984 INFO             PET2       ABC: InitializeIPDvXp04 extro {ES}:! ! 0xf78d40
20260908 003942.984 INFO             PET2       ABC: InitializeIPDvXp04 extro {ES}:! ! <name: sea_surface_temperature>
20260908 003942.984 INFO             PET2       ABC: InitializeIPDvXp04 extro {ES}:! ! ! --- DistGrid::log() start --------------------------------
20260908 003942.984 INFO             PET2       ABC: InitializeIPDvXp04 extro {ES}:! ! ! 0xf71c20
20260908 003942.984 INFO             PET2       ABC: InitializeIPDvXp04 extro {ES}:! ! ! DistGrid object is valid!<name: DG-global-sloc:0>
20260908 003942.984 INFO             PET2       ABC: InitializeIPDvXp04 extro {ES}:! ! ! --- DistGrid::log() end ----------------------------------
20260908 003942.984 INFO             PET2       ABC: InitializeIPDvXp04 extro {ES}:! ! --- Array::log() end -------------------------------------
20260908 003942.984 INFO             PET2       ABC: InitializeIPDvXp04 extro {ES}:!--- FieldLog() end -------------------
20260908 003942.984 INFO             PET2       ABC: InitializeIPDvXp04 extro {ES}:--- StateLog() end -------------------
20260908 003942.984 INFO             PET2     ABC: InitializeIPDvXp04 extro.
20260908 003942.984 INFO             PET2     DEF: InitializeIPDvXp04 intro.
20260908 003942.984 INFO             PET2       DEF: InitializeIPDvXp04 intro {IS}:--- StateLog() start -----------------
20260908 003942.984 INFO             PET2       DEF: InitializeIPDvXp04 intro {IS}:<name: DEF-ImportState> <intent: ESMF_STATEINTENT_IMPORT> <itemCount:    2>
20260908 003942.984 INFO             PET2       DEF: InitializeIPDvXp04 intro {IS}:+-<item: 0001> <itemType: Field> <itemName: sea_surface_height_above_sea_level>
20260908 003942.984 INFO             PET2       DEF: InitializeIPDvXp04 intro {IS}:!--- FieldLog() start -----------------
20260908 003942.984 INFO             PET2       DEF: InitializeIPDvXp04 intro {IS}:! <name: sea_surface_height_above_sea_level> <fieldStatus: ESMF_FIELDSTATUS_EMPTY>
20260908 003942.984 INFO             PET2       DEF: InitializeIPDvXp04 intro {IS}:! 0x7ffcb73749f0 => 0xfe94f0 => 0xfe9710
20260908 003942.984 INFO             PET2       DEF: InitializeIPDvXp04 intro {IS}:!--- FieldLog() end -------------------
20260908 003942.984 INFO             PET2       DEF: InitializeIPDvXp04 intro {IS}:+-<item: 0002> <itemType: Field> <itemName: sea_surface_temperature>
20260908 003942.984 INFO             PET2       DEF: InitializeIPDvXp04 intro {IS}:!--- FieldLog() start -----------------
20260908 003942.984 INFO             PET2       DEF: InitializeIPDvXp04 intro {IS}:! <name: sea_surface_temperature> <fieldStatus: ESMF_FIELDSTATUS_EMPTY>
20260908 003942.984 INFO             PET2       DEF: InitializeIPDvXp04 intro {IS}:! 0x7ffcb73749f0 => 0xff2a80 => 0xff2ca0
20260908 003942.984 INFO             PET2       DEF: InitializeIPDvXp04 intro {IS}:!--- FieldLog() end -------------------
20260908 003942.984 INFO             PET2       DEF: InitializeIPDvXp04 intro {IS}:--- StateLog() end -------------------
20260908 003942.984 INFO             PET2       DEF: InitializeIPDvXp04 intro {ES}:--- StateLog() start -----------------
20260908 003942.984 INFO             PET2       DEF: InitializeIPDvXp04 intro {ES}:<name: DEF-ExportState> <intent: ESMF_STATEINTENT_EXPORT> <itemCount:    0>
20260908 003942.984 INFO             PET2       DEF: InitializeIPDvXp04 intro {ES}:--- StateLog() end -------------------
20260908 003942.985 INFO             PET2       >>>DEF: entered Initialize (phase=IPDvXp04) without valid internal Clock.
20260908 003942.988 INFO             PET2       <<<DEF: leaving Initialize (phase=IPDvXp04) without valid internal Clock.
20260908 003942.988 INFO             PET2       DEF: InitializeIPDvXp04 extro {IS}:--- StateLog() start -----------------
20260908 003942.988 INFO             PET2       DEF: InitializeIPDvXp04 extro {IS}:<name: DEF-ImportState> <intent: ESMF_STATEINTENT_IMPORT> <itemCount:    2>
20260908 003942.988 INFO             PET2       DEF: InitializeIPDvXp04 extro {IS}:+-<item: 0001> <itemType: Field> <itemName: sea_surface_height_above_sea_level>
20260908 003942.988 INFO             PET2       DEF: InitializeIPDvXp04 extro {IS}:!--- FieldLog() start -----------------
20260908 003942.989 INFO             PET2       DEF: InitializeIPDvXp04 extro {IS}:! <name: sea_surface_height_above_sea_level> <fieldStatus: ESMF_FIELDSTATUS_COMPLETE>
20260908 003942.989 INFO             PET2       DEF: InitializeIPDvXp04 extro {IS}:! 0x7ffcb7374d50 => 0xfcea30 => 0xfcec50
20260908 003942.989 INFO             PET2       DEF: InitializeIPDvXp04 extro {IS}:! <typekind: Real*4> <rank:    2> <dimCount:    2>
20260908 003942.989 INFO             PET2       DEF: InitializeIPDvXp04 extro {IS}:! ! --- Array::log() start -----------------------------------
20260908 003942.989 INFO             PET2       DEF: InitializeIPDvXp04 extro {IS}:! ! 0xfd42a0
20260908 003942.989 INFO             PET2       DEF: InitializeIPDvXp04 extro {IS}:! ! <name: sea_surface_height_above_sea_level>
20260908 003942.989 INFO             PET2       DEF: InitializeIPDvXp04 extro {IS}:! ! ! --- DistGrid::log() start --------------------------------
20260908 003942.989 INFO             PET2       DEF: InitializeIPDvXp04 extro {IS}:! ! ! 0xfc1d80
20260908 003942.989 INFO             PET2       DEF: InitializeIPDvXp04 extro {IS}:! ! ! DistGrid object is valid!<name: DG-global-sloc:0>
20260908 003942.989 INFO             PET2       DEF: InitializeIPDvXp04 extro {IS}:! ! ! --- DistGrid::log() end ----------------------------------
20260908 003942.989 INFO             PET2       DEF: InitializeIPDvXp04 extro {IS}:! ! --- Array::log() end -------------------------------------
20260908 003942.989 INFO             PET2       DEF: InitializeIPDvXp04 extro {IS}:!--- FieldLog() end -------------------
20260908 003942.989 INFO             PET2       DEF: InitializeIPDvXp04 extro {IS}:+-<item: 0002> <itemType: Field> <itemName: sea_surface_temperature>
20260908 003942.989 INFO             PET2       DEF: InitializeIPDvXp04 extro {IS}:!--- FieldLog() start -----------------
20260908 003942.989 INFO             PET2       DEF: InitializeIPDvXp04 extro {IS}:! <name: sea_surface_temperature> <fieldStatus: ESMF_FIELDSTATUS_COMPLETE>
20260908 003942.989 INFO             PET2       DEF: InitializeIPDvXp04 extro {IS}:! 0x7ffcb7374d50 => 0xfc7730 => 0xfc7a80
20260908 003942.989 INFO             PET2       DEF: InitializeIPDvXp04 extro {IS}:! <typekind: Real*4> <rank:    2> <dimCount:    2>
20260908 003942.989 INFO             PET2       DEF: InitializeIPDvXp04 extro {IS}:! ! --- Array::log() start -----------------------------------
20260908 003942.989 INFO             PET2       DEF: InitializeIPDvXp04 extro {IS}:! ! 0xfcd010
20260908 003942.989 INFO             PET2       DEF: InitializeIPDvXp04 extro {IS}:! ! <name: sea_surface_temperature>
20260908 003942.989 INFO             PET2       DEF: InitializeIPDvXp04 extro {IS}:! ! ! --- DistGrid::log() start --------------------------------
20260908 003942.989 INFO             PET2       DEF: InitializeIPDvXp04 extro {IS}:! ! ! 0xfc1d80
20260908 003942.989 INFO             PET2       DEF: InitializeIPDvXp04 extro {IS}:! ! ! DistGrid object is valid!<name: DG-global-sloc:0>
20260908 003942.989 INFO             PET2       DEF: InitializeIPDvXp04 extro {IS}:! ! ! --- DistGrid::log() end ----------------------------------
20260908 003942.989 INFO             PET2       DEF: InitializeIPDvXp04 extro {IS}:! ! --- Array::log() end -------------------------------------
20260908 003942.989 INFO             PET2       DEF: InitializeIPDvXp04 extro {IS}:!--- FieldLog() end -------------------
20260908 003942.989 INFO             PET2       DEF: InitializeIPDvXp04 extro {IS}:--- StateLog() end -------------------
20260908 003942.989 INFO             PET2       DEF: InitializeIPDvXp04 extro {ES}:--- StateLog() start -----------------
20260908 003942.989 INFO             PET2       DEF: InitializeIPDvXp04 extro {ES}:<name: DEF-ExportState> <intent: ESMF_STATEINTENT_EXPORT> <itemCount:    0>
20260908 003942.989 INFO             PET2       DEF: InitializeIPDvXp04 extro {ES}:--- StateLog() end -------------------
20260908 003942.989 INFO             PET2     DEF: InitializeIPDvXp04 extro.
20260908 003942.993 INFO             PET2     ABC-TO-DEF: InitializeIPDv05p4 intro.
20260908 003942.993 INFO             PET2       ABC-TO-DEF: InitializeIPDv05p4 intro {IS}:--- StateLog() start -----------------
20260908 003942.993 INFO             PET2       ABC-TO-DEF: InitializeIPDv05p4 intro {IS}:<name: ABC-ExportState> <intent: ESMF_STATEINTENT_EXPORT> <itemCount:    2>
20260908 003942.993 INFO             PET2       ABC-TO-DEF: InitializeIPDv05p4 intro {IS}:+-<item: 0001> <itemType: Field> <itemName: sea_surface_height_above_sea_level>
20260908 003942.993 INFO             PET2       ABC-TO-DEF: InitializeIPDv05p4 intro {IS}:!--- FieldLog() start -----------------
20260908 003942.993 INFO             PET2       ABC-TO-DEF: InitializeIPDv05p4 intro {IS}:! <name: sea_surface_height_above_sea_level> <fieldStatus: ESMF_FIELDSTATUS_COMPLETE>
20260908 003942.993 INFO             PET2       ABC-TO-DEF: InitializeIPDv05p4 intro {IS}:! 0x7ffcb7371d10 => 0xf7a620 => 0xf7a840
20260908 003942.993 INFO             PET2       ABC-TO-DEF: InitializeIPDv05p4 intro {IS}:! <typekind: Real*8> <rank:    2> <dimCount:    2>
20260908 003942.993 INFO             PET2       ABC-TO-DEF: InitializeIPDv05p4 intro {IS}:! ! --- Array::log() start -----------------------------------
20260908 003942.993 INFO             PET2       ABC-TO-DEF: InitializeIPDv05p4 intro {IS}:! ! 0xf7d900
20260908 003942.993 INFO             PET2       ABC-TO-DEF: InitializeIPDv05p4 intro {IS}:! ! <name: sea_surface_height_above_sea_level>
20260908 003942.993 INFO             PET2       ABC-TO-DEF: InitializeIPDv05p4 intro {IS}:! ! ! --- DistGrid::log() start --------------------------------
20260908 003942.993 INFO             PET2       ABC-TO-DEF: InitializeIPDv05p4 intro {IS}:! ! ! 0xf71c20
20260908 003942.993 INFO             PET2       ABC-TO-DEF: InitializeIPDv05p4 intro {IS}:! ! ! DistGrid object is valid!<name: DG-global-sloc:0>
20260908 003942.993 INFO             PET2       ABC-TO-DEF: InitializeIPDv05p4 intro {IS}:! ! ! --- DistGrid::log() end ----------------------------------
20260908 003942.993 INFO             PET2       ABC-TO-DEF: InitializeIPDv05p4 intro {IS}:! ! --- Array::log() end -------------------------------------
20260908 003942.993 INFO             PET2       ABC-TO-DEF: InitializeIPDv05p4 intro {IS}:!--- FieldLog() end -------------------
20260908 003942.993 INFO             PET2       ABC-TO-DEF: InitializeIPDv05p4 intro {IS}:+-<item: 0002> <itemType: Field> <itemName: sea_surface_temperature>
20260908 003942.993 INFO             PET2       ABC-TO-DEF: InitializeIPDv05p4 intro {IS}:!--- FieldLog() start -----------------
20260908 003942.993 INFO             PET2       ABC-TO-DEF: InitializeIPDv05p4 intro {IS}:! <name: sea_surface_temperature> <fieldStatus: ESMF_FIELDSTATUS_COMPLETE>
20260908 003942.993 INFO             PET2       ABC-TO-DEF: InitializeIPDv05p4 intro {IS}:! 0x7ffcb7371d10 => 0xf75e50 => 0xf76190
20260908 003942.993 INFO             PET2       ABC-TO-DEF: InitializeIPDv05p4 intro {IS}:! <typekind: Real*8> <rank:    2> <dimCount:    2>
20260908 003942.993 INFO             PET2       ABC-TO-DEF: InitializeIPDv05p4 intro {IS}:! ! --- Array::log() start -----------------------------------
20260908 003942.993 INFO             PET2       ABC-TO-DEF: InitializeIPDv05p4 intro {IS}:! ! 0xf78d40
20260908 003942.993 INFO             PET2       ABC-TO-DEF: InitializeIPDv05p4 intro {IS}:! ! <name: sea_surface_temperature>
20260908 003942.993 INFO             PET2       ABC-TO-DEF: InitializeIPDv05p4 intro {IS}:! ! ! --- DistGrid::log() start --------------------------------
20260908 003942.993 INFO             PET2       ABC-TO-DEF: InitializeIPDv05p4 intro {IS}:! ! ! 0xf71c20
20260908 003942.993 INFO             PET2       ABC-TO-DEF: InitializeIPDv05p4 intro {IS}:! ! ! DistGrid object is valid!<name: DG-global-sloc:0>
20260908 003942.993 INFO             PET2       ABC-TO-DEF: InitializeIPDv05p4 intro {IS}:! ! ! --- DistGrid::log() end ----------------------------------
20260908 003942.993 INFO             PET2       ABC-TO-DEF: InitializeIPDv05p4 intro {IS}:! ! --- Array::log() end -------------------------------------
20260908 003942.993 INFO             PET2       ABC-TO-DEF: InitializeIPDv05p4 intro {IS}:!--- FieldLog() end -------------------
20260908 003942.993 INFO             PET2       ABC-TO-DEF: InitializeIPDv05p4 intro {IS}:--- StateLog() end -------------------
20260908 003942.993 INFO             PET2       ABC-TO-DEF: InitializeIPDv05p4 intro {ES}:--- StateLog() start -----------------
20260908 003942.993 INFO             PET2       ABC-TO-DEF: InitializeIPDv05p4 intro {ES}:<name: DEF-ImportState> <intent: ESMF_STATEINTENT_IMPORT> <itemCount:    2>
20260908 003942.993 INFO             PET2       ABC-TO-DEF: InitializeIPDv05p4 intro {ES}:+-<item: 0001> <itemType: Field> <itemName: sea_surface_height_above_sea_level>
20260908 003942.993 INFO             PET2       ABC-TO-DEF: InitializeIPDv05p4 intro {ES}:!--- FieldLog() start -----------------
20260908 003942.993 INFO             PET2       ABC-TO-DEF: InitializeIPDv05p4 intro {ES}:! <name: sea_surface_height_above_sea_level> <fieldStatus: ESMF_FIELDSTATUS_COMPLETE>
20260908 003942.993 INFO             PET2       ABC-TO-DEF: InitializeIPDv05p4 intro {ES}:! 0x7ffcb7371d10 => 0xfcea30 => 0xfcec50
20260908 003942.993 INFO             PET2       ABC-TO-DEF: InitializeIPDv05p4 intro {ES}:! <typekind: Real*4> <rank:    2> <dimCount:    2>
20260908 003942.993 INFO             PET2       ABC-TO-DEF: InitializeIPDv05p4 intro {ES}:! ! --- Array::log() start -----------------------------------
20260908 003942.993 INFO             PET2       ABC-TO-DEF: InitializeIPDv05p4 intro {ES}:! ! 0xfd42a0
20260908 003942.993 INFO             PET2       ABC-TO-DEF: InitializeIPDv05p4 intro {ES}:! ! <name: sea_surface_height_above_sea_level>
20260908 003942.993 INFO             PET2       ABC-TO-DEF: InitializeIPDv05p4 intro {ES}:! ! ! --- DistGrid::log() start --------------------------------
20260908 003942.993 INFO             PET2       ABC-TO-DEF: InitializeIPDv05p4 intro {ES}:! ! ! 0xfc1d80
20260908 003942.993 INFO             PET2       ABC-TO-DEF: InitializeIPDv05p4 intro {ES}:! ! ! DistGrid object is valid!<name: DG-global-sloc:0>
20260908 003942.993 INFO             PET2       ABC-TO-DEF: InitializeIPDv05p4 intro {ES}:! ! ! --- DistGrid::log() end ----------------------------------
20260908 003942.993 INFO             PET2       ABC-TO-DEF: InitializeIPDv05p4 intro {ES}:! ! --- Array::log() end -------------------------------------
20260908 003942.993 INFO             PET2       ABC-TO-DEF: InitializeIPDv05p4 intro {ES}:!--- FieldLog() end -------------------
20260908 003942.993 INFO             PET2       ABC-TO-DEF: InitializeIPDv05p4 intro {ES}:+-<item: 0002> <itemType: Field> <itemName: sea_surface_temperature>
20260908 003942.993 INFO             PET2       ABC-TO-DEF: InitializeIPDv05p4 intro {ES}:!--- FieldLog() start -----------------
20260908 003942.993 INFO             PET2       ABC-TO-DEF: InitializeIPDv05p4 intro {ES}:! <name: sea_surface_temperature> <fieldStatus: ESMF_FIELDSTATUS_COMPLETE>
20260908 003942.993 INFO             PET2       ABC-TO-DEF: InitializeIPDv05p4 intro {ES}:! 0x7ffcb7371d10 => 0xfc7730 => 0xfc7a80
20260908 003942.993 INFO             PET2       ABC-TO-DEF: InitializeIPDv05p4 intro {ES}:! <typekind: Real*4> <rank:    2> <dimCount:    2>
20260908 003942.993 INFO             PET2       ABC-TO-DEF: InitializeIPDv05p4 intro {ES}:! ! --- Array::log() start -----------------------------------
20260908 003942.993 INFO             PET2       ABC-TO-DEF: InitializeIPDv05p4 intro {ES}:! ! 0xfcd010
20260908 003942.993 INFO             PET2       ABC-TO-DEF: InitializeIPDv05p4 intro {ES}:! ! <name: sea_surface_temperature>
20260908 003942.993 INFO             PET2       ABC-TO-DEF: InitializeIPDv05p4 intro {ES}:! ! ! --- DistGrid::log() start --------------------------------
20260908 003942.993 INFO             PET2       ABC-TO-DEF: InitializeIPDv05p4 intro {ES}:! ! ! 0xfc1d80
20260908 003942.993 INFO             PET2       ABC-TO-DEF: InitializeIPDv05p4 intro {ES}:! ! ! DistGrid object is valid!<name: DG-global-sloc:0>
20260908 003942.994 INFO             PET2       ABC-TO-DEF: InitializeIPDv05p4 intro {ES}:! ! ! --- DistGrid::log() end ----------------------------------
20260908 003942.994 INFO             PET2       ABC-TO-DEF: InitializeIPDv05p4 intro {ES}:! ! --- Array::log() end -------------------------------------
20260908 003942.994 INFO             PET2       ABC-TO-DEF: InitializeIPDv05p4 intro {ES}:!--- FieldLog() end -------------------
20260908 003942.994 INFO             PET2       ABC-TO-DEF: InitializeIPDv05p4 intro {ES}:--- StateLog() end -------------------
20260908 003942.994 INFO             PET2       ABC-TO-DEF: handle cplList(1): sea_surface_height_above_sea_level, cplSetList(1): __UNSPECIFIED__
20260908 003942.994 INFO             PET2       ABC-TO-DEF: - nothing shared or transferred
20260908 003942.995 INFO             PET2       ABC-TO-DEF: handle cplList(2): sea_surface_temperature, cplSetList(2): __UNSPECIFIED__
20260908 003942.995 INFO             PET2       ABC-TO-DEF: - nothing shared or transferred
20260908 003942.995 INFO             PET2       ABC-TO-DEF: InitializeIPDv05p4 extro {IS}:--- StateLog() start -----------------
20260908 003942.995 INFO             PET2       ABC-TO-DEF: InitializeIPDv05p4 extro {IS}:<name: ABC-ExportState> <intent: ESMF_STATEINTENT_EXPORT> <itemCount:    2>
20260908 003942.995 INFO             PET2       ABC-TO-DEF: InitializeIPDv05p4 extro {IS}:+-<item: 0001> <itemType: Field> <itemName: sea_surface_height_above_sea_level>
20260908 003942.995 INFO             PET2       ABC-TO-DEF: InitializeIPDv05p4 extro {IS}:!--- FieldLog() start -----------------
20260908 003942.995 INFO             PET2       ABC-TO-DEF: InitializeIPDv05p4 extro {IS}:! <name: sea_surface_height_above_sea_level> <fieldStatus: ESMF_FIELDSTATUS_COMPLETE>
20260908 003942.995 INFO             PET2       ABC-TO-DEF: InitializeIPDv05p4 extro {IS}:! 0x7ffcb7372070 => 0xf7a620 => 0xf7a840
20260908 003942.995 INFO             PET2       ABC-TO-DEF: InitializeIPDv05p4 extro {IS}:! <typekind: Real*8> <rank:    2> <dimCount:    2>
20260908 003942.995 INFO             PET2       ABC-TO-DEF: InitializeIPDv05p4 extro {IS}:! ! --- Array::log() start -----------------------------------
20260908 003942.995 INFO             PET2       ABC-TO-DEF: InitializeIPDv05p4 extro {IS}:! ! 0xf7d900
20260908 003942.995 INFO             PET2       ABC-TO-DEF: InitializeIPDv05p4 extro {IS}:! ! <name: sea_surface_height_above_sea_level>
20260908 003942.995 INFO             PET2       ABC-TO-DEF: InitializeIPDv05p4 extro {IS}:! ! ! --- DistGrid::log() start --------------------------------
20260908 003942.995 INFO             PET2       ABC-TO-DEF: InitializeIPDv05p4 extro {IS}:! ! ! 0xf71c20
20260908 003942.995 INFO             PET2       ABC-TO-DEF: InitializeIPDv05p4 extro {IS}:! ! ! DistGrid object is valid!<name: DG-global-sloc:0>
20260908 003942.995 INFO             PET2       ABC-TO-DEF: InitializeIPDv05p4 extro {IS}:! ! ! --- DistGrid::log() end ----------------------------------
20260908 003942.995 INFO             PET2       ABC-TO-DEF: InitializeIPDv05p4 extro {IS}:! ! --- Array::log() end -------------------------------------
20260908 003942.995 INFO             PET2       ABC-TO-DEF: InitializeIPDv05p4 extro {IS}:!--- FieldLog() end -------------------
20260908 003942.995 INFO             PET2       ABC-TO-DEF: InitializeIPDv05p4 extro {IS}:+-<item: 0002> <itemType: Field> <itemName: sea_surface_temperature>
20260908 003942.995 INFO             PET2       ABC-TO-DEF: InitializeIPDv05p4 extro {IS}:!--- FieldLog() start -----------------
20260908 003942.995 INFO             PET2       ABC-TO-DEF: InitializeIPDv05p4 extro {IS}:! <name: sea_surface_temperature> <fieldStatus: ESMF_FIELDSTATUS_COMPLETE>
20260908 003942.995 INFO             PET2       ABC-TO-DEF: InitializeIPDv05p4 extro {IS}:! 0x7ffcb7372070 => 0xf75e50 => 0xf76190
20260908 003942.995 INFO             PET2       ABC-TO-DEF: InitializeIPDv05p4 extro {IS}:! <typekind: Real*8> <rank:    2> <dimCount:    2>
20260908 003942.995 INFO             PET2       ABC-TO-DEF: InitializeIPDv05p4 extro {IS}:! ! --- Array::log() start -----------------------------------
20260908 003942.995 INFO             PET2       ABC-TO-DEF: InitializeIPDv05p4 extro {IS}:! ! 0xf78d40
20260908 003942.995 INFO             PET2       ABC-TO-DEF: InitializeIPDv05p4 extro {IS}:! ! <name: sea_surface_temperature>
20260908 003942.995 INFO             PET2       ABC-TO-DEF: InitializeIPDv05p4 extro {IS}:! ! ! --- DistGrid::log() start --------------------------------
20260908 003942.995 INFO             PET2       ABC-TO-DEF: InitializeIPDv05p4 extro {IS}:! ! ! 0xf71c20
20260908 003942.995 INFO             PET2       ABC-TO-DEF: InitializeIPDv05p4 extro {IS}:! ! ! DistGrid object is valid!<name: DG-global-sloc:0>
20260908 003942.995 INFO             PET2       ABC-TO-DEF: InitializeIPDv05p4 extro {IS}:! ! ! --- DistGrid::log() end ----------------------------------
20260908 003942.995 INFO             PET2       ABC-TO-DEF: InitializeIPDv05p4 extro {IS}:! ! --- Array::log() end -------------------------------------
20260908 003942.995 INFO             PET2       ABC-TO-DEF: InitializeIPDv05p4 extro {IS}:!--- FieldLog() end -------------------
20260908 003942.995 INFO             PET2       ABC-TO-DEF: InitializeIPDv05p4 extro {IS}:--- StateLog() end -------------------
20260908 003942.995 INFO             PET2       ABC-TO-DEF: InitializeIPDv05p4 extro {ES}:--- StateLog() start -----------------
20260908 003942.995 INFO             PET2       ABC-TO-DEF: InitializeIPDv05p4 extro {ES}:<name: DEF-ImportState> <intent: ESMF_STATEINTENT_IMPORT> <itemCount:    2>
20260908 003942.995 INFO             PET2       ABC-TO-DEF: InitializeIPDv05p4 extro {ES}:+-<item: 0001> <itemType: Field> <itemName: sea_surface_height_above_sea_level>
20260908 003942.995 INFO             PET2       ABC-TO-DEF: InitializeIPDv05p4 extro {ES}:!--- FieldLog() start -----------------
20260908 003942.995 INFO             PET2       ABC-TO-DEF: InitializeIPDv05p4 extro {ES}:! <name: sea_surface_height_above_sea_level> <fieldStatus: ESMF_FIELDSTATUS_COMPLETE>
20260908 003942.995 INFO             PET2       ABC-TO-DEF: InitializeIPDv05p4 extro {ES}:! 0x7ffcb7372070 => 0xfcea30 => 0xfcec50
20260908 003942.995 INFO             PET2       ABC-TO-DEF: InitializeIPDv05p4 extro {ES}:! <typekind: Real*4> <rank:    2> <dimCount:    2>
20260908 003942.995 INFO             PET2       ABC-TO-DEF: InitializeIPDv05p4 extro {ES}:! ! --- Array::log() start -----------------------------------
20260908 003942.995 INFO             PET2       ABC-TO-DEF: InitializeIPDv05p4 extro {ES}:! ! 0xfd42a0
20260908 003942.995 INFO             PET2       ABC-TO-DEF: InitializeIPDv05p4 extro {ES}:! ! <name: sea_surface_height_above_sea_level>
20260908 003942.995 INFO             PET2       ABC-TO-DEF: InitializeIPDv05p4 extro {ES}:! ! ! --- DistGrid::log() start --------------------------------
20260908 003942.995 INFO             PET2       ABC-TO-DEF: InitializeIPDv05p4 extro {ES}:! ! ! 0xfc1d80
20260908 003942.995 INFO             PET2       ABC-TO-DEF: InitializeIPDv05p4 extro {ES}:! ! ! DistGrid object is valid!<name: DG-global-sloc:0>
20260908 003942.995 INFO             PET2       ABC-TO-DEF: InitializeIPDv05p4 extro {ES}:! ! ! --- DistGrid::log() end ----------------------------------
20260908 003942.995 INFO             PET2       ABC-TO-DEF: InitializeIPDv05p4 extro {ES}:! ! --- Array::log() end -------------------------------------
20260908 003942.995 INFO             PET2       ABC-TO-DEF: InitializeIPDv05p4 extro {ES}:!--- FieldLog() end -------------------
20260908 003942.995 INFO             PET2       ABC-TO-DEF: InitializeIPDv05p4 extro {ES}:+-<item: 0002> <itemType: Field> <itemName: sea_surface_temperature>
20260908 003942.996 INFO             PET2       ABC-TO-DEF: InitializeIPDv05p4 extro {ES}:!--- FieldLog() start -----------------
20260908 003942.996 INFO             PET2       ABC-TO-DEF: InitializeIPDv05p4 extro {ES}:! <name: sea_surface_temperature> <fieldStatus: ESMF_FIELDSTATUS_COMPLETE>
20260908 003942.996 INFO             PET2       ABC-TO-DEF: InitializeIPDv05p4 extro {ES}:! 0x7ffcb7372070 => 0xfc7730 => 0xfc7a80
20260908 003942.996 INFO             PET2       ABC-TO-DEF: InitializeIPDv05p4 extro {ES}:! <typekind: Real*4> <rank:    2> <dimCount:    2>
20260908 003942.996 INFO             PET2       ABC-TO-DEF: InitializeIPDv05p4 extro {ES}:! ! --- Array::log() start -----------------------------------
20260908 003942.996 INFO             PET2       ABC-TO-DEF: InitializeIPDv05p4 extro {ES}:! ! 0xfcd010
20260908 003942.996 INFO             PET2       ABC-TO-DEF: InitializeIPDv05p4 extro {ES}:! ! <name: sea_surface_temperature>
20260908 003942.996 INFO             PET2       ABC-TO-DEF: InitializeIPDv05p4 extro {ES}:! ! ! --- DistGrid::log() start --------------------------------
20260908 003942.996 INFO             PET2       ABC-TO-DEF: InitializeIPDv05p4 extro {ES}:! ! ! 0xfc1d80
20260908 003942.996 INFO             PET2       ABC-TO-DEF: InitializeIPDv05p4 extro {ES}:! ! ! DistGrid object is valid!<name: DG-global-sloc:0>
20260908 003942.996 INFO             PET2       ABC-TO-DEF: InitializeIPDv05p4 extro {ES}:! ! ! --- DistGrid::log() end ----------------------------------
20260908 003942.996 INFO             PET2       ABC-TO-DEF: InitializeIPDv05p4 extro {ES}:! ! --- Array::log() end -------------------------------------
20260908 003942.996 INFO             PET2       ABC-TO-DEF: InitializeIPDv05p4 extro {ES}:!--- FieldLog() end -------------------
20260908 003942.996 INFO             PET2       ABC-TO-DEF: InitializeIPDv05p4 extro {ES}:--- StateLog() end -------------------
20260908 003942.996 INFO             PET2     ABC-TO-DEF: InitializeIPDv05p4 extro.
20260908 003942.996 INFO             PET2     ABC-TO-DEF: InitializeIPDv05p5 intro.
20260908 003942.996 INFO             PET2       ABC-TO-DEF: InitializeIPDv05p5 intro {IS}:--- StateLog() start -----------------
20260908 003942.996 INFO             PET2       ABC-TO-DEF: InitializeIPDv05p5 intro {IS}:<name: ABC-ExportState> <intent: ESMF_STATEINTENT_EXPORT> <itemCount:    2>
20260908 003942.996 INFO             PET2       ABC-TO-DEF: InitializeIPDv05p5 intro {IS}:+-<item: 0001> <itemType: Field> <itemName: sea_surface_height_above_sea_level>
20260908 003942.996 INFO             PET2       ABC-TO-DEF: InitializeIPDv05p5 intro {IS}:!--- FieldLog() start -----------------
20260908 003942.996 INFO             PET2       ABC-TO-DEF: InitializeIPDv05p5 intro {IS}:! <name: sea_surface_height_above_sea_level> <fieldStatus: ESMF_FIELDSTATUS_COMPLETE>
20260908 003942.996 INFO             PET2       ABC-TO-DEF: InitializeIPDv05p5 intro {IS}:! 0x7ffcb7372330 => 0xf7a620 => 0xf7a840
20260908 003942.997 INFO             PET2       ABC-TO-DEF: InitializeIPDv05p5 intro {IS}:! <typekind: Real*8> <rank:    2> <dimCount:    2>
20260908 003942.997 INFO             PET2       ABC-TO-DEF: InitializeIPDv05p5 intro {IS}:! ! --- Array::log() start -----------------------------------
20260908 003942.997 INFO             PET2       ABC-TO-DEF: InitializeIPDv05p5 intro {IS}:! ! 0xf7d900
20260908 003942.997 INFO             PET2       ABC-TO-DEF: InitializeIPDv05p5 intro {IS}:! ! <name: sea_surface_height_above_sea_level>
20260908 003942.997 INFO             PET2       ABC-TO-DEF: InitializeIPDv05p5 intro {IS}:! ! ! --- DistGrid::log() start --------------------------------
20260908 003942.997 INFO             PET2       ABC-TO-DEF: InitializeIPDv05p5 intro {IS}:! ! ! 0xf71c20
20260908 003942.997 INFO             PET2       ABC-TO-DEF: InitializeIPDv05p5 intro {IS}:! ! ! DistGrid object is valid!<name: DG-global-sloc:0>
20260908 003942.997 INFO             PET2       ABC-TO-DEF: InitializeIPDv05p5 intro {IS}:! ! ! --- DistGrid::log() end ----------------------------------
20260908 003942.997 INFO             PET2       ABC-TO-DEF: InitializeIPDv05p5 intro {IS}:! ! --- Array::log() end -------------------------------------
20260908 003942.997 INFO             PET2       ABC-TO-DEF: InitializeIPDv05p5 intro {IS}:!--- FieldLog() end -------------------
20260908 003942.997 INFO             PET2       ABC-TO-DEF: InitializeIPDv05p5 intro {IS}:+-<item: 0002> <itemType: Field> <itemName: sea_surface_temperature>
20260908 003942.997 INFO             PET2       ABC-TO-DEF: InitializeIPDv05p5 intro {IS}:!--- FieldLog() start -----------------
20260908 003942.997 INFO             PET2       ABC-TO-DEF: InitializeIPDv05p5 intro {IS}:! <name: sea_surface_temperature> <fieldStatus: ESMF_FIELDSTATUS_COMPLETE>
20260908 003942.997 INFO             PET2       ABC-TO-DEF: InitializeIPDv05p5 intro {IS}:! 0x7ffcb7372330 => 0xf75e50 => 0xf76190
20260908 003942.997 INFO             PET2       ABC-TO-DEF: InitializeIPDv05p5 intro {IS}:! <typekind: Real*8> <rank:    2> <dimCount:    2>
20260908 003942.997 INFO             PET2       ABC-TO-DEF: InitializeIPDv05p5 intro {IS}:! ! --- Array::log() start -----------------------------------
20260908 003942.997 INFO             PET2       ABC-TO-DEF: InitializeIPDv05p5 intro {IS}:! ! 0xf78d40
20260908 003942.997 INFO             PET2       ABC-TO-DEF: InitializeIPDv05p5 intro {IS}:! ! <name: sea_surface_temperature>
20260908 003942.997 INFO             PET2       ABC-TO-DEF: InitializeIPDv05p5 intro {IS}:! ! ! --- DistGrid::log() start --------------------------------
20260908 003942.997 INFO             PET2       ABC-TO-DEF: InitializeIPDv05p5 intro {IS}:! ! ! 0xf71c20
20260908 003942.997 INFO             PET2       ABC-TO-DEF: InitializeIPDv05p5 intro {IS}:! ! ! DistGrid object is valid!<name: DG-global-sloc:0>
20260908 003942.997 INFO             PET2       ABC-TO-DEF: InitializeIPDv05p5 intro {IS}:! ! ! --- DistGrid::log() end ----------------------------------
20260908 003942.997 INFO             PET2       ABC-TO-DEF: InitializeIPDv05p5 intro {IS}:! ! --- Array::log() end -------------------------------------
20260908 003942.997 INFO             PET2       ABC-TO-DEF: InitializeIPDv05p5 intro {IS}:!--- FieldLog() end -------------------
20260908 003942.997 INFO             PET2       ABC-TO-DEF: InitializeIPDv05p5 intro {IS}:--- StateLog() end -------------------
20260908 003942.997 INFO             PET2       ABC-TO-DEF: InitializeIPDv05p5 intro {ES}:--- StateLog() start -----------------
20260908 003942.997 INFO             PET2       ABC-TO-DEF: InitializeIPDv05p5 intro {ES}:<name: DEF-ImportState> <intent: ESMF_STATEINTENT_IMPORT> <itemCount:    2>
20260908 003942.997 INFO             PET2       ABC-TO-DEF: InitializeIPDv05p5 intro {ES}:+-<item: 0001> <itemType: Field> <itemName: sea_surface_height_above_sea_level>
20260908 003942.997 INFO             PET2       ABC-TO-DEF: InitializeIPDv05p5 intro {ES}:!--- FieldLog() start -----------------
20260908 003942.997 INFO             PET2       ABC-TO-DEF: InitializeIPDv05p5 intro {ES}:! <name: sea_surface_height_above_sea_level> <fieldStatus: ESMF_FIELDSTATUS_COMPLETE>
20260908 003942.997 INFO             PET2       ABC-TO-DEF: InitializeIPDv05p5 intro {ES}:! 0x7ffcb7372330 => 0xfcea30 => 0xfcec50
20260908 003942.997 INFO             PET2       ABC-TO-DEF: InitializeIPDv05p5 intro {ES}:! <typekind: Real*4> <rank:    2> <dimCount:    2>
20260908 003942.997 INFO             PET2       ABC-TO-DEF: InitializeIPDv05p5 intro {ES}:! ! --- Array::log() start -----------------------------------
20260908 003942.997 INFO             PET2       ABC-TO-DEF: InitializeIPDv05p5 intro {ES}:! ! 0xfd42a0
20260908 003942.997 INFO             PET2       ABC-TO-DEF: InitializeIPDv05p5 intro {ES}:! ! <name: sea_surface_height_above_sea_level>
20260908 003942.997 INFO             PET2       ABC-TO-DEF: InitializeIPDv05p5 intro {ES}:! ! ! --- DistGrid::log() start --------------------------------
20260908 003942.997 INFO             PET2       ABC-TO-DEF: InitializeIPDv05p5 intro {ES}:! ! ! 0xfc1d80
20260908 003942.997 INFO             PET2       ABC-TO-DEF: InitializeIPDv05p5 intro {ES}:! ! ! DistGrid object is valid!<name: DG-global-sloc:0>
20260908 003942.997 INFO             PET2       ABC-TO-DEF: InitializeIPDv05p5 intro {ES}:! ! ! --- DistGrid::log() end ----------------------------------
20260908 003942.997 INFO             PET2       ABC-TO-DEF: InitializeIPDv05p5 intro {ES}:! ! --- Array::log() end -------------------------------------
20260908 003942.997 INFO             PET2       ABC-TO-DEF: InitializeIPDv05p5 intro {ES}:!--- FieldLog() end -------------------
20260908 003942.997 INFO             PET2       ABC-TO-DEF: InitializeIPDv05p5 intro {ES}:+-<item: 0002> <itemType: Field> <itemName: sea_surface_temperature>
20260908 003942.997 INFO             PET2       ABC-TO-DEF: InitializeIPDv05p5 intro {ES}:!--- FieldLog() start -----------------
20260908 003942.997 INFO             PET2       ABC-TO-DEF: InitializeIPDv05p5 intro {ES}:! <name: sea_surface_temperature> <fieldStatus: ESMF_FIELDSTATUS_COMPLETE>
20260908 003942.997 INFO             PET2       ABC-TO-DEF: InitializeIPDv05p5 intro {ES}:! 0x7ffcb7372330 => 0xfc7730 => 0xfc7a80
20260908 003942.997 INFO             PET2       ABC-TO-DEF: InitializeIPDv05p5 intro {ES}:! <typekind: Real*4> <rank:    2> <dimCount:    2>
20260908 003942.997 INFO             PET2       ABC-TO-DEF: InitializeIPDv05p5 intro {ES}:! ! --- Array::log() start -----------------------------------
20260908 003942.997 INFO             PET2       ABC-TO-DEF: InitializeIPDv05p5 intro {ES}:! ! 0xfcd010
20260908 003942.997 INFO             PET2       ABC-TO-DEF: InitializeIPDv05p5 intro {ES}:! ! <name: sea_surface_temperature>
20260908 003942.997 INFO             PET2       ABC-TO-DEF: InitializeIPDv05p5 intro {ES}:! ! ! --- DistGrid::log() start --------------------------------
20260908 003942.997 INFO             PET2       ABC-TO-DEF: InitializeIPDv05p5 intro {ES}:! ! ! 0xfc1d80
20260908 003942.997 INFO             PET2       ABC-TO-DEF: InitializeIPDv05p5 intro {ES}:! ! ! DistGrid object is valid!<name: DG-global-sloc:0>
20260908 003942.997 INFO             PET2       ABC-TO-DEF: InitializeIPDv05p5 intro {ES}:! ! ! --- DistGrid::log() end ----------------------------------
20260908 003942.997 INFO             PET2       ABC-TO-DEF: InitializeIPDv05p5 intro {ES}:! ! --- Array::log() end -------------------------------------
20260908 003942.997 INFO             PET2       ABC-TO-DEF: InitializeIPDv05p5 intro {ES}:!--- FieldLog() end -------------------
20260908 003942.998 INFO             PET2       ABC-TO-DEF: InitializeIPDv05p5 intro {ES}:--- StateLog() end -------------------
20260908 003942.998 INFO             PET2       ABC-TO-DEF: handle cplList(1): sea_surface_height_above_sea_level, cplSetList(1): __UNSPECIFIED__
20260908 003942.998 INFO             PET2       ABC-TO-DEF: - nothing shared or transferred, or may already be handled
20260908 003942.998 INFO             PET2       ABC-TO-DEF: handle cplList(2): sea_surface_temperature, cplSetList(2): __UNSPECIFIED__
20260908 003942.999 INFO             PET2       ABC-TO-DEF: - nothing shared or transferred, or may already be handled
20260908 003942.999 INFO             PET2       ABC-TO-DEF: InitializeIPDv05p5 extro {IS}:--- StateLog() start -----------------
20260908 003942.999 INFO             PET2       ABC-TO-DEF: InitializeIPDv05p5 extro {IS}:<name: ABC-ExportState> <intent: ESMF_STATEINTENT_EXPORT> <itemCount:    2>
20260908 003942.999 INFO             PET2       ABC-TO-DEF: InitializeIPDv05p5 extro {IS}:+-<item: 0001> <itemType: Field> <itemName: sea_surface_height_above_sea_level>
20260908 003942.999 INFO             PET2       ABC-TO-DEF: InitializeIPDv05p5 extro {IS}:!--- FieldLog() start -----------------
20260908 003942.999 INFO             PET2       ABC-TO-DEF: InitializeIPDv05p5 extro {IS}:! <name: sea_surface_height_above_sea_level> <fieldStatus: ESMF_FIELDSTATUS_COMPLETE>
20260908 003942.999 INFO             PET2       ABC-TO-DEF: InitializeIPDv05p5 extro {IS}:! 0x7ffcb7372690 => 0xf7a620 => 0xf7a840
20260908 003942.999 INFO             PET2       ABC-TO-DEF: InitializeIPDv05p5 extro {IS}:! <typekind: Real*8> <rank:    2> <dimCount:    2>
20260908 003942.999 INFO             PET2       ABC-TO-DEF: InitializeIPDv05p5 extro {IS}:! ! --- Array::log() start -----------------------------------
20260908 003942.999 INFO             PET2       ABC-TO-DEF: InitializeIPDv05p5 extro {IS}:! ! 0xf7d900
20260908 003942.999 INFO             PET2       ABC-TO-DEF: InitializeIPDv05p5 extro {IS}:! ! <name: sea_surface_height_above_sea_level>
20260908 003942.999 INFO             PET2       ABC-TO-DEF: InitializeIPDv05p5 extro {IS}:! ! ! --- DistGrid::log() start --------------------------------
20260908 003942.999 INFO             PET2       ABC-TO-DEF: InitializeIPDv05p5 extro {IS}:! ! ! 0xf71c20
20260908 003942.999 INFO             PET2       ABC-TO-DEF: InitializeIPDv05p5 extro {IS}:! ! ! DistGrid object is valid!<name: DG-global-sloc:0>
20260908 003942.999 INFO             PET2       ABC-TO-DEF: InitializeIPDv05p5 extro {IS}:! ! ! --- DistGrid::log() end ----------------------------------
20260908 003942.999 INFO             PET2       ABC-TO-DEF: InitializeIPDv05p5 extro {IS}:! ! --- Array::log() end -------------------------------------
20260908 003942.999 INFO             PET2       ABC-TO-DEF: InitializeIPDv05p5 extro {IS}:!--- FieldLog() end -------------------
20260908 003942.999 INFO             PET2       ABC-TO-DEF: InitializeIPDv05p5 extro {IS}:+-<item: 0002> <itemType: Field> <itemName: sea_surface_temperature>
20260908 003942.999 INFO             PET2       ABC-TO-DEF: InitializeIPDv05p5 extro {IS}:!--- FieldLog() start -----------------
20260908 003942.999 INFO             PET2       ABC-TO-DEF: InitializeIPDv05p5 extro {IS}:! <name: sea_surface_temperature> <fieldStatus: ESMF_FIELDSTATUS_COMPLETE>
20260908 003942.999 INFO             PET2       ABC-TO-DEF: InitializeIPDv05p5 extro {IS}:! 0x7ffcb7372690 => 0xf75e50 => 0xf76190
20260908 003942.999 INFO             PET2       ABC-TO-DEF: InitializeIPDv05p5 extro {IS}:! <typekind: Real*8> <rank:    2> <dimCount:    2>
20260908 003942.999 INFO             PET2       ABC-TO-DEF: InitializeIPDv05p5 extro {IS}:! ! --- Array::log() start -----------------------------------
20260908 003942.999 INFO             PET2       ABC-TO-DEF: InitializeIPDv05p5 extro {IS}:! ! 0xf78d40
20260908 003942.999 INFO             PET2       ABC-TO-DEF: InitializeIPDv05p5 extro {IS}:! ! <name: sea_surface_temperature>
20260908 003942.999 INFO             PET2       ABC-TO-DEF: InitializeIPDv05p5 extro {IS}:! ! ! --- DistGrid::log() start --------------------------------
20260908 003942.999 INFO             PET2       ABC-TO-DEF: InitializeIPDv05p5 extro {IS}:! ! ! 0xf71c20
20260908 003942.999 INFO             PET2       ABC-TO-DEF: InitializeIPDv05p5 extro {IS}:! ! ! DistGrid object is valid!<name: DG-global-sloc:0>
20260908 003942.999 INFO             PET2       ABC-TO-DEF: InitializeIPDv05p5 extro {IS}:! ! ! --- DistGrid::log() end ----------------------------------
20260908 003942.999 INFO             PET2       ABC-TO-DEF: InitializeIPDv05p5 extro {IS}:! ! --- Array::log() end -------------------------------------
20260908 003942.999 INFO             PET2       ABC-TO-DEF: InitializeIPDv05p5 extro {IS}:!--- FieldLog() end -------------------
20260908 003942.999 INFO             PET2       ABC-TO-DEF: InitializeIPDv05p5 extro {IS}:--- StateLog() end -------------------
20260908 003942.999 INFO             PET2       ABC-TO-DEF: InitializeIPDv05p5 extro {ES}:--- StateLog() start -----------------
20260908 003942.999 INFO             PET2       ABC-TO-DEF: InitializeIPDv05p5 extro {ES}:<name: DEF-ImportState> <intent: ESMF_STATEINTENT_IMPORT> <itemCount:    2>
20260908 003942.999 INFO             PET2       ABC-TO-DEF: InitializeIPDv05p5 extro {ES}:+-<item: 0001> <itemType: Field> <itemName: sea_surface_height_above_sea_level>
20260908 003942.999 INFO             PET2       ABC-TO-DEF: InitializeIPDv05p5 extro {ES}:!--- FieldLog() start -----------------
20260908 003942.999 INFO             PET2       ABC-TO-DEF: InitializeIPDv05p5 extro {ES}:! <name: sea_surface_height_above_sea_level> <fieldStatus: ESMF_FIELDSTATUS_COMPLETE>
20260908 003942.999 INFO             PET2       ABC-TO-DEF: InitializeIPDv05p5 extro {ES}:! 0x7ffcb7372690 => 0xfcea30 => 0xfcec50
20260908 003942.999 INFO             PET2       ABC-TO-DEF: InitializeIPDv05p5 extro {ES}:! <typekind: Real*4> <rank:    2> <dimCount:    2>
20260908 003942.999 INFO             PET2       ABC-TO-DEF: InitializeIPDv05p5 extro {ES}:! ! --- Array::log() start -----------------------------------
20260908 003942.999 INFO             PET2       ABC-TO-DEF: InitializeIPDv05p5 extro {ES}:! ! 0xfd42a0
20260908 003942.999 INFO             PET2       ABC-TO-DEF: InitializeIPDv05p5 extro {ES}:! ! <name: sea_surface_height_above_sea_level>
20260908 003942.999 INFO             PET2       ABC-TO-DEF: InitializeIPDv05p5 extro {ES}:! ! ! --- DistGrid::log() start --------------------------------
20260908 003942.999 INFO             PET2       ABC-TO-DEF: InitializeIPDv05p5 extro {ES}:! ! ! 0xfc1d80
20260908 003942.999 INFO             PET2       ABC-TO-DEF: InitializeIPDv05p5 extro {ES}:! ! ! DistGrid object is valid!<name: DG-global-sloc:0>
20260908 003942.999 INFO             PET2       ABC-TO-DEF: InitializeIPDv05p5 extro {ES}:! ! ! --- DistGrid::log() end ----------------------------------
20260908 003942.999 INFO             PET2       ABC-TO-DEF: InitializeIPDv05p5 extro {ES}:! ! --- Array::log() end -------------------------------------
20260908 003942.999 INFO             PET2       ABC-TO-DEF: InitializeIPDv05p5 extro {ES}:!--- FieldLog() end -------------------
20260908 003942.999 INFO             PET2       ABC-TO-DEF: InitializeIPDv05p5 extro {ES}:+-<item: 0002> <itemType: Field> <itemName: sea_surface_temperature>
20260908 003942.999 INFO             PET2       ABC-TO-DEF: InitializeIPDv05p5 extro {ES}:!--- FieldLog() start -----------------
20260908 003943.000 INFO             PET2       ABC-TO-DEF: InitializeIPDv05p5 extro {ES}:! <name: sea_surface_temperature> <fieldStatus: ESMF_FIELDSTATUS_COMPLETE>
20260908 003943.000 INFO             PET2       ABC-TO-DEF: InitializeIPDv05p5 extro {ES}:! 0x7ffcb7372690 => 0xfc7730 => 0xfc7a80
20260908 003943.000 INFO             PET2       ABC-TO-DEF: InitializeIPDv05p5 extro {ES}:! <typekind: Real*4> <rank:    2> <dimCount:    2>
20260908 003943.000 INFO             PET2       ABC-TO-DEF: InitializeIPDv05p5 extro {ES}:! ! --- Array::log() start -----------------------------------
20260908 003943.000 INFO             PET2       ABC-TO-DEF: InitializeIPDv05p5 extro {ES}:! ! 0xfcd010
20260908 003943.000 INFO             PET2       ABC-TO-DEF: InitializeIPDv05p5 extro {ES}:! ! <name: sea_surface_temperature>
20260908 003943.000 INFO             PET2       ABC-TO-DEF: InitializeIPDv05p5 extro {ES}:! ! ! --- DistGrid::log() start --------------------------------
20260908 003943.000 INFO             PET2       ABC-TO-DEF: InitializeIPDv05p5 extro {ES}:! ! ! 0xfc1d80
20260908 003943.000 INFO             PET2       ABC-TO-DEF: InitializeIPDv05p5 extro {ES}:! ! ! DistGrid object is valid!<name: DG-global-sloc:0>
20260908 003943.000 INFO             PET2       ABC-TO-DEF: InitializeIPDv05p5 extro {ES}:! ! ! --- DistGrid::log() end ----------------------------------
20260908 003943.000 INFO             PET2       ABC-TO-DEF: InitializeIPDv05p5 extro {ES}:! ! --- Array::log() end -------------------------------------
20260908 003943.000 INFO             PET2       ABC-TO-DEF: InitializeIPDv05p5 extro {ES}:!--- FieldLog() end -------------------
20260908 003943.000 INFO             PET2       ABC-TO-DEF: InitializeIPDv05p5 extro {ES}:--- StateLog() end -------------------
20260908 003943.000 INFO             PET2     ABC-TO-DEF: InitializeIPDv05p5 extro.
20260908 003943.000 INFO             PET2     ESMX_Driver: IInitRealize intro.
20260908 003943.000 INFO             PET2       ESMX_Driver: IInitRealize intro {IS}:--- StateLog() start -----------------
20260908 003943.000 INFO             PET2       ESMX_Driver: IInitRealize intro {IS}:State object is invalid! Not created or deleted!
20260908 003943.000 INFO             PET2       ESMX_Driver: IInitRealize intro {IS}:--- StateLog() end -------------------
20260908 003943.000 INFO             PET2       ESMX_Driver: IInitRealize intro {ES}:--- StateLog() start -----------------
20260908 003943.000 INFO             PET2       ESMX_Driver: IInitRealize intro {ES}:State object is invalid! Not created or deleted!
20260908 003943.000 INFO             PET2       ESMX_Driver: IInitRealize intro {ES}:--- StateLog() end -------------------
20260908 003943.000 INFO             PET2       >>>ESMX_Driver: entered Initialize (phase=<none>) with current time: 2012 10 24  8  0  0   0
20260908 003943.001 INFO             PET2       <<<ESMX_Driver: leaving Initialize (phase=<none>) with current time: 2012 10 24  8  0  0   0
20260908 003943.001 INFO             PET2       ESMX_Driver: IInitRealize extro {IS}:--- StateLog() start -----------------
20260908 003943.001 INFO             PET2       ESMX_Driver: IInitRealize extro {IS}:State object is invalid! Not created or deleted!
20260908 003943.001 INFO             PET2       ESMX_Driver: IInitRealize extro {IS}:--- StateLog() end -------------------
20260908 003943.001 INFO             PET2       ESMX_Driver: IInitRealize extro {ES}:--- StateLog() start -----------------
20260908 003943.001 INFO             PET2       ESMX_Driver: IInitRealize extro {ES}:State object is invalid! Not created or deleted!
20260908 003943.001 INFO             PET2       ESMX_Driver: IInitRealize extro {ES}:--- StateLog() end -------------------
20260908 003943.001 INFO             PET2     ESMX_Driver: IInitRealize extro.
20260908 003943.001 INFO             PET2     ABC-TO-DEF: InitializeIPDv05p6a intro.
20260908 003943.001 INFO             PET2       ABC-TO-DEF: InitializeIPDv05p6a intro {IS}:--- StateLog() start -----------------
20260908 003943.001 INFO             PET2       ABC-TO-DEF: InitializeIPDv05p6a intro {IS}:<name: ABC-ExportState> <intent: ESMF_STATEINTENT_EXPORT> <itemCount:    2>
20260908 003943.001 INFO             PET2       ABC-TO-DEF: InitializeIPDv05p6a intro {IS}:+-<item: 0001> <itemType: Field> <itemName: sea_surface_height_above_sea_level>
20260908 003943.001 INFO             PET2       ABC-TO-DEF: InitializeIPDv05p6a intro {IS}:!--- FieldLog() start -----------------
20260908 003943.001 INFO             PET2       ABC-TO-DEF: InitializeIPDv05p6a intro {IS}:! <name: sea_surface_height_above_sea_level> <fieldStatus: ESMF_FIELDSTATUS_COMPLETE>
20260908 003943.002 INFO             PET2       ABC-TO-DEF: InitializeIPDv05p6a intro {IS}:! 0x7ffcb7374550 => 0xf7a620 => 0xf7a840
20260908 003943.002 INFO             PET2       ABC-TO-DEF: InitializeIPDv05p6a intro {IS}:! <typekind: Real*8> <rank:    2> <dimCount:    2>
20260908 003943.002 INFO             PET2       ABC-TO-DEF: InitializeIPDv05p6a intro {IS}:! ! --- Array::log() start -----------------------------------
20260908 003943.002 INFO             PET2       ABC-TO-DEF: InitializeIPDv05p6a intro {IS}:! ! 0xf7d900
20260908 003943.002 INFO             PET2       ABC-TO-DEF: InitializeIPDv05p6a intro {IS}:! ! <name: sea_surface_height_above_sea_level>
20260908 003943.002 INFO             PET2       ABC-TO-DEF: InitializeIPDv05p6a intro {IS}:! ! ! --- DistGrid::log() start --------------------------------
20260908 003943.002 INFO             PET2       ABC-TO-DEF: InitializeIPDv05p6a intro {IS}:! ! ! 0xf71c20
20260908 003943.002 INFO             PET2       ABC-TO-DEF: InitializeIPDv05p6a intro {IS}:! ! ! DistGrid object is valid!<name: DG-global-sloc:0>
20260908 003943.002 INFO             PET2       ABC-TO-DEF: InitializeIPDv05p6a intro {IS}:! ! ! --- DistGrid::log() end ----------------------------------
20260908 003943.002 INFO             PET2       ABC-TO-DEF: InitializeIPDv05p6a intro {IS}:! ! --- Array::log() end -------------------------------------
20260908 003943.002 INFO             PET2       ABC-TO-DEF: InitializeIPDv05p6a intro {IS}:!--- FieldLog() end -------------------
20260908 003943.002 INFO             PET2       ABC-TO-DEF: InitializeIPDv05p6a intro {IS}:+-<item: 0002> <itemType: Field> <itemName: sea_surface_temperature>
20260908 003943.002 INFO             PET2       ABC-TO-DEF: InitializeIPDv05p6a intro {IS}:!--- FieldLog() start -----------------
20260908 003943.002 INFO             PET2       ABC-TO-DEF: InitializeIPDv05p6a intro {IS}:! <name: sea_surface_temperature> <fieldStatus: ESMF_FIELDSTATUS_COMPLETE>
20260908 003943.002 INFO             PET2       ABC-TO-DEF: InitializeIPDv05p6a intro {IS}:! 0x7ffcb7374550 => 0xf75e50 => 0xf76190
20260908 003943.002 INFO             PET2       ABC-TO-DEF: InitializeIPDv05p6a intro {IS}:! <typekind: Real*8> <rank:    2> <dimCount:    2>
20260908 003943.002 INFO             PET2       ABC-TO-DEF: InitializeIPDv05p6a intro {IS}:! ! --- Array::log() start -----------------------------------
20260908 003943.002 INFO             PET2       ABC-TO-DEF: InitializeIPDv05p6a intro {IS}:! ! 0xf78d40
20260908 003943.002 INFO             PET2       ABC-TO-DEF: InitializeIPDv05p6a intro {IS}:! ! <name: sea_surface_temperature>
20260908 003943.002 INFO             PET2       ABC-TO-DEF: InitializeIPDv05p6a intro {IS}:! ! ! --- DistGrid::log() start --------------------------------
20260908 003943.002 INFO             PET2       ABC-TO-DEF: InitializeIPDv05p6a intro {IS}:! ! ! 0xf71c20
20260908 003943.002 INFO             PET2       ABC-TO-DEF: InitializeIPDv05p6a intro {IS}:! ! ! DistGrid object is valid!<name: DG-global-sloc:0>
20260908 003943.002 INFO             PET2       ABC-TO-DEF: InitializeIPDv05p6a intro {IS}:! ! ! --- DistGrid::log() end ----------------------------------
20260908 003943.002 INFO             PET2       ABC-TO-DEF: InitializeIPDv05p6a intro {IS}:! ! --- Array::log() end -------------------------------------
20260908 003943.002 INFO             PET2       ABC-TO-DEF: InitializeIPDv05p6a intro {IS}:!--- FieldLog() end -------------------
20260908 003943.002 INFO             PET2       ABC-TO-DEF: InitializeIPDv05p6a intro {IS}:--- StateLog() end -------------------
20260908 003943.002 INFO             PET2       ABC-TO-DEF: InitializeIPDv05p6a intro {ES}:--- StateLog() start -----------------
20260908 003943.002 INFO             PET2       ABC-TO-DEF: InitializeIPDv05p6a intro {ES}:<name: DEF-ImportState> <intent: ESMF_STATEINTENT_IMPORT> <itemCount:    2>
20260908 003943.002 INFO             PET2       ABC-TO-DEF: InitializeIPDv05p6a intro {ES}:+-<item: 0001> <itemType: Field> <itemName: sea_surface_height_above_sea_level>
20260908 003943.002 INFO             PET2       ABC-TO-DEF: InitializeIPDv05p6a intro {ES}:!--- FieldLog() start -----------------
20260908 003943.002 INFO             PET2       ABC-TO-DEF: InitializeIPDv05p6a intro {ES}:! <name: sea_surface_height_above_sea_level> <fieldStatus: ESMF_FIELDSTATUS_COMPLETE>
20260908 003943.002 INFO             PET2       ABC-TO-DEF: InitializeIPDv05p6a intro {ES}:! 0x7ffcb7374550 => 0xfcea30 => 0xfcec50
20260908 003943.002 INFO             PET2       ABC-TO-DEF: InitializeIPDv05p6a intro {ES}:! <typekind: Real*4> <rank:    2> <dimCount:    2>
20260908 003943.002 INFO             PET2       ABC-TO-DEF: InitializeIPDv05p6a intro {ES}:! ! --- Array::log() start -----------------------------------
20260908 003943.002 INFO             PET2       ABC-TO-DEF: InitializeIPDv05p6a intro {ES}:! ! 0xfd42a0
20260908 003943.002 INFO             PET2       ABC-TO-DEF: InitializeIPDv05p6a intro {ES}:! ! <name: sea_surface_height_above_sea_level>
20260908 003943.002 INFO             PET2       ABC-TO-DEF: InitializeIPDv05p6a intro {ES}:! ! ! --- DistGrid::log() start --------------------------------
20260908 003943.002 INFO             PET2       ABC-TO-DEF: InitializeIPDv05p6a intro {ES}:! ! ! 0xfc1d80
20260908 003943.002 INFO             PET2       ABC-TO-DEF: InitializeIPDv05p6a intro {ES}:! ! ! DistGrid object is valid!<name: DG-global-sloc:0>
20260908 003943.002 INFO             PET2       ABC-TO-DEF: InitializeIPDv05p6a intro {ES}:! ! ! --- DistGrid::log() end ----------------------------------
20260908 003943.002 INFO             PET2       ABC-TO-DEF: InitializeIPDv05p6a intro {ES}:! ! --- Array::log() end -------------------------------------
20260908 003943.002 INFO             PET2       ABC-TO-DEF: InitializeIPDv05p6a intro {ES}:!--- FieldLog() end -------------------
20260908 003943.002 INFO             PET2       ABC-TO-DEF: InitializeIPDv05p6a intro {ES}:+-<item: 0002> <itemType: Field> <itemName: sea_surface_temperature>
20260908 003943.002 INFO             PET2       ABC-TO-DEF: InitializeIPDv05p6a intro {ES}:!--- FieldLog() start -----------------
20260908 003943.002 INFO             PET2       ABC-TO-DEF: InitializeIPDv05p6a intro {ES}:! <name: sea_surface_temperature> <fieldStatus: ESMF_FIELDSTATUS_COMPLETE>
20260908 003943.002 INFO             PET2       ABC-TO-DEF: InitializeIPDv05p6a intro {ES}:! 0x7ffcb7374550 => 0xfc7730 => 0xfc7a80
20260908 003943.002 INFO             PET2       ABC-TO-DEF: InitializeIPDv05p6a intro {ES}:! <typekind: Real*4> <rank:    2> <dimCount:    2>
20260908 003943.002 INFO             PET2       ABC-TO-DEF: InitializeIPDv05p6a intro {ES}:! ! --- Array::log() start -----------------------------------
20260908 003943.002 INFO             PET2       ABC-TO-DEF: InitializeIPDv05p6a intro {ES}:! ! 0xfcd010
20260908 003943.002 INFO             PET2       ABC-TO-DEF: InitializeIPDv05p6a intro {ES}:! ! <name: sea_surface_temperature>
20260908 003943.002 INFO             PET2       ABC-TO-DEF: InitializeIPDv05p6a intro {ES}:! ! ! --- DistGrid::log() start --------------------------------
20260908 003943.002 INFO             PET2       ABC-TO-DEF: InitializeIPDv05p6a intro {ES}:! ! ! 0xfc1d80
20260908 003943.002 INFO             PET2       ABC-TO-DEF: InitializeIPDv05p6a intro {ES}:! ! ! DistGrid object is valid!<name: DG-global-sloc:0>
20260908 003943.003 INFO             PET2       ABC-TO-DEF: InitializeIPDv05p6a intro {ES}:! ! ! --- DistGrid::log() end ----------------------------------
20260908 003943.003 INFO             PET2       ABC-TO-DEF: InitializeIPDv05p6a intro {ES}:! ! --- Array::log() end -------------------------------------
20260908 003943.003 INFO             PET2       ABC-TO-DEF: InitializeIPDv05p6a intro {ES}:!--- FieldLog() end -------------------
20260908 003943.003 INFO             PET2       ABC-TO-DEF: InitializeIPDv05p6a intro {ES}:--- StateLog() end -------------------
20260908 003943.003 INFO             PET2       ABC-TO-DEF: InitializeIPDv05p6a extro {IS}:--- StateLog() start -----------------
20260908 003943.003 INFO             PET2       ABC-TO-DEF: InitializeIPDv05p6a extro {IS}:<name: ABC-ExportState> <intent: ESMF_STATEINTENT_EXPORT> <itemCount:    2>
20260908 003943.003 INFO             PET2       ABC-TO-DEF: InitializeIPDv05p6a extro {IS}:+-<item: 0001> <itemType: Field> <itemName: sea_surface_height_above_sea_level>
20260908 003943.003 INFO             PET2       ABC-TO-DEF: InitializeIPDv05p6a extro {IS}:!--- FieldLog() start -----------------
20260908 003943.003 INFO             PET2       ABC-TO-DEF: InitializeIPDv05p6a extro {IS}:! <name: sea_surface_height_above_sea_level> <fieldStatus: ESMF_FIELDSTATUS_COMPLETE>
20260908 003943.003 INFO             PET2       ABC-TO-DEF: InitializeIPDv05p6a extro {IS}:! 0x7ffcb73748b0 => 0xf7a620 => 0xf7a840
20260908 003943.003 INFO             PET2       ABC-TO-DEF: InitializeIPDv05p6a extro {IS}:! <typekind: Real*8> <rank:    2> <dimCount:    2>
20260908 003943.003 INFO             PET2       ABC-TO-DEF: InitializeIPDv05p6a extro {IS}:! ! --- Array::log() start -----------------------------------
20260908 003943.003 INFO             PET2       ABC-TO-DEF: InitializeIPDv05p6a extro {IS}:! ! 0xf7d900
20260908 003943.003 INFO             PET2       ABC-TO-DEF: InitializeIPDv05p6a extro {IS}:! ! <name: sea_surface_height_above_sea_level>
20260908 003943.003 INFO             PET2       ABC-TO-DEF: InitializeIPDv05p6a extro {IS}:! ! ! --- DistGrid::log() start --------------------------------
20260908 003943.003 INFO             PET2       ABC-TO-DEF: InitializeIPDv05p6a extro {IS}:! ! ! 0xf71c20
20260908 003943.003 INFO             PET2       ABC-TO-DEF: InitializeIPDv05p6a extro {IS}:! ! ! DistGrid object is valid!<name: DG-global-sloc:0>
20260908 003943.003 INFO             PET2       ABC-TO-DEF: InitializeIPDv05p6a extro {IS}:! ! ! --- DistGrid::log() end ----------------------------------
20260908 003943.003 INFO             PET2       ABC-TO-DEF: InitializeIPDv05p6a extro {IS}:! ! --- Array::log() end -------------------------------------
20260908 003943.003 INFO             PET2       ABC-TO-DEF: InitializeIPDv05p6a extro {IS}:!--- FieldLog() end -------------------
20260908 003943.003 INFO             PET2       ABC-TO-DEF: InitializeIPDv05p6a extro {IS}:+-<item: 0002> <itemType: Field> <itemName: sea_surface_temperature>
20260908 003943.003 INFO             PET2       ABC-TO-DEF: InitializeIPDv05p6a extro {IS}:!--- FieldLog() start -----------------
20260908 003943.003 INFO             PET2       ABC-TO-DEF: InitializeIPDv05p6a extro {IS}:! <name: sea_surface_temperature> <fieldStatus: ESMF_FIELDSTATUS_COMPLETE>
20260908 003943.003 INFO             PET2       ABC-TO-DEF: InitializeIPDv05p6a extro {IS}:! 0x7ffcb73748b0 => 0xf75e50 => 0xf76190
20260908 003943.003 INFO             PET2       ABC-TO-DEF: InitializeIPDv05p6a extro {IS}:! <typekind: Real*8> <rank:    2> <dimCount:    2>
20260908 003943.003 INFO             PET2       ABC-TO-DEF: InitializeIPDv05p6a extro {IS}:! ! --- Array::log() start -----------------------------------
20260908 003943.003 INFO             PET2       ABC-TO-DEF: InitializeIPDv05p6a extro {IS}:! ! 0xf78d40
20260908 003943.003 INFO             PET2       ABC-TO-DEF: InitializeIPDv05p6a extro {IS}:! ! <name: sea_surface_temperature>
20260908 003943.003 INFO             PET2       ABC-TO-DEF: InitializeIPDv05p6a extro {IS}:! ! ! --- DistGrid::log() start --------------------------------
20260908 003943.003 INFO             PET2       ABC-TO-DEF: InitializeIPDv05p6a extro {IS}:! ! ! 0xf71c20
20260908 003943.003 INFO             PET2       ABC-TO-DEF: InitializeIPDv05p6a extro {IS}:! ! ! DistGrid object is valid!<name: DG-global-sloc:0>
20260908 003943.003 INFO             PET2       ABC-TO-DEF: InitializeIPDv05p6a extro {IS}:! ! ! --- DistGrid::log() end ----------------------------------
20260908 003943.003 INFO             PET2       ABC-TO-DEF: InitializeIPDv05p6a extro {IS}:! ! --- Array::log() end -------------------------------------
20260908 003943.003 INFO             PET2       ABC-TO-DEF: InitializeIPDv05p6a extro {IS}:!--- FieldLog() end -------------------
20260908 003943.003 INFO             PET2       ABC-TO-DEF: InitializeIPDv05p6a extro {IS}:--- StateLog() end -------------------
20260908 003943.003 INFO             PET2       ABC-TO-DEF: InitializeIPDv05p6a extro {ES}:--- StateLog() start -----------------
20260908 003943.003 INFO             PET2       ABC-TO-DEF: InitializeIPDv05p6a extro {ES}:<name: DEF-ImportState> <intent: ESMF_STATEINTENT_IMPORT> <itemCount:    2>
20260908 003943.003 INFO             PET2       ABC-TO-DEF: InitializeIPDv05p6a extro {ES}:+-<item: 0001> <itemType: Field> <itemName: sea_surface_height_above_sea_level>
20260908 003943.003 INFO             PET2       ABC-TO-DEF: InitializeIPDv05p6a extro {ES}:!--- FieldLog() start -----------------
20260908 003943.003 INFO             PET2       ABC-TO-DEF: InitializeIPDv05p6a extro {ES}:! <name: sea_surface_height_above_sea_level> <fieldStatus: ESMF_FIELDSTATUS_COMPLETE>
20260908 003943.003 INFO             PET2       ABC-TO-DEF: InitializeIPDv05p6a extro {ES}:! 0x7ffcb73748b0 => 0xfcea30 => 0xfcec50
20260908 003943.003 INFO             PET2       ABC-TO-DEF: InitializeIPDv05p6a extro {ES}:! <typekind: Real*4> <rank:    2> <dimCount:    2>
20260908 003943.003 INFO             PET2       ABC-TO-DEF: InitializeIPDv05p6a extro {ES}:! ! --- Array::log() start -----------------------------------
20260908 003943.003 INFO             PET2       ABC-TO-DEF: InitializeIPDv05p6a extro {ES}:! ! 0xfd42a0
20260908 003943.003 INFO             PET2       ABC-TO-DEF: InitializeIPDv05p6a extro {ES}:! ! <name: sea_surface_height_above_sea_level>
20260908 003943.003 INFO             PET2       ABC-TO-DEF: InitializeIPDv05p6a extro {ES}:! ! ! --- DistGrid::log() start --------------------------------
20260908 003943.003 INFO             PET2       ABC-TO-DEF: InitializeIPDv05p6a extro {ES}:! ! ! 0xfc1d80
20260908 003943.003 INFO             PET2       ABC-TO-DEF: InitializeIPDv05p6a extro {ES}:! ! ! DistGrid object is valid!<name: DG-global-sloc:0>
20260908 003943.004 INFO             PET2       ABC-TO-DEF: InitializeIPDv05p6a extro {ES}:! ! ! --- DistGrid::log() end ----------------------------------
20260908 003943.004 INFO             PET2       ABC-TO-DEF: InitializeIPDv05p6a extro {ES}:! ! --- Array::log() end -------------------------------------
20260908 003943.004 INFO             PET2       ABC-TO-DEF: InitializeIPDv05p6a extro {ES}:!--- FieldLog() end -------------------
20260908 003943.004 INFO             PET2       ABC-TO-DEF: InitializeIPDv05p6a extro {ES}:+-<item: 0002> <itemType: Field> <itemName: sea_surface_temperature>
20260908 003943.004 INFO             PET2       ABC-TO-DEF: InitializeIPDv05p6a extro {ES}:!--- FieldLog() start -----------------
20260908 003943.004 INFO             PET2       ABC-TO-DEF: InitializeIPDv05p6a extro {ES}:! <name: sea_surface_temperature> <fieldStatus: ESMF_FIELDSTATUS_COMPLETE>
20260908 003943.004 INFO             PET2       ABC-TO-DEF: InitializeIPDv05p6a extro {ES}:! 0x7ffcb73748b0 => 0xfc7730 => 0xfc7a80
20260908 003943.004 INFO             PET2       ABC-TO-DEF: InitializeIPDv05p6a extro {ES}:! <typekind: Real*4> <rank:    2> <dimCount:    2>
20260908 003943.004 INFO             PET2       ABC-TO-DEF: InitializeIPDv05p6a extro {ES}:! ! --- Array::log() start -----------------------------------
20260908 003943.004 INFO             PET2       ABC-TO-DEF: InitializeIPDv05p6a extro {ES}:! ! 0xfcd010
20260908 003943.004 INFO             PET2       ABC-TO-DEF: InitializeIPDv05p6a extro {ES}:! ! <name: sea_surface_temperature>
20260908 003943.004 INFO             PET2       ABC-TO-DEF: InitializeIPDv05p6a extro {ES}:! ! ! --- DistGrid::log() start --------------------------------
20260908 003943.004 INFO             PET2       ABC-TO-DEF: InitializeIPDv05p6a extro {ES}:! ! ! 0xfc1d80
20260908 003943.004 INFO             PET2       ABC-TO-DEF: InitializeIPDv05p6a extro {ES}:! ! ! DistGrid object is valid!<name: DG-global-sloc:0>
20260908 003943.004 INFO             PET2       ABC-TO-DEF: InitializeIPDv05p6a extro {ES}:! ! ! --- DistGrid::log() end ----------------------------------
20260908 003943.004 INFO             PET2       ABC-TO-DEF: InitializeIPDv05p6a extro {ES}:! ! --- Array::log() end -------------------------------------
20260908 003943.004 INFO             PET2       ABC-TO-DEF: InitializeIPDv05p6a extro {ES}:!--- FieldLog() end -------------------
20260908 003943.004 INFO             PET2       ABC-TO-DEF: InitializeIPDv05p6a extro {ES}:--- StateLog() end -------------------
20260908 003943.004 INFO             PET2     ABC-TO-DEF: InitializeIPDv05p6a extro.
20260908 003943.004 INFO             PET2     ABC-TO-DEF: InitializeIPDv05p6b intro.
20260908 003943.004 INFO             PET2       ABC-TO-DEF: InitializeIPDv05p6b intro {IS}:--- StateLog() start -----------------
20260908 003943.004 INFO             PET2       ABC-TO-DEF: InitializeIPDv05p6b intro {IS}:<name: ABC-ExportState> <intent: ESMF_STATEINTENT_EXPORT> <itemCount:    2>
20260908 003943.004 INFO             PET2       ABC-TO-DEF: InitializeIPDv05p6b intro {IS}:+-<item: 0001> <itemType: Field> <itemName: sea_surface_height_above_sea_level>
20260908 003943.004 INFO             PET2       ABC-TO-DEF: InitializeIPDv05p6b intro {IS}:!--- FieldLog() start -----------------
20260908 003943.004 INFO             PET2       ABC-TO-DEF: InitializeIPDv05p6b intro {IS}:! <name: sea_surface_height_above_sea_level> <fieldStatus: ESMF_FIELDSTATUS_COMPLETE>
20260908 003943.004 INFO             PET2       ABC-TO-DEF: InitializeIPDv05p6b intro {IS}:! 0x7ffcb7372f00 => 0xf7a620 => 0xf7a840
20260908 003943.004 INFO             PET2       ABC-TO-DEF: InitializeIPDv05p6b intro {IS}:! <typekind: Real*8> <rank:    2> <dimCount:    2>
20260908 003943.004 INFO             PET2       ABC-TO-DEF: InitializeIPDv05p6b intro {IS}:! ! --- Array::log() start -----------------------------------
20260908 003943.005 INFO             PET2       ABC-TO-DEF: InitializeIPDv05p6b intro {IS}:! ! 0xf7d900
20260908 003943.005 INFO             PET2       ABC-TO-DEF: InitializeIPDv05p6b intro {IS}:! ! <name: sea_surface_height_above_sea_level>
20260908 003943.005 INFO             PET2       ABC-TO-DEF: InitializeIPDv05p6b intro {IS}:! ! ! --- DistGrid::log() start --------------------------------
20260908 003943.005 INFO             PET2       ABC-TO-DEF: InitializeIPDv05p6b intro {IS}:! ! ! 0xf71c20
20260908 003943.005 INFO             PET2       ABC-TO-DEF: InitializeIPDv05p6b intro {IS}:! ! ! DistGrid object is valid!<name: DG-global-sloc:0>
20260908 003943.005 INFO             PET2       ABC-TO-DEF: InitializeIPDv05p6b intro {IS}:! ! ! --- DistGrid::log() end ----------------------------------
20260908 003943.005 INFO             PET2       ABC-TO-DEF: InitializeIPDv05p6b intro {IS}:! ! --- Array::log() end -------------------------------------
20260908 003943.005 INFO             PET2       ABC-TO-DEF: InitializeIPDv05p6b intro {IS}:!--- FieldLog() end -------------------
20260908 003943.005 INFO             PET2       ABC-TO-DEF: InitializeIPDv05p6b intro {IS}:+-<item: 0002> <itemType: Field> <itemName: sea_surface_temperature>
20260908 003943.005 INFO             PET2       ABC-TO-DEF: InitializeIPDv05p6b intro {IS}:!--- FieldLog() start -----------------
20260908 003943.005 INFO             PET2       ABC-TO-DEF: InitializeIPDv05p6b intro {IS}:! <name: sea_surface_temperature> <fieldStatus: ESMF_FIELDSTATUS_COMPLETE>
20260908 003943.005 INFO             PET2       ABC-TO-DEF: InitializeIPDv05p6b intro {IS}:! 0x7ffcb7372f00 => 0xf75e50 => 0xf76190
20260908 003943.005 INFO             PET2       ABC-TO-DEF: InitializeIPDv05p6b intro {IS}:! <typekind: Real*8> <rank:    2> <dimCount:    2>
20260908 003943.005 INFO             PET2       ABC-TO-DEF: InitializeIPDv05p6b intro {IS}:! ! --- Array::log() start -----------------------------------
20260908 003943.005 INFO             PET2       ABC-TO-DEF: InitializeIPDv05p6b intro {IS}:! ! 0xf78d40
20260908 003943.005 INFO             PET2       ABC-TO-DEF: InitializeIPDv05p6b intro {IS}:! ! <name: sea_surface_temperature>
20260908 003943.005 INFO             PET2       ABC-TO-DEF: InitializeIPDv05p6b intro {IS}:! ! ! --- DistGrid::log() start --------------------------------
20260908 003943.005 INFO             PET2       ABC-TO-DEF: InitializeIPDv05p6b intro {IS}:! ! ! 0xf71c20
20260908 003943.005 INFO             PET2       ABC-TO-DEF: InitializeIPDv05p6b intro {IS}:! ! ! DistGrid object is valid!<name: DG-global-sloc:0>
20260908 003943.005 INFO             PET2       ABC-TO-DEF: InitializeIPDv05p6b intro {IS}:! ! ! --- DistGrid::log() end ----------------------------------
20260908 003943.005 INFO             PET2       ABC-TO-DEF: InitializeIPDv05p6b intro {IS}:! ! --- Array::log() end -------------------------------------
20260908 003943.005 INFO             PET2       ABC-TO-DEF: InitializeIPDv05p6b intro {IS}:!--- FieldLog() end -------------------
20260908 003943.005 INFO             PET2       ABC-TO-DEF: InitializeIPDv05p6b intro {IS}:--- StateLog() end -------------------
20260908 003943.005 INFO             PET2       ABC-TO-DEF: InitializeIPDv05p6b intro {ES}:--- StateLog() start -----------------
20260908 003943.005 INFO             PET2       ABC-TO-DEF: InitializeIPDv05p6b intro {ES}:<name: DEF-ImportState> <intent: ESMF_STATEINTENT_IMPORT> <itemCount:    2>
20260908 003943.005 INFO             PET2       ABC-TO-DEF: InitializeIPDv05p6b intro {ES}:+-<item: 0001> <itemType: Field> <itemName: sea_surface_height_above_sea_level>
20260908 003943.005 INFO             PET2       ABC-TO-DEF: InitializeIPDv05p6b intro {ES}:!--- FieldLog() start -----------------
20260908 003943.005 INFO             PET2       ABC-TO-DEF: InitializeIPDv05p6b intro {ES}:! <name: sea_surface_height_above_sea_level> <fieldStatus: ESMF_FIELDSTATUS_COMPLETE>
20260908 003943.005 INFO             PET2       ABC-TO-DEF: InitializeIPDv05p6b intro {ES}:! 0x7ffcb7372f00 => 0xfcea30 => 0xfcec50
20260908 003943.005 INFO             PET2       ABC-TO-DEF: InitializeIPDv05p6b intro {ES}:! <typekind: Real*4> <rank:    2> <dimCount:    2>
20260908 003943.005 INFO             PET2       ABC-TO-DEF: InitializeIPDv05p6b intro {ES}:! ! --- Array::log() start -----------------------------------
20260908 003943.005 INFO             PET2       ABC-TO-DEF: InitializeIPDv05p6b intro {ES}:! ! 0xfd42a0
20260908 003943.005 INFO             PET2       ABC-TO-DEF: InitializeIPDv05p6b intro {ES}:! ! <name: sea_surface_height_above_sea_level>
20260908 003943.005 INFO             PET2       ABC-TO-DEF: InitializeIPDv05p6b intro {ES}:! ! ! --- DistGrid::log() start --------------------------------
20260908 003943.005 INFO             PET2       ABC-TO-DEF: InitializeIPDv05p6b intro {ES}:! ! ! 0xfc1d80
20260908 003943.005 INFO             PET2       ABC-TO-DEF: InitializeIPDv05p6b intro {ES}:! ! ! DistGrid object is valid!<name: DG-global-sloc:0>
20260908 003943.005 INFO             PET2       ABC-TO-DEF: InitializeIPDv05p6b intro {ES}:! ! ! --- DistGrid::log() end ----------------------------------
20260908 003943.005 INFO             PET2       ABC-TO-DEF: InitializeIPDv05p6b intro {ES}:! ! --- Array::log() end -------------------------------------
20260908 003943.005 INFO             PET2       ABC-TO-DEF: InitializeIPDv05p6b intro {ES}:!--- FieldLog() end -------------------
20260908 003943.005 INFO             PET2       ABC-TO-DEF: InitializeIPDv05p6b intro {ES}:+-<item: 0002> <itemType: Field> <itemName: sea_surface_temperature>
20260908 003943.005 INFO             PET2       ABC-TO-DEF: InitializeIPDv05p6b intro {ES}:!--- FieldLog() start -----------------
20260908 003943.005 INFO             PET2       ABC-TO-DEF: InitializeIPDv05p6b intro {ES}:! <name: sea_surface_temperature> <fieldStatus: ESMF_FIELDSTATUS_COMPLETE>
20260908 003943.005 INFO             PET2       ABC-TO-DEF: InitializeIPDv05p6b intro {ES}:! 0x7ffcb7372f00 => 0xfc7730 => 0xfc7a80
20260908 003943.005 INFO             PET2       ABC-TO-DEF: InitializeIPDv05p6b intro {ES}:! <typekind: Real*4> <rank:    2> <dimCount:    2>
20260908 003943.005 INFO             PET2       ABC-TO-DEF: InitializeIPDv05p6b intro {ES}:! ! --- Array::log() start -----------------------------------
20260908 003943.005 INFO             PET2       ABC-TO-DEF: InitializeIPDv05p6b intro {ES}:! ! 0xfcd010
20260908 003943.005 INFO             PET2       ABC-TO-DEF: InitializeIPDv05p6b intro {ES}:! ! <name: sea_surface_temperature>
20260908 003943.005 INFO             PET2       ABC-TO-DEF: InitializeIPDv05p6b intro {ES}:! ! ! --- DistGrid::log() start --------------------------------
20260908 003943.005 INFO             PET2       ABC-TO-DEF: InitializeIPDv05p6b intro {ES}:! ! ! 0xfc1d80
20260908 003943.005 INFO             PET2       ABC-TO-DEF: InitializeIPDv05p6b intro {ES}:! ! ! DistGrid object is valid!<name: DG-global-sloc:0>
20260908 003943.005 INFO             PET2       ABC-TO-DEF: InitializeIPDv05p6b intro {ES}:! ! ! --- DistGrid::log() end ----------------------------------
20260908 003943.005 INFO             PET2       ABC-TO-DEF: InitializeIPDv05p6b intro {ES}:! ! --- Array::log() end -------------------------------------
20260908 003943.005 INFO             PET2       ABC-TO-DEF: InitializeIPDv05p6b intro {ES}:!--- FieldLog() end -------------------
20260908 003943.005 INFO             PET2       ABC-TO-DEF: InitializeIPDv05p6b intro {ES}:--- StateLog() end -------------------
20260908 003943.006 INFO             PET2       ABC-TO-DEF: handle cplList(1): sea_surface_height_above_sea_level, cplSetList(1): __UNSPECIFIED__
20260908 003943.007 INFO             PET2       ABC-TO-DEF: - no Field sharing between import and export side: remap.
20260908 003943.007 INFO             PET2       ABC-TO-DEF: handle cplList(2): sea_surface_temperature, cplSetList(2): __UNSPECIFIED__
20260908 003943.007 INFO             PET2       ABC-TO-DEF: - no Field sharing between import and export side: remap.
20260908 003943.008 DEBUG            PET2       ESMF_FieldBundleRegridStorePair(): srcField: sea_surface_height_above_sea_level dimCount= 2 rank= 2
20260908 003943.008 DEBUG            PET2       ESMF_FieldBundleRegridStorePair(): dstField: sea_surface_height_above_sea_level dimCount= 2 rank= 2
20260908 003943.008 DEBUG            PET2       ESMF_FieldBundleRegridStorePair(): Inside 'rhReuse' branch!
20260908 003943.008 DEBUG            PET2       ESMF_FieldBundleRegridStorePair(): srcGeomtype==ESMF_GEOMTYPE_GRID dimCount= 2
20260908 003943.008 DEBUG            PET2       ESMF_FieldBundleRegridStorePair(): dstGeomtype==ESMF_GEOMTYPE_GRID dimCount= 2
20260908 003943.008 DEBUG            PET2       ESMF_FieldBundleRegridStorePair(): no rhListMatch -> pre-compute new remapping!
20260908 003943.008 DEBUG            PET2       ESMF_FieldBundleRegridStorePair(): must precompute full regridding!
20260908 003942.397 INFO             PET3 !!!!!!!!!!!!!!!!!!!!!!!!!!!!!!!!!!!!!!!!!!!!!!!!!!!!!!
20260908 003942.397 INFO             PET3 !!! THE ESMF_LOG IS SET TO OUTPUT ALL LOG MESSAGES !!!
20260908 003942.397 INFO             PET3 !!!     THIS MAY CAUSE SLOWDOWN IN PERFORMANCE     !!!
20260908 003942.397 INFO             PET3 !!! FOR PRODUCTION RUNS, USE:                      !!!
20260908 003942.397 INFO             PET3 !!!                   ESMF_LOGKIND_Multi_On_Error  !!!
20260908 003942.397 INFO             PET3 !!!!!!!!!!!!!!!!!!!!!!!!!!!!!!!!!!!!!!!!!!!!!!!!!!!!!!
20260908 003942.397 INFO             PET3 Running with ESMF Version   : feature/esmx-cmake+gdd1288b46b
20260908 003942.397 INFO             PET3 ESMF library build date/time: "Sep  7 2026" "23:35:08"
20260908 003942.397 INFO             PET3 ESMF library build location : /scratch3/NCEPDEV/stmp/Gerhard.Theurich/ESMF-Nightly-Testing-Hera/gfortran_13.2.0_openmpi_g_feature_esmx-cmake/esmf
20260908 003942.397 INFO             PET3 ESMF_COMM                   : openmpi
20260908 003942.398 INFO             PET3 ESMF_MOAB                   : enabled
20260908 003942.398 INFO             PET3 ESMF_LAPACK                 : enabled
20260908 003942.398 INFO             PET3 ESMF_NETCDF                 : disabled
20260908 003942.398 INFO             PET3 ESMF_PNETCDF                : disabled
20260908 003942.398 INFO             PET3 ESMF_PIO                    : disabled
20260908 003942.398 INFO             PET3 ESMF_YAMLCPP                : enabled
20260908 003942.402 INFO             PET3 ESMF Profiling Enabled
20260908 003942.402 INFO             PET3 ESMF Trace/Profile clock: REALTIME
20260908 003942.438 INFO             PET3 =============================================
20260908 003942.438 INFO             PET3 ESMX (Earth System Model eXecutable) STARTING
20260908 003942.438 INFO             PET3 =============================================
20260908 003942.600 DEBUG            PET3 Generic SetVM() is executing for: ESMX_Driver
20260908 003942.600 DEBUG            PET3 Generic SetVM() found no NUOPC Hint for: ESMX_Driver
20260908 003942.600 DEBUG            PET3 Generic SetVM() therefore is NOT calling ESMF_GridCompSetVMMaxPEs() for: ESMX_Driver
20260908 003942.642 INFO             PET3 ESMX_Driver: InitializeGeneric intro.
20260908 003942.642 INFO             PET3   ESMX_Driver: InitializeGeneric intro {IS}:--- StateLog() start -----------------
20260908 003942.642 INFO             PET3   ESMX_Driver: InitializeGeneric intro {IS}:State object is invalid! Not created or deleted!
20260908 003942.642 INFO             PET3   ESMX_Driver: InitializeGeneric intro {IS}:--- StateLog() end -------------------
20260908 003942.642 INFO             PET3   ESMX_Driver: InitializeGeneric intro {ES}:--- StateLog() start -----------------
20260908 003942.642 INFO             PET3   ESMX_Driver: InitializeGeneric intro {ES}:State object is invalid! Not created or deleted!
20260908 003942.642 INFO             PET3   ESMX_Driver: InitializeGeneric intro {ES}:--- StateLog() end -------------------
20260908 003942.642 INFO             PET3   >>>ESMX_Driver: entered Initialize (phase=<none>) without valid internal Clock.
20260908 003942.642 INFO             PET3   ESMX_Driver: InitializeP0 intro.
20260908 003942.642 INFO             PET3     ESMX_Driver: InitializeP0 intro {IS}:--- StateLog() start -----------------
20260908 003942.642 INFO             PET3     ESMX_Driver: InitializeP0 intro {IS}:State object is invalid! Not created or deleted!
20260908 003942.642 INFO             PET3     ESMX_Driver: InitializeP0 intro {IS}:--- StateLog() end -------------------
20260908 003942.642 INFO             PET3     ESMX_Driver: InitializeP0 intro {ES}:--- StateLog() start -----------------
20260908 003942.643 INFO             PET3     ESMX_Driver: InitializeP0 intro {ES}:State object is invalid! Not created or deleted!
20260908 003942.643 INFO             PET3     ESMX_Driver: InitializeP0 intro {ES}:--- StateLog() end -------------------
20260908 003942.643 INFO             PET3     >>>ESMX_Driver: entered Initialize (phase=<none>) without valid internal Clock.
20260908 003942.643 INFO             PET3     <<<ESMX_Driver: leaving Initialize (phase=<none>) without valid internal Clock.
20260908 003942.643 INFO             PET3     ESMX_Driver: InitializeP0 extro {IS}:--- StateLog() start -----------------
20260908 003942.643 INFO             PET3     ESMX_Driver: InitializeP0 extro {IS}:State object is invalid! Not created or deleted!
20260908 003942.643 INFO             PET3     ESMX_Driver: InitializeP0 extro {IS}:--- StateLog() end -------------------
20260908 003942.643 INFO             PET3     ESMX_Driver: InitializeP0 extro {ES}:--- StateLog() start -----------------
20260908 003942.643 INFO             PET3     ESMX_Driver: InitializeP0 extro {ES}:State object is invalid! Not created or deleted!
20260908 003942.643 INFO             PET3     ESMX_Driver: InitializeP0 extro {ES}:--- StateLog() end -------------------
20260908 003942.643 INFO             PET3   ESMX_Driver: InitializeP0 extro.
20260908 003942.643 INFO             PET3   ESMX_Driver: InitializeIPDv02p1 intro.
20260908 003942.643 INFO             PET3     ESMX_Driver: InitializeIPDv02p1 intro {IS}:--- StateLog() start -----------------
20260908 003942.643 INFO             PET3     ESMX_Driver: InitializeIPDv02p1 intro {IS}:State object is invalid! Not created or deleted!
20260908 003942.643 INFO             PET3     ESMX_Driver: InitializeIPDv02p1 intro {IS}:--- StateLog() end -------------------
20260908 003942.643 INFO             PET3     ESMX_Driver: InitializeIPDv02p1 intro {ES}:--- StateLog() start -----------------
20260908 003942.643 INFO             PET3     ESMX_Driver: InitializeIPDv02p1 intro {ES}:State object is invalid! Not created or deleted!
20260908 003942.643 INFO             PET3     ESMX_Driver: InitializeIPDv02p1 intro {ES}:--- StateLog() end -------------------
20260908 003942.643 INFO             PET3     >>>ESMX_Driver: entered Initialize (phase=<none>) without valid internal Clock.
20260908 003942.718 INFO             PET3     ESMX_Driver - Creating model component ABC without petList.
20260908 003942.718 DEBUG            PET3     Generic SetVM() is executing for: ABC
20260908 003942.718 DEBUG            PET3     Generic SetVM() found no NUOPC Hint for: ABC
20260908 003942.718 DEBUG            PET3     Generic SetVM() therefore is NOT calling ESMF_GridCompSetVMMaxPEs() for: ABC
20260908 003942.824 INFO             PET3     ESMX_Driver - Creating model component DEF without petList.
20260908 003942.824 DEBUG            PET3     Generic SetVM() is executing for: DEF
20260908 003942.824 DEBUG            PET3     Generic SetVM() found no NUOPC Hint for: DEF
20260908 003942.824 DEBUG            PET3     Generic SetVM() therefore is NOT calling ESMF_GridCompSetVMMaxPEs() for: DEF
20260908 003942.887 INFO             PET3     ESMX_Driver - Creating state: modelComp 1 Import State
20260908 003942.887 INFO             PET3     ESMX_Driver - Creating state: modelComp 1 Export State
20260908 003942.888 INFO             PET3     ESMX_Driver - Creating state: modelComp 2 Import State
20260908 003942.888 INFO             PET3     ESMX_Driver - Creating state: modelComp 2 Export State
20260908 003942.890 INFO             PET3     ABC: InitializeP0 intro.
20260908 003942.890 INFO             PET3       ABC: InitializeP0 intro {IS}:--- StateLog() start -----------------
20260908 003942.890 INFO             PET3       ABC: InitializeP0 intro {IS}:<name: ABC-ImportState> <intent: ESMF_STATEINTENT_IMPORT> <itemCount:    0>
20260908 003942.890 INFO             PET3       ABC: InitializeP0 intro {IS}:--- StateLog() end -------------------
20260908 003942.890 INFO             PET3       ABC: InitializeP0 intro {ES}:--- StateLog() start -----------------
20260908 003942.890 INFO             PET3       ABC: InitializeP0 intro {ES}:<name: ABC-ExportState> <intent: ESMF_STATEINTENT_EXPORT> <itemCount:    0>
20260908 003942.890 INFO             PET3       ABC: InitializeP0 intro {ES}:--- StateLog() end -------------------
20260908 003942.891 INFO             PET3       >>>ABC: entered Initialize (phase=<none>) without valid internal Clock.
20260908 003942.893 INFO             PET3       <<<ABC: leaving Initialize (phase=<none>) without valid internal Clock.
20260908 003942.893 INFO             PET3       ABC: InitializeP0 extro {IS}:--- StateLog() start -----------------
20260908 003942.893 INFO             PET3       ABC: InitializeP0 extro {IS}:<name: ABC-ImportState> <intent: ESMF_STATEINTENT_IMPORT> <itemCount:    0>
20260908 003942.893 INFO             PET3       ABC: InitializeP0 extro {IS}:--- StateLog() end -------------------
20260908 003942.893 INFO             PET3       ABC: InitializeP0 extro {ES}:--- StateLog() start -----------------
20260908 003942.893 INFO             PET3       ABC: InitializeP0 extro {ES}:<name: ABC-ExportState> <intent: ESMF_STATEINTENT_EXPORT> <itemCount:    0>
20260908 003942.893 INFO             PET3       ABC: InitializeP0 extro {ES}:--- StateLog() end -------------------
20260908 003942.893 INFO             PET3     ABC: InitializeP0 extro.
20260908 003942.894 INFO             PET3     DEF: InitializeP0 intro.
20260908 003942.894 INFO             PET3       DEF: InitializeP0 intro {IS}:--- StateLog() start -----------------
20260908 003942.894 INFO             PET3       DEF: InitializeP0 intro {IS}:<name: DEF-ImportState> <intent: ESMF_STATEINTENT_IMPORT> <itemCount:    0>
20260908 003942.894 INFO             PET3       DEF: InitializeP0 intro {IS}:--- StateLog() end -------------------
20260908 003942.894 INFO             PET3       DEF: InitializeP0 intro {ES}:--- StateLog() start -----------------
20260908 003942.894 INFO             PET3       DEF: InitializeP0 intro {ES}:<name: DEF-ExportState> <intent: ESMF_STATEINTENT_EXPORT> <itemCount:    0>
20260908 003942.894 INFO             PET3       DEF: InitializeP0 intro {ES}:--- StateLog() end -------------------
20260908 003942.894 INFO             PET3       >>>DEF: entered Initialize (phase=<none>) without valid internal Clock.
20260908 003942.897 INFO             PET3       <<<DEF: leaving Initialize (phase=<none>) without valid internal Clock.
20260908 003942.897 INFO             PET3       DEF: InitializeP0 extro {IS}:--- StateLog() start -----------------
20260908 003942.897 INFO             PET3       DEF: InitializeP0 extro {IS}:<name: DEF-ImportState> <intent: ESMF_STATEINTENT_IMPORT> <itemCount:    0>
20260908 003942.897 INFO             PET3       DEF: InitializeP0 extro {IS}:--- StateLog() end -------------------
20260908 003942.897 INFO             PET3       DEF: InitializeP0 extro {ES}:--- StateLog() start -----------------
20260908 003942.897 INFO             PET3       DEF: InitializeP0 extro {ES}:<name: DEF-ExportState> <intent: ESMF_STATEINTENT_EXPORT> <itemCount:    0>
20260908 003942.897 INFO             PET3       DEF: InitializeP0 extro {ES}:--- StateLog() end -------------------
20260908 003942.897 INFO             PET3     DEF: InitializeP0 extro.
20260908 003942.934 INFO             PET3     ESMX_Driver - Creating connector component ABC-TO-DEF without petList.
20260908 003942.950 INFO             PET3     ESMX_Driver - Setting Verbosity on created component to: high
20260908 003942.950 INFO             PET3     ESMX_Driver - Setting Profiling on created component to:          0
20260908 003942.953 INFO             PET3     ESMX_Driver: IInitAdvertise intro.
20260908 003942.953 INFO             PET3       ESMX_Driver: IInitAdvertise intro {IS}:--- StateLog() start -----------------
20260908 003942.953 INFO             PET3       ESMX_Driver: IInitAdvertise intro {IS}:State object is invalid! Not created or deleted!
20260908 003942.953 INFO             PET3       ESMX_Driver: IInitAdvertise intro {IS}:--- StateLog() end -------------------
20260908 003942.953 INFO             PET3       ESMX_Driver: IInitAdvertise intro {ES}:--- StateLog() start -----------------
20260908 003942.953 INFO             PET3       ESMX_Driver: IInitAdvertise intro {ES}:State object is invalid! Not created or deleted!
20260908 003942.953 INFO             PET3       ESMX_Driver: IInitAdvertise intro {ES}:--- StateLog() end -------------------
20260908 003942.953 INFO             PET3       >>>ESMX_Driver: entered Initialize (phase=<none>) with current time: 2012 10 24  8  0  0   0
20260908 003942.954 INFO             PET3       <<<ESMX_Driver: leaving Initialize (phase=<none>) with current time: 2012 10 24  8  0  0   0
20260908 003942.954 INFO             PET3       ESMX_Driver: IInitAdvertise extro {IS}:--- StateLog() start -----------------
20260908 003942.954 INFO             PET3       ESMX_Driver: IInitAdvertise extro {IS}:State object is invalid! Not created or deleted!
20260908 003942.954 INFO             PET3       ESMX_Driver: IInitAdvertise extro {IS}:--- StateLog() end -------------------
20260908 003942.954 INFO             PET3       ESMX_Driver: IInitAdvertise extro {ES}:--- StateLog() start -----------------
20260908 003942.954 INFO             PET3       ESMX_Driver: IInitAdvertise extro {ES}:State object is invalid! Not created or deleted!
20260908 003942.954 INFO             PET3       ESMX_Driver: IInitAdvertise extro {ES}:--- StateLog() end -------------------
20260908 003942.954 INFO             PET3     ESMX_Driver: IInitAdvertise extro.
20260908 003942.954 INFO             PET3     ABC: InitializeIPDvXp01 intro.
20260908 003942.954 INFO             PET3       ABC: InitializeIPDvXp01 intro {IS}:--- StateLog() start -----------------
20260908 003942.954 INFO             PET3       ABC: InitializeIPDvXp01 intro {IS}:<name: ABC-ImportState> <intent: ESMF_STATEINTENT_IMPORT> <itemCount:    0>
20260908 003942.954 INFO             PET3       ABC: InitializeIPDvXp01 intro {IS}:--- StateLog() end -------------------
20260908 003942.954 INFO             PET3       ABC: InitializeIPDvXp01 intro {ES}:--- StateLog() start -----------------
20260908 003942.954 INFO             PET3       ABC: InitializeIPDvXp01 intro {ES}:<name: ABC-ExportState> <intent: ESMF_STATEINTENT_EXPORT> <itemCount:    0>
20260908 003942.954 INFO             PET3       ABC: InitializeIPDvXp01 intro {ES}:--- StateLog() end -------------------
20260908 003942.954 INFO             PET3       >>>ABC: entered Initialize (phase=IPDvXp01) without valid internal Clock.
20260908 003942.958 INFO             PET3       <<<ABC: leaving Initialize (phase=IPDvXp01) without valid internal Clock.
20260908 003942.958 INFO             PET3       ABC: InitializeIPDvXp01 extro {IS}:--- StateLog() start -----------------
20260908 003942.958 INFO             PET3       ABC: InitializeIPDvXp01 extro {IS}:<name: ABC-ImportState> <intent: ESMF_STATEINTENT_IMPORT> <itemCount:    0>
20260908 003942.958 INFO             PET3       ABC: InitializeIPDvXp01 extro {IS}:--- StateLog() end -------------------
20260908 003942.958 INFO             PET3       ABC: InitializeIPDvXp01 extro {ES}:--- StateLog() start -----------------
20260908 003942.958 INFO             PET3       ABC: InitializeIPDvXp01 extro {ES}:<name: ABC-ExportState> <intent: ESMF_STATEINTENT_EXPORT> <itemCount:    2>
20260908 003942.958 INFO             PET3       ABC: InitializeIPDvXp01 extro {ES}:+-<item: 0001> <itemType: Field> <itemName: sea_surface_height_above_sea_level>
20260908 003942.958 INFO             PET3       ABC: InitializeIPDvXp01 extro {ES}:!--- FieldLog() start -----------------
20260908 003942.958 INFO             PET3       ABC: InitializeIPDvXp01 extro {ES}:! <name: sea_surface_height_above_sea_level> <fieldStatus: ESMF_FIELDSTATUS_EMPTY>
20260908 003942.958 INFO             PET3       ABC: InitializeIPDvXp01 extro {ES}:! 0x7ffe1451fac0 => 0xfb54e0 => 0xfa0320
20260908 003942.958 INFO             PET3       ABC: InitializeIPDvXp01 extro {ES}:!--- FieldLog() end -------------------
20260908 003942.958 INFO             PET3       ABC: InitializeIPDvXp01 extro {ES}:+-<item: 0002> <itemType: Field> <itemName: sea_surface_temperature>
20260908 003942.958 INFO             PET3       ABC: InitializeIPDvXp01 extro {ES}:!--- FieldLog() start -----------------
20260908 003942.958 INFO             PET3       ABC: InitializeIPDvXp01 extro {ES}:! <name: sea_surface_temperature> <fieldStatus: ESMF_FIELDSTATUS_EMPTY>
20260908 003942.958 INFO             PET3       ABC: InitializeIPDvXp01 extro {ES}:! 0x7ffe1451fac0 => 0xfc16f0 => 0xfac980
20260908 003942.958 INFO             PET3       ABC: InitializeIPDvXp01 extro {ES}:!--- FieldLog() end -------------------
20260908 003942.958 INFO             PET3       ABC: InitializeIPDvXp01 extro {ES}:--- StateLog() end -------------------
20260908 003942.958 INFO             PET3     ABC: InitializeIPDvXp01 extro.
20260908 003942.958 INFO             PET3     DEF: InitializeIPDvXp01 intro.
20260908 003942.958 INFO             PET3       DEF: InitializeIPDvXp01 intro {IS}:--- StateLog() start -----------------
20260908 003942.958 INFO             PET3       DEF: InitializeIPDvXp01 intro {IS}:<name: DEF-ImportState> <intent: ESMF_STATEINTENT_IMPORT> <itemCount:    0>
20260908 003942.958 INFO             PET3       DEF: InitializeIPDvXp01 intro {IS}:--- StateLog() end -------------------
20260908 003942.958 INFO             PET3       DEF: InitializeIPDvXp01 intro {ES}:--- StateLog() start -----------------
20260908 003942.958 INFO             PET3       DEF: InitializeIPDvXp01 intro {ES}:<name: DEF-ExportState> <intent: ESMF_STATEINTENT_EXPORT> <itemCount:    0>
20260908 003942.958 INFO             PET3       DEF: InitializeIPDvXp01 intro {ES}:--- StateLog() end -------------------
20260908 003942.958 INFO             PET3       >>>DEF: entered Initialize (phase=IPDvXp01) without valid internal Clock.
20260908 003942.962 INFO             PET3       <<<DEF: leaving Initialize (phase=IPDvXp01) without valid internal Clock.
20260908 003942.962 INFO             PET3       DEF: InitializeIPDvXp01 extro {IS}:--- StateLog() start -----------------
20260908 003942.962 INFO             PET3       DEF: InitializeIPDvXp01 extro {IS}:<name: DEF-ImportState> <intent: ESMF_STATEINTENT_IMPORT> <itemCount:    2>
20260908 003942.962 INFO             PET3       DEF: InitializeIPDvXp01 extro {IS}:+-<item: 0001> <itemType: Field> <itemName: sea_surface_height_above_sea_level>
20260908 003942.962 INFO             PET3       DEF: InitializeIPDvXp01 extro {IS}:!--- FieldLog() start -----------------
20260908 003942.962 INFO             PET3       DEF: InitializeIPDvXp01 extro {IS}:! <name: sea_surface_height_above_sea_level> <fieldStatus: ESMF_FIELDSTATUS_EMPTY>
20260908 003942.962 INFO             PET3       DEF: InitializeIPDvXp01 extro {IS}:! 0x7ffe1451fac0 => 0xfa9620 => 0xfa9840
20260908 003942.962 INFO             PET3       DEF: InitializeIPDvXp01 extro {IS}:!--- FieldLog() end -------------------
20260908 003942.962 INFO             PET3       DEF: InitializeIPDvXp01 extro {IS}:+-<item: 0002> <itemType: Field> <itemName: sea_surface_temperature>
20260908 003942.962 INFO             PET3       DEF: InitializeIPDvXp01 extro {IS}:!--- FieldLog() start -----------------
20260908 003942.962 INFO             PET3       DEF: InitializeIPDvXp01 extro {IS}:! <name: sea_surface_temperature> <fieldStatus: ESMF_FIELDSTATUS_EMPTY>
20260908 003942.962 INFO             PET3       DEF: InitializeIPDvXp01 extro {IS}:! 0x7ffe1451fac0 => 0xfc1930 => 0xfb2be0
20260908 003942.962 INFO             PET3       DEF: InitializeIPDvXp01 extro {IS}:!--- FieldLog() end -------------------
20260908 003942.962 INFO             PET3       DEF: InitializeIPDvXp01 extro {IS}:--- StateLog() end -------------------
20260908 003942.962 INFO             PET3       DEF: InitializeIPDvXp01 extro {ES}:--- StateLog() start -----------------
20260908 003942.962 INFO             PET3       DEF: InitializeIPDvXp01 extro {ES}:<name: DEF-ExportState> <intent: ESMF_STATEINTENT_EXPORT> <itemCount:    0>
20260908 003942.962 INFO             PET3       DEF: InitializeIPDvXp01 extro {ES}:--- StateLog() end -------------------
20260908 003942.962 INFO             PET3     DEF: InitializeIPDvXp01 extro.
20260908 003942.965 INFO             PET3     ABC-TO-DEF: InitializeIPDv05p1 intro.
20260908 003942.965 INFO             PET3       ABC-TO-DEF: InitializeIPDv05p1 intro {IS}:--- StateLog() start -----------------
20260908 003942.965 INFO             PET3       ABC-TO-DEF: InitializeIPDv05p1 intro {IS}:<name: ABC-ExportState> <intent: ESMF_STATEINTENT_EXPORT> <itemCount:    2>
20260908 003942.965 INFO             PET3       ABC-TO-DEF: InitializeIPDv05p1 intro {IS}:+-<item: 0001> <itemType: Field> <itemName: sea_surface_height_above_sea_level>
20260908 003942.965 INFO             PET3       ABC-TO-DEF: InitializeIPDv05p1 intro {IS}:!--- FieldLog() start -----------------
20260908 003942.965 INFO             PET3       ABC-TO-DEF: InitializeIPDv05p1 intro {IS}:! <name: sea_surface_height_above_sea_level> <fieldStatus: ESMF_FIELDSTATUS_EMPTY>
20260908 003942.965 INFO             PET3       ABC-TO-DEF: InitializeIPDv05p1 intro {IS}:! 0x7ffe1451e390 => 0xfb54e0 => 0xfa0320
20260908 003942.965 INFO             PET3       ABC-TO-DEF: InitializeIPDv05p1 intro {IS}:!--- FieldLog() end -------------------
20260908 003942.965 INFO             PET3       ABC-TO-DEF: InitializeIPDv05p1 intro {IS}:+-<item: 0002> <itemType: Field> <itemName: sea_surface_temperature>
20260908 003942.965 INFO             PET3       ABC-TO-DEF: InitializeIPDv05p1 intro {IS}:!--- FieldLog() start -----------------
20260908 003942.965 INFO             PET3       ABC-TO-DEF: InitializeIPDv05p1 intro {IS}:! <name: sea_surface_temperature> <fieldStatus: ESMF_FIELDSTATUS_EMPTY>
20260908 003942.965 INFO             PET3       ABC-TO-DEF: InitializeIPDv05p1 intro {IS}:! 0x7ffe1451e390 => 0xfc16f0 => 0xfac980
20260908 003942.965 INFO             PET3       ABC-TO-DEF: InitializeIPDv05p1 intro {IS}:!--- FieldLog() end -------------------
20260908 003942.965 INFO             PET3       ABC-TO-DEF: InitializeIPDv05p1 intro {IS}:--- StateLog() end -------------------
20260908 003942.965 INFO             PET3       ABC-TO-DEF: InitializeIPDv05p1 intro {ES}:--- StateLog() start -----------------
20260908 003942.965 INFO             PET3       ABC-TO-DEF: InitializeIPDv05p1 intro {ES}:<name: DEF-ImportState> <intent: ESMF_STATEINTENT_IMPORT> <itemCount:    2>
20260908 003942.965 INFO             PET3       ABC-TO-DEF: InitializeIPDv05p1 intro {ES}:+-<item: 0001> <itemType: Field> <itemName: sea_surface_height_above_sea_level>
20260908 003942.965 INFO             PET3       ABC-TO-DEF: InitializeIPDv05p1 intro {ES}:!--- FieldLog() start -----------------
20260908 003942.965 INFO             PET3       ABC-TO-DEF: InitializeIPDv05p1 intro {ES}:! <name: sea_surface_height_above_sea_level> <fieldStatus: ESMF_FIELDSTATUS_EMPTY>
20260908 003942.965 INFO             PET3       ABC-TO-DEF: InitializeIPDv05p1 intro {ES}:! 0x7ffe1451e390 => 0xfa9620 => 0xfa9840
20260908 003942.965 INFO             PET3       ABC-TO-DEF: InitializeIPDv05p1 intro {ES}:!--- FieldLog() end -------------------
20260908 003942.965 INFO             PET3       ABC-TO-DEF: InitializeIPDv05p1 intro {ES}:+-<item: 0002> <itemType: Field> <itemName: sea_surface_temperature>
20260908 003942.965 INFO             PET3       ABC-TO-DEF: InitializeIPDv05p1 intro {ES}:!--- FieldLog() start -----------------
20260908 003942.965 INFO             PET3       ABC-TO-DEF: InitializeIPDv05p1 intro {ES}:! <name: sea_surface_temperature> <fieldStatus: ESMF_FIELDSTATUS_EMPTY>
20260908 003942.965 INFO             PET3       ABC-TO-DEF: InitializeIPDv05p1 intro {ES}:! 0x7ffe1451e390 => 0xfc1930 => 0xfb2be0
20260908 003942.965 INFO             PET3       ABC-TO-DEF: InitializeIPDv05p1 intro {ES}:!--- FieldLog() end -------------------
20260908 003942.965 INFO             PET3       ABC-TO-DEF: InitializeIPDv05p1 intro {ES}:--- StateLog() end -------------------
20260908 003942.966 INFO             PET3       ABC-TO-DEF: importState FieldTransferPolicy = transferNone
20260908 003942.966 INFO             PET3       ABC-TO-DEF: exportState FieldTransferPolicy = transferNone
20260908 003942.966 INFO             PET3       ABC-TO-DEF: InitializeIPDv05p1 extro {IS}:--- StateLog() start -----------------
20260908 003942.966 INFO             PET3       ABC-TO-DEF: InitializeIPDv05p1 extro {IS}:<name: ABC-ExportState> <intent: ESMF_STATEINTENT_EXPORT> <itemCount:    2>
20260908 003942.966 INFO             PET3       ABC-TO-DEF: InitializeIPDv05p1 extro {IS}:+-<item: 0001> <itemType: Field> <itemName: sea_surface_height_above_sea_level>
20260908 003942.966 INFO             PET3       ABC-TO-DEF: InitializeIPDv05p1 extro {IS}:!--- FieldLog() start -----------------
20260908 003942.966 INFO             PET3       ABC-TO-DEF: InitializeIPDv05p1 extro {IS}:! <name: sea_surface_height_above_sea_level> <fieldStatus: ESMF_FIELDSTATUS_EMPTY>
20260908 003942.966 INFO             PET3       ABC-TO-DEF: InitializeIPDv05p1 extro {IS}:! 0x7ffe1451e6f0 => 0xfb54e0 => 0xfa0320
20260908 003942.966 INFO             PET3       ABC-TO-DEF: InitializeIPDv05p1 extro {IS}:!--- FieldLog() end -------------------
20260908 003942.966 INFO             PET3       ABC-TO-DEF: InitializeIPDv05p1 extro {IS}:+-<item: 0002> <itemType: Field> <itemName: sea_surface_temperature>
20260908 003942.966 INFO             PET3       ABC-TO-DEF: InitializeIPDv05p1 extro {IS}:!--- FieldLog() start -----------------
20260908 003942.966 INFO             PET3       ABC-TO-DEF: InitializeIPDv05p1 extro {IS}:! <name: sea_surface_temperature> <fieldStatus: ESMF_FIELDSTATUS_EMPTY>
20260908 003942.966 INFO             PET3       ABC-TO-DEF: InitializeIPDv05p1 extro {IS}:! 0x7ffe1451e6f0 => 0xfc16f0 => 0xfac980
20260908 003942.966 INFO             PET3       ABC-TO-DEF: InitializeIPDv05p1 extro {IS}:!--- FieldLog() end -------------------
20260908 003942.966 INFO             PET3       ABC-TO-DEF: InitializeIPDv05p1 extro {IS}:--- StateLog() end -------------------
20260908 003942.966 INFO             PET3       ABC-TO-DEF: InitializeIPDv05p1 extro {ES}:--- StateLog() start -----------------
20260908 003942.966 INFO             PET3       ABC-TO-DEF: InitializeIPDv05p1 extro {ES}:<name: DEF-ImportState> <intent: ESMF_STATEINTENT_IMPORT> <itemCount:    2>
20260908 003942.966 INFO             PET3       ABC-TO-DEF: InitializeIPDv05p1 extro {ES}:+-<item: 0001> <itemType: Field> <itemName: sea_surface_height_above_sea_level>
20260908 003942.966 INFO             PET3       ABC-TO-DEF: InitializeIPDv05p1 extro {ES}:!--- FieldLog() start -----------------
20260908 003942.966 INFO             PET3       ABC-TO-DEF: InitializeIPDv05p1 extro {ES}:! <name: sea_surface_height_above_sea_level> <fieldStatus: ESMF_FIELDSTATUS_EMPTY>
20260908 003942.966 INFO             PET3       ABC-TO-DEF: InitializeIPDv05p1 extro {ES}:! 0x7ffe1451e6f0 => 0xfa9620 => 0xfa9840
20260908 003942.966 INFO             PET3       ABC-TO-DEF: InitializeIPDv05p1 extro {ES}:!--- FieldLog() end -------------------
20260908 003942.966 INFO             PET3       ABC-TO-DEF: InitializeIPDv05p1 extro {ES}:+-<item: 0002> <itemType: Field> <itemName: sea_surface_temperature>
20260908 003942.966 INFO             PET3       ABC-TO-DEF: InitializeIPDv05p1 extro {ES}:!--- FieldLog() start -----------------
20260908 003942.966 INFO             PET3       ABC-TO-DEF: InitializeIPDv05p1 extro {ES}:! <name: sea_surface_temperature> <fieldStatus: ESMF_FIELDSTATUS_EMPTY>
20260908 003942.966 INFO             PET3       ABC-TO-DEF: InitializeIPDv05p1 extro {ES}:! 0x7ffe1451e6f0 => 0xfc1930 => 0xfb2be0
20260908 003942.966 INFO             PET3       ABC-TO-DEF: InitializeIPDv05p1 extro {ES}:!--- FieldLog() end -------------------
20260908 003942.966 INFO             PET3       ABC-TO-DEF: InitializeIPDv05p1 extro {ES}:--- StateLog() end -------------------
20260908 003942.966 INFO             PET3     ABC-TO-DEF: InitializeIPDv05p1 extro.
20260908 003942.967 INFO             PET3     ESMX_Driver: IInitAdvertiseFinish intro.
20260908 003942.967 INFO             PET3       ESMX_Driver: IInitAdvertiseFinish intro {IS}:--- StateLog() start -----------------
20260908 003942.967 INFO             PET3       ESMX_Driver: IInitAdvertiseFinish intro {IS}:State object is invalid! Not created or deleted!
20260908 003942.967 INFO             PET3       ESMX_Driver: IInitAdvertiseFinish intro {IS}:--- StateLog() end -------------------
20260908 003942.967 INFO             PET3       ESMX_Driver: IInitAdvertiseFinish intro {ES}:--- StateLog() start -----------------
20260908 003942.967 INFO             PET3       ESMX_Driver: IInitAdvertiseFinish intro {ES}:State object is invalid! Not created or deleted!
20260908 003942.967 INFO             PET3       ESMX_Driver: IInitAdvertiseFinish intro {ES}:--- StateLog() end -------------------
20260908 003942.967 INFO             PET3       >>>ESMX_Driver: entered Initialize (phase=<none>) with current time: 2012 10 24  8  0  0   0
20260908 003942.967 INFO             PET3       <<<ESMX_Driver: leaving Initialize (phase=<none>) with current time: 2012 10 24  8  0  0   0
20260908 003942.967 INFO             PET3       ESMX_Driver: IInitAdvertiseFinish extro {IS}:--- StateLog() start -----------------
20260908 003942.967 INFO             PET3       ESMX_Driver: IInitAdvertiseFinish extro {IS}:State object is invalid! Not created or deleted!
20260908 003942.967 INFO             PET3       ESMX_Driver: IInitAdvertiseFinish extro {IS}:--- StateLog() end -------------------
20260908 003942.967 INFO             PET3       ESMX_Driver: IInitAdvertiseFinish extro {ES}:--- StateLog() start -----------------
20260908 003942.967 INFO             PET3       ESMX_Driver: IInitAdvertiseFinish extro {ES}:State object is invalid! Not created or deleted!
20260908 003942.967 INFO             PET3       ESMX_Driver: IInitAdvertiseFinish extro {ES}:--- StateLog() end -------------------
20260908 003942.967 INFO             PET3     ESMX_Driver: IInitAdvertiseFinish extro.
20260908 003942.968 INFO             PET3     ABC-TO-DEF: InitializeIPDv05p2a intro.
20260908 003942.968 INFO             PET3       ABC-TO-DEF: InitializeIPDv05p2a intro {IS}:--- StateLog() start -----------------
20260908 003942.968 INFO             PET3       ABC-TO-DEF: InitializeIPDv05p2a intro {IS}:<name: ABC-ExportState> <intent: ESMF_STATEINTENT_EXPORT> <itemCount:    2>
20260908 003942.968 INFO             PET3       ABC-TO-DEF: InitializeIPDv05p2a intro {IS}:+-<item: 0001> <itemType: Field> <itemName: sea_surface_height_above_sea_level>
20260908 003942.968 INFO             PET3       ABC-TO-DEF: InitializeIPDv05p2a intro {IS}:!--- FieldLog() start -----------------
20260908 003942.968 INFO             PET3       ABC-TO-DEF: InitializeIPDv05p2a intro {IS}:! <name: sea_surface_height_above_sea_level> <fieldStatus: ESMF_FIELDSTATUS_EMPTY>
20260908 003942.968 INFO             PET3       ABC-TO-DEF: InitializeIPDv05p2a intro {IS}:! 0x7ffe1451e9c0 => 0xfb54e0 => 0xfa0320
20260908 003942.968 INFO             PET3       ABC-TO-DEF: InitializeIPDv05p2a intro {IS}:!--- FieldLog() end -------------------
20260908 003942.968 INFO             PET3       ABC-TO-DEF: InitializeIPDv05p2a intro {IS}:+-<item: 0002> <itemType: Field> <itemName: sea_surface_temperature>
20260908 003942.968 INFO             PET3       ABC-TO-DEF: InitializeIPDv05p2a intro {IS}:!--- FieldLog() start -----------------
20260908 003942.968 INFO             PET3       ABC-TO-DEF: InitializeIPDv05p2a intro {IS}:! <name: sea_surface_temperature> <fieldStatus: ESMF_FIELDSTATUS_EMPTY>
20260908 003942.968 INFO             PET3       ABC-TO-DEF: InitializeIPDv05p2a intro {IS}:! 0x7ffe1451e9c0 => 0xfc16f0 => 0xfac980
20260908 003942.968 INFO             PET3       ABC-TO-DEF: InitializeIPDv05p2a intro {IS}:!--- FieldLog() end -------------------
20260908 003942.968 INFO             PET3       ABC-TO-DEF: InitializeIPDv05p2a intro {IS}:--- StateLog() end -------------------
20260908 003942.968 INFO             PET3       ABC-TO-DEF: InitializeIPDv05p2a intro {ES}:--- StateLog() start -----------------
20260908 003942.968 INFO             PET3       ABC-TO-DEF: InitializeIPDv05p2a intro {ES}:<name: DEF-ImportState> <intent: ESMF_STATEINTENT_IMPORT> <itemCount:    2>
20260908 003942.968 INFO             PET3       ABC-TO-DEF: InitializeIPDv05p2a intro {ES}:+-<item: 0001> <itemType: Field> <itemName: sea_surface_height_above_sea_level>
20260908 003942.968 INFO             PET3       ABC-TO-DEF: InitializeIPDv05p2a intro {ES}:!--- FieldLog() start -----------------
20260908 003942.968 INFO             PET3       ABC-TO-DEF: InitializeIPDv05p2a intro {ES}:! <name: sea_surface_height_above_sea_level> <fieldStatus: ESMF_FIELDSTATUS_EMPTY>
20260908 003942.968 INFO             PET3       ABC-TO-DEF: InitializeIPDv05p2a intro {ES}:! 0x7ffe1451e9c0 => 0xfa9620 => 0xfa9840
20260908 003942.968 INFO             PET3       ABC-TO-DEF: InitializeIPDv05p2a intro {ES}:!--- FieldLog() end -------------------
20260908 003942.968 INFO             PET3       ABC-TO-DEF: InitializeIPDv05p2a intro {ES}:+-<item: 0002> <itemType: Field> <itemName: sea_surface_temperature>
20260908 003942.968 INFO             PET3       ABC-TO-DEF: InitializeIPDv05p2a intro {ES}:!--- FieldLog() start -----------------
20260908 003942.968 INFO             PET3       ABC-TO-DEF: InitializeIPDv05p2a intro {ES}:! <name: sea_surface_temperature> <fieldStatus: ESMF_FIELDSTATUS_EMPTY>
20260908 003942.968 INFO             PET3       ABC-TO-DEF: InitializeIPDv05p2a intro {ES}:! 0x7ffe1451e9c0 => 0xfc1930 => 0xfb2be0
20260908 003942.968 INFO             PET3       ABC-TO-DEF: InitializeIPDv05p2a intro {ES}:!--- FieldLog() end -------------------
20260908 003942.968 INFO             PET3       ABC-TO-DEF: InitializeIPDv05p2a intro {ES}:--- StateLog() end -------------------
20260908 003942.969 INFO             PET3       ABC-TO-DEF:      importStandardNameList(i=  1): sea_surface_height_above_sea_level
20260908 003942.969 INFO             PET3       ABC-TO-DEF:         importNamespaceList(i=  1): ABC
20260908 003942.969 INFO             PET3       ABC-TO-DEF:            importCplSetList(i=  1): __UNSPECIFIED__
20260908 003942.969 INFO             PET3       ABC-TO-DEF:      exportStandardNameList(j=  1): sea_surface_height_above_sea_level
20260908 003942.969 INFO             PET3       ABC-TO-DEF:         exportNamespaceList(j=  1): DEF
20260908 003942.969 INFO             PET3       ABC-TO-DEF:            exportCplSetList(j=  1): __UNSPECIFIED__
20260908 003942.969 INFO             PET3       ABC-TO-DEF: bondLevel= 1
20260908 003942.969 INFO             PET3       ABC-TO-DEF: ProducerConnection (bondLevelMax):         1
20260908 003942.969 INFO             PET3       ABC-TO-DEF:      importStandardNameList(i=  2): sea_surface_temperature
20260908 003942.969 INFO             PET3       ABC-TO-DEF:         importNamespaceList(i=  2): ABC
20260908 003942.969 INFO             PET3       ABC-TO-DEF:            importCplSetList(i=  2): __UNSPECIFIED__
20260908 003942.969 INFO             PET3       ABC-TO-DEF:      exportStandardNameList(j=  2): sea_surface_temperature
20260908 003942.969 INFO             PET3       ABC-TO-DEF:         exportNamespaceList(j=  2): DEF
20260908 003942.969 INFO             PET3       ABC-TO-DEF:            exportCplSetList(j=  2): __UNSPECIFIED__
20260908 003942.969 INFO             PET3       ABC-TO-DEF: bondLevel= 1
20260908 003942.969 INFO             PET3       ABC-TO-DEF: ProducerConnection (bondLevelMax):         1
20260908 003942.969 INFO             PET3       ABC-TO-DEF: InitializeIPDv05p2a extro {IS}:--- StateLog() start -----------------
20260908 003942.969 INFO             PET3       ABC-TO-DEF: InitializeIPDv05p2a extro {IS}:<name: ABC-ExportState> <intent: ESMF_STATEINTENT_EXPORT> <itemCount:    2>
20260908 003942.969 INFO             PET3       ABC-TO-DEF: InitializeIPDv05p2a extro {IS}:+-<item: 0001> <itemType: Field> <itemName: sea_surface_height_above_sea_level>
20260908 003942.969 INFO             PET3       ABC-TO-DEF: InitializeIPDv05p2a extro {IS}:!--- FieldLog() start -----------------
20260908 003942.969 INFO             PET3       ABC-TO-DEF: InitializeIPDv05p2a extro {IS}:! <name: sea_surface_height_above_sea_level> <fieldStatus: ESMF_FIELDSTATUS_EMPTY>
20260908 003942.969 INFO             PET3       ABC-TO-DEF: InitializeIPDv05p2a extro {IS}:! 0x7ffe1451ed20 => 0xfb54e0 => 0xfa0320
20260908 003942.969 INFO             PET3       ABC-TO-DEF: InitializeIPDv05p2a extro {IS}:!--- FieldLog() end -------------------
20260908 003942.969 INFO             PET3       ABC-TO-DEF: InitializeIPDv05p2a extro {IS}:+-<item: 0002> <itemType: Field> <itemName: sea_surface_temperature>
20260908 003942.969 INFO             PET3       ABC-TO-DEF: InitializeIPDv05p2a extro {IS}:!--- FieldLog() start -----------------
20260908 003942.969 INFO             PET3       ABC-TO-DEF: InitializeIPDv05p2a extro {IS}:! <name: sea_surface_temperature> <fieldStatus: ESMF_FIELDSTATUS_EMPTY>
20260908 003942.969 INFO             PET3       ABC-TO-DEF: InitializeIPDv05p2a extro {IS}:! 0x7ffe1451ed20 => 0xfc16f0 => 0xfac980
20260908 003942.969 INFO             PET3       ABC-TO-DEF: InitializeIPDv05p2a extro {IS}:!--- FieldLog() end -------------------
20260908 003942.969 INFO             PET3       ABC-TO-DEF: InitializeIPDv05p2a extro {IS}:--- StateLog() end -------------------
20260908 003942.969 INFO             PET3       ABC-TO-DEF: InitializeIPDv05p2a extro {ES}:--- StateLog() start -----------------
20260908 003942.969 INFO             PET3       ABC-TO-DEF: InitializeIPDv05p2a extro {ES}:<name: DEF-ImportState> <intent: ESMF_STATEINTENT_IMPORT> <itemCount:    2>
20260908 003942.969 INFO             PET3       ABC-TO-DEF: InitializeIPDv05p2a extro {ES}:+-<item: 0001> <itemType: Field> <itemName: sea_surface_height_above_sea_level>
20260908 003942.969 INFO             PET3       ABC-TO-DEF: InitializeIPDv05p2a extro {ES}:!--- FieldLog() start -----------------
20260908 003942.969 INFO             PET3       ABC-TO-DEF: InitializeIPDv05p2a extro {ES}:! <name: sea_surface_height_above_sea_level> <fieldStatus: ESMF_FIELDSTATUS_EMPTY>
20260908 003942.969 INFO             PET3       ABC-TO-DEF: InitializeIPDv05p2a extro {ES}:! 0x7ffe1451ed20 => 0xfa9620 => 0xfa9840
20260908 003942.969 INFO             PET3       ABC-TO-DEF: InitializeIPDv05p2a extro {ES}:!--- FieldLog() end -------------------
20260908 003942.969 INFO             PET3       ABC-TO-DEF: InitializeIPDv05p2a extro {ES}:+-<item: 0002> <itemType: Field> <itemName: sea_surface_temperature>
20260908 003942.969 INFO             PET3       ABC-TO-DEF: InitializeIPDv05p2a extro {ES}:!--- FieldLog() start -----------------
20260908 003942.969 INFO             PET3       ABC-TO-DEF: InitializeIPDv05p2a extro {ES}:! <name: sea_surface_temperature> <fieldStatus: ESMF_FIELDSTATUS_EMPTY>
20260908 003942.969 INFO             PET3       ABC-TO-DEF: InitializeIPDv05p2a extro {ES}:! 0x7ffe1451ed20 => 0xfc1930 => 0xfb2be0
20260908 003942.969 INFO             PET3       ABC-TO-DEF: InitializeIPDv05p2a extro {ES}:!--- FieldLog() end -------------------
20260908 003942.969 INFO             PET3       ABC-TO-DEF: InitializeIPDv05p2a extro {ES}:--- StateLog() end -------------------
20260908 003942.969 INFO             PET3     ABC-TO-DEF: InitializeIPDv05p2a extro.
20260908 003942.970 INFO             PET3     ABC-TO-DEF: InitializeIPDv05p2b intro.
20260908 003942.970 INFO             PET3       ABC-TO-DEF: InitializeIPDv05p2b intro {IS}:--- StateLog() start -----------------
20260908 003942.970 INFO             PET3       ABC-TO-DEF: InitializeIPDv05p2b intro {IS}:<name: ABC-ExportState> <intent: ESMF_STATEINTENT_EXPORT> <itemCount:    2>
20260908 003942.970 INFO             PET3       ABC-TO-DEF: InitializeIPDv05p2b intro {IS}:+-<item: 0001> <itemType: Field> <itemName: sea_surface_height_above_sea_level>
20260908 003942.970 INFO             PET3       ABC-TO-DEF: InitializeIPDv05p2b intro {IS}:!--- FieldLog() start -----------------
20260908 003942.970 INFO             PET3       ABC-TO-DEF: InitializeIPDv05p2b intro {IS}:! <name: sea_surface_height_above_sea_level> <fieldStatus: ESMF_FIELDSTATUS_EMPTY>
20260908 003942.970 INFO             PET3       ABC-TO-DEF: InitializeIPDv05p2b intro {IS}:! 0x7ffe1451e8c0 => 0xfb54e0 => 0xfa0320
20260908 003942.970 INFO             PET3       ABC-TO-DEF: InitializeIPDv05p2b intro {IS}:!--- FieldLog() end -------------------
20260908 003942.970 INFO             PET3       ABC-TO-DEF: InitializeIPDv05p2b intro {IS}:+-<item: 0002> <itemType: Field> <itemName: sea_surface_temperature>
20260908 003942.970 INFO             PET3       ABC-TO-DEF: InitializeIPDv05p2b intro {IS}:!--- FieldLog() start -----------------
20260908 003942.970 INFO             PET3       ABC-TO-DEF: InitializeIPDv05p2b intro {IS}:! <name: sea_surface_temperature> <fieldStatus: ESMF_FIELDSTATUS_EMPTY>
20260908 003942.970 INFO             PET3       ABC-TO-DEF: InitializeIPDv05p2b intro {IS}:! 0x7ffe1451e8c0 => 0xfc16f0 => 0xfac980
20260908 003942.970 INFO             PET3       ABC-TO-DEF: InitializeIPDv05p2b intro {IS}:!--- FieldLog() end -------------------
20260908 003942.970 INFO             PET3       ABC-TO-DEF: InitializeIPDv05p2b intro {IS}:--- StateLog() end -------------------
20260908 003942.970 INFO             PET3       ABC-TO-DEF: InitializeIPDv05p2b intro {ES}:--- StateLog() start -----------------
20260908 003942.970 INFO             PET3       ABC-TO-DEF: InitializeIPDv05p2b intro {ES}:<name: DEF-ImportState> <intent: ESMF_STATEINTENT_IMPORT> <itemCount:    2>
20260908 003942.970 INFO             PET3       ABC-TO-DEF: InitializeIPDv05p2b intro {ES}:+-<item: 0001> <itemType: Field> <itemName: sea_surface_height_above_sea_level>
20260908 003942.970 INFO             PET3       ABC-TO-DEF: InitializeIPDv05p2b intro {ES}:!--- FieldLog() start -----------------
20260908 003942.970 INFO             PET3       ABC-TO-DEF: InitializeIPDv05p2b intro {ES}:! <name: sea_surface_height_above_sea_level> <fieldStatus: ESMF_FIELDSTATUS_EMPTY>
20260908 003942.970 INFO             PET3       ABC-TO-DEF: InitializeIPDv05p2b intro {ES}:! 0x7ffe1451e8c0 => 0xfa9620 => 0xfa9840
20260908 003942.970 INFO             PET3       ABC-TO-DEF: InitializeIPDv05p2b intro {ES}:!--- FieldLog() end -------------------
20260908 003942.970 INFO             PET3       ABC-TO-DEF: InitializeIPDv05p2b intro {ES}:+-<item: 0002> <itemType: Field> <itemName: sea_surface_temperature>
20260908 003942.970 INFO             PET3       ABC-TO-DEF: InitializeIPDv05p2b intro {ES}:!--- FieldLog() start -----------------
20260908 003942.970 INFO             PET3       ABC-TO-DEF: InitializeIPDv05p2b intro {ES}:! <name: sea_surface_temperature> <fieldStatus: ESMF_FIELDSTATUS_EMPTY>
20260908 003942.970 INFO             PET3       ABC-TO-DEF: InitializeIPDv05p2b intro {ES}:! 0x7ffe1451e8c0 => 0xfc1930 => 0xfb2be0
20260908 003942.970 INFO             PET3       ABC-TO-DEF: InitializeIPDv05p2b intro {ES}:!--- FieldLog() end -------------------
20260908 003942.970 INFO             PET3       ABC-TO-DEF: InitializeIPDv05p2b intro {ES}:--- StateLog() end -------------------
20260908 003942.971 INFO             PET3       ABC-TO-DEF:      importStandardNameList(i=  1): sea_surface_height_above_sea_level
20260908 003942.971 INFO             PET3       ABC-TO-DEF:         importNamespaceList(i=  1): ABC
20260908 003942.971 INFO             PET3       ABC-TO-DEF:            importCplSetList(i=  1): __UNSPECIFIED__
20260908 003942.971 INFO             PET3       ABC-TO-DEF:      exportStandardNameList(j=  1): sea_surface_height_above_sea_level
20260908 003942.971 INFO             PET3       ABC-TO-DEF:         exportNamespaceList(j=  1): DEF
20260908 003942.971 INFO             PET3       ABC-TO-DEF:            exportCplSetList(j=  1): __UNSPECIFIED__
20260908 003942.971 INFO             PET3       ABC-TO-DEF: bondLevel= 1
20260908 003942.971 INFO             PET3       ABC-TO-DEF: => added cplList(  1)=sea_surface_height_above_sea_level, cplSetList(  1)=__UNSPECIFIED__
20260908 003942.971 INFO             PET3       ABC-TO-DEF:      importStandardNameList(i=  2): sea_surface_temperature
20260908 003942.971 INFO             PET3       ABC-TO-DEF:         importNamespaceList(i=  2): ABC
20260908 003942.971 INFO             PET3       ABC-TO-DEF:            importCplSetList(i=  2): __UNSPECIFIED__
20260908 003942.971 INFO             PET3       ABC-TO-DEF:      exportStandardNameList(j=  2): sea_surface_temperature
20260908 003942.971 INFO             PET3       ABC-TO-DEF:         exportNamespaceList(j=  2): DEF
20260908 003942.971 INFO             PET3       ABC-TO-DEF:            exportCplSetList(j=  2): __UNSPECIFIED__
20260908 003942.971 INFO             PET3       ABC-TO-DEF: bondLevel= 1
20260908 003942.971 INFO             PET3       ABC-TO-DEF: => added cplList(  2)=sea_surface_temperature, cplSetList(  2)=__UNSPECIFIED__
20260908 003942.971 INFO             PET3       ABC-TO-DEF: InitializeIPDv05p2b extro {IS}:--- StateLog() start -----------------
20260908 003942.971 INFO             PET3       ABC-TO-DEF: InitializeIPDv05p2b extro {IS}:<name: ABC-ExportState> <intent: ESMF_STATEINTENT_EXPORT> <itemCount:    2>
20260908 003942.971 INFO             PET3       ABC-TO-DEF: InitializeIPDv05p2b extro {IS}:+-<item: 0001> <itemType: Field> <itemName: sea_surface_height_above_sea_level>
20260908 003942.971 INFO             PET3       ABC-TO-DEF: InitializeIPDv05p2b extro {IS}:!--- FieldLog() start -----------------
20260908 003942.971 INFO             PET3       ABC-TO-DEF: InitializeIPDv05p2b extro {IS}:! <name: sea_surface_height_above_sea_level> <fieldStatus: ESMF_FIELDSTATUS_EMPTY>
20260908 003942.971 INFO             PET3       ABC-TO-DEF: InitializeIPDv05p2b extro {IS}:! 0x7ffe1451ec20 => 0xfb54e0 => 0xfa0320
20260908 003942.971 INFO             PET3       ABC-TO-DEF: InitializeIPDv05p2b extro {IS}:!--- FieldLog() end -------------------
20260908 003942.971 INFO             PET3       ABC-TO-DEF: InitializeIPDv05p2b extro {IS}:+-<item: 0002> <itemType: Field> <itemName: sea_surface_temperature>
20260908 003942.971 INFO             PET3       ABC-TO-DEF: InitializeIPDv05p2b extro {IS}:!--- FieldLog() start -----------------
20260908 003942.971 INFO             PET3       ABC-TO-DEF: InitializeIPDv05p2b extro {IS}:! <name: sea_surface_temperature> <fieldStatus: ESMF_FIELDSTATUS_EMPTY>
20260908 003942.971 INFO             PET3       ABC-TO-DEF: InitializeIPDv05p2b extro {IS}:! 0x7ffe1451ec20 => 0xfc16f0 => 0xfac980
20260908 003942.971 INFO             PET3       ABC-TO-DEF: InitializeIPDv05p2b extro {IS}:!--- FieldLog() end -------------------
20260908 003942.972 INFO             PET3       ABC-TO-DEF: InitializeIPDv05p2b extro {IS}:--- StateLog() end -------------------
20260908 003942.972 INFO             PET3       ABC-TO-DEF: InitializeIPDv05p2b extro {ES}:--- StateLog() start -----------------
20260908 003942.972 INFO             PET3       ABC-TO-DEF: InitializeIPDv05p2b extro {ES}:<name: DEF-ImportState> <intent: ESMF_STATEINTENT_IMPORT> <itemCount:    2>
20260908 003942.972 INFO             PET3       ABC-TO-DEF: InitializeIPDv05p2b extro {ES}:+-<item: 0001> <itemType: Field> <itemName: sea_surface_height_above_sea_level>
20260908 003942.972 INFO             PET3       ABC-TO-DEF: InitializeIPDv05p2b extro {ES}:!--- FieldLog() start -----------------
20260908 003942.972 INFO             PET3       ABC-TO-DEF: InitializeIPDv05p2b extro {ES}:! <name: sea_surface_height_above_sea_level> <fieldStatus: ESMF_FIELDSTATUS_EMPTY>
20260908 003942.972 INFO             PET3       ABC-TO-DEF: InitializeIPDv05p2b extro {ES}:! 0x7ffe1451ec20 => 0xfa9620 => 0xfa9840
20260908 003942.972 INFO             PET3       ABC-TO-DEF: InitializeIPDv05p2b extro {ES}:!--- FieldLog() end -------------------
20260908 003942.972 INFO             PET3       ABC-TO-DEF: InitializeIPDv05p2b extro {ES}:+-<item: 0002> <itemType: Field> <itemName: sea_surface_temperature>
20260908 003942.972 INFO             PET3       ABC-TO-DEF: InitializeIPDv05p2b extro {ES}:!--- FieldLog() start -----------------
20260908 003942.972 INFO             PET3       ABC-TO-DEF: InitializeIPDv05p2b extro {ES}:! <name: sea_surface_temperature> <fieldStatus: ESMF_FIELDSTATUS_EMPTY>
20260908 003942.972 INFO             PET3       ABC-TO-DEF: InitializeIPDv05p2b extro {ES}:! 0x7ffe1451ec20 => 0xfc1930 => 0xfb2be0
20260908 003942.972 INFO             PET3       ABC-TO-DEF: InitializeIPDv05p2b extro {ES}:!--- FieldLog() end -------------------
20260908 003942.972 INFO             PET3       ABC-TO-DEF: InitializeIPDv05p2b extro {ES}:--- StateLog() end -------------------
20260908 003942.972 INFO             PET3     ABC-TO-DEF: InitializeIPDv05p2b extro.
20260908 003942.972 INFO             PET3     ESMX_Driver: IInitModifyCplLists intro.
20260908 003942.972 INFO             PET3       ESMX_Driver: IInitModifyCplLists intro {IS}:--- StateLog() start -----------------
20260908 003942.972 INFO             PET3       ESMX_Driver: IInitModifyCplLists intro {IS}:State object is invalid! Not created or deleted!
20260908 003942.972 INFO             PET3       ESMX_Driver: IInitModifyCplLists intro {IS}:--- StateLog() end -------------------
20260908 003942.972 INFO             PET3       ESMX_Driver: IInitModifyCplLists intro {ES}:--- StateLog() start -----------------
20260908 003942.972 INFO             PET3       ESMX_Driver: IInitModifyCplLists intro {ES}:State object is invalid! Not created or deleted!
20260908 003942.972 INFO             PET3       ESMX_Driver: IInitModifyCplLists intro {ES}:--- StateLog() end -------------------
20260908 003942.973 INFO             PET3       >>>ESMX_Driver: entered Initialize (phase=<none>) with current time: 2012 10 24  8  0  0   0
20260908 003942.973 INFO             PET3       <<<ESMX_Driver: leaving Initialize (phase=<none>) with current time: 2012 10 24  8  0  0   0
20260908 003942.973 INFO             PET3       ESMX_Driver: IInitModifyCplLists extro {IS}:--- StateLog() start -----------------
20260908 003942.973 INFO             PET3       ESMX_Driver: IInitModifyCplLists extro {IS}:State object is invalid! Not created or deleted!
20260908 003942.973 INFO             PET3       ESMX_Driver: IInitModifyCplLists extro {IS}:--- StateLog() end -------------------
20260908 003942.973 INFO             PET3       ESMX_Driver: IInitModifyCplLists extro {ES}:--- StateLog() start -----------------
20260908 003942.973 INFO             PET3       ESMX_Driver: IInitModifyCplLists extro {ES}:State object is invalid! Not created or deleted!
20260908 003942.973 INFO             PET3       ESMX_Driver: IInitModifyCplLists extro {ES}:--- StateLog() end -------------------
20260908 003942.973 INFO             PET3     ESMX_Driver: IInitModifyCplLists extro.
20260908 003942.974 INFO             PET3     ABC-TO-DEF: InitializeIPDv05p3 intro.
20260908 003942.974 INFO             PET3       ABC-TO-DEF: InitializeIPDv05p3 intro {IS}:--- StateLog() start -----------------
20260908 003942.974 INFO             PET3       ABC-TO-DEF: InitializeIPDv05p3 intro {IS}:<name: ABC-ExportState> <intent: ESMF_STATEINTENT_EXPORT> <itemCount:    2>
20260908 003942.974 INFO             PET3       ABC-TO-DEF: InitializeIPDv05p3 intro {IS}:+-<item: 0001> <itemType: Field> <itemName: sea_surface_height_above_sea_level>
20260908 003942.974 INFO             PET3       ABC-TO-DEF: InitializeIPDv05p3 intro {IS}:!--- FieldLog() start -----------------
20260908 003942.974 INFO             PET3       ABC-TO-DEF: InitializeIPDv05p3 intro {IS}:! <name: sea_surface_height_above_sea_level> <fieldStatus: ESMF_FIELDSTATUS_EMPTY>
20260908 003942.974 INFO             PET3       ABC-TO-DEF: InitializeIPDv05p3 intro {IS}:! 0x7ffe1451d0b0 => 0xfb54e0 => 0xfa0320
20260908 003942.974 INFO             PET3       ABC-TO-DEF: InitializeIPDv05p3 intro {IS}:!--- FieldLog() end -------------------
20260908 003942.974 INFO             PET3       ABC-TO-DEF: InitializeIPDv05p3 intro {IS}:+-<item: 0002> <itemType: Field> <itemName: sea_surface_temperature>
20260908 003942.974 INFO             PET3       ABC-TO-DEF: InitializeIPDv05p3 intro {IS}:!--- FieldLog() start -----------------
20260908 003942.974 INFO             PET3       ABC-TO-DEF: InitializeIPDv05p3 intro {IS}:! <name: sea_surface_temperature> <fieldStatus: ESMF_FIELDSTATUS_EMPTY>
20260908 003942.974 INFO             PET3       ABC-TO-DEF: InitializeIPDv05p3 intro {IS}:! 0x7ffe1451d0b0 => 0xfc16f0 => 0xfac980
20260908 003942.974 INFO             PET3       ABC-TO-DEF: InitializeIPDv05p3 intro {IS}:!--- FieldLog() end -------------------
20260908 003942.974 INFO             PET3       ABC-TO-DEF: InitializeIPDv05p3 intro {IS}:--- StateLog() end -------------------
20260908 003942.974 INFO             PET3       ABC-TO-DEF: InitializeIPDv05p3 intro {ES}:--- StateLog() start -----------------
20260908 003942.974 INFO             PET3       ABC-TO-DEF: InitializeIPDv05p3 intro {ES}:<name: DEF-ImportState> <intent: ESMF_STATEINTENT_IMPORT> <itemCount:    2>
20260908 003942.974 INFO             PET3       ABC-TO-DEF: InitializeIPDv05p3 intro {ES}:+-<item: 0001> <itemType: Field> <itemName: sea_surface_height_above_sea_level>
20260908 003942.974 INFO             PET3       ABC-TO-DEF: InitializeIPDv05p3 intro {ES}:!--- FieldLog() start -----------------
20260908 003942.974 INFO             PET3       ABC-TO-DEF: InitializeIPDv05p3 intro {ES}:! <name: sea_surface_height_above_sea_level> <fieldStatus: ESMF_FIELDSTATUS_EMPTY>
20260908 003942.974 INFO             PET3       ABC-TO-DEF: InitializeIPDv05p3 intro {ES}:! 0x7ffe1451d0b0 => 0xfa9620 => 0xfa9840
20260908 003942.974 INFO             PET3       ABC-TO-DEF: InitializeIPDv05p3 intro {ES}:!--- FieldLog() end -------------------
20260908 003942.974 INFO             PET3       ABC-TO-DEF: InitializeIPDv05p3 intro {ES}:+-<item: 0002> <itemType: Field> <itemName: sea_surface_temperature>
20260908 003942.974 INFO             PET3       ABC-TO-DEF: InitializeIPDv05p3 intro {ES}:!--- FieldLog() start -----------------
20260908 003942.974 INFO             PET3       ABC-TO-DEF: InitializeIPDv05p3 intro {ES}:! <name: sea_surface_temperature> <fieldStatus: ESMF_FIELDSTATUS_EMPTY>
20260908 003942.974 INFO             PET3       ABC-TO-DEF: InitializeIPDv05p3 intro {ES}:! 0x7ffe1451d0b0 => 0xfc1930 => 0xfb2be0
20260908 003942.974 INFO             PET3       ABC-TO-DEF: InitializeIPDv05p3 intro {ES}:!--- FieldLog() end -------------------
20260908 003942.974 INFO             PET3       ABC-TO-DEF: InitializeIPDv05p3 intro {ES}:--- StateLog() end -------------------
20260908 003942.975 INFO             PET3       ABC-TO-DEF: handle cplList(1): sea_surface_height_above_sea_level, cplSetList(1): __UNSPECIFIED__
20260908 003942.975 INFO             PET3       ABC-TO-DEF: - connected.
20260908 003942.975 INFO             PET3       ABC-TO-DEF: - both sides must provide the Field/GeomObject.
20260908 003942.975 INFO             PET3       ABC-TO-DEF: handle cplList(2): sea_surface_temperature, cplSetList(2): __UNSPECIFIED__
20260908 003942.976 INFO             PET3       ABC-TO-DEF: - connected.
20260908 003942.976 INFO             PET3       ABC-TO-DEF: - both sides must provide the Field/GeomObject.
20260908 003942.976 INFO             PET3       ABC-TO-DEF: InitializeIPDv05p3 extro {IS}:--- StateLog() start -----------------
20260908 003942.976 INFO             PET3       ABC-TO-DEF: InitializeIPDv05p3 extro {IS}:<name: ABC-ExportState> <intent: ESMF_STATEINTENT_EXPORT> <itemCount:    2>
20260908 003942.976 INFO             PET3       ABC-TO-DEF: InitializeIPDv05p3 extro {IS}:+-<item: 0001> <itemType: Field> <itemName: sea_surface_height_above_sea_level>
20260908 003942.976 INFO             PET3       ABC-TO-DEF: InitializeIPDv05p3 extro {IS}:!--- FieldLog() start -----------------
20260908 003942.976 INFO             PET3       ABC-TO-DEF: InitializeIPDv05p3 extro {IS}:! <name: sea_surface_height_above_sea_level> <fieldStatus: ESMF_FIELDSTATUS_EMPTY>
20260908 003942.976 INFO             PET3       ABC-TO-DEF: InitializeIPDv05p3 extro {IS}:! 0x7ffe1451d410 => 0xfb54e0 => 0xfa0320
20260908 003942.976 INFO             PET3       ABC-TO-DEF: InitializeIPDv05p3 extro {IS}:!--- FieldLog() end -------------------
20260908 003942.976 INFO             PET3       ABC-TO-DEF: InitializeIPDv05p3 extro {IS}:+-<item: 0002> <itemType: Field> <itemName: sea_surface_temperature>
20260908 003942.976 INFO             PET3       ABC-TO-DEF: InitializeIPDv05p3 extro {IS}:!--- FieldLog() start -----------------
20260908 003942.976 INFO             PET3       ABC-TO-DEF: InitializeIPDv05p3 extro {IS}:! <name: sea_surface_temperature> <fieldStatus: ESMF_FIELDSTATUS_EMPTY>
20260908 003942.976 INFO             PET3       ABC-TO-DEF: InitializeIPDv05p3 extro {IS}:! 0x7ffe1451d410 => 0xfc16f0 => 0xfac980
20260908 003942.976 INFO             PET3       ABC-TO-DEF: InitializeIPDv05p3 extro {IS}:!--- FieldLog() end -------------------
20260908 003942.976 INFO             PET3       ABC-TO-DEF: InitializeIPDv05p3 extro {IS}:--- StateLog() end -------------------
20260908 003942.976 INFO             PET3       ABC-TO-DEF: InitializeIPDv05p3 extro {ES}:--- StateLog() start -----------------
20260908 003942.976 INFO             PET3       ABC-TO-DEF: InitializeIPDv05p3 extro {ES}:<name: DEF-ImportState> <intent: ESMF_STATEINTENT_IMPORT> <itemCount:    2>
20260908 003942.976 INFO             PET3       ABC-TO-DEF: InitializeIPDv05p3 extro {ES}:+-<item: 0001> <itemType: Field> <itemName: sea_surface_height_above_sea_level>
20260908 003942.976 INFO             PET3       ABC-TO-DEF: InitializeIPDv05p3 extro {ES}:!--- FieldLog() start -----------------
20260908 003942.976 INFO             PET3       ABC-TO-DEF: InitializeIPDv05p3 extro {ES}:! <name: sea_surface_height_above_sea_level> <fieldStatus: ESMF_FIELDSTATUS_EMPTY>
20260908 003942.976 INFO             PET3       ABC-TO-DEF: InitializeIPDv05p3 extro {ES}:! 0x7ffe1451d410 => 0xfa9620 => 0xfa9840
20260908 003942.976 INFO             PET3       ABC-TO-DEF: InitializeIPDv05p3 extro {ES}:!--- FieldLog() end -------------------
20260908 003942.976 INFO             PET3       ABC-TO-DEF: InitializeIPDv05p3 extro {ES}:+-<item: 0002> <itemType: Field> <itemName: sea_surface_temperature>
20260908 003942.976 INFO             PET3       ABC-TO-DEF: InitializeIPDv05p3 extro {ES}:!--- FieldLog() start -----------------
20260908 003942.976 INFO             PET3       ABC-TO-DEF: InitializeIPDv05p3 extro {ES}:! <name: sea_surface_temperature> <fieldStatus: ESMF_FIELDSTATUS_EMPTY>
20260908 003942.976 INFO             PET3       ABC-TO-DEF: InitializeIPDv05p3 extro {ES}:! 0x7ffe1451d410 => 0xfc1930 => 0xfb2be0
20260908 003942.976 INFO             PET3       ABC-TO-DEF: InitializeIPDv05p3 extro {ES}:!--- FieldLog() end -------------------
20260908 003942.976 INFO             PET3       ABC-TO-DEF: InitializeIPDv05p3 extro {ES}:--- StateLog() end -------------------
20260908 003942.976 INFO             PET3     ABC-TO-DEF: InitializeIPDv05p3 extro.
20260908 003942.977 INFO             PET3     <<<ESMX_Driver: leaving Initialize (phase=<none>) with current time: 2012 10 24  8  0  0   0
20260908 003942.977 INFO             PET3     ESMX_Driver: InitializeIPDv02p1 extro {IS}:--- StateLog() start -----------------
20260908 003942.977 INFO             PET3     ESMX_Driver: InitializeIPDv02p1 extro {IS}:State object is invalid! Not created or deleted!
20260908 003942.977 INFO             PET3     ESMX_Driver: InitializeIPDv02p1 extro {IS}:--- StateLog() end -------------------
20260908 003942.977 INFO             PET3     ESMX_Driver: InitializeIPDv02p1 extro {ES}:--- StateLog() start -----------------
20260908 003942.977 INFO             PET3     ESMX_Driver: InitializeIPDv02p1 extro {ES}:State object is invalid! Not created or deleted!
20260908 003942.977 INFO             PET3     ESMX_Driver: InitializeIPDv02p1 extro {ES}:--- StateLog() end -------------------
20260908 003942.977 INFO             PET3   ESMX_Driver: InitializeIPDv02p1 extro.
20260908 003942.977 INFO             PET3   ESMX_Driver: InitializeIPDv02p3 intro.
20260908 003942.977 INFO             PET3     ESMX_Driver: InitializeIPDv02p3 intro {IS}:--- StateLog() start -----------------
20260908 003942.977 INFO             PET3     ESMX_Driver: InitializeIPDv02p3 intro {IS}:State object is invalid! Not created or deleted!
20260908 003942.977 INFO             PET3     ESMX_Driver: InitializeIPDv02p3 intro {IS}:--- StateLog() end -------------------
20260908 003942.977 INFO             PET3     ESMX_Driver: InitializeIPDv02p3 intro {ES}:--- StateLog() start -----------------
20260908 003942.977 INFO             PET3     ESMX_Driver: InitializeIPDv02p3 intro {ES}:State object is invalid! Not created or deleted!
20260908 003942.977 INFO             PET3     ESMX_Driver: InitializeIPDv02p3 intro {ES}:--- StateLog() end -------------------
20260908 003942.977 INFO             PET3     >>>ESMX_Driver: entered Initialize (phase=<none>) with current time: 2012 10 24  8  0  0   0
20260908 003942.978 INFO             PET3     ESMX_Driver: IInitCheck intro.
20260908 003942.978 INFO             PET3       ESMX_Driver: IInitCheck intro {IS}:--- StateLog() start -----------------
20260908 003942.978 INFO             PET3       ESMX_Driver: IInitCheck intro {IS}:State object is invalid! Not created or deleted!
20260908 003942.978 INFO             PET3       ESMX_Driver: IInitCheck intro {IS}:--- StateLog() end -------------------
20260908 003942.978 INFO             PET3       ESMX_Driver: IInitCheck intro {ES}:--- StateLog() start -----------------
20260908 003942.978 INFO             PET3       ESMX_Driver: IInitCheck intro {ES}:State object is invalid! Not created or deleted!
20260908 003942.978 INFO             PET3       ESMX_Driver: IInitCheck intro {ES}:--- StateLog() end -------------------
20260908 003942.978 INFO             PET3       >>>ESMX_Driver: entered Initialize (phase=<none>) with current time: 2012 10 24  8  0  0   0
20260908 003942.978 INFO             PET3       <<<ESMX_Driver: leaving Initialize (phase=<none>) with current time: 2012 10 24  8  0  0   0
20260908 003942.978 INFO             PET3       ESMX_Driver: IInitCheck extro {IS}:--- StateLog() start -----------------
20260908 003942.978 INFO             PET3       ESMX_Driver: IInitCheck extro {IS}:State object is invalid! Not created or deleted!
20260908 003942.978 INFO             PET3       ESMX_Driver: IInitCheck extro {IS}:--- StateLog() end -------------------
20260908 003942.978 INFO             PET3       ESMX_Driver: IInitCheck extro {ES}:--- StateLog() start -----------------
20260908 003942.978 INFO             PET3       ESMX_Driver: IInitCheck extro {ES}:State object is invalid! Not created or deleted!
20260908 003942.978 INFO             PET3       ESMX_Driver: IInitCheck extro {ES}:--- StateLog() end -------------------
20260908 003942.978 INFO             PET3     ESMX_Driver: IInitCheck extro.
20260908 003942.979 INFO             PET3     ABC: InitializeIPDvXp04 intro.
20260908 003942.979 INFO             PET3       ABC: InitializeIPDvXp04 intro {IS}:--- StateLog() start -----------------
20260908 003942.979 INFO             PET3       ABC: InitializeIPDvXp04 intro {IS}:<name: ABC-ImportState> <intent: ESMF_STATEINTENT_IMPORT> <itemCount:    0>
20260908 003942.979 INFO             PET3       ABC: InitializeIPDvXp04 intro {IS}:--- StateLog() end -------------------
20260908 003942.979 INFO             PET3       ABC: InitializeIPDvXp04 intro {ES}:--- StateLog() start -----------------
20260908 003942.979 INFO             PET3       ABC: InitializeIPDvXp04 intro {ES}:<name: ABC-ExportState> <intent: ESMF_STATEINTENT_EXPORT> <itemCount:    2>
20260908 003942.979 INFO             PET3       ABC: InitializeIPDvXp04 intro {ES}:+-<item: 0001> <itemType: Field> <itemName: sea_surface_height_above_sea_level>
20260908 003942.979 INFO             PET3       ABC: InitializeIPDvXp04 intro {ES}:!--- FieldLog() start -----------------
20260908 003942.979 INFO             PET3       ABC: InitializeIPDvXp04 intro {ES}:! <name: sea_surface_height_above_sea_level> <fieldStatus: ESMF_FIELDSTATUS_EMPTY>
20260908 003942.979 INFO             PET3       ABC: InitializeIPDvXp04 intro {ES}:! 0x7ffe14520ec0 => 0xfb54e0 => 0xfa0320
20260908 003942.979 INFO             PET3       ABC: InitializeIPDvXp04 intro {ES}:!--- FieldLog() end -------------------
20260908 003942.979 INFO             PET3       ABC: InitializeIPDvXp04 intro {ES}:+-<item: 0002> <itemType: Field> <itemName: sea_surface_temperature>
20260908 003942.979 INFO             PET3       ABC: InitializeIPDvXp04 intro {ES}:!--- FieldLog() start -----------------
20260908 003942.979 INFO             PET3       ABC: InitializeIPDvXp04 intro {ES}:! <name: sea_surface_temperature> <fieldStatus: ESMF_FIELDSTATUS_EMPTY>
20260908 003942.979 INFO             PET3       ABC: InitializeIPDvXp04 intro {ES}:! 0x7ffe14520ec0 => 0xfc16f0 => 0xfac980
20260908 003942.979 INFO             PET3       ABC: InitializeIPDvXp04 intro {ES}:!--- FieldLog() end -------------------
20260908 003942.979 INFO             PET3       ABC: InitializeIPDvXp04 intro {ES}:--- StateLog() end -------------------
20260908 003942.979 INFO             PET3       >>>ABC: entered Initialize (phase=IPDvXp04) without valid internal Clock.
20260908 003942.983 INFO             PET3       <<<ABC: leaving Initialize (phase=IPDvXp04) without valid internal Clock.
20260908 003942.983 INFO             PET3       ABC: InitializeIPDvXp04 extro {IS}:--- StateLog() start -----------------
20260908 003942.983 INFO             PET3       ABC: InitializeIPDvXp04 extro {IS}:<name: ABC-ImportState> <intent: ESMF_STATEINTENT_IMPORT> <itemCount:    0>
20260908 003942.983 INFO             PET3       ABC: InitializeIPDvXp04 extro {IS}:--- StateLog() end -------------------
20260908 003942.983 INFO             PET3       ABC: InitializeIPDvXp04 extro {ES}:--- StateLog() start -----------------
20260908 003942.983 INFO             PET3       ABC: InitializeIPDvXp04 extro {ES}:<name: ABC-ExportState> <intent: ESMF_STATEINTENT_EXPORT> <itemCount:    2>
20260908 003942.983 INFO             PET3       ABC: InitializeIPDvXp04 extro {ES}:+-<item: 0001> <itemType: Field> <itemName: sea_surface_height_above_sea_level>
20260908 003942.983 INFO             PET3       ABC: InitializeIPDvXp04 extro {ES}:!--- FieldLog() start -----------------
20260908 003942.983 INFO             PET3       ABC: InitializeIPDvXp04 extro {ES}:! <name: sea_surface_height_above_sea_level> <fieldStatus: ESMF_FIELDSTATUS_COMPLETE>
20260908 003942.984 INFO             PET3       ABC: InitializeIPDvXp04 extro {ES}:! 0x7ffe14521220 => 0xf3aad0 => 0xf3acf0
20260908 003942.984 INFO             PET3       ABC: InitializeIPDvXp04 extro {ES}:! <typekind: Real*8> <rank:    2> <dimCount:    2>
20260908 003942.984 INFO             PET3       ABC: InitializeIPDvXp04 extro {ES}:! ! --- Array::log() start -----------------------------------
20260908 003942.984 INFO             PET3       ABC: InitializeIPDvXp04 extro {ES}:! ! 0xf3ddb0
20260908 003942.984 INFO             PET3       ABC: InitializeIPDvXp04 extro {ES}:! ! <name: sea_surface_height_above_sea_level>
20260908 003942.984 INFO             PET3       ABC: InitializeIPDvXp04 extro {ES}:! ! ! --- DistGrid::log() start --------------------------------
20260908 003942.984 INFO             PET3       ABC: InitializeIPDvXp04 extro {ES}:! ! ! 0xf32130
20260908 003942.984 INFO             PET3       ABC: InitializeIPDvXp04 extro {ES}:! ! ! DistGrid object is valid!<name: DG-global-sloc:0>
20260908 003942.984 INFO             PET3       ABC: InitializeIPDvXp04 extro {ES}:! ! ! --- DistGrid::log() end ----------------------------------
20260908 003942.984 INFO             PET3       ABC: InitializeIPDvXp04 extro {ES}:! ! --- Array::log() end -------------------------------------
20260908 003942.984 INFO             PET3       ABC: InitializeIPDvXp04 extro {ES}:!--- FieldLog() end -------------------
20260908 003942.984 INFO             PET3       ABC: InitializeIPDvXp04 extro {ES}:+-<item: 0002> <itemType: Field> <itemName: sea_surface_temperature>
20260908 003942.984 INFO             PET3       ABC: InitializeIPDvXp04 extro {ES}:!--- FieldLog() start -----------------
20260908 003942.984 INFO             PET3       ABC: InitializeIPDvXp04 extro {ES}:! <name: sea_surface_temperature> <fieldStatus: ESMF_FIELDSTATUS_COMPLETE>
20260908 003942.984 INFO             PET3       ABC: InitializeIPDvXp04 extro {ES}:! 0x7ffe14521220 => 0xe873b0 => 0xf36860
20260908 003942.984 INFO             PET3       ABC: InitializeIPDvXp04 extro {ES}:! <typekind: Real*8> <rank:    2> <dimCount:    2>
20260908 003942.984 INFO             PET3       ABC: InitializeIPDvXp04 extro {ES}:! ! --- Array::log() start -----------------------------------
20260908 003942.984 INFO             PET3       ABC: InitializeIPDvXp04 extro {ES}:! ! 0xf392f0
20260908 003942.984 INFO             PET3       ABC: InitializeIPDvXp04 extro {ES}:! ! <name: sea_surface_temperature>
20260908 003942.984 INFO             PET3       ABC: InitializeIPDvXp04 extro {ES}:! ! ! --- DistGrid::log() start --------------------------------
20260908 003942.984 INFO             PET3       ABC: InitializeIPDvXp04 extro {ES}:! ! ! 0xf32130
20260908 003942.984 INFO             PET3       ABC: InitializeIPDvXp04 extro {ES}:! ! ! DistGrid object is valid!<name: DG-global-sloc:0>
20260908 003942.984 INFO             PET3       ABC: InitializeIPDvXp04 extro {ES}:! ! ! --- DistGrid::log() end ----------------------------------
20260908 003942.984 INFO             PET3       ABC: InitializeIPDvXp04 extro {ES}:! ! --- Array::log() end -------------------------------------
20260908 003942.984 INFO             PET3       ABC: InitializeIPDvXp04 extro {ES}:!--- FieldLog() end -------------------
20260908 003942.984 INFO             PET3       ABC: InitializeIPDvXp04 extro {ES}:--- StateLog() end -------------------
20260908 003942.984 INFO             PET3     ABC: InitializeIPDvXp04 extro.
20260908 003942.984 INFO             PET3     DEF: InitializeIPDvXp04 intro.
20260908 003942.984 INFO             PET3       DEF: InitializeIPDvXp04 intro {IS}:--- StateLog() start -----------------
20260908 003942.984 INFO             PET3       DEF: InitializeIPDvXp04 intro {IS}:<name: DEF-ImportState> <intent: ESMF_STATEINTENT_IMPORT> <itemCount:    2>
20260908 003942.984 INFO             PET3       DEF: InitializeIPDvXp04 intro {IS}:+-<item: 0001> <itemType: Field> <itemName: sea_surface_height_above_sea_level>
20260908 003942.984 INFO             PET3       DEF: InitializeIPDvXp04 intro {IS}:!--- FieldLog() start -----------------
20260908 003942.984 INFO             PET3       DEF: InitializeIPDvXp04 intro {IS}:! <name: sea_surface_height_above_sea_level> <fieldStatus: ESMF_FIELDSTATUS_EMPTY>
20260908 003942.984 INFO             PET3       DEF: InitializeIPDvXp04 intro {IS}:! 0x7ffe14520ec0 => 0xfa9620 => 0xfa9840
20260908 003942.984 INFO             PET3       DEF: InitializeIPDvXp04 intro {IS}:!--- FieldLog() end -------------------
20260908 003942.984 INFO             PET3       DEF: InitializeIPDvXp04 intro {IS}:+-<item: 0002> <itemType: Field> <itemName: sea_surface_temperature>
20260908 003942.984 INFO             PET3       DEF: InitializeIPDvXp04 intro {IS}:!--- FieldLog() start -----------------
20260908 003942.984 INFO             PET3       DEF: InitializeIPDvXp04 intro {IS}:! <name: sea_surface_temperature> <fieldStatus: ESMF_FIELDSTATUS_EMPTY>
20260908 003942.984 INFO             PET3       DEF: InitializeIPDvXp04 intro {IS}:! 0x7ffe14520ec0 => 0xfc1930 => 0xfb2be0
20260908 003942.984 INFO             PET3       DEF: InitializeIPDvXp04 intro {IS}:!--- FieldLog() end -------------------
20260908 003942.984 INFO             PET3       DEF: InitializeIPDvXp04 intro {IS}:--- StateLog() end -------------------
20260908 003942.984 INFO             PET3       DEF: InitializeIPDvXp04 intro {ES}:--- StateLog() start -----------------
20260908 003942.984 INFO             PET3       DEF: InitializeIPDvXp04 intro {ES}:<name: DEF-ExportState> <intent: ESMF_STATEINTENT_EXPORT> <itemCount:    0>
20260908 003942.985 INFO             PET3       DEF: InitializeIPDvXp04 intro {ES}:--- StateLog() end -------------------
20260908 003942.985 INFO             PET3       >>>DEF: entered Initialize (phase=IPDvXp04) without valid internal Clock.
20260908 003942.989 INFO             PET3       <<<DEF: leaving Initialize (phase=IPDvXp04) without valid internal Clock.
20260908 003942.989 INFO             PET3       DEF: InitializeIPDvXp04 extro {IS}:--- StateLog() start -----------------
20260908 003942.989 INFO             PET3       DEF: InitializeIPDvXp04 extro {IS}:<name: DEF-ImportState> <intent: ESMF_STATEINTENT_IMPORT> <itemCount:    2>
20260908 003942.989 INFO             PET3       DEF: InitializeIPDvXp04 extro {IS}:+-<item: 0001> <itemType: Field> <itemName: sea_surface_height_above_sea_level>
20260908 003942.989 INFO             PET3       DEF: InitializeIPDvXp04 extro {IS}:!--- FieldLog() start -----------------
20260908 003942.989 INFO             PET3       DEF: InitializeIPDvXp04 extro {IS}:! <name: sea_surface_height_above_sea_level> <fieldStatus: ESMF_FIELDSTATUS_COMPLETE>
20260908 003942.989 INFO             PET3       DEF: InitializeIPDvXp04 extro {IS}:! 0x7ffe14521220 => 0xf8e700 => 0xf8e920
20260908 003942.989 INFO             PET3       DEF: InitializeIPDvXp04 extro {IS}:! <typekind: Real*4> <rank:    2> <dimCount:    2>
20260908 003942.989 INFO             PET3       DEF: InitializeIPDvXp04 extro {IS}:! ! --- Array::log() start -----------------------------------
20260908 003942.989 INFO             PET3       DEF: InitializeIPDvXp04 extro {IS}:! ! 0xf94290
20260908 003942.989 INFO             PET3       DEF: InitializeIPDvXp04 extro {IS}:! ! <name: sea_surface_height_above_sea_level>
20260908 003942.989 INFO             PET3       DEF: InitializeIPDvXp04 extro {IS}:! ! ! --- DistGrid::log() start --------------------------------
20260908 003942.989 INFO             PET3       DEF: InitializeIPDvXp04 extro {IS}:! ! ! 0xf81d40
20260908 003942.989 INFO             PET3       DEF: InitializeIPDvXp04 extro {IS}:! ! ! DistGrid object is valid!<name: DG-global-sloc:0>
20260908 003942.989 INFO             PET3       DEF: InitializeIPDvXp04 extro {IS}:! ! ! --- DistGrid::log() end ----------------------------------
20260908 003942.989 INFO             PET3       DEF: InitializeIPDvXp04 extro {IS}:! ! --- Array::log() end -------------------------------------
20260908 003942.989 INFO             PET3       DEF: InitializeIPDvXp04 extro {IS}:!--- FieldLog() end -------------------
20260908 003942.989 INFO             PET3       DEF: InitializeIPDvXp04 extro {IS}:+-<item: 0002> <itemType: Field> <itemName: sea_surface_temperature>
20260908 003942.989 INFO             PET3       DEF: InitializeIPDvXp04 extro {IS}:!--- FieldLog() start -----------------
20260908 003942.989 INFO             PET3       DEF: InitializeIPDvXp04 extro {IS}:! <name: sea_surface_temperature> <fieldStatus: ESMF_FIELDSTATUS_COMPLETE>
20260908 003942.989 INFO             PET3       DEF: InitializeIPDvXp04 extro {IS}:! 0x7ffe14521220 => 0xf87740 => 0xf87a40
20260908 003942.989 INFO             PET3       DEF: InitializeIPDvXp04 extro {IS}:! <typekind: Real*4> <rank:    2> <dimCount:    2>
20260908 003942.989 INFO             PET3       DEF: InitializeIPDvXp04 extro {IS}:! ! --- Array::log() start -----------------------------------
20260908 003942.989 INFO             PET3       DEF: InitializeIPDvXp04 extro {IS}:! ! 0xf8d070
20260908 003942.989 INFO             PET3       DEF: InitializeIPDvXp04 extro {IS}:! ! <name: sea_surface_temperature>
20260908 003942.989 INFO             PET3       DEF: InitializeIPDvXp04 extro {IS}:! ! ! --- DistGrid::log() start --------------------------------
20260908 003942.989 INFO             PET3       DEF: InitializeIPDvXp04 extro {IS}:! ! ! 0xf81d40
20260908 003942.989 INFO             PET3       DEF: InitializeIPDvXp04 extro {IS}:! ! ! DistGrid object is valid!<name: DG-global-sloc:0>
20260908 003942.989 INFO             PET3       DEF: InitializeIPDvXp04 extro {IS}:! ! ! --- DistGrid::log() end ----------------------------------
20260908 003942.989 INFO             PET3       DEF: InitializeIPDvXp04 extro {IS}:! ! --- Array::log() end -------------------------------------
20260908 003942.989 INFO             PET3       DEF: InitializeIPDvXp04 extro {IS}:!--- FieldLog() end -------------------
20260908 003942.989 INFO             PET3       DEF: InitializeIPDvXp04 extro {IS}:--- StateLog() end -------------------
20260908 003942.989 INFO             PET3       DEF: InitializeIPDvXp04 extro {ES}:--- StateLog() start -----------------
20260908 003942.989 INFO             PET3       DEF: InitializeIPDvXp04 extro {ES}:<name: DEF-ExportState> <intent: ESMF_STATEINTENT_EXPORT> <itemCount:    0>
20260908 003942.989 INFO             PET3       DEF: InitializeIPDvXp04 extro {ES}:--- StateLog() end -------------------
20260908 003942.989 INFO             PET3     DEF: InitializeIPDvXp04 extro.
20260908 003942.993 INFO             PET3     ABC-TO-DEF: InitializeIPDv05p4 intro.
20260908 003942.993 INFO             PET3       ABC-TO-DEF: InitializeIPDv05p4 intro {IS}:--- StateLog() start -----------------
20260908 003942.993 INFO             PET3       ABC-TO-DEF: InitializeIPDv05p4 intro {IS}:<name: ABC-ExportState> <intent: ESMF_STATEINTENT_EXPORT> <itemCount:    2>
20260908 003942.993 INFO             PET3       ABC-TO-DEF: InitializeIPDv05p4 intro {IS}:+-<item: 0001> <itemType: Field> <itemName: sea_surface_height_above_sea_level>
20260908 003942.993 INFO             PET3       ABC-TO-DEF: InitializeIPDv05p4 intro {IS}:!--- FieldLog() start -----------------
20260908 003942.993 INFO             PET3       ABC-TO-DEF: InitializeIPDv05p4 intro {IS}:! <name: sea_surface_height_above_sea_level> <fieldStatus: ESMF_FIELDSTATUS_COMPLETE>
20260908 003942.993 INFO             PET3       ABC-TO-DEF: InitializeIPDv05p4 intro {IS}:! 0x7ffe1451e1e0 => 0xf3aad0 => 0xf3acf0
20260908 003942.993 INFO             PET3       ABC-TO-DEF: InitializeIPDv05p4 intro {IS}:! <typekind: Real*8> <rank:    2> <dimCount:    2>
20260908 003942.993 INFO             PET3       ABC-TO-DEF: InitializeIPDv05p4 intro {IS}:! ! --- Array::log() start -----------------------------------
20260908 003942.993 INFO             PET3       ABC-TO-DEF: InitializeIPDv05p4 intro {IS}:! ! 0xf3ddb0
20260908 003942.993 INFO             PET3       ABC-TO-DEF: InitializeIPDv05p4 intro {IS}:! ! <name: sea_surface_height_above_sea_level>
20260908 003942.993 INFO             PET3       ABC-TO-DEF: InitializeIPDv05p4 intro {IS}:! ! ! --- DistGrid::log() start --------------------------------
20260908 003942.993 INFO             PET3       ABC-TO-DEF: InitializeIPDv05p4 intro {IS}:! ! ! 0xf32130
20260908 003942.993 INFO             PET3       ABC-TO-DEF: InitializeIPDv05p4 intro {IS}:! ! ! DistGrid object is valid!<name: DG-global-sloc:0>
20260908 003942.993 INFO             PET3       ABC-TO-DEF: InitializeIPDv05p4 intro {IS}:! ! ! --- DistGrid::log() end ----------------------------------
20260908 003942.993 INFO             PET3       ABC-TO-DEF: InitializeIPDv05p4 intro {IS}:! ! --- Array::log() end -------------------------------------
20260908 003942.993 INFO             PET3       ABC-TO-DEF: InitializeIPDv05p4 intro {IS}:!--- FieldLog() end -------------------
20260908 003942.993 INFO             PET3       ABC-TO-DEF: InitializeIPDv05p4 intro {IS}:+-<item: 0002> <itemType: Field> <itemName: sea_surface_temperature>
20260908 003942.993 INFO             PET3       ABC-TO-DEF: InitializeIPDv05p4 intro {IS}:!--- FieldLog() start -----------------
20260908 003942.993 INFO             PET3       ABC-TO-DEF: InitializeIPDv05p4 intro {IS}:! <name: sea_surface_temperature> <fieldStatus: ESMF_FIELDSTATUS_COMPLETE>
20260908 003942.993 INFO             PET3       ABC-TO-DEF: InitializeIPDv05p4 intro {IS}:! 0x7ffe1451e1e0 => 0xe873b0 => 0xf36860
20260908 003942.993 INFO             PET3       ABC-TO-DEF: InitializeIPDv05p4 intro {IS}:! <typekind: Real*8> <rank:    2> <dimCount:    2>
20260908 003942.993 INFO             PET3       ABC-TO-DEF: InitializeIPDv05p4 intro {IS}:! ! --- Array::log() start -----------------------------------
20260908 003942.993 INFO             PET3       ABC-TO-DEF: InitializeIPDv05p4 intro {IS}:! ! 0xf392f0
20260908 003942.993 INFO             PET3       ABC-TO-DEF: InitializeIPDv05p4 intro {IS}:! ! <name: sea_surface_temperature>
20260908 003942.993 INFO             PET3       ABC-TO-DEF: InitializeIPDv05p4 intro {IS}:! ! ! --- DistGrid::log() start --------------------------------
20260908 003942.993 INFO             PET3       ABC-TO-DEF: InitializeIPDv05p4 intro {IS}:! ! ! 0xf32130
20260908 003942.993 INFO             PET3       ABC-TO-DEF: InitializeIPDv05p4 intro {IS}:! ! ! DistGrid object is valid!<name: DG-global-sloc:0>
20260908 003942.993 INFO             PET3       ABC-TO-DEF: InitializeIPDv05p4 intro {IS}:! ! ! --- DistGrid::log() end ----------------------------------
20260908 003942.993 INFO             PET3       ABC-TO-DEF: InitializeIPDv05p4 intro {IS}:! ! --- Array::log() end -------------------------------------
20260908 003942.993 INFO             PET3       ABC-TO-DEF: InitializeIPDv05p4 intro {IS}:!--- FieldLog() end -------------------
20260908 003942.993 INFO             PET3       ABC-TO-DEF: InitializeIPDv05p4 intro {IS}:--- StateLog() end -------------------
20260908 003942.993 INFO             PET3       ABC-TO-DEF: InitializeIPDv05p4 intro {ES}:--- StateLog() start -----------------
20260908 003942.993 INFO             PET3       ABC-TO-DEF: InitializeIPDv05p4 intro {ES}:<name: DEF-ImportState> <intent: ESMF_STATEINTENT_IMPORT> <itemCount:    2>
20260908 003942.993 INFO             PET3       ABC-TO-DEF: InitializeIPDv05p4 intro {ES}:+-<item: 0001> <itemType: Field> <itemName: sea_surface_height_above_sea_level>
20260908 003942.993 INFO             PET3       ABC-TO-DEF: InitializeIPDv05p4 intro {ES}:!--- FieldLog() start -----------------
20260908 003942.993 INFO             PET3       ABC-TO-DEF: InitializeIPDv05p4 intro {ES}:! <name: sea_surface_height_above_sea_level> <fieldStatus: ESMF_FIELDSTATUS_COMPLETE>
20260908 003942.993 INFO             PET3       ABC-TO-DEF: InitializeIPDv05p4 intro {ES}:! 0x7ffe1451e1e0 => 0xf8e700 => 0xf8e920
20260908 003942.993 INFO             PET3       ABC-TO-DEF: InitializeIPDv05p4 intro {ES}:! <typekind: Real*4> <rank:    2> <dimCount:    2>
20260908 003942.993 INFO             PET3       ABC-TO-DEF: InitializeIPDv05p4 intro {ES}:! ! --- Array::log() start -----------------------------------
20260908 003942.993 INFO             PET3       ABC-TO-DEF: InitializeIPDv05p4 intro {ES}:! ! 0xf94290
20260908 003942.993 INFO             PET3       ABC-TO-DEF: InitializeIPDv05p4 intro {ES}:! ! <name: sea_surface_height_above_sea_level>
20260908 003942.993 INFO             PET3       ABC-TO-DEF: InitializeIPDv05p4 intro {ES}:! ! ! --- DistGrid::log() start --------------------------------
20260908 003942.993 INFO             PET3       ABC-TO-DEF: InitializeIPDv05p4 intro {ES}:! ! ! 0xf81d40
20260908 003942.993 INFO             PET3       ABC-TO-DEF: InitializeIPDv05p4 intro {ES}:! ! ! DistGrid object is valid!<name: DG-global-sloc:0>
20260908 003942.993 INFO             PET3       ABC-TO-DEF: InitializeIPDv05p4 intro {ES}:! ! ! --- DistGrid::log() end ----------------------------------
20260908 003942.993 INFO             PET3       ABC-TO-DEF: InitializeIPDv05p4 intro {ES}:! ! --- Array::log() end -------------------------------------
20260908 003942.993 INFO             PET3       ABC-TO-DEF: InitializeIPDv05p4 intro {ES}:!--- FieldLog() end -------------------
20260908 003942.993 INFO             PET3       ABC-TO-DEF: InitializeIPDv05p4 intro {ES}:+-<item: 0002> <itemType: Field> <itemName: sea_surface_temperature>
20260908 003942.993 INFO             PET3       ABC-TO-DEF: InitializeIPDv05p4 intro {ES}:!--- FieldLog() start -----------------
20260908 003942.993 INFO             PET3       ABC-TO-DEF: InitializeIPDv05p4 intro {ES}:! <name: sea_surface_temperature> <fieldStatus: ESMF_FIELDSTATUS_COMPLETE>
20260908 003942.993 INFO             PET3       ABC-TO-DEF: InitializeIPDv05p4 intro {ES}:! 0x7ffe1451e1e0 => 0xf87740 => 0xf87a40
20260908 003942.993 INFO             PET3       ABC-TO-DEF: InitializeIPDv05p4 intro {ES}:! <typekind: Real*4> <rank:    2> <dimCount:    2>
20260908 003942.993 INFO             PET3       ABC-TO-DEF: InitializeIPDv05p4 intro {ES}:! ! --- Array::log() start -----------------------------------
20260908 003942.993 INFO             PET3       ABC-TO-DEF: InitializeIPDv05p4 intro {ES}:! ! 0xf8d070
20260908 003942.993 INFO             PET3       ABC-TO-DEF: InitializeIPDv05p4 intro {ES}:! ! <name: sea_surface_temperature>
20260908 003942.993 INFO             PET3       ABC-TO-DEF: InitializeIPDv05p4 intro {ES}:! ! ! --- DistGrid::log() start --------------------------------
20260908 003942.993 INFO             PET3       ABC-TO-DEF: InitializeIPDv05p4 intro {ES}:! ! ! 0xf81d40
20260908 003942.993 INFO             PET3       ABC-TO-DEF: InitializeIPDv05p4 intro {ES}:! ! ! DistGrid object is valid!<name: DG-global-sloc:0>
20260908 003942.993 INFO             PET3       ABC-TO-DEF: InitializeIPDv05p4 intro {ES}:! ! ! --- DistGrid::log() end ----------------------------------
20260908 003942.994 INFO             PET3       ABC-TO-DEF: InitializeIPDv05p4 intro {ES}:! ! --- Array::log() end -------------------------------------
20260908 003942.994 INFO             PET3       ABC-TO-DEF: InitializeIPDv05p4 intro {ES}:!--- FieldLog() end -------------------
20260908 003942.994 INFO             PET3       ABC-TO-DEF: InitializeIPDv05p4 intro {ES}:--- StateLog() end -------------------
20260908 003942.994 INFO             PET3       ABC-TO-DEF: handle cplList(1): sea_surface_height_above_sea_level, cplSetList(1): __UNSPECIFIED__
20260908 003942.994 INFO             PET3       ABC-TO-DEF: - nothing shared or transferred
20260908 003942.995 INFO             PET3       ABC-TO-DEF: handle cplList(2): sea_surface_temperature, cplSetList(2): __UNSPECIFIED__
20260908 003942.995 INFO             PET3       ABC-TO-DEF: - nothing shared or transferred
20260908 003942.995 INFO             PET3       ABC-TO-DEF: InitializeIPDv05p4 extro {IS}:--- StateLog() start -----------------
20260908 003942.995 INFO             PET3       ABC-TO-DEF: InitializeIPDv05p4 extro {IS}:<name: ABC-ExportState> <intent: ESMF_STATEINTENT_EXPORT> <itemCount:    2>
20260908 003942.995 INFO             PET3       ABC-TO-DEF: InitializeIPDv05p4 extro {IS}:+-<item: 0001> <itemType: Field> <itemName: sea_surface_height_above_sea_level>
20260908 003942.995 INFO             PET3       ABC-TO-DEF: InitializeIPDv05p4 extro {IS}:!--- FieldLog() start -----------------
20260908 003942.995 INFO             PET3       ABC-TO-DEF: InitializeIPDv05p4 extro {IS}:! <name: sea_surface_height_above_sea_level> <fieldStatus: ESMF_FIELDSTATUS_COMPLETE>
20260908 003942.995 INFO             PET3       ABC-TO-DEF: InitializeIPDv05p4 extro {IS}:! 0x7ffe1451e540 => 0xf3aad0 => 0xf3acf0
20260908 003942.995 INFO             PET3       ABC-TO-DEF: InitializeIPDv05p4 extro {IS}:! <typekind: Real*8> <rank:    2> <dimCount:    2>
20260908 003942.995 INFO             PET3       ABC-TO-DEF: InitializeIPDv05p4 extro {IS}:! ! --- Array::log() start -----------------------------------
20260908 003942.995 INFO             PET3       ABC-TO-DEF: InitializeIPDv05p4 extro {IS}:! ! 0xf3ddb0
20260908 003942.995 INFO             PET3       ABC-TO-DEF: InitializeIPDv05p4 extro {IS}:! ! <name: sea_surface_height_above_sea_level>
20260908 003942.995 INFO             PET3       ABC-TO-DEF: InitializeIPDv05p4 extro {IS}:! ! ! --- DistGrid::log() start --------------------------------
20260908 003942.995 INFO             PET3       ABC-TO-DEF: InitializeIPDv05p4 extro {IS}:! ! ! 0xf32130
20260908 003942.995 INFO             PET3       ABC-TO-DEF: InitializeIPDv05p4 extro {IS}:! ! ! DistGrid object is valid!<name: DG-global-sloc:0>
20260908 003942.995 INFO             PET3       ABC-TO-DEF: InitializeIPDv05p4 extro {IS}:! ! ! --- DistGrid::log() end ----------------------------------
20260908 003942.995 INFO             PET3       ABC-TO-DEF: InitializeIPDv05p4 extro {IS}:! ! --- Array::log() end -------------------------------------
20260908 003942.995 INFO             PET3       ABC-TO-DEF: InitializeIPDv05p4 extro {IS}:!--- FieldLog() end -------------------
20260908 003942.995 INFO             PET3       ABC-TO-DEF: InitializeIPDv05p4 extro {IS}:+-<item: 0002> <itemType: Field> <itemName: sea_surface_temperature>
20260908 003942.995 INFO             PET3       ABC-TO-DEF: InitializeIPDv05p4 extro {IS}:!--- FieldLog() start -----------------
20260908 003942.995 INFO             PET3       ABC-TO-DEF: InitializeIPDv05p4 extro {IS}:! <name: sea_surface_temperature> <fieldStatus: ESMF_FIELDSTATUS_COMPLETE>
20260908 003942.995 INFO             PET3       ABC-TO-DEF: InitializeIPDv05p4 extro {IS}:! 0x7ffe1451e540 => 0xe873b0 => 0xf36860
20260908 003942.995 INFO             PET3       ABC-TO-DEF: InitializeIPDv05p4 extro {IS}:! <typekind: Real*8> <rank:    2> <dimCount:    2>
20260908 003942.995 INFO             PET3       ABC-TO-DEF: InitializeIPDv05p4 extro {IS}:! ! --- Array::log() start -----------------------------------
20260908 003942.995 INFO             PET3       ABC-TO-DEF: InitializeIPDv05p4 extro {IS}:! ! 0xf392f0
20260908 003942.995 INFO             PET3       ABC-TO-DEF: InitializeIPDv05p4 extro {IS}:! ! <name: sea_surface_temperature>
20260908 003942.995 INFO             PET3       ABC-TO-DEF: InitializeIPDv05p4 extro {IS}:! ! ! --- DistGrid::log() start --------------------------------
20260908 003942.995 INFO             PET3       ABC-TO-DEF: InitializeIPDv05p4 extro {IS}:! ! ! 0xf32130
20260908 003942.995 INFO             PET3       ABC-TO-DEF: InitializeIPDv05p4 extro {IS}:! ! ! DistGrid object is valid!<name: DG-global-sloc:0>
20260908 003942.995 INFO             PET3       ABC-TO-DEF: InitializeIPDv05p4 extro {IS}:! ! ! --- DistGrid::log() end ----------------------------------
20260908 003942.995 INFO             PET3       ABC-TO-DEF: InitializeIPDv05p4 extro {IS}:! ! --- Array::log() end -------------------------------------
20260908 003942.995 INFO             PET3       ABC-TO-DEF: InitializeIPDv05p4 extro {IS}:!--- FieldLog() end -------------------
20260908 003942.995 INFO             PET3       ABC-TO-DEF: InitializeIPDv05p4 extro {IS}:--- StateLog() end -------------------
20260908 003942.995 INFO             PET3       ABC-TO-DEF: InitializeIPDv05p4 extro {ES}:--- StateLog() start -----------------
20260908 003942.995 INFO             PET3       ABC-TO-DEF: InitializeIPDv05p4 extro {ES}:<name: DEF-ImportState> <intent: ESMF_STATEINTENT_IMPORT> <itemCount:    2>
20260908 003942.995 INFO             PET3       ABC-TO-DEF: InitializeIPDv05p4 extro {ES}:+-<item: 0001> <itemType: Field> <itemName: sea_surface_height_above_sea_level>
20260908 003942.995 INFO             PET3       ABC-TO-DEF: InitializeIPDv05p4 extro {ES}:!--- FieldLog() start -----------------
20260908 003942.995 INFO             PET3       ABC-TO-DEF: InitializeIPDv05p4 extro {ES}:! <name: sea_surface_height_above_sea_level> <fieldStatus: ESMF_FIELDSTATUS_COMPLETE>
20260908 003942.995 INFO             PET3       ABC-TO-DEF: InitializeIPDv05p4 extro {ES}:! 0x7ffe1451e540 => 0xf8e700 => 0xf8e920
20260908 003942.995 INFO             PET3       ABC-TO-DEF: InitializeIPDv05p4 extro {ES}:! <typekind: Real*4> <rank:    2> <dimCount:    2>
20260908 003942.995 INFO             PET3       ABC-TO-DEF: InitializeIPDv05p4 extro {ES}:! ! --- Array::log() start -----------------------------------
20260908 003942.995 INFO             PET3       ABC-TO-DEF: InitializeIPDv05p4 extro {ES}:! ! 0xf94290
20260908 003942.995 INFO             PET3       ABC-TO-DEF: InitializeIPDv05p4 extro {ES}:! ! <name: sea_surface_height_above_sea_level>
20260908 003942.995 INFO             PET3       ABC-TO-DEF: InitializeIPDv05p4 extro {ES}:! ! ! --- DistGrid::log() start --------------------------------
20260908 003942.995 INFO             PET3       ABC-TO-DEF: InitializeIPDv05p4 extro {ES}:! ! ! 0xf81d40
20260908 003942.995 INFO             PET3       ABC-TO-DEF: InitializeIPDv05p4 extro {ES}:! ! ! DistGrid object is valid!<name: DG-global-sloc:0>
20260908 003942.995 INFO             PET3       ABC-TO-DEF: InitializeIPDv05p4 extro {ES}:! ! ! --- DistGrid::log() end ----------------------------------
20260908 003942.995 INFO             PET3       ABC-TO-DEF: InitializeIPDv05p4 extro {ES}:! ! --- Array::log() end -------------------------------------
20260908 003942.995 INFO             PET3       ABC-TO-DEF: InitializeIPDv05p4 extro {ES}:!--- FieldLog() end -------------------
20260908 003942.995 INFO             PET3       ABC-TO-DEF: InitializeIPDv05p4 extro {ES}:+-<item: 0002> <itemType: Field> <itemName: sea_surface_temperature>
20260908 003942.996 INFO             PET3       ABC-TO-DEF: InitializeIPDv05p4 extro {ES}:!--- FieldLog() start -----------------
20260908 003942.996 INFO             PET3       ABC-TO-DEF: InitializeIPDv05p4 extro {ES}:! <name: sea_surface_temperature> <fieldStatus: ESMF_FIELDSTATUS_COMPLETE>
20260908 003942.996 INFO             PET3       ABC-TO-DEF: InitializeIPDv05p4 extro {ES}:! 0x7ffe1451e540 => 0xf87740 => 0xf87a40
20260908 003942.996 INFO             PET3       ABC-TO-DEF: InitializeIPDv05p4 extro {ES}:! <typekind: Real*4> <rank:    2> <dimCount:    2>
20260908 003942.996 INFO             PET3       ABC-TO-DEF: InitializeIPDv05p4 extro {ES}:! ! --- Array::log() start -----------------------------------
20260908 003942.996 INFO             PET3       ABC-TO-DEF: InitializeIPDv05p4 extro {ES}:! ! 0xf8d070
20260908 003942.996 INFO             PET3       ABC-TO-DEF: InitializeIPDv05p4 extro {ES}:! ! <name: sea_surface_temperature>
20260908 003942.996 INFO             PET3       ABC-TO-DEF: InitializeIPDv05p4 extro {ES}:! ! ! --- DistGrid::log() start --------------------------------
20260908 003942.996 INFO             PET3       ABC-TO-DEF: InitializeIPDv05p4 extro {ES}:! ! ! 0xf81d40
20260908 003942.996 INFO             PET3       ABC-TO-DEF: InitializeIPDv05p4 extro {ES}:! ! ! DistGrid object is valid!<name: DG-global-sloc:0>
20260908 003942.996 INFO             PET3       ABC-TO-DEF: InitializeIPDv05p4 extro {ES}:! ! ! --- DistGrid::log() end ----------------------------------
20260908 003942.996 INFO             PET3       ABC-TO-DEF: InitializeIPDv05p4 extro {ES}:! ! --- Array::log() end -------------------------------------
20260908 003942.996 INFO             PET3       ABC-TO-DEF: InitializeIPDv05p4 extro {ES}:!--- FieldLog() end -------------------
20260908 003942.996 INFO             PET3       ABC-TO-DEF: InitializeIPDv05p4 extro {ES}:--- StateLog() end -------------------
20260908 003942.996 INFO             PET3     ABC-TO-DEF: InitializeIPDv05p4 extro.
20260908 003942.996 INFO             PET3     ABC-TO-DEF: InitializeIPDv05p5 intro.
20260908 003942.996 INFO             PET3       ABC-TO-DEF: InitializeIPDv05p5 intro {IS}:--- StateLog() start -----------------
20260908 003942.996 INFO             PET3       ABC-TO-DEF: InitializeIPDv05p5 intro {IS}:<name: ABC-ExportState> <intent: ESMF_STATEINTENT_EXPORT> <itemCount:    2>
20260908 003942.996 INFO             PET3       ABC-TO-DEF: InitializeIPDv05p5 intro {IS}:+-<item: 0001> <itemType: Field> <itemName: sea_surface_height_above_sea_level>
20260908 003942.996 INFO             PET3       ABC-TO-DEF: InitializeIPDv05p5 intro {IS}:!--- FieldLog() start -----------------
20260908 003942.996 INFO             PET3       ABC-TO-DEF: InitializeIPDv05p5 intro {IS}:! <name: sea_surface_height_above_sea_level> <fieldStatus: ESMF_FIELDSTATUS_COMPLETE>
20260908 003942.996 INFO             PET3       ABC-TO-DEF: InitializeIPDv05p5 intro {IS}:! 0x7ffe1451e800 => 0xf3aad0 => 0xf3acf0
20260908 003942.997 INFO             PET3       ABC-TO-DEF: InitializeIPDv05p5 intro {IS}:! <typekind: Real*8> <rank:    2> <dimCount:    2>
20260908 003942.997 INFO             PET3       ABC-TO-DEF: InitializeIPDv05p5 intro {IS}:! ! --- Array::log() start -----------------------------------
20260908 003942.997 INFO             PET3       ABC-TO-DEF: InitializeIPDv05p5 intro {IS}:! ! 0xf3ddb0
20260908 003942.997 INFO             PET3       ABC-TO-DEF: InitializeIPDv05p5 intro {IS}:! ! <name: sea_surface_height_above_sea_level>
20260908 003942.997 INFO             PET3       ABC-TO-DEF: InitializeIPDv05p5 intro {IS}:! ! ! --- DistGrid::log() start --------------------------------
20260908 003942.997 INFO             PET3       ABC-TO-DEF: InitializeIPDv05p5 intro {IS}:! ! ! 0xf32130
20260908 003942.997 INFO             PET3       ABC-TO-DEF: InitializeIPDv05p5 intro {IS}:! ! ! DistGrid object is valid!<name: DG-global-sloc:0>
20260908 003942.997 INFO             PET3       ABC-TO-DEF: InitializeIPDv05p5 intro {IS}:! ! ! --- DistGrid::log() end ----------------------------------
20260908 003942.997 INFO             PET3       ABC-TO-DEF: InitializeIPDv05p5 intro {IS}:! ! --- Array::log() end -------------------------------------
20260908 003942.997 INFO             PET3       ABC-TO-DEF: InitializeIPDv05p5 intro {IS}:!--- FieldLog() end -------------------
20260908 003942.997 INFO             PET3       ABC-TO-DEF: InitializeIPDv05p5 intro {IS}:+-<item: 0002> <itemType: Field> <itemName: sea_surface_temperature>
20260908 003942.997 INFO             PET3       ABC-TO-DEF: InitializeIPDv05p5 intro {IS}:!--- FieldLog() start -----------------
20260908 003942.997 INFO             PET3       ABC-TO-DEF: InitializeIPDv05p5 intro {IS}:! <name: sea_surface_temperature> <fieldStatus: ESMF_FIELDSTATUS_COMPLETE>
20260908 003942.997 INFO             PET3       ABC-TO-DEF: InitializeIPDv05p5 intro {IS}:! 0x7ffe1451e800 => 0xe873b0 => 0xf36860
20260908 003942.997 INFO             PET3       ABC-TO-DEF: InitializeIPDv05p5 intro {IS}:! <typekind: Real*8> <rank:    2> <dimCount:    2>
20260908 003942.997 INFO             PET3       ABC-TO-DEF: InitializeIPDv05p5 intro {IS}:! ! --- Array::log() start -----------------------------------
20260908 003942.997 INFO             PET3       ABC-TO-DEF: InitializeIPDv05p5 intro {IS}:! ! 0xf392f0
20260908 003942.997 INFO             PET3       ABC-TO-DEF: InitializeIPDv05p5 intro {IS}:! ! <name: sea_surface_temperature>
20260908 003942.997 INFO             PET3       ABC-TO-DEF: InitializeIPDv05p5 intro {IS}:! ! ! --- DistGrid::log() start --------------------------------
20260908 003942.997 INFO             PET3       ABC-TO-DEF: InitializeIPDv05p5 intro {IS}:! ! ! 0xf32130
20260908 003942.997 INFO             PET3       ABC-TO-DEF: InitializeIPDv05p5 intro {IS}:! ! ! DistGrid object is valid!<name: DG-global-sloc:0>
20260908 003942.997 INFO             PET3       ABC-TO-DEF: InitializeIPDv05p5 intro {IS}:! ! ! --- DistGrid::log() end ----------------------------------
20260908 003942.997 INFO             PET3       ABC-TO-DEF: InitializeIPDv05p5 intro {IS}:! ! --- Array::log() end -------------------------------------
20260908 003942.997 INFO             PET3       ABC-TO-DEF: InitializeIPDv05p5 intro {IS}:!--- FieldLog() end -------------------
20260908 003942.997 INFO             PET3       ABC-TO-DEF: InitializeIPDv05p5 intro {IS}:--- StateLog() end -------------------
20260908 003942.997 INFO             PET3       ABC-TO-DEF: InitializeIPDv05p5 intro {ES}:--- StateLog() start -----------------
20260908 003942.997 INFO             PET3       ABC-TO-DEF: InitializeIPDv05p5 intro {ES}:<name: DEF-ImportState> <intent: ESMF_STATEINTENT_IMPORT> <itemCount:    2>
20260908 003942.997 INFO             PET3       ABC-TO-DEF: InitializeIPDv05p5 intro {ES}:+-<item: 0001> <itemType: Field> <itemName: sea_surface_height_above_sea_level>
20260908 003942.997 INFO             PET3       ABC-TO-DEF: InitializeIPDv05p5 intro {ES}:!--- FieldLog() start -----------------
20260908 003942.997 INFO             PET3       ABC-TO-DEF: InitializeIPDv05p5 intro {ES}:! <name: sea_surface_height_above_sea_level> <fieldStatus: ESMF_FIELDSTATUS_COMPLETE>
20260908 003942.997 INFO             PET3       ABC-TO-DEF: InitializeIPDv05p5 intro {ES}:! 0x7ffe1451e800 => 0xf8e700 => 0xf8e920
20260908 003942.997 INFO             PET3       ABC-TO-DEF: InitializeIPDv05p5 intro {ES}:! <typekind: Real*4> <rank:    2> <dimCount:    2>
20260908 003942.997 INFO             PET3       ABC-TO-DEF: InitializeIPDv05p5 intro {ES}:! ! --- Array::log() start -----------------------------------
20260908 003942.997 INFO             PET3       ABC-TO-DEF: InitializeIPDv05p5 intro {ES}:! ! 0xf94290
20260908 003942.997 INFO             PET3       ABC-TO-DEF: InitializeIPDv05p5 intro {ES}:! ! <name: sea_surface_height_above_sea_level>
20260908 003942.997 INFO             PET3       ABC-TO-DEF: InitializeIPDv05p5 intro {ES}:! ! ! --- DistGrid::log() start --------------------------------
20260908 003942.997 INFO             PET3       ABC-TO-DEF: InitializeIPDv05p5 intro {ES}:! ! ! 0xf81d40
20260908 003942.997 INFO             PET3       ABC-TO-DEF: InitializeIPDv05p5 intro {ES}:! ! ! DistGrid object is valid!<name: DG-global-sloc:0>
20260908 003942.997 INFO             PET3       ABC-TO-DEF: InitializeIPDv05p5 intro {ES}:! ! ! --- DistGrid::log() end ----------------------------------
20260908 003942.997 INFO             PET3       ABC-TO-DEF: InitializeIPDv05p5 intro {ES}:! ! --- Array::log() end -------------------------------------
20260908 003942.997 INFO             PET3       ABC-TO-DEF: InitializeIPDv05p5 intro {ES}:!--- FieldLog() end -------------------
20260908 003942.997 INFO             PET3       ABC-TO-DEF: InitializeIPDv05p5 intro {ES}:+-<item: 0002> <itemType: Field> <itemName: sea_surface_temperature>
20260908 003942.997 INFO             PET3       ABC-TO-DEF: InitializeIPDv05p5 intro {ES}:!--- FieldLog() start -----------------
20260908 003942.997 INFO             PET3       ABC-TO-DEF: InitializeIPDv05p5 intro {ES}:! <name: sea_surface_temperature> <fieldStatus: ESMF_FIELDSTATUS_COMPLETE>
20260908 003942.997 INFO             PET3       ABC-TO-DEF: InitializeIPDv05p5 intro {ES}:! 0x7ffe1451e800 => 0xf87740 => 0xf87a40
20260908 003942.997 INFO             PET3       ABC-TO-DEF: InitializeIPDv05p5 intro {ES}:! <typekind: Real*4> <rank:    2> <dimCount:    2>
20260908 003942.997 INFO             PET3       ABC-TO-DEF: InitializeIPDv05p5 intro {ES}:! ! --- Array::log() start -----------------------------------
20260908 003942.997 INFO             PET3       ABC-TO-DEF: InitializeIPDv05p5 intro {ES}:! ! 0xf8d070
20260908 003942.997 INFO             PET3       ABC-TO-DEF: InitializeIPDv05p5 intro {ES}:! ! <name: sea_surface_temperature>
20260908 003942.997 INFO             PET3       ABC-TO-DEF: InitializeIPDv05p5 intro {ES}:! ! ! --- DistGrid::log() start --------------------------------
20260908 003942.997 INFO             PET3       ABC-TO-DEF: InitializeIPDv05p5 intro {ES}:! ! ! 0xf81d40
20260908 003942.997 INFO             PET3       ABC-TO-DEF: InitializeIPDv05p5 intro {ES}:! ! ! DistGrid object is valid!<name: DG-global-sloc:0>
20260908 003942.997 INFO             PET3       ABC-TO-DEF: InitializeIPDv05p5 intro {ES}:! ! ! --- DistGrid::log() end ----------------------------------
20260908 003942.997 INFO             PET3       ABC-TO-DEF: InitializeIPDv05p5 intro {ES}:! ! --- Array::log() end -------------------------------------
20260908 003942.997 INFO             PET3       ABC-TO-DEF: InitializeIPDv05p5 intro {ES}:!--- FieldLog() end -------------------
20260908 003942.998 INFO             PET3       ABC-TO-DEF: InitializeIPDv05p5 intro {ES}:--- StateLog() end -------------------
20260908 003942.998 INFO             PET3       ABC-TO-DEF: handle cplList(1): sea_surface_height_above_sea_level, cplSetList(1): __UNSPECIFIED__
20260908 003942.998 INFO             PET3       ABC-TO-DEF: - nothing shared or transferred, or may already be handled
20260908 003942.998 INFO             PET3       ABC-TO-DEF: handle cplList(2): sea_surface_temperature, cplSetList(2): __UNSPECIFIED__
20260908 003942.999 INFO             PET3       ABC-TO-DEF: - nothing shared or transferred, or may already be handled
20260908 003942.999 INFO             PET3       ABC-TO-DEF: InitializeIPDv05p5 extro {IS}:--- StateLog() start -----------------
20260908 003942.999 INFO             PET3       ABC-TO-DEF: InitializeIPDv05p5 extro {IS}:<name: ABC-ExportState> <intent: ESMF_STATEINTENT_EXPORT> <itemCount:    2>
20260908 003942.999 INFO             PET3       ABC-TO-DEF: InitializeIPDv05p5 extro {IS}:+-<item: 0001> <itemType: Field> <itemName: sea_surface_height_above_sea_level>
20260908 003942.999 INFO             PET3       ABC-TO-DEF: InitializeIPDv05p5 extro {IS}:!--- FieldLog() start -----------------
20260908 003942.999 INFO             PET3       ABC-TO-DEF: InitializeIPDv05p5 extro {IS}:! <name: sea_surface_height_above_sea_level> <fieldStatus: ESMF_FIELDSTATUS_COMPLETE>
20260908 003942.999 INFO             PET3       ABC-TO-DEF: InitializeIPDv05p5 extro {IS}:! 0x7ffe1451eb60 => 0xf3aad0 => 0xf3acf0
20260908 003942.999 INFO             PET3       ABC-TO-DEF: InitializeIPDv05p5 extro {IS}:! <typekind: Real*8> <rank:    2> <dimCount:    2>
20260908 003942.999 INFO             PET3       ABC-TO-DEF: InitializeIPDv05p5 extro {IS}:! ! --- Array::log() start -----------------------------------
20260908 003942.999 INFO             PET3       ABC-TO-DEF: InitializeIPDv05p5 extro {IS}:! ! 0xf3ddb0
20260908 003942.999 INFO             PET3       ABC-TO-DEF: InitializeIPDv05p5 extro {IS}:! ! <name: sea_surface_height_above_sea_level>
20260908 003942.999 INFO             PET3       ABC-TO-DEF: InitializeIPDv05p5 extro {IS}:! ! ! --- DistGrid::log() start --------------------------------
20260908 003942.999 INFO             PET3       ABC-TO-DEF: InitializeIPDv05p5 extro {IS}:! ! ! 0xf32130
20260908 003942.999 INFO             PET3       ABC-TO-DEF: InitializeIPDv05p5 extro {IS}:! ! ! DistGrid object is valid!<name: DG-global-sloc:0>
20260908 003942.999 INFO             PET3       ABC-TO-DEF: InitializeIPDv05p5 extro {IS}:! ! ! --- DistGrid::log() end ----------------------------------
20260908 003942.999 INFO             PET3       ABC-TO-DEF: InitializeIPDv05p5 extro {IS}:! ! --- Array::log() end -------------------------------------
20260908 003942.999 INFO             PET3       ABC-TO-DEF: InitializeIPDv05p5 extro {IS}:!--- FieldLog() end -------------------
20260908 003942.999 INFO             PET3       ABC-TO-DEF: InitializeIPDv05p5 extro {IS}:+-<item: 0002> <itemType: Field> <itemName: sea_surface_temperature>
20260908 003942.999 INFO             PET3       ABC-TO-DEF: InitializeIPDv05p5 extro {IS}:!--- FieldLog() start -----------------
20260908 003942.999 INFO             PET3       ABC-TO-DEF: InitializeIPDv05p5 extro {IS}:! <name: sea_surface_temperature> <fieldStatus: ESMF_FIELDSTATUS_COMPLETE>
20260908 003942.999 INFO             PET3       ABC-TO-DEF: InitializeIPDv05p5 extro {IS}:! 0x7ffe1451eb60 => 0xe873b0 => 0xf36860
20260908 003942.999 INFO             PET3       ABC-TO-DEF: InitializeIPDv05p5 extro {IS}:! <typekind: Real*8> <rank:    2> <dimCount:    2>
20260908 003942.999 INFO             PET3       ABC-TO-DEF: InitializeIPDv05p5 extro {IS}:! ! --- Array::log() start -----------------------------------
20260908 003942.999 INFO             PET3       ABC-TO-DEF: InitializeIPDv05p5 extro {IS}:! ! 0xf392f0
20260908 003942.999 INFO             PET3       ABC-TO-DEF: InitializeIPDv05p5 extro {IS}:! ! <name: sea_surface_temperature>
20260908 003942.999 INFO             PET3       ABC-TO-DEF: InitializeIPDv05p5 extro {IS}:! ! ! --- DistGrid::log() start --------------------------------
20260908 003942.999 INFO             PET3       ABC-TO-DEF: InitializeIPDv05p5 extro {IS}:! ! ! 0xf32130
20260908 003942.999 INFO             PET3       ABC-TO-DEF: InitializeIPDv05p5 extro {IS}:! ! ! DistGrid object is valid!<name: DG-global-sloc:0>
20260908 003942.999 INFO             PET3       ABC-TO-DEF: InitializeIPDv05p5 extro {IS}:! ! ! --- DistGrid::log() end ----------------------------------
20260908 003942.999 INFO             PET3       ABC-TO-DEF: InitializeIPDv05p5 extro {IS}:! ! --- Array::log() end -------------------------------------
20260908 003942.999 INFO             PET3       ABC-TO-DEF: InitializeIPDv05p5 extro {IS}:!--- FieldLog() end -------------------
20260908 003942.999 INFO             PET3       ABC-TO-DEF: InitializeIPDv05p5 extro {IS}:--- StateLog() end -------------------
20260908 003942.999 INFO             PET3       ABC-TO-DEF: InitializeIPDv05p5 extro {ES}:--- StateLog() start -----------------
20260908 003942.999 INFO             PET3       ABC-TO-DEF: InitializeIPDv05p5 extro {ES}:<name: DEF-ImportState> <intent: ESMF_STATEINTENT_IMPORT> <itemCount:    2>
20260908 003942.999 INFO             PET3       ABC-TO-DEF: InitializeIPDv05p5 extro {ES}:+-<item: 0001> <itemType: Field> <itemName: sea_surface_height_above_sea_level>
20260908 003942.999 INFO             PET3       ABC-TO-DEF: InitializeIPDv05p5 extro {ES}:!--- FieldLog() start -----------------
20260908 003942.999 INFO             PET3       ABC-TO-DEF: InitializeIPDv05p5 extro {ES}:! <name: sea_surface_height_above_sea_level> <fieldStatus: ESMF_FIELDSTATUS_COMPLETE>
20260908 003942.999 INFO             PET3       ABC-TO-DEF: InitializeIPDv05p5 extro {ES}:! 0x7ffe1451eb60 => 0xf8e700 => 0xf8e920
20260908 003942.999 INFO             PET3       ABC-TO-DEF: InitializeIPDv05p5 extro {ES}:! <typekind: Real*4> <rank:    2> <dimCount:    2>
20260908 003942.999 INFO             PET3       ABC-TO-DEF: InitializeIPDv05p5 extro {ES}:! ! --- Array::log() start -----------------------------------
20260908 003942.999 INFO             PET3       ABC-TO-DEF: InitializeIPDv05p5 extro {ES}:! ! 0xf94290
20260908 003942.999 INFO             PET3       ABC-TO-DEF: InitializeIPDv05p5 extro {ES}:! ! <name: sea_surface_height_above_sea_level>
20260908 003942.999 INFO             PET3       ABC-TO-DEF: InitializeIPDv05p5 extro {ES}:! ! ! --- DistGrid::log() start --------------------------------
20260908 003942.999 INFO             PET3       ABC-TO-DEF: InitializeIPDv05p5 extro {ES}:! ! ! 0xf81d40
20260908 003942.999 INFO             PET3       ABC-TO-DEF: InitializeIPDv05p5 extro {ES}:! ! ! DistGrid object is valid!<name: DG-global-sloc:0>
20260908 003942.999 INFO             PET3       ABC-TO-DEF: InitializeIPDv05p5 extro {ES}:! ! ! --- DistGrid::log() end ----------------------------------
20260908 003942.999 INFO             PET3       ABC-TO-DEF: InitializeIPDv05p5 extro {ES}:! ! --- Array::log() end -------------------------------------
20260908 003942.999 INFO             PET3       ABC-TO-DEF: InitializeIPDv05p5 extro {ES}:!--- FieldLog() end -------------------
20260908 003942.999 INFO             PET3       ABC-TO-DEF: InitializeIPDv05p5 extro {ES}:+-<item: 0002> <itemType: Field> <itemName: sea_surface_temperature>
20260908 003943.000 INFO             PET3       ABC-TO-DEF: InitializeIPDv05p5 extro {ES}:!--- FieldLog() start -----------------
20260908 003943.000 INFO             PET3       ABC-TO-DEF: InitializeIPDv05p5 extro {ES}:! <name: sea_surface_temperature> <fieldStatus: ESMF_FIELDSTATUS_COMPLETE>
20260908 003943.000 INFO             PET3       ABC-TO-DEF: InitializeIPDv05p5 extro {ES}:! 0x7ffe1451eb60 => 0xf87740 => 0xf87a40
20260908 003943.000 INFO             PET3       ABC-TO-DEF: InitializeIPDv05p5 extro {ES}:! <typekind: Real*4> <rank:    2> <dimCount:    2>
20260908 003943.000 INFO             PET3       ABC-TO-DEF: InitializeIPDv05p5 extro {ES}:! ! --- Array::log() start -----------------------------------
20260908 003943.000 INFO             PET3       ABC-TO-DEF: InitializeIPDv05p5 extro {ES}:! ! 0xf8d070
20260908 003943.000 INFO             PET3       ABC-TO-DEF: InitializeIPDv05p5 extro {ES}:! ! <name: sea_surface_temperature>
20260908 003943.000 INFO             PET3       ABC-TO-DEF: InitializeIPDv05p5 extro {ES}:! ! ! --- DistGrid::log() start --------------------------------
20260908 003943.000 INFO             PET3       ABC-TO-DEF: InitializeIPDv05p5 extro {ES}:! ! ! 0xf81d40
20260908 003943.000 INFO             PET3       ABC-TO-DEF: InitializeIPDv05p5 extro {ES}:! ! ! DistGrid object is valid!<name: DG-global-sloc:0>
20260908 003943.000 INFO             PET3       ABC-TO-DEF: InitializeIPDv05p5 extro {ES}:! ! ! --- DistGrid::log() end ----------------------------------
20260908 003943.000 INFO             PET3       ABC-TO-DEF: InitializeIPDv05p5 extro {ES}:! ! --- Array::log() end -------------------------------------
20260908 003943.000 INFO             PET3       ABC-TO-DEF: InitializeIPDv05p5 extro {ES}:!--- FieldLog() end -------------------
20260908 003943.000 INFO             PET3       ABC-TO-DEF: InitializeIPDv05p5 extro {ES}:--- StateLog() end -------------------
20260908 003943.000 INFO             PET3     ABC-TO-DEF: InitializeIPDv05p5 extro.
20260908 003943.000 INFO             PET3     ESMX_Driver: IInitRealize intro.
20260908 003943.000 INFO             PET3       ESMX_Driver: IInitRealize intro {IS}:--- StateLog() start -----------------
20260908 003943.000 INFO             PET3       ESMX_Driver: IInitRealize intro {IS}:State object is invalid! Not created or deleted!
20260908 003943.000 INFO             PET3       ESMX_Driver: IInitRealize intro {IS}:--- StateLog() end -------------------
20260908 003943.000 INFO             PET3       ESMX_Driver: IInitRealize intro {ES}:--- StateLog() start -----------------
20260908 003943.000 INFO             PET3       ESMX_Driver: IInitRealize intro {ES}:State object is invalid! Not created or deleted!
20260908 003943.000 INFO             PET3       ESMX_Driver: IInitRealize intro {ES}:--- StateLog() end -------------------
20260908 003943.001 INFO             PET3       >>>ESMX_Driver: entered Initialize (phase=<none>) with current time: 2012 10 24  8  0  0   0
20260908 003943.001 INFO             PET3       <<<ESMX_Driver: leaving Initialize (phase=<none>) with current time: 2012 10 24  8  0  0   0
20260908 003943.001 INFO             PET3       ESMX_Driver: IInitRealize extro {IS}:--- StateLog() start -----------------
20260908 003943.001 INFO             PET3       ESMX_Driver: IInitRealize extro {IS}:State object is invalid! Not created or deleted!
20260908 003943.001 INFO             PET3       ESMX_Driver: IInitRealize extro {IS}:--- StateLog() end -------------------
20260908 003943.001 INFO             PET3       ESMX_Driver: IInitRealize extro {ES}:--- StateLog() start -----------------
20260908 003943.001 INFO             PET3       ESMX_Driver: IInitRealize extro {ES}:State object is invalid! Not created or deleted!
20260908 003943.001 INFO             PET3       ESMX_Driver: IInitRealize extro {ES}:--- StateLog() end -------------------
20260908 003943.001 INFO             PET3     ESMX_Driver: IInitRealize extro.
20260908 003943.001 INFO             PET3     ABC-TO-DEF: InitializeIPDv05p6a intro.
20260908 003943.001 INFO             PET3       ABC-TO-DEF: InitializeIPDv05p6a intro {IS}:--- StateLog() start -----------------
20260908 003943.001 INFO             PET3       ABC-TO-DEF: InitializeIPDv05p6a intro {IS}:<name: ABC-ExportState> <intent: ESMF_STATEINTENT_EXPORT> <itemCount:    2>
20260908 003943.001 INFO             PET3       ABC-TO-DEF: InitializeIPDv05p6a intro {IS}:+-<item: 0001> <itemType: Field> <itemName: sea_surface_height_above_sea_level>
20260908 003943.001 INFO             PET3       ABC-TO-DEF: InitializeIPDv05p6a intro {IS}:!--- FieldLog() start -----------------
20260908 003943.002 INFO             PET3       ABC-TO-DEF: InitializeIPDv05p6a intro {IS}:! <name: sea_surface_height_above_sea_level> <fieldStatus: ESMF_FIELDSTATUS_COMPLETE>
20260908 003943.002 INFO             PET3       ABC-TO-DEF: InitializeIPDv05p6a intro {IS}:! 0x7ffe14520a20 => 0xf3aad0 => 0xf3acf0
20260908 003943.002 INFO             PET3       ABC-TO-DEF: InitializeIPDv05p6a intro {IS}:! <typekind: Real*8> <rank:    2> <dimCount:    2>
20260908 003943.002 INFO             PET3       ABC-TO-DEF: InitializeIPDv05p6a intro {IS}:! ! --- Array::log() start -----------------------------------
20260908 003943.002 INFO             PET3       ABC-TO-DEF: InitializeIPDv05p6a intro {IS}:! ! 0xf3ddb0
20260908 003943.002 INFO             PET3       ABC-TO-DEF: InitializeIPDv05p6a intro {IS}:! ! <name: sea_surface_height_above_sea_level>
20260908 003943.002 INFO             PET3       ABC-TO-DEF: InitializeIPDv05p6a intro {IS}:! ! ! --- DistGrid::log() start --------------------------------
20260908 003943.002 INFO             PET3       ABC-TO-DEF: InitializeIPDv05p6a intro {IS}:! ! ! 0xf32130
20260908 003943.002 INFO             PET3       ABC-TO-DEF: InitializeIPDv05p6a intro {IS}:! ! ! DistGrid object is valid!<name: DG-global-sloc:0>
20260908 003943.002 INFO             PET3       ABC-TO-DEF: InitializeIPDv05p6a intro {IS}:! ! ! --- DistGrid::log() end ----------------------------------
20260908 003943.002 INFO             PET3       ABC-TO-DEF: InitializeIPDv05p6a intro {IS}:! ! --- Array::log() end -------------------------------------
20260908 003943.002 INFO             PET3       ABC-TO-DEF: InitializeIPDv05p6a intro {IS}:!--- FieldLog() end -------------------
20260908 003943.002 INFO             PET3       ABC-TO-DEF: InitializeIPDv05p6a intro {IS}:+-<item: 0002> <itemType: Field> <itemName: sea_surface_temperature>
20260908 003943.002 INFO             PET3       ABC-TO-DEF: InitializeIPDv05p6a intro {IS}:!--- FieldLog() start -----------------
20260908 003943.002 INFO             PET3       ABC-TO-DEF: InitializeIPDv05p6a intro {IS}:! <name: sea_surface_temperature> <fieldStatus: ESMF_FIELDSTATUS_COMPLETE>
20260908 003943.002 INFO             PET3       ABC-TO-DEF: InitializeIPDv05p6a intro {IS}:! 0x7ffe14520a20 => 0xe873b0 => 0xf36860
20260908 003943.002 INFO             PET3       ABC-TO-DEF: InitializeIPDv05p6a intro {IS}:! <typekind: Real*8> <rank:    2> <dimCount:    2>
20260908 003943.002 INFO             PET3       ABC-TO-DEF: InitializeIPDv05p6a intro {IS}:! ! --- Array::log() start -----------------------------------
20260908 003943.002 INFO             PET3       ABC-TO-DEF: InitializeIPDv05p6a intro {IS}:! ! 0xf392f0
20260908 003943.002 INFO             PET3       ABC-TO-DEF: InitializeIPDv05p6a intro {IS}:! ! <name: sea_surface_temperature>
20260908 003943.002 INFO             PET3       ABC-TO-DEF: InitializeIPDv05p6a intro {IS}:! ! ! --- DistGrid::log() start --------------------------------
20260908 003943.002 INFO             PET3       ABC-TO-DEF: InitializeIPDv05p6a intro {IS}:! ! ! 0xf32130
20260908 003943.002 INFO             PET3       ABC-TO-DEF: InitializeIPDv05p6a intro {IS}:! ! ! DistGrid object is valid!<name: DG-global-sloc:0>
20260908 003943.002 INFO             PET3       ABC-TO-DEF: InitializeIPDv05p6a intro {IS}:! ! ! --- DistGrid::log() end ----------------------------------
20260908 003943.002 INFO             PET3       ABC-TO-DEF: InitializeIPDv05p6a intro {IS}:! ! --- Array::log() end -------------------------------------
20260908 003943.002 INFO             PET3       ABC-TO-DEF: InitializeIPDv05p6a intro {IS}:!--- FieldLog() end -------------------
20260908 003943.002 INFO             PET3       ABC-TO-DEF: InitializeIPDv05p6a intro {IS}:--- StateLog() end -------------------
20260908 003943.002 INFO             PET3       ABC-TO-DEF: InitializeIPDv05p6a intro {ES}:--- StateLog() start -----------------
20260908 003943.002 INFO             PET3       ABC-TO-DEF: InitializeIPDv05p6a intro {ES}:<name: DEF-ImportState> <intent: ESMF_STATEINTENT_IMPORT> <itemCount:    2>
20260908 003943.002 INFO             PET3       ABC-TO-DEF: InitializeIPDv05p6a intro {ES}:+-<item: 0001> <itemType: Field> <itemName: sea_surface_height_above_sea_level>
20260908 003943.002 INFO             PET3       ABC-TO-DEF: InitializeIPDv05p6a intro {ES}:!--- FieldLog() start -----------------
20260908 003943.002 INFO             PET3       ABC-TO-DEF: InitializeIPDv05p6a intro {ES}:! <name: sea_surface_height_above_sea_level> <fieldStatus: ESMF_FIELDSTATUS_COMPLETE>
20260908 003943.002 INFO             PET3       ABC-TO-DEF: InitializeIPDv05p6a intro {ES}:! 0x7ffe14520a20 => 0xf8e700 => 0xf8e920
20260908 003943.002 INFO             PET3       ABC-TO-DEF: InitializeIPDv05p6a intro {ES}:! <typekind: Real*4> <rank:    2> <dimCount:    2>
20260908 003943.002 INFO             PET3       ABC-TO-DEF: InitializeIPDv05p6a intro {ES}:! ! --- Array::log() start -----------------------------------
20260908 003943.002 INFO             PET3       ABC-TO-DEF: InitializeIPDv05p6a intro {ES}:! ! 0xf94290
20260908 003943.002 INFO             PET3       ABC-TO-DEF: InitializeIPDv05p6a intro {ES}:! ! <name: sea_surface_height_above_sea_level>
20260908 003943.002 INFO             PET3       ABC-TO-DEF: InitializeIPDv05p6a intro {ES}:! ! ! --- DistGrid::log() start --------------------------------
20260908 003943.002 INFO             PET3       ABC-TO-DEF: InitializeIPDv05p6a intro {ES}:! ! ! 0xf81d40
20260908 003943.002 INFO             PET3       ABC-TO-DEF: InitializeIPDv05p6a intro {ES}:! ! ! DistGrid object is valid!<name: DG-global-sloc:0>
20260908 003943.002 INFO             PET3       ABC-TO-DEF: InitializeIPDv05p6a intro {ES}:! ! ! --- DistGrid::log() end ----------------------------------
20260908 003943.002 INFO             PET3       ABC-TO-DEF: InitializeIPDv05p6a intro {ES}:! ! --- Array::log() end -------------------------------------
20260908 003943.002 INFO             PET3       ABC-TO-DEF: InitializeIPDv05p6a intro {ES}:!--- FieldLog() end -------------------
20260908 003943.002 INFO             PET3       ABC-TO-DEF: InitializeIPDv05p6a intro {ES}:+-<item: 0002> <itemType: Field> <itemName: sea_surface_temperature>
20260908 003943.002 INFO             PET3       ABC-TO-DEF: InitializeIPDv05p6a intro {ES}:!--- FieldLog() start -----------------
20260908 003943.002 INFO             PET3       ABC-TO-DEF: InitializeIPDv05p6a intro {ES}:! <name: sea_surface_temperature> <fieldStatus: ESMF_FIELDSTATUS_COMPLETE>
20260908 003943.002 INFO             PET3       ABC-TO-DEF: InitializeIPDv05p6a intro {ES}:! 0x7ffe14520a20 => 0xf87740 => 0xf87a40
20260908 003943.002 INFO             PET3       ABC-TO-DEF: InitializeIPDv05p6a intro {ES}:! <typekind: Real*4> <rank:    2> <dimCount:    2>
20260908 003943.002 INFO             PET3       ABC-TO-DEF: InitializeIPDv05p6a intro {ES}:! ! --- Array::log() start -----------------------------------
20260908 003943.002 INFO             PET3       ABC-TO-DEF: InitializeIPDv05p6a intro {ES}:! ! 0xf8d070
20260908 003943.002 INFO             PET3       ABC-TO-DEF: InitializeIPDv05p6a intro {ES}:! ! <name: sea_surface_temperature>
20260908 003943.002 INFO             PET3       ABC-TO-DEF: InitializeIPDv05p6a intro {ES}:! ! ! --- DistGrid::log() start --------------------------------
20260908 003943.003 INFO             PET3       ABC-TO-DEF: InitializeIPDv05p6a intro {ES}:! ! ! 0xf81d40
20260908 003943.003 INFO             PET3       ABC-TO-DEF: InitializeIPDv05p6a intro {ES}:! ! ! DistGrid object is valid!<name: DG-global-sloc:0>
20260908 003943.003 INFO             PET3       ABC-TO-DEF: InitializeIPDv05p6a intro {ES}:! ! ! --- DistGrid::log() end ----------------------------------
20260908 003943.003 INFO             PET3       ABC-TO-DEF: InitializeIPDv05p6a intro {ES}:! ! --- Array::log() end -------------------------------------
20260908 003943.003 INFO             PET3       ABC-TO-DEF: InitializeIPDv05p6a intro {ES}:!--- FieldLog() end -------------------
20260908 003943.003 INFO             PET3       ABC-TO-DEF: InitializeIPDv05p6a intro {ES}:--- StateLog() end -------------------
20260908 003943.003 INFO             PET3       ABC-TO-DEF: InitializeIPDv05p6a extro {IS}:--- StateLog() start -----------------
20260908 003943.003 INFO             PET3       ABC-TO-DEF: InitializeIPDv05p6a extro {IS}:<name: ABC-ExportState> <intent: ESMF_STATEINTENT_EXPORT> <itemCount:    2>
20260908 003943.003 INFO             PET3       ABC-TO-DEF: InitializeIPDv05p6a extro {IS}:+-<item: 0001> <itemType: Field> <itemName: sea_surface_height_above_sea_level>
20260908 003943.003 INFO             PET3       ABC-TO-DEF: InitializeIPDv05p6a extro {IS}:!--- FieldLog() start -----------------
20260908 003943.003 INFO             PET3       ABC-TO-DEF: InitializeIPDv05p6a extro {IS}:! <name: sea_surface_height_above_sea_level> <fieldStatus: ESMF_FIELDSTATUS_COMPLETE>
20260908 003943.003 INFO             PET3       ABC-TO-DEF: InitializeIPDv05p6a extro {IS}:! 0x7ffe14520d80 => 0xf3aad0 => 0xf3acf0
20260908 003943.003 INFO             PET3       ABC-TO-DEF: InitializeIPDv05p6a extro {IS}:! <typekind: Real*8> <rank:    2> <dimCount:    2>
20260908 003943.003 INFO             PET3       ABC-TO-DEF: InitializeIPDv05p6a extro {IS}:! ! --- Array::log() start -----------------------------------
20260908 003943.003 INFO             PET3       ABC-TO-DEF: InitializeIPDv05p6a extro {IS}:! ! 0xf3ddb0
20260908 003943.003 INFO             PET3       ABC-TO-DEF: InitializeIPDv05p6a extro {IS}:! ! <name: sea_surface_height_above_sea_level>
20260908 003943.003 INFO             PET3       ABC-TO-DEF: InitializeIPDv05p6a extro {IS}:! ! ! --- DistGrid::log() start --------------------------------
20260908 003943.003 INFO             PET3       ABC-TO-DEF: InitializeIPDv05p6a extro {IS}:! ! ! 0xf32130
20260908 003943.003 INFO             PET3       ABC-TO-DEF: InitializeIPDv05p6a extro {IS}:! ! ! DistGrid object is valid!<name: DG-global-sloc:0>
20260908 003943.003 INFO             PET3       ABC-TO-DEF: InitializeIPDv05p6a extro {IS}:! ! ! --- DistGrid::log() end ----------------------------------
20260908 003943.003 INFO             PET3       ABC-TO-DEF: InitializeIPDv05p6a extro {IS}:! ! --- Array::log() end -------------------------------------
20260908 003943.003 INFO             PET3       ABC-TO-DEF: InitializeIPDv05p6a extro {IS}:!--- FieldLog() end -------------------
20260908 003943.003 INFO             PET3       ABC-TO-DEF: InitializeIPDv05p6a extro {IS}:+-<item: 0002> <itemType: Field> <itemName: sea_surface_temperature>
20260908 003943.003 INFO             PET3       ABC-TO-DEF: InitializeIPDv05p6a extro {IS}:!--- FieldLog() start -----------------
20260908 003943.003 INFO             PET3       ABC-TO-DEF: InitializeIPDv05p6a extro {IS}:! <name: sea_surface_temperature> <fieldStatus: ESMF_FIELDSTATUS_COMPLETE>
20260908 003943.003 INFO             PET3       ABC-TO-DEF: InitializeIPDv05p6a extro {IS}:! 0x7ffe14520d80 => 0xe873b0 => 0xf36860
20260908 003943.003 INFO             PET3       ABC-TO-DEF: InitializeIPDv05p6a extro {IS}:! <typekind: Real*8> <rank:    2> <dimCount:    2>
20260908 003943.003 INFO             PET3       ABC-TO-DEF: InitializeIPDv05p6a extro {IS}:! ! --- Array::log() start -----------------------------------
20260908 003943.003 INFO             PET3       ABC-TO-DEF: InitializeIPDv05p6a extro {IS}:! ! 0xf392f0
20260908 003943.003 INFO             PET3       ABC-TO-DEF: InitializeIPDv05p6a extro {IS}:! ! <name: sea_surface_temperature>
20260908 003943.003 INFO             PET3       ABC-TO-DEF: InitializeIPDv05p6a extro {IS}:! ! ! --- DistGrid::log() start --------------------------------
20260908 003943.003 INFO             PET3       ABC-TO-DEF: InitializeIPDv05p6a extro {IS}:! ! ! 0xf32130
20260908 003943.003 INFO             PET3       ABC-TO-DEF: InitializeIPDv05p6a extro {IS}:! ! ! DistGrid object is valid!<name: DG-global-sloc:0>
20260908 003943.003 INFO             PET3       ABC-TO-DEF: InitializeIPDv05p6a extro {IS}:! ! ! --- DistGrid::log() end ----------------------------------
20260908 003943.003 INFO             PET3       ABC-TO-DEF: InitializeIPDv05p6a extro {IS}:! ! --- Array::log() end -------------------------------------
20260908 003943.003 INFO             PET3       ABC-TO-DEF: InitializeIPDv05p6a extro {IS}:!--- FieldLog() end -------------------
20260908 003943.003 INFO             PET3       ABC-TO-DEF: InitializeIPDv05p6a extro {IS}:--- StateLog() end -------------------
20260908 003943.003 INFO             PET3       ABC-TO-DEF: InitializeIPDv05p6a extro {ES}:--- StateLog() start -----------------
20260908 003943.003 INFO             PET3       ABC-TO-DEF: InitializeIPDv05p6a extro {ES}:<name: DEF-ImportState> <intent: ESMF_STATEINTENT_IMPORT> <itemCount:    2>
20260908 003943.003 INFO             PET3       ABC-TO-DEF: InitializeIPDv05p6a extro {ES}:+-<item: 0001> <itemType: Field> <itemName: sea_surface_height_above_sea_level>
20260908 003943.003 INFO             PET3       ABC-TO-DEF: InitializeIPDv05p6a extro {ES}:!--- FieldLog() start -----------------
20260908 003943.003 INFO             PET3       ABC-TO-DEF: InitializeIPDv05p6a extro {ES}:! <name: sea_surface_height_above_sea_level> <fieldStatus: ESMF_FIELDSTATUS_COMPLETE>
20260908 003943.003 INFO             PET3       ABC-TO-DEF: InitializeIPDv05p6a extro {ES}:! 0x7ffe14520d80 => 0xf8e700 => 0xf8e920
20260908 003943.003 INFO             PET3       ABC-TO-DEF: InitializeIPDv05p6a extro {ES}:! <typekind: Real*4> <rank:    2> <dimCount:    2>
20260908 003943.003 INFO             PET3       ABC-TO-DEF: InitializeIPDv05p6a extro {ES}:! ! --- Array::log() start -----------------------------------
20260908 003943.003 INFO             PET3       ABC-TO-DEF: InitializeIPDv05p6a extro {ES}:! ! 0xf94290
20260908 003943.003 INFO             PET3       ABC-TO-DEF: InitializeIPDv05p6a extro {ES}:! ! <name: sea_surface_height_above_sea_level>
20260908 003943.003 INFO             PET3       ABC-TO-DEF: InitializeIPDv05p6a extro {ES}:! ! ! --- DistGrid::log() start --------------------------------
20260908 003943.003 INFO             PET3       ABC-TO-DEF: InitializeIPDv05p6a extro {ES}:! ! ! 0xf81d40
20260908 003943.003 INFO             PET3       ABC-TO-DEF: InitializeIPDv05p6a extro {ES}:! ! ! DistGrid object is valid!<name: DG-global-sloc:0>
20260908 003943.003 INFO             PET3       ABC-TO-DEF: InitializeIPDv05p6a extro {ES}:! ! ! --- DistGrid::log() end ----------------------------------
20260908 003943.004 INFO             PET3       ABC-TO-DEF: InitializeIPDv05p6a extro {ES}:! ! --- Array::log() end -------------------------------------
20260908 003943.004 INFO             PET3       ABC-TO-DEF: InitializeIPDv05p6a extro {ES}:!--- FieldLog() end -------------------
20260908 003943.004 INFO             PET3       ABC-TO-DEF: InitializeIPDv05p6a extro {ES}:+-<item: 0002> <itemType: Field> <itemName: sea_surface_temperature>
20260908 003943.004 INFO             PET3       ABC-TO-DEF: InitializeIPDv05p6a extro {ES}:!--- FieldLog() start -----------------
20260908 003943.004 INFO             PET3       ABC-TO-DEF: InitializeIPDv05p6a extro {ES}:! <name: sea_surface_temperature> <fieldStatus: ESMF_FIELDSTATUS_COMPLETE>
20260908 003943.004 INFO             PET3       ABC-TO-DEF: InitializeIPDv05p6a extro {ES}:! 0x7ffe14520d80 => 0xf87740 => 0xf87a40
20260908 003943.004 INFO             PET3       ABC-TO-DEF: InitializeIPDv05p6a extro {ES}:! <typekind: Real*4> <rank:    2> <dimCount:    2>
20260908 003943.004 INFO             PET3       ABC-TO-DEF: InitializeIPDv05p6a extro {ES}:! ! --- Array::log() start -----------------------------------
20260908 003943.004 INFO             PET3       ABC-TO-DEF: InitializeIPDv05p6a extro {ES}:! ! 0xf8d070
20260908 003943.004 INFO             PET3       ABC-TO-DEF: InitializeIPDv05p6a extro {ES}:! ! <name: sea_surface_temperature>
20260908 003943.004 INFO             PET3       ABC-TO-DEF: InitializeIPDv05p6a extro {ES}:! ! ! --- DistGrid::log() start --------------------------------
20260908 003943.004 INFO             PET3       ABC-TO-DEF: InitializeIPDv05p6a extro {ES}:! ! ! 0xf81d40
20260908 003943.004 INFO             PET3       ABC-TO-DEF: InitializeIPDv05p6a extro {ES}:! ! ! DistGrid object is valid!<name: DG-global-sloc:0>
20260908 003943.004 INFO             PET3       ABC-TO-DEF: InitializeIPDv05p6a extro {ES}:! ! ! --- DistGrid::log() end ----------------------------------
20260908 003943.004 INFO             PET3       ABC-TO-DEF: InitializeIPDv05p6a extro {ES}:! ! --- Array::log() end -------------------------------------
20260908 003943.004 INFO             PET3       ABC-TO-DEF: InitializeIPDv05p6a extro {ES}:!--- FieldLog() end -------------------
20260908 003943.004 INFO             PET3       ABC-TO-DEF: InitializeIPDv05p6a extro {ES}:--- StateLog() end -------------------
20260908 003943.004 INFO             PET3     ABC-TO-DEF: InitializeIPDv05p6a extro.
20260908 003943.004 INFO             PET3     ABC-TO-DEF: InitializeIPDv05p6b intro.
20260908 003943.004 INFO             PET3       ABC-TO-DEF: InitializeIPDv05p6b intro {IS}:--- StateLog() start -----------------
20260908 003943.004 INFO             PET3       ABC-TO-DEF: InitializeIPDv05p6b intro {IS}:<name: ABC-ExportState> <intent: ESMF_STATEINTENT_EXPORT> <itemCount:    2>
20260908 003943.004 INFO             PET3       ABC-TO-DEF: InitializeIPDv05p6b intro {IS}:+-<item: 0001> <itemType: Field> <itemName: sea_surface_height_above_sea_level>
20260908 003943.004 INFO             PET3       ABC-TO-DEF: InitializeIPDv05p6b intro {IS}:!--- FieldLog() start -----------------
20260908 003943.004 INFO             PET3       ABC-TO-DEF: InitializeIPDv05p6b intro {IS}:! <name: sea_surface_height_above_sea_level> <fieldStatus: ESMF_FIELDSTATUS_COMPLETE>
20260908 003943.004 INFO             PET3       ABC-TO-DEF: InitializeIPDv05p6b intro {IS}:! 0x7ffe1451f3d0 => 0xf3aad0 => 0xf3acf0
20260908 003943.004 INFO             PET3       ABC-TO-DEF: InitializeIPDv05p6b intro {IS}:! <typekind: Real*8> <rank:    2> <dimCount:    2>
20260908 003943.004 INFO             PET3       ABC-TO-DEF: InitializeIPDv05p6b intro {IS}:! ! --- Array::log() start -----------------------------------
20260908 003943.004 INFO             PET3       ABC-TO-DEF: InitializeIPDv05p6b intro {IS}:! ! 0xf3ddb0
20260908 003943.004 INFO             PET3       ABC-TO-DEF: InitializeIPDv05p6b intro {IS}:! ! <name: sea_surface_height_above_sea_level>
20260908 003943.005 INFO             PET3       ABC-TO-DEF: InitializeIPDv05p6b intro {IS}:! ! ! --- DistGrid::log() start --------------------------------
20260908 003943.005 INFO             PET3       ABC-TO-DEF: InitializeIPDv05p6b intro {IS}:! ! ! 0xf32130
20260908 003943.005 INFO             PET3       ABC-TO-DEF: InitializeIPDv05p6b intro {IS}:! ! ! DistGrid object is valid!<name: DG-global-sloc:0>
20260908 003943.005 INFO             PET3       ABC-TO-DEF: InitializeIPDv05p6b intro {IS}:! ! ! --- DistGrid::log() end ----------------------------------
20260908 003943.005 INFO             PET3       ABC-TO-DEF: InitializeIPDv05p6b intro {IS}:! ! --- Array::log() end -------------------------------------
20260908 003943.005 INFO             PET3       ABC-TO-DEF: InitializeIPDv05p6b intro {IS}:!--- FieldLog() end -------------------
20260908 003943.005 INFO             PET3       ABC-TO-DEF: InitializeIPDv05p6b intro {IS}:+-<item: 0002> <itemType: Field> <itemName: sea_surface_temperature>
20260908 003943.005 INFO             PET3       ABC-TO-DEF: InitializeIPDv05p6b intro {IS}:!--- FieldLog() start -----------------
20260908 003943.005 INFO             PET3       ABC-TO-DEF: InitializeIPDv05p6b intro {IS}:! <name: sea_surface_temperature> <fieldStatus: ESMF_FIELDSTATUS_COMPLETE>
20260908 003943.005 INFO             PET3       ABC-TO-DEF: InitializeIPDv05p6b intro {IS}:! 0x7ffe1451f3d0 => 0xe873b0 => 0xf36860
20260908 003943.005 INFO             PET3       ABC-TO-DEF: InitializeIPDv05p6b intro {IS}:! <typekind: Real*8> <rank:    2> <dimCount:    2>
20260908 003943.005 INFO             PET3       ABC-TO-DEF: InitializeIPDv05p6b intro {IS}:! ! --- Array::log() start -----------------------------------
20260908 003943.005 INFO             PET3       ABC-TO-DEF: InitializeIPDv05p6b intro {IS}:! ! 0xf392f0
20260908 003943.005 INFO             PET3       ABC-TO-DEF: InitializeIPDv05p6b intro {IS}:! ! <name: sea_surface_temperature>
20260908 003943.005 INFO             PET3       ABC-TO-DEF: InitializeIPDv05p6b intro {IS}:! ! ! --- DistGrid::log() start --------------------------------
20260908 003943.005 INFO             PET3       ABC-TO-DEF: InitializeIPDv05p6b intro {IS}:! ! ! 0xf32130
20260908 003943.005 INFO             PET3       ABC-TO-DEF: InitializeIPDv05p6b intro {IS}:! ! ! DistGrid object is valid!<name: DG-global-sloc:0>
20260908 003943.005 INFO             PET3       ABC-TO-DEF: InitializeIPDv05p6b intro {IS}:! ! ! --- DistGrid::log() end ----------------------------------
20260908 003943.005 INFO             PET3       ABC-TO-DEF: InitializeIPDv05p6b intro {IS}:! ! --- Array::log() end -------------------------------------
20260908 003943.005 INFO             PET3       ABC-TO-DEF: InitializeIPDv05p6b intro {IS}:!--- FieldLog() end -------------------
20260908 003943.005 INFO             PET3       ABC-TO-DEF: InitializeIPDv05p6b intro {IS}:--- StateLog() end -------------------
20260908 003943.005 INFO             PET3       ABC-TO-DEF: InitializeIPDv05p6b intro {ES}:--- StateLog() start -----------------
20260908 003943.005 INFO             PET3       ABC-TO-DEF: InitializeIPDv05p6b intro {ES}:<name: DEF-ImportState> <intent: ESMF_STATEINTENT_IMPORT> <itemCount:    2>
20260908 003943.005 INFO             PET3       ABC-TO-DEF: InitializeIPDv05p6b intro {ES}:+-<item: 0001> <itemType: Field> <itemName: sea_surface_height_above_sea_level>
20260908 003943.005 INFO             PET3       ABC-TO-DEF: InitializeIPDv05p6b intro {ES}:!--- FieldLog() start -----------------
20260908 003943.005 INFO             PET3       ABC-TO-DEF: InitializeIPDv05p6b intro {ES}:! <name: sea_surface_height_above_sea_level> <fieldStatus: ESMF_FIELDSTATUS_COMPLETE>
20260908 003943.005 INFO             PET3       ABC-TO-DEF: InitializeIPDv05p6b intro {ES}:! 0x7ffe1451f3d0 => 0xf8e700 => 0xf8e920
20260908 003943.005 INFO             PET3       ABC-TO-DEF: InitializeIPDv05p6b intro {ES}:! <typekind: Real*4> <rank:    2> <dimCount:    2>
20260908 003943.005 INFO             PET3       ABC-TO-DEF: InitializeIPDv05p6b intro {ES}:! ! --- Array::log() start -----------------------------------
20260908 003943.005 INFO             PET3       ABC-TO-DEF: InitializeIPDv05p6b intro {ES}:! ! 0xf94290
20260908 003943.005 INFO             PET3       ABC-TO-DEF: InitializeIPDv05p6b intro {ES}:! ! <name: sea_surface_height_above_sea_level>
20260908 003943.005 INFO             PET3       ABC-TO-DEF: InitializeIPDv05p6b intro {ES}:! ! ! --- DistGrid::log() start --------------------------------
20260908 003943.005 INFO             PET3       ABC-TO-DEF: InitializeIPDv05p6b intro {ES}:! ! ! 0xf81d40
20260908 003943.005 INFO             PET3       ABC-TO-DEF: InitializeIPDv05p6b intro {ES}:! ! ! DistGrid object is valid!<name: DG-global-sloc:0>
20260908 003943.005 INFO             PET3       ABC-TO-DEF: InitializeIPDv05p6b intro {ES}:! ! ! --- DistGrid::log() end ----------------------------------
20260908 003943.005 INFO             PET3       ABC-TO-DEF: InitializeIPDv05p6b intro {ES}:! ! --- Array::log() end -------------------------------------
20260908 003943.005 INFO             PET3       ABC-TO-DEF: InitializeIPDv05p6b intro {ES}:!--- FieldLog() end -------------------
20260908 003943.005 INFO             PET3       ABC-TO-DEF: InitializeIPDv05p6b intro {ES}:+-<item: 0002> <itemType: Field> <itemName: sea_surface_temperature>
20260908 003943.005 INFO             PET3       ABC-TO-DEF: InitializeIPDv05p6b intro {ES}:!--- FieldLog() start -----------------
20260908 003943.005 INFO             PET3       ABC-TO-DEF: InitializeIPDv05p6b intro {ES}:! <name: sea_surface_temperature> <fieldStatus: ESMF_FIELDSTATUS_COMPLETE>
20260908 003943.005 INFO             PET3       ABC-TO-DEF: InitializeIPDv05p6b intro {ES}:! 0x7ffe1451f3d0 => 0xf87740 => 0xf87a40
20260908 003943.005 INFO             PET3       ABC-TO-DEF: InitializeIPDv05p6b intro {ES}:! <typekind: Real*4> <rank:    2> <dimCount:    2>
20260908 003943.005 INFO             PET3       ABC-TO-DEF: InitializeIPDv05p6b intro {ES}:! ! --- Array::log() start -----------------------------------
20260908 003943.005 INFO             PET3       ABC-TO-DEF: InitializeIPDv05p6b intro {ES}:! ! 0xf8d070
20260908 003943.005 INFO             PET3       ABC-TO-DEF: InitializeIPDv05p6b intro {ES}:! ! <name: sea_surface_temperature>
20260908 003943.005 INFO             PET3       ABC-TO-DEF: InitializeIPDv05p6b intro {ES}:! ! ! --- DistGrid::log() start --------------------------------
20260908 003943.005 INFO             PET3       ABC-TO-DEF: InitializeIPDv05p6b intro {ES}:! ! ! 0xf81d40
20260908 003943.005 INFO             PET3       ABC-TO-DEF: InitializeIPDv05p6b intro {ES}:! ! ! DistGrid object is valid!<name: DG-global-sloc:0>
20260908 003943.005 INFO             PET3       ABC-TO-DEF: InitializeIPDv05p6b intro {ES}:! ! ! --- DistGrid::log() end ----------------------------------
20260908 003943.005 INFO             PET3       ABC-TO-DEF: InitializeIPDv05p6b intro {ES}:! ! --- Array::log() end -------------------------------------
20260908 003943.005 INFO             PET3       ABC-TO-DEF: InitializeIPDv05p6b intro {ES}:!--- FieldLog() end -------------------
20260908 003943.005 INFO             PET3       ABC-TO-DEF: InitializeIPDv05p6b intro {ES}:--- StateLog() end -------------------
20260908 003943.006 INFO             PET3       ABC-TO-DEF: handle cplList(1): sea_surface_height_above_sea_level, cplSetList(1): __UNSPECIFIED__
20260908 003943.007 INFO             PET3       ABC-TO-DEF: - no Field sharing between import and export side: remap.
20260908 003943.007 INFO             PET3       ABC-TO-DEF: handle cplList(2): sea_surface_temperature, cplSetList(2): __UNSPECIFIED__
20260908 003943.007 INFO             PET3       ABC-TO-DEF: - no Field sharing between import and export side: remap.
20260908 003943.008 DEBUG            PET3       ESMF_FieldBundleRegridStorePair(): srcField: sea_surface_height_above_sea_level dimCount= 2 rank= 2
20260908 003943.008 DEBUG            PET3       ESMF_FieldBundleRegridStorePair(): dstField: sea_surface_height_above_sea_level dimCount= 2 rank= 2
20260908 003943.008 DEBUG            PET3       ESMF_FieldBundleRegridStorePair(): Inside 'rhReuse' branch!
20260908 003943.008 DEBUG            PET3       ESMF_FieldBundleRegridStorePair(): srcGeomtype==ESMF_GEOMTYPE_GRID dimCount= 2
20260908 003943.008 DEBUG            PET3       ESMF_FieldBundleRegridStorePair(): dstGeomtype==ESMF_GEOMTYPE_GRID dimCount= 2
20260908 003943.008 DEBUG            PET3       ESMF_FieldBundleRegridStorePair(): no rhListMatch -> pre-compute new remapping!
20260908 003943.008 DEBUG            PET3       ESMF_FieldBundleRegridStorePair(): must precompute full regridding!
