2026-09-11 02:57:35
20260911 040354.442 INFO             PET0 !!!!!!!!!!!!!!!!!!!!!!!!!!!!!!!!!!!!!!!!!!!!!!!!!!!!!!
20260911 040354.442 INFO             PET0 !!! THE ESMF_LOG IS SET TO OUTPUT ALL LOG MESSAGES !!!
20260911 040354.442 INFO             PET0 !!!     THIS MAY CAUSE SLOWDOWN IN PERFORMANCE     !!!
20260911 040354.442 INFO             PET0 !!! FOR PRODUCTION RUNS, USE:                      !!!
20260911 040354.442 INFO             PET0 !!!                   ESMF_LOGKIND_Multi_On_Error  !!!
20260911 040354.442 INFO             PET0 !!!!!!!!!!!!!!!!!!!!!!!!!!!!!!!!!!!!!!!!!!!!!!!!!!!!!!
20260911 040354.442 INFO             PET0 Running with ESMF Version   : develop+gc12f7f42f7
20260911 040354.442 INFO             PET0 ESMF library build date/time: "Sep 11 2026" "02:54:10"
20260911 040354.442 INFO             PET0 ESMF library build location : /glade/derecho/scratch/sacks/esmf-testing/nvhpc_26.1_mpi_g_develop/esmf
20260911 040354.442 INFO             PET0 ESMF_COMM                   : mpi
20260911 040354.442 INFO             PET0 ESMF_MOAB                   : enabled
20260911 040354.442 INFO             PET0 ESMF_LAPACK                 : enabled
20260911 040354.442 INFO             PET0 ESMF_NETCDF                 : enabled
20260911 040354.442 INFO             PET0 ESMF_PNETCDF                : disabled
20260911 040354.442 INFO             PET0 ESMF_PIO                    : enabled
20260911 040354.442 INFO             PET0 ESMF_YAMLCPP                : enabled
20260911 040354.446 INFO             PET0 =============================================
20260911 040354.446 INFO             PET0 ESMX (Earth System Model eXecutable) STARTING
20260911 040354.446 INFO             PET0 =============================================
20260911 040354.457 DEBUG            PET0 Generic SetVM() is executing for: ESMX_Driver
20260911 040354.458 DEBUG            PET0 Generic SetVM() found no NUOPC Hint for: ESMX_Driver
20260911 040354.458 DEBUG            PET0 Generic SetVM() therefore is NOT calling ESMF_GridCompSetVMMaxPEs() for: ESMX_Driver
20260911 040354.464 INFO             PET0 ESMX_Driver: InitializeGeneric intro.
20260911 040354.465 INFO             PET0   >>>ESMX_Driver: entered Initialize (phase=<none>) without valid internal Clock.
20260911 040354.465 INFO             PET0   ESMX_Driver: InitializeP0 intro.
20260911 040354.465 INFO             PET0     >>>ESMX_Driver: entered Initialize (phase=<none>) without valid internal Clock.
20260911 040354.465 INFO             PET0     <<<ESMX_Driver: leaving Initialize (phase=<none>) without valid internal Clock.
20260911 040354.465 INFO             PET0   ESMX_Driver: InitializeP0 extro.
20260911 040354.465 INFO             PET0   ESMX_Driver: InitializeIPDv02p1 intro.
20260911 040354.465 INFO             PET0     >>>ESMX_Driver: entered Initialize (phase=<none>) without valid internal Clock.
20260911 040354.473 INFO             PET0     ESMX_Driver - Creating model component MDL without petList.
20260911 040354.473 DEBUG            PET0     Generic SetVM() is executing for: MDL
20260911 040354.487 INFO             PET0     ESMX_Driver: IInitAdvertise intro.
20260911 040354.487 INFO             PET0       >>>ESMX_Driver: entered Initialize (phase=<none>) with current time: 2012 10 24 18  0  0   0
20260911 040354.487 INFO             PET0       <<<ESMX_Driver: leaving Initialize (phase=<none>) with current time: 2012 10 24 18  0  0   0
20260911 040354.487 INFO             PET0     ESMX_Driver: IInitAdvertise extro.
20260911 040354.491 INFO             PET0     ESMX_Driver: IInitAdvertiseFinish intro.
20260911 040354.491 INFO             PET0       >>>ESMX_Driver: entered Initialize (phase=<none>) with current time: 2012 10 24 18  0  0   0
20260911 040354.491 INFO             PET0       <<<ESMX_Driver: leaving Initialize (phase=<none>) with current time: 2012 10 24 18  0  0   0
20260911 040354.491 INFO             PET0     ESMX_Driver: IInitAdvertiseFinish extro.
20260911 040354.491 INFO             PET0     ESMX_Driver: IInitModifyCplLists intro.
20260911 040354.491 INFO             PET0       >>>ESMX_Driver: entered Initialize (phase=<none>) with current time: 2012 10 24 18  0  0   0
20260911 040354.492 INFO             PET0       <<<ESMX_Driver: leaving Initialize (phase=<none>) with current time: 2012 10 24 18  0  0   0
20260911 040354.492 INFO             PET0     ESMX_Driver: IInitModifyCplLists extro.
20260911 040354.492 INFO             PET0     <<<ESMX_Driver: leaving Initialize (phase=<none>) with current time: 2012 10 24 18  0  0   0
20260911 040354.492 INFO             PET0   ESMX_Driver: InitializeIPDv02p1 extro.
20260911 040354.492 INFO             PET0   ESMX_Driver: InitializeIPDv02p3 intro.
20260911 040354.492 INFO             PET0     >>>ESMX_Driver: entered Initialize (phase=<none>) with current time: 2012 10 24 18  0  0   0
20260911 040354.492 INFO             PET0     ESMX_Driver: IInitCheck intro.
20260911 040354.492 INFO             PET0       >>>ESMX_Driver: entered Initialize (phase=<none>) with current time: 2012 10 24 18  0  0   0
20260911 040354.492 INFO             PET0       <<<ESMX_Driver: leaving Initialize (phase=<none>) with current time: 2012 10 24 18  0  0   0
20260911 040354.492 INFO             PET0     ESMX_Driver: IInitCheck extro.
20260911 040354.533 INFO             PET0     ESMX_Driver: IInitRealize intro.
20260911 040354.533 INFO             PET0       >>>ESMX_Driver: entered Initialize (phase=<none>) with current time: 2012 10 24 18  0  0   0
20260911 040354.533 INFO             PET0       <<<ESMX_Driver: leaving Initialize (phase=<none>) with current time: 2012 10 24 18  0  0   0
20260911 040354.533 INFO             PET0     ESMX_Driver: IInitRealize extro.
20260911 040354.533 INFO             PET0     <<<ESMX_Driver: leaving Initialize (phase=<none>) with current time: 2012 10 24 18  0  0   0
20260911 040354.533 INFO             PET0   ESMX_Driver: InitializeIPDv02p3 extro.
20260911 040354.533 INFO             PET0   ESMX_Driver: InitializeIPDv02p5 intro.
20260911 040354.534 INFO             PET0     >>>ESMX_Driver: entered Initialize (phase=<none>) with current time: 2012 10 24 18  0  0   0
20260911 040354.534 INFO             PET0     ESMX_Driver: InitializeIPDv02p5Data intro.
20260911 040354.534 INFO             PET0       >>>ESMX_Driver: entered Initialize (phase=<none>) with current time: 2012 10 24 18  0  0   0
20260911 040354.534 INFO             PET0       ESMX_Driver: InternalInitializeComplete intro.
20260911 040354.534 INFO             PET0         >>>ESMX_Driver: entered Initialize (phase=<none>) with current time: 2012 10 24 18  0  0   0
20260911 040354.534 INFO             PET0         <<<ESMX_Driver: leaving Initialize (phase=<none>) with current time: 2012 10 24 18  0  0   0
20260911 040354.534 INFO             PET0       ESMX_Driver: InternalInitializeComplete extro.
20260911 040354.536 INFO             PET0       ESMX_Driver: loopDataDependentInitialize intro.
20260911 040354.536 INFO             PET0         >>>ESMX_Driver: entered Initialize (phase=<none>) with current time: 2012 10 24 18  0  0   0
20260911 040354.536 INFO             PET0         <<<ESMX_Driver: leaving Initialize (phase=<none>) with current time: 2012 10 24 18  0  0   0
20260911 040354.536 INFO             PET0       ESMX_Driver: loopDataDependentInitialize extro.
20260911 040354.536 INFO             PET0       <<<ESMX_Driver: leaving Initialize (phase=<none>) with current time: 2012 10 24 18  0  0   0
20260911 040354.536 INFO             PET0     ESMX_Driver: InitializeIPDv02p5Data extro.
20260911 040354.536 INFO             PET0     <<<ESMX_Driver: leaving Initialize (phase=<none>) with current time: 2012 10 24 18  0  0   0
20260911 040354.536 INFO             PET0   ESMX_Driver: InitializeIPDv02p5 extro.
20260911 040354.536 INFO             PET0   <<<ESMX_Driver: leaving Initialize (phase=<none>) with current time: 2012 10 24 18  0  0   0
20260911 040354.536 INFO             PET0 ESMX_Driver: InitializeGeneric extro.
20260911 040354.536 INFO             PET0 ESMX_Driver: Run intro.
20260911 040354.536 INFO             PET0   >>>ESMX_Driver: entered Run (phase=RunPhase1) with current time: 2012 10 24 18  0  0   0
20260911 040354.537 INFO             PET0   SIMOCO Advance(): --- VMK::log() start -------------------------------------
20260911 040354.537 INFO             PET0   SIMOCO Advance(): vm located at: 0x3bb77ab0
20260911 040354.537 INFO             PET0   SIMOCO Advance(): mpionly=1 threadsflag=0
20260911 040354.537 INFO             PET0   SIMOCO Advance(): ssiCount=1 localSsi=0
20260911 040354.537 INFO             PET0   SIMOCO Advance(): devCount=0 ssiLocalDevCount=0
20260911 040354.537 INFO             PET0   SIMOCO Advance(): petCount=4 ssiLocalPetCount=4
20260911 040354.537 INFO             PET0   SIMOCO Advance(): localPet=0 mypthid=22631403275200 ssiLocalPet=0 currentSsiPe=0
20260911 040354.537 INFO             PET0   SIMOCO Advance(): Current system level affinity pinning for local PET:
20260911 040354.537 INFO             PET0   SIMOCO Advance():  SSIPE=0
20260911 040354.537 INFO             PET0   SIMOCO Advance(): Current system level OMP_NUM_THREADS setting for local PET: 1
20260911 040354.537 INFO             PET0   SIMOCO Advance(): Current system level OMP_NUM_PROCS setting for local PET: 1
20260911 040354.537 INFO             PET0   SIMOCO Advance(): ESMF level logical PET->PE association (but consider system level affinity pinning!):
20260911 040354.537 INFO             PET0   SIMOCO Advance(): PET=0 lpid=0 tid=0 pid=0 peCount=1 accCount=0
20260911 040354.537 INFO             PET0   SIMOCO Advance():  PE=0 SSI=0 SSIPE=0
20260911 040354.537 INFO             PET0   SIMOCO Advance(): PET=1 lpid=1 tid=0 pid=1 peCount=1 accCount=0
20260911 040354.537 INFO             PET0   SIMOCO Advance():  PE=1 SSI=0 SSIPE=1
20260911 040354.537 INFO             PET0   SIMOCO Advance(): PET=2 lpid=2 tid=0 pid=2 peCount=1 accCount=0
20260911 040354.537 INFO             PET0   SIMOCO Advance():  PE=2 SSI=0 SSIPE=2
20260911 040354.537 INFO             PET0   SIMOCO Advance(): PET=3 lpid=3 tid=0 pid=3 peCount=1 accCount=0
20260911 040354.537 INFO             PET0   SIMOCO Advance():  PE=3 SSI=0 SSIPE=3
20260911 040354.537 INFO             PET0   SIMOCO Advance(): --- VMK::log() end ---------------------------------------
20260911 040354.537 INFO             PET0   ------>Advancing SIMOCO from: 2012 10 24 18  0  0   0
20260911 040354.537 INFO             PET0   ---------------------> to: 2012 10 24 18  5  0   0
20260911 040354.537 INFO             PET0   SIMOCO Advance(): --- VMK::log() start -------------------------------------
20260911 040354.537 INFO             PET0   SIMOCO Advance(): vm located at: 0x3bb77ab0
20260911 040354.537 INFO             PET0   SIMOCO Advance(): mpionly=1 threadsflag=0
20260911 040354.537 INFO             PET0   SIMOCO Advance(): ssiCount=1 localSsi=0
20260911 040354.537 INFO             PET0   SIMOCO Advance(): devCount=0 ssiLocalDevCount=0
20260911 040354.537 INFO             PET0   SIMOCO Advance(): petCount=4 ssiLocalPetCount=4
20260911 040354.537 INFO             PET0   SIMOCO Advance(): localPet=0 mypthid=22631403275200 ssiLocalPet=0 currentSsiPe=0
20260911 040354.537 INFO             PET0   SIMOCO Advance(): Current system level affinity pinning for local PET:
20260911 040354.537 INFO             PET0   SIMOCO Advance():  SSIPE=0
20260911 040354.537 INFO             PET0   SIMOCO Advance(): Current system level OMP_NUM_THREADS setting for local PET: 1
20260911 040354.537 INFO             PET0   SIMOCO Advance(): Current system level OMP_NUM_PROCS setting for local PET: 1
20260911 040354.537 INFO             PET0   SIMOCO Advance(): ESMF level logical PET->PE association (but consider system level affinity pinning!):
20260911 040354.537 INFO             PET0   SIMOCO Advance(): PET=0 lpid=0 tid=0 pid=0 peCount=1 accCount=0
20260911 040354.537 INFO             PET0   SIMOCO Advance():  PE=0 SSI=0 SSIPE=0
20260911 040354.537 INFO             PET0   SIMOCO Advance(): PET=1 lpid=1 tid=0 pid=1 peCount=1 accCount=0
20260911 040354.537 INFO             PET0   SIMOCO Advance():  PE=1 SSI=0 SSIPE=1
20260911 040354.537 INFO             PET0   SIMOCO Advance(): PET=2 lpid=2 tid=0 pid=2 peCount=1 accCount=0
20260911 040354.537 INFO             PET0   SIMOCO Advance():  PE=2 SSI=0 SSIPE=2
20260911 040354.537 INFO             PET0   SIMOCO Advance(): PET=3 lpid=3 tid=0 pid=3 peCount=1 accCount=0
20260911 040354.537 INFO             PET0   SIMOCO Advance():  PE=3 SSI=0 SSIPE=3
20260911 040354.537 INFO             PET0   SIMOCO Advance(): --- VMK::log() end ---------------------------------------
20260911 040354.537 INFO             PET0   ------>Advancing SIMOCO from: 2012 10 24 18  5  0   0
20260911 040354.537 INFO             PET0   ---------------------> to: 2012 10 24 18 10  0   0
20260911 040354.537 INFO             PET0   SIMOCO Advance(): --- VMK::log() start -------------------------------------
20260911 040354.537 INFO             PET0   SIMOCO Advance(): vm located at: 0x3bb77ab0
20260911 040354.537 INFO             PET0   SIMOCO Advance(): mpionly=1 threadsflag=0
20260911 040354.537 INFO             PET0   SIMOCO Advance(): ssiCount=1 localSsi=0
20260911 040354.537 INFO             PET0   SIMOCO Advance(): devCount=0 ssiLocalDevCount=0
20260911 040354.537 INFO             PET0   SIMOCO Advance(): petCount=4 ssiLocalPetCount=4
20260911 040354.537 INFO             PET0   SIMOCO Advance(): localPet=0 mypthid=22631403275200 ssiLocalPet=0 currentSsiPe=0
20260911 040354.537 INFO             PET0   SIMOCO Advance(): Current system level affinity pinning for local PET:
20260911 040354.537 INFO             PET0   SIMOCO Advance():  SSIPE=0
20260911 040354.537 INFO             PET0   SIMOCO Advance(): Current system level OMP_NUM_THREADS setting for local PET: 1
20260911 040354.537 INFO             PET0   SIMOCO Advance(): Current system level OMP_NUM_PROCS setting for local PET: 1
20260911 040354.537 INFO             PET0   SIMOCO Advance(): ESMF level logical PET->PE association (but consider system level affinity pinning!):
20260911 040354.537 INFO             PET0   SIMOCO Advance(): PET=0 lpid=0 tid=0 pid=0 peCount=1 accCount=0
20260911 040354.537 INFO             PET0   SIMOCO Advance():  PE=0 SSI=0 SSIPE=0
20260911 040354.537 INFO             PET0   SIMOCO Advance(): PET=1 lpid=1 tid=0 pid=1 peCount=1 accCount=0
20260911 040354.537 INFO             PET0   SIMOCO Advance():  PE=1 SSI=0 SSIPE=1
20260911 040354.537 INFO             PET0   SIMOCO Advance(): PET=2 lpid=2 tid=0 pid=2 peCount=1 accCount=0
20260911 040354.537 INFO             PET0   SIMOCO Advance():  PE=2 SSI=0 SSIPE=2
20260911 040354.537 INFO             PET0   SIMOCO Advance(): PET=3 lpid=3 tid=0 pid=3 peCount=1 accCount=0
20260911 040354.537 INFO             PET0   SIMOCO Advance():  PE=3 SSI=0 SSIPE=3
20260911 040354.537 INFO             PET0   SIMOCO Advance(): --- VMK::log() end ---------------------------------------
20260911 040354.537 INFO             PET0   ------>Advancing SIMOCO from: 2012 10 24 18 10  0   0
20260911 040354.537 INFO             PET0   ---------------------> to: 2012 10 24 18 15  0   0
20260911 040354.538 INFO             PET0   SIMOCO Advance(): --- VMK::log() start -------------------------------------
20260911 040354.538 INFO             PET0   SIMOCO Advance(): vm located at: 0x3bb77ab0
20260911 040354.538 INFO             PET0   SIMOCO Advance(): mpionly=1 threadsflag=0
20260911 040354.538 INFO             PET0   SIMOCO Advance(): ssiCount=1 localSsi=0
20260911 040354.538 INFO             PET0   SIMOCO Advance(): devCount=0 ssiLocalDevCount=0
20260911 040354.538 INFO             PET0   SIMOCO Advance(): petCount=4 ssiLocalPetCount=4
20260911 040354.538 INFO             PET0   SIMOCO Advance(): localPet=0 mypthid=22631403275200 ssiLocalPet=0 currentSsiPe=0
20260911 040354.538 INFO             PET0   SIMOCO Advance(): Current system level affinity pinning for local PET:
20260911 040354.538 INFO             PET0   SIMOCO Advance():  SSIPE=0
20260911 040354.538 INFO             PET0   SIMOCO Advance(): Current system level OMP_NUM_THREADS setting for local PET: 1
20260911 040354.538 INFO             PET0   SIMOCO Advance(): Current system level OMP_NUM_PROCS setting for local PET: 1
20260911 040354.538 INFO             PET0   SIMOCO Advance(): ESMF level logical PET->PE association (but consider system level affinity pinning!):
20260911 040354.538 INFO             PET0   SIMOCO Advance(): PET=0 lpid=0 tid=0 pid=0 peCount=1 accCount=0
20260911 040354.538 INFO             PET0   SIMOCO Advance():  PE=0 SSI=0 SSIPE=0
20260911 040354.538 INFO             PET0   SIMOCO Advance(): PET=1 lpid=1 tid=0 pid=1 peCount=1 accCount=0
20260911 040354.538 INFO             PET0   SIMOCO Advance():  PE=1 SSI=0 SSIPE=1
20260911 040354.538 INFO             PET0   SIMOCO Advance(): PET=2 lpid=2 tid=0 pid=2 peCount=1 accCount=0
20260911 040354.538 INFO             PET0   SIMOCO Advance():  PE=2 SSI=0 SSIPE=2
20260911 040354.538 INFO             PET0   SIMOCO Advance(): PET=3 lpid=3 tid=0 pid=3 peCount=1 accCount=0
20260911 040354.538 INFO             PET0   SIMOCO Advance():  PE=3 SSI=0 SSIPE=3
20260911 040354.538 INFO             PET0   SIMOCO Advance(): --- VMK::log() end ---------------------------------------
20260911 040354.538 INFO             PET0   ------>Advancing SIMOCO from: 2012 10 24 18 15  0   0
20260911 040354.538 INFO             PET0   ---------------------> to: 2012 10 24 18 20  0   0
20260911 040354.538 INFO             PET0   SIMOCO Advance(): --- VMK::log() start -------------------------------------
20260911 040354.538 INFO             PET0   SIMOCO Advance(): vm located at: 0x3bb77ab0
20260911 040354.538 INFO             PET0   SIMOCO Advance(): mpionly=1 threadsflag=0
20260911 040354.538 INFO             PET0   SIMOCO Advance(): ssiCount=1 localSsi=0
20260911 040354.538 INFO             PET0   SIMOCO Advance(): devCount=0 ssiLocalDevCount=0
20260911 040354.538 INFO             PET0   SIMOCO Advance(): petCount=4 ssiLocalPetCount=4
20260911 040354.538 INFO             PET0   SIMOCO Advance(): localPet=0 mypthid=22631403275200 ssiLocalPet=0 currentSsiPe=0
20260911 040354.538 INFO             PET0   SIMOCO Advance(): Current system level affinity pinning for local PET:
20260911 040354.538 INFO             PET0   SIMOCO Advance():  SSIPE=0
20260911 040354.538 INFO             PET0   SIMOCO Advance(): Current system level OMP_NUM_THREADS setting for local PET: 1
20260911 040354.538 INFO             PET0   SIMOCO Advance(): Current system level OMP_NUM_PROCS setting for local PET: 1
20260911 040354.538 INFO             PET0   SIMOCO Advance(): ESMF level logical PET->PE association (but consider system level affinity pinning!):
20260911 040354.538 INFO             PET0   SIMOCO Advance(): PET=0 lpid=0 tid=0 pid=0 peCount=1 accCount=0
20260911 040354.538 INFO             PET0   SIMOCO Advance():  PE=0 SSI=0 SSIPE=0
20260911 040354.538 INFO             PET0   SIMOCO Advance(): PET=1 lpid=1 tid=0 pid=1 peCount=1 accCount=0
20260911 040354.538 INFO             PET0   SIMOCO Advance():  PE=1 SSI=0 SSIPE=1
20260911 040354.538 INFO             PET0   SIMOCO Advance(): PET=2 lpid=2 tid=0 pid=2 peCount=1 accCount=0
20260911 040354.538 INFO             PET0   SIMOCO Advance():  PE=2 SSI=0 SSIPE=2
20260911 040354.538 INFO             PET0   SIMOCO Advance(): PET=3 lpid=3 tid=0 pid=3 peCount=1 accCount=0
20260911 040354.538 INFO             PET0   SIMOCO Advance():  PE=3 SSI=0 SSIPE=3
20260911 040354.538 INFO             PET0   SIMOCO Advance(): --- VMK::log() end ---------------------------------------
20260911 040354.538 INFO             PET0   ------>Advancing SIMOCO from: 2012 10 24 18 20  0   0
20260911 040354.538 INFO             PET0   ---------------------> to: 2012 10 24 18 25  0   0
20260911 040354.538 INFO             PET0   SIMOCO Advance(): --- VMK::log() start -------------------------------------
20260911 040354.538 INFO             PET0   SIMOCO Advance(): vm located at: 0x3bb77ab0
20260911 040354.538 INFO             PET0   SIMOCO Advance(): mpionly=1 threadsflag=0
20260911 040354.538 INFO             PET0   SIMOCO Advance(): ssiCount=1 localSsi=0
20260911 040354.538 INFO             PET0   SIMOCO Advance(): devCount=0 ssiLocalDevCount=0
20260911 040354.538 INFO             PET0   SIMOCO Advance(): petCount=4 ssiLocalPetCount=4
20260911 040354.538 INFO             PET0   SIMOCO Advance(): localPet=0 mypthid=22631403275200 ssiLocalPet=0 currentSsiPe=0
20260911 040354.538 INFO             PET0   SIMOCO Advance(): Current system level affinity pinning for local PET:
20260911 040354.538 INFO             PET0   SIMOCO Advance():  SSIPE=0
20260911 040354.538 INFO             PET0   SIMOCO Advance(): Current system level OMP_NUM_THREADS setting for local PET: 1
20260911 040354.538 INFO             PET0   SIMOCO Advance(): Current system level OMP_NUM_PROCS setting for local PET: 1
20260911 040354.538 INFO             PET0   SIMOCO Advance(): ESMF level logical PET->PE association (but consider system level affinity pinning!):
20260911 040354.538 INFO             PET0   SIMOCO Advance(): PET=0 lpid=0 tid=0 pid=0 peCount=1 accCount=0
20260911 040354.538 INFO             PET0   SIMOCO Advance():  PE=0 SSI=0 SSIPE=0
20260911 040354.538 INFO             PET0   SIMOCO Advance(): PET=1 lpid=1 tid=0 pid=1 peCount=1 accCount=0
20260911 040354.538 INFO             PET0   SIMOCO Advance():  PE=1 SSI=0 SSIPE=1
20260911 040354.538 INFO             PET0   SIMOCO Advance(): PET=2 lpid=2 tid=0 pid=2 peCount=1 accCount=0
20260911 040354.538 INFO             PET0   SIMOCO Advance():  PE=2 SSI=0 SSIPE=2
20260911 040354.538 INFO             PET0   SIMOCO Advance(): PET=3 lpid=3 tid=0 pid=3 peCount=1 accCount=0
20260911 040354.538 INFO             PET0   SIMOCO Advance():  PE=3 SSI=0 SSIPE=3
20260911 040354.538 INFO             PET0   SIMOCO Advance(): --- VMK::log() end ---------------------------------------
20260911 040354.538 INFO             PET0   ------>Advancing SIMOCO from: 2012 10 24 18 25  0   0
20260911 040354.538 INFO             PET0   ---------------------> to: 2012 10 24 18 30  0   0
20260911 040354.538 INFO             PET0   SIMOCO Advance(): --- VMK::log() start -------------------------------------
20260911 040354.538 INFO             PET0   SIMOCO Advance(): vm located at: 0x3bb77ab0
20260911 040354.538 INFO             PET0   SIMOCO Advance(): mpionly=1 threadsflag=0
20260911 040354.538 INFO             PET0   SIMOCO Advance(): ssiCount=1 localSsi=0
20260911 040354.538 INFO             PET0   SIMOCO Advance(): devCount=0 ssiLocalDevCount=0
20260911 040354.538 INFO             PET0   SIMOCO Advance(): petCount=4 ssiLocalPetCount=4
20260911 040354.538 INFO             PET0   SIMOCO Advance(): localPet=0 mypthid=22631403275200 ssiLocalPet=0 currentSsiPe=0
20260911 040354.538 INFO             PET0   SIMOCO Advance(): Current system level affinity pinning for local PET:
20260911 040354.538 INFO             PET0   SIMOCO Advance():  SSIPE=0
20260911 040354.538 INFO             PET0   SIMOCO Advance(): Current system level OMP_NUM_THREADS setting for local PET: 1
20260911 040354.538 INFO             PET0   SIMOCO Advance(): Current system level OMP_NUM_PROCS setting for local PET: 1
20260911 040354.538 INFO             PET0   SIMOCO Advance(): ESMF level logical PET->PE association (but consider system level affinity pinning!):
20260911 040354.538 INFO             PET0   SIMOCO Advance(): PET=0 lpid=0 tid=0 pid=0 peCount=1 accCount=0
20260911 040354.538 INFO             PET0   SIMOCO Advance():  PE=0 SSI=0 SSIPE=0
20260911 040354.538 INFO             PET0   SIMOCO Advance(): PET=1 lpid=1 tid=0 pid=1 peCount=1 accCount=0
20260911 040354.538 INFO             PET0   SIMOCO Advance():  PE=1 SSI=0 SSIPE=1
20260911 040354.538 INFO             PET0   SIMOCO Advance(): PET=2 lpid=2 tid=0 pid=2 peCount=1 accCount=0
20260911 040354.538 INFO             PET0   SIMOCO Advance():  PE=2 SSI=0 SSIPE=2
20260911 040354.538 INFO             PET0   SIMOCO Advance(): PET=3 lpid=3 tid=0 pid=3 peCount=1 accCount=0
20260911 040354.538 INFO             PET0   SIMOCO Advance():  PE=3 SSI=0 SSIPE=3
20260911 040354.538 INFO             PET0   SIMOCO Advance(): --- VMK::log() end ---------------------------------------
20260911 040354.538 INFO             PET0   ------>Advancing SIMOCO from: 2012 10 24 18 30  0   0
20260911 040354.538 INFO             PET0   ---------------------> to: 2012 10 24 18 35  0   0
20260911 040354.538 INFO             PET0   SIMOCO Advance(): --- VMK::log() start -------------------------------------
20260911 040354.538 INFO             PET0   SIMOCO Advance(): vm located at: 0x3bb77ab0
20260911 040354.538 INFO             PET0   SIMOCO Advance(): mpionly=1 threadsflag=0
20260911 040354.538 INFO             PET0   SIMOCO Advance(): ssiCount=1 localSsi=0
20260911 040354.538 INFO             PET0   SIMOCO Advance(): devCount=0 ssiLocalDevCount=0
20260911 040354.538 INFO             PET0   SIMOCO Advance(): petCount=4 ssiLocalPetCount=4
20260911 040354.538 INFO             PET0   SIMOCO Advance(): localPet=0 mypthid=22631403275200 ssiLocalPet=0 currentSsiPe=0
20260911 040354.538 INFO             PET0   SIMOCO Advance(): Current system level affinity pinning for local PET:
20260911 040354.538 INFO             PET0   SIMOCO Advance():  SSIPE=0
20260911 040354.538 INFO             PET0   SIMOCO Advance(): Current system level OMP_NUM_THREADS setting for local PET: 1
20260911 040354.538 INFO             PET0   SIMOCO Advance(): Current system level OMP_NUM_PROCS setting for local PET: 1
20260911 040354.538 INFO             PET0   SIMOCO Advance(): ESMF level logical PET->PE association (but consider system level affinity pinning!):
20260911 040354.538 INFO             PET0   SIMOCO Advance(): PET=0 lpid=0 tid=0 pid=0 peCount=1 accCount=0
20260911 040354.538 INFO             PET0   SIMOCO Advance():  PE=0 SSI=0 SSIPE=0
20260911 040354.538 INFO             PET0   SIMOCO Advance(): PET=1 lpid=1 tid=0 pid=1 peCount=1 accCount=0
20260911 040354.538 INFO             PET0   SIMOCO Advance():  PE=1 SSI=0 SSIPE=1
20260911 040354.539 INFO             PET0   SIMOCO Advance(): PET=2 lpid=2 tid=0 pid=2 peCount=1 accCount=0
20260911 040354.539 INFO             PET0   SIMOCO Advance():  PE=2 SSI=0 SSIPE=2
20260911 040354.539 INFO             PET0   SIMOCO Advance(): PET=3 lpid=3 tid=0 pid=3 peCount=1 accCount=0
20260911 040354.539 INFO             PET0   SIMOCO Advance():  PE=3 SSI=0 SSIPE=3
20260911 040354.539 INFO             PET0   SIMOCO Advance(): --- VMK::log() end ---------------------------------------
20260911 040354.539 INFO             PET0   ------>Advancing SIMOCO from: 2012 10 24 18 35  0   0
20260911 040354.539 INFO             PET0   ---------------------> to: 2012 10 24 18 40  0   0
20260911 040354.539 INFO             PET0   SIMOCO Advance(): --- VMK::log() start -------------------------------------
20260911 040354.539 INFO             PET0   SIMOCO Advance(): vm located at: 0x3bb77ab0
20260911 040354.539 INFO             PET0   SIMOCO Advance(): mpionly=1 threadsflag=0
20260911 040354.539 INFO             PET0   SIMOCO Advance(): ssiCount=1 localSsi=0
20260911 040354.539 INFO             PET0   SIMOCO Advance(): devCount=0 ssiLocalDevCount=0
20260911 040354.539 INFO             PET0   SIMOCO Advance(): petCount=4 ssiLocalPetCount=4
20260911 040354.539 INFO             PET0   SIMOCO Advance(): localPet=0 mypthid=22631403275200 ssiLocalPet=0 currentSsiPe=0
20260911 040354.539 INFO             PET0   SIMOCO Advance(): Current system level affinity pinning for local PET:
20260911 040354.539 INFO             PET0   SIMOCO Advance():  SSIPE=0
20260911 040354.539 INFO             PET0   SIMOCO Advance(): Current system level OMP_NUM_THREADS setting for local PET: 1
20260911 040354.539 INFO             PET0   SIMOCO Advance(): Current system level OMP_NUM_PROCS setting for local PET: 1
20260911 040354.539 INFO             PET0   SIMOCO Advance(): ESMF level logical PET->PE association (but consider system level affinity pinning!):
20260911 040354.539 INFO             PET0   SIMOCO Advance(): PET=0 lpid=0 tid=0 pid=0 peCount=1 accCount=0
20260911 040354.539 INFO             PET0   SIMOCO Advance():  PE=0 SSI=0 SSIPE=0
20260911 040354.539 INFO             PET0   SIMOCO Advance(): PET=1 lpid=1 tid=0 pid=1 peCount=1 accCount=0
20260911 040354.539 INFO             PET0   SIMOCO Advance():  PE=1 SSI=0 SSIPE=1
20260911 040354.539 INFO             PET0   SIMOCO Advance(): PET=2 lpid=2 tid=0 pid=2 peCount=1 accCount=0
20260911 040354.539 INFO             PET0   SIMOCO Advance():  PE=2 SSI=0 SSIPE=2
20260911 040354.539 INFO             PET0   SIMOCO Advance(): PET=3 lpid=3 tid=0 pid=3 peCount=1 accCount=0
20260911 040354.539 INFO             PET0   SIMOCO Advance():  PE=3 SSI=0 SSIPE=3
20260911 040354.539 INFO             PET0   SIMOCO Advance(): --- VMK::log() end ---------------------------------------
20260911 040354.539 INFO             PET0   ------>Advancing SIMOCO from: 2012 10 24 18 40  0   0
20260911 040354.539 INFO             PET0   ---------------------> to: 2012 10 24 18 45  0   0
20260911 040354.539 INFO             PET0   SIMOCO Advance(): --- VMK::log() start -------------------------------------
20260911 040354.539 INFO             PET0   SIMOCO Advance(): vm located at: 0x3bb77ab0
20260911 040354.539 INFO             PET0   SIMOCO Advance(): mpionly=1 threadsflag=0
20260911 040354.539 INFO             PET0   SIMOCO Advance(): ssiCount=1 localSsi=0
20260911 040354.539 INFO             PET0   SIMOCO Advance(): devCount=0 ssiLocalDevCount=0
20260911 040354.539 INFO             PET0   SIMOCO Advance(): petCount=4 ssiLocalPetCount=4
20260911 040354.539 INFO             PET0   SIMOCO Advance(): localPet=0 mypthid=22631403275200 ssiLocalPet=0 currentSsiPe=0
20260911 040354.539 INFO             PET0   SIMOCO Advance(): Current system level affinity pinning for local PET:
20260911 040354.539 INFO             PET0   SIMOCO Advance():  SSIPE=0
20260911 040354.539 INFO             PET0   SIMOCO Advance(): Current system level OMP_NUM_THREADS setting for local PET: 1
20260911 040354.539 INFO             PET0   SIMOCO Advance(): Current system level OMP_NUM_PROCS setting for local PET: 1
20260911 040354.539 INFO             PET0   SIMOCO Advance(): ESMF level logical PET->PE association (but consider system level affinity pinning!):
20260911 040354.539 INFO             PET0   SIMOCO Advance(): PET=0 lpid=0 tid=0 pid=0 peCount=1 accCount=0
20260911 040354.539 INFO             PET0   SIMOCO Advance():  PE=0 SSI=0 SSIPE=0
20260911 040354.539 INFO             PET0   SIMOCO Advance(): PET=1 lpid=1 tid=0 pid=1 peCount=1 accCount=0
20260911 040354.539 INFO             PET0   SIMOCO Advance():  PE=1 SSI=0 SSIPE=1
20260911 040354.539 INFO             PET0   SIMOCO Advance(): PET=2 lpid=2 tid=0 pid=2 peCount=1 accCount=0
20260911 040354.539 INFO             PET0   SIMOCO Advance():  PE=2 SSI=0 SSIPE=2
20260911 040354.539 INFO             PET0   SIMOCO Advance(): PET=3 lpid=3 tid=0 pid=3 peCount=1 accCount=0
20260911 040354.539 INFO             PET0   SIMOCO Advance():  PE=3 SSI=0 SSIPE=3
20260911 040354.539 INFO             PET0   SIMOCO Advance(): --- VMK::log() end ---------------------------------------
20260911 040354.539 INFO             PET0   ------>Advancing SIMOCO from: 2012 10 24 18 45  0   0
20260911 040354.539 INFO             PET0   ---------------------> to: 2012 10 24 18 50  0   0
20260911 040354.539 INFO             PET0   SIMOCO Advance(): --- VMK::log() start -------------------------------------
20260911 040354.539 INFO             PET0   SIMOCO Advance(): vm located at: 0x3bb77ab0
20260911 040354.539 INFO             PET0   SIMOCO Advance(): mpionly=1 threadsflag=0
20260911 040354.539 INFO             PET0   SIMOCO Advance(): ssiCount=1 localSsi=0
20260911 040354.539 INFO             PET0   SIMOCO Advance(): devCount=0 ssiLocalDevCount=0
20260911 040354.539 INFO             PET0   SIMOCO Advance(): petCount=4 ssiLocalPetCount=4
20260911 040354.539 INFO             PET0   SIMOCO Advance(): localPet=0 mypthid=22631403275200 ssiLocalPet=0 currentSsiPe=0
20260911 040354.539 INFO             PET0   SIMOCO Advance(): Current system level affinity pinning for local PET:
20260911 040354.539 INFO             PET0   SIMOCO Advance():  SSIPE=0
20260911 040354.539 INFO             PET0   SIMOCO Advance(): Current system level OMP_NUM_THREADS setting for local PET: 1
20260911 040354.539 INFO             PET0   SIMOCO Advance(): Current system level OMP_NUM_PROCS setting for local PET: 1
20260911 040354.539 INFO             PET0   SIMOCO Advance(): ESMF level logical PET->PE association (but consider system level affinity pinning!):
20260911 040354.539 INFO             PET0   SIMOCO Advance(): PET=0 lpid=0 tid=0 pid=0 peCount=1 accCount=0
20260911 040354.539 INFO             PET0   SIMOCO Advance():  PE=0 SSI=0 SSIPE=0
20260911 040354.539 INFO             PET0   SIMOCO Advance(): PET=1 lpid=1 tid=0 pid=1 peCount=1 accCount=0
20260911 040354.539 INFO             PET0   SIMOCO Advance():  PE=1 SSI=0 SSIPE=1
20260911 040354.539 INFO             PET0   SIMOCO Advance(): PET=2 lpid=2 tid=0 pid=2 peCount=1 accCount=0
20260911 040354.539 INFO             PET0   SIMOCO Advance():  PE=2 SSI=0 SSIPE=2
20260911 040354.539 INFO             PET0   SIMOCO Advance(): PET=3 lpid=3 tid=0 pid=3 peCount=1 accCount=0
20260911 040354.539 INFO             PET0   SIMOCO Advance():  PE=3 SSI=0 SSIPE=3
20260911 040354.539 INFO             PET0   SIMOCO Advance(): --- VMK::log() end ---------------------------------------
20260911 040354.539 INFO             PET0   ------>Advancing SIMOCO from: 2012 10 24 18 50  0   0
20260911 040354.539 INFO             PET0   ---------------------> to: 2012 10 24 18 55  0   0
20260911 040354.539 INFO             PET0   SIMOCO Advance(): --- VMK::log() start -------------------------------------
20260911 040354.539 INFO             PET0   SIMOCO Advance(): vm located at: 0x3bb77ab0
20260911 040354.539 INFO             PET0   SIMOCO Advance(): mpionly=1 threadsflag=0
20260911 040354.539 INFO             PET0   SIMOCO Advance(): ssiCount=1 localSsi=0
20260911 040354.539 INFO             PET0   SIMOCO Advance(): devCount=0 ssiLocalDevCount=0
20260911 040354.539 INFO             PET0   SIMOCO Advance(): petCount=4 ssiLocalPetCount=4
20260911 040354.539 INFO             PET0   SIMOCO Advance(): localPet=0 mypthid=22631403275200 ssiLocalPet=0 currentSsiPe=0
20260911 040354.539 INFO             PET0   SIMOCO Advance(): Current system level affinity pinning for local PET:
20260911 040354.539 INFO             PET0   SIMOCO Advance():  SSIPE=0
20260911 040354.539 INFO             PET0   SIMOCO Advance(): Current system level OMP_NUM_THREADS setting for local PET: 1
20260911 040354.539 INFO             PET0   SIMOCO Advance(): Current system level OMP_NUM_PROCS setting for local PET: 1
20260911 040354.539 INFO             PET0   SIMOCO Advance(): ESMF level logical PET->PE association (but consider system level affinity pinning!):
20260911 040354.539 INFO             PET0   SIMOCO Advance(): PET=0 lpid=0 tid=0 pid=0 peCount=1 accCount=0
20260911 040354.539 INFO             PET0   SIMOCO Advance():  PE=0 SSI=0 SSIPE=0
20260911 040354.539 INFO             PET0   SIMOCO Advance(): PET=1 lpid=1 tid=0 pid=1 peCount=1 accCount=0
20260911 040354.539 INFO             PET0   SIMOCO Advance():  PE=1 SSI=0 SSIPE=1
20260911 040354.539 INFO             PET0   SIMOCO Advance(): PET=2 lpid=2 tid=0 pid=2 peCount=1 accCount=0
20260911 040354.539 INFO             PET0   SIMOCO Advance():  PE=2 SSI=0 SSIPE=2
20260911 040354.539 INFO             PET0   SIMOCO Advance(): PET=3 lpid=3 tid=0 pid=3 peCount=1 accCount=0
20260911 040354.539 INFO             PET0   SIMOCO Advance():  PE=3 SSI=0 SSIPE=3
20260911 040354.539 INFO             PET0   SIMOCO Advance(): --- VMK::log() end ---------------------------------------
20260911 040354.539 INFO             PET0   ------>Advancing SIMOCO from: 2012 10 24 18 55  0   0
20260911 040354.539 INFO             PET0   ---------------------> to: 2012 10 24 19  0  0   0
20260911 040354.539 INFO             PET0   <<<ESMX_Driver: leaving Run (phase=RunPhase1) with current time: 2012 10 24 19  0  0   0
20260911 040354.539 INFO             PET0 ESMX_Driver: Run extro.
20260911 040354.540 INFO             PET0 ESMX_Driver: Finalize intro.
20260911 040354.540 INFO             PET0   >>>ESMX_Driver: entered Finalize (phase=FinalizePhase1) with current time: 2012 10 24 19  0  0   0
20260911 040354.540 INFO             PET0   Calling Finalize phase 1 for modelComp: MDL
20260911 040354.540 INFO             PET0   Delete modelComp: MDL
20260911 040354.540 INFO             PET0   <<<ESMX_Driver: leaving Finalize (phase=FinalizePhase1) with current time: 2012 10 24 19  0  0   0
20260911 040354.540 INFO             PET0 ESMX_Driver: Finalize extro.
20260911 040354.540 INFO             PET0 =============================================
20260911 040354.540 INFO             PET0 ESMX (Earth System Model eXecutable) FINISHED
20260911 040354.540 INFO             PET0 =============================================
20260911 040354.540 INFO             PET0  Finalizing ESMF
20260911 040354.441 INFO             PET1 !!!!!!!!!!!!!!!!!!!!!!!!!!!!!!!!!!!!!!!!!!!!!!!!!!!!!!
20260911 040354.441 INFO             PET1 !!! THE ESMF_LOG IS SET TO OUTPUT ALL LOG MESSAGES !!!
20260911 040354.441 INFO             PET1 !!!     THIS MAY CAUSE SLOWDOWN IN PERFORMANCE     !!!
20260911 040354.441 INFO             PET1 !!! FOR PRODUCTION RUNS, USE:                      !!!
20260911 040354.441 INFO             PET1 !!!                   ESMF_LOGKIND_Multi_On_Error  !!!
20260911 040354.441 INFO             PET1 !!!!!!!!!!!!!!!!!!!!!!!!!!!!!!!!!!!!!!!!!!!!!!!!!!!!!!
20260911 040354.441 INFO             PET1 Running with ESMF Version   : develop+gc12f7f42f7
20260911 040354.441 INFO             PET1 ESMF library build date/time: "Sep 11 2026" "02:54:10"
20260911 040354.441 INFO             PET1 ESMF library build location : /glade/derecho/scratch/sacks/esmf-testing/nvhpc_26.1_mpi_g_develop/esmf
20260911 040354.441 INFO             PET1 ESMF_COMM                   : mpi
20260911 040354.442 INFO             PET1 ESMF_MOAB                   : enabled
20260911 040354.442 INFO             PET1 ESMF_LAPACK                 : enabled
20260911 040354.442 INFO             PET1 ESMF_NETCDF                 : enabled
20260911 040354.442 INFO             PET1 ESMF_PNETCDF                : disabled
20260911 040354.442 INFO             PET1 ESMF_PIO                    : enabled
20260911 040354.442 INFO             PET1 ESMF_YAMLCPP                : enabled
20260911 040354.446 INFO             PET1 =============================================
20260911 040354.446 INFO             PET1 ESMX (Earth System Model eXecutable) STARTING
20260911 040354.446 INFO             PET1 =============================================
20260911 040354.457 DEBUG            PET1 Generic SetVM() is executing for: ESMX_Driver
20260911 040354.458 DEBUG            PET1 Generic SetVM() found no NUOPC Hint for: ESMX_Driver
20260911 040354.458 DEBUG            PET1 Generic SetVM() therefore is NOT calling ESMF_GridCompSetVMMaxPEs() for: ESMX_Driver
20260911 040354.464 INFO             PET1 ESMX_Driver: InitializeGeneric intro.
20260911 040354.465 INFO             PET1   >>>ESMX_Driver: entered Initialize (phase=<none>) without valid internal Clock.
20260911 040354.465 INFO             PET1   ESMX_Driver: InitializeP0 intro.
20260911 040354.465 INFO             PET1     >>>ESMX_Driver: entered Initialize (phase=<none>) without valid internal Clock.
20260911 040354.465 INFO             PET1     <<<ESMX_Driver: leaving Initialize (phase=<none>) without valid internal Clock.
20260911 040354.465 INFO             PET1   ESMX_Driver: InitializeP0 extro.
20260911 040354.465 INFO             PET1   ESMX_Driver: InitializeIPDv02p1 intro.
20260911 040354.465 INFO             PET1     >>>ESMX_Driver: entered Initialize (phase=<none>) without valid internal Clock.
20260911 040354.473 INFO             PET1     ESMX_Driver - Creating model component MDL without petList.
20260911 040354.473 DEBUG            PET1     Generic SetVM() is executing for: MDL
20260911 040354.487 INFO             PET1     ESMX_Driver: IInitAdvertise intro.
20260911 040354.487 INFO             PET1       >>>ESMX_Driver: entered Initialize (phase=<none>) with current time: 2012 10 24 18  0  0   0
20260911 040354.488 INFO             PET1       <<<ESMX_Driver: leaving Initialize (phase=<none>) with current time: 2012 10 24 18  0  0   0
20260911 040354.488 INFO             PET1     ESMX_Driver: IInitAdvertise extro.
20260911 040354.491 INFO             PET1     ESMX_Driver: IInitAdvertiseFinish intro.
20260911 040354.491 INFO             PET1       >>>ESMX_Driver: entered Initialize (phase=<none>) with current time: 2012 10 24 18  0  0   0
20260911 040354.491 INFO             PET1       <<<ESMX_Driver: leaving Initialize (phase=<none>) with current time: 2012 10 24 18  0  0   0
20260911 040354.491 INFO             PET1     ESMX_Driver: IInitAdvertiseFinish extro.
20260911 040354.492 INFO             PET1     ESMX_Driver: IInitModifyCplLists intro.
20260911 040354.492 INFO             PET1       >>>ESMX_Driver: entered Initialize (phase=<none>) with current time: 2012 10 24 18  0  0   0
20260911 040354.492 INFO             PET1       <<<ESMX_Driver: leaving Initialize (phase=<none>) with current time: 2012 10 24 18  0  0   0
20260911 040354.492 INFO             PET1     ESMX_Driver: IInitModifyCplLists extro.
20260911 040354.492 INFO             PET1     <<<ESMX_Driver: leaving Initialize (phase=<none>) with current time: 2012 10 24 18  0  0   0
20260911 040354.492 INFO             PET1   ESMX_Driver: InitializeIPDv02p1 extro.
20260911 040354.492 INFO             PET1   ESMX_Driver: InitializeIPDv02p3 intro.
20260911 040354.492 INFO             PET1     >>>ESMX_Driver: entered Initialize (phase=<none>) with current time: 2012 10 24 18  0  0   0
20260911 040354.492 INFO             PET1     ESMX_Driver: IInitCheck intro.
20260911 040354.492 INFO             PET1       >>>ESMX_Driver: entered Initialize (phase=<none>) with current time: 2012 10 24 18  0  0   0
20260911 040354.493 INFO             PET1       <<<ESMX_Driver: leaving Initialize (phase=<none>) with current time: 2012 10 24 18  0  0   0
20260911 040354.493 INFO             PET1     ESMX_Driver: IInitCheck extro.
20260911 040354.533 INFO             PET1     ESMX_Driver: IInitRealize intro.
20260911 040354.533 INFO             PET1       >>>ESMX_Driver: entered Initialize (phase=<none>) with current time: 2012 10 24 18  0  0   0
20260911 040354.533 INFO             PET1       <<<ESMX_Driver: leaving Initialize (phase=<none>) with current time: 2012 10 24 18  0  0   0
20260911 040354.533 INFO             PET1     ESMX_Driver: IInitRealize extro.
20260911 040354.534 INFO             PET1     <<<ESMX_Driver: leaving Initialize (phase=<none>) with current time: 2012 10 24 18  0  0   0
20260911 040354.534 INFO             PET1   ESMX_Driver: InitializeIPDv02p3 extro.
20260911 040354.534 INFO             PET1   ESMX_Driver: InitializeIPDv02p5 intro.
20260911 040354.534 INFO             PET1     >>>ESMX_Driver: entered Initialize (phase=<none>) with current time: 2012 10 24 18  0  0   0
20260911 040354.534 INFO             PET1     ESMX_Driver: InitializeIPDv02p5Data intro.
20260911 040354.534 INFO             PET1       >>>ESMX_Driver: entered Initialize (phase=<none>) with current time: 2012 10 24 18  0  0   0
20260911 040354.534 INFO             PET1       ESMX_Driver: InternalInitializeComplete intro.
20260911 040354.534 INFO             PET1         >>>ESMX_Driver: entered Initialize (phase=<none>) with current time: 2012 10 24 18  0  0   0
20260911 040354.534 INFO             PET1         <<<ESMX_Driver: leaving Initialize (phase=<none>) with current time: 2012 10 24 18  0  0   0
20260911 040354.534 INFO             PET1       ESMX_Driver: InternalInitializeComplete extro.
20260911 040354.536 INFO             PET1       ESMX_Driver: loopDataDependentInitialize intro.
20260911 040354.536 INFO             PET1         >>>ESMX_Driver: entered Initialize (phase=<none>) with current time: 2012 10 24 18  0  0   0
20260911 040354.536 INFO             PET1         <<<ESMX_Driver: leaving Initialize (phase=<none>) with current time: 2012 10 24 18  0  0   0
20260911 040354.536 INFO             PET1       ESMX_Driver: loopDataDependentInitialize extro.
20260911 040354.536 INFO             PET1       <<<ESMX_Driver: leaving Initialize (phase=<none>) with current time: 2012 10 24 18  0  0   0
20260911 040354.536 INFO             PET1     ESMX_Driver: InitializeIPDv02p5Data extro.
20260911 040354.536 INFO             PET1     <<<ESMX_Driver: leaving Initialize (phase=<none>) with current time: 2012 10 24 18  0  0   0
20260911 040354.536 INFO             PET1   ESMX_Driver: InitializeIPDv02p5 extro.
20260911 040354.536 INFO             PET1   <<<ESMX_Driver: leaving Initialize (phase=<none>) with current time: 2012 10 24 18  0  0   0
20260911 040354.536 INFO             PET1 ESMX_Driver: InitializeGeneric extro.
20260911 040354.536 INFO             PET1 ESMX_Driver: Run intro.
20260911 040354.536 INFO             PET1   >>>ESMX_Driver: entered Run (phase=RunPhase1) with current time: 2012 10 24 18  0  0   0
20260911 040354.537 INFO             PET1   SIMOCO Advance(): --- VMK::log() start -------------------------------------
20260911 040354.537 INFO             PET1   SIMOCO Advance(): vm located at: 0x106805e0
20260911 040354.537 INFO             PET1   SIMOCO Advance(): mpionly=1 threadsflag=0
20260911 040354.537 INFO             PET1   SIMOCO Advance(): ssiCount=1 localSsi=0
20260911 040354.537 INFO             PET1   SIMOCO Advance(): devCount=0 ssiLocalDevCount=0
20260911 040354.537 INFO             PET1   SIMOCO Advance(): petCount=4 ssiLocalPetCount=4
20260911 040354.537 INFO             PET1   SIMOCO Advance(): localPet=1 mypthid=23398383145920 ssiLocalPet=1 currentSsiPe=1
20260911 040354.537 INFO             PET1   SIMOCO Advance(): Current system level affinity pinning for local PET:
20260911 040354.537 INFO             PET1   SIMOCO Advance():  SSIPE=1
20260911 040354.537 INFO             PET1   SIMOCO Advance(): Current system level OMP_NUM_THREADS setting for local PET: 1
20260911 040354.537 INFO             PET1   SIMOCO Advance(): Current system level OMP_NUM_PROCS setting for local PET: 1
20260911 040354.537 INFO             PET1   SIMOCO Advance(): ESMF level logical PET->PE association (but consider system level affinity pinning!):
20260911 040354.537 INFO             PET1   SIMOCO Advance(): PET=0 lpid=0 tid=0 pid=0 peCount=1 accCount=0
20260911 040354.537 INFO             PET1   SIMOCO Advance():  PE=0 SSI=0 SSIPE=0
20260911 040354.537 INFO             PET1   SIMOCO Advance(): PET=1 lpid=1 tid=0 pid=1 peCount=1 accCount=0
20260911 040354.537 INFO             PET1   SIMOCO Advance():  PE=1 SSI=0 SSIPE=1
20260911 040354.537 INFO             PET1   SIMOCO Advance(): PET=2 lpid=2 tid=0 pid=2 peCount=1 accCount=0
20260911 040354.537 INFO             PET1   SIMOCO Advance():  PE=2 SSI=0 SSIPE=2
20260911 040354.537 INFO             PET1   SIMOCO Advance(): PET=3 lpid=3 tid=0 pid=3 peCount=1 accCount=0
20260911 040354.537 INFO             PET1   SIMOCO Advance():  PE=3 SSI=0 SSIPE=3
20260911 040354.537 INFO             PET1   SIMOCO Advance(): --- VMK::log() end ---------------------------------------
20260911 040354.537 INFO             PET1   ------>Advancing SIMOCO from: 2012 10 24 18  0  0   0
20260911 040354.537 INFO             PET1   ---------------------> to: 2012 10 24 18  5  0   0
20260911 040354.537 INFO             PET1   SIMOCO Advance(): --- VMK::log() start -------------------------------------
20260911 040354.537 INFO             PET1   SIMOCO Advance(): vm located at: 0x106805e0
20260911 040354.537 INFO             PET1   SIMOCO Advance(): mpionly=1 threadsflag=0
20260911 040354.537 INFO             PET1   SIMOCO Advance(): ssiCount=1 localSsi=0
20260911 040354.537 INFO             PET1   SIMOCO Advance(): devCount=0 ssiLocalDevCount=0
20260911 040354.537 INFO             PET1   SIMOCO Advance(): petCount=4 ssiLocalPetCount=4
20260911 040354.537 INFO             PET1   SIMOCO Advance(): localPet=1 mypthid=23398383145920 ssiLocalPet=1 currentSsiPe=1
20260911 040354.537 INFO             PET1   SIMOCO Advance(): Current system level affinity pinning for local PET:
20260911 040354.537 INFO             PET1   SIMOCO Advance():  SSIPE=1
20260911 040354.537 INFO             PET1   SIMOCO Advance(): Current system level OMP_NUM_THREADS setting for local PET: 1
20260911 040354.537 INFO             PET1   SIMOCO Advance(): Current system level OMP_NUM_PROCS setting for local PET: 1
20260911 040354.537 INFO             PET1   SIMOCO Advance(): ESMF level logical PET->PE association (but consider system level affinity pinning!):
20260911 040354.537 INFO             PET1   SIMOCO Advance(): PET=0 lpid=0 tid=0 pid=0 peCount=1 accCount=0
20260911 040354.537 INFO             PET1   SIMOCO Advance():  PE=0 SSI=0 SSIPE=0
20260911 040354.537 INFO             PET1   SIMOCO Advance(): PET=1 lpid=1 tid=0 pid=1 peCount=1 accCount=0
20260911 040354.537 INFO             PET1   SIMOCO Advance():  PE=1 SSI=0 SSIPE=1
20260911 040354.537 INFO             PET1   SIMOCO Advance(): PET=2 lpid=2 tid=0 pid=2 peCount=1 accCount=0
20260911 040354.537 INFO             PET1   SIMOCO Advance():  PE=2 SSI=0 SSIPE=2
20260911 040354.537 INFO             PET1   SIMOCO Advance(): PET=3 lpid=3 tid=0 pid=3 peCount=1 accCount=0
20260911 040354.537 INFO             PET1   SIMOCO Advance():  PE=3 SSI=0 SSIPE=3
20260911 040354.537 INFO             PET1   SIMOCO Advance(): --- VMK::log() end ---------------------------------------
20260911 040354.537 INFO             PET1   ------>Advancing SIMOCO from: 2012 10 24 18  5  0   0
20260911 040354.537 INFO             PET1   ---------------------> to: 2012 10 24 18 10  0   0
20260911 040354.537 INFO             PET1   SIMOCO Advance(): --- VMK::log() start -------------------------------------
20260911 040354.537 INFO             PET1   SIMOCO Advance(): vm located at: 0x106805e0
20260911 040354.537 INFO             PET1   SIMOCO Advance(): mpionly=1 threadsflag=0
20260911 040354.537 INFO             PET1   SIMOCO Advance(): ssiCount=1 localSsi=0
20260911 040354.537 INFO             PET1   SIMOCO Advance(): devCount=0 ssiLocalDevCount=0
20260911 040354.537 INFO             PET1   SIMOCO Advance(): petCount=4 ssiLocalPetCount=4
20260911 040354.537 INFO             PET1   SIMOCO Advance(): localPet=1 mypthid=23398383145920 ssiLocalPet=1 currentSsiPe=1
20260911 040354.537 INFO             PET1   SIMOCO Advance(): Current system level affinity pinning for local PET:
20260911 040354.537 INFO             PET1   SIMOCO Advance():  SSIPE=1
20260911 040354.537 INFO             PET1   SIMOCO Advance(): Current system level OMP_NUM_THREADS setting for local PET: 1
20260911 040354.537 INFO             PET1   SIMOCO Advance(): Current system level OMP_NUM_PROCS setting for local PET: 1
20260911 040354.537 INFO             PET1   SIMOCO Advance(): ESMF level logical PET->PE association (but consider system level affinity pinning!):
20260911 040354.537 INFO             PET1   SIMOCO Advance(): PET=0 lpid=0 tid=0 pid=0 peCount=1 accCount=0
20260911 040354.537 INFO             PET1   SIMOCO Advance():  PE=0 SSI=0 SSIPE=0
20260911 040354.537 INFO             PET1   SIMOCO Advance(): PET=1 lpid=1 tid=0 pid=1 peCount=1 accCount=0
20260911 040354.537 INFO             PET1   SIMOCO Advance():  PE=1 SSI=0 SSIPE=1
20260911 040354.537 INFO             PET1   SIMOCO Advance(): PET=2 lpid=2 tid=0 pid=2 peCount=1 accCount=0
20260911 040354.537 INFO             PET1   SIMOCO Advance():  PE=2 SSI=0 SSIPE=2
20260911 040354.537 INFO             PET1   SIMOCO Advance(): PET=3 lpid=3 tid=0 pid=3 peCount=1 accCount=0
20260911 040354.537 INFO             PET1   SIMOCO Advance():  PE=3 SSI=0 SSIPE=3
20260911 040354.537 INFO             PET1   SIMOCO Advance(): --- VMK::log() end ---------------------------------------
20260911 040354.537 INFO             PET1   ------>Advancing SIMOCO from: 2012 10 24 18 10  0   0
20260911 040354.537 INFO             PET1   ---------------------> to: 2012 10 24 18 15  0   0
20260911 040354.537 INFO             PET1   SIMOCO Advance(): --- VMK::log() start -------------------------------------
20260911 040354.537 INFO             PET1   SIMOCO Advance(): vm located at: 0x106805e0
20260911 040354.538 INFO             PET1   SIMOCO Advance(): mpionly=1 threadsflag=0
20260911 040354.538 INFO             PET1   SIMOCO Advance(): ssiCount=1 localSsi=0
20260911 040354.538 INFO             PET1   SIMOCO Advance(): devCount=0 ssiLocalDevCount=0
20260911 040354.538 INFO             PET1   SIMOCO Advance(): petCount=4 ssiLocalPetCount=4
20260911 040354.538 INFO             PET1   SIMOCO Advance(): localPet=1 mypthid=23398383145920 ssiLocalPet=1 currentSsiPe=1
20260911 040354.538 INFO             PET1   SIMOCO Advance(): Current system level affinity pinning for local PET:
20260911 040354.538 INFO             PET1   SIMOCO Advance():  SSIPE=1
20260911 040354.538 INFO             PET1   SIMOCO Advance(): Current system level OMP_NUM_THREADS setting for local PET: 1
20260911 040354.538 INFO             PET1   SIMOCO Advance(): Current system level OMP_NUM_PROCS setting for local PET: 1
20260911 040354.538 INFO             PET1   SIMOCO Advance(): ESMF level logical PET->PE association (but consider system level affinity pinning!):
20260911 040354.538 INFO             PET1   SIMOCO Advance(): PET=0 lpid=0 tid=0 pid=0 peCount=1 accCount=0
20260911 040354.538 INFO             PET1   SIMOCO Advance():  PE=0 SSI=0 SSIPE=0
20260911 040354.538 INFO             PET1   SIMOCO Advance(): PET=1 lpid=1 tid=0 pid=1 peCount=1 accCount=0
20260911 040354.538 INFO             PET1   SIMOCO Advance():  PE=1 SSI=0 SSIPE=1
20260911 040354.538 INFO             PET1   SIMOCO Advance(): PET=2 lpid=2 tid=0 pid=2 peCount=1 accCount=0
20260911 040354.538 INFO             PET1   SIMOCO Advance():  PE=2 SSI=0 SSIPE=2
20260911 040354.538 INFO             PET1   SIMOCO Advance(): PET=3 lpid=3 tid=0 pid=3 peCount=1 accCount=0
20260911 040354.538 INFO             PET1   SIMOCO Advance():  PE=3 SSI=0 SSIPE=3
20260911 040354.538 INFO             PET1   SIMOCO Advance(): --- VMK::log() end ---------------------------------------
20260911 040354.538 INFO             PET1   ------>Advancing SIMOCO from: 2012 10 24 18 15  0   0
20260911 040354.538 INFO             PET1   ---------------------> to: 2012 10 24 18 20  0   0
20260911 040354.538 INFO             PET1   SIMOCO Advance(): --- VMK::log() start -------------------------------------
20260911 040354.538 INFO             PET1   SIMOCO Advance(): vm located at: 0x106805e0
20260911 040354.538 INFO             PET1   SIMOCO Advance(): mpionly=1 threadsflag=0
20260911 040354.538 INFO             PET1   SIMOCO Advance(): ssiCount=1 localSsi=0
20260911 040354.538 INFO             PET1   SIMOCO Advance(): devCount=0 ssiLocalDevCount=0
20260911 040354.538 INFO             PET1   SIMOCO Advance(): petCount=4 ssiLocalPetCount=4
20260911 040354.538 INFO             PET1   SIMOCO Advance(): localPet=1 mypthid=23398383145920 ssiLocalPet=1 currentSsiPe=1
20260911 040354.538 INFO             PET1   SIMOCO Advance(): Current system level affinity pinning for local PET:
20260911 040354.538 INFO             PET1   SIMOCO Advance():  SSIPE=1
20260911 040354.538 INFO             PET1   SIMOCO Advance(): Current system level OMP_NUM_THREADS setting for local PET: 1
20260911 040354.538 INFO             PET1   SIMOCO Advance(): Current system level OMP_NUM_PROCS setting for local PET: 1
20260911 040354.538 INFO             PET1   SIMOCO Advance(): ESMF level logical PET->PE association (but consider system level affinity pinning!):
20260911 040354.538 INFO             PET1   SIMOCO Advance(): PET=0 lpid=0 tid=0 pid=0 peCount=1 accCount=0
20260911 040354.538 INFO             PET1   SIMOCO Advance():  PE=0 SSI=0 SSIPE=0
20260911 040354.538 INFO             PET1   SIMOCO Advance(): PET=1 lpid=1 tid=0 pid=1 peCount=1 accCount=0
20260911 040354.538 INFO             PET1   SIMOCO Advance():  PE=1 SSI=0 SSIPE=1
20260911 040354.538 INFO             PET1   SIMOCO Advance(): PET=2 lpid=2 tid=0 pid=2 peCount=1 accCount=0
20260911 040354.538 INFO             PET1   SIMOCO Advance():  PE=2 SSI=0 SSIPE=2
20260911 040354.538 INFO             PET1   SIMOCO Advance(): PET=3 lpid=3 tid=0 pid=3 peCount=1 accCount=0
20260911 040354.538 INFO             PET1   SIMOCO Advance():  PE=3 SSI=0 SSIPE=3
20260911 040354.538 INFO             PET1   SIMOCO Advance(): --- VMK::log() end ---------------------------------------
20260911 040354.538 INFO             PET1   ------>Advancing SIMOCO from: 2012 10 24 18 20  0   0
20260911 040354.538 INFO             PET1   ---------------------> to: 2012 10 24 18 25  0   0
20260911 040354.538 INFO             PET1   SIMOCO Advance(): --- VMK::log() start -------------------------------------
20260911 040354.538 INFO             PET1   SIMOCO Advance(): vm located at: 0x106805e0
20260911 040354.538 INFO             PET1   SIMOCO Advance(): mpionly=1 threadsflag=0
20260911 040354.538 INFO             PET1   SIMOCO Advance(): ssiCount=1 localSsi=0
20260911 040354.538 INFO             PET1   SIMOCO Advance(): devCount=0 ssiLocalDevCount=0
20260911 040354.538 INFO             PET1   SIMOCO Advance(): petCount=4 ssiLocalPetCount=4
20260911 040354.538 INFO             PET1   SIMOCO Advance(): localPet=1 mypthid=23398383145920 ssiLocalPet=1 currentSsiPe=1
20260911 040354.538 INFO             PET1   SIMOCO Advance(): Current system level affinity pinning for local PET:
20260911 040354.538 INFO             PET1   SIMOCO Advance():  SSIPE=1
20260911 040354.538 INFO             PET1   SIMOCO Advance(): Current system level OMP_NUM_THREADS setting for local PET: 1
20260911 040354.538 INFO             PET1   SIMOCO Advance(): Current system level OMP_NUM_PROCS setting for local PET: 1
20260911 040354.538 INFO             PET1   SIMOCO Advance(): ESMF level logical PET->PE association (but consider system level affinity pinning!):
20260911 040354.538 INFO             PET1   SIMOCO Advance(): PET=0 lpid=0 tid=0 pid=0 peCount=1 accCount=0
20260911 040354.538 INFO             PET1   SIMOCO Advance():  PE=0 SSI=0 SSIPE=0
20260911 040354.538 INFO             PET1   SIMOCO Advance(): PET=1 lpid=1 tid=0 pid=1 peCount=1 accCount=0
20260911 040354.538 INFO             PET1   SIMOCO Advance():  PE=1 SSI=0 SSIPE=1
20260911 040354.538 INFO             PET1   SIMOCO Advance(): PET=2 lpid=2 tid=0 pid=2 peCount=1 accCount=0
20260911 040354.538 INFO             PET1   SIMOCO Advance():  PE=2 SSI=0 SSIPE=2
20260911 040354.538 INFO             PET1   SIMOCO Advance(): PET=3 lpid=3 tid=0 pid=3 peCount=1 accCount=0
20260911 040354.538 INFO             PET1   SIMOCO Advance():  PE=3 SSI=0 SSIPE=3
20260911 040354.538 INFO             PET1   SIMOCO Advance(): --- VMK::log() end ---------------------------------------
20260911 040354.538 INFO             PET1   ------>Advancing SIMOCO from: 2012 10 24 18 25  0   0
20260911 040354.538 INFO             PET1   ---------------------> to: 2012 10 24 18 30  0   0
20260911 040354.538 INFO             PET1   SIMOCO Advance(): --- VMK::log() start -------------------------------------
20260911 040354.538 INFO             PET1   SIMOCO Advance(): vm located at: 0x106805e0
20260911 040354.538 INFO             PET1   SIMOCO Advance(): mpionly=1 threadsflag=0
20260911 040354.538 INFO             PET1   SIMOCO Advance(): ssiCount=1 localSsi=0
20260911 040354.538 INFO             PET1   SIMOCO Advance(): devCount=0 ssiLocalDevCount=0
20260911 040354.538 INFO             PET1   SIMOCO Advance(): petCount=4 ssiLocalPetCount=4
20260911 040354.538 INFO             PET1   SIMOCO Advance(): localPet=1 mypthid=23398383145920 ssiLocalPet=1 currentSsiPe=1
20260911 040354.538 INFO             PET1   SIMOCO Advance(): Current system level affinity pinning for local PET:
20260911 040354.538 INFO             PET1   SIMOCO Advance():  SSIPE=1
20260911 040354.538 INFO             PET1   SIMOCO Advance(): Current system level OMP_NUM_THREADS setting for local PET: 1
20260911 040354.538 INFO             PET1   SIMOCO Advance(): Current system level OMP_NUM_PROCS setting for local PET: 1
20260911 040354.538 INFO             PET1   SIMOCO Advance(): ESMF level logical PET->PE association (but consider system level affinity pinning!):
20260911 040354.538 INFO             PET1   SIMOCO Advance(): PET=0 lpid=0 tid=0 pid=0 peCount=1 accCount=0
20260911 040354.538 INFO             PET1   SIMOCO Advance():  PE=0 SSI=0 SSIPE=0
20260911 040354.538 INFO             PET1   SIMOCO Advance(): PET=1 lpid=1 tid=0 pid=1 peCount=1 accCount=0
20260911 040354.538 INFO             PET1   SIMOCO Advance():  PE=1 SSI=0 SSIPE=1
20260911 040354.538 INFO             PET1   SIMOCO Advance(): PET=2 lpid=2 tid=0 pid=2 peCount=1 accCount=0
20260911 040354.538 INFO             PET1   SIMOCO Advance():  PE=2 SSI=0 SSIPE=2
20260911 040354.538 INFO             PET1   SIMOCO Advance(): PET=3 lpid=3 tid=0 pid=3 peCount=1 accCount=0
20260911 040354.538 INFO             PET1   SIMOCO Advance():  PE=3 SSI=0 SSIPE=3
20260911 040354.538 INFO             PET1   SIMOCO Advance(): --- VMK::log() end ---------------------------------------
20260911 040354.538 INFO             PET1   ------>Advancing SIMOCO from: 2012 10 24 18 30  0   0
20260911 040354.538 INFO             PET1   ---------------------> to: 2012 10 24 18 35  0   0
20260911 040354.538 INFO             PET1   SIMOCO Advance(): --- VMK::log() start -------------------------------------
20260911 040354.538 INFO             PET1   SIMOCO Advance(): vm located at: 0x106805e0
20260911 040354.538 INFO             PET1   SIMOCO Advance(): mpionly=1 threadsflag=0
20260911 040354.538 INFO             PET1   SIMOCO Advance(): ssiCount=1 localSsi=0
20260911 040354.538 INFO             PET1   SIMOCO Advance(): devCount=0 ssiLocalDevCount=0
20260911 040354.538 INFO             PET1   SIMOCO Advance(): petCount=4 ssiLocalPetCount=4
20260911 040354.538 INFO             PET1   SIMOCO Advance(): localPet=1 mypthid=23398383145920 ssiLocalPet=1 currentSsiPe=1
20260911 040354.538 INFO             PET1   SIMOCO Advance(): Current system level affinity pinning for local PET:
20260911 040354.538 INFO             PET1   SIMOCO Advance():  SSIPE=1
20260911 040354.538 INFO             PET1   SIMOCO Advance(): Current system level OMP_NUM_THREADS setting for local PET: 1
20260911 040354.538 INFO             PET1   SIMOCO Advance(): Current system level OMP_NUM_PROCS setting for local PET: 1
20260911 040354.538 INFO             PET1   SIMOCO Advance(): ESMF level logical PET->PE association (but consider system level affinity pinning!):
20260911 040354.538 INFO             PET1   SIMOCO Advance(): PET=0 lpid=0 tid=0 pid=0 peCount=1 accCount=0
20260911 040354.538 INFO             PET1   SIMOCO Advance():  PE=0 SSI=0 SSIPE=0
20260911 040354.538 INFO             PET1   SIMOCO Advance(): PET=1 lpid=1 tid=0 pid=1 peCount=1 accCount=0
20260911 040354.538 INFO             PET1   SIMOCO Advance():  PE=1 SSI=0 SSIPE=1
20260911 040354.538 INFO             PET1   SIMOCO Advance(): PET=2 lpid=2 tid=0 pid=2 peCount=1 accCount=0
20260911 040354.538 INFO             PET1   SIMOCO Advance():  PE=2 SSI=0 SSIPE=2
20260911 040354.538 INFO             PET1   SIMOCO Advance(): PET=3 lpid=3 tid=0 pid=3 peCount=1 accCount=0
20260911 040354.538 INFO             PET1   SIMOCO Advance():  PE=3 SSI=0 SSIPE=3
20260911 040354.538 INFO             PET1   SIMOCO Advance(): --- VMK::log() end ---------------------------------------
20260911 040354.538 INFO             PET1   ------>Advancing SIMOCO from: 2012 10 24 18 35  0   0
20260911 040354.539 INFO             PET1   ---------------------> to: 2012 10 24 18 40  0   0
20260911 040354.539 INFO             PET1   SIMOCO Advance(): --- VMK::log() start -------------------------------------
20260911 040354.539 INFO             PET1   SIMOCO Advance(): vm located at: 0x106805e0
20260911 040354.539 INFO             PET1   SIMOCO Advance(): mpionly=1 threadsflag=0
20260911 040354.539 INFO             PET1   SIMOCO Advance(): ssiCount=1 localSsi=0
20260911 040354.539 INFO             PET1   SIMOCO Advance(): devCount=0 ssiLocalDevCount=0
20260911 040354.539 INFO             PET1   SIMOCO Advance(): petCount=4 ssiLocalPetCount=4
20260911 040354.539 INFO             PET1   SIMOCO Advance(): localPet=1 mypthid=23398383145920 ssiLocalPet=1 currentSsiPe=1
20260911 040354.539 INFO             PET1   SIMOCO Advance(): Current system level affinity pinning for local PET:
20260911 040354.539 INFO             PET1   SIMOCO Advance():  SSIPE=1
20260911 040354.539 INFO             PET1   SIMOCO Advance(): Current system level OMP_NUM_THREADS setting for local PET: 1
20260911 040354.539 INFO             PET1   SIMOCO Advance(): Current system level OMP_NUM_PROCS setting for local PET: 1
20260911 040354.539 INFO             PET1   SIMOCO Advance(): ESMF level logical PET->PE association (but consider system level affinity pinning!):
20260911 040354.539 INFO             PET1   SIMOCO Advance(): PET=0 lpid=0 tid=0 pid=0 peCount=1 accCount=0
20260911 040354.539 INFO             PET1   SIMOCO Advance():  PE=0 SSI=0 SSIPE=0
20260911 040354.539 INFO             PET1   SIMOCO Advance(): PET=1 lpid=1 tid=0 pid=1 peCount=1 accCount=0
20260911 040354.539 INFO             PET1   SIMOCO Advance():  PE=1 SSI=0 SSIPE=1
20260911 040354.539 INFO             PET1   SIMOCO Advance(): PET=2 lpid=2 tid=0 pid=2 peCount=1 accCount=0
20260911 040354.539 INFO             PET1   SIMOCO Advance():  PE=2 SSI=0 SSIPE=2
20260911 040354.539 INFO             PET1   SIMOCO Advance(): PET=3 lpid=3 tid=0 pid=3 peCount=1 accCount=0
20260911 040354.539 INFO             PET1   SIMOCO Advance():  PE=3 SSI=0 SSIPE=3
20260911 040354.539 INFO             PET1   SIMOCO Advance(): --- VMK::log() end ---------------------------------------
20260911 040354.539 INFO             PET1   ------>Advancing SIMOCO from: 2012 10 24 18 40  0   0
20260911 040354.539 INFO             PET1   ---------------------> to: 2012 10 24 18 45  0   0
20260911 040354.539 INFO             PET1   SIMOCO Advance(): --- VMK::log() start -------------------------------------
20260911 040354.539 INFO             PET1   SIMOCO Advance(): vm located at: 0x106805e0
20260911 040354.539 INFO             PET1   SIMOCO Advance(): mpionly=1 threadsflag=0
20260911 040354.539 INFO             PET1   SIMOCO Advance(): ssiCount=1 localSsi=0
20260911 040354.539 INFO             PET1   SIMOCO Advance(): devCount=0 ssiLocalDevCount=0
20260911 040354.539 INFO             PET1   SIMOCO Advance(): petCount=4 ssiLocalPetCount=4
20260911 040354.539 INFO             PET1   SIMOCO Advance(): localPet=1 mypthid=23398383145920 ssiLocalPet=1 currentSsiPe=1
20260911 040354.539 INFO             PET1   SIMOCO Advance(): Current system level affinity pinning for local PET:
20260911 040354.539 INFO             PET1   SIMOCO Advance():  SSIPE=1
20260911 040354.539 INFO             PET1   SIMOCO Advance(): Current system level OMP_NUM_THREADS setting for local PET: 1
20260911 040354.539 INFO             PET1   SIMOCO Advance(): Current system level OMP_NUM_PROCS setting for local PET: 1
20260911 040354.539 INFO             PET1   SIMOCO Advance(): ESMF level logical PET->PE association (but consider system level affinity pinning!):
20260911 040354.539 INFO             PET1   SIMOCO Advance(): PET=0 lpid=0 tid=0 pid=0 peCount=1 accCount=0
20260911 040354.539 INFO             PET1   SIMOCO Advance():  PE=0 SSI=0 SSIPE=0
20260911 040354.539 INFO             PET1   SIMOCO Advance(): PET=1 lpid=1 tid=0 pid=1 peCount=1 accCount=0
20260911 040354.539 INFO             PET1   SIMOCO Advance():  PE=1 SSI=0 SSIPE=1
20260911 040354.539 INFO             PET1   SIMOCO Advance(): PET=2 lpid=2 tid=0 pid=2 peCount=1 accCount=0
20260911 040354.539 INFO             PET1   SIMOCO Advance():  PE=2 SSI=0 SSIPE=2
20260911 040354.539 INFO             PET1   SIMOCO Advance(): PET=3 lpid=3 tid=0 pid=3 peCount=1 accCount=0
20260911 040354.539 INFO             PET1   SIMOCO Advance():  PE=3 SSI=0 SSIPE=3
20260911 040354.539 INFO             PET1   SIMOCO Advance(): --- VMK::log() end ---------------------------------------
20260911 040354.539 INFO             PET1   ------>Advancing SIMOCO from: 2012 10 24 18 45  0   0
20260911 040354.539 INFO             PET1   ---------------------> to: 2012 10 24 18 50  0   0
20260911 040354.539 INFO             PET1   SIMOCO Advance(): --- VMK::log() start -------------------------------------
20260911 040354.539 INFO             PET1   SIMOCO Advance(): vm located at: 0x106805e0
20260911 040354.539 INFO             PET1   SIMOCO Advance(): mpionly=1 threadsflag=0
20260911 040354.539 INFO             PET1   SIMOCO Advance(): ssiCount=1 localSsi=0
20260911 040354.539 INFO             PET1   SIMOCO Advance(): devCount=0 ssiLocalDevCount=0
20260911 040354.539 INFO             PET1   SIMOCO Advance(): petCount=4 ssiLocalPetCount=4
20260911 040354.539 INFO             PET1   SIMOCO Advance(): localPet=1 mypthid=23398383145920 ssiLocalPet=1 currentSsiPe=1
20260911 040354.539 INFO             PET1   SIMOCO Advance(): Current system level affinity pinning for local PET:
20260911 040354.539 INFO             PET1   SIMOCO Advance():  SSIPE=1
20260911 040354.539 INFO             PET1   SIMOCO Advance(): Current system level OMP_NUM_THREADS setting for local PET: 1
20260911 040354.539 INFO             PET1   SIMOCO Advance(): Current system level OMP_NUM_PROCS setting for local PET: 1
20260911 040354.539 INFO             PET1   SIMOCO Advance(): ESMF level logical PET->PE association (but consider system level affinity pinning!):
20260911 040354.539 INFO             PET1   SIMOCO Advance(): PET=0 lpid=0 tid=0 pid=0 peCount=1 accCount=0
20260911 040354.539 INFO             PET1   SIMOCO Advance():  PE=0 SSI=0 SSIPE=0
20260911 040354.539 INFO             PET1   SIMOCO Advance(): PET=1 lpid=1 tid=0 pid=1 peCount=1 accCount=0
20260911 040354.539 INFO             PET1   SIMOCO Advance():  PE=1 SSI=0 SSIPE=1
20260911 040354.539 INFO             PET1   SIMOCO Advance(): PET=2 lpid=2 tid=0 pid=2 peCount=1 accCount=0
20260911 040354.539 INFO             PET1   SIMOCO Advance():  PE=2 SSI=0 SSIPE=2
20260911 040354.539 INFO             PET1   SIMOCO Advance(): PET=3 lpid=3 tid=0 pid=3 peCount=1 accCount=0
20260911 040354.539 INFO             PET1   SIMOCO Advance():  PE=3 SSI=0 SSIPE=3
20260911 040354.539 INFO             PET1   SIMOCO Advance(): --- VMK::log() end ---------------------------------------
20260911 040354.539 INFO             PET1   ------>Advancing SIMOCO from: 2012 10 24 18 50  0   0
20260911 040354.539 INFO             PET1   ---------------------> to: 2012 10 24 18 55  0   0
20260911 040354.539 INFO             PET1   SIMOCO Advance(): --- VMK::log() start -------------------------------------
20260911 040354.539 INFO             PET1   SIMOCO Advance(): vm located at: 0x106805e0
20260911 040354.539 INFO             PET1   SIMOCO Advance(): mpionly=1 threadsflag=0
20260911 040354.539 INFO             PET1   SIMOCO Advance(): ssiCount=1 localSsi=0
20260911 040354.539 INFO             PET1   SIMOCO Advance(): devCount=0 ssiLocalDevCount=0
20260911 040354.539 INFO             PET1   SIMOCO Advance(): petCount=4 ssiLocalPetCount=4
20260911 040354.539 INFO             PET1   SIMOCO Advance(): localPet=1 mypthid=23398383145920 ssiLocalPet=1 currentSsiPe=1
20260911 040354.539 INFO             PET1   SIMOCO Advance(): Current system level affinity pinning for local PET:
20260911 040354.539 INFO             PET1   SIMOCO Advance():  SSIPE=1
20260911 040354.539 INFO             PET1   SIMOCO Advance(): Current system level OMP_NUM_THREADS setting for local PET: 1
20260911 040354.539 INFO             PET1   SIMOCO Advance(): Current system level OMP_NUM_PROCS setting for local PET: 1
20260911 040354.539 INFO             PET1   SIMOCO Advance(): ESMF level logical PET->PE association (but consider system level affinity pinning!):
20260911 040354.539 INFO             PET1   SIMOCO Advance(): PET=0 lpid=0 tid=0 pid=0 peCount=1 accCount=0
20260911 040354.539 INFO             PET1   SIMOCO Advance():  PE=0 SSI=0 SSIPE=0
20260911 040354.539 INFO             PET1   SIMOCO Advance(): PET=1 lpid=1 tid=0 pid=1 peCount=1 accCount=0
20260911 040354.539 INFO             PET1   SIMOCO Advance():  PE=1 SSI=0 SSIPE=1
20260911 040354.539 INFO             PET1   SIMOCO Advance(): PET=2 lpid=2 tid=0 pid=2 peCount=1 accCount=0
20260911 040354.539 INFO             PET1   SIMOCO Advance():  PE=2 SSI=0 SSIPE=2
20260911 040354.539 INFO             PET1   SIMOCO Advance(): PET=3 lpid=3 tid=0 pid=3 peCount=1 accCount=0
20260911 040354.539 INFO             PET1   SIMOCO Advance():  PE=3 SSI=0 SSIPE=3
20260911 040354.539 INFO             PET1   SIMOCO Advance(): --- VMK::log() end ---------------------------------------
20260911 040354.539 INFO             PET1   ------>Advancing SIMOCO from: 2012 10 24 18 55  0   0
20260911 040354.539 INFO             PET1   ---------------------> to: 2012 10 24 19  0  0   0
20260911 040354.539 INFO             PET1   <<<ESMX_Driver: leaving Run (phase=RunPhase1) with current time: 2012 10 24 19  0  0   0
20260911 040354.539 INFO             PET1 ESMX_Driver: Run extro.
20260911 040354.539 INFO             PET1 ESMX_Driver: Finalize intro.
20260911 040354.540 INFO             PET1   >>>ESMX_Driver: entered Finalize (phase=FinalizePhase1) with current time: 2012 10 24 19  0  0   0
20260911 040354.540 INFO             PET1   Calling Finalize phase 1 for modelComp: MDL
20260911 040354.540 INFO             PET1   Delete modelComp: MDL
20260911 040354.540 INFO             PET1   <<<ESMX_Driver: leaving Finalize (phase=FinalizePhase1) with current time: 2012 10 24 19  0  0   0
20260911 040354.540 INFO             PET1 ESMX_Driver: Finalize extro.
20260911 040354.540 INFO             PET1 =============================================
20260911 040354.540 INFO             PET1 ESMX (Earth System Model eXecutable) FINISHED
20260911 040354.540 INFO             PET1 =============================================
20260911 040354.540 INFO             PET1  Finalizing ESMF
20260911 040354.441 INFO             PET2 !!!!!!!!!!!!!!!!!!!!!!!!!!!!!!!!!!!!!!!!!!!!!!!!!!!!!!
20260911 040354.441 INFO             PET2 !!! THE ESMF_LOG IS SET TO OUTPUT ALL LOG MESSAGES !!!
20260911 040354.441 INFO             PET2 !!!     THIS MAY CAUSE SLOWDOWN IN PERFORMANCE     !!!
20260911 040354.441 INFO             PET2 !!! FOR PRODUCTION RUNS, USE:                      !!!
20260911 040354.441 INFO             PET2 !!!                   ESMF_LOGKIND_Multi_On_Error  !!!
20260911 040354.441 INFO             PET2 !!!!!!!!!!!!!!!!!!!!!!!!!!!!!!!!!!!!!!!!!!!!!!!!!!!!!!
20260911 040354.441 INFO             PET2 Running with ESMF Version   : develop+gc12f7f42f7
20260911 040354.441 INFO             PET2 ESMF library build date/time: "Sep 11 2026" "02:54:10"
20260911 040354.441 INFO             PET2 ESMF library build location : /glade/derecho/scratch/sacks/esmf-testing/nvhpc_26.1_mpi_g_develop/esmf
20260911 040354.441 INFO             PET2 ESMF_COMM                   : mpi
20260911 040354.442 INFO             PET2 ESMF_MOAB                   : enabled
20260911 040354.442 INFO             PET2 ESMF_LAPACK                 : enabled
20260911 040354.442 INFO             PET2 ESMF_NETCDF                 : enabled
20260911 040354.442 INFO             PET2 ESMF_PNETCDF                : disabled
20260911 040354.442 INFO             PET2 ESMF_PIO                    : enabled
20260911 040354.442 INFO             PET2 ESMF_YAMLCPP                : enabled
20260911 040354.446 INFO             PET2 =============================================
20260911 040354.446 INFO             PET2 ESMX (Earth System Model eXecutable) STARTING
20260911 040354.446 INFO             PET2 =============================================
20260911 040354.458 DEBUG            PET2 Generic SetVM() is executing for: ESMX_Driver
20260911 040354.458 DEBUG            PET2 Generic SetVM() found no NUOPC Hint for: ESMX_Driver
20260911 040354.458 DEBUG            PET2 Generic SetVM() therefore is NOT calling ESMF_GridCompSetVMMaxPEs() for: ESMX_Driver
20260911 040354.465 INFO             PET2 ESMX_Driver: InitializeGeneric intro.
20260911 040354.465 INFO             PET2   >>>ESMX_Driver: entered Initialize (phase=<none>) without valid internal Clock.
20260911 040354.465 INFO             PET2   ESMX_Driver: InitializeP0 intro.
20260911 040354.465 INFO             PET2     >>>ESMX_Driver: entered Initialize (phase=<none>) without valid internal Clock.
20260911 040354.465 INFO             PET2     <<<ESMX_Driver: leaving Initialize (phase=<none>) without valid internal Clock.
20260911 040354.465 INFO             PET2   ESMX_Driver: InitializeP0 extro.
20260911 040354.465 INFO             PET2   ESMX_Driver: InitializeIPDv02p1 intro.
20260911 040354.465 INFO             PET2     >>>ESMX_Driver: entered Initialize (phase=<none>) without valid internal Clock.
20260911 040354.473 INFO             PET2     ESMX_Driver - Creating model component MDL without petList.
20260911 040354.473 DEBUG            PET2     Generic SetVM() is executing for: MDL
20260911 040354.488 INFO             PET2     ESMX_Driver: IInitAdvertise intro.
20260911 040354.488 INFO             PET2       >>>ESMX_Driver: entered Initialize (phase=<none>) with current time: 2012 10 24 18  0  0   0
20260911 040354.488 INFO             PET2       <<<ESMX_Driver: leaving Initialize (phase=<none>) with current time: 2012 10 24 18  0  0   0
20260911 040354.488 INFO             PET2     ESMX_Driver: IInitAdvertise extro.
20260911 040354.491 INFO             PET2     ESMX_Driver: IInitAdvertiseFinish intro.
20260911 040354.491 INFO             PET2       >>>ESMX_Driver: entered Initialize (phase=<none>) with current time: 2012 10 24 18  0  0   0
20260911 040354.491 INFO             PET2       <<<ESMX_Driver: leaving Initialize (phase=<none>) with current time: 2012 10 24 18  0  0   0
20260911 040354.491 INFO             PET2     ESMX_Driver: IInitAdvertiseFinish extro.
20260911 040354.492 INFO             PET2     ESMX_Driver: IInitModifyCplLists intro.
20260911 040354.492 INFO             PET2       >>>ESMX_Driver: entered Initialize (phase=<none>) with current time: 2012 10 24 18  0  0   0
20260911 040354.492 INFO             PET2       <<<ESMX_Driver: leaving Initialize (phase=<none>) with current time: 2012 10 24 18  0  0   0
20260911 040354.492 INFO             PET2     ESMX_Driver: IInitModifyCplLists extro.
20260911 040354.492 INFO             PET2     <<<ESMX_Driver: leaving Initialize (phase=<none>) with current time: 2012 10 24 18  0  0   0
20260911 040354.492 INFO             PET2   ESMX_Driver: InitializeIPDv02p1 extro.
20260911 040354.492 INFO             PET2   ESMX_Driver: InitializeIPDv02p3 intro.
20260911 040354.492 INFO             PET2     >>>ESMX_Driver: entered Initialize (phase=<none>) with current time: 2012 10 24 18  0  0   0
20260911 040354.492 INFO             PET2     ESMX_Driver: IInitCheck intro.
20260911 040354.493 INFO             PET2       >>>ESMX_Driver: entered Initialize (phase=<none>) with current time: 2012 10 24 18  0  0   0
20260911 040354.493 INFO             PET2       <<<ESMX_Driver: leaving Initialize (phase=<none>) with current time: 2012 10 24 18  0  0   0
20260911 040354.493 INFO             PET2     ESMX_Driver: IInitCheck extro.
20260911 040354.533 INFO             PET2     ESMX_Driver: IInitRealize intro.
20260911 040354.533 INFO             PET2       >>>ESMX_Driver: entered Initialize (phase=<none>) with current time: 2012 10 24 18  0  0   0
20260911 040354.533 INFO             PET2       <<<ESMX_Driver: leaving Initialize (phase=<none>) with current time: 2012 10 24 18  0  0   0
20260911 040354.533 INFO             PET2     ESMX_Driver: IInitRealize extro.
20260911 040354.534 INFO             PET2     <<<ESMX_Driver: leaving Initialize (phase=<none>) with current time: 2012 10 24 18  0  0   0
20260911 040354.534 INFO             PET2   ESMX_Driver: InitializeIPDv02p3 extro.
20260911 040354.534 INFO             PET2   ESMX_Driver: InitializeIPDv02p5 intro.
20260911 040354.534 INFO             PET2     >>>ESMX_Driver: entered Initialize (phase=<none>) with current time: 2012 10 24 18  0  0   0
20260911 040354.534 INFO             PET2     ESMX_Driver: InitializeIPDv02p5Data intro.
20260911 040354.534 INFO             PET2       >>>ESMX_Driver: entered Initialize (phase=<none>) with current time: 2012 10 24 18  0  0   0
20260911 040354.534 INFO             PET2       ESMX_Driver: InternalInitializeComplete intro.
20260911 040354.534 INFO             PET2         >>>ESMX_Driver: entered Initialize (phase=<none>) with current time: 2012 10 24 18  0  0   0
20260911 040354.534 INFO             PET2         <<<ESMX_Driver: leaving Initialize (phase=<none>) with current time: 2012 10 24 18  0  0   0
20260911 040354.534 INFO             PET2       ESMX_Driver: InternalInitializeComplete extro.
20260911 040354.536 INFO             PET2       ESMX_Driver: loopDataDependentInitialize intro.
20260911 040354.536 INFO             PET2         >>>ESMX_Driver: entered Initialize (phase=<none>) with current time: 2012 10 24 18  0  0   0
20260911 040354.536 INFO             PET2         <<<ESMX_Driver: leaving Initialize (phase=<none>) with current time: 2012 10 24 18  0  0   0
20260911 040354.536 INFO             PET2       ESMX_Driver: loopDataDependentInitialize extro.
20260911 040354.536 INFO             PET2       <<<ESMX_Driver: leaving Initialize (phase=<none>) with current time: 2012 10 24 18  0  0   0
20260911 040354.536 INFO             PET2     ESMX_Driver: InitializeIPDv02p5Data extro.
20260911 040354.536 INFO             PET2     <<<ESMX_Driver: leaving Initialize (phase=<none>) with current time: 2012 10 24 18  0  0   0
20260911 040354.536 INFO             PET2   ESMX_Driver: InitializeIPDv02p5 extro.
20260911 040354.536 INFO             PET2   <<<ESMX_Driver: leaving Initialize (phase=<none>) with current time: 2012 10 24 18  0  0   0
20260911 040354.536 INFO             PET2 ESMX_Driver: InitializeGeneric extro.
20260911 040354.536 INFO             PET2 ESMX_Driver: Run intro.
20260911 040354.536 INFO             PET2   >>>ESMX_Driver: entered Run (phase=RunPhase1) with current time: 2012 10 24 18  0  0   0
20260911 040354.537 INFO             PET2   SIMOCO Advance(): --- VMK::log() start -------------------------------------
20260911 040354.537 INFO             PET2   SIMOCO Advance(): vm located at: 0x2b8285e0
20260911 040354.537 INFO             PET2   SIMOCO Advance(): mpionly=1 threadsflag=0
20260911 040354.537 INFO             PET2   SIMOCO Advance(): ssiCount=1 localSsi=0
20260911 040354.537 INFO             PET2   SIMOCO Advance(): devCount=0 ssiLocalDevCount=0
20260911 040354.537 INFO             PET2   SIMOCO Advance(): petCount=4 ssiLocalPetCount=4
20260911 040354.537 INFO             PET2   SIMOCO Advance(): localPet=2 mypthid=22651384906688 ssiLocalPet=2 currentSsiPe=2
20260911 040354.537 INFO             PET2   SIMOCO Advance(): Current system level affinity pinning for local PET:
20260911 040354.537 INFO             PET2   SIMOCO Advance():  SSIPE=2
20260911 040354.537 INFO             PET2   SIMOCO Advance(): Current system level OMP_NUM_THREADS setting for local PET: 1
20260911 040354.537 INFO             PET2   SIMOCO Advance(): Current system level OMP_NUM_PROCS setting for local PET: 1
20260911 040354.537 INFO             PET2   SIMOCO Advance(): ESMF level logical PET->PE association (but consider system level affinity pinning!):
20260911 040354.537 INFO             PET2   SIMOCO Advance(): PET=0 lpid=0 tid=0 pid=0 peCount=1 accCount=0
20260911 040354.537 INFO             PET2   SIMOCO Advance():  PE=0 SSI=0 SSIPE=0
20260911 040354.537 INFO             PET2   SIMOCO Advance(): PET=1 lpid=1 tid=0 pid=1 peCount=1 accCount=0
20260911 040354.537 INFO             PET2   SIMOCO Advance():  PE=1 SSI=0 SSIPE=1
20260911 040354.537 INFO             PET2   SIMOCO Advance(): PET=2 lpid=2 tid=0 pid=2 peCount=1 accCount=0
20260911 040354.537 INFO             PET2   SIMOCO Advance():  PE=2 SSI=0 SSIPE=2
20260911 040354.537 INFO             PET2   SIMOCO Advance(): PET=3 lpid=3 tid=0 pid=3 peCount=1 accCount=0
20260911 040354.537 INFO             PET2   SIMOCO Advance():  PE=3 SSI=0 SSIPE=3
20260911 040354.537 INFO             PET2   SIMOCO Advance(): --- VMK::log() end ---------------------------------------
20260911 040354.537 INFO             PET2   ------>Advancing SIMOCO from: 2012 10 24 18  0  0   0
20260911 040354.537 INFO             PET2   ---------------------> to: 2012 10 24 18  5  0   0
20260911 040354.537 INFO             PET2   SIMOCO Advance(): --- VMK::log() start -------------------------------------
20260911 040354.537 INFO             PET2   SIMOCO Advance(): vm located at: 0x2b8285e0
20260911 040354.537 INFO             PET2   SIMOCO Advance(): mpionly=1 threadsflag=0
20260911 040354.537 INFO             PET2   SIMOCO Advance(): ssiCount=1 localSsi=0
20260911 040354.537 INFO             PET2   SIMOCO Advance(): devCount=0 ssiLocalDevCount=0
20260911 040354.537 INFO             PET2   SIMOCO Advance(): petCount=4 ssiLocalPetCount=4
20260911 040354.537 INFO             PET2   SIMOCO Advance(): localPet=2 mypthid=22651384906688 ssiLocalPet=2 currentSsiPe=2
20260911 040354.537 INFO             PET2   SIMOCO Advance(): Current system level affinity pinning for local PET:
20260911 040354.537 INFO             PET2   SIMOCO Advance():  SSIPE=2
20260911 040354.537 INFO             PET2   SIMOCO Advance(): Current system level OMP_NUM_THREADS setting for local PET: 1
20260911 040354.537 INFO             PET2   SIMOCO Advance(): Current system level OMP_NUM_PROCS setting for local PET: 1
20260911 040354.537 INFO             PET2   SIMOCO Advance(): ESMF level logical PET->PE association (but consider system level affinity pinning!):
20260911 040354.537 INFO             PET2   SIMOCO Advance(): PET=0 lpid=0 tid=0 pid=0 peCount=1 accCount=0
20260911 040354.537 INFO             PET2   SIMOCO Advance():  PE=0 SSI=0 SSIPE=0
20260911 040354.537 INFO             PET2   SIMOCO Advance(): PET=1 lpid=1 tid=0 pid=1 peCount=1 accCount=0
20260911 040354.537 INFO             PET2   SIMOCO Advance():  PE=1 SSI=0 SSIPE=1
20260911 040354.537 INFO             PET2   SIMOCO Advance(): PET=2 lpid=2 tid=0 pid=2 peCount=1 accCount=0
20260911 040354.537 INFO             PET2   SIMOCO Advance():  PE=2 SSI=0 SSIPE=2
20260911 040354.537 INFO             PET2   SIMOCO Advance(): PET=3 lpid=3 tid=0 pid=3 peCount=1 accCount=0
20260911 040354.537 INFO             PET2   SIMOCO Advance():  PE=3 SSI=0 SSIPE=3
20260911 040354.537 INFO             PET2   SIMOCO Advance(): --- VMK::log() end ---------------------------------------
20260911 040354.537 INFO             PET2   ------>Advancing SIMOCO from: 2012 10 24 18  5  0   0
20260911 040354.537 INFO             PET2   ---------------------> to: 2012 10 24 18 10  0   0
20260911 040354.537 INFO             PET2   SIMOCO Advance(): --- VMK::log() start -------------------------------------
20260911 040354.537 INFO             PET2   SIMOCO Advance(): vm located at: 0x2b8285e0
20260911 040354.537 INFO             PET2   SIMOCO Advance(): mpionly=1 threadsflag=0
20260911 040354.537 INFO             PET2   SIMOCO Advance(): ssiCount=1 localSsi=0
20260911 040354.537 INFO             PET2   SIMOCO Advance(): devCount=0 ssiLocalDevCount=0
20260911 040354.537 INFO             PET2   SIMOCO Advance(): petCount=4 ssiLocalPetCount=4
20260911 040354.537 INFO             PET2   SIMOCO Advance(): localPet=2 mypthid=22651384906688 ssiLocalPet=2 currentSsiPe=2
20260911 040354.537 INFO             PET2   SIMOCO Advance(): Current system level affinity pinning for local PET:
20260911 040354.537 INFO             PET2   SIMOCO Advance():  SSIPE=2
20260911 040354.537 INFO             PET2   SIMOCO Advance(): Current system level OMP_NUM_THREADS setting for local PET: 1
20260911 040354.537 INFO             PET2   SIMOCO Advance(): Current system level OMP_NUM_PROCS setting for local PET: 1
20260911 040354.537 INFO             PET2   SIMOCO Advance(): ESMF level logical PET->PE association (but consider system level affinity pinning!):
20260911 040354.537 INFO             PET2   SIMOCO Advance(): PET=0 lpid=0 tid=0 pid=0 peCount=1 accCount=0
20260911 040354.537 INFO             PET2   SIMOCO Advance():  PE=0 SSI=0 SSIPE=0
20260911 040354.537 INFO             PET2   SIMOCO Advance(): PET=1 lpid=1 tid=0 pid=1 peCount=1 accCount=0
20260911 040354.537 INFO             PET2   SIMOCO Advance():  PE=1 SSI=0 SSIPE=1
20260911 040354.537 INFO             PET2   SIMOCO Advance(): PET=2 lpid=2 tid=0 pid=2 peCount=1 accCount=0
20260911 040354.537 INFO             PET2   SIMOCO Advance():  PE=2 SSI=0 SSIPE=2
20260911 040354.537 INFO             PET2   SIMOCO Advance(): PET=3 lpid=3 tid=0 pid=3 peCount=1 accCount=0
20260911 040354.537 INFO             PET2   SIMOCO Advance():  PE=3 SSI=0 SSIPE=3
20260911 040354.538 INFO             PET2   SIMOCO Advance(): --- VMK::log() end ---------------------------------------
20260911 040354.538 INFO             PET2   ------>Advancing SIMOCO from: 2012 10 24 18 10  0   0
20260911 040354.538 INFO             PET2   ---------------------> to: 2012 10 24 18 15  0   0
20260911 040354.538 INFO             PET2   SIMOCO Advance(): --- VMK::log() start -------------------------------------
20260911 040354.538 INFO             PET2   SIMOCO Advance(): vm located at: 0x2b8285e0
20260911 040354.538 INFO             PET2   SIMOCO Advance(): mpionly=1 threadsflag=0
20260911 040354.538 INFO             PET2   SIMOCO Advance(): ssiCount=1 localSsi=0
20260911 040354.538 INFO             PET2   SIMOCO Advance(): devCount=0 ssiLocalDevCount=0
20260911 040354.538 INFO             PET2   SIMOCO Advance(): petCount=4 ssiLocalPetCount=4
20260911 040354.538 INFO             PET2   SIMOCO Advance(): localPet=2 mypthid=22651384906688 ssiLocalPet=2 currentSsiPe=2
20260911 040354.538 INFO             PET2   SIMOCO Advance(): Current system level affinity pinning for local PET:
20260911 040354.538 INFO             PET2   SIMOCO Advance():  SSIPE=2
20260911 040354.538 INFO             PET2   SIMOCO Advance(): Current system level OMP_NUM_THREADS setting for local PET: 1
20260911 040354.538 INFO             PET2   SIMOCO Advance(): Current system level OMP_NUM_PROCS setting for local PET: 1
20260911 040354.538 INFO             PET2   SIMOCO Advance(): ESMF level logical PET->PE association (but consider system level affinity pinning!):
20260911 040354.538 INFO             PET2   SIMOCO Advance(): PET=0 lpid=0 tid=0 pid=0 peCount=1 accCount=0
20260911 040354.538 INFO             PET2   SIMOCO Advance():  PE=0 SSI=0 SSIPE=0
20260911 040354.538 INFO             PET2   SIMOCO Advance(): PET=1 lpid=1 tid=0 pid=1 peCount=1 accCount=0
20260911 040354.538 INFO             PET2   SIMOCO Advance():  PE=1 SSI=0 SSIPE=1
20260911 040354.538 INFO             PET2   SIMOCO Advance(): PET=2 lpid=2 tid=0 pid=2 peCount=1 accCount=0
20260911 040354.538 INFO             PET2   SIMOCO Advance():  PE=2 SSI=0 SSIPE=2
20260911 040354.538 INFO             PET2   SIMOCO Advance(): PET=3 lpid=3 tid=0 pid=3 peCount=1 accCount=0
20260911 040354.538 INFO             PET2   SIMOCO Advance():  PE=3 SSI=0 SSIPE=3
20260911 040354.538 INFO             PET2   SIMOCO Advance(): --- VMK::log() end ---------------------------------------
20260911 040354.538 INFO             PET2   ------>Advancing SIMOCO from: 2012 10 24 18 15  0   0
20260911 040354.538 INFO             PET2   ---------------------> to: 2012 10 24 18 20  0   0
20260911 040354.538 INFO             PET2   SIMOCO Advance(): --- VMK::log() start -------------------------------------
20260911 040354.538 INFO             PET2   SIMOCO Advance(): vm located at: 0x2b8285e0
20260911 040354.538 INFO             PET2   SIMOCO Advance(): mpionly=1 threadsflag=0
20260911 040354.538 INFO             PET2   SIMOCO Advance(): ssiCount=1 localSsi=0
20260911 040354.538 INFO             PET2   SIMOCO Advance(): devCount=0 ssiLocalDevCount=0
20260911 040354.538 INFO             PET2   SIMOCO Advance(): petCount=4 ssiLocalPetCount=4
20260911 040354.538 INFO             PET2   SIMOCO Advance(): localPet=2 mypthid=22651384906688 ssiLocalPet=2 currentSsiPe=2
20260911 040354.538 INFO             PET2   SIMOCO Advance(): Current system level affinity pinning for local PET:
20260911 040354.538 INFO             PET2   SIMOCO Advance():  SSIPE=2
20260911 040354.538 INFO             PET2   SIMOCO Advance(): Current system level OMP_NUM_THREADS setting for local PET: 1
20260911 040354.538 INFO             PET2   SIMOCO Advance(): Current system level OMP_NUM_PROCS setting for local PET: 1
20260911 040354.538 INFO             PET2   SIMOCO Advance(): ESMF level logical PET->PE association (but consider system level affinity pinning!):
20260911 040354.538 INFO             PET2   SIMOCO Advance(): PET=0 lpid=0 tid=0 pid=0 peCount=1 accCount=0
20260911 040354.538 INFO             PET2   SIMOCO Advance():  PE=0 SSI=0 SSIPE=0
20260911 040354.538 INFO             PET2   SIMOCO Advance(): PET=1 lpid=1 tid=0 pid=1 peCount=1 accCount=0
20260911 040354.538 INFO             PET2   SIMOCO Advance():  PE=1 SSI=0 SSIPE=1
20260911 040354.538 INFO             PET2   SIMOCO Advance(): PET=2 lpid=2 tid=0 pid=2 peCount=1 accCount=0
20260911 040354.538 INFO             PET2   SIMOCO Advance():  PE=2 SSI=0 SSIPE=2
20260911 040354.538 INFO             PET2   SIMOCO Advance(): PET=3 lpid=3 tid=0 pid=3 peCount=1 accCount=0
20260911 040354.538 INFO             PET2   SIMOCO Advance():  PE=3 SSI=0 SSIPE=3
20260911 040354.538 INFO             PET2   SIMOCO Advance(): --- VMK::log() end ---------------------------------------
20260911 040354.538 INFO             PET2   ------>Advancing SIMOCO from: 2012 10 24 18 20  0   0
20260911 040354.538 INFO             PET2   ---------------------> to: 2012 10 24 18 25  0   0
20260911 040354.538 INFO             PET2   SIMOCO Advance(): --- VMK::log() start -------------------------------------
20260911 040354.538 INFO             PET2   SIMOCO Advance(): vm located at: 0x2b8285e0
20260911 040354.538 INFO             PET2   SIMOCO Advance(): mpionly=1 threadsflag=0
20260911 040354.538 INFO             PET2   SIMOCO Advance(): ssiCount=1 localSsi=0
20260911 040354.538 INFO             PET2   SIMOCO Advance(): devCount=0 ssiLocalDevCount=0
20260911 040354.538 INFO             PET2   SIMOCO Advance(): petCount=4 ssiLocalPetCount=4
20260911 040354.538 INFO             PET2   SIMOCO Advance(): localPet=2 mypthid=22651384906688 ssiLocalPet=2 currentSsiPe=2
20260911 040354.538 INFO             PET2   SIMOCO Advance(): Current system level affinity pinning for local PET:
20260911 040354.538 INFO             PET2   SIMOCO Advance():  SSIPE=2
20260911 040354.538 INFO             PET2   SIMOCO Advance(): Current system level OMP_NUM_THREADS setting for local PET: 1
20260911 040354.538 INFO             PET2   SIMOCO Advance(): Current system level OMP_NUM_PROCS setting for local PET: 1
20260911 040354.538 INFO             PET2   SIMOCO Advance(): ESMF level logical PET->PE association (but consider system level affinity pinning!):
20260911 040354.538 INFO             PET2   SIMOCO Advance(): PET=0 lpid=0 tid=0 pid=0 peCount=1 accCount=0
20260911 040354.538 INFO             PET2   SIMOCO Advance():  PE=0 SSI=0 SSIPE=0
20260911 040354.538 INFO             PET2   SIMOCO Advance(): PET=1 lpid=1 tid=0 pid=1 peCount=1 accCount=0
20260911 040354.538 INFO             PET2   SIMOCO Advance():  PE=1 SSI=0 SSIPE=1
20260911 040354.538 INFO             PET2   SIMOCO Advance(): PET=2 lpid=2 tid=0 pid=2 peCount=1 accCount=0
20260911 040354.538 INFO             PET2   SIMOCO Advance():  PE=2 SSI=0 SSIPE=2
20260911 040354.538 INFO             PET2   SIMOCO Advance(): PET=3 lpid=3 tid=0 pid=3 peCount=1 accCount=0
20260911 040354.538 INFO             PET2   SIMOCO Advance():  PE=3 SSI=0 SSIPE=3
20260911 040354.538 INFO             PET2   SIMOCO Advance(): --- VMK::log() end ---------------------------------------
20260911 040354.538 INFO             PET2   ------>Advancing SIMOCO from: 2012 10 24 18 25  0   0
20260911 040354.538 INFO             PET2   ---------------------> to: 2012 10 24 18 30  0   0
20260911 040354.538 INFO             PET2   SIMOCO Advance(): --- VMK::log() start -------------------------------------
20260911 040354.538 INFO             PET2   SIMOCO Advance(): vm located at: 0x2b8285e0
20260911 040354.538 INFO             PET2   SIMOCO Advance(): mpionly=1 threadsflag=0
20260911 040354.538 INFO             PET2   SIMOCO Advance(): ssiCount=1 localSsi=0
20260911 040354.538 INFO             PET2   SIMOCO Advance(): devCount=0 ssiLocalDevCount=0
20260911 040354.538 INFO             PET2   SIMOCO Advance(): petCount=4 ssiLocalPetCount=4
20260911 040354.538 INFO             PET2   SIMOCO Advance(): localPet=2 mypthid=22651384906688 ssiLocalPet=2 currentSsiPe=2
20260911 040354.538 INFO             PET2   SIMOCO Advance(): Current system level affinity pinning for local PET:
20260911 040354.538 INFO             PET2   SIMOCO Advance():  SSIPE=2
20260911 040354.538 INFO             PET2   SIMOCO Advance(): Current system level OMP_NUM_THREADS setting for local PET: 1
20260911 040354.538 INFO             PET2   SIMOCO Advance(): Current system level OMP_NUM_PROCS setting for local PET: 1
20260911 040354.538 INFO             PET2   SIMOCO Advance(): ESMF level logical PET->PE association (but consider system level affinity pinning!):
20260911 040354.538 INFO             PET2   SIMOCO Advance(): PET=0 lpid=0 tid=0 pid=0 peCount=1 accCount=0
20260911 040354.538 INFO             PET2   SIMOCO Advance():  PE=0 SSI=0 SSIPE=0
20260911 040354.538 INFO             PET2   SIMOCO Advance(): PET=1 lpid=1 tid=0 pid=1 peCount=1 accCount=0
20260911 040354.538 INFO             PET2   SIMOCO Advance():  PE=1 SSI=0 SSIPE=1
20260911 040354.538 INFO             PET2   SIMOCO Advance(): PET=2 lpid=2 tid=0 pid=2 peCount=1 accCount=0
20260911 040354.538 INFO             PET2   SIMOCO Advance():  PE=2 SSI=0 SSIPE=2
20260911 040354.538 INFO             PET2   SIMOCO Advance(): PET=3 lpid=3 tid=0 pid=3 peCount=1 accCount=0
20260911 040354.538 INFO             PET2   SIMOCO Advance():  PE=3 SSI=0 SSIPE=3
20260911 040354.538 INFO             PET2   SIMOCO Advance(): --- VMK::log() end ---------------------------------------
20260911 040354.538 INFO             PET2   ------>Advancing SIMOCO from: 2012 10 24 18 30  0   0
20260911 040354.538 INFO             PET2   ---------------------> to: 2012 10 24 18 35  0   0
20260911 040354.538 INFO             PET2   SIMOCO Advance(): --- VMK::log() start -------------------------------------
20260911 040354.538 INFO             PET2   SIMOCO Advance(): vm located at: 0x2b8285e0
20260911 040354.538 INFO             PET2   SIMOCO Advance(): mpionly=1 threadsflag=0
20260911 040354.538 INFO             PET2   SIMOCO Advance(): ssiCount=1 localSsi=0
20260911 040354.538 INFO             PET2   SIMOCO Advance(): devCount=0 ssiLocalDevCount=0
20260911 040354.538 INFO             PET2   SIMOCO Advance(): petCount=4 ssiLocalPetCount=4
20260911 040354.538 INFO             PET2   SIMOCO Advance(): localPet=2 mypthid=22651384906688 ssiLocalPet=2 currentSsiPe=2
20260911 040354.538 INFO             PET2   SIMOCO Advance(): Current system level affinity pinning for local PET:
20260911 040354.539 INFO             PET2   SIMOCO Advance():  SSIPE=2
20260911 040354.539 INFO             PET2   SIMOCO Advance(): Current system level OMP_NUM_THREADS setting for local PET: 1
20260911 040354.539 INFO             PET2   SIMOCO Advance(): Current system level OMP_NUM_PROCS setting for local PET: 1
20260911 040354.539 INFO             PET2   SIMOCO Advance(): ESMF level logical PET->PE association (but consider system level affinity pinning!):
20260911 040354.539 INFO             PET2   SIMOCO Advance(): PET=0 lpid=0 tid=0 pid=0 peCount=1 accCount=0
20260911 040354.539 INFO             PET2   SIMOCO Advance():  PE=0 SSI=0 SSIPE=0
20260911 040354.539 INFO             PET2   SIMOCO Advance(): PET=1 lpid=1 tid=0 pid=1 peCount=1 accCount=0
20260911 040354.539 INFO             PET2   SIMOCO Advance():  PE=1 SSI=0 SSIPE=1
20260911 040354.539 INFO             PET2   SIMOCO Advance(): PET=2 lpid=2 tid=0 pid=2 peCount=1 accCount=0
20260911 040354.539 INFO             PET2   SIMOCO Advance():  PE=2 SSI=0 SSIPE=2
20260911 040354.539 INFO             PET2   SIMOCO Advance(): PET=3 lpid=3 tid=0 pid=3 peCount=1 accCount=0
20260911 040354.539 INFO             PET2   SIMOCO Advance():  PE=3 SSI=0 SSIPE=3
20260911 040354.539 INFO             PET2   SIMOCO Advance(): --- VMK::log() end ---------------------------------------
20260911 040354.539 INFO             PET2   ------>Advancing SIMOCO from: 2012 10 24 18 35  0   0
20260911 040354.539 INFO             PET2   ---------------------> to: 2012 10 24 18 40  0   0
20260911 040354.539 INFO             PET2   SIMOCO Advance(): --- VMK::log() start -------------------------------------
20260911 040354.539 INFO             PET2   SIMOCO Advance(): vm located at: 0x2b8285e0
20260911 040354.539 INFO             PET2   SIMOCO Advance(): mpionly=1 threadsflag=0
20260911 040354.539 INFO             PET2   SIMOCO Advance(): ssiCount=1 localSsi=0
20260911 040354.539 INFO             PET2   SIMOCO Advance(): devCount=0 ssiLocalDevCount=0
20260911 040354.539 INFO             PET2   SIMOCO Advance(): petCount=4 ssiLocalPetCount=4
20260911 040354.539 INFO             PET2   SIMOCO Advance(): localPet=2 mypthid=22651384906688 ssiLocalPet=2 currentSsiPe=2
20260911 040354.539 INFO             PET2   SIMOCO Advance(): Current system level affinity pinning for local PET:
20260911 040354.539 INFO             PET2   SIMOCO Advance():  SSIPE=2
20260911 040354.539 INFO             PET2   SIMOCO Advance(): Current system level OMP_NUM_THREADS setting for local PET: 1
20260911 040354.539 INFO             PET2   SIMOCO Advance(): Current system level OMP_NUM_PROCS setting for local PET: 1
20260911 040354.539 INFO             PET2   SIMOCO Advance(): ESMF level logical PET->PE association (but consider system level affinity pinning!):
20260911 040354.539 INFO             PET2   SIMOCO Advance(): PET=0 lpid=0 tid=0 pid=0 peCount=1 accCount=0
20260911 040354.539 INFO             PET2   SIMOCO Advance():  PE=0 SSI=0 SSIPE=0
20260911 040354.539 INFO             PET2   SIMOCO Advance(): PET=1 lpid=1 tid=0 pid=1 peCount=1 accCount=0
20260911 040354.539 INFO             PET2   SIMOCO Advance():  PE=1 SSI=0 SSIPE=1
20260911 040354.539 INFO             PET2   SIMOCO Advance(): PET=2 lpid=2 tid=0 pid=2 peCount=1 accCount=0
20260911 040354.539 INFO             PET2   SIMOCO Advance():  PE=2 SSI=0 SSIPE=2
20260911 040354.539 INFO             PET2   SIMOCO Advance(): PET=3 lpid=3 tid=0 pid=3 peCount=1 accCount=0
20260911 040354.539 INFO             PET2   SIMOCO Advance():  PE=3 SSI=0 SSIPE=3
20260911 040354.539 INFO             PET2   SIMOCO Advance(): --- VMK::log() end ---------------------------------------
20260911 040354.539 INFO             PET2   ------>Advancing SIMOCO from: 2012 10 24 18 40  0   0
20260911 040354.539 INFO             PET2   ---------------------> to: 2012 10 24 18 45  0   0
20260911 040354.539 INFO             PET2   SIMOCO Advance(): --- VMK::log() start -------------------------------------
20260911 040354.539 INFO             PET2   SIMOCO Advance(): vm located at: 0x2b8285e0
20260911 040354.539 INFO             PET2   SIMOCO Advance(): mpionly=1 threadsflag=0
20260911 040354.539 INFO             PET2   SIMOCO Advance(): ssiCount=1 localSsi=0
20260911 040354.539 INFO             PET2   SIMOCO Advance(): devCount=0 ssiLocalDevCount=0
20260911 040354.539 INFO             PET2   SIMOCO Advance(): petCount=4 ssiLocalPetCount=4
20260911 040354.539 INFO             PET2   SIMOCO Advance(): localPet=2 mypthid=22651384906688 ssiLocalPet=2 currentSsiPe=2
20260911 040354.539 INFO             PET2   SIMOCO Advance(): Current system level affinity pinning for local PET:
20260911 040354.539 INFO             PET2   SIMOCO Advance():  SSIPE=2
20260911 040354.539 INFO             PET2   SIMOCO Advance(): Current system level OMP_NUM_THREADS setting for local PET: 1
20260911 040354.539 INFO             PET2   SIMOCO Advance(): Current system level OMP_NUM_PROCS setting for local PET: 1
20260911 040354.539 INFO             PET2   SIMOCO Advance(): ESMF level logical PET->PE association (but consider system level affinity pinning!):
20260911 040354.539 INFO             PET2   SIMOCO Advance(): PET=0 lpid=0 tid=0 pid=0 peCount=1 accCount=0
20260911 040354.539 INFO             PET2   SIMOCO Advance():  PE=0 SSI=0 SSIPE=0
20260911 040354.539 INFO             PET2   SIMOCO Advance(): PET=1 lpid=1 tid=0 pid=1 peCount=1 accCount=0
20260911 040354.539 INFO             PET2   SIMOCO Advance():  PE=1 SSI=0 SSIPE=1
20260911 040354.539 INFO             PET2   SIMOCO Advance(): PET=2 lpid=2 tid=0 pid=2 peCount=1 accCount=0
20260911 040354.539 INFO             PET2   SIMOCO Advance():  PE=2 SSI=0 SSIPE=2
20260911 040354.539 INFO             PET2   SIMOCO Advance(): PET=3 lpid=3 tid=0 pid=3 peCount=1 accCount=0
20260911 040354.539 INFO             PET2   SIMOCO Advance():  PE=3 SSI=0 SSIPE=3
20260911 040354.539 INFO             PET2   SIMOCO Advance(): --- VMK::log() end ---------------------------------------
20260911 040354.539 INFO             PET2   ------>Advancing SIMOCO from: 2012 10 24 18 45  0   0
20260911 040354.539 INFO             PET2   ---------------------> to: 2012 10 24 18 50  0   0
20260911 040354.539 INFO             PET2   SIMOCO Advance(): --- VMK::log() start -------------------------------------
20260911 040354.539 INFO             PET2   SIMOCO Advance(): vm located at: 0x2b8285e0
20260911 040354.539 INFO             PET2   SIMOCO Advance(): mpionly=1 threadsflag=0
20260911 040354.539 INFO             PET2   SIMOCO Advance(): ssiCount=1 localSsi=0
20260911 040354.539 INFO             PET2   SIMOCO Advance(): devCount=0 ssiLocalDevCount=0
20260911 040354.539 INFO             PET2   SIMOCO Advance(): petCount=4 ssiLocalPetCount=4
20260911 040354.539 INFO             PET2   SIMOCO Advance(): localPet=2 mypthid=22651384906688 ssiLocalPet=2 currentSsiPe=2
20260911 040354.539 INFO             PET2   SIMOCO Advance(): Current system level affinity pinning for local PET:
20260911 040354.539 INFO             PET2   SIMOCO Advance():  SSIPE=2
20260911 040354.539 INFO             PET2   SIMOCO Advance(): Current system level OMP_NUM_THREADS setting for local PET: 1
20260911 040354.539 INFO             PET2   SIMOCO Advance(): Current system level OMP_NUM_PROCS setting for local PET: 1
20260911 040354.539 INFO             PET2   SIMOCO Advance(): ESMF level logical PET->PE association (but consider system level affinity pinning!):
20260911 040354.539 INFO             PET2   SIMOCO Advance(): PET=0 lpid=0 tid=0 pid=0 peCount=1 accCount=0
20260911 040354.539 INFO             PET2   SIMOCO Advance():  PE=0 SSI=0 SSIPE=0
20260911 040354.539 INFO             PET2   SIMOCO Advance(): PET=1 lpid=1 tid=0 pid=1 peCount=1 accCount=0
20260911 040354.539 INFO             PET2   SIMOCO Advance():  PE=1 SSI=0 SSIPE=1
20260911 040354.539 INFO             PET2   SIMOCO Advance(): PET=2 lpid=2 tid=0 pid=2 peCount=1 accCount=0
20260911 040354.539 INFO             PET2   SIMOCO Advance():  PE=2 SSI=0 SSIPE=2
20260911 040354.539 INFO             PET2   SIMOCO Advance(): PET=3 lpid=3 tid=0 pid=3 peCount=1 accCount=0
20260911 040354.539 INFO             PET2   SIMOCO Advance():  PE=3 SSI=0 SSIPE=3
20260911 040354.539 INFO             PET2   SIMOCO Advance(): --- VMK::log() end ---------------------------------------
20260911 040354.539 INFO             PET2   ------>Advancing SIMOCO from: 2012 10 24 18 50  0   0
20260911 040354.539 INFO             PET2   ---------------------> to: 2012 10 24 18 55  0   0
20260911 040354.539 INFO             PET2   SIMOCO Advance(): --- VMK::log() start -------------------------------------
20260911 040354.539 INFO             PET2   SIMOCO Advance(): vm located at: 0x2b8285e0
20260911 040354.539 INFO             PET2   SIMOCO Advance(): mpionly=1 threadsflag=0
20260911 040354.539 INFO             PET2   SIMOCO Advance(): ssiCount=1 localSsi=0
20260911 040354.539 INFO             PET2   SIMOCO Advance(): devCount=0 ssiLocalDevCount=0
20260911 040354.539 INFO             PET2   SIMOCO Advance(): petCount=4 ssiLocalPetCount=4
20260911 040354.539 INFO             PET2   SIMOCO Advance(): localPet=2 mypthid=22651384906688 ssiLocalPet=2 currentSsiPe=2
20260911 040354.539 INFO             PET2   SIMOCO Advance(): Current system level affinity pinning for local PET:
20260911 040354.539 INFO             PET2   SIMOCO Advance():  SSIPE=2
20260911 040354.539 INFO             PET2   SIMOCO Advance(): Current system level OMP_NUM_THREADS setting for local PET: 1
20260911 040354.539 INFO             PET2   SIMOCO Advance(): Current system level OMP_NUM_PROCS setting for local PET: 1
20260911 040354.539 INFO             PET2   SIMOCO Advance(): ESMF level logical PET->PE association (but consider system level affinity pinning!):
20260911 040354.539 INFO             PET2   SIMOCO Advance(): PET=0 lpid=0 tid=0 pid=0 peCount=1 accCount=0
20260911 040354.539 INFO             PET2   SIMOCO Advance():  PE=0 SSI=0 SSIPE=0
20260911 040354.539 INFO             PET2   SIMOCO Advance(): PET=1 lpid=1 tid=0 pid=1 peCount=1 accCount=0
20260911 040354.539 INFO             PET2   SIMOCO Advance():  PE=1 SSI=0 SSIPE=1
20260911 040354.539 INFO             PET2   SIMOCO Advance(): PET=2 lpid=2 tid=0 pid=2 peCount=1 accCount=0
20260911 040354.539 INFO             PET2   SIMOCO Advance():  PE=2 SSI=0 SSIPE=2
20260911 040354.539 INFO             PET2   SIMOCO Advance(): PET=3 lpid=3 tid=0 pid=3 peCount=1 accCount=0
20260911 040354.539 INFO             PET2   SIMOCO Advance():  PE=3 SSI=0 SSIPE=3
20260911 040354.539 INFO             PET2   SIMOCO Advance(): --- VMK::log() end ---------------------------------------
20260911 040354.539 INFO             PET2   ------>Advancing SIMOCO from: 2012 10 24 18 55  0   0
20260911 040354.539 INFO             PET2   ---------------------> to: 2012 10 24 19  0  0   0
20260911 040354.540 INFO             PET2   <<<ESMX_Driver: leaving Run (phase=RunPhase1) with current time: 2012 10 24 19  0  0   0
20260911 040354.540 INFO             PET2 ESMX_Driver: Run extro.
20260911 040354.540 INFO             PET2 ESMX_Driver: Finalize intro.
20260911 040354.540 INFO             PET2   >>>ESMX_Driver: entered Finalize (phase=FinalizePhase1) with current time: 2012 10 24 19  0  0   0
20260911 040354.540 INFO             PET2   Calling Finalize phase 1 for modelComp: MDL
20260911 040354.540 INFO             PET2   Delete modelComp: MDL
20260911 040354.540 INFO             PET2   <<<ESMX_Driver: leaving Finalize (phase=FinalizePhase1) with current time: 2012 10 24 19  0  0   0
20260911 040354.540 INFO             PET2 ESMX_Driver: Finalize extro.
20260911 040354.540 INFO             PET2 =============================================
20260911 040354.540 INFO             PET2 ESMX (Earth System Model eXecutable) FINISHED
20260911 040354.540 INFO             PET2 =============================================
20260911 040354.540 INFO             PET2  Finalizing ESMF
20260911 040354.442 INFO             PET3 !!!!!!!!!!!!!!!!!!!!!!!!!!!!!!!!!!!!!!!!!!!!!!!!!!!!!!
20260911 040354.442 INFO             PET3 !!! THE ESMF_LOG IS SET TO OUTPUT ALL LOG MESSAGES !!!
20260911 040354.442 INFO             PET3 !!!     THIS MAY CAUSE SLOWDOWN IN PERFORMANCE     !!!
20260911 040354.442 INFO             PET3 !!! FOR PRODUCTION RUNS, USE:                      !!!
20260911 040354.442 INFO             PET3 !!!                   ESMF_LOGKIND_Multi_On_Error  !!!
20260911 040354.442 INFO             PET3 !!!!!!!!!!!!!!!!!!!!!!!!!!!!!!!!!!!!!!!!!!!!!!!!!!!!!!
20260911 040354.442 INFO             PET3 Running with ESMF Version   : develop+gc12f7f42f7
20260911 040354.442 INFO             PET3 ESMF library build date/time: "Sep 11 2026" "02:54:10"
20260911 040354.442 INFO             PET3 ESMF library build location : /glade/derecho/scratch/sacks/esmf-testing/nvhpc_26.1_mpi_g_develop/esmf
20260911 040354.442 INFO             PET3 ESMF_COMM                   : mpi
20260911 040354.442 INFO             PET3 ESMF_MOAB                   : enabled
20260911 040354.442 INFO             PET3 ESMF_LAPACK                 : enabled
20260911 040354.442 INFO             PET3 ESMF_NETCDF                 : enabled
20260911 040354.442 INFO             PET3 ESMF_PNETCDF                : disabled
20260911 040354.442 INFO             PET3 ESMF_PIO                    : enabled
20260911 040354.442 INFO             PET3 ESMF_YAMLCPP                : enabled
20260911 040354.446 INFO             PET3 =============================================
20260911 040354.446 INFO             PET3 ESMX (Earth System Model eXecutable) STARTING
20260911 040354.446 INFO             PET3 =============================================
20260911 040354.458 DEBUG            PET3 Generic SetVM() is executing for: ESMX_Driver
20260911 040354.458 DEBUG            PET3 Generic SetVM() found no NUOPC Hint for: ESMX_Driver
20260911 040354.458 DEBUG            PET3 Generic SetVM() therefore is NOT calling ESMF_GridCompSetVMMaxPEs() for: ESMX_Driver
20260911 040354.465 INFO             PET3 ESMX_Driver: InitializeGeneric intro.
20260911 040354.465 INFO             PET3   >>>ESMX_Driver: entered Initialize (phase=<none>) without valid internal Clock.
20260911 040354.465 INFO             PET3   ESMX_Driver: InitializeP0 intro.
20260911 040354.465 INFO             PET3     >>>ESMX_Driver: entered Initialize (phase=<none>) without valid internal Clock.
20260911 040354.465 INFO             PET3     <<<ESMX_Driver: leaving Initialize (phase=<none>) without valid internal Clock.
20260911 040354.465 INFO             PET3   ESMX_Driver: InitializeP0 extro.
20260911 040354.465 INFO             PET3   ESMX_Driver: InitializeIPDv02p1 intro.
20260911 040354.465 INFO             PET3     >>>ESMX_Driver: entered Initialize (phase=<none>) without valid internal Clock.
20260911 040354.473 INFO             PET3     ESMX_Driver - Creating model component MDL without petList.
20260911 040354.473 DEBUG            PET3     Generic SetVM() is executing for: MDL
20260911 040354.488 INFO             PET3     ESMX_Driver: IInitAdvertise intro.
20260911 040354.488 INFO             PET3       >>>ESMX_Driver: entered Initialize (phase=<none>) with current time: 2012 10 24 18  0  0   0
20260911 040354.488 INFO             PET3       <<<ESMX_Driver: leaving Initialize (phase=<none>) with current time: 2012 10 24 18  0  0   0
20260911 040354.488 INFO             PET3     ESMX_Driver: IInitAdvertise extro.
20260911 040354.491 INFO             PET3     ESMX_Driver: IInitAdvertiseFinish intro.
20260911 040354.491 INFO             PET3       >>>ESMX_Driver: entered Initialize (phase=<none>) with current time: 2012 10 24 18  0  0   0
20260911 040354.491 INFO             PET3       <<<ESMX_Driver: leaving Initialize (phase=<none>) with current time: 2012 10 24 18  0  0   0
20260911 040354.491 INFO             PET3     ESMX_Driver: IInitAdvertiseFinish extro.
20260911 040354.492 INFO             PET3     ESMX_Driver: IInitModifyCplLists intro.
20260911 040354.492 INFO             PET3       >>>ESMX_Driver: entered Initialize (phase=<none>) with current time: 2012 10 24 18  0  0   0
20260911 040354.492 INFO             PET3       <<<ESMX_Driver: leaving Initialize (phase=<none>) with current time: 2012 10 24 18  0  0   0
20260911 040354.492 INFO             PET3     ESMX_Driver: IInitModifyCplLists extro.
20260911 040354.492 INFO             PET3     <<<ESMX_Driver: leaving Initialize (phase=<none>) with current time: 2012 10 24 18  0  0   0
20260911 040354.492 INFO             PET3   ESMX_Driver: InitializeIPDv02p1 extro.
20260911 040354.492 INFO             PET3   ESMX_Driver: InitializeIPDv02p3 intro.
20260911 040354.492 INFO             PET3     >>>ESMX_Driver: entered Initialize (phase=<none>) with current time: 2012 10 24 18  0  0   0
20260911 040354.493 INFO             PET3     ESMX_Driver: IInitCheck intro.
20260911 040354.493 INFO             PET3       >>>ESMX_Driver: entered Initialize (phase=<none>) with current time: 2012 10 24 18  0  0   0
20260911 040354.493 INFO             PET3       <<<ESMX_Driver: leaving Initialize (phase=<none>) with current time: 2012 10 24 18  0  0   0
20260911 040354.493 INFO             PET3     ESMX_Driver: IInitCheck extro.
20260911 040354.533 INFO             PET3     ESMX_Driver: IInitRealize intro.
20260911 040354.533 INFO             PET3       >>>ESMX_Driver: entered Initialize (phase=<none>) with current time: 2012 10 24 18  0  0   0
20260911 040354.533 INFO             PET3       <<<ESMX_Driver: leaving Initialize (phase=<none>) with current time: 2012 10 24 18  0  0   0
20260911 040354.533 INFO             PET3     ESMX_Driver: IInitRealize extro.
20260911 040354.534 INFO             PET3     <<<ESMX_Driver: leaving Initialize (phase=<none>) with current time: 2012 10 24 18  0  0   0
20260911 040354.534 INFO             PET3   ESMX_Driver: InitializeIPDv02p3 extro.
20260911 040354.534 INFO             PET3   ESMX_Driver: InitializeIPDv02p5 intro.
20260911 040354.534 INFO             PET3     >>>ESMX_Driver: entered Initialize (phase=<none>) with current time: 2012 10 24 18  0  0   0
20260911 040354.534 INFO             PET3     ESMX_Driver: InitializeIPDv02p5Data intro.
20260911 040354.534 INFO             PET3       >>>ESMX_Driver: entered Initialize (phase=<none>) with current time: 2012 10 24 18  0  0   0
20260911 040354.534 INFO             PET3       ESMX_Driver: InternalInitializeComplete intro.
20260911 040354.534 INFO             PET3         >>>ESMX_Driver: entered Initialize (phase=<none>) with current time: 2012 10 24 18  0  0   0
20260911 040354.534 INFO             PET3         <<<ESMX_Driver: leaving Initialize (phase=<none>) with current time: 2012 10 24 18  0  0   0
20260911 040354.534 INFO             PET3       ESMX_Driver: InternalInitializeComplete extro.
20260911 040354.536 INFO             PET3       ESMX_Driver: loopDataDependentInitialize intro.
20260911 040354.536 INFO             PET3         >>>ESMX_Driver: entered Initialize (phase=<none>) with current time: 2012 10 24 18  0  0   0
20260911 040354.536 INFO             PET3         <<<ESMX_Driver: leaving Initialize (phase=<none>) with current time: 2012 10 24 18  0  0   0
20260911 040354.536 INFO             PET3       ESMX_Driver: loopDataDependentInitialize extro.
20260911 040354.536 INFO             PET3       <<<ESMX_Driver: leaving Initialize (phase=<none>) with current time: 2012 10 24 18  0  0   0
20260911 040354.536 INFO             PET3     ESMX_Driver: InitializeIPDv02p5Data extro.
20260911 040354.536 INFO             PET3     <<<ESMX_Driver: leaving Initialize (phase=<none>) with current time: 2012 10 24 18  0  0   0
20260911 040354.536 INFO             PET3   ESMX_Driver: InitializeIPDv02p5 extro.
20260911 040354.536 INFO             PET3   <<<ESMX_Driver: leaving Initialize (phase=<none>) with current time: 2012 10 24 18  0  0   0
20260911 040354.536 INFO             PET3 ESMX_Driver: InitializeGeneric extro.
20260911 040354.536 INFO             PET3 ESMX_Driver: Run intro.
20260911 040354.536 INFO             PET3   >>>ESMX_Driver: entered Run (phase=RunPhase1) with current time: 2012 10 24 18  0  0   0
20260911 040354.537 INFO             PET3   SIMOCO Advance(): --- VMK::log() start -------------------------------------
20260911 040354.537 INFO             PET3   SIMOCO Advance(): vm located at: 0x321655e0
20260911 040354.537 INFO             PET3   SIMOCO Advance(): mpionly=1 threadsflag=0
20260911 040354.537 INFO             PET3   SIMOCO Advance(): ssiCount=1 localSsi=0
20260911 040354.537 INFO             PET3   SIMOCO Advance(): devCount=0 ssiLocalDevCount=0
20260911 040354.537 INFO             PET3   SIMOCO Advance(): petCount=4 ssiLocalPetCount=4
20260911 040354.537 INFO             PET3   SIMOCO Advance(): localPet=3 mypthid=22403638539200 ssiLocalPet=3 currentSsiPe=3
20260911 040354.537 INFO             PET3   SIMOCO Advance(): Current system level affinity pinning for local PET:
20260911 040354.537 INFO             PET3   SIMOCO Advance():  SSIPE=3
20260911 040354.537 INFO             PET3   SIMOCO Advance(): Current system level OMP_NUM_THREADS setting for local PET: 1
20260911 040354.537 INFO             PET3   SIMOCO Advance(): Current system level OMP_NUM_PROCS setting for local PET: 1
20260911 040354.537 INFO             PET3   SIMOCO Advance(): ESMF level logical PET->PE association (but consider system level affinity pinning!):
20260911 040354.537 INFO             PET3   SIMOCO Advance(): PET=0 lpid=0 tid=0 pid=0 peCount=1 accCount=0
20260911 040354.537 INFO             PET3   SIMOCO Advance():  PE=0 SSI=0 SSIPE=0
20260911 040354.537 INFO             PET3   SIMOCO Advance(): PET=1 lpid=1 tid=0 pid=1 peCount=1 accCount=0
20260911 040354.537 INFO             PET3   SIMOCO Advance():  PE=1 SSI=0 SSIPE=1
20260911 040354.537 INFO             PET3   SIMOCO Advance(): PET=2 lpid=2 tid=0 pid=2 peCount=1 accCount=0
20260911 040354.537 INFO             PET3   SIMOCO Advance():  PE=2 SSI=0 SSIPE=2
20260911 040354.537 INFO             PET3   SIMOCO Advance(): PET=3 lpid=3 tid=0 pid=3 peCount=1 accCount=0
20260911 040354.537 INFO             PET3   SIMOCO Advance():  PE=3 SSI=0 SSIPE=3
20260911 040354.537 INFO             PET3   SIMOCO Advance(): --- VMK::log() end ---------------------------------------
20260911 040354.537 INFO             PET3   ------>Advancing SIMOCO from: 2012 10 24 18  0  0   0
20260911 040354.537 INFO             PET3   ---------------------> to: 2012 10 24 18  5  0   0
20260911 040354.537 INFO             PET3   SIMOCO Advance(): --- VMK::log() start -------------------------------------
20260911 040354.537 INFO             PET3   SIMOCO Advance(): vm located at: 0x321655e0
20260911 040354.537 INFO             PET3   SIMOCO Advance(): mpionly=1 threadsflag=0
20260911 040354.537 INFO             PET3   SIMOCO Advance(): ssiCount=1 localSsi=0
20260911 040354.537 INFO             PET3   SIMOCO Advance(): devCount=0 ssiLocalDevCount=0
20260911 040354.537 INFO             PET3   SIMOCO Advance(): petCount=4 ssiLocalPetCount=4
20260911 040354.537 INFO             PET3   SIMOCO Advance(): localPet=3 mypthid=22403638539200 ssiLocalPet=3 currentSsiPe=3
20260911 040354.537 INFO             PET3   SIMOCO Advance(): Current system level affinity pinning for local PET:
20260911 040354.537 INFO             PET3   SIMOCO Advance():  SSIPE=3
20260911 040354.537 INFO             PET3   SIMOCO Advance(): Current system level OMP_NUM_THREADS setting for local PET: 1
20260911 040354.537 INFO             PET3   SIMOCO Advance(): Current system level OMP_NUM_PROCS setting for local PET: 1
20260911 040354.537 INFO             PET3   SIMOCO Advance(): ESMF level logical PET->PE association (but consider system level affinity pinning!):
20260911 040354.537 INFO             PET3   SIMOCO Advance(): PET=0 lpid=0 tid=0 pid=0 peCount=1 accCount=0
20260911 040354.537 INFO             PET3   SIMOCO Advance():  PE=0 SSI=0 SSIPE=0
20260911 040354.537 INFO             PET3   SIMOCO Advance(): PET=1 lpid=1 tid=0 pid=1 peCount=1 accCount=0
20260911 040354.537 INFO             PET3   SIMOCO Advance():  PE=1 SSI=0 SSIPE=1
20260911 040354.537 INFO             PET3   SIMOCO Advance(): PET=2 lpid=2 tid=0 pid=2 peCount=1 accCount=0
20260911 040354.537 INFO             PET3   SIMOCO Advance():  PE=2 SSI=0 SSIPE=2
20260911 040354.537 INFO             PET3   SIMOCO Advance(): PET=3 lpid=3 tid=0 pid=3 peCount=1 accCount=0
20260911 040354.537 INFO             PET3   SIMOCO Advance():  PE=3 SSI=0 SSIPE=3
20260911 040354.537 INFO             PET3   SIMOCO Advance(): --- VMK::log() end ---------------------------------------
20260911 040354.537 INFO             PET3   ------>Advancing SIMOCO from: 2012 10 24 18  5  0   0
20260911 040354.537 INFO             PET3   ---------------------> to: 2012 10 24 18 10  0   0
20260911 040354.537 INFO             PET3   SIMOCO Advance(): --- VMK::log() start -------------------------------------
20260911 040354.537 INFO             PET3   SIMOCO Advance(): vm located at: 0x321655e0
20260911 040354.537 INFO             PET3   SIMOCO Advance(): mpionly=1 threadsflag=0
20260911 040354.537 INFO             PET3   SIMOCO Advance(): ssiCount=1 localSsi=0
20260911 040354.537 INFO             PET3   SIMOCO Advance(): devCount=0 ssiLocalDevCount=0
20260911 040354.537 INFO             PET3   SIMOCO Advance(): petCount=4 ssiLocalPetCount=4
20260911 040354.537 INFO             PET3   SIMOCO Advance(): localPet=3 mypthid=22403638539200 ssiLocalPet=3 currentSsiPe=3
20260911 040354.537 INFO             PET3   SIMOCO Advance(): Current system level affinity pinning for local PET:
20260911 040354.537 INFO             PET3   SIMOCO Advance():  SSIPE=3
20260911 040354.537 INFO             PET3   SIMOCO Advance(): Current system level OMP_NUM_THREADS setting for local PET: 1
20260911 040354.537 INFO             PET3   SIMOCO Advance(): Current system level OMP_NUM_PROCS setting for local PET: 1
20260911 040354.537 INFO             PET3   SIMOCO Advance(): ESMF level logical PET->PE association (but consider system level affinity pinning!):
20260911 040354.537 INFO             PET3   SIMOCO Advance(): PET=0 lpid=0 tid=0 pid=0 peCount=1 accCount=0
20260911 040354.537 INFO             PET3   SIMOCO Advance():  PE=0 SSI=0 SSIPE=0
20260911 040354.537 INFO             PET3   SIMOCO Advance(): PET=1 lpid=1 tid=0 pid=1 peCount=1 accCount=0
20260911 040354.537 INFO             PET3   SIMOCO Advance():  PE=1 SSI=0 SSIPE=1
20260911 040354.537 INFO             PET3   SIMOCO Advance(): PET=2 lpid=2 tid=0 pid=2 peCount=1 accCount=0
20260911 040354.537 INFO             PET3   SIMOCO Advance():  PE=2 SSI=0 SSIPE=2
20260911 040354.537 INFO             PET3   SIMOCO Advance(): PET=3 lpid=3 tid=0 pid=3 peCount=1 accCount=0
20260911 040354.537 INFO             PET3   SIMOCO Advance():  PE=3 SSI=0 SSIPE=3
20260911 040354.537 INFO             PET3   SIMOCO Advance(): --- VMK::log() end ---------------------------------------
20260911 040354.537 INFO             PET3   ------>Advancing SIMOCO from: 2012 10 24 18 10  0   0
20260911 040354.537 INFO             PET3   ---------------------> to: 2012 10 24 18 15  0   0
20260911 040354.538 INFO             PET3   SIMOCO Advance(): --- VMK::log() start -------------------------------------
20260911 040354.538 INFO             PET3   SIMOCO Advance(): vm located at: 0x321655e0
20260911 040354.538 INFO             PET3   SIMOCO Advance(): mpionly=1 threadsflag=0
20260911 040354.538 INFO             PET3   SIMOCO Advance(): ssiCount=1 localSsi=0
20260911 040354.538 INFO             PET3   SIMOCO Advance(): devCount=0 ssiLocalDevCount=0
20260911 040354.538 INFO             PET3   SIMOCO Advance(): petCount=4 ssiLocalPetCount=4
20260911 040354.538 INFO             PET3   SIMOCO Advance(): localPet=3 mypthid=22403638539200 ssiLocalPet=3 currentSsiPe=3
20260911 040354.538 INFO             PET3   SIMOCO Advance(): Current system level affinity pinning for local PET:
20260911 040354.538 INFO             PET3   SIMOCO Advance():  SSIPE=3
20260911 040354.538 INFO             PET3   SIMOCO Advance(): Current system level OMP_NUM_THREADS setting for local PET: 1
20260911 040354.538 INFO             PET3   SIMOCO Advance(): Current system level OMP_NUM_PROCS setting for local PET: 1
20260911 040354.538 INFO             PET3   SIMOCO Advance(): ESMF level logical PET->PE association (but consider system level affinity pinning!):
20260911 040354.538 INFO             PET3   SIMOCO Advance(): PET=0 lpid=0 tid=0 pid=0 peCount=1 accCount=0
20260911 040354.538 INFO             PET3   SIMOCO Advance():  PE=0 SSI=0 SSIPE=0
20260911 040354.538 INFO             PET3   SIMOCO Advance(): PET=1 lpid=1 tid=0 pid=1 peCount=1 accCount=0
20260911 040354.538 INFO             PET3   SIMOCO Advance():  PE=1 SSI=0 SSIPE=1
20260911 040354.538 INFO             PET3   SIMOCO Advance(): PET=2 lpid=2 tid=0 pid=2 peCount=1 accCount=0
20260911 040354.538 INFO             PET3   SIMOCO Advance():  PE=2 SSI=0 SSIPE=2
20260911 040354.538 INFO             PET3   SIMOCO Advance(): PET=3 lpid=3 tid=0 pid=3 peCount=1 accCount=0
20260911 040354.538 INFO             PET3   SIMOCO Advance():  PE=3 SSI=0 SSIPE=3
20260911 040354.538 INFO             PET3   SIMOCO Advance(): --- VMK::log() end ---------------------------------------
20260911 040354.538 INFO             PET3   ------>Advancing SIMOCO from: 2012 10 24 18 15  0   0
20260911 040354.538 INFO             PET3   ---------------------> to: 2012 10 24 18 20  0   0
20260911 040354.538 INFO             PET3   SIMOCO Advance(): --- VMK::log() start -------------------------------------
20260911 040354.538 INFO             PET3   SIMOCO Advance(): vm located at: 0x321655e0
20260911 040354.538 INFO             PET3   SIMOCO Advance(): mpionly=1 threadsflag=0
20260911 040354.538 INFO             PET3   SIMOCO Advance(): ssiCount=1 localSsi=0
20260911 040354.538 INFO             PET3   SIMOCO Advance(): devCount=0 ssiLocalDevCount=0
20260911 040354.538 INFO             PET3   SIMOCO Advance(): petCount=4 ssiLocalPetCount=4
20260911 040354.538 INFO             PET3   SIMOCO Advance(): localPet=3 mypthid=22403638539200 ssiLocalPet=3 currentSsiPe=3
20260911 040354.538 INFO             PET3   SIMOCO Advance(): Current system level affinity pinning for local PET:
20260911 040354.538 INFO             PET3   SIMOCO Advance():  SSIPE=3
20260911 040354.538 INFO             PET3   SIMOCO Advance(): Current system level OMP_NUM_THREADS setting for local PET: 1
20260911 040354.538 INFO             PET3   SIMOCO Advance(): Current system level OMP_NUM_PROCS setting for local PET: 1
20260911 040354.538 INFO             PET3   SIMOCO Advance(): ESMF level logical PET->PE association (but consider system level affinity pinning!):
20260911 040354.538 INFO             PET3   SIMOCO Advance(): PET=0 lpid=0 tid=0 pid=0 peCount=1 accCount=0
20260911 040354.538 INFO             PET3   SIMOCO Advance():  PE=0 SSI=0 SSIPE=0
20260911 040354.538 INFO             PET3   SIMOCO Advance(): PET=1 lpid=1 tid=0 pid=1 peCount=1 accCount=0
20260911 040354.538 INFO             PET3   SIMOCO Advance():  PE=1 SSI=0 SSIPE=1
20260911 040354.538 INFO             PET3   SIMOCO Advance(): PET=2 lpid=2 tid=0 pid=2 peCount=1 accCount=0
20260911 040354.538 INFO             PET3   SIMOCO Advance():  PE=2 SSI=0 SSIPE=2
20260911 040354.538 INFO             PET3   SIMOCO Advance(): PET=3 lpid=3 tid=0 pid=3 peCount=1 accCount=0
20260911 040354.538 INFO             PET3   SIMOCO Advance():  PE=3 SSI=0 SSIPE=3
20260911 040354.538 INFO             PET3   SIMOCO Advance(): --- VMK::log() end ---------------------------------------
20260911 040354.538 INFO             PET3   ------>Advancing SIMOCO from: 2012 10 24 18 20  0   0
20260911 040354.538 INFO             PET3   ---------------------> to: 2012 10 24 18 25  0   0
20260911 040354.538 INFO             PET3   SIMOCO Advance(): --- VMK::log() start -------------------------------------
20260911 040354.538 INFO             PET3   SIMOCO Advance(): vm located at: 0x321655e0
20260911 040354.538 INFO             PET3   SIMOCO Advance(): mpionly=1 threadsflag=0
20260911 040354.538 INFO             PET3   SIMOCO Advance(): ssiCount=1 localSsi=0
20260911 040354.538 INFO             PET3   SIMOCO Advance(): devCount=0 ssiLocalDevCount=0
20260911 040354.538 INFO             PET3   SIMOCO Advance(): petCount=4 ssiLocalPetCount=4
20260911 040354.538 INFO             PET3   SIMOCO Advance(): localPet=3 mypthid=22403638539200 ssiLocalPet=3 currentSsiPe=3
20260911 040354.538 INFO             PET3   SIMOCO Advance(): Current system level affinity pinning for local PET:
20260911 040354.538 INFO             PET3   SIMOCO Advance():  SSIPE=3
20260911 040354.538 INFO             PET3   SIMOCO Advance(): Current system level OMP_NUM_THREADS setting for local PET: 1
20260911 040354.538 INFO             PET3   SIMOCO Advance(): Current system level OMP_NUM_PROCS setting for local PET: 1
20260911 040354.538 INFO             PET3   SIMOCO Advance(): ESMF level logical PET->PE association (but consider system level affinity pinning!):
20260911 040354.538 INFO             PET3   SIMOCO Advance(): PET=0 lpid=0 tid=0 pid=0 peCount=1 accCount=0
20260911 040354.538 INFO             PET3   SIMOCO Advance():  PE=0 SSI=0 SSIPE=0
20260911 040354.538 INFO             PET3   SIMOCO Advance(): PET=1 lpid=1 tid=0 pid=1 peCount=1 accCount=0
20260911 040354.538 INFO             PET3   SIMOCO Advance():  PE=1 SSI=0 SSIPE=1
20260911 040354.538 INFO             PET3   SIMOCO Advance(): PET=2 lpid=2 tid=0 pid=2 peCount=1 accCount=0
20260911 040354.538 INFO             PET3   SIMOCO Advance():  PE=2 SSI=0 SSIPE=2
20260911 040354.538 INFO             PET3   SIMOCO Advance(): PET=3 lpid=3 tid=0 pid=3 peCount=1 accCount=0
20260911 040354.538 INFO             PET3   SIMOCO Advance():  PE=3 SSI=0 SSIPE=3
20260911 040354.538 INFO             PET3   SIMOCO Advance(): --- VMK::log() end ---------------------------------------
20260911 040354.538 INFO             PET3   ------>Advancing SIMOCO from: 2012 10 24 18 25  0   0
20260911 040354.538 INFO             PET3   ---------------------> to: 2012 10 24 18 30  0   0
20260911 040354.538 INFO             PET3   SIMOCO Advance(): --- VMK::log() start -------------------------------------
20260911 040354.538 INFO             PET3   SIMOCO Advance(): vm located at: 0x321655e0
20260911 040354.538 INFO             PET3   SIMOCO Advance(): mpionly=1 threadsflag=0
20260911 040354.538 INFO             PET3   SIMOCO Advance(): ssiCount=1 localSsi=0
20260911 040354.538 INFO             PET3   SIMOCO Advance(): devCount=0 ssiLocalDevCount=0
20260911 040354.538 INFO             PET3   SIMOCO Advance(): petCount=4 ssiLocalPetCount=4
20260911 040354.538 INFO             PET3   SIMOCO Advance(): localPet=3 mypthid=22403638539200 ssiLocalPet=3 currentSsiPe=3
20260911 040354.538 INFO             PET3   SIMOCO Advance(): Current system level affinity pinning for local PET:
20260911 040354.538 INFO             PET3   SIMOCO Advance():  SSIPE=3
20260911 040354.538 INFO             PET3   SIMOCO Advance(): Current system level OMP_NUM_THREADS setting for local PET: 1
20260911 040354.538 INFO             PET3   SIMOCO Advance(): Current system level OMP_NUM_PROCS setting for local PET: 1
20260911 040354.538 INFO             PET3   SIMOCO Advance(): ESMF level logical PET->PE association (but consider system level affinity pinning!):
20260911 040354.538 INFO             PET3   SIMOCO Advance(): PET=0 lpid=0 tid=0 pid=0 peCount=1 accCount=0
20260911 040354.538 INFO             PET3   SIMOCO Advance():  PE=0 SSI=0 SSIPE=0
20260911 040354.538 INFO             PET3   SIMOCO Advance(): PET=1 lpid=1 tid=0 pid=1 peCount=1 accCount=0
20260911 040354.538 INFO             PET3   SIMOCO Advance():  PE=1 SSI=0 SSIPE=1
20260911 040354.538 INFO             PET3   SIMOCO Advance(): PET=2 lpid=2 tid=0 pid=2 peCount=1 accCount=0
20260911 040354.538 INFO             PET3   SIMOCO Advance():  PE=2 SSI=0 SSIPE=2
20260911 040354.538 INFO             PET3   SIMOCO Advance(): PET=3 lpid=3 tid=0 pid=3 peCount=1 accCount=0
20260911 040354.538 INFO             PET3   SIMOCO Advance():  PE=3 SSI=0 SSIPE=3
20260911 040354.538 INFO             PET3   SIMOCO Advance(): --- VMK::log() end ---------------------------------------
20260911 040354.538 INFO             PET3   ------>Advancing SIMOCO from: 2012 10 24 18 30  0   0
20260911 040354.538 INFO             PET3   ---------------------> to: 2012 10 24 18 35  0   0
20260911 040354.538 INFO             PET3   SIMOCO Advance(): --- VMK::log() start -------------------------------------
20260911 040354.538 INFO             PET3   SIMOCO Advance(): vm located at: 0x321655e0
20260911 040354.538 INFO             PET3   SIMOCO Advance(): mpionly=1 threadsflag=0
20260911 040354.538 INFO             PET3   SIMOCO Advance(): ssiCount=1 localSsi=0
20260911 040354.538 INFO             PET3   SIMOCO Advance(): devCount=0 ssiLocalDevCount=0
20260911 040354.538 INFO             PET3   SIMOCO Advance(): petCount=4 ssiLocalPetCount=4
20260911 040354.538 INFO             PET3   SIMOCO Advance(): localPet=3 mypthid=22403638539200 ssiLocalPet=3 currentSsiPe=3
20260911 040354.538 INFO             PET3   SIMOCO Advance(): Current system level affinity pinning for local PET:
20260911 040354.538 INFO             PET3   SIMOCO Advance():  SSIPE=3
20260911 040354.538 INFO             PET3   SIMOCO Advance(): Current system level OMP_NUM_THREADS setting for local PET: 1
20260911 040354.538 INFO             PET3   SIMOCO Advance(): Current system level OMP_NUM_PROCS setting for local PET: 1
20260911 040354.538 INFO             PET3   SIMOCO Advance(): ESMF level logical PET->PE association (but consider system level affinity pinning!):
20260911 040354.538 INFO             PET3   SIMOCO Advance(): PET=0 lpid=0 tid=0 pid=0 peCount=1 accCount=0
20260911 040354.538 INFO             PET3   SIMOCO Advance():  PE=0 SSI=0 SSIPE=0
20260911 040354.538 INFO             PET3   SIMOCO Advance(): PET=1 lpid=1 tid=0 pid=1 peCount=1 accCount=0
20260911 040354.538 INFO             PET3   SIMOCO Advance():  PE=1 SSI=0 SSIPE=1
20260911 040354.539 INFO             PET3   SIMOCO Advance(): PET=2 lpid=2 tid=0 pid=2 peCount=1 accCount=0
20260911 040354.539 INFO             PET3   SIMOCO Advance():  PE=2 SSI=0 SSIPE=2
20260911 040354.539 INFO             PET3   SIMOCO Advance(): PET=3 lpid=3 tid=0 pid=3 peCount=1 accCount=0
20260911 040354.539 INFO             PET3   SIMOCO Advance():  PE=3 SSI=0 SSIPE=3
20260911 040354.539 INFO             PET3   SIMOCO Advance(): --- VMK::log() end ---------------------------------------
20260911 040354.539 INFO             PET3   ------>Advancing SIMOCO from: 2012 10 24 18 35  0   0
20260911 040354.539 INFO             PET3   ---------------------> to: 2012 10 24 18 40  0   0
20260911 040354.539 INFO             PET3   SIMOCO Advance(): --- VMK::log() start -------------------------------------
20260911 040354.539 INFO             PET3   SIMOCO Advance(): vm located at: 0x321655e0
20260911 040354.539 INFO             PET3   SIMOCO Advance(): mpionly=1 threadsflag=0
20260911 040354.539 INFO             PET3   SIMOCO Advance(): ssiCount=1 localSsi=0
20260911 040354.539 INFO             PET3   SIMOCO Advance(): devCount=0 ssiLocalDevCount=0
20260911 040354.539 INFO             PET3   SIMOCO Advance(): petCount=4 ssiLocalPetCount=4
20260911 040354.539 INFO             PET3   SIMOCO Advance(): localPet=3 mypthid=22403638539200 ssiLocalPet=3 currentSsiPe=3
20260911 040354.539 INFO             PET3   SIMOCO Advance(): Current system level affinity pinning for local PET:
20260911 040354.539 INFO             PET3   SIMOCO Advance():  SSIPE=3
20260911 040354.539 INFO             PET3   SIMOCO Advance(): Current system level OMP_NUM_THREADS setting for local PET: 1
20260911 040354.539 INFO             PET3   SIMOCO Advance(): Current system level OMP_NUM_PROCS setting for local PET: 1
20260911 040354.539 INFO             PET3   SIMOCO Advance(): ESMF level logical PET->PE association (but consider system level affinity pinning!):
20260911 040354.539 INFO             PET3   SIMOCO Advance(): PET=0 lpid=0 tid=0 pid=0 peCount=1 accCount=0
20260911 040354.539 INFO             PET3   SIMOCO Advance():  PE=0 SSI=0 SSIPE=0
20260911 040354.539 INFO             PET3   SIMOCO Advance(): PET=1 lpid=1 tid=0 pid=1 peCount=1 accCount=0
20260911 040354.539 INFO             PET3   SIMOCO Advance():  PE=1 SSI=0 SSIPE=1
20260911 040354.539 INFO             PET3   SIMOCO Advance(): PET=2 lpid=2 tid=0 pid=2 peCount=1 accCount=0
20260911 040354.539 INFO             PET3   SIMOCO Advance():  PE=2 SSI=0 SSIPE=2
20260911 040354.539 INFO             PET3   SIMOCO Advance(): PET=3 lpid=3 tid=0 pid=3 peCount=1 accCount=0
20260911 040354.539 INFO             PET3   SIMOCO Advance():  PE=3 SSI=0 SSIPE=3
20260911 040354.539 INFO             PET3   SIMOCO Advance(): --- VMK::log() end ---------------------------------------
20260911 040354.539 INFO             PET3   ------>Advancing SIMOCO from: 2012 10 24 18 40  0   0
20260911 040354.539 INFO             PET3   ---------------------> to: 2012 10 24 18 45  0   0
20260911 040354.539 INFO             PET3   SIMOCO Advance(): --- VMK::log() start -------------------------------------
20260911 040354.539 INFO             PET3   SIMOCO Advance(): vm located at: 0x321655e0
20260911 040354.539 INFO             PET3   SIMOCO Advance(): mpionly=1 threadsflag=0
20260911 040354.539 INFO             PET3   SIMOCO Advance(): ssiCount=1 localSsi=0
20260911 040354.539 INFO             PET3   SIMOCO Advance(): devCount=0 ssiLocalDevCount=0
20260911 040354.539 INFO             PET3   SIMOCO Advance(): petCount=4 ssiLocalPetCount=4
20260911 040354.539 INFO             PET3   SIMOCO Advance(): localPet=3 mypthid=22403638539200 ssiLocalPet=3 currentSsiPe=3
20260911 040354.539 INFO             PET3   SIMOCO Advance(): Current system level affinity pinning for local PET:
20260911 040354.539 INFO             PET3   SIMOCO Advance():  SSIPE=3
20260911 040354.539 INFO             PET3   SIMOCO Advance(): Current system level OMP_NUM_THREADS setting for local PET: 1
20260911 040354.539 INFO             PET3   SIMOCO Advance(): Current system level OMP_NUM_PROCS setting for local PET: 1
20260911 040354.539 INFO             PET3   SIMOCO Advance(): ESMF level logical PET->PE association (but consider system level affinity pinning!):
20260911 040354.539 INFO             PET3   SIMOCO Advance(): PET=0 lpid=0 tid=0 pid=0 peCount=1 accCount=0
20260911 040354.539 INFO             PET3   SIMOCO Advance():  PE=0 SSI=0 SSIPE=0
20260911 040354.539 INFO             PET3   SIMOCO Advance(): PET=1 lpid=1 tid=0 pid=1 peCount=1 accCount=0
20260911 040354.539 INFO             PET3   SIMOCO Advance():  PE=1 SSI=0 SSIPE=1
20260911 040354.539 INFO             PET3   SIMOCO Advance(): PET=2 lpid=2 tid=0 pid=2 peCount=1 accCount=0
20260911 040354.539 INFO             PET3   SIMOCO Advance():  PE=2 SSI=0 SSIPE=2
20260911 040354.539 INFO             PET3   SIMOCO Advance(): PET=3 lpid=3 tid=0 pid=3 peCount=1 accCount=0
20260911 040354.539 INFO             PET3   SIMOCO Advance():  PE=3 SSI=0 SSIPE=3
20260911 040354.539 INFO             PET3   SIMOCO Advance(): --- VMK::log() end ---------------------------------------
20260911 040354.539 INFO             PET3   ------>Advancing SIMOCO from: 2012 10 24 18 45  0   0
20260911 040354.539 INFO             PET3   ---------------------> to: 2012 10 24 18 50  0   0
20260911 040354.539 INFO             PET3   SIMOCO Advance(): --- VMK::log() start -------------------------------------
20260911 040354.539 INFO             PET3   SIMOCO Advance(): vm located at: 0x321655e0
20260911 040354.539 INFO             PET3   SIMOCO Advance(): mpionly=1 threadsflag=0
20260911 040354.539 INFO             PET3   SIMOCO Advance(): ssiCount=1 localSsi=0
20260911 040354.539 INFO             PET3   SIMOCO Advance(): devCount=0 ssiLocalDevCount=0
20260911 040354.539 INFO             PET3   SIMOCO Advance(): petCount=4 ssiLocalPetCount=4
20260911 040354.539 INFO             PET3   SIMOCO Advance(): localPet=3 mypthid=22403638539200 ssiLocalPet=3 currentSsiPe=3
20260911 040354.539 INFO             PET3   SIMOCO Advance(): Current system level affinity pinning for local PET:
20260911 040354.539 INFO             PET3   SIMOCO Advance():  SSIPE=3
20260911 040354.539 INFO             PET3   SIMOCO Advance(): Current system level OMP_NUM_THREADS setting for local PET: 1
20260911 040354.539 INFO             PET3   SIMOCO Advance(): Current system level OMP_NUM_PROCS setting for local PET: 1
20260911 040354.539 INFO             PET3   SIMOCO Advance(): ESMF level logical PET->PE association (but consider system level affinity pinning!):
20260911 040354.539 INFO             PET3   SIMOCO Advance(): PET=0 lpid=0 tid=0 pid=0 peCount=1 accCount=0
20260911 040354.539 INFO             PET3   SIMOCO Advance():  PE=0 SSI=0 SSIPE=0
20260911 040354.539 INFO             PET3   SIMOCO Advance(): PET=1 lpid=1 tid=0 pid=1 peCount=1 accCount=0
20260911 040354.539 INFO             PET3   SIMOCO Advance():  PE=1 SSI=0 SSIPE=1
20260911 040354.539 INFO             PET3   SIMOCO Advance(): PET=2 lpid=2 tid=0 pid=2 peCount=1 accCount=0
20260911 040354.539 INFO             PET3   SIMOCO Advance():  PE=2 SSI=0 SSIPE=2
20260911 040354.539 INFO             PET3   SIMOCO Advance(): PET=3 lpid=3 tid=0 pid=3 peCount=1 accCount=0
20260911 040354.539 INFO             PET3   SIMOCO Advance():  PE=3 SSI=0 SSIPE=3
20260911 040354.539 INFO             PET3   SIMOCO Advance(): --- VMK::log() end ---------------------------------------
20260911 040354.539 INFO             PET3   ------>Advancing SIMOCO from: 2012 10 24 18 50  0   0
20260911 040354.539 INFO             PET3   ---------------------> to: 2012 10 24 18 55  0   0
20260911 040354.539 INFO             PET3   SIMOCO Advance(): --- VMK::log() start -------------------------------------
20260911 040354.539 INFO             PET3   SIMOCO Advance(): vm located at: 0x321655e0
20260911 040354.539 INFO             PET3   SIMOCO Advance(): mpionly=1 threadsflag=0
20260911 040354.539 INFO             PET3   SIMOCO Advance(): ssiCount=1 localSsi=0
20260911 040354.539 INFO             PET3   SIMOCO Advance(): devCount=0 ssiLocalDevCount=0
20260911 040354.539 INFO             PET3   SIMOCO Advance(): petCount=4 ssiLocalPetCount=4
20260911 040354.539 INFO             PET3   SIMOCO Advance(): localPet=3 mypthid=22403638539200 ssiLocalPet=3 currentSsiPe=3
20260911 040354.539 INFO             PET3   SIMOCO Advance(): Current system level affinity pinning for local PET:
20260911 040354.539 INFO             PET3   SIMOCO Advance():  SSIPE=3
20260911 040354.539 INFO             PET3   SIMOCO Advance(): Current system level OMP_NUM_THREADS setting for local PET: 1
20260911 040354.539 INFO             PET3   SIMOCO Advance(): Current system level OMP_NUM_PROCS setting for local PET: 1
20260911 040354.539 INFO             PET3   SIMOCO Advance(): ESMF level logical PET->PE association (but consider system level affinity pinning!):
20260911 040354.539 INFO             PET3   SIMOCO Advance(): PET=0 lpid=0 tid=0 pid=0 peCount=1 accCount=0
20260911 040354.539 INFO             PET3   SIMOCO Advance():  PE=0 SSI=0 SSIPE=0
20260911 040354.539 INFO             PET3   SIMOCO Advance(): PET=1 lpid=1 tid=0 pid=1 peCount=1 accCount=0
20260911 040354.539 INFO             PET3   SIMOCO Advance():  PE=1 SSI=0 SSIPE=1
20260911 040354.539 INFO             PET3   SIMOCO Advance(): PET=2 lpid=2 tid=0 pid=2 peCount=1 accCount=0
20260911 040354.539 INFO             PET3   SIMOCO Advance():  PE=2 SSI=0 SSIPE=2
20260911 040354.539 INFO             PET3   SIMOCO Advance(): PET=3 lpid=3 tid=0 pid=3 peCount=1 accCount=0
20260911 040354.539 INFO             PET3   SIMOCO Advance():  PE=3 SSI=0 SSIPE=3
20260911 040354.539 INFO             PET3   SIMOCO Advance(): --- VMK::log() end ---------------------------------------
20260911 040354.539 INFO             PET3   ------>Advancing SIMOCO from: 2012 10 24 18 55  0   0
20260911 040354.539 INFO             PET3   ---------------------> to: 2012 10 24 19  0  0   0
20260911 040354.539 INFO             PET3   <<<ESMX_Driver: leaving Run (phase=RunPhase1) with current time: 2012 10 24 19  0  0   0
20260911 040354.539 INFO             PET3 ESMX_Driver: Run extro.
20260911 040354.540 INFO             PET3 ESMX_Driver: Finalize intro.
20260911 040354.540 INFO             PET3   >>>ESMX_Driver: entered Finalize (phase=FinalizePhase1) with current time: 2012 10 24 19  0  0   0
20260911 040354.540 INFO             PET3   Calling Finalize phase 1 for modelComp: MDL
20260911 040354.540 INFO             PET3   Delete modelComp: MDL
20260911 040354.540 INFO             PET3   <<<ESMX_Driver: leaving Finalize (phase=FinalizePhase1) with current time: 2012 10 24 19  0  0   0
20260911 040354.540 INFO             PET3 ESMX_Driver: Finalize extro.
20260911 040354.540 INFO             PET3 =============================================
20260911 040354.540 INFO             PET3 ESMX (Earth System Model eXecutable) FINISHED
20260911 040354.540 INFO             PET3 =============================================
20260911 040354.540 INFO             PET3  Finalizing ESMF
