2026-09-10 19:23:19
20260910 204403.646 INFO             PET0 !!!!!!!!!!!!!!!!!!!!!!!!!!!!!!!!!!!!!!!!!!!!!!!!!!!!!!
20260910 204403.646 INFO             PET0 !!! THE ESMF_LOG IS SET TO OUTPUT ALL LOG MESSAGES !!!
20260910 204403.646 INFO             PET0 !!!     THIS MAY CAUSE SLOWDOWN IN PERFORMANCE     !!!
20260910 204403.646 INFO             PET0 !!! FOR PRODUCTION RUNS, USE:                      !!!
20260910 204403.646 INFO             PET0 !!!                   ESMF_LOGKIND_Multi_On_Error  !!!
20260910 204403.646 INFO             PET0 !!!!!!!!!!!!!!!!!!!!!!!!!!!!!!!!!!!!!!!!!!!!!!!!!!!!!!
20260910 204403.646 INFO             PET0 Running with ESMF Version   : develop+gc12f7f42f7
20260910 204403.646 INFO             PET0 ESMF library build date/time: "Sep 10 2026" "19:21:01"
20260910 204403.646 INFO             PET0 ESMF library build location : /Users/sacks/projects/scratch/esmf-testing/gfortranclang_12.2.0_14.0.0_openmpi_g_develop/esmf
20260910 204403.646 INFO             PET0 ESMF_COMM                   : openmpi
20260910 204403.646 INFO             PET0 ESMF_MOAB                   : enabled
20260910 204403.646 INFO             PET0 ESMF_LAPACK                 : enabled
20260910 204403.646 INFO             PET0 ESMF_NETCDF                 : enabled
20260910 204403.646 INFO             PET0 ESMF_PNETCDF                : disabled
20260910 204403.646 INFO             PET0 ESMF_PIO                    : enabled
20260910 204403.646 INFO             PET0 ESMF_YAMLCPP                : enabled
20260910 204403.652 INFO             PET0 =============================================
20260910 204403.652 INFO             PET0 ESMX (Earth System Model eXecutable) STARTING
20260910 204403.652 INFO             PET0 =============================================
20260910 204403.661 DEBUG            PET0 Generic SetVM() is executing for: ESMX_Driver
20260910 204403.661 DEBUG            PET0 Generic SetVM() found no NUOPC Hint for: ESMX_Driver
20260910 204403.661 DEBUG            PET0 Generic SetVM() therefore is NOT calling ESMF_GridCompSetVMMaxPEs() for: ESMX_Driver
20260910 204403.668 INFO             PET0 ESMX_Driver: InitializeGeneric intro.
20260910 204403.668 INFO             PET0   >>>ESMX_Driver: entered Initialize (phase=<none>) without valid internal Clock.
20260910 204403.668 INFO             PET0   ESMX_Driver: InitializeP0 intro.
20260910 204403.668 INFO             PET0     >>>ESMX_Driver: entered Initialize (phase=<none>) without valid internal Clock.
20260910 204403.669 INFO             PET0     <<<ESMX_Driver: leaving Initialize (phase=<none>) without valid internal Clock.
20260910 204403.669 INFO             PET0   ESMX_Driver: InitializeP0 extro.
20260910 204403.669 INFO             PET0   ESMX_Driver: InitializeIPDv02p1 intro.
20260910 204403.669 INFO             PET0     >>>ESMX_Driver: entered Initialize (phase=<none>) without valid internal Clock.
20260910 204403.682 INFO             PET0     ESMX_Driver - Creating model component MDL without petList.
20260910 204403.830 DEBUG            PET0     Generic SetVM() is executing for: MDL
20260910 204403.982 INFO             PET0     ESMX_Driver: IInitAdvertise intro.
20260910 204403.987 INFO             PET0       >>>ESMX_Driver: entered Initialize (phase=<none>) with current time: 2012 10 24 18  0  0   0
20260910 204403.987 INFO             PET0       <<<ESMX_Driver: leaving Initialize (phase=<none>) with current time: 2012 10 24 18  0  0   0
20260910 204403.987 INFO             PET0     ESMX_Driver: IInitAdvertise extro.
20260910 204404.012 INFO             PET0     ESMX_Driver: IInitAdvertiseFinish intro.
20260910 204404.013 INFO             PET0       >>>ESMX_Driver: entered Initialize (phase=<none>) with current time: 2012 10 24 18  0  0   0
20260910 204404.013 INFO             PET0       <<<ESMX_Driver: leaving Initialize (phase=<none>) with current time: 2012 10 24 18  0  0   0
20260910 204404.013 INFO             PET0     ESMX_Driver: IInitAdvertiseFinish extro.
20260910 204404.013 INFO             PET0     ESMX_Driver: IInitModifyCplLists intro.
20260910 204404.013 INFO             PET0       >>>ESMX_Driver: entered Initialize (phase=<none>) with current time: 2012 10 24 18  0  0   0
20260910 204404.014 INFO             PET0       <<<ESMX_Driver: leaving Initialize (phase=<none>) with current time: 2012 10 24 18  0  0   0
20260910 204404.014 INFO             PET0     ESMX_Driver: IInitModifyCplLists extro.
20260910 204404.014 INFO             PET0     <<<ESMX_Driver: leaving Initialize (phase=<none>) with current time: 2012 10 24 18  0  0   0
20260910 204404.014 INFO             PET0   ESMX_Driver: InitializeIPDv02p1 extro.
20260910 204404.015 INFO             PET0   ESMX_Driver: InitializeIPDv02p3 intro.
20260910 204404.015 INFO             PET0     >>>ESMX_Driver: entered Initialize (phase=<none>) with current time: 2012 10 24 18  0  0   0
20260910 204404.015 INFO             PET0     ESMX_Driver: IInitCheck intro.
20260910 204404.016 INFO             PET0       >>>ESMX_Driver: entered Initialize (phase=<none>) with current time: 2012 10 24 18  0  0   0
20260910 204404.016 INFO             PET0       <<<ESMX_Driver: leaving Initialize (phase=<none>) with current time: 2012 10 24 18  0  0   0
20260910 204404.016 INFO             PET0     ESMX_Driver: IInitCheck extro.
20260910 204404.472 INFO             PET0     ESMX_Driver: IInitRealize intro.
20260910 204404.472 INFO             PET0       >>>ESMX_Driver: entered Initialize (phase=<none>) with current time: 2012 10 24 18  0  0   0
20260910 204404.472 INFO             PET0       <<<ESMX_Driver: leaving Initialize (phase=<none>) with current time: 2012 10 24 18  0  0   0
20260910 204404.472 INFO             PET0     ESMX_Driver: IInitRealize extro.
20260910 204404.474 INFO             PET0     <<<ESMX_Driver: leaving Initialize (phase=<none>) with current time: 2012 10 24 18  0  0   0
20260910 204404.474 INFO             PET0   ESMX_Driver: InitializeIPDv02p3 extro.
20260910 204404.474 INFO             PET0   ESMX_Driver: InitializeIPDv02p5 intro.
20260910 204404.474 INFO             PET0     >>>ESMX_Driver: entered Initialize (phase=<none>) with current time: 2012 10 24 18  0  0   0
20260910 204404.474 INFO             PET0     ESMX_Driver: InitializeIPDv02p5Data intro.
20260910 204404.475 INFO             PET0       >>>ESMX_Driver: entered Initialize (phase=<none>) with current time: 2012 10 24 18  0  0   0
20260910 204404.475 INFO             PET0       ESMX_Driver: InternalInitializeComplete intro.
20260910 204404.475 INFO             PET0         >>>ESMX_Driver: entered Initialize (phase=<none>) with current time: 2012 10 24 18  0  0   0
20260910 204404.475 INFO             PET0         <<<ESMX_Driver: leaving Initialize (phase=<none>) with current time: 2012 10 24 18  0  0   0
20260910 204404.475 INFO             PET0       ESMX_Driver: InternalInitializeComplete extro.
20260910 204404.491 INFO             PET0       ESMX_Driver: loopDataDependentInitialize intro.
20260910 204404.491 INFO             PET0         >>>ESMX_Driver: entered Initialize (phase=<none>) with current time: 2012 10 24 18  0  0   0
20260910 204404.515 INFO             PET0         <<<ESMX_Driver: leaving Initialize (phase=<none>) with current time: 2012 10 24 18  0  0   0
20260910 204404.515 INFO             PET0       ESMX_Driver: loopDataDependentInitialize extro.
20260910 204404.516 INFO             PET0       <<<ESMX_Driver: leaving Initialize (phase=<none>) with current time: 2012 10 24 18  0  0   0
20260910 204404.516 INFO             PET0     ESMX_Driver: InitializeIPDv02p5Data extro.
20260910 204404.516 INFO             PET0     <<<ESMX_Driver: leaving Initialize (phase=<none>) with current time: 2012 10 24 18  0  0   0
20260910 204404.516 INFO             PET0   ESMX_Driver: InitializeIPDv02p5 extro.
20260910 204404.516 INFO             PET0   <<<ESMX_Driver: leaving Initialize (phase=<none>) with current time: 2012 10 24 18  0  0   0
20260910 204404.516 INFO             PET0 ESMX_Driver: InitializeGeneric extro.
20260910 204404.517 INFO             PET0 ESMX_Driver: Run intro.
20260910 204404.517 INFO             PET0   >>>ESMX_Driver: entered Run (phase=RunPhase1) with current time: 2012 10 24 18  0  0   0
20260910 204404.518 INFO             PET0   SIMOCO Advance(): --- VMK::log() start -------------------------------------
20260910 204404.518 INFO             PET0   SIMOCO Advance(): vm located at: 0x103c04970
20260910 204404.518 INFO             PET0   SIMOCO Advance(): mpionly=1 threadsflag=0
20260910 204404.518 INFO             PET0   SIMOCO Advance(): ssiCount=1 localSsi=0
20260910 204404.518 INFO             PET0   SIMOCO Advance(): devCount=0 ssiLocalDevCount=0
20260910 204404.518 INFO             PET0   SIMOCO Advance(): petCount=4 ssiLocalPetCount=4
20260910 204404.518 INFO             PET0   SIMOCO Advance(): localPet=0 mypthid=0x1f7398f80 ssiLocalPet=0 currentSsiPe=-1
20260910 204404.518 INFO             PET0   SIMOCO Advance(): ESMF level logical PET->PE association (but consider system level affinity pinning!):
20260910 204404.518 INFO             PET0   SIMOCO Advance(): PET=0 lpid=0 tid=0 pid=0 peCount=1 accCount=0
20260910 204404.518 INFO             PET0   SIMOCO Advance():  PE=0 SSI=0 SSIPE=0
20260910 204404.518 INFO             PET0   SIMOCO Advance(): PET=1 lpid=1 tid=0 pid=1 peCount=1 accCount=0
20260910 204404.518 INFO             PET0   SIMOCO Advance():  PE=1 SSI=0 SSIPE=1
20260910 204404.518 INFO             PET0   SIMOCO Advance(): PET=2 lpid=2 tid=0 pid=2 peCount=1 accCount=0
20260910 204404.518 INFO             PET0   SIMOCO Advance():  PE=2 SSI=0 SSIPE=2
20260910 204404.518 INFO             PET0   SIMOCO Advance(): PET=3 lpid=3 tid=0 pid=3 peCount=1 accCount=0
20260910 204404.518 INFO             PET0   SIMOCO Advance():  PE=3 SSI=0 SSIPE=3
20260910 204404.518 INFO             PET0   SIMOCO Advance(): --- VMK::log() end ---------------------------------------
20260910 204404.518 INFO             PET0   ------>Advancing SIMOCO from: 2012 10 24 18  0  0   0
20260910 204404.518 INFO             PET0   ---------------------> to: 2012 10 24 18  5  0   0
20260910 204404.518 INFO             PET0   SIMOCO Advance(): --- VMK::log() start -------------------------------------
20260910 204404.518 INFO             PET0   SIMOCO Advance(): vm located at: 0x103c04970
20260910 204404.518 INFO             PET0   SIMOCO Advance(): mpionly=1 threadsflag=0
20260910 204404.519 INFO             PET0   SIMOCO Advance(): ssiCount=1 localSsi=0
20260910 204404.519 INFO             PET0   SIMOCO Advance(): devCount=0 ssiLocalDevCount=0
20260910 204404.519 INFO             PET0   SIMOCO Advance(): petCount=4 ssiLocalPetCount=4
20260910 204404.519 INFO             PET0   SIMOCO Advance(): localPet=0 mypthid=0x1f7398f80 ssiLocalPet=0 currentSsiPe=-1
20260910 204404.519 INFO             PET0   SIMOCO Advance(): ESMF level logical PET->PE association (but consider system level affinity pinning!):
20260910 204404.519 INFO             PET0   SIMOCO Advance(): PET=0 lpid=0 tid=0 pid=0 peCount=1 accCount=0
20260910 204404.519 INFO             PET0   SIMOCO Advance():  PE=0 SSI=0 SSIPE=0
20260910 204404.519 INFO             PET0   SIMOCO Advance(): PET=1 lpid=1 tid=0 pid=1 peCount=1 accCount=0
20260910 204404.519 INFO             PET0   SIMOCO Advance():  PE=1 SSI=0 SSIPE=1
20260910 204404.519 INFO             PET0   SIMOCO Advance(): PET=2 lpid=2 tid=0 pid=2 peCount=1 accCount=0
20260910 204404.519 INFO             PET0   SIMOCO Advance():  PE=2 SSI=0 SSIPE=2
20260910 204404.519 INFO             PET0   SIMOCO Advance(): PET=3 lpid=3 tid=0 pid=3 peCount=1 accCount=0
20260910 204404.519 INFO             PET0   SIMOCO Advance():  PE=3 SSI=0 SSIPE=3
20260910 204404.519 INFO             PET0   SIMOCO Advance(): --- VMK::log() end ---------------------------------------
20260910 204404.519 INFO             PET0   ------>Advancing SIMOCO from: 2012 10 24 18  5  0   0
20260910 204404.519 INFO             PET0   ---------------------> to: 2012 10 24 18 10  0   0
20260910 204404.519 INFO             PET0   SIMOCO Advance(): --- VMK::log() start -------------------------------------
20260910 204404.519 INFO             PET0   SIMOCO Advance(): vm located at: 0x103c04970
20260910 204404.519 INFO             PET0   SIMOCO Advance(): mpionly=1 threadsflag=0
20260910 204404.519 INFO             PET0   SIMOCO Advance(): ssiCount=1 localSsi=0
20260910 204404.519 INFO             PET0   SIMOCO Advance(): devCount=0 ssiLocalDevCount=0
20260910 204404.519 INFO             PET0   SIMOCO Advance(): petCount=4 ssiLocalPetCount=4
20260910 204404.519 INFO             PET0   SIMOCO Advance(): localPet=0 mypthid=0x1f7398f80 ssiLocalPet=0 currentSsiPe=-1
20260910 204404.519 INFO             PET0   SIMOCO Advance(): ESMF level logical PET->PE association (but consider system level affinity pinning!):
20260910 204404.519 INFO             PET0   SIMOCO Advance(): PET=0 lpid=0 tid=0 pid=0 peCount=1 accCount=0
20260910 204404.519 INFO             PET0   SIMOCO Advance():  PE=0 SSI=0 SSIPE=0
20260910 204404.519 INFO             PET0   SIMOCO Advance(): PET=1 lpid=1 tid=0 pid=1 peCount=1 accCount=0
20260910 204404.519 INFO             PET0   SIMOCO Advance():  PE=1 SSI=0 SSIPE=1
20260910 204404.519 INFO             PET0   SIMOCO Advance(): PET=2 lpid=2 tid=0 pid=2 peCount=1 accCount=0
20260910 204404.520 INFO             PET0   SIMOCO Advance():  PE=2 SSI=0 SSIPE=2
20260910 204404.520 INFO             PET0   SIMOCO Advance(): PET=3 lpid=3 tid=0 pid=3 peCount=1 accCount=0
20260910 204404.520 INFO             PET0   SIMOCO Advance():  PE=3 SSI=0 SSIPE=3
20260910 204404.520 INFO             PET0   SIMOCO Advance(): --- VMK::log() end ---------------------------------------
20260910 204404.520 INFO             PET0   ------>Advancing SIMOCO from: 2012 10 24 18 10  0   0
20260910 204404.520 INFO             PET0   ---------------------> to: 2012 10 24 18 15  0   0
20260910 204404.520 INFO             PET0   SIMOCO Advance(): --- VMK::log() start -------------------------------------
20260910 204404.520 INFO             PET0   SIMOCO Advance(): vm located at: 0x103c04970
20260910 204404.520 INFO             PET0   SIMOCO Advance(): mpionly=1 threadsflag=0
20260910 204404.520 INFO             PET0   SIMOCO Advance(): ssiCount=1 localSsi=0
20260910 204404.520 INFO             PET0   SIMOCO Advance(): devCount=0 ssiLocalDevCount=0
20260910 204404.520 INFO             PET0   SIMOCO Advance(): petCount=4 ssiLocalPetCount=4
20260910 204404.520 INFO             PET0   SIMOCO Advance(): localPet=0 mypthid=0x1f7398f80 ssiLocalPet=0 currentSsiPe=-1
20260910 204404.520 INFO             PET0   SIMOCO Advance(): ESMF level logical PET->PE association (but consider system level affinity pinning!):
20260910 204404.520 INFO             PET0   SIMOCO Advance(): PET=0 lpid=0 tid=0 pid=0 peCount=1 accCount=0
20260910 204404.520 INFO             PET0   SIMOCO Advance():  PE=0 SSI=0 SSIPE=0
20260910 204404.520 INFO             PET0   SIMOCO Advance(): PET=1 lpid=1 tid=0 pid=1 peCount=1 accCount=0
20260910 204404.520 INFO             PET0   SIMOCO Advance():  PE=1 SSI=0 SSIPE=1
20260910 204404.520 INFO             PET0   SIMOCO Advance(): PET=2 lpid=2 tid=0 pid=2 peCount=1 accCount=0
20260910 204404.520 INFO             PET0   SIMOCO Advance():  PE=2 SSI=0 SSIPE=2
20260910 204404.520 INFO             PET0   SIMOCO Advance(): PET=3 lpid=3 tid=0 pid=3 peCount=1 accCount=0
20260910 204404.520 INFO             PET0   SIMOCO Advance():  PE=3 SSI=0 SSIPE=3
20260910 204404.520 INFO             PET0   SIMOCO Advance(): --- VMK::log() end ---------------------------------------
20260910 204404.520 INFO             PET0   ------>Advancing SIMOCO from: 2012 10 24 18 15  0   0
20260910 204404.520 INFO             PET0   ---------------------> to: 2012 10 24 18 20  0   0
20260910 204404.520 INFO             PET0   SIMOCO Advance(): --- VMK::log() start -------------------------------------
20260910 204404.520 INFO             PET0   SIMOCO Advance(): vm located at: 0x103c04970
20260910 204404.520 INFO             PET0   SIMOCO Advance(): mpionly=1 threadsflag=0
20260910 204404.520 INFO             PET0   SIMOCO Advance(): ssiCount=1 localSsi=0
20260910 204404.520 INFO             PET0   SIMOCO Advance(): devCount=0 ssiLocalDevCount=0
20260910 204404.520 INFO             PET0   SIMOCO Advance(): petCount=4 ssiLocalPetCount=4
20260910 204404.520 INFO             PET0   SIMOCO Advance(): localPet=0 mypthid=0x1f7398f80 ssiLocalPet=0 currentSsiPe=-1
20260910 204404.520 INFO             PET0   SIMOCO Advance(): ESMF level logical PET->PE association (but consider system level affinity pinning!):
20260910 204404.523 INFO             PET0   SIMOCO Advance(): PET=0 lpid=0 tid=0 pid=0 peCount=1 accCount=0
20260910 204404.523 INFO             PET0   SIMOCO Advance():  PE=0 SSI=0 SSIPE=0
20260910 204404.523 INFO             PET0   SIMOCO Advance(): PET=1 lpid=1 tid=0 pid=1 peCount=1 accCount=0
20260910 204404.523 INFO             PET0   SIMOCO Advance():  PE=1 SSI=0 SSIPE=1
20260910 204404.523 INFO             PET0   SIMOCO Advance(): PET=2 lpid=2 tid=0 pid=2 peCount=1 accCount=0
20260910 204404.523 INFO             PET0   SIMOCO Advance():  PE=2 SSI=0 SSIPE=2
20260910 204404.523 INFO             PET0   SIMOCO Advance(): PET=3 lpid=3 tid=0 pid=3 peCount=1 accCount=0
20260910 204404.523 INFO             PET0   SIMOCO Advance():  PE=3 SSI=0 SSIPE=3
20260910 204404.523 INFO             PET0   SIMOCO Advance(): --- VMK::log() end ---------------------------------------
20260910 204404.523 INFO             PET0   ------>Advancing SIMOCO from: 2012 10 24 18 20  0   0
20260910 204404.523 INFO             PET0   ---------------------> to: 2012 10 24 18 25  0   0
20260910 204404.523 INFO             PET0   SIMOCO Advance(): --- VMK::log() start -------------------------------------
20260910 204404.523 INFO             PET0   SIMOCO Advance(): vm located at: 0x103c04970
20260910 204404.523 INFO             PET0   SIMOCO Advance(): mpionly=1 threadsflag=0
20260910 204404.523 INFO             PET0   SIMOCO Advance(): ssiCount=1 localSsi=0
20260910 204404.523 INFO             PET0   SIMOCO Advance(): devCount=0 ssiLocalDevCount=0
20260910 204404.523 INFO             PET0   SIMOCO Advance(): petCount=4 ssiLocalPetCount=4
20260910 204404.523 INFO             PET0   SIMOCO Advance(): localPet=0 mypthid=0x1f7398f80 ssiLocalPet=0 currentSsiPe=-1
20260910 204404.523 INFO             PET0   SIMOCO Advance(): ESMF level logical PET->PE association (but consider system level affinity pinning!):
20260910 204404.523 INFO             PET0   SIMOCO Advance(): PET=0 lpid=0 tid=0 pid=0 peCount=1 accCount=0
20260910 204404.524 INFO             PET0   SIMOCO Advance():  PE=0 SSI=0 SSIPE=0
20260910 204404.526 INFO             PET0   SIMOCO Advance(): PET=1 lpid=1 tid=0 pid=1 peCount=1 accCount=0
20260910 204404.526 INFO             PET0   SIMOCO Advance():  PE=1 SSI=0 SSIPE=1
20260910 204404.526 INFO             PET0   SIMOCO Advance(): PET=2 lpid=2 tid=0 pid=2 peCount=1 accCount=0
20260910 204404.526 INFO             PET0   SIMOCO Advance():  PE=2 SSI=0 SSIPE=2
20260910 204404.526 INFO             PET0   SIMOCO Advance(): PET=3 lpid=3 tid=0 pid=3 peCount=1 accCount=0
20260910 204404.526 INFO             PET0   SIMOCO Advance():  PE=3 SSI=0 SSIPE=3
20260910 204404.526 INFO             PET0   SIMOCO Advance(): --- VMK::log() end ---------------------------------------
20260910 204404.526 INFO             PET0   ------>Advancing SIMOCO from: 2012 10 24 18 25  0   0
20260910 204404.526 INFO             PET0   ---------------------> to: 2012 10 24 18 30  0   0
20260910 204404.526 INFO             PET0   SIMOCO Advance(): --- VMK::log() start -------------------------------------
20260910 204404.526 INFO             PET0   SIMOCO Advance(): vm located at: 0x103c04970
20260910 204404.526 INFO             PET0   SIMOCO Advance(): mpionly=1 threadsflag=0
20260910 204404.526 INFO             PET0   SIMOCO Advance(): ssiCount=1 localSsi=0
20260910 204404.526 INFO             PET0   SIMOCO Advance(): devCount=0 ssiLocalDevCount=0
20260910 204404.527 INFO             PET0   SIMOCO Advance(): petCount=4 ssiLocalPetCount=4
20260910 204404.527 INFO             PET0   SIMOCO Advance(): localPet=0 mypthid=0x1f7398f80 ssiLocalPet=0 currentSsiPe=-1
20260910 204404.527 INFO             PET0   SIMOCO Advance(): ESMF level logical PET->PE association (but consider system level affinity pinning!):
20260910 204404.527 INFO             PET0   SIMOCO Advance(): PET=0 lpid=0 tid=0 pid=0 peCount=1 accCount=0
20260910 204404.527 INFO             PET0   SIMOCO Advance():  PE=0 SSI=0 SSIPE=0
20260910 204404.527 INFO             PET0   SIMOCO Advance(): PET=1 lpid=1 tid=0 pid=1 peCount=1 accCount=0
20260910 204404.527 INFO             PET0   SIMOCO Advance():  PE=1 SSI=0 SSIPE=1
20260910 204404.527 INFO             PET0   SIMOCO Advance(): PET=2 lpid=2 tid=0 pid=2 peCount=1 accCount=0
20260910 204404.527 INFO             PET0   SIMOCO Advance():  PE=2 SSI=0 SSIPE=2
20260910 204404.527 INFO             PET0   SIMOCO Advance(): PET=3 lpid=3 tid=0 pid=3 peCount=1 accCount=0
20260910 204404.527 INFO             PET0   SIMOCO Advance():  PE=3 SSI=0 SSIPE=3
20260910 204404.527 INFO             PET0   SIMOCO Advance(): --- VMK::log() end ---------------------------------------
20260910 204404.527 INFO             PET0   ------>Advancing SIMOCO from: 2012 10 24 18 30  0   0
20260910 204404.527 INFO             PET0   ---------------------> to: 2012 10 24 18 35  0   0
20260910 204404.527 INFO             PET0   SIMOCO Advance(): --- VMK::log() start -------------------------------------
20260910 204404.527 INFO             PET0   SIMOCO Advance(): vm located at: 0x103c04970
20260910 204404.527 INFO             PET0   SIMOCO Advance(): mpionly=1 threadsflag=0
20260910 204404.527 INFO             PET0   SIMOCO Advance(): ssiCount=1 localSsi=0
20260910 204404.527 INFO             PET0   SIMOCO Advance(): devCount=0 ssiLocalDevCount=0
20260910 204404.527 INFO             PET0   SIMOCO Advance(): petCount=4 ssiLocalPetCount=4
20260910 204404.527 INFO             PET0   SIMOCO Advance(): localPet=0 mypthid=0x1f7398f80 ssiLocalPet=0 currentSsiPe=-1
20260910 204404.527 INFO             PET0   SIMOCO Advance(): ESMF level logical PET->PE association (but consider system level affinity pinning!):
20260910 204404.527 INFO             PET0   SIMOCO Advance(): PET=0 lpid=0 tid=0 pid=0 peCount=1 accCount=0
20260910 204404.527 INFO             PET0   SIMOCO Advance():  PE=0 SSI=0 SSIPE=0
20260910 204404.527 INFO             PET0   SIMOCO Advance(): PET=1 lpid=1 tid=0 pid=1 peCount=1 accCount=0
20260910 204404.527 INFO             PET0   SIMOCO Advance():  PE=1 SSI=0 SSIPE=1
20260910 204404.527 INFO             PET0   SIMOCO Advance(): PET=2 lpid=2 tid=0 pid=2 peCount=1 accCount=0
20260910 204404.527 INFO             PET0   SIMOCO Advance():  PE=2 SSI=0 SSIPE=2
20260910 204404.527 INFO             PET0   SIMOCO Advance(): PET=3 lpid=3 tid=0 pid=3 peCount=1 accCount=0
20260910 204404.527 INFO             PET0   SIMOCO Advance():  PE=3 SSI=0 SSIPE=3
20260910 204404.527 INFO             PET0   SIMOCO Advance(): --- VMK::log() end ---------------------------------------
20260910 204404.527 INFO             PET0   ------>Advancing SIMOCO from: 2012 10 24 18 35  0   0
20260910 204404.527 INFO             PET0   ---------------------> to: 2012 10 24 18 40  0   0
20260910 204404.527 INFO             PET0   SIMOCO Advance(): --- VMK::log() start -------------------------------------
20260910 204404.527 INFO             PET0   SIMOCO Advance(): vm located at: 0x103c04970
20260910 204404.528 INFO             PET0   SIMOCO Advance(): mpionly=1 threadsflag=0
20260910 204404.528 INFO             PET0   SIMOCO Advance(): ssiCount=1 localSsi=0
20260910 204404.528 INFO             PET0   SIMOCO Advance(): devCount=0 ssiLocalDevCount=0
20260910 204404.528 INFO             PET0   SIMOCO Advance(): petCount=4 ssiLocalPetCount=4
20260910 204404.528 INFO             PET0   SIMOCO Advance(): localPet=0 mypthid=0x1f7398f80 ssiLocalPet=0 currentSsiPe=-1
20260910 204404.528 INFO             PET0   SIMOCO Advance(): ESMF level logical PET->PE association (but consider system level affinity pinning!):
20260910 204404.528 INFO             PET0   SIMOCO Advance(): PET=0 lpid=0 tid=0 pid=0 peCount=1 accCount=0
20260910 204404.528 INFO             PET0   SIMOCO Advance():  PE=0 SSI=0 SSIPE=0
20260910 204404.528 INFO             PET0   SIMOCO Advance(): PET=1 lpid=1 tid=0 pid=1 peCount=1 accCount=0
20260910 204404.528 INFO             PET0   SIMOCO Advance():  PE=1 SSI=0 SSIPE=1
20260910 204404.528 INFO             PET0   SIMOCO Advance(): PET=2 lpid=2 tid=0 pid=2 peCount=1 accCount=0
20260910 204404.528 INFO             PET0   SIMOCO Advance():  PE=2 SSI=0 SSIPE=2
20260910 204404.528 INFO             PET0   SIMOCO Advance(): PET=3 lpid=3 tid=0 pid=3 peCount=1 accCount=0
20260910 204404.528 INFO             PET0   SIMOCO Advance():  PE=3 SSI=0 SSIPE=3
20260910 204404.528 INFO             PET0   SIMOCO Advance(): --- VMK::log() end ---------------------------------------
20260910 204404.528 INFO             PET0   ------>Advancing SIMOCO from: 2012 10 24 18 40  0   0
20260910 204404.528 INFO             PET0   ---------------------> to: 2012 10 24 18 45  0   0
20260910 204404.528 INFO             PET0   SIMOCO Advance(): --- VMK::log() start -------------------------------------
20260910 204404.529 INFO             PET0   SIMOCO Advance(): vm located at: 0x103c04970
20260910 204404.529 INFO             PET0   SIMOCO Advance(): mpionly=1 threadsflag=0
20260910 204404.529 INFO             PET0   SIMOCO Advance(): ssiCount=1 localSsi=0
20260910 204404.529 INFO             PET0   SIMOCO Advance(): devCount=0 ssiLocalDevCount=0
20260910 204404.529 INFO             PET0   SIMOCO Advance(): petCount=4 ssiLocalPetCount=4
20260910 204404.529 INFO             PET0   SIMOCO Advance(): localPet=0 mypthid=0x1f7398f80 ssiLocalPet=0 currentSsiPe=-1
20260910 204404.529 INFO             PET0   SIMOCO Advance(): ESMF level logical PET->PE association (but consider system level affinity pinning!):
20260910 204404.529 INFO             PET0   SIMOCO Advance(): PET=0 lpid=0 tid=0 pid=0 peCount=1 accCount=0
20260910 204404.529 INFO             PET0   SIMOCO Advance():  PE=0 SSI=0 SSIPE=0
20260910 204404.529 INFO             PET0   SIMOCO Advance(): PET=1 lpid=1 tid=0 pid=1 peCount=1 accCount=0
20260910 204404.529 INFO             PET0   SIMOCO Advance():  PE=1 SSI=0 SSIPE=1
20260910 204404.529 INFO             PET0   SIMOCO Advance(): PET=2 lpid=2 tid=0 pid=2 peCount=1 accCount=0
20260910 204404.529 INFO             PET0   SIMOCO Advance():  PE=2 SSI=0 SSIPE=2
20260910 204404.529 INFO             PET0   SIMOCO Advance(): PET=3 lpid=3 tid=0 pid=3 peCount=1 accCount=0
20260910 204404.529 INFO             PET0   SIMOCO Advance():  PE=3 SSI=0 SSIPE=3
20260910 204404.529 INFO             PET0   SIMOCO Advance(): --- VMK::log() end ---------------------------------------
20260910 204404.529 INFO             PET0   ------>Advancing SIMOCO from: 2012 10 24 18 45  0   0
20260910 204404.529 INFO             PET0   ---------------------> to: 2012 10 24 18 50  0   0
20260910 204404.530 INFO             PET0   SIMOCO Advance(): --- VMK::log() start -------------------------------------
20260910 204404.530 INFO             PET0   SIMOCO Advance(): vm located at: 0x103c04970
20260910 204404.530 INFO             PET0   SIMOCO Advance(): mpionly=1 threadsflag=0
20260910 204404.530 INFO             PET0   SIMOCO Advance(): ssiCount=1 localSsi=0
20260910 204404.530 INFO             PET0   SIMOCO Advance(): devCount=0 ssiLocalDevCount=0
20260910 204404.530 INFO             PET0   SIMOCO Advance(): petCount=4 ssiLocalPetCount=4
20260910 204404.530 INFO             PET0   SIMOCO Advance(): localPet=0 mypthid=0x1f7398f80 ssiLocalPet=0 currentSsiPe=-1
20260910 204404.530 INFO             PET0   SIMOCO Advance(): ESMF level logical PET->PE association (but consider system level affinity pinning!):
20260910 204404.530 INFO             PET0   SIMOCO Advance(): PET=0 lpid=0 tid=0 pid=0 peCount=1 accCount=0
20260910 204404.530 INFO             PET0   SIMOCO Advance():  PE=0 SSI=0 SSIPE=0
20260910 204404.530 INFO             PET0   SIMOCO Advance(): PET=1 lpid=1 tid=0 pid=1 peCount=1 accCount=0
20260910 204404.530 INFO             PET0   SIMOCO Advance():  PE=1 SSI=0 SSIPE=1
20260910 204404.530 INFO             PET0   SIMOCO Advance(): PET=2 lpid=2 tid=0 pid=2 peCount=1 accCount=0
20260910 204404.530 INFO             PET0   SIMOCO Advance():  PE=2 SSI=0 SSIPE=2
20260910 204404.530 INFO             PET0   SIMOCO Advance(): PET=3 lpid=3 tid=0 pid=3 peCount=1 accCount=0
20260910 204404.530 INFO             PET0   SIMOCO Advance():  PE=3 SSI=0 SSIPE=3
20260910 204404.530 INFO             PET0   SIMOCO Advance(): --- VMK::log() end ---------------------------------------
20260910 204404.530 INFO             PET0   ------>Advancing SIMOCO from: 2012 10 24 18 50  0   0
20260910 204404.530 INFO             PET0   ---------------------> to: 2012 10 24 18 55  0   0
20260910 204404.530 INFO             PET0   SIMOCO Advance(): --- VMK::log() start -------------------------------------
20260910 204404.530 INFO             PET0   SIMOCO Advance(): vm located at: 0x103c04970
20260910 204404.530 INFO             PET0   SIMOCO Advance(): mpionly=1 threadsflag=0
20260910 204404.530 INFO             PET0   SIMOCO Advance(): ssiCount=1 localSsi=0
20260910 204404.530 INFO             PET0   SIMOCO Advance(): devCount=0 ssiLocalDevCount=0
20260910 204404.530 INFO             PET0   SIMOCO Advance(): petCount=4 ssiLocalPetCount=4
20260910 204404.530 INFO             PET0   SIMOCO Advance(): localPet=0 mypthid=0x1f7398f80 ssiLocalPet=0 currentSsiPe=-1
20260910 204404.530 INFO             PET0   SIMOCO Advance(): ESMF level logical PET->PE association (but consider system level affinity pinning!):
20260910 204404.530 INFO             PET0   SIMOCO Advance(): PET=0 lpid=0 tid=0 pid=0 peCount=1 accCount=0
20260910 204404.530 INFO             PET0   SIMOCO Advance():  PE=0 SSI=0 SSIPE=0
20260910 204404.530 INFO             PET0   SIMOCO Advance(): PET=1 lpid=1 tid=0 pid=1 peCount=1 accCount=0
20260910 204404.530 INFO             PET0   SIMOCO Advance():  PE=1 SSI=0 SSIPE=1
20260910 204404.530 INFO             PET0   SIMOCO Advance(): PET=2 lpid=2 tid=0 pid=2 peCount=1 accCount=0
20260910 204404.530 INFO             PET0   SIMOCO Advance():  PE=2 SSI=0 SSIPE=2
20260910 204404.530 INFO             PET0   SIMOCO Advance(): PET=3 lpid=3 tid=0 pid=3 peCount=1 accCount=0
20260910 204404.530 INFO             PET0   SIMOCO Advance():  PE=3 SSI=0 SSIPE=3
20260910 204404.530 INFO             PET0   SIMOCO Advance(): --- VMK::log() end ---------------------------------------
20260910 204404.530 INFO             PET0   ------>Advancing SIMOCO from: 2012 10 24 18 55  0   0
20260910 204404.531 INFO             PET0   ---------------------> to: 2012 10 24 19  0  0   0
20260910 204404.531 INFO             PET0   <<<ESMX_Driver: leaving Run (phase=RunPhase1) with current time: 2012 10 24 19  0  0   0
20260910 204404.531 INFO             PET0 ESMX_Driver: Run extro.
20260910 204404.531 INFO             PET0 ESMX_Driver: Finalize intro.
20260910 204404.531 INFO             PET0   >>>ESMX_Driver: entered Finalize (phase=FinalizePhase1) with current time: 2012 10 24 19  0  0   0
20260910 204404.531 INFO             PET0   Calling Finalize phase 1 for modelComp: MDL
20260910 204404.536 INFO             PET0   Delete modelComp: MDL
20260910 204404.536 INFO             PET0   <<<ESMX_Driver: leaving Finalize (phase=FinalizePhase1) with current time: 2012 10 24 19  0  0   0
20260910 204404.536 INFO             PET0 ESMX_Driver: Finalize extro.
20260910 204404.536 INFO             PET0 =============================================
20260910 204404.536 INFO             PET0 ESMX (Earth System Model eXecutable) FINISHED
20260910 204404.536 INFO             PET0 =============================================
20260910 204404.536 INFO             PET0  Finalizing ESMF
20260910 204403.646 INFO             PET1 !!!!!!!!!!!!!!!!!!!!!!!!!!!!!!!!!!!!!!!!!!!!!!!!!!!!!!
20260910 204403.646 INFO             PET1 !!! THE ESMF_LOG IS SET TO OUTPUT ALL LOG MESSAGES !!!
20260910 204403.646 INFO             PET1 !!!     THIS MAY CAUSE SLOWDOWN IN PERFORMANCE     !!!
20260910 204403.646 INFO             PET1 !!! FOR PRODUCTION RUNS, USE:                      !!!
20260910 204403.646 INFO             PET1 !!!                   ESMF_LOGKIND_Multi_On_Error  !!!
20260910 204403.646 INFO             PET1 !!!!!!!!!!!!!!!!!!!!!!!!!!!!!!!!!!!!!!!!!!!!!!!!!!!!!!
20260910 204403.646 INFO             PET1 Running with ESMF Version   : develop+gc12f7f42f7
20260910 204403.646 INFO             PET1 ESMF library build date/time: "Sep 10 2026" "19:21:01"
20260910 204403.646 INFO             PET1 ESMF library build location : /Users/sacks/projects/scratch/esmf-testing/gfortranclang_12.2.0_14.0.0_openmpi_g_develop/esmf
20260910 204403.646 INFO             PET1 ESMF_COMM                   : openmpi
20260910 204403.646 INFO             PET1 ESMF_MOAB                   : enabled
20260910 204403.646 INFO             PET1 ESMF_LAPACK                 : enabled
20260910 204403.646 INFO             PET1 ESMF_NETCDF                 : enabled
20260910 204403.646 INFO             PET1 ESMF_PNETCDF                : disabled
20260910 204403.646 INFO             PET1 ESMF_PIO                    : enabled
20260910 204403.646 INFO             PET1 ESMF_YAMLCPP                : enabled
20260910 204403.652 INFO             PET1 =============================================
20260910 204403.652 INFO             PET1 ESMX (Earth System Model eXecutable) STARTING
20260910 204403.652 INFO             PET1 =============================================
20260910 204403.661 DEBUG            PET1 Generic SetVM() is executing for: ESMX_Driver
20260910 204403.661 DEBUG            PET1 Generic SetVM() found no NUOPC Hint for: ESMX_Driver
20260910 204403.661 DEBUG            PET1 Generic SetVM() therefore is NOT calling ESMF_GridCompSetVMMaxPEs() for: ESMX_Driver
20260910 204403.668 INFO             PET1 ESMX_Driver: InitializeGeneric intro.
20260910 204403.668 INFO             PET1   >>>ESMX_Driver: entered Initialize (phase=<none>) without valid internal Clock.
20260910 204403.668 INFO             PET1   ESMX_Driver: InitializeP0 intro.
20260910 204403.668 INFO             PET1     >>>ESMX_Driver: entered Initialize (phase=<none>) without valid internal Clock.
20260910 204403.669 INFO             PET1     <<<ESMX_Driver: leaving Initialize (phase=<none>) without valid internal Clock.
20260910 204403.669 INFO             PET1   ESMX_Driver: InitializeP0 extro.
20260910 204403.669 INFO             PET1   ESMX_Driver: InitializeIPDv02p1 intro.
20260910 204403.669 INFO             PET1     >>>ESMX_Driver: entered Initialize (phase=<none>) without valid internal Clock.
20260910 204403.682 INFO             PET1     ESMX_Driver - Creating model component MDL without petList.
20260910 204403.850 DEBUG            PET1     Generic SetVM() is executing for: MDL
20260910 204403.997 INFO             PET1     ESMX_Driver: IInitAdvertise intro.
20260910 204403.998 INFO             PET1       >>>ESMX_Driver: entered Initialize (phase=<none>) with current time: 2012 10 24 18  0  0   0
20260910 204403.998 INFO             PET1       <<<ESMX_Driver: leaving Initialize (phase=<none>) with current time: 2012 10 24 18  0  0   0
20260910 204403.998 INFO             PET1     ESMX_Driver: IInitAdvertise extro.
20260910 204404.017 INFO             PET1     ESMX_Driver: IInitAdvertiseFinish intro.
20260910 204404.017 INFO             PET1       >>>ESMX_Driver: entered Initialize (phase=<none>) with current time: 2012 10 24 18  0  0   0
20260910 204404.017 INFO             PET1       <<<ESMX_Driver: leaving Initialize (phase=<none>) with current time: 2012 10 24 18  0  0   0
20260910 204404.017 INFO             PET1     ESMX_Driver: IInitAdvertiseFinish extro.
20260910 204404.018 INFO             PET1     ESMX_Driver: IInitModifyCplLists intro.
20260910 204404.018 INFO             PET1       >>>ESMX_Driver: entered Initialize (phase=<none>) with current time: 2012 10 24 18  0  0   0
20260910 204404.019 INFO             PET1       <<<ESMX_Driver: leaving Initialize (phase=<none>) with current time: 2012 10 24 18  0  0   0
20260910 204404.019 INFO             PET1     ESMX_Driver: IInitModifyCplLists extro.
20260910 204404.019 INFO             PET1     <<<ESMX_Driver: leaving Initialize (phase=<none>) with current time: 2012 10 24 18  0  0   0
20260910 204404.019 INFO             PET1   ESMX_Driver: InitializeIPDv02p1 extro.
20260910 204404.019 INFO             PET1   ESMX_Driver: InitializeIPDv02p3 intro.
20260910 204404.019 INFO             PET1     >>>ESMX_Driver: entered Initialize (phase=<none>) with current time: 2012 10 24 18  0  0   0
20260910 204404.020 INFO             PET1     ESMX_Driver: IInitCheck intro.
20260910 204404.020 INFO             PET1       >>>ESMX_Driver: entered Initialize (phase=<none>) with current time: 2012 10 24 18  0  0   0
20260910 204404.020 INFO             PET1       <<<ESMX_Driver: leaving Initialize (phase=<none>) with current time: 2012 10 24 18  0  0   0
20260910 204404.020 INFO             PET1     ESMX_Driver: IInitCheck extro.
20260910 204404.470 INFO             PET1     ESMX_Driver: IInitRealize intro.
20260910 204404.470 INFO             PET1       >>>ESMX_Driver: entered Initialize (phase=<none>) with current time: 2012 10 24 18  0  0   0
20260910 204404.470 INFO             PET1       <<<ESMX_Driver: leaving Initialize (phase=<none>) with current time: 2012 10 24 18  0  0   0
20260910 204404.470 INFO             PET1     ESMX_Driver: IInitRealize extro.
20260910 204404.471 INFO             PET1     <<<ESMX_Driver: leaving Initialize (phase=<none>) with current time: 2012 10 24 18  0  0   0
20260910 204404.471 INFO             PET1   ESMX_Driver: InitializeIPDv02p3 extro.
20260910 204404.473 INFO             PET1   ESMX_Driver: InitializeIPDv02p5 intro.
20260910 204404.473 INFO             PET1     >>>ESMX_Driver: entered Initialize (phase=<none>) with current time: 2012 10 24 18  0  0   0
20260910 204404.473 INFO             PET1     ESMX_Driver: InitializeIPDv02p5Data intro.
20260910 204404.479 INFO             PET1       >>>ESMX_Driver: entered Initialize (phase=<none>) with current time: 2012 10 24 18  0  0   0
20260910 204404.479 INFO             PET1       ESMX_Driver: InternalInitializeComplete intro.
20260910 204404.479 INFO             PET1         >>>ESMX_Driver: entered Initialize (phase=<none>) with current time: 2012 10 24 18  0  0   0
20260910 204404.480 INFO             PET1         <<<ESMX_Driver: leaving Initialize (phase=<none>) with current time: 2012 10 24 18  0  0   0
20260910 204404.480 INFO             PET1       ESMX_Driver: InternalInitializeComplete extro.
20260910 204404.496 INFO             PET1       ESMX_Driver: loopDataDependentInitialize intro.
20260910 204404.496 INFO             PET1         >>>ESMX_Driver: entered Initialize (phase=<none>) with current time: 2012 10 24 18  0  0   0
20260910 204404.512 INFO             PET1         <<<ESMX_Driver: leaving Initialize (phase=<none>) with current time: 2012 10 24 18  0  0   0
20260910 204404.513 INFO             PET1       ESMX_Driver: loopDataDependentInitialize extro.
20260910 204404.513 INFO             PET1       <<<ESMX_Driver: leaving Initialize (phase=<none>) with current time: 2012 10 24 18  0  0   0
20260910 204404.513 INFO             PET1     ESMX_Driver: InitializeIPDv02p5Data extro.
20260910 204404.513 INFO             PET1     <<<ESMX_Driver: leaving Initialize (phase=<none>) with current time: 2012 10 24 18  0  0   0
20260910 204404.513 INFO             PET1   ESMX_Driver: InitializeIPDv02p5 extro.
20260910 204404.513 INFO             PET1   <<<ESMX_Driver: leaving Initialize (phase=<none>) with current time: 2012 10 24 18  0  0   0
20260910 204404.514 INFO             PET1 ESMX_Driver: InitializeGeneric extro.
20260910 204404.514 INFO             PET1 ESMX_Driver: Run intro.
20260910 204404.514 INFO             PET1   >>>ESMX_Driver: entered Run (phase=RunPhase1) with current time: 2012 10 24 18  0  0   0
20260910 204404.515 INFO             PET1   SIMOCO Advance(): --- VMK::log() start -------------------------------------
20260910 204404.515 INFO             PET1   SIMOCO Advance(): vm located at: 0x13680a4e0
20260910 204404.515 INFO             PET1   SIMOCO Advance(): mpionly=1 threadsflag=0
20260910 204404.515 INFO             PET1   SIMOCO Advance(): ssiCount=1 localSsi=0
20260910 204404.515 INFO             PET1   SIMOCO Advance(): devCount=0 ssiLocalDevCount=0
20260910 204404.515 INFO             PET1   SIMOCO Advance(): petCount=4 ssiLocalPetCount=4
20260910 204404.515 INFO             PET1   SIMOCO Advance(): localPet=1 mypthid=0x1f7398f80 ssiLocalPet=1 currentSsiPe=-1
20260910 204404.515 INFO             PET1   SIMOCO Advance(): ESMF level logical PET->PE association (but consider system level affinity pinning!):
20260910 204404.515 INFO             PET1   SIMOCO Advance(): PET=0 lpid=0 tid=0 pid=0 peCount=1 accCount=0
20260910 204404.515 INFO             PET1   SIMOCO Advance():  PE=0 SSI=0 SSIPE=0
20260910 204404.515 INFO             PET1   SIMOCO Advance(): PET=1 lpid=1 tid=0 pid=1 peCount=1 accCount=0
20260910 204404.515 INFO             PET1   SIMOCO Advance():  PE=1 SSI=0 SSIPE=1
20260910 204404.515 INFO             PET1   SIMOCO Advance(): PET=2 lpid=2 tid=0 pid=2 peCount=1 accCount=0
20260910 204404.515 INFO             PET1   SIMOCO Advance():  PE=2 SSI=0 SSIPE=2
20260910 204404.515 INFO             PET1   SIMOCO Advance(): PET=3 lpid=3 tid=0 pid=3 peCount=1 accCount=0
20260910 204404.515 INFO             PET1   SIMOCO Advance():  PE=3 SSI=0 SSIPE=3
20260910 204404.515 INFO             PET1   SIMOCO Advance(): --- VMK::log() end ---------------------------------------
20260910 204404.515 INFO             PET1   ------>Advancing SIMOCO from: 2012 10 24 18  0  0   0
20260910 204404.515 INFO             PET1   ---------------------> to: 2012 10 24 18  5  0   0
20260910 204404.515 INFO             PET1   SIMOCO Advance(): --- VMK::log() start -------------------------------------
20260910 204404.515 INFO             PET1   SIMOCO Advance(): vm located at: 0x13680a4e0
20260910 204404.515 INFO             PET1   SIMOCO Advance(): mpionly=1 threadsflag=0
20260910 204404.515 INFO             PET1   SIMOCO Advance(): ssiCount=1 localSsi=0
20260910 204404.515 INFO             PET1   SIMOCO Advance(): devCount=0 ssiLocalDevCount=0
20260910 204404.515 INFO             PET1   SIMOCO Advance(): petCount=4 ssiLocalPetCount=4
20260910 204404.515 INFO             PET1   SIMOCO Advance(): localPet=1 mypthid=0x1f7398f80 ssiLocalPet=1 currentSsiPe=-1
20260910 204404.515 INFO             PET1   SIMOCO Advance(): ESMF level logical PET->PE association (but consider system level affinity pinning!):
20260910 204404.515 INFO             PET1   SIMOCO Advance(): PET=0 lpid=0 tid=0 pid=0 peCount=1 accCount=0
20260910 204404.515 INFO             PET1   SIMOCO Advance():  PE=0 SSI=0 SSIPE=0
20260910 204404.515 INFO             PET1   SIMOCO Advance(): PET=1 lpid=1 tid=0 pid=1 peCount=1 accCount=0
20260910 204404.515 INFO             PET1   SIMOCO Advance():  PE=1 SSI=0 SSIPE=1
20260910 204404.515 INFO             PET1   SIMOCO Advance(): PET=2 lpid=2 tid=0 pid=2 peCount=1 accCount=0
20260910 204404.515 INFO             PET1   SIMOCO Advance():  PE=2 SSI=0 SSIPE=2
20260910 204404.516 INFO             PET1   SIMOCO Advance(): PET=3 lpid=3 tid=0 pid=3 peCount=1 accCount=0
20260910 204404.516 INFO             PET1   SIMOCO Advance():  PE=3 SSI=0 SSIPE=3
20260910 204404.516 INFO             PET1   SIMOCO Advance(): --- VMK::log() end ---------------------------------------
20260910 204404.516 INFO             PET1   ------>Advancing SIMOCO from: 2012 10 24 18  5  0   0
20260910 204404.516 INFO             PET1   ---------------------> to: 2012 10 24 18 10  0   0
20260910 204404.516 INFO             PET1   SIMOCO Advance(): --- VMK::log() start -------------------------------------
20260910 204404.516 INFO             PET1   SIMOCO Advance(): vm located at: 0x13680a4e0
20260910 204404.516 INFO             PET1   SIMOCO Advance(): mpionly=1 threadsflag=0
20260910 204404.516 INFO             PET1   SIMOCO Advance(): ssiCount=1 localSsi=0
20260910 204404.516 INFO             PET1   SIMOCO Advance(): devCount=0 ssiLocalDevCount=0
20260910 204404.516 INFO             PET1   SIMOCO Advance(): petCount=4 ssiLocalPetCount=4
20260910 204404.516 INFO             PET1   SIMOCO Advance(): localPet=1 mypthid=0x1f7398f80 ssiLocalPet=1 currentSsiPe=-1
20260910 204404.516 INFO             PET1   SIMOCO Advance(): ESMF level logical PET->PE association (but consider system level affinity pinning!):
20260910 204404.516 INFO             PET1   SIMOCO Advance(): PET=0 lpid=0 tid=0 pid=0 peCount=1 accCount=0
20260910 204404.516 INFO             PET1   SIMOCO Advance():  PE=0 SSI=0 SSIPE=0
20260910 204404.516 INFO             PET1   SIMOCO Advance(): PET=1 lpid=1 tid=0 pid=1 peCount=1 accCount=0
20260910 204404.516 INFO             PET1   SIMOCO Advance():  PE=1 SSI=0 SSIPE=1
20260910 204404.516 INFO             PET1   SIMOCO Advance(): PET=2 lpid=2 tid=0 pid=2 peCount=1 accCount=0
20260910 204404.516 INFO             PET1   SIMOCO Advance():  PE=2 SSI=0 SSIPE=2
20260910 204404.516 INFO             PET1   SIMOCO Advance(): PET=3 lpid=3 tid=0 pid=3 peCount=1 accCount=0
20260910 204404.516 INFO             PET1   SIMOCO Advance():  PE=3 SSI=0 SSIPE=3
20260910 204404.516 INFO             PET1   SIMOCO Advance(): --- VMK::log() end ---------------------------------------
20260910 204404.516 INFO             PET1   ------>Advancing SIMOCO from: 2012 10 24 18 10  0   0
20260910 204404.516 INFO             PET1   ---------------------> to: 2012 10 24 18 15  0   0
20260910 204404.516 INFO             PET1   SIMOCO Advance(): --- VMK::log() start -------------------------------------
20260910 204404.516 INFO             PET1   SIMOCO Advance(): vm located at: 0x13680a4e0
20260910 204404.516 INFO             PET1   SIMOCO Advance(): mpionly=1 threadsflag=0
20260910 204404.516 INFO             PET1   SIMOCO Advance(): ssiCount=1 localSsi=0
20260910 204404.516 INFO             PET1   SIMOCO Advance(): devCount=0 ssiLocalDevCount=0
20260910 204404.516 INFO             PET1   SIMOCO Advance(): petCount=4 ssiLocalPetCount=4
20260910 204404.516 INFO             PET1   SIMOCO Advance(): localPet=1 mypthid=0x1f7398f80 ssiLocalPet=1 currentSsiPe=-1
20260910 204404.516 INFO             PET1   SIMOCO Advance(): ESMF level logical PET->PE association (but consider system level affinity pinning!):
20260910 204404.516 INFO             PET1   SIMOCO Advance(): PET=0 lpid=0 tid=0 pid=0 peCount=1 accCount=0
20260910 204404.516 INFO             PET1   SIMOCO Advance():  PE=0 SSI=0 SSIPE=0
20260910 204404.516 INFO             PET1   SIMOCO Advance(): PET=1 lpid=1 tid=0 pid=1 peCount=1 accCount=0
20260910 204404.516 INFO             PET1   SIMOCO Advance():  PE=1 SSI=0 SSIPE=1
20260910 204404.517 INFO             PET1   SIMOCO Advance(): PET=2 lpid=2 tid=0 pid=2 peCount=1 accCount=0
20260910 204404.517 INFO             PET1   SIMOCO Advance():  PE=2 SSI=0 SSIPE=2
20260910 204404.517 INFO             PET1   SIMOCO Advance(): PET=3 lpid=3 tid=0 pid=3 peCount=1 accCount=0
20260910 204404.517 INFO             PET1   SIMOCO Advance():  PE=3 SSI=0 SSIPE=3
20260910 204404.517 INFO             PET1   SIMOCO Advance(): --- VMK::log() end ---------------------------------------
20260910 204404.517 INFO             PET1   ------>Advancing SIMOCO from: 2012 10 24 18 15  0   0
20260910 204404.517 INFO             PET1   ---------------------> to: 2012 10 24 18 20  0   0
20260910 204404.517 INFO             PET1   SIMOCO Advance(): --- VMK::log() start -------------------------------------
20260910 204404.517 INFO             PET1   SIMOCO Advance(): vm located at: 0x13680a4e0
20260910 204404.517 INFO             PET1   SIMOCO Advance(): mpionly=1 threadsflag=0
20260910 204404.517 INFO             PET1   SIMOCO Advance(): ssiCount=1 localSsi=0
20260910 204404.517 INFO             PET1   SIMOCO Advance(): devCount=0 ssiLocalDevCount=0
20260910 204404.517 INFO             PET1   SIMOCO Advance(): petCount=4 ssiLocalPetCount=4
20260910 204404.517 INFO             PET1   SIMOCO Advance(): localPet=1 mypthid=0x1f7398f80 ssiLocalPet=1 currentSsiPe=-1
20260910 204404.517 INFO             PET1   SIMOCO Advance(): ESMF level logical PET->PE association (but consider system level affinity pinning!):
20260910 204404.517 INFO             PET1   SIMOCO Advance(): PET=0 lpid=0 tid=0 pid=0 peCount=1 accCount=0
20260910 204404.517 INFO             PET1   SIMOCO Advance():  PE=0 SSI=0 SSIPE=0
20260910 204404.517 INFO             PET1   SIMOCO Advance(): PET=1 lpid=1 tid=0 pid=1 peCount=1 accCount=0
20260910 204404.517 INFO             PET1   SIMOCO Advance():  PE=1 SSI=0 SSIPE=1
20260910 204404.517 INFO             PET1   SIMOCO Advance(): PET=2 lpid=2 tid=0 pid=2 peCount=1 accCount=0
20260910 204404.517 INFO             PET1   SIMOCO Advance():  PE=2 SSI=0 SSIPE=2
20260910 204404.517 INFO             PET1   SIMOCO Advance(): PET=3 lpid=3 tid=0 pid=3 peCount=1 accCount=0
20260910 204404.517 INFO             PET1   SIMOCO Advance():  PE=3 SSI=0 SSIPE=3
20260910 204404.517 INFO             PET1   SIMOCO Advance(): --- VMK::log() end ---------------------------------------
20260910 204404.517 INFO             PET1   ------>Advancing SIMOCO from: 2012 10 24 18 20  0   0
20260910 204404.517 INFO             PET1   ---------------------> to: 2012 10 24 18 25  0   0
20260910 204404.517 INFO             PET1   SIMOCO Advance(): --- VMK::log() start -------------------------------------
20260910 204404.517 INFO             PET1   SIMOCO Advance(): vm located at: 0x13680a4e0
20260910 204404.517 INFO             PET1   SIMOCO Advance(): mpionly=1 threadsflag=0
20260910 204404.518 INFO             PET1   SIMOCO Advance(): ssiCount=1 localSsi=0
20260910 204404.518 INFO             PET1   SIMOCO Advance(): devCount=0 ssiLocalDevCount=0
20260910 204404.518 INFO             PET1   SIMOCO Advance(): petCount=4 ssiLocalPetCount=4
20260910 204404.518 INFO             PET1   SIMOCO Advance(): localPet=1 mypthid=0x1f7398f80 ssiLocalPet=1 currentSsiPe=-1
20260910 204404.518 INFO             PET1   SIMOCO Advance(): ESMF level logical PET->PE association (but consider system level affinity pinning!):
20260910 204404.518 INFO             PET1   SIMOCO Advance(): PET=0 lpid=0 tid=0 pid=0 peCount=1 accCount=0
20260910 204404.518 INFO             PET1   SIMOCO Advance():  PE=0 SSI=0 SSIPE=0
20260910 204404.518 INFO             PET1   SIMOCO Advance(): PET=1 lpid=1 tid=0 pid=1 peCount=1 accCount=0
20260910 204404.518 INFO             PET1   SIMOCO Advance():  PE=1 SSI=0 SSIPE=1
20260910 204404.518 INFO             PET1   SIMOCO Advance(): PET=2 lpid=2 tid=0 pid=2 peCount=1 accCount=0
20260910 204404.522 INFO             PET1   SIMOCO Advance():  PE=2 SSI=0 SSIPE=2
20260910 204404.522 INFO             PET1   SIMOCO Advance(): PET=3 lpid=3 tid=0 pid=3 peCount=1 accCount=0
20260910 204404.522 INFO             PET1   SIMOCO Advance():  PE=3 SSI=0 SSIPE=3
20260910 204404.522 INFO             PET1   SIMOCO Advance(): --- VMK::log() end ---------------------------------------
20260910 204404.522 INFO             PET1   ------>Advancing SIMOCO from: 2012 10 24 18 25  0   0
20260910 204404.523 INFO             PET1   ---------------------> to: 2012 10 24 18 30  0   0
20260910 204404.523 INFO             PET1   SIMOCO Advance(): --- VMK::log() start -------------------------------------
20260910 204404.523 INFO             PET1   SIMOCO Advance(): vm located at: 0x13680a4e0
20260910 204404.523 INFO             PET1   SIMOCO Advance(): mpionly=1 threadsflag=0
20260910 204404.523 INFO             PET1   SIMOCO Advance(): ssiCount=1 localSsi=0
20260910 204404.523 INFO             PET1   SIMOCO Advance(): devCount=0 ssiLocalDevCount=0
20260910 204404.523 INFO             PET1   SIMOCO Advance(): petCount=4 ssiLocalPetCount=4
20260910 204404.523 INFO             PET1   SIMOCO Advance(): localPet=1 mypthid=0x1f7398f80 ssiLocalPet=1 currentSsiPe=-1
20260910 204404.523 INFO             PET1   SIMOCO Advance(): ESMF level logical PET->PE association (but consider system level affinity pinning!):
20260910 204404.523 INFO             PET1   SIMOCO Advance(): PET=0 lpid=0 tid=0 pid=0 peCount=1 accCount=0
20260910 204404.523 INFO             PET1   SIMOCO Advance():  PE=0 SSI=0 SSIPE=0
20260910 204404.523 INFO             PET1   SIMOCO Advance(): PET=1 lpid=1 tid=0 pid=1 peCount=1 accCount=0
20260910 204404.523 INFO             PET1   SIMOCO Advance():  PE=1 SSI=0 SSIPE=1
20260910 204404.523 INFO             PET1   SIMOCO Advance(): PET=2 lpid=2 tid=0 pid=2 peCount=1 accCount=0
20260910 204404.526 INFO             PET1   SIMOCO Advance():  PE=2 SSI=0 SSIPE=2
20260910 204404.532 INFO             PET1   SIMOCO Advance(): PET=3 lpid=3 tid=0 pid=3 peCount=1 accCount=0
20260910 204404.532 INFO             PET1   SIMOCO Advance():  PE=3 SSI=0 SSIPE=3
20260910 204404.532 INFO             PET1   SIMOCO Advance(): --- VMK::log() end ---------------------------------------
20260910 204404.532 INFO             PET1   ------>Advancing SIMOCO from: 2012 10 24 18 30  0   0
20260910 204404.532 INFO             PET1   ---------------------> to: 2012 10 24 18 35  0   0
20260910 204404.532 INFO             PET1   SIMOCO Advance(): --- VMK::log() start -------------------------------------
20260910 204404.532 INFO             PET1   SIMOCO Advance(): vm located at: 0x13680a4e0
20260910 204404.532 INFO             PET1   SIMOCO Advance(): mpionly=1 threadsflag=0
20260910 204404.532 INFO             PET1   SIMOCO Advance(): ssiCount=1 localSsi=0
20260910 204404.532 INFO             PET1   SIMOCO Advance(): devCount=0 ssiLocalDevCount=0
20260910 204404.532 INFO             PET1   SIMOCO Advance(): petCount=4 ssiLocalPetCount=4
20260910 204404.532 INFO             PET1   SIMOCO Advance(): localPet=1 mypthid=0x1f7398f80 ssiLocalPet=1 currentSsiPe=-1
20260910 204404.532 INFO             PET1   SIMOCO Advance(): ESMF level logical PET->PE association (but consider system level affinity pinning!):
20260910 204404.532 INFO             PET1   SIMOCO Advance(): PET=0 lpid=0 tid=0 pid=0 peCount=1 accCount=0
20260910 204404.536 INFO             PET1   SIMOCO Advance():  PE=0 SSI=0 SSIPE=0
20260910 204404.537 INFO             PET1   SIMOCO Advance(): PET=1 lpid=1 tid=0 pid=1 peCount=1 accCount=0
20260910 204404.537 INFO             PET1   SIMOCO Advance():  PE=1 SSI=0 SSIPE=1
20260910 204404.537 INFO             PET1   SIMOCO Advance(): PET=2 lpid=2 tid=0 pid=2 peCount=1 accCount=0
20260910 204404.537 INFO             PET1   SIMOCO Advance():  PE=2 SSI=0 SSIPE=2
20260910 204404.537 INFO             PET1   SIMOCO Advance(): PET=3 lpid=3 tid=0 pid=3 peCount=1 accCount=0
20260910 204404.537 INFO             PET1   SIMOCO Advance():  PE=3 SSI=0 SSIPE=3
20260910 204404.537 INFO             PET1   SIMOCO Advance(): --- VMK::log() end ---------------------------------------
20260910 204404.537 INFO             PET1   ------>Advancing SIMOCO from: 2012 10 24 18 35  0   0
20260910 204404.537 INFO             PET1   ---------------------> to: 2012 10 24 18 40  0   0
20260910 204404.537 INFO             PET1   SIMOCO Advance(): --- VMK::log() start -------------------------------------
20260910 204404.537 INFO             PET1   SIMOCO Advance(): vm located at: 0x13680a4e0
20260910 204404.537 INFO             PET1   SIMOCO Advance(): mpionly=1 threadsflag=0
20260910 204404.537 INFO             PET1   SIMOCO Advance(): ssiCount=1 localSsi=0
20260910 204404.537 INFO             PET1   SIMOCO Advance(): devCount=0 ssiLocalDevCount=0
20260910 204404.537 INFO             PET1   SIMOCO Advance(): petCount=4 ssiLocalPetCount=4
20260910 204404.537 INFO             PET1   SIMOCO Advance(): localPet=1 mypthid=0x1f7398f80 ssiLocalPet=1 currentSsiPe=-1
20260910 204404.537 INFO             PET1   SIMOCO Advance(): ESMF level logical PET->PE association (but consider system level affinity pinning!):
20260910 204404.537 INFO             PET1   SIMOCO Advance(): PET=0 lpid=0 tid=0 pid=0 peCount=1 accCount=0
20260910 204404.537 INFO             PET1   SIMOCO Advance():  PE=0 SSI=0 SSIPE=0
20260910 204404.537 INFO             PET1   SIMOCO Advance(): PET=1 lpid=1 tid=0 pid=1 peCount=1 accCount=0
20260910 204404.537 INFO             PET1   SIMOCO Advance():  PE=1 SSI=0 SSIPE=1
20260910 204404.538 INFO             PET1   SIMOCO Advance(): PET=2 lpid=2 tid=0 pid=2 peCount=1 accCount=0
20260910 204404.538 INFO             PET1   SIMOCO Advance():  PE=2 SSI=0 SSIPE=2
20260910 204404.538 INFO             PET1   SIMOCO Advance(): PET=3 lpid=3 tid=0 pid=3 peCount=1 accCount=0
20260910 204404.538 INFO             PET1   SIMOCO Advance():  PE=3 SSI=0 SSIPE=3
20260910 204404.538 INFO             PET1   SIMOCO Advance(): --- VMK::log() end ---------------------------------------
20260910 204404.538 INFO             PET1   ------>Advancing SIMOCO from: 2012 10 24 18 40  0   0
20260910 204404.538 INFO             PET1   ---------------------> to: 2012 10 24 18 45  0   0
20260910 204404.538 INFO             PET1   SIMOCO Advance(): --- VMK::log() start -------------------------------------
20260910 204404.538 INFO             PET1   SIMOCO Advance(): vm located at: 0x13680a4e0
20260910 204404.538 INFO             PET1   SIMOCO Advance(): mpionly=1 threadsflag=0
20260910 204404.538 INFO             PET1   SIMOCO Advance(): ssiCount=1 localSsi=0
20260910 204404.538 INFO             PET1   SIMOCO Advance(): devCount=0 ssiLocalDevCount=0
20260910 204404.538 INFO             PET1   SIMOCO Advance(): petCount=4 ssiLocalPetCount=4
20260910 204404.538 INFO             PET1   SIMOCO Advance(): localPet=1 mypthid=0x1f7398f80 ssiLocalPet=1 currentSsiPe=-1
20260910 204404.538 INFO             PET1   SIMOCO Advance(): ESMF level logical PET->PE association (but consider system level affinity pinning!):
20260910 204404.538 INFO             PET1   SIMOCO Advance(): PET=0 lpid=0 tid=0 pid=0 peCount=1 accCount=0
20260910 204404.538 INFO             PET1   SIMOCO Advance():  PE=0 SSI=0 SSIPE=0
20260910 204404.538 INFO             PET1   SIMOCO Advance(): PET=1 lpid=1 tid=0 pid=1 peCount=1 accCount=0
20260910 204404.538 INFO             PET1   SIMOCO Advance():  PE=1 SSI=0 SSIPE=1
20260910 204404.538 INFO             PET1   SIMOCO Advance(): PET=2 lpid=2 tid=0 pid=2 peCount=1 accCount=0
20260910 204404.538 INFO             PET1   SIMOCO Advance():  PE=2 SSI=0 SSIPE=2
20260910 204404.538 INFO             PET1   SIMOCO Advance(): PET=3 lpid=3 tid=0 pid=3 peCount=1 accCount=0
20260910 204404.538 INFO             PET1   SIMOCO Advance():  PE=3 SSI=0 SSIPE=3
20260910 204404.538 INFO             PET1   SIMOCO Advance(): --- VMK::log() end ---------------------------------------
20260910 204404.538 INFO             PET1   ------>Advancing SIMOCO from: 2012 10 24 18 45  0   0
20260910 204404.538 INFO             PET1   ---------------------> to: 2012 10 24 18 50  0   0
20260910 204404.538 INFO             PET1   SIMOCO Advance(): --- VMK::log() start -------------------------------------
20260910 204404.538 INFO             PET1   SIMOCO Advance(): vm located at: 0x13680a4e0
20260910 204404.538 INFO             PET1   SIMOCO Advance(): mpionly=1 threadsflag=0
20260910 204404.538 INFO             PET1   SIMOCO Advance(): ssiCount=1 localSsi=0
20260910 204404.538 INFO             PET1   SIMOCO Advance(): devCount=0 ssiLocalDevCount=0
20260910 204404.538 INFO             PET1   SIMOCO Advance(): petCount=4 ssiLocalPetCount=4
20260910 204404.538 INFO             PET1   SIMOCO Advance(): localPet=1 mypthid=0x1f7398f80 ssiLocalPet=1 currentSsiPe=-1
20260910 204404.538 INFO             PET1   SIMOCO Advance(): ESMF level logical PET->PE association (but consider system level affinity pinning!):
20260910 204404.538 INFO             PET1   SIMOCO Advance(): PET=0 lpid=0 tid=0 pid=0 peCount=1 accCount=0
20260910 204404.538 INFO             PET1   SIMOCO Advance():  PE=0 SSI=0 SSIPE=0
20260910 204404.539 INFO             PET1   SIMOCO Advance(): PET=1 lpid=1 tid=0 pid=1 peCount=1 accCount=0
20260910 204404.539 INFO             PET1   SIMOCO Advance():  PE=1 SSI=0 SSIPE=1
20260910 204404.539 INFO             PET1   SIMOCO Advance(): PET=2 lpid=2 tid=0 pid=2 peCount=1 accCount=0
20260910 204404.539 INFO             PET1   SIMOCO Advance():  PE=2 SSI=0 SSIPE=2
20260910 204404.539 INFO             PET1   SIMOCO Advance(): PET=3 lpid=3 tid=0 pid=3 peCount=1 accCount=0
20260910 204404.539 INFO             PET1   SIMOCO Advance():  PE=3 SSI=0 SSIPE=3
20260910 204404.539 INFO             PET1   SIMOCO Advance(): --- VMK::log() end ---------------------------------------
20260910 204404.539 INFO             PET1   ------>Advancing SIMOCO from: 2012 10 24 18 50  0   0
20260910 204404.539 INFO             PET1   ---------------------> to: 2012 10 24 18 55  0   0
20260910 204404.539 INFO             PET1   SIMOCO Advance(): --- VMK::log() start -------------------------------------
20260910 204404.539 INFO             PET1   SIMOCO Advance(): vm located at: 0x13680a4e0
20260910 204404.539 INFO             PET1   SIMOCO Advance(): mpionly=1 threadsflag=0
20260910 204404.539 INFO             PET1   SIMOCO Advance(): ssiCount=1 localSsi=0
20260910 204404.539 INFO             PET1   SIMOCO Advance(): devCount=0 ssiLocalDevCount=0
20260910 204404.539 INFO             PET1   SIMOCO Advance(): petCount=4 ssiLocalPetCount=4
20260910 204404.539 INFO             PET1   SIMOCO Advance(): localPet=1 mypthid=0x1f7398f80 ssiLocalPet=1 currentSsiPe=-1
20260910 204404.539 INFO             PET1   SIMOCO Advance(): ESMF level logical PET->PE association (but consider system level affinity pinning!):
20260910 204404.539 INFO             PET1   SIMOCO Advance(): PET=0 lpid=0 tid=0 pid=0 peCount=1 accCount=0
20260910 204404.539 INFO             PET1   SIMOCO Advance():  PE=0 SSI=0 SSIPE=0
20260910 204404.539 INFO             PET1   SIMOCO Advance(): PET=1 lpid=1 tid=0 pid=1 peCount=1 accCount=0
20260910 204404.539 INFO             PET1   SIMOCO Advance():  PE=1 SSI=0 SSIPE=1
20260910 204404.539 INFO             PET1   SIMOCO Advance(): PET=2 lpid=2 tid=0 pid=2 peCount=1 accCount=0
20260910 204404.539 INFO             PET1   SIMOCO Advance():  PE=2 SSI=0 SSIPE=2
20260910 204404.539 INFO             PET1   SIMOCO Advance(): PET=3 lpid=3 tid=0 pid=3 peCount=1 accCount=0
20260910 204404.539 INFO             PET1   SIMOCO Advance():  PE=3 SSI=0 SSIPE=3
20260910 204404.539 INFO             PET1   SIMOCO Advance(): --- VMK::log() end ---------------------------------------
20260910 204404.539 INFO             PET1   ------>Advancing SIMOCO from: 2012 10 24 18 55  0   0
20260910 204404.539 INFO             PET1   ---------------------> to: 2012 10 24 19  0  0   0
20260910 204404.539 INFO             PET1   <<<ESMX_Driver: leaving Run (phase=RunPhase1) with current time: 2012 10 24 19  0  0   0
20260910 204404.539 INFO             PET1 ESMX_Driver: Run extro.
20260910 204404.540 INFO             PET1 ESMX_Driver: Finalize intro.
20260910 204404.540 INFO             PET1   >>>ESMX_Driver: entered Finalize (phase=FinalizePhase1) with current time: 2012 10 24 19  0  0   0
20260910 204404.540 INFO             PET1   Calling Finalize phase 1 for modelComp: MDL
20260910 204404.541 INFO             PET1   Delete modelComp: MDL
20260910 204404.541 INFO             PET1   <<<ESMX_Driver: leaving Finalize (phase=FinalizePhase1) with current time: 2012 10 24 19  0  0   0
20260910 204404.541 INFO             PET1 ESMX_Driver: Finalize extro.
20260910 204404.541 INFO             PET1 =============================================
20260910 204404.541 INFO             PET1 ESMX (Earth System Model eXecutable) FINISHED
20260910 204404.541 INFO             PET1 =============================================
20260910 204404.541 INFO             PET1  Finalizing ESMF
20260910 204403.649 INFO             PET2 !!!!!!!!!!!!!!!!!!!!!!!!!!!!!!!!!!!!!!!!!!!!!!!!!!!!!!
20260910 204403.650 INFO             PET2 !!! THE ESMF_LOG IS SET TO OUTPUT ALL LOG MESSAGES !!!
20260910 204403.650 INFO             PET2 !!!     THIS MAY CAUSE SLOWDOWN IN PERFORMANCE     !!!
20260910 204403.650 INFO             PET2 !!! FOR PRODUCTION RUNS, USE:                      !!!
20260910 204403.650 INFO             PET2 !!!                   ESMF_LOGKIND_Multi_On_Error  !!!
20260910 204403.650 INFO             PET2 !!!!!!!!!!!!!!!!!!!!!!!!!!!!!!!!!!!!!!!!!!!!!!!!!!!!!!
20260910 204403.650 INFO             PET2 Running with ESMF Version   : develop+gc12f7f42f7
20260910 204403.650 INFO             PET2 ESMF library build date/time: "Sep 10 2026" "19:21:01"
20260910 204403.650 INFO             PET2 ESMF library build location : /Users/sacks/projects/scratch/esmf-testing/gfortranclang_12.2.0_14.0.0_openmpi_g_develop/esmf
20260910 204403.650 INFO             PET2 ESMF_COMM                   : openmpi
20260910 204403.650 INFO             PET2 ESMF_MOAB                   : enabled
20260910 204403.650 INFO             PET2 ESMF_LAPACK                 : enabled
20260910 204403.650 INFO             PET2 ESMF_NETCDF                 : enabled
20260910 204403.650 INFO             PET2 ESMF_PNETCDF                : disabled
20260910 204403.650 INFO             PET2 ESMF_PIO                    : enabled
20260910 204403.650 INFO             PET2 ESMF_YAMLCPP                : enabled
20260910 204403.654 INFO             PET2 =============================================
20260910 204403.654 INFO             PET2 ESMX (Earth System Model eXecutable) STARTING
20260910 204403.654 INFO             PET2 =============================================
20260910 204403.665 DEBUG            PET2 Generic SetVM() is executing for: ESMX_Driver
20260910 204403.666 DEBUG            PET2 Generic SetVM() found no NUOPC Hint for: ESMX_Driver
20260910 204403.666 DEBUG            PET2 Generic SetVM() therefore is NOT calling ESMF_GridCompSetVMMaxPEs() for: ESMX_Driver
20260910 204403.673 INFO             PET2 ESMX_Driver: InitializeGeneric intro.
20260910 204403.673 INFO             PET2   >>>ESMX_Driver: entered Initialize (phase=<none>) without valid internal Clock.
20260910 204403.673 INFO             PET2   ESMX_Driver: InitializeP0 intro.
20260910 204403.674 INFO             PET2     >>>ESMX_Driver: entered Initialize (phase=<none>) without valid internal Clock.
20260910 204403.674 INFO             PET2     <<<ESMX_Driver: leaving Initialize (phase=<none>) without valid internal Clock.
20260910 204403.674 INFO             PET2   ESMX_Driver: InitializeP0 extro.
20260910 204403.674 INFO             PET2   ESMX_Driver: InitializeIPDv02p1 intro.
20260910 204403.674 INFO             PET2     >>>ESMX_Driver: entered Initialize (phase=<none>) without valid internal Clock.
20260910 204403.682 INFO             PET2     ESMX_Driver - Creating model component MDL without petList.
20260910 204403.827 DEBUG            PET2     Generic SetVM() is executing for: MDL
20260910 204403.983 INFO             PET2     ESMX_Driver: IInitAdvertise intro.
20260910 204403.983 INFO             PET2       >>>ESMX_Driver: entered Initialize (phase=<none>) with current time: 2012 10 24 18  0  0   0
20260910 204403.983 INFO             PET2       <<<ESMX_Driver: leaving Initialize (phase=<none>) with current time: 2012 10 24 18  0  0   0
20260910 204403.984 INFO             PET2     ESMX_Driver: IInitAdvertise extro.
20260910 204403.995 INFO             PET2     ESMX_Driver: IInitAdvertiseFinish intro.
20260910 204403.996 INFO             PET2       >>>ESMX_Driver: entered Initialize (phase=<none>) with current time: 2012 10 24 18  0  0   0
20260910 204404.000 INFO             PET2       <<<ESMX_Driver: leaving Initialize (phase=<none>) with current time: 2012 10 24 18  0  0   0
20260910 204404.000 INFO             PET2     ESMX_Driver: IInitAdvertiseFinish extro.
20260910 204404.001 INFO             PET2     ESMX_Driver: IInitModifyCplLists intro.
20260910 204404.001 INFO             PET2       >>>ESMX_Driver: entered Initialize (phase=<none>) with current time: 2012 10 24 18  0  0   0
20260910 204404.001 INFO             PET2       <<<ESMX_Driver: leaving Initialize (phase=<none>) with current time: 2012 10 24 18  0  0   0
20260910 204404.001 INFO             PET2     ESMX_Driver: IInitModifyCplLists extro.
20260910 204404.002 INFO             PET2     <<<ESMX_Driver: leaving Initialize (phase=<none>) with current time: 2012 10 24 18  0  0   0
20260910 204404.002 INFO             PET2   ESMX_Driver: InitializeIPDv02p1 extro.
20260910 204404.002 INFO             PET2   ESMX_Driver: InitializeIPDv02p3 intro.
20260910 204404.002 INFO             PET2     >>>ESMX_Driver: entered Initialize (phase=<none>) with current time: 2012 10 24 18  0  0   0
20260910 204404.002 INFO             PET2     ESMX_Driver: IInitCheck intro.
20260910 204404.002 INFO             PET2       >>>ESMX_Driver: entered Initialize (phase=<none>) with current time: 2012 10 24 18  0  0   0
20260910 204404.003 INFO             PET2       <<<ESMX_Driver: leaving Initialize (phase=<none>) with current time: 2012 10 24 18  0  0   0
20260910 204404.003 INFO             PET2     ESMX_Driver: IInitCheck extro.
20260910 204404.473 INFO             PET2     ESMX_Driver: IInitRealize intro.
20260910 204404.479 INFO             PET2       >>>ESMX_Driver: entered Initialize (phase=<none>) with current time: 2012 10 24 18  0  0   0
20260910 204404.479 INFO             PET2       <<<ESMX_Driver: leaving Initialize (phase=<none>) with current time: 2012 10 24 18  0  0   0
20260910 204404.479 INFO             PET2     ESMX_Driver: IInitRealize extro.
20260910 204404.480 INFO             PET2     <<<ESMX_Driver: leaving Initialize (phase=<none>) with current time: 2012 10 24 18  0  0   0
20260910 204404.480 INFO             PET2   ESMX_Driver: InitializeIPDv02p3 extro.
20260910 204404.480 INFO             PET2   ESMX_Driver: InitializeIPDv02p5 intro.
20260910 204404.480 INFO             PET2     >>>ESMX_Driver: entered Initialize (phase=<none>) with current time: 2012 10 24 18  0  0   0
20260910 204404.480 INFO             PET2     ESMX_Driver: InitializeIPDv02p5Data intro.
20260910 204404.481 INFO             PET2       >>>ESMX_Driver: entered Initialize (phase=<none>) with current time: 2012 10 24 18  0  0   0
20260910 204404.481 INFO             PET2       ESMX_Driver: InternalInitializeComplete intro.
20260910 204404.481 INFO             PET2         >>>ESMX_Driver: entered Initialize (phase=<none>) with current time: 2012 10 24 18  0  0   0
20260910 204404.481 INFO             PET2         <<<ESMX_Driver: leaving Initialize (phase=<none>) with current time: 2012 10 24 18  0  0   0
20260910 204404.481 INFO             PET2       ESMX_Driver: InternalInitializeComplete extro.
20260910 204404.495 INFO             PET2       ESMX_Driver: loopDataDependentInitialize intro.
20260910 204404.500 INFO             PET2         >>>ESMX_Driver: entered Initialize (phase=<none>) with current time: 2012 10 24 18  0  0   0
20260910 204404.518 INFO             PET2         <<<ESMX_Driver: leaving Initialize (phase=<none>) with current time: 2012 10 24 18  0  0   0
20260910 204404.518 INFO             PET2       ESMX_Driver: loopDataDependentInitialize extro.
20260910 204404.519 INFO             PET2       <<<ESMX_Driver: leaving Initialize (phase=<none>) with current time: 2012 10 24 18  0  0   0
20260910 204404.519 INFO             PET2     ESMX_Driver: InitializeIPDv02p5Data extro.
20260910 204404.519 INFO             PET2     <<<ESMX_Driver: leaving Initialize (phase=<none>) with current time: 2012 10 24 18  0  0   0
20260910 204404.519 INFO             PET2   ESMX_Driver: InitializeIPDv02p5 extro.
20260910 204404.520 INFO             PET2   <<<ESMX_Driver: leaving Initialize (phase=<none>) with current time: 2012 10 24 18  0  0   0
20260910 204404.520 INFO             PET2 ESMX_Driver: InitializeGeneric extro.
20260910 204404.520 INFO             PET2 ESMX_Driver: Run intro.
20260910 204404.520 INFO             PET2   >>>ESMX_Driver: entered Run (phase=RunPhase1) with current time: 2012 10 24 18  0  0   0
20260910 204404.521 INFO             PET2   SIMOCO Advance(): --- VMK::log() start -------------------------------------
20260910 204404.521 INFO             PET2   SIMOCO Advance(): vm located at: 0x13ce08ec0
20260910 204404.521 INFO             PET2   SIMOCO Advance(): mpionly=1 threadsflag=0
20260910 204404.521 INFO             PET2   SIMOCO Advance(): ssiCount=1 localSsi=0
20260910 204404.521 INFO             PET2   SIMOCO Advance(): devCount=0 ssiLocalDevCount=0
20260910 204404.521 INFO             PET2   SIMOCO Advance(): petCount=4 ssiLocalPetCount=4
20260910 204404.521 INFO             PET2   SIMOCO Advance(): localPet=2 mypthid=0x1f7398f80 ssiLocalPet=2 currentSsiPe=-1
20260910 204404.521 INFO             PET2   SIMOCO Advance(): ESMF level logical PET->PE association (but consider system level affinity pinning!):
20260910 204404.521 INFO             PET2   SIMOCO Advance(): PET=0 lpid=0 tid=0 pid=0 peCount=1 accCount=0
20260910 204404.521 INFO             PET2   SIMOCO Advance():  PE=0 SSI=0 SSIPE=0
20260910 204404.521 INFO             PET2   SIMOCO Advance(): PET=1 lpid=1 tid=0 pid=1 peCount=1 accCount=0
20260910 204404.521 INFO             PET2   SIMOCO Advance():  PE=1 SSI=0 SSIPE=1
20260910 204404.521 INFO             PET2   SIMOCO Advance(): PET=2 lpid=2 tid=0 pid=2 peCount=1 accCount=0
20260910 204404.521 INFO             PET2   SIMOCO Advance():  PE=2 SSI=0 SSIPE=2
20260910 204404.521 INFO             PET2   SIMOCO Advance(): PET=3 lpid=3 tid=0 pid=3 peCount=1 accCount=0
20260910 204404.521 INFO             PET2   SIMOCO Advance():  PE=3 SSI=0 SSIPE=3
20260910 204404.522 INFO             PET2   SIMOCO Advance(): --- VMK::log() end ---------------------------------------
20260910 204404.522 INFO             PET2   ------>Advancing SIMOCO from: 2012 10 24 18  0  0   0
20260910 204404.522 INFO             PET2   ---------------------> to: 2012 10 24 18  5  0   0
20260910 204404.522 INFO             PET2   SIMOCO Advance(): --- VMK::log() start -------------------------------------
20260910 204404.522 INFO             PET2   SIMOCO Advance(): vm located at: 0x13ce08ec0
20260910 204404.522 INFO             PET2   SIMOCO Advance(): mpionly=1 threadsflag=0
20260910 204404.522 INFO             PET2   SIMOCO Advance(): ssiCount=1 localSsi=0
20260910 204404.522 INFO             PET2   SIMOCO Advance(): devCount=0 ssiLocalDevCount=0
20260910 204404.522 INFO             PET2   SIMOCO Advance(): petCount=4 ssiLocalPetCount=4
20260910 204404.523 INFO             PET2   SIMOCO Advance(): localPet=2 mypthid=0x1f7398f80 ssiLocalPet=2 currentSsiPe=-1
20260910 204404.523 INFO             PET2   SIMOCO Advance(): ESMF level logical PET->PE association (but consider system level affinity pinning!):
20260910 204404.523 INFO             PET2   SIMOCO Advance(): PET=0 lpid=0 tid=0 pid=0 peCount=1 accCount=0
20260910 204404.523 INFO             PET2   SIMOCO Advance():  PE=0 SSI=0 SSIPE=0
20260910 204404.523 INFO             PET2   SIMOCO Advance(): PET=1 lpid=1 tid=0 pid=1 peCount=1 accCount=0
20260910 204404.523 INFO             PET2   SIMOCO Advance():  PE=1 SSI=0 SSIPE=1
20260910 204404.524 INFO             PET2   SIMOCO Advance(): PET=2 lpid=2 tid=0 pid=2 peCount=1 accCount=0
20260910 204404.524 INFO             PET2   SIMOCO Advance():  PE=2 SSI=0 SSIPE=2
20260910 204404.524 INFO             PET2   SIMOCO Advance(): PET=3 lpid=3 tid=0 pid=3 peCount=1 accCount=0
20260910 204404.524 INFO             PET2   SIMOCO Advance():  PE=3 SSI=0 SSIPE=3
20260910 204404.524 INFO             PET2   SIMOCO Advance(): --- VMK::log() end ---------------------------------------
20260910 204404.524 INFO             PET2   ------>Advancing SIMOCO from: 2012 10 24 18  5  0   0
20260910 204404.524 INFO             PET2   ---------------------> to: 2012 10 24 18 10  0   0
20260910 204404.524 INFO             PET2   SIMOCO Advance(): --- VMK::log() start -------------------------------------
20260910 204404.524 INFO             PET2   SIMOCO Advance(): vm located at: 0x13ce08ec0
20260910 204404.524 INFO             PET2   SIMOCO Advance(): mpionly=1 threadsflag=0
20260910 204404.524 INFO             PET2   SIMOCO Advance(): ssiCount=1 localSsi=0
20260910 204404.524 INFO             PET2   SIMOCO Advance(): devCount=0 ssiLocalDevCount=0
20260910 204404.524 INFO             PET2   SIMOCO Advance(): petCount=4 ssiLocalPetCount=4
20260910 204404.524 INFO             PET2   SIMOCO Advance(): localPet=2 mypthid=0x1f7398f80 ssiLocalPet=2 currentSsiPe=-1
20260910 204404.524 INFO             PET2   SIMOCO Advance(): ESMF level logical PET->PE association (but consider system level affinity pinning!):
20260910 204404.524 INFO             PET2   SIMOCO Advance(): PET=0 lpid=0 tid=0 pid=0 peCount=1 accCount=0
20260910 204404.524 INFO             PET2   SIMOCO Advance():  PE=0 SSI=0 SSIPE=0
20260910 204404.524 INFO             PET2   SIMOCO Advance(): PET=1 lpid=1 tid=0 pid=1 peCount=1 accCount=0
20260910 204404.524 INFO             PET2   SIMOCO Advance():  PE=1 SSI=0 SSIPE=1
20260910 204404.524 INFO             PET2   SIMOCO Advance(): PET=2 lpid=2 tid=0 pid=2 peCount=1 accCount=0
20260910 204404.524 INFO             PET2   SIMOCO Advance():  PE=2 SSI=0 SSIPE=2
20260910 204404.524 INFO             PET2   SIMOCO Advance(): PET=3 lpid=3 tid=0 pid=3 peCount=1 accCount=0
20260910 204404.524 INFO             PET2   SIMOCO Advance():  PE=3 SSI=0 SSIPE=3
20260910 204404.524 INFO             PET2   SIMOCO Advance(): --- VMK::log() end ---------------------------------------
20260910 204404.524 INFO             PET2   ------>Advancing SIMOCO from: 2012 10 24 18 10  0   0
20260910 204404.524 INFO             PET2   ---------------------> to: 2012 10 24 18 15  0   0
20260910 204404.524 INFO             PET2   SIMOCO Advance(): --- VMK::log() start -------------------------------------
20260910 204404.524 INFO             PET2   SIMOCO Advance(): vm located at: 0x13ce08ec0
20260910 204404.524 INFO             PET2   SIMOCO Advance(): mpionly=1 threadsflag=0
20260910 204404.524 INFO             PET2   SIMOCO Advance(): ssiCount=1 localSsi=0
20260910 204404.524 INFO             PET2   SIMOCO Advance(): devCount=0 ssiLocalDevCount=0
20260910 204404.525 INFO             PET2   SIMOCO Advance(): petCount=4 ssiLocalPetCount=4
20260910 204404.525 INFO             PET2   SIMOCO Advance(): localPet=2 mypthid=0x1f7398f80 ssiLocalPet=2 currentSsiPe=-1
20260910 204404.525 INFO             PET2   SIMOCO Advance(): ESMF level logical PET->PE association (but consider system level affinity pinning!):
20260910 204404.525 INFO             PET2   SIMOCO Advance(): PET=0 lpid=0 tid=0 pid=0 peCount=1 accCount=0
20260910 204404.525 INFO             PET2   SIMOCO Advance():  PE=0 SSI=0 SSIPE=0
20260910 204404.525 INFO             PET2   SIMOCO Advance(): PET=1 lpid=1 tid=0 pid=1 peCount=1 accCount=0
20260910 204404.525 INFO             PET2   SIMOCO Advance():  PE=1 SSI=0 SSIPE=1
20260910 204404.525 INFO             PET2   SIMOCO Advance(): PET=2 lpid=2 tid=0 pid=2 peCount=1 accCount=0
20260910 204404.525 INFO             PET2   SIMOCO Advance():  PE=2 SSI=0 SSIPE=2
20260910 204404.525 INFO             PET2   SIMOCO Advance(): PET=3 lpid=3 tid=0 pid=3 peCount=1 accCount=0
20260910 204404.525 INFO             PET2   SIMOCO Advance():  PE=3 SSI=0 SSIPE=3
20260910 204404.525 INFO             PET2   SIMOCO Advance(): --- VMK::log() end ---------------------------------------
20260910 204404.525 INFO             PET2   ------>Advancing SIMOCO from: 2012 10 24 18 15  0   0
20260910 204404.525 INFO             PET2   ---------------------> to: 2012 10 24 18 20  0   0
20260910 204404.525 INFO             PET2   SIMOCO Advance(): --- VMK::log() start -------------------------------------
20260910 204404.525 INFO             PET2   SIMOCO Advance(): vm located at: 0x13ce08ec0
20260910 204404.525 INFO             PET2   SIMOCO Advance(): mpionly=1 threadsflag=0
20260910 204404.525 INFO             PET2   SIMOCO Advance(): ssiCount=1 localSsi=0
20260910 204404.525 INFO             PET2   SIMOCO Advance(): devCount=0 ssiLocalDevCount=0
20260910 204404.525 INFO             PET2   SIMOCO Advance(): petCount=4 ssiLocalPetCount=4
20260910 204404.525 INFO             PET2   SIMOCO Advance(): localPet=2 mypthid=0x1f7398f80 ssiLocalPet=2 currentSsiPe=-1
20260910 204404.525 INFO             PET2   SIMOCO Advance(): ESMF level logical PET->PE association (but consider system level affinity pinning!):
20260910 204404.525 INFO             PET2   SIMOCO Advance(): PET=0 lpid=0 tid=0 pid=0 peCount=1 accCount=0
20260910 204404.525 INFO             PET2   SIMOCO Advance():  PE=0 SSI=0 SSIPE=0
20260910 204404.525 INFO             PET2   SIMOCO Advance(): PET=1 lpid=1 tid=0 pid=1 peCount=1 accCount=0
20260910 204404.525 INFO             PET2   SIMOCO Advance():  PE=1 SSI=0 SSIPE=1
20260910 204404.525 INFO             PET2   SIMOCO Advance(): PET=2 lpid=2 tid=0 pid=2 peCount=1 accCount=0
20260910 204404.525 INFO             PET2   SIMOCO Advance():  PE=2 SSI=0 SSIPE=2
20260910 204404.525 INFO             PET2   SIMOCO Advance(): PET=3 lpid=3 tid=0 pid=3 peCount=1 accCount=0
20260910 204404.525 INFO             PET2   SIMOCO Advance():  PE=3 SSI=0 SSIPE=3
20260910 204404.525 INFO             PET2   SIMOCO Advance(): --- VMK::log() end ---------------------------------------
20260910 204404.525 INFO             PET2   ------>Advancing SIMOCO from: 2012 10 24 18 20  0   0
20260910 204404.525 INFO             PET2   ---------------------> to: 2012 10 24 18 25  0   0
20260910 204404.525 INFO             PET2   SIMOCO Advance(): --- VMK::log() start -------------------------------------
20260910 204404.525 INFO             PET2   SIMOCO Advance(): vm located at: 0x13ce08ec0
20260910 204404.525 INFO             PET2   SIMOCO Advance(): mpionly=1 threadsflag=0
20260910 204404.525 INFO             PET2   SIMOCO Advance(): ssiCount=1 localSsi=0
20260910 204404.526 INFO             PET2   SIMOCO Advance(): devCount=0 ssiLocalDevCount=0
20260910 204404.526 INFO             PET2   SIMOCO Advance(): petCount=4 ssiLocalPetCount=4
20260910 204404.526 INFO             PET2   SIMOCO Advance(): localPet=2 mypthid=0x1f7398f80 ssiLocalPet=2 currentSsiPe=-1
20260910 204404.526 INFO             PET2   SIMOCO Advance(): ESMF level logical PET->PE association (but consider system level affinity pinning!):
20260910 204404.526 INFO             PET2   SIMOCO Advance(): PET=0 lpid=0 tid=0 pid=0 peCount=1 accCount=0
20260910 204404.526 INFO             PET2   SIMOCO Advance():  PE=0 SSI=0 SSIPE=0
20260910 204404.526 INFO             PET2   SIMOCO Advance(): PET=1 lpid=1 tid=0 pid=1 peCount=1 accCount=0
20260910 204404.526 INFO             PET2   SIMOCO Advance():  PE=1 SSI=0 SSIPE=1
20260910 204404.526 INFO             PET2   SIMOCO Advance(): PET=2 lpid=2 tid=0 pid=2 peCount=1 accCount=0
20260910 204404.526 INFO             PET2   SIMOCO Advance():  PE=2 SSI=0 SSIPE=2
20260910 204404.526 INFO             PET2   SIMOCO Advance(): PET=3 lpid=3 tid=0 pid=3 peCount=1 accCount=0
20260910 204404.526 INFO             PET2   SIMOCO Advance():  PE=3 SSI=0 SSIPE=3
20260910 204404.526 INFO             PET2   SIMOCO Advance(): --- VMK::log() end ---------------------------------------
20260910 204404.526 INFO             PET2   ------>Advancing SIMOCO from: 2012 10 24 18 25  0   0
20260910 204404.526 INFO             PET2   ---------------------> to: 2012 10 24 18 30  0   0
20260910 204404.526 INFO             PET2   SIMOCO Advance(): --- VMK::log() start -------------------------------------
20260910 204404.527 INFO             PET2   SIMOCO Advance(): vm located at: 0x13ce08ec0
20260910 204404.527 INFO             PET2   SIMOCO Advance(): mpionly=1 threadsflag=0
20260910 204404.527 INFO             PET2   SIMOCO Advance(): ssiCount=1 localSsi=0
20260910 204404.527 INFO             PET2   SIMOCO Advance(): devCount=0 ssiLocalDevCount=0
20260910 204404.527 INFO             PET2   SIMOCO Advance(): petCount=4 ssiLocalPetCount=4
20260910 204404.527 INFO             PET2   SIMOCO Advance(): localPet=2 mypthid=0x1f7398f80 ssiLocalPet=2 currentSsiPe=-1
20260910 204404.527 INFO             PET2   SIMOCO Advance(): ESMF level logical PET->PE association (but consider system level affinity pinning!):
20260910 204404.527 INFO             PET2   SIMOCO Advance(): PET=0 lpid=0 tid=0 pid=0 peCount=1 accCount=0
20260910 204404.527 INFO             PET2   SIMOCO Advance():  PE=0 SSI=0 SSIPE=0
20260910 204404.527 INFO             PET2   SIMOCO Advance(): PET=1 lpid=1 tid=0 pid=1 peCount=1 accCount=0
20260910 204404.527 INFO             PET2   SIMOCO Advance():  PE=1 SSI=0 SSIPE=1
20260910 204404.527 INFO             PET2   SIMOCO Advance(): PET=2 lpid=2 tid=0 pid=2 peCount=1 accCount=0
20260910 204404.527 INFO             PET2   SIMOCO Advance():  PE=2 SSI=0 SSIPE=2
20260910 204404.528 INFO             PET2   SIMOCO Advance(): PET=3 lpid=3 tid=0 pid=3 peCount=1 accCount=0
20260910 204404.528 INFO             PET2   SIMOCO Advance():  PE=3 SSI=0 SSIPE=3
20260910 204404.528 INFO             PET2   SIMOCO Advance(): --- VMK::log() end ---------------------------------------
20260910 204404.528 INFO             PET2   ------>Advancing SIMOCO from: 2012 10 24 18 30  0   0
20260910 204404.528 INFO             PET2   ---------------------> to: 2012 10 24 18 35  0   0
20260910 204404.528 INFO             PET2   SIMOCO Advance(): --- VMK::log() start -------------------------------------
20260910 204404.528 INFO             PET2   SIMOCO Advance(): vm located at: 0x13ce08ec0
20260910 204404.528 INFO             PET2   SIMOCO Advance(): mpionly=1 threadsflag=0
20260910 204404.528 INFO             PET2   SIMOCO Advance(): ssiCount=1 localSsi=0
20260910 204404.528 INFO             PET2   SIMOCO Advance(): devCount=0 ssiLocalDevCount=0
20260910 204404.528 INFO             PET2   SIMOCO Advance(): petCount=4 ssiLocalPetCount=4
20260910 204404.528 INFO             PET2   SIMOCO Advance(): localPet=2 mypthid=0x1f7398f80 ssiLocalPet=2 currentSsiPe=-1
20260910 204404.528 INFO             PET2   SIMOCO Advance(): ESMF level logical PET->PE association (but consider system level affinity pinning!):
20260910 204404.528 INFO             PET2   SIMOCO Advance(): PET=0 lpid=0 tid=0 pid=0 peCount=1 accCount=0
20260910 204404.528 INFO             PET2   SIMOCO Advance():  PE=0 SSI=0 SSIPE=0
20260910 204404.528 INFO             PET2   SIMOCO Advance(): PET=1 lpid=1 tid=0 pid=1 peCount=1 accCount=0
20260910 204404.528 INFO             PET2   SIMOCO Advance():  PE=1 SSI=0 SSIPE=1
20260910 204404.528 INFO             PET2   SIMOCO Advance(): PET=2 lpid=2 tid=0 pid=2 peCount=1 accCount=0
20260910 204404.528 INFO             PET2   SIMOCO Advance():  PE=2 SSI=0 SSIPE=2
20260910 204404.528 INFO             PET2   SIMOCO Advance(): PET=3 lpid=3 tid=0 pid=3 peCount=1 accCount=0
20260910 204404.528 INFO             PET2   SIMOCO Advance():  PE=3 SSI=0 SSIPE=3
20260910 204404.528 INFO             PET2   SIMOCO Advance(): --- VMK::log() end ---------------------------------------
20260910 204404.528 INFO             PET2   ------>Advancing SIMOCO from: 2012 10 24 18 35  0   0
20260910 204404.528 INFO             PET2   ---------------------> to: 2012 10 24 18 40  0   0
20260910 204404.528 INFO             PET2   SIMOCO Advance(): --- VMK::log() start -------------------------------------
20260910 204404.528 INFO             PET2   SIMOCO Advance(): vm located at: 0x13ce08ec0
20260910 204404.528 INFO             PET2   SIMOCO Advance(): mpionly=1 threadsflag=0
20260910 204404.528 INFO             PET2   SIMOCO Advance(): ssiCount=1 localSsi=0
20260910 204404.528 INFO             PET2   SIMOCO Advance(): devCount=0 ssiLocalDevCount=0
20260910 204404.528 INFO             PET2   SIMOCO Advance(): petCount=4 ssiLocalPetCount=4
20260910 204404.528 INFO             PET2   SIMOCO Advance(): localPet=2 mypthid=0x1f7398f80 ssiLocalPet=2 currentSsiPe=-1
20260910 204404.528 INFO             PET2   SIMOCO Advance(): ESMF level logical PET->PE association (but consider system level affinity pinning!):
20260910 204404.528 INFO             PET2   SIMOCO Advance(): PET=0 lpid=0 tid=0 pid=0 peCount=1 accCount=0
20260910 204404.528 INFO             PET2   SIMOCO Advance():  PE=0 SSI=0 SSIPE=0
20260910 204404.528 INFO             PET2   SIMOCO Advance(): PET=1 lpid=1 tid=0 pid=1 peCount=1 accCount=0
20260910 204404.529 INFO             PET2   SIMOCO Advance():  PE=1 SSI=0 SSIPE=1
20260910 204404.529 INFO             PET2   SIMOCO Advance(): PET=2 lpid=2 tid=0 pid=2 peCount=1 accCount=0
20260910 204404.529 INFO             PET2   SIMOCO Advance():  PE=2 SSI=0 SSIPE=2
20260910 204404.529 INFO             PET2   SIMOCO Advance(): PET=3 lpid=3 tid=0 pid=3 peCount=1 accCount=0
20260910 204404.529 INFO             PET2   SIMOCO Advance():  PE=3 SSI=0 SSIPE=3
20260910 204404.529 INFO             PET2   SIMOCO Advance(): --- VMK::log() end ---------------------------------------
20260910 204404.529 INFO             PET2   ------>Advancing SIMOCO from: 2012 10 24 18 40  0   0
20260910 204404.529 INFO             PET2   ---------------------> to: 2012 10 24 18 45  0   0
20260910 204404.529 INFO             PET2   SIMOCO Advance(): --- VMK::log() start -------------------------------------
20260910 204404.529 INFO             PET2   SIMOCO Advance(): vm located at: 0x13ce08ec0
20260910 204404.529 INFO             PET2   SIMOCO Advance(): mpionly=1 threadsflag=0
20260910 204404.529 INFO             PET2   SIMOCO Advance(): ssiCount=1 localSsi=0
20260910 204404.529 INFO             PET2   SIMOCO Advance(): devCount=0 ssiLocalDevCount=0
20260910 204404.529 INFO             PET2   SIMOCO Advance(): petCount=4 ssiLocalPetCount=4
20260910 204404.529 INFO             PET2   SIMOCO Advance(): localPet=2 mypthid=0x1f7398f80 ssiLocalPet=2 currentSsiPe=-1
20260910 204404.529 INFO             PET2   SIMOCO Advance(): ESMF level logical PET->PE association (but consider system level affinity pinning!):
20260910 204404.529 INFO             PET2   SIMOCO Advance(): PET=0 lpid=0 tid=0 pid=0 peCount=1 accCount=0
20260910 204404.529 INFO             PET2   SIMOCO Advance():  PE=0 SSI=0 SSIPE=0
20260910 204404.529 INFO             PET2   SIMOCO Advance(): PET=1 lpid=1 tid=0 pid=1 peCount=1 accCount=0
20260910 204404.529 INFO             PET2   SIMOCO Advance():  PE=1 SSI=0 SSIPE=1
20260910 204404.529 INFO             PET2   SIMOCO Advance(): PET=2 lpid=2 tid=0 pid=2 peCount=1 accCount=0
20260910 204404.529 INFO             PET2   SIMOCO Advance():  PE=2 SSI=0 SSIPE=2
20260910 204404.529 INFO             PET2   SIMOCO Advance(): PET=3 lpid=3 tid=0 pid=3 peCount=1 accCount=0
20260910 204404.529 INFO             PET2   SIMOCO Advance():  PE=3 SSI=0 SSIPE=3
20260910 204404.529 INFO             PET2   SIMOCO Advance(): --- VMK::log() end ---------------------------------------
20260910 204404.529 INFO             PET2   ------>Advancing SIMOCO from: 2012 10 24 18 45  0   0
20260910 204404.529 INFO             PET2   ---------------------> to: 2012 10 24 18 50  0   0
20260910 204404.529 INFO             PET2   SIMOCO Advance(): --- VMK::log() start -------------------------------------
20260910 204404.529 INFO             PET2   SIMOCO Advance(): vm located at: 0x13ce08ec0
20260910 204404.529 INFO             PET2   SIMOCO Advance(): mpionly=1 threadsflag=0
20260910 204404.533 INFO             PET2   SIMOCO Advance(): ssiCount=1 localSsi=0
20260910 204404.533 INFO             PET2   SIMOCO Advance(): devCount=0 ssiLocalDevCount=0
20260910 204404.533 INFO             PET2   SIMOCO Advance(): petCount=4 ssiLocalPetCount=4
20260910 204404.533 INFO             PET2   SIMOCO Advance(): localPet=2 mypthid=0x1f7398f80 ssiLocalPet=2 currentSsiPe=-1
20260910 204404.533 INFO             PET2   SIMOCO Advance(): ESMF level logical PET->PE association (but consider system level affinity pinning!):
20260910 204404.533 INFO             PET2   SIMOCO Advance(): PET=0 lpid=0 tid=0 pid=0 peCount=1 accCount=0
20260910 204404.533 INFO             PET2   SIMOCO Advance():  PE=0 SSI=0 SSIPE=0
20260910 204404.533 INFO             PET2   SIMOCO Advance(): PET=1 lpid=1 tid=0 pid=1 peCount=1 accCount=0
20260910 204404.533 INFO             PET2   SIMOCO Advance():  PE=1 SSI=0 SSIPE=1
20260910 204404.533 INFO             PET2   SIMOCO Advance(): PET=2 lpid=2 tid=0 pid=2 peCount=1 accCount=0
20260910 204404.533 INFO             PET2   SIMOCO Advance():  PE=2 SSI=0 SSIPE=2
20260910 204404.533 INFO             PET2   SIMOCO Advance(): PET=3 lpid=3 tid=0 pid=3 peCount=1 accCount=0
20260910 204404.533 INFO             PET2   SIMOCO Advance():  PE=3 SSI=0 SSIPE=3
20260910 204404.533 INFO             PET2   SIMOCO Advance(): --- VMK::log() end ---------------------------------------
20260910 204404.533 INFO             PET2   ------>Advancing SIMOCO from: 2012 10 24 18 50  0   0
20260910 204404.533 INFO             PET2   ---------------------> to: 2012 10 24 18 55  0   0
20260910 204404.533 INFO             PET2   SIMOCO Advance(): --- VMK::log() start -------------------------------------
20260910 204404.533 INFO             PET2   SIMOCO Advance(): vm located at: 0x13ce08ec0
20260910 204404.534 INFO             PET2   SIMOCO Advance(): mpionly=1 threadsflag=0
20260910 204404.534 INFO             PET2   SIMOCO Advance(): ssiCount=1 localSsi=0
20260910 204404.534 INFO             PET2   SIMOCO Advance(): devCount=0 ssiLocalDevCount=0
20260910 204404.534 INFO             PET2   SIMOCO Advance(): petCount=4 ssiLocalPetCount=4
20260910 204404.534 INFO             PET2   SIMOCO Advance(): localPet=2 mypthid=0x1f7398f80 ssiLocalPet=2 currentSsiPe=-1
20260910 204404.534 INFO             PET2   SIMOCO Advance(): ESMF level logical PET->PE association (but consider system level affinity pinning!):
20260910 204404.534 INFO             PET2   SIMOCO Advance(): PET=0 lpid=0 tid=0 pid=0 peCount=1 accCount=0
20260910 204404.534 INFO             PET2   SIMOCO Advance():  PE=0 SSI=0 SSIPE=0
20260910 204404.534 INFO             PET2   SIMOCO Advance(): PET=1 lpid=1 tid=0 pid=1 peCount=1 accCount=0
20260910 204404.534 INFO             PET2   SIMOCO Advance():  PE=1 SSI=0 SSIPE=1
20260910 204404.534 INFO             PET2   SIMOCO Advance(): PET=2 lpid=2 tid=0 pid=2 peCount=1 accCount=0
20260910 204404.534 INFO             PET2   SIMOCO Advance():  PE=2 SSI=0 SSIPE=2
20260910 204404.534 INFO             PET2   SIMOCO Advance(): PET=3 lpid=3 tid=0 pid=3 peCount=1 accCount=0
20260910 204404.534 INFO             PET2   SIMOCO Advance():  PE=3 SSI=0 SSIPE=3
20260910 204404.534 INFO             PET2   SIMOCO Advance(): --- VMK::log() end ---------------------------------------
20260910 204404.534 INFO             PET2   ------>Advancing SIMOCO from: 2012 10 24 18 55  0   0
20260910 204404.534 INFO             PET2   ---------------------> to: 2012 10 24 19  0  0   0
20260910 204404.534 INFO             PET2   <<<ESMX_Driver: leaving Run (phase=RunPhase1) with current time: 2012 10 24 19  0  0   0
20260910 204404.534 INFO             PET2 ESMX_Driver: Run extro.
20260910 204404.534 INFO             PET2 ESMX_Driver: Finalize intro.
20260910 204404.534 INFO             PET2   >>>ESMX_Driver: entered Finalize (phase=FinalizePhase1) with current time: 2012 10 24 19  0  0   0
20260910 204404.534 INFO             PET2   Calling Finalize phase 1 for modelComp: MDL
20260910 204404.535 INFO             PET2   Delete modelComp: MDL
20260910 204404.535 INFO             PET2   <<<ESMX_Driver: leaving Finalize (phase=FinalizePhase1) with current time: 2012 10 24 19  0  0   0
20260910 204404.535 INFO             PET2 ESMX_Driver: Finalize extro.
20260910 204404.535 INFO             PET2 =============================================
20260910 204404.535 INFO             PET2 ESMX (Earth System Model eXecutable) FINISHED
20260910 204404.535 INFO             PET2 =============================================
20260910 204404.535 INFO             PET2  Finalizing ESMF
20260910 204403.646 INFO             PET3 !!!!!!!!!!!!!!!!!!!!!!!!!!!!!!!!!!!!!!!!!!!!!!!!!!!!!!
20260910 204403.646 INFO             PET3 !!! THE ESMF_LOG IS SET TO OUTPUT ALL LOG MESSAGES !!!
20260910 204403.646 INFO             PET3 !!!     THIS MAY CAUSE SLOWDOWN IN PERFORMANCE     !!!
20260910 204403.646 INFO             PET3 !!! FOR PRODUCTION RUNS, USE:                      !!!
20260910 204403.646 INFO             PET3 !!!                   ESMF_LOGKIND_Multi_On_Error  !!!
20260910 204403.646 INFO             PET3 !!!!!!!!!!!!!!!!!!!!!!!!!!!!!!!!!!!!!!!!!!!!!!!!!!!!!!
20260910 204403.646 INFO             PET3 Running with ESMF Version   : develop+gc12f7f42f7
20260910 204403.646 INFO             PET3 ESMF library build date/time: "Sep 10 2026" "19:21:01"
20260910 204403.646 INFO             PET3 ESMF library build location : /Users/sacks/projects/scratch/esmf-testing/gfortranclang_12.2.0_14.0.0_openmpi_g_develop/esmf
20260910 204403.646 INFO             PET3 ESMF_COMM                   : openmpi
20260910 204403.646 INFO             PET3 ESMF_MOAB                   : enabled
20260910 204403.646 INFO             PET3 ESMF_LAPACK                 : enabled
20260910 204403.646 INFO             PET3 ESMF_NETCDF                 : enabled
20260910 204403.646 INFO             PET3 ESMF_PNETCDF                : disabled
20260910 204403.646 INFO             PET3 ESMF_PIO                    : enabled
20260910 204403.646 INFO             PET3 ESMF_YAMLCPP                : enabled
20260910 204403.652 INFO             PET3 =============================================
20260910 204403.652 INFO             PET3 ESMX (Earth System Model eXecutable) STARTING
20260910 204403.652 INFO             PET3 =============================================
20260910 204403.661 DEBUG            PET3 Generic SetVM() is executing for: ESMX_Driver
20260910 204403.661 DEBUG            PET3 Generic SetVM() found no NUOPC Hint for: ESMX_Driver
20260910 204403.661 DEBUG            PET3 Generic SetVM() therefore is NOT calling ESMF_GridCompSetVMMaxPEs() for: ESMX_Driver
20260910 204403.668 INFO             PET3 ESMX_Driver: InitializeGeneric intro.
20260910 204403.668 INFO             PET3   >>>ESMX_Driver: entered Initialize (phase=<none>) without valid internal Clock.
20260910 204403.668 INFO             PET3   ESMX_Driver: InitializeP0 intro.
20260910 204403.668 INFO             PET3     >>>ESMX_Driver: entered Initialize (phase=<none>) without valid internal Clock.
20260910 204403.669 INFO             PET3     <<<ESMX_Driver: leaving Initialize (phase=<none>) without valid internal Clock.
20260910 204403.669 INFO             PET3   ESMX_Driver: InitializeP0 extro.
20260910 204403.669 INFO             PET3   ESMX_Driver: InitializeIPDv02p1 intro.
20260910 204403.669 INFO             PET3     >>>ESMX_Driver: entered Initialize (phase=<none>) without valid internal Clock.
20260910 204403.682 INFO             PET3     ESMX_Driver - Creating model component MDL without petList.
20260910 204403.846 DEBUG            PET3     Generic SetVM() is executing for: MDL
20260910 204403.996 INFO             PET3     ESMX_Driver: IInitAdvertise intro.
20260910 204403.997 INFO             PET3       >>>ESMX_Driver: entered Initialize (phase=<none>) with current time: 2012 10 24 18  0  0   0
20260910 204403.997 INFO             PET3       <<<ESMX_Driver: leaving Initialize (phase=<none>) with current time: 2012 10 24 18  0  0   0
20260910 204403.997 INFO             PET3     ESMX_Driver: IInitAdvertise extro.
20260910 204404.015 INFO             PET3     ESMX_Driver: IInitAdvertiseFinish intro.
20260910 204404.016 INFO             PET3       >>>ESMX_Driver: entered Initialize (phase=<none>) with current time: 2012 10 24 18  0  0   0
20260910 204404.016 INFO             PET3       <<<ESMX_Driver: leaving Initialize (phase=<none>) with current time: 2012 10 24 18  0  0   0
20260910 204404.016 INFO             PET3     ESMX_Driver: IInitAdvertiseFinish extro.
20260910 204404.016 INFO             PET3     ESMX_Driver: IInitModifyCplLists intro.
20260910 204404.016 INFO             PET3       >>>ESMX_Driver: entered Initialize (phase=<none>) with current time: 2012 10 24 18  0  0   0
20260910 204404.017 INFO             PET3       <<<ESMX_Driver: leaving Initialize (phase=<none>) with current time: 2012 10 24 18  0  0   0
20260910 204404.017 INFO             PET3     ESMX_Driver: IInitModifyCplLists extro.
20260910 204404.017 INFO             PET3     <<<ESMX_Driver: leaving Initialize (phase=<none>) with current time: 2012 10 24 18  0  0   0
20260910 204404.017 INFO             PET3   ESMX_Driver: InitializeIPDv02p1 extro.
20260910 204404.017 INFO             PET3   ESMX_Driver: InitializeIPDv02p3 intro.
20260910 204404.017 INFO             PET3     >>>ESMX_Driver: entered Initialize (phase=<none>) with current time: 2012 10 24 18  0  0   0
20260910 204404.018 INFO             PET3     ESMX_Driver: IInitCheck intro.
20260910 204404.018 INFO             PET3       >>>ESMX_Driver: entered Initialize (phase=<none>) with current time: 2012 10 24 18  0  0   0
20260910 204404.018 INFO             PET3       <<<ESMX_Driver: leaving Initialize (phase=<none>) with current time: 2012 10 24 18  0  0   0
20260910 204404.018 INFO             PET3     ESMX_Driver: IInitCheck extro.
20260910 204404.470 INFO             PET3     ESMX_Driver: IInitRealize intro.
20260910 204404.470 INFO             PET3       >>>ESMX_Driver: entered Initialize (phase=<none>) with current time: 2012 10 24 18  0  0   0
20260910 204404.470 INFO             PET3       <<<ESMX_Driver: leaving Initialize (phase=<none>) with current time: 2012 10 24 18  0  0   0
20260910 204404.470 INFO             PET3     ESMX_Driver: IInitRealize extro.
20260910 204404.474 INFO             PET3     <<<ESMX_Driver: leaving Initialize (phase=<none>) with current time: 2012 10 24 18  0  0   0
20260910 204404.474 INFO             PET3   ESMX_Driver: InitializeIPDv02p3 extro.
20260910 204404.475 INFO             PET3   ESMX_Driver: InitializeIPDv02p5 intro.
20260910 204404.475 INFO             PET3     >>>ESMX_Driver: entered Initialize (phase=<none>) with current time: 2012 10 24 18  0  0   0
20260910 204404.475 INFO             PET3     ESMX_Driver: InitializeIPDv02p5Data intro.
20260910 204404.475 INFO             PET3       >>>ESMX_Driver: entered Initialize (phase=<none>) with current time: 2012 10 24 18  0  0   0
20260910 204404.475 INFO             PET3       ESMX_Driver: InternalInitializeComplete intro.
20260910 204404.476 INFO             PET3         >>>ESMX_Driver: entered Initialize (phase=<none>) with current time: 2012 10 24 18  0  0   0
20260910 204404.476 INFO             PET3         <<<ESMX_Driver: leaving Initialize (phase=<none>) with current time: 2012 10 24 18  0  0   0
20260910 204404.476 INFO             PET3       ESMX_Driver: InternalInitializeComplete extro.
20260910 204404.492 INFO             PET3       ESMX_Driver: loopDataDependentInitialize intro.
20260910 204404.493 INFO             PET3         >>>ESMX_Driver: entered Initialize (phase=<none>) with current time: 2012 10 24 18  0  0   0
20260910 204404.512 INFO             PET3         <<<ESMX_Driver: leaving Initialize (phase=<none>) with current time: 2012 10 24 18  0  0   0
20260910 204404.513 INFO             PET3       ESMX_Driver: loopDataDependentInitialize extro.
20260910 204404.513 INFO             PET3       <<<ESMX_Driver: leaving Initialize (phase=<none>) with current time: 2012 10 24 18  0  0   0
20260910 204404.513 INFO             PET3     ESMX_Driver: InitializeIPDv02p5Data extro.
20260910 204404.513 INFO             PET3     <<<ESMX_Driver: leaving Initialize (phase=<none>) with current time: 2012 10 24 18  0  0   0
20260910 204404.513 INFO             PET3   ESMX_Driver: InitializeIPDv02p5 extro.
20260910 204404.513 INFO             PET3   <<<ESMX_Driver: leaving Initialize (phase=<none>) with current time: 2012 10 24 18  0  0   0
20260910 204404.513 INFO             PET3 ESMX_Driver: InitializeGeneric extro.
20260910 204404.514 INFO             PET3 ESMX_Driver: Run intro.
20260910 204404.514 INFO             PET3   >>>ESMX_Driver: entered Run (phase=RunPhase1) with current time: 2012 10 24 18  0  0   0
20260910 204404.515 INFO             PET3   SIMOCO Advance(): --- VMK::log() start -------------------------------------
20260910 204404.515 INFO             PET3   SIMOCO Advance(): vm located at: 0x1147071c0
20260910 204404.515 INFO             PET3   SIMOCO Advance(): mpionly=1 threadsflag=0
20260910 204404.515 INFO             PET3   SIMOCO Advance(): ssiCount=1 localSsi=0
20260910 204404.515 INFO             PET3   SIMOCO Advance(): devCount=0 ssiLocalDevCount=0
20260910 204404.521 INFO             PET3   SIMOCO Advance(): petCount=4 ssiLocalPetCount=4
20260910 204404.521 INFO             PET3   SIMOCO Advance(): localPet=3 mypthid=0x1f7398f80 ssiLocalPet=3 currentSsiPe=-1
20260910 204404.521 INFO             PET3   SIMOCO Advance(): ESMF level logical PET->PE association (but consider system level affinity pinning!):
20260910 204404.521 INFO             PET3   SIMOCO Advance(): PET=0 lpid=0 tid=0 pid=0 peCount=1 accCount=0
20260910 204404.521 INFO             PET3   SIMOCO Advance():  PE=0 SSI=0 SSIPE=0
20260910 204404.521 INFO             PET3   SIMOCO Advance(): PET=1 lpid=1 tid=0 pid=1 peCount=1 accCount=0
20260910 204404.521 INFO             PET3   SIMOCO Advance():  PE=1 SSI=0 SSIPE=1
20260910 204404.521 INFO             PET3   SIMOCO Advance(): PET=2 lpid=2 tid=0 pid=2 peCount=1 accCount=0
20260910 204404.521 INFO             PET3   SIMOCO Advance():  PE=2 SSI=0 SSIPE=2
20260910 204404.521 INFO             PET3   SIMOCO Advance(): PET=3 lpid=3 tid=0 pid=3 peCount=1 accCount=0
20260910 204404.521 INFO             PET3   SIMOCO Advance():  PE=3 SSI=0 SSIPE=3
20260910 204404.521 INFO             PET3   SIMOCO Advance(): --- VMK::log() end ---------------------------------------
20260910 204404.521 INFO             PET3   ------>Advancing SIMOCO from: 2012 10 24 18  0  0   0
20260910 204404.521 INFO             PET3   ---------------------> to: 2012 10 24 18  5  0   0
20260910 204404.521 INFO             PET3   SIMOCO Advance(): --- VMK::log() start -------------------------------------
20260910 204404.521 INFO             PET3   SIMOCO Advance(): vm located at: 0x1147071c0
20260910 204404.521 INFO             PET3   SIMOCO Advance(): mpionly=1 threadsflag=0
20260910 204404.521 INFO             PET3   SIMOCO Advance(): ssiCount=1 localSsi=0
20260910 204404.521 INFO             PET3   SIMOCO Advance(): devCount=0 ssiLocalDevCount=0
20260910 204404.521 INFO             PET3   SIMOCO Advance(): petCount=4 ssiLocalPetCount=4
20260910 204404.521 INFO             PET3   SIMOCO Advance(): localPet=3 mypthid=0x1f7398f80 ssiLocalPet=3 currentSsiPe=-1
20260910 204404.522 INFO             PET3   SIMOCO Advance(): ESMF level logical PET->PE association (but consider system level affinity pinning!):
20260910 204404.522 INFO             PET3   SIMOCO Advance(): PET=0 lpid=0 tid=0 pid=0 peCount=1 accCount=0
20260910 204404.522 INFO             PET3   SIMOCO Advance():  PE=0 SSI=0 SSIPE=0
20260910 204404.522 INFO             PET3   SIMOCO Advance(): PET=1 lpid=1 tid=0 pid=1 peCount=1 accCount=0
20260910 204404.522 INFO             PET3   SIMOCO Advance():  PE=1 SSI=0 SSIPE=1
20260910 204404.522 INFO             PET3   SIMOCO Advance(): PET=2 lpid=2 tid=0 pid=2 peCount=1 accCount=0
20260910 204404.522 INFO             PET3   SIMOCO Advance():  PE=2 SSI=0 SSIPE=2
20260910 204404.522 INFO             PET3   SIMOCO Advance(): PET=3 lpid=3 tid=0 pid=3 peCount=1 accCount=0
20260910 204404.522 INFO             PET3   SIMOCO Advance():  PE=3 SSI=0 SSIPE=3
20260910 204404.522 INFO             PET3   SIMOCO Advance(): --- VMK::log() end ---------------------------------------
20260910 204404.522 INFO             PET3   ------>Advancing SIMOCO from: 2012 10 24 18  5  0   0
20260910 204404.522 INFO             PET3   ---------------------> to: 2012 10 24 18 10  0   0
20260910 204404.524 INFO             PET3   SIMOCO Advance(): --- VMK::log() start -------------------------------------
20260910 204404.524 INFO             PET3   SIMOCO Advance(): vm located at: 0x1147071c0
20260910 204404.524 INFO             PET3   SIMOCO Advance(): mpionly=1 threadsflag=0
20260910 204404.524 INFO             PET3   SIMOCO Advance(): ssiCount=1 localSsi=0
20260910 204404.524 INFO             PET3   SIMOCO Advance(): devCount=0 ssiLocalDevCount=0
20260910 204404.524 INFO             PET3   SIMOCO Advance(): petCount=4 ssiLocalPetCount=4
20260910 204404.524 INFO             PET3   SIMOCO Advance(): localPet=3 mypthid=0x1f7398f80 ssiLocalPet=3 currentSsiPe=-1
20260910 204404.524 INFO             PET3   SIMOCO Advance(): ESMF level logical PET->PE association (but consider system level affinity pinning!):
20260910 204404.524 INFO             PET3   SIMOCO Advance(): PET=0 lpid=0 tid=0 pid=0 peCount=1 accCount=0
20260910 204404.524 INFO             PET3   SIMOCO Advance():  PE=0 SSI=0 SSIPE=0
20260910 204404.524 INFO             PET3   SIMOCO Advance(): PET=1 lpid=1 tid=0 pid=1 peCount=1 accCount=0
20260910 204404.524 INFO             PET3   SIMOCO Advance():  PE=1 SSI=0 SSIPE=1
20260910 204404.525 INFO             PET3   SIMOCO Advance(): PET=2 lpid=2 tid=0 pid=2 peCount=1 accCount=0
20260910 204404.525 INFO             PET3   SIMOCO Advance():  PE=2 SSI=0 SSIPE=2
20260910 204404.525 INFO             PET3   SIMOCO Advance(): PET=3 lpid=3 tid=0 pid=3 peCount=1 accCount=0
20260910 204404.525 INFO             PET3   SIMOCO Advance():  PE=3 SSI=0 SSIPE=3
20260910 204404.525 INFO             PET3   SIMOCO Advance(): --- VMK::log() end ---------------------------------------
20260910 204404.525 INFO             PET3   ------>Advancing SIMOCO from: 2012 10 24 18 10  0   0
20260910 204404.525 INFO             PET3   ---------------------> to: 2012 10 24 18 15  0   0
20260910 204404.525 INFO             PET3   SIMOCO Advance(): --- VMK::log() start -------------------------------------
20260910 204404.525 INFO             PET3   SIMOCO Advance(): vm located at: 0x1147071c0
20260910 204404.526 INFO             PET3   SIMOCO Advance(): mpionly=1 threadsflag=0
20260910 204404.526 INFO             PET3   SIMOCO Advance(): ssiCount=1 localSsi=0
20260910 204404.526 INFO             PET3   SIMOCO Advance(): devCount=0 ssiLocalDevCount=0
20260910 204404.526 INFO             PET3   SIMOCO Advance(): petCount=4 ssiLocalPetCount=4
20260910 204404.526 INFO             PET3   SIMOCO Advance(): localPet=3 mypthid=0x1f7398f80 ssiLocalPet=3 currentSsiPe=-1
20260910 204404.526 INFO             PET3   SIMOCO Advance(): ESMF level logical PET->PE association (but consider system level affinity pinning!):
20260910 204404.526 INFO             PET3   SIMOCO Advance(): PET=0 lpid=0 tid=0 pid=0 peCount=1 accCount=0
20260910 204404.526 INFO             PET3   SIMOCO Advance():  PE=0 SSI=0 SSIPE=0
20260910 204404.526 INFO             PET3   SIMOCO Advance(): PET=1 lpid=1 tid=0 pid=1 peCount=1 accCount=0
20260910 204404.526 INFO             PET3   SIMOCO Advance():  PE=1 SSI=0 SSIPE=1
20260910 204404.530 INFO             PET3   SIMOCO Advance(): PET=2 lpid=2 tid=0 pid=2 peCount=1 accCount=0
20260910 204404.530 INFO             PET3   SIMOCO Advance():  PE=2 SSI=0 SSIPE=2
20260910 204404.530 INFO             PET3   SIMOCO Advance(): PET=3 lpid=3 tid=0 pid=3 peCount=1 accCount=0
20260910 204404.530 INFO             PET3   SIMOCO Advance():  PE=3 SSI=0 SSIPE=3
20260910 204404.530 INFO             PET3   SIMOCO Advance(): --- VMK::log() end ---------------------------------------
20260910 204404.530 INFO             PET3   ------>Advancing SIMOCO from: 2012 10 24 18 15  0   0
20260910 204404.530 INFO             PET3   ---------------------> to: 2012 10 24 18 20  0   0
20260910 204404.530 INFO             PET3   SIMOCO Advance(): --- VMK::log() start -------------------------------------
20260910 204404.530 INFO             PET3   SIMOCO Advance(): vm located at: 0x1147071c0
20260910 204404.530 INFO             PET3   SIMOCO Advance(): mpionly=1 threadsflag=0
20260910 204404.530 INFO             PET3   SIMOCO Advance(): ssiCount=1 localSsi=0
20260910 204404.530 INFO             PET3   SIMOCO Advance(): devCount=0 ssiLocalDevCount=0
20260910 204404.531 INFO             PET3   SIMOCO Advance(): petCount=4 ssiLocalPetCount=4
20260910 204404.531 INFO             PET3   SIMOCO Advance(): localPet=3 mypthid=0x1f7398f80 ssiLocalPet=3 currentSsiPe=-1
20260910 204404.531 INFO             PET3   SIMOCO Advance(): ESMF level logical PET->PE association (but consider system level affinity pinning!):
20260910 204404.531 INFO             PET3   SIMOCO Advance(): PET=0 lpid=0 tid=0 pid=0 peCount=1 accCount=0
20260910 204404.531 INFO             PET3   SIMOCO Advance():  PE=0 SSI=0 SSIPE=0
20260910 204404.531 INFO             PET3   SIMOCO Advance(): PET=1 lpid=1 tid=0 pid=1 peCount=1 accCount=0
20260910 204404.531 INFO             PET3   SIMOCO Advance():  PE=1 SSI=0 SSIPE=1
20260910 204404.531 INFO             PET3   SIMOCO Advance(): PET=2 lpid=2 tid=0 pid=2 peCount=1 accCount=0
20260910 204404.531 INFO             PET3   SIMOCO Advance():  PE=2 SSI=0 SSIPE=2
20260910 204404.531 INFO             PET3   SIMOCO Advance(): PET=3 lpid=3 tid=0 pid=3 peCount=1 accCount=0
20260910 204404.531 INFO             PET3   SIMOCO Advance():  PE=3 SSI=0 SSIPE=3
20260910 204404.531 INFO             PET3   SIMOCO Advance(): --- VMK::log() end ---------------------------------------
20260910 204404.531 INFO             PET3   ------>Advancing SIMOCO from: 2012 10 24 18 20  0   0
20260910 204404.531 INFO             PET3   ---------------------> to: 2012 10 24 18 25  0   0
20260910 204404.531 INFO             PET3   SIMOCO Advance(): --- VMK::log() start -------------------------------------
20260910 204404.531 INFO             PET3   SIMOCO Advance(): vm located at: 0x1147071c0
20260910 204404.531 INFO             PET3   SIMOCO Advance(): mpionly=1 threadsflag=0
20260910 204404.531 INFO             PET3   SIMOCO Advance(): ssiCount=1 localSsi=0
20260910 204404.531 INFO             PET3   SIMOCO Advance(): devCount=0 ssiLocalDevCount=0
20260910 204404.531 INFO             PET3   SIMOCO Advance(): petCount=4 ssiLocalPetCount=4
20260910 204404.531 INFO             PET3   SIMOCO Advance(): localPet=3 mypthid=0x1f7398f80 ssiLocalPet=3 currentSsiPe=-1
20260910 204404.531 INFO             PET3   SIMOCO Advance(): ESMF level logical PET->PE association (but consider system level affinity pinning!):
20260910 204404.532 INFO             PET3   SIMOCO Advance(): PET=0 lpid=0 tid=0 pid=0 peCount=1 accCount=0
20260910 204404.532 INFO             PET3   SIMOCO Advance():  PE=0 SSI=0 SSIPE=0
20260910 204404.532 INFO             PET3   SIMOCO Advance(): PET=1 lpid=1 tid=0 pid=1 peCount=1 accCount=0
20260910 204404.532 INFO             PET3   SIMOCO Advance():  PE=1 SSI=0 SSIPE=1
20260910 204404.532 INFO             PET3   SIMOCO Advance(): PET=2 lpid=2 tid=0 pid=2 peCount=1 accCount=0
20260910 204404.532 INFO             PET3   SIMOCO Advance():  PE=2 SSI=0 SSIPE=2
20260910 204404.532 INFO             PET3   SIMOCO Advance(): PET=3 lpid=3 tid=0 pid=3 peCount=1 accCount=0
20260910 204404.532 INFO             PET3   SIMOCO Advance():  PE=3 SSI=0 SSIPE=3
20260910 204404.532 INFO             PET3   SIMOCO Advance(): --- VMK::log() end ---------------------------------------
20260910 204404.532 INFO             PET3   ------>Advancing SIMOCO from: 2012 10 24 18 25  0   0
20260910 204404.532 INFO             PET3   ---------------------> to: 2012 10 24 18 30  0   0
20260910 204404.532 INFO             PET3   SIMOCO Advance(): --- VMK::log() start -------------------------------------
20260910 204404.532 INFO             PET3   SIMOCO Advance(): vm located at: 0x1147071c0
20260910 204404.532 INFO             PET3   SIMOCO Advance(): mpionly=1 threadsflag=0
20260910 204404.532 INFO             PET3   SIMOCO Advance(): ssiCount=1 localSsi=0
20260910 204404.532 INFO             PET3   SIMOCO Advance(): devCount=0 ssiLocalDevCount=0
20260910 204404.532 INFO             PET3   SIMOCO Advance(): petCount=4 ssiLocalPetCount=4
20260910 204404.532 INFO             PET3   SIMOCO Advance(): localPet=3 mypthid=0x1f7398f80 ssiLocalPet=3 currentSsiPe=-1
20260910 204404.532 INFO             PET3   SIMOCO Advance(): ESMF level logical PET->PE association (but consider system level affinity pinning!):
20260910 204404.532 INFO             PET3   SIMOCO Advance(): PET=0 lpid=0 tid=0 pid=0 peCount=1 accCount=0
20260910 204404.532 INFO             PET3   SIMOCO Advance():  PE=0 SSI=0 SSIPE=0
20260910 204404.532 INFO             PET3   SIMOCO Advance(): PET=1 lpid=1 tid=0 pid=1 peCount=1 accCount=0
20260910 204404.532 INFO             PET3   SIMOCO Advance():  PE=1 SSI=0 SSIPE=1
20260910 204404.532 INFO             PET3   SIMOCO Advance(): PET=2 lpid=2 tid=0 pid=2 peCount=1 accCount=0
20260910 204404.532 INFO             PET3   SIMOCO Advance():  PE=2 SSI=0 SSIPE=2
20260910 204404.532 INFO             PET3   SIMOCO Advance(): PET=3 lpid=3 tid=0 pid=3 peCount=1 accCount=0
20260910 204404.532 INFO             PET3   SIMOCO Advance():  PE=3 SSI=0 SSIPE=3
20260910 204404.532 INFO             PET3   SIMOCO Advance(): --- VMK::log() end ---------------------------------------
20260910 204404.532 INFO             PET3   ------>Advancing SIMOCO from: 2012 10 24 18 30  0   0
20260910 204404.532 INFO             PET3   ---------------------> to: 2012 10 24 18 35  0   0
20260910 204404.532 INFO             PET3   SIMOCO Advance(): --- VMK::log() start -------------------------------------
20260910 204404.532 INFO             PET3   SIMOCO Advance(): vm located at: 0x1147071c0
20260910 204404.532 INFO             PET3   SIMOCO Advance(): mpionly=1 threadsflag=0
20260910 204404.532 INFO             PET3   SIMOCO Advance(): ssiCount=1 localSsi=0
20260910 204404.532 INFO             PET3   SIMOCO Advance(): devCount=0 ssiLocalDevCount=0
20260910 204404.532 INFO             PET3   SIMOCO Advance(): petCount=4 ssiLocalPetCount=4
20260910 204404.532 INFO             PET3   SIMOCO Advance(): localPet=3 mypthid=0x1f7398f80 ssiLocalPet=3 currentSsiPe=-1
20260910 204404.533 INFO             PET3   SIMOCO Advance(): ESMF level logical PET->PE association (but consider system level affinity pinning!):
20260910 204404.533 INFO             PET3   SIMOCO Advance(): PET=0 lpid=0 tid=0 pid=0 peCount=1 accCount=0
20260910 204404.533 INFO             PET3   SIMOCO Advance():  PE=0 SSI=0 SSIPE=0
20260910 204404.533 INFO             PET3   SIMOCO Advance(): PET=1 lpid=1 tid=0 pid=1 peCount=1 accCount=0
20260910 204404.533 INFO             PET3   SIMOCO Advance():  PE=1 SSI=0 SSIPE=1
20260910 204404.533 INFO             PET3   SIMOCO Advance(): PET=2 lpid=2 tid=0 pid=2 peCount=1 accCount=0
20260910 204404.533 INFO             PET3   SIMOCO Advance():  PE=2 SSI=0 SSIPE=2
20260910 204404.533 INFO             PET3   SIMOCO Advance(): PET=3 lpid=3 tid=0 pid=3 peCount=1 accCount=0
20260910 204404.533 INFO             PET3   SIMOCO Advance():  PE=3 SSI=0 SSIPE=3
20260910 204404.533 INFO             PET3   SIMOCO Advance(): --- VMK::log() end ---------------------------------------
20260910 204404.533 INFO             PET3   ------>Advancing SIMOCO from: 2012 10 24 18 35  0   0
20260910 204404.533 INFO             PET3   ---------------------> to: 2012 10 24 18 40  0   0
20260910 204404.533 INFO             PET3   SIMOCO Advance(): --- VMK::log() start -------------------------------------
20260910 204404.533 INFO             PET3   SIMOCO Advance(): vm located at: 0x1147071c0
20260910 204404.533 INFO             PET3   SIMOCO Advance(): mpionly=1 threadsflag=0
20260910 204404.533 INFO             PET3   SIMOCO Advance(): ssiCount=1 localSsi=0
20260910 204404.533 INFO             PET3   SIMOCO Advance(): devCount=0 ssiLocalDevCount=0
20260910 204404.533 INFO             PET3   SIMOCO Advance(): petCount=4 ssiLocalPetCount=4
20260910 204404.533 INFO             PET3   SIMOCO Advance(): localPet=3 mypthid=0x1f7398f80 ssiLocalPet=3 currentSsiPe=-1
20260910 204404.533 INFO             PET3   SIMOCO Advance(): ESMF level logical PET->PE association (but consider system level affinity pinning!):
20260910 204404.533 INFO             PET3   SIMOCO Advance(): PET=0 lpid=0 tid=0 pid=0 peCount=1 accCount=0
20260910 204404.533 INFO             PET3   SIMOCO Advance():  PE=0 SSI=0 SSIPE=0
20260910 204404.533 INFO             PET3   SIMOCO Advance(): PET=1 lpid=1 tid=0 pid=1 peCount=1 accCount=0
20260910 204404.533 INFO             PET3   SIMOCO Advance():  PE=1 SSI=0 SSIPE=1
20260910 204404.533 INFO             PET3   SIMOCO Advance(): PET=2 lpid=2 tid=0 pid=2 peCount=1 accCount=0
20260910 204404.533 INFO             PET3   SIMOCO Advance():  PE=2 SSI=0 SSIPE=2
20260910 204404.533 INFO             PET3   SIMOCO Advance(): PET=3 lpid=3 tid=0 pid=3 peCount=1 accCount=0
20260910 204404.533 INFO             PET3   SIMOCO Advance():  PE=3 SSI=0 SSIPE=3
20260910 204404.533 INFO             PET3   SIMOCO Advance(): --- VMK::log() end ---------------------------------------
20260910 204404.533 INFO             PET3   ------>Advancing SIMOCO from: 2012 10 24 18 40  0   0
20260910 204404.533 INFO             PET3   ---------------------> to: 2012 10 24 18 45  0   0
20260910 204404.533 INFO             PET3   SIMOCO Advance(): --- VMK::log() start -------------------------------------
20260910 204404.533 INFO             PET3   SIMOCO Advance(): vm located at: 0x1147071c0
20260910 204404.533 INFO             PET3   SIMOCO Advance(): mpionly=1 threadsflag=0
20260910 204404.533 INFO             PET3   SIMOCO Advance(): ssiCount=1 localSsi=0
20260910 204404.533 INFO             PET3   SIMOCO Advance(): devCount=0 ssiLocalDevCount=0
20260910 204404.534 INFO             PET3   SIMOCO Advance(): petCount=4 ssiLocalPetCount=4
20260910 204404.534 INFO             PET3   SIMOCO Advance(): localPet=3 mypthid=0x1f7398f80 ssiLocalPet=3 currentSsiPe=-1
20260910 204404.534 INFO             PET3   SIMOCO Advance(): ESMF level logical PET->PE association (but consider system level affinity pinning!):
20260910 204404.534 INFO             PET3   SIMOCO Advance(): PET=0 lpid=0 tid=0 pid=0 peCount=1 accCount=0
20260910 204404.534 INFO             PET3   SIMOCO Advance():  PE=0 SSI=0 SSIPE=0
20260910 204404.534 INFO             PET3   SIMOCO Advance(): PET=1 lpid=1 tid=0 pid=1 peCount=1 accCount=0
20260910 204404.534 INFO             PET3   SIMOCO Advance():  PE=1 SSI=0 SSIPE=1
20260910 204404.534 INFO             PET3   SIMOCO Advance(): PET=2 lpid=2 tid=0 pid=2 peCount=1 accCount=0
20260910 204404.534 INFO             PET3   SIMOCO Advance():  PE=2 SSI=0 SSIPE=2
20260910 204404.534 INFO             PET3   SIMOCO Advance(): PET=3 lpid=3 tid=0 pid=3 peCount=1 accCount=0
20260910 204404.534 INFO             PET3   SIMOCO Advance():  PE=3 SSI=0 SSIPE=3
20260910 204404.534 INFO             PET3   SIMOCO Advance(): --- VMK::log() end ---------------------------------------
20260910 204404.534 INFO             PET3   ------>Advancing SIMOCO from: 2012 10 24 18 45  0   0
20260910 204404.534 INFO             PET3   ---------------------> to: 2012 10 24 18 50  0   0
20260910 204404.535 INFO             PET3   SIMOCO Advance(): --- VMK::log() start -------------------------------------
20260910 204404.535 INFO             PET3   SIMOCO Advance(): vm located at: 0x1147071c0
20260910 204404.535 INFO             PET3   SIMOCO Advance(): mpionly=1 threadsflag=0
20260910 204404.535 INFO             PET3   SIMOCO Advance(): ssiCount=1 localSsi=0
20260910 204404.535 INFO             PET3   SIMOCO Advance(): devCount=0 ssiLocalDevCount=0
20260910 204404.535 INFO             PET3   SIMOCO Advance(): petCount=4 ssiLocalPetCount=4
20260910 204404.535 INFO             PET3   SIMOCO Advance(): localPet=3 mypthid=0x1f7398f80 ssiLocalPet=3 currentSsiPe=-1
20260910 204404.535 INFO             PET3   SIMOCO Advance(): ESMF level logical PET->PE association (but consider system level affinity pinning!):
20260910 204404.535 INFO             PET3   SIMOCO Advance(): PET=0 lpid=0 tid=0 pid=0 peCount=1 accCount=0
20260910 204404.535 INFO             PET3   SIMOCO Advance():  PE=0 SSI=0 SSIPE=0
20260910 204404.535 INFO             PET3   SIMOCO Advance(): PET=1 lpid=1 tid=0 pid=1 peCount=1 accCount=0
20260910 204404.535 INFO             PET3   SIMOCO Advance():  PE=1 SSI=0 SSIPE=1
20260910 204404.535 INFO             PET3   SIMOCO Advance(): PET=2 lpid=2 tid=0 pid=2 peCount=1 accCount=0
20260910 204404.535 INFO             PET3   SIMOCO Advance():  PE=2 SSI=0 SSIPE=2
20260910 204404.535 INFO             PET3   SIMOCO Advance(): PET=3 lpid=3 tid=0 pid=3 peCount=1 accCount=0
20260910 204404.535 INFO             PET3   SIMOCO Advance():  PE=3 SSI=0 SSIPE=3
20260910 204404.535 INFO             PET3   SIMOCO Advance(): --- VMK::log() end ---------------------------------------
20260910 204404.535 INFO             PET3   ------>Advancing SIMOCO from: 2012 10 24 18 50  0   0
20260910 204404.536 INFO             PET3   ---------------------> to: 2012 10 24 18 55  0   0
20260910 204404.536 INFO             PET3   SIMOCO Advance(): --- VMK::log() start -------------------------------------
20260910 204404.536 INFO             PET3   SIMOCO Advance(): vm located at: 0x1147071c0
20260910 204404.536 INFO             PET3   SIMOCO Advance(): mpionly=1 threadsflag=0
20260910 204404.536 INFO             PET3   SIMOCO Advance(): ssiCount=1 localSsi=0
20260910 204404.536 INFO             PET3   SIMOCO Advance(): devCount=0 ssiLocalDevCount=0
20260910 204404.536 INFO             PET3   SIMOCO Advance(): petCount=4 ssiLocalPetCount=4
20260910 204404.536 INFO             PET3   SIMOCO Advance(): localPet=3 mypthid=0x1f7398f80 ssiLocalPet=3 currentSsiPe=-1
20260910 204404.536 INFO             PET3   SIMOCO Advance(): ESMF level logical PET->PE association (but consider system level affinity pinning!):
20260910 204404.536 INFO             PET3   SIMOCO Advance(): PET=0 lpid=0 tid=0 pid=0 peCount=1 accCount=0
20260910 204404.536 INFO             PET3   SIMOCO Advance():  PE=0 SSI=0 SSIPE=0
20260910 204404.536 INFO             PET3   SIMOCO Advance(): PET=1 lpid=1 tid=0 pid=1 peCount=1 accCount=0
20260910 204404.536 INFO             PET3   SIMOCO Advance():  PE=1 SSI=0 SSIPE=1
20260910 204404.536 INFO             PET3   SIMOCO Advance(): PET=2 lpid=2 tid=0 pid=2 peCount=1 accCount=0
20260910 204404.536 INFO             PET3   SIMOCO Advance():  PE=2 SSI=0 SSIPE=2
20260910 204404.536 INFO             PET3   SIMOCO Advance(): PET=3 lpid=3 tid=0 pid=3 peCount=1 accCount=0
20260910 204404.536 INFO             PET3   SIMOCO Advance():  PE=3 SSI=0 SSIPE=3
20260910 204404.536 INFO             PET3   SIMOCO Advance(): --- VMK::log() end ---------------------------------------
20260910 204404.536 INFO             PET3   ------>Advancing SIMOCO from: 2012 10 24 18 55  0   0
20260910 204404.536 INFO             PET3   ---------------------> to: 2012 10 24 19  0  0   0
20260910 204404.536 INFO             PET3   <<<ESMX_Driver: leaving Run (phase=RunPhase1) with current time: 2012 10 24 19  0  0   0
20260910 204404.536 INFO             PET3 ESMX_Driver: Run extro.
20260910 204404.537 INFO             PET3 ESMX_Driver: Finalize intro.
20260910 204404.537 INFO             PET3   >>>ESMX_Driver: entered Finalize (phase=FinalizePhase1) with current time: 2012 10 24 19  0  0   0
20260910 204404.537 INFO             PET3   Calling Finalize phase 1 for modelComp: MDL
20260910 204404.537 INFO             PET3   Delete modelComp: MDL
20260910 204404.537 INFO             PET3   <<<ESMX_Driver: leaving Finalize (phase=FinalizePhase1) with current time: 2012 10 24 19  0  0   0
20260910 204404.538 INFO             PET3 ESMX_Driver: Finalize extro.
20260910 204404.538 INFO             PET3 =============================================
20260910 204404.538 INFO             PET3 ESMX (Earth System Model eXecutable) FINISHED
20260910 204404.538 INFO             PET3 =============================================
20260910 204404.538 INFO             PET3  Finalizing ESMF
