2026-09-07 23:56:31
20260908 013308.162 INFO             PET0 !!!!!!!!!!!!!!!!!!!!!!!!!!!!!!!!!!!!!!!!!!!!!!!!!!!!!!
20260908 013308.162 INFO             PET0 !!! THE ESMF_LOG IS SET TO OUTPUT ALL LOG MESSAGES !!!
20260908 013308.162 INFO             PET0 !!!     THIS MAY CAUSE SLOWDOWN IN PERFORMANCE     !!!
20260908 013308.162 INFO             PET0 !!! FOR PRODUCTION RUNS, USE:                      !!!
20260908 013308.162 INFO             PET0 !!!                   ESMF_LOGKIND_Multi_On_Error  !!!
20260908 013308.162 INFO             PET0 !!!!!!!!!!!!!!!!!!!!!!!!!!!!!!!!!!!!!!!!!!!!!!!!!!!!!!
20260908 013308.162 INFO             PET0 Running with ESMF Version   : feature/esmx-cmake+gdd1288b46b
20260908 013308.162 INFO             PET0 ESMF library build date/time: "Sep  7 2026" "23:52:07"
20260908 013308.162 INFO             PET0 ESMF library build location : /scratch3/NCEPDEV/stmp/Gerhard.Theurich/ESMF-Nightly-Testing-Hera/nvhpc_24.1_openmpi_O_feature_esmx-cmake/esmf
20260908 013308.162 INFO             PET0 ESMF_COMM                   : openmpi
20260908 013308.162 INFO             PET0 ESMF_MOAB                   : enabled
20260908 013308.162 INFO             PET0 ESMF_LAPACK                 : enabled
20260908 013308.162 INFO             PET0 ESMF_NETCDF                 : disabled
20260908 013308.162 INFO             PET0 ESMF_PNETCDF                : disabled
20260908 013308.163 INFO             PET0 ESMF_PIO                    : disabled
20260908 013308.163 INFO             PET0 ESMF_YAMLCPP                : enabled
20260908 013308.163 INFO             PET0 mainApp STARTING
20260908 013308.167 INFO             PET0 driver: InitializeGeneric intro.
20260908 013308.167 INFO             PET0   driver: InitializeGeneric intro {IS}:--- StateLog() start -----------------
20260908 013308.167 INFO             PET0   driver: InitializeGeneric intro {IS}:State object is invalid! Not created or deleted!
20260908 013308.167 INFO             PET0   driver: InitializeGeneric intro {IS}:--- StateLog() end -------------------
20260908 013308.167 INFO             PET0   driver: InitializeGeneric intro {ES}:--- StateLog() start -----------------
20260908 013308.167 INFO             PET0   driver: InitializeGeneric intro {ES}:State object is invalid! Not created or deleted!
20260908 013308.167 INFO             PET0   driver: InitializeGeneric intro {ES}:--- StateLog() end -------------------
20260908 013308.167 INFO             PET0   >>>driver: entered Initialize (phase=<none>) without valid internal Clock.
20260908 013308.168 INFO             PET0   driver: InitializeP0 intro.
20260908 013308.168 INFO             PET0     driver: InitializeP0 intro {IS}:--- StateLog() start -----------------
20260908 013308.168 INFO             PET0     driver: InitializeP0 intro {IS}:State object is invalid! Not created or deleted!
20260908 013308.168 INFO             PET0     driver: InitializeP0 intro {IS}:--- StateLog() end -------------------
20260908 013308.168 INFO             PET0     driver: InitializeP0 intro {ES}:--- StateLog() start -----------------
20260908 013308.168 INFO             PET0     driver: InitializeP0 intro {ES}:State object is invalid! Not created or deleted!
20260908 013308.168 INFO             PET0     driver: InitializeP0 intro {ES}:--- StateLog() end -------------------
20260908 013308.168 INFO             PET0     >>>driver: entered Initialize (phase=<none>) without valid internal Clock.
20260908 013308.168 INFO             PET0     <<<driver: leaving Initialize (phase=<none>) without valid internal Clock.
20260908 013308.168 INFO             PET0     driver: InitializeP0 extro {IS}:--- StateLog() start -----------------
20260908 013308.168 INFO             PET0     driver: InitializeP0 extro {IS}:State object is invalid! Not created or deleted!
20260908 013308.168 INFO             PET0     driver: InitializeP0 extro {IS}:--- StateLog() end -------------------
20260908 013308.168 INFO             PET0     driver: InitializeP0 extro {ES}:--- StateLog() start -----------------
20260908 013308.168 INFO             PET0     driver: InitializeP0 extro {ES}:State object is invalid! Not created or deleted!
20260908 013308.168 INFO             PET0     driver: InitializeP0 extro {ES}:--- StateLog() end -------------------
20260908 013308.168 INFO             PET0   driver: InitializeP0 extro.
20260908 013308.168 INFO             PET0   driver: InitializeIPDv02p1 intro.
20260908 013308.168 INFO             PET0     driver: InitializeIPDv02p1 intro {IS}:--- StateLog() start -----------------
20260908 013308.168 INFO             PET0     driver: InitializeIPDv02p1 intro {IS}:State object is invalid! Not created or deleted!
20260908 013308.168 INFO             PET0     driver: InitializeIPDv02p1 intro {IS}:--- StateLog() end -------------------
20260908 013308.168 INFO             PET0     driver: InitializeIPDv02p1 intro {ES}:--- StateLog() start -----------------
20260908 013308.168 INFO             PET0     driver: InitializeIPDv02p1 intro {ES}:State object is invalid! Not created or deleted!
20260908 013308.168 INFO             PET0     driver: InitializeIPDv02p1 intro {ES}:--- StateLog() end -------------------
20260908 013308.168 INFO             PET0     >>>driver: entered Initialize (phase=<none>) without valid internal Clock.
20260908 013308.169 INFO             PET0     driver - Creating model component MODEL without petList.
20260908 013308.171 INFO             PET0      GridCompIsPetLocal:   T
20260908 013308.171 INFO             PET0      VmIsCreated:   T
20260908 013308.171 INFO             PET0      valid MPI_COMM with size=            4
20260908 013308.171 INFO             PET0     driver - Creating state: modelComp 1 Import State
20260908 013308.172 INFO             PET0     driver - Creating state: modelComp 1 Export State
20260908 013308.173 INFO             PET0     MODEL: InitializeP0 intro.
20260908 013308.173 INFO             PET0       MODEL: InitializeP0 intro {IS}:--- StateLog() start -----------------
20260908 013308.173 INFO             PET0       MODEL: InitializeP0 intro {IS}:<name: MODEL-ImportState> <intent: ESMF_STATEINTENT_IMPORT> <itemCount:    0>
20260908 013308.173 INFO             PET0       MODEL: InitializeP0 intro {IS}:--- StateLog() end -------------------
20260908 013308.173 INFO             PET0       MODEL: InitializeP0 intro {ES}:--- StateLog() start -----------------
20260908 013308.173 INFO             PET0       MODEL: InitializeP0 intro {ES}:<name: MODEL-ExportState> <intent: ESMF_STATEINTENT_EXPORT> <itemCount:    0>
20260908 013308.173 INFO             PET0       MODEL: InitializeP0 intro {ES}:--- StateLog() end -------------------
20260908 013308.173 INFO             PET0       >>>MODEL: entered Initialize (phase=<none>) without valid internal Clock.
20260908 013308.174 INFO             PET0       <<<MODEL: leaving Initialize (phase=<none>) without valid internal Clock.
20260908 013308.174 INFO             PET0       MODEL: InitializeP0 extro {IS}:--- StateLog() start -----------------
20260908 013308.174 INFO             PET0       MODEL: InitializeP0 extro {IS}:<name: MODEL-ImportState> <intent: ESMF_STATEINTENT_IMPORT> <itemCount:    0>
20260908 013308.174 INFO             PET0       MODEL: InitializeP0 extro {IS}:--- StateLog() end -------------------
20260908 013308.174 INFO             PET0       MODEL: InitializeP0 extro {ES}:--- StateLog() start -----------------
20260908 013308.174 INFO             PET0       MODEL: InitializeP0 extro {ES}:<name: MODEL-ExportState> <intent: ESMF_STATEINTENT_EXPORT> <itemCount:    0>
20260908 013308.174 INFO             PET0       MODEL: InitializeP0 extro {ES}:--- StateLog() end -------------------
20260908 013308.174 INFO             PET0     MODEL: InitializeP0 extro.
20260908 013308.175 INFO             PET0     driver: IInitAdvertise intro.
20260908 013308.175 INFO             PET0       driver: IInitAdvertise intro {IS}:--- StateLog() start -----------------
20260908 013308.175 INFO             PET0       driver: IInitAdvertise intro {IS}:State object is invalid! Not created or deleted!
20260908 013308.175 INFO             PET0       driver: IInitAdvertise intro {IS}:--- StateLog() end -------------------
20260908 013308.175 INFO             PET0       driver: IInitAdvertise intro {ES}:--- StateLog() start -----------------
20260908 013308.175 INFO             PET0       driver: IInitAdvertise intro {ES}:State object is invalid! Not created or deleted!
20260908 013308.175 INFO             PET0       driver: IInitAdvertise intro {ES}:--- StateLog() end -------------------
20260908 013308.175 INFO             PET0       >>>driver: entered Initialize (phase=<none>) with current time:    0  1  1  0  0  0   0
20260908 013308.175 INFO             PET0       <<<driver: leaving Initialize (phase=<none>) with current time:    0  1  1  0  0  0   0
20260908 013308.175 INFO             PET0       driver: IInitAdvertise extro {IS}:--- StateLog() start -----------------
20260908 013308.175 INFO             PET0       driver: IInitAdvertise extro {IS}:State object is invalid! Not created or deleted!
20260908 013308.175 INFO             PET0       driver: IInitAdvertise extro {IS}:--- StateLog() end -------------------
20260908 013308.175 INFO             PET0       driver: IInitAdvertise extro {ES}:--- StateLog() start -----------------
20260908 013308.175 INFO             PET0       driver: IInitAdvertise extro {ES}:State object is invalid! Not created or deleted!
20260908 013308.175 INFO             PET0       driver: IInitAdvertise extro {ES}:--- StateLog() end -------------------
20260908 013308.175 INFO             PET0     driver: IInitAdvertise extro.
20260908 013308.176 INFO             PET0     MODEL: InitializeIPDvXp01 intro.
20260908 013308.176 INFO             PET0       MODEL: InitializeIPDvXp01 intro {IS}:--- StateLog() start -----------------
20260908 013308.176 INFO             PET0       MODEL: InitializeIPDvXp01 intro {IS}:<name: MODEL-ImportState> <intent: ESMF_STATEINTENT_IMPORT> <itemCount:    0>
20260908 013308.176 INFO             PET0       MODEL: InitializeIPDvXp01 intro {IS}:--- StateLog() end -------------------
20260908 013308.176 INFO             PET0       MODEL: InitializeIPDvXp01 intro {ES}:--- StateLog() start -----------------
20260908 013308.176 INFO             PET0       MODEL: InitializeIPDvXp01 intro {ES}:<name: MODEL-ExportState> <intent: ESMF_STATEINTENT_EXPORT> <itemCount:    0>
20260908 013308.176 INFO             PET0       MODEL: InitializeIPDvXp01 intro {ES}:--- StateLog() end -------------------
20260908 013308.176 INFO             PET0       >>>MODEL: entered Initialize (phase=IPDvXp01) without valid internal Clock.
20260908 013308.178 INFO             PET0       <<<MODEL: leaving Initialize (phase=IPDvXp01) without valid internal Clock.
20260908 013308.178 INFO             PET0       MODEL: InitializeIPDvXp01 extro {IS}:--- StateLog() start -----------------
20260908 013308.178 INFO             PET0       MODEL: InitializeIPDvXp01 extro {IS}:<name: MODEL-ImportState> <intent: ESMF_STATEINTENT_IMPORT> <itemCount:    0>
20260908 013308.178 INFO             PET0       MODEL: InitializeIPDvXp01 extro {IS}:--- StateLog() end -------------------
20260908 013308.178 INFO             PET0       MODEL: InitializeIPDvXp01 extro {ES}:--- StateLog() start -----------------
20260908 013308.178 INFO             PET0       MODEL: InitializeIPDvXp01 extro {ES}:<name: MODEL-ExportState> <intent: ESMF_STATEINTENT_EXPORT> <itemCount:    2>
20260908 013308.178 INFO             PET0       MODEL: InitializeIPDvXp01 extro {ES}:+-<item: 0001> <itemType: Field> <itemName: pmsl>
20260908 013308.178 INFO             PET0       MODEL: InitializeIPDvXp01 extro {ES}:!--- FieldLog() start -----------------
20260908 013308.178 INFO             PET0       MODEL: InitializeIPDvXp01 extro {ES}:! <name: pmsl> <fieldStatus: ESMF_FIELDSTATUS_EMPTY>
20260908 013308.178 INFO             PET0       MODEL: InitializeIPDvXp01 extro {ES}:! 0x7fff8aeb8950 => 0xbdaf60 => 0xca0910
20260908 013308.178 INFO             PET0       MODEL: InitializeIPDvXp01 extro {ES}:!--- FieldLog() end -------------------
20260908 013308.178 INFO             PET0       MODEL: InitializeIPDvXp01 extro {ES}:+-<item: 0002> <itemType: Field> <itemName: rsns>
20260908 013308.178 INFO             PET0       MODEL: InitializeIPDvXp01 extro {ES}:!--- FieldLog() start -----------------
20260908 013308.178 INFO             PET0       MODEL: InitializeIPDvXp01 extro {ES}:! <name: rsns> <fieldStatus: ESMF_FIELDSTATUS_EMPTY>
20260908 013308.178 INFO             PET0       MODEL: InitializeIPDvXp01 extro {ES}:! 0x7fff8aeb8950 => 0xca4590 => 0xca47c0
20260908 013308.178 INFO             PET0       MODEL: InitializeIPDvXp01 extro {ES}:!--- FieldLog() end -------------------
20260908 013308.178 INFO             PET0       MODEL: InitializeIPDvXp01 extro {ES}:--- StateLog() end -------------------
20260908 013308.178 INFO             PET0     MODEL: InitializeIPDvXp01 extro.
20260908 013308.179 INFO             PET0     driver: IInitAdvertiseFinish intro.
20260908 013308.179 INFO             PET0       driver: IInitAdvertiseFinish intro {IS}:--- StateLog() start -----------------
20260908 013308.179 INFO             PET0       driver: IInitAdvertiseFinish intro {IS}:State object is invalid! Not created or deleted!
20260908 013308.179 INFO             PET0       driver: IInitAdvertiseFinish intro {IS}:--- StateLog() end -------------------
20260908 013308.179 INFO             PET0       driver: IInitAdvertiseFinish intro {ES}:--- StateLog() start -----------------
20260908 013308.179 INFO             PET0       driver: IInitAdvertiseFinish intro {ES}:State object is invalid! Not created or deleted!
20260908 013308.179 INFO             PET0       driver: IInitAdvertiseFinish intro {ES}:--- StateLog() end -------------------
20260908 013308.179 INFO             PET0       >>>driver: entered Initialize (phase=<none>) with current time:    0  1  1  0  0  0   0
20260908 013308.179 INFO             PET0       <<<driver: leaving Initialize (phase=<none>) with current time:    0  1  1  0  0  0   0
20260908 013308.179 INFO             PET0       driver: IInitAdvertiseFinish extro {IS}:--- StateLog() start -----------------
20260908 013308.179 INFO             PET0       driver: IInitAdvertiseFinish extro {IS}:State object is invalid! Not created or deleted!
20260908 013308.179 INFO             PET0       driver: IInitAdvertiseFinish extro {IS}:--- StateLog() end -------------------
20260908 013308.179 INFO             PET0       driver: IInitAdvertiseFinish extro {ES}:--- StateLog() start -----------------
20260908 013308.179 INFO             PET0       driver: IInitAdvertiseFinish extro {ES}:State object is invalid! Not created or deleted!
20260908 013308.179 INFO             PET0       driver: IInitAdvertiseFinish extro {ES}:--- StateLog() end -------------------
20260908 013308.179 INFO             PET0     driver: IInitAdvertiseFinish extro.
20260908 013308.180 INFO             PET0     driver: IInitModifyCplLists intro.
20260908 013308.180 INFO             PET0       driver: IInitModifyCplLists intro {IS}:--- StateLog() start -----------------
20260908 013308.180 INFO             PET0       driver: IInitModifyCplLists intro {IS}:State object is invalid! Not created or deleted!
20260908 013308.180 INFO             PET0       driver: IInitModifyCplLists intro {IS}:--- StateLog() end -------------------
20260908 013308.180 INFO             PET0       driver: IInitModifyCplLists intro {ES}:--- StateLog() start -----------------
20260908 013308.180 INFO             PET0       driver: IInitModifyCplLists intro {ES}:State object is invalid! Not created or deleted!
20260908 013308.180 INFO             PET0       driver: IInitModifyCplLists intro {ES}:--- StateLog() end -------------------
20260908 013308.180 INFO             PET0       >>>driver: entered Initialize (phase=<none>) with current time:    0  1  1  0  0  0   0
20260908 013308.180 INFO             PET0       <<<driver: leaving Initialize (phase=<none>) with current time:    0  1  1  0  0  0   0
20260908 013308.180 INFO             PET0       driver: IInitModifyCplLists extro {IS}:--- StateLog() start -----------------
20260908 013308.180 INFO             PET0       driver: IInitModifyCplLists extro {IS}:State object is invalid! Not created or deleted!
20260908 013308.180 INFO             PET0       driver: IInitModifyCplLists extro {IS}:--- StateLog() end -------------------
20260908 013308.180 INFO             PET0       driver: IInitModifyCplLists extro {ES}:--- StateLog() start -----------------
20260908 013308.180 INFO             PET0       driver: IInitModifyCplLists extro {ES}:State object is invalid! Not created or deleted!
20260908 013308.180 INFO             PET0       driver: IInitModifyCplLists extro {ES}:--- StateLog() end -------------------
20260908 013308.180 INFO             PET0     driver: IInitModifyCplLists extro.
20260908 013308.180 INFO             PET0     <<<driver: leaving Initialize (phase=<none>) with current time:    0  1  1  0  0  0   0
20260908 013308.180 INFO             PET0     driver: InitializeIPDv02p1 extro {IS}:--- StateLog() start -----------------
20260908 013308.180 INFO             PET0     driver: InitializeIPDv02p1 extro {IS}:State object is invalid! Not created or deleted!
20260908 013308.180 INFO             PET0     driver: InitializeIPDv02p1 extro {IS}:--- StateLog() end -------------------
20260908 013308.180 INFO             PET0     driver: InitializeIPDv02p1 extro {ES}:--- StateLog() start -----------------
20260908 013308.180 INFO             PET0     driver: InitializeIPDv02p1 extro {ES}:State object is invalid! Not created or deleted!
20260908 013308.180 INFO             PET0     driver: InitializeIPDv02p1 extro {ES}:--- StateLog() end -------------------
20260908 013308.180 INFO             PET0   driver: InitializeIPDv02p1 extro.
20260908 013308.181 INFO             PET0   driver: InitializeIPDv02p3 intro.
20260908 013308.181 INFO             PET0     driver: InitializeIPDv02p3 intro {IS}:--- StateLog() start -----------------
20260908 013308.181 INFO             PET0     driver: InitializeIPDv02p3 intro {IS}:State object is invalid! Not created or deleted!
20260908 013308.181 INFO             PET0     driver: InitializeIPDv02p3 intro {IS}:--- StateLog() end -------------------
20260908 013308.181 INFO             PET0     driver: InitializeIPDv02p3 intro {ES}:--- StateLog() start -----------------
20260908 013308.181 INFO             PET0     driver: InitializeIPDv02p3 intro {ES}:State object is invalid! Not created or deleted!
20260908 013308.181 INFO             PET0     driver: InitializeIPDv02p3 intro {ES}:--- StateLog() end -------------------
20260908 013308.181 INFO             PET0     >>>driver: entered Initialize (phase=<none>) with current time:    0  1  1  0  0  0   0
20260908 013308.181 INFO             PET0     driver: IInitCheck intro.
20260908 013308.181 INFO             PET0       driver: IInitCheck intro {IS}:--- StateLog() start -----------------
20260908 013308.181 INFO             PET0       driver: IInitCheck intro {IS}:State object is invalid! Not created or deleted!
20260908 013308.181 INFO             PET0       driver: IInitCheck intro {IS}:--- StateLog() end -------------------
20260908 013308.181 INFO             PET0       driver: IInitCheck intro {ES}:--- StateLog() start -----------------
20260908 013308.181 INFO             PET0       driver: IInitCheck intro {ES}:State object is invalid! Not created or deleted!
20260908 013308.181 INFO             PET0       driver: IInitCheck intro {ES}:--- StateLog() end -------------------
20260908 013308.181 INFO             PET0       >>>driver: entered Initialize (phase=<none>) with current time:    0  1  1  0  0  0   0
20260908 013308.181 INFO             PET0       <<<driver: leaving Initialize (phase=<none>) with current time:    0  1  1  0  0  0   0
20260908 013308.181 INFO             PET0       driver: IInitCheck extro {IS}:--- StateLog() start -----------------
20260908 013308.181 INFO             PET0       driver: IInitCheck extro {IS}:State object is invalid! Not created or deleted!
20260908 013308.181 INFO             PET0       driver: IInitCheck extro {IS}:--- StateLog() end -------------------
20260908 013308.181 INFO             PET0       driver: IInitCheck extro {ES}:--- StateLog() start -----------------
20260908 013308.181 INFO             PET0       driver: IInitCheck extro {ES}:State object is invalid! Not created or deleted!
20260908 013308.181 INFO             PET0       driver: IInitCheck extro {ES}:--- StateLog() end -------------------
20260908 013308.182 INFO             PET0     driver: IInitCheck extro.
20260908 013308.182 INFO             PET0     MODEL: InitializeIPDvXp04 intro.
20260908 013308.182 INFO             PET0       MODEL: InitializeIPDvXp04 intro {IS}:--- StateLog() start -----------------
20260908 013308.182 INFO             PET0       MODEL: InitializeIPDvXp04 intro {IS}:<name: MODEL-ImportState> <intent: ESMF_STATEINTENT_IMPORT> <itemCount:    0>
20260908 013308.182 INFO             PET0       MODEL: InitializeIPDvXp04 intro {IS}:--- StateLog() end -------------------
20260908 013308.182 INFO             PET0       MODEL: InitializeIPDvXp04 intro {ES}:--- StateLog() start -----------------
20260908 013308.182 INFO             PET0       MODEL: InitializeIPDvXp04 intro {ES}:<name: MODEL-ExportState> <intent: ESMF_STATEINTENT_EXPORT> <itemCount:    2>
20260908 013308.182 INFO             PET0       MODEL: InitializeIPDvXp04 intro {ES}:+-<item: 0001> <itemType: Field> <itemName: pmsl>
20260908 013308.182 INFO             PET0       MODEL: InitializeIPDvXp04 intro {ES}:!--- FieldLog() start -----------------
20260908 013308.182 INFO             PET0       MODEL: InitializeIPDvXp04 intro {ES}:! <name: pmsl> <fieldStatus: ESMF_FIELDSTATUS_EMPTY>
20260908 013308.182 INFO             PET0       MODEL: InitializeIPDvXp04 intro {ES}:! 0x7fff8aec4650 => 0xbdaf60 => 0xca0910
20260908 013308.182 INFO             PET0       MODEL: InitializeIPDvXp04 intro {ES}:!--- FieldLog() end -------------------
20260908 013308.182 INFO             PET0       MODEL: InitializeIPDvXp04 intro {ES}:+-<item: 0002> <itemType: Field> <itemName: rsns>
20260908 013308.182 INFO             PET0       MODEL: InitializeIPDvXp04 intro {ES}:!--- FieldLog() start -----------------
20260908 013308.182 INFO             PET0       MODEL: InitializeIPDvXp04 intro {ES}:! <name: rsns> <fieldStatus: ESMF_FIELDSTATUS_EMPTY>
20260908 013308.182 INFO             PET0       MODEL: InitializeIPDvXp04 intro {ES}:! 0x7fff8aec4650 => 0xca4590 => 0xca47c0
20260908 013308.182 INFO             PET0       MODEL: InitializeIPDvXp04 intro {ES}:!--- FieldLog() end -------------------
20260908 013308.182 INFO             PET0       MODEL: InitializeIPDvXp04 intro {ES}:--- StateLog() end -------------------
20260908 013308.182 INFO             PET0       >>>MODEL: entered Initialize (phase=IPDvXp04) without valid internal Clock.
20260908 013308.186 INFO             PET0       After Realize: - MemInfo: [/proc/meminfo - SSI]	MemTotal:       97343016 kB
20260908 013308.186 INFO             PET0       After Realize: - MemInfo: [/proc/meminfo - SSI]	MemFree:        92397680 kB
20260908 013308.186 INFO             PET0       After Realize: - MemInfo: [/proc/meminfo - SSI]	MemAvailable:   92239960 kB
20260908 013308.186 INFO             PET0       After Realize: - MemInfo: [/proc/meminfo - SSI]	Committed_AS:   33886040 kB
20260908 013308.186 INFO             PET0       After Realize: - MemInfo: [/proc/meminfo - SSI]	CommittedPercent: 34.811 %
20260908 013308.186 INFO             PET0       After Realize: - MemInfo: [/proc/self/status]	VmPeak:	11022496 kB
20260908 013308.186 INFO             PET0       After Realize: - MemInfo: [/proc/self/status]	VmSize:	11022496 kB
20260908 013308.186 INFO             PET0       After Realize: - MemInfo: [/proc/self/status]	VmLck:	       0 kB
20260908 013308.186 INFO             PET0       After Realize: - MemInfo: [/proc/self/status]	VmPin:	  111236 kB
20260908 013308.186 INFO             PET0       After Realize: - MemInfo: [/proc/self/status]	VmHWM:	  154020 kB
20260908 013308.186 INFO             PET0       After Realize: - MemInfo: [/proc/self/status]	VmRSS:	  154020 kB
20260908 013308.186 INFO             PET0       After Realize: - MemInfo: [/proc/self/status]	VmData:	  159240 kB
20260908 013308.186 INFO             PET0       After Realize: - MemInfo: [/proc/self/status]	VmStk:	10348296 kB
20260908 013308.186 INFO             PET0       After Realize: - MemInfo: [/proc/self/status]	VmExe:	      24 kB
20260908 013308.186 INFO             PET0       After Realize: - MemInfo: [/proc/self/status]	VmLib:	   48396 kB
20260908 013308.186 INFO             PET0       After Realize: - MemInfo: [/proc/self/status]	VmPTE:	     856 kB
20260908 013308.186 INFO             PET0       After Realize: - MemInfo: [/proc/self/status]	VmSwap:	       0 kB
20260908 013308.186 INFO             PET0       After Realize: - MemInfo: [/proc/self/status]	VmRSSPercent: 0.158224 %
20260908 013308.186 INFO             PET0       After Realize: - MemInfo: [malloc] Non-mmapped space allocated:                 5578752 Byte
20260908 013308.186 INFO             PET0       After Realize: - MemInfo: [malloc] Space allocated in mmapped regions:        122953728 Byte
20260908 013308.186 INFO             PET0       After Realize: - MemInfo: [malloc] Maximum total allocated space:                     0 Byte
20260908 013308.186 INFO             PET0       After Realize: - MemInfo: [malloc] Space in freed fastbin blocks:                    32 Byte
20260908 013308.186 INFO             PET0       After Realize: - MemInfo: [malloc] Total allocated space:                       4157904 Byte
20260908 013308.186 INFO             PET0       After Realize: - MemInfo: [malloc] Total free space:                            1420848 Byte
20260908 013308.186 INFO             PET0       After Realize: - MemInfo: [malloc] Top-most, releasable space:                   131776 Byte
20260908 013308.186 INFO             PET0       After Realize: - MemInfo: [malloc] Total space in use, mmap + non-mmap:       127111632 Byte
20260908 013308.186 INFO             PET0       After Realize: - MemInfo: [malloc] Total space held (mmap + non-mmap):        128532480 Byte
20260908 013308.186 INFO             PET0       After Realize: - MemInfo: [malloc] Total space used (mmap + non-mmap):        127119760 Byte
20260908 013308.186 INFO             PET0       After Realize: - MemInfo: Wall-clock time since execution start:              0.0266538 seconds
20260908 013308.186 INFO             PET0       <<<MODEL: leaving Initialize (phase=IPDvXp04) without valid internal Clock.
20260908 013308.186 INFO             PET0       MODEL: InitializeIPDvXp04 extro {IS}:--- StateLog() start -----------------
20260908 013308.186 INFO             PET0       MODEL: InitializeIPDvXp04 extro {IS}:<name: MODEL-ImportState> <intent: ESMF_STATEINTENT_IMPORT> <itemCount:    0>
20260908 013308.186 INFO             PET0       MODEL: InitializeIPDvXp04 extro {IS}:--- StateLog() end -------------------
20260908 013308.186 INFO             PET0       MODEL: InitializeIPDvXp04 extro {ES}:--- StateLog() start -----------------
20260908 013308.186 INFO             PET0       MODEL: InitializeIPDvXp04 extro {ES}:<name: MODEL-ExportState> <intent: ESMF_STATEINTENT_EXPORT> <itemCount:    2>
20260908 013308.186 INFO             PET0       MODEL: InitializeIPDvXp04 extro {ES}:+-<item: 0001> <itemType: Field> <itemName: pmsl>
20260908 013308.186 INFO             PET0       MODEL: InitializeIPDvXp04 extro {ES}:!--- FieldLog() start -----------------
20260908 013308.186 INFO             PET0       MODEL: InitializeIPDvXp04 extro {ES}:! <name: pmsl> <fieldStatus: ESMF_FIELDSTATUS_COMPLETE>
20260908 013308.187 INFO             PET0       MODEL: InitializeIPDvXp04 extro {ES}:! 0x7fff8aec4780 => 0xcbaf80 => 0xcbb1b0
20260908 013308.187 INFO             PET0       MODEL: InitializeIPDvXp04 extro {ES}:! <typekind: Real*8> <rank:    2> <dimCount:    2>
20260908 013308.187 INFO             PET0       MODEL: InitializeIPDvXp04 extro {ES}:! ! --- Array::log() start -----------------------------------
20260908 013308.187 INFO             PET0       MODEL: InitializeIPDvXp04 extro {ES}:! ! 0xcbc110
20260908 013308.187 INFO             PET0       MODEL: InitializeIPDvXp04 extro {ES}:! ! <name: pmsl>
20260908 013308.187 INFO             PET0       MODEL: InitializeIPDvXp04 extro {ES}:! ! ! --- DistGrid::log() start --------------------------------
20260908 013308.187 INFO             PET0       MODEL: InitializeIPDvXp04 extro {ES}:! ! ! 0xcb7320
20260908 013308.187 INFO             PET0       MODEL: InitializeIPDvXp04 extro {ES}:! ! ! DistGrid object is valid!<name: DG-Grid004-sloc:0>
20260908 013308.187 INFO             PET0       MODEL: InitializeIPDvXp04 extro {ES}:! ! ! --- DistGrid::log() end ----------------------------------
20260908 013308.187 INFO             PET0       MODEL: InitializeIPDvXp04 extro {ES}:! ! --- Array::log() end -------------------------------------
20260908 013308.187 INFO             PET0       MODEL: InitializeIPDvXp04 extro {ES}:!--- FieldLog() end -------------------
20260908 013308.187 INFO             PET0       MODEL: InitializeIPDvXp04 extro {ES}:+-<item: 0002> <itemType: Field> <itemName: rsns>
20260908 013308.187 INFO             PET0       MODEL: InitializeIPDvXp04 extro {ES}:!--- FieldLog() start -----------------
20260908 013308.187 INFO             PET0       MODEL: InitializeIPDvXp04 extro {ES}:! <name: rsns> <fieldStatus: ESMF_FIELDSTATUS_COMPLETE>
20260908 013308.187 INFO             PET0       MODEL: InitializeIPDvXp04 extro {ES}:! 0x7fff8aec4780 => 0xcbdc40 => 0xcbde70
20260908 013308.187 INFO             PET0       MODEL: InitializeIPDvXp04 extro {ES}:! <typekind: Real*8> <rank:    2> <dimCount:    2>
20260908 013308.187 INFO             PET0       MODEL: InitializeIPDvXp04 extro {ES}:! ! --- Array::log() start -----------------------------------
20260908 013308.187 INFO             PET0       MODEL: InitializeIPDvXp04 extro {ES}:! ! 0xcbf020
20260908 013308.187 INFO             PET0       MODEL: InitializeIPDvXp04 extro {ES}:! ! <name: rsns>
20260908 013308.187 INFO             PET0       MODEL: InitializeIPDvXp04 extro {ES}:! ! ! --- DistGrid::log() start --------------------------------
20260908 013308.187 INFO             PET0       MODEL: InitializeIPDvXp04 extro {ES}:! ! ! 0xcb7320
20260908 013308.187 INFO             PET0       MODEL: InitializeIPDvXp04 extro {ES}:! ! ! DistGrid object is valid!<name: DG-Grid004-sloc:0>
20260908 013308.187 INFO             PET0       MODEL: InitializeIPDvXp04 extro {ES}:! ! ! --- DistGrid::log() end ----------------------------------
20260908 013308.187 INFO             PET0       MODEL: InitializeIPDvXp04 extro {ES}:! ! --- Array::log() end -------------------------------------
20260908 013308.187 INFO             PET0       MODEL: InitializeIPDvXp04 extro {ES}:!--- FieldLog() end -------------------
20260908 013308.187 INFO             PET0       MODEL: InitializeIPDvXp04 extro {ES}:--- StateLog() end -------------------
20260908 013308.187 INFO             PET0     MODEL: InitializeIPDvXp04 extro.
20260908 013308.188 INFO             PET0     driver: IInitRealize intro.
20260908 013308.188 INFO             PET0       driver: IInitRealize intro {IS}:--- StateLog() start -----------------
20260908 013308.188 INFO             PET0       driver: IInitRealize intro {IS}:State object is invalid! Not created or deleted!
20260908 013308.188 INFO             PET0       driver: IInitRealize intro {IS}:--- StateLog() end -------------------
20260908 013308.188 INFO             PET0       driver: IInitRealize intro {ES}:--- StateLog() start -----------------
20260908 013308.188 INFO             PET0       driver: IInitRealize intro {ES}:State object is invalid! Not created or deleted!
20260908 013308.188 INFO             PET0       driver: IInitRealize intro {ES}:--- StateLog() end -------------------
20260908 013308.188 INFO             PET0       >>>driver: entered Initialize (phase=<none>) with current time:    0  1  1  0  0  0   0
20260908 013308.188 INFO             PET0       <<<driver: leaving Initialize (phase=<none>) with current time:    0  1  1  0  0  0   0
20260908 013308.188 INFO             PET0       driver: IInitRealize extro {IS}:--- StateLog() start -----------------
20260908 013308.188 INFO             PET0       driver: IInitRealize extro {IS}:State object is invalid! Not created or deleted!
20260908 013308.188 INFO             PET0       driver: IInitRealize extro {IS}:--- StateLog() end -------------------
20260908 013308.188 INFO             PET0       driver: IInitRealize extro {ES}:--- StateLog() start -----------------
20260908 013308.188 INFO             PET0       driver: IInitRealize extro {ES}:State object is invalid! Not created or deleted!
20260908 013308.188 INFO             PET0       driver: IInitRealize extro {ES}:--- StateLog() end -------------------
20260908 013308.188 INFO             PET0     driver: IInitRealize extro.
20260908 013308.189 INFO             PET0     MODEL: InitializeIPDvXp07 intro.
20260908 013308.189 INFO             PET0       MODEL: InitializeIPDvXp07 intro {IS}:--- StateLog() start -----------------
20260908 013308.189 INFO             PET0       MODEL: InitializeIPDvXp07 intro {IS}:<name: MODEL-ImportState> <intent: ESMF_STATEINTENT_IMPORT> <itemCount:    0>
20260908 013308.189 INFO             PET0       MODEL: InitializeIPDvXp07 intro {IS}:--- StateLog() end -------------------
20260908 013308.189 INFO             PET0       MODEL: InitializeIPDvXp07 intro {ES}:--- StateLog() start -----------------
20260908 013308.189 INFO             PET0       MODEL: InitializeIPDvXp07 intro {ES}:<name: MODEL-ExportState> <intent: ESMF_STATEINTENT_EXPORT> <itemCount:    2>
20260908 013308.189 INFO             PET0       MODEL: InitializeIPDvXp07 intro {ES}:+-<item: 0001> <itemType: Field> <itemName: pmsl>
20260908 013308.189 INFO             PET0       MODEL: InitializeIPDvXp07 intro {ES}:!--- FieldLog() start -----------------
20260908 013308.189 INFO             PET0       MODEL: InitializeIPDvXp07 intro {ES}:! <name: pmsl> <fieldStatus: ESMF_FIELDSTATUS_COMPLETE>
20260908 013308.189 INFO             PET0       MODEL: InitializeIPDvXp07 intro {ES}:! 0x7fff8aec3350 => 0xcbaf80 => 0xcbb1b0
20260908 013308.189 INFO             PET0       MODEL: InitializeIPDvXp07 intro {ES}:! <typekind: Real*8> <rank:    2> <dimCount:    2>
20260908 013308.189 INFO             PET0       MODEL: InitializeIPDvXp07 intro {ES}:! ! --- Array::log() start -----------------------------------
20260908 013308.189 INFO             PET0       MODEL: InitializeIPDvXp07 intro {ES}:! ! 0xcbc110
20260908 013308.189 INFO             PET0       MODEL: InitializeIPDvXp07 intro {ES}:! ! <name: pmsl>
20260908 013308.189 INFO             PET0       MODEL: InitializeIPDvXp07 intro {ES}:! ! ! --- DistGrid::log() start --------------------------------
20260908 013308.189 INFO             PET0       MODEL: InitializeIPDvXp07 intro {ES}:! ! ! 0xcb7320
20260908 013308.189 INFO             PET0       MODEL: InitializeIPDvXp07 intro {ES}:! ! ! DistGrid object is valid!<name: DG-Grid004-sloc:0>
20260908 013308.189 INFO             PET0       MODEL: InitializeIPDvXp07 intro {ES}:! ! ! --- DistGrid::log() end ----------------------------------
20260908 013308.189 INFO             PET0       MODEL: InitializeIPDvXp07 intro {ES}:! ! --- Array::log() end -------------------------------------
20260908 013308.189 INFO             PET0       MODEL: InitializeIPDvXp07 intro {ES}:!--- FieldLog() end -------------------
20260908 013308.189 INFO             PET0       MODEL: InitializeIPDvXp07 intro {ES}:+-<item: 0002> <itemType: Field> <itemName: rsns>
20260908 013308.189 INFO             PET0       MODEL: InitializeIPDvXp07 intro {ES}:!--- FieldLog() start -----------------
20260908 013308.189 INFO             PET0       MODEL: InitializeIPDvXp07 intro {ES}:! <name: rsns> <fieldStatus: ESMF_FIELDSTATUS_COMPLETE>
20260908 013308.189 INFO             PET0       MODEL: InitializeIPDvXp07 intro {ES}:! 0x7fff8aec3350 => 0xcbdc40 => 0xcbde70
20260908 013308.189 INFO             PET0       MODEL: InitializeIPDvXp07 intro {ES}:! <typekind: Real*8> <rank:    2> <dimCount:    2>
20260908 013308.189 INFO             PET0       MODEL: InitializeIPDvXp07 intro {ES}:! ! --- Array::log() start -----------------------------------
20260908 013308.189 INFO             PET0       MODEL: InitializeIPDvXp07 intro {ES}:! ! 0xcbf020
20260908 013308.189 INFO             PET0       MODEL: InitializeIPDvXp07 intro {ES}:! ! <name: rsns>
20260908 013308.189 INFO             PET0       MODEL: InitializeIPDvXp07 intro {ES}:! ! ! --- DistGrid::log() start --------------------------------
20260908 013308.189 INFO             PET0       MODEL: InitializeIPDvXp07 intro {ES}:! ! ! 0xcb7320
20260908 013308.190 INFO             PET0       MODEL: InitializeIPDvXp07 intro {ES}:! ! ! DistGrid object is valid!<name: DG-Grid004-sloc:0>
20260908 013308.190 INFO             PET0       MODEL: InitializeIPDvXp07 intro {ES}:! ! ! --- DistGrid::log() end ----------------------------------
20260908 013308.190 INFO             PET0       MODEL: InitializeIPDvXp07 intro {ES}:! ! --- Array::log() end -------------------------------------
20260908 013308.190 INFO             PET0       MODEL: InitializeIPDvXp07 intro {ES}:!--- FieldLog() end -------------------
20260908 013308.190 INFO             PET0       MODEL: InitializeIPDvXp07 intro {ES}:--- StateLog() end -------------------
20260908 013308.190 INFO             PET0       >>>MODEL: entered Initialize (phase=IPDvXp07) without valid internal Clock.
20260908 013308.190 INFO             PET0       <<<MODEL: leaving Initialize (phase=IPDvXp07) with current time:    0  1  1  0  0  0   0
20260908 013308.190 INFO             PET0       MODEL: InitializeIPDvXp07 extro {IS}:--- StateLog() start -----------------
20260908 013308.190 INFO             PET0       MODEL: InitializeIPDvXp07 extro {IS}:<name: MODEL-ImportState> <intent: ESMF_STATEINTENT_IMPORT> <itemCount:    0>
20260908 013308.190 INFO             PET0       MODEL: InitializeIPDvXp07 extro {IS}:--- StateLog() end -------------------
20260908 013308.190 INFO             PET0       MODEL: InitializeIPDvXp07 extro {ES}:--- StateLog() start -----------------
20260908 013308.190 INFO             PET0       MODEL: InitializeIPDvXp07 extro {ES}:<name: MODEL-ExportState> <intent: ESMF_STATEINTENT_EXPORT> <itemCount:    2>
20260908 013308.190 INFO             PET0       MODEL: InitializeIPDvXp07 extro {ES}:+-<item: 0001> <itemType: Field> <itemName: pmsl>
20260908 013308.190 INFO             PET0       MODEL: InitializeIPDvXp07 extro {ES}:!--- FieldLog() start -----------------
20260908 013308.190 INFO             PET0       MODEL: InitializeIPDvXp07 extro {ES}:! <name: pmsl> <fieldStatus: ESMF_FIELDSTATUS_COMPLETE>
20260908 013308.190 INFO             PET0       MODEL: InitializeIPDvXp07 extro {ES}:! 0x7fff8aec3480 => 0xcbaf80 => 0xcbb1b0
20260908 013308.190 INFO             PET0       MODEL: InitializeIPDvXp07 extro {ES}:! <typekind: Real*8> <rank:    2> <dimCount:    2>
20260908 013308.190 INFO             PET0       MODEL: InitializeIPDvXp07 extro {ES}:! ! --- Array::log() start -----------------------------------
20260908 013308.190 INFO             PET0       MODEL: InitializeIPDvXp07 extro {ES}:! ! 0xcbc110
20260908 013308.190 INFO             PET0       MODEL: InitializeIPDvXp07 extro {ES}:! ! <name: pmsl>
20260908 013308.190 INFO             PET0       MODEL: InitializeIPDvXp07 extro {ES}:! ! ! --- DistGrid::log() start --------------------------------
20260908 013308.190 INFO             PET0       MODEL: InitializeIPDvXp07 extro {ES}:! ! ! 0xcb7320
20260908 013308.190 INFO             PET0       MODEL: InitializeIPDvXp07 extro {ES}:! ! ! DistGrid object is valid!<name: DG-Grid004-sloc:0>
20260908 013308.190 INFO             PET0       MODEL: InitializeIPDvXp07 extro {ES}:! ! ! --- DistGrid::log() end ----------------------------------
20260908 013308.190 INFO             PET0       MODEL: InitializeIPDvXp07 extro {ES}:! ! --- Array::log() end -------------------------------------
20260908 013308.190 INFO             PET0       MODEL: InitializeIPDvXp07 extro {ES}:!--- FieldLog() end -------------------
20260908 013308.190 INFO             PET0       MODEL: InitializeIPDvXp07 extro {ES}:+-<item: 0002> <itemType: Field> <itemName: rsns>
20260908 013308.190 INFO             PET0       MODEL: InitializeIPDvXp07 extro {ES}:!--- FieldLog() start -----------------
20260908 013308.190 INFO             PET0       MODEL: InitializeIPDvXp07 extro {ES}:! <name: rsns> <fieldStatus: ESMF_FIELDSTATUS_COMPLETE>
20260908 013308.190 INFO             PET0       MODEL: InitializeIPDvXp07 extro {ES}:! 0x7fff8aec3480 => 0xcbdc40 => 0xcbde70
20260908 013308.190 INFO             PET0       MODEL: InitializeIPDvXp07 extro {ES}:! <typekind: Real*8> <rank:    2> <dimCount:    2>
20260908 013308.191 INFO             PET0       MODEL: InitializeIPDvXp07 extro {ES}:! ! --- Array::log() start -----------------------------------
20260908 013308.191 INFO             PET0       MODEL: InitializeIPDvXp07 extro {ES}:! ! 0xcbf020
20260908 013308.191 INFO             PET0       MODEL: InitializeIPDvXp07 extro {ES}:! ! <name: rsns>
20260908 013308.191 INFO             PET0       MODEL: InitializeIPDvXp07 extro {ES}:! ! ! --- DistGrid::log() start --------------------------------
20260908 013308.191 INFO             PET0       MODEL: InitializeIPDvXp07 extro {ES}:! ! ! 0xcb7320
20260908 013308.191 INFO             PET0       MODEL: InitializeIPDvXp07 extro {ES}:! ! ! DistGrid object is valid!<name: DG-Grid004-sloc:0>
20260908 013308.191 INFO             PET0       MODEL: InitializeIPDvXp07 extro {ES}:! ! ! --- DistGrid::log() end ----------------------------------
20260908 013308.191 INFO             PET0       MODEL: InitializeIPDvXp07 extro {ES}:! ! --- Array::log() end -------------------------------------
20260908 013308.191 INFO             PET0       MODEL: InitializeIPDvXp07 extro {ES}:!--- FieldLog() end -------------------
20260908 013308.191 INFO             PET0       MODEL: InitializeIPDvXp07 extro {ES}:--- StateLog() end -------------------
20260908 013308.191 INFO             PET0     MODEL: InitializeIPDvXp07 extro.
20260908 013308.191 INFO             PET0     <<<driver: leaving Initialize (phase=<none>) with current time:    0  1  1  0  0  0   0
20260908 013308.191 INFO             PET0     driver: InitializeIPDv02p3 extro {IS}:--- StateLog() start -----------------
20260908 013308.191 INFO             PET0     driver: InitializeIPDv02p3 extro {IS}:State object is invalid! Not created or deleted!
20260908 013308.191 INFO             PET0     driver: InitializeIPDv02p3 extro {IS}:--- StateLog() end -------------------
20260908 013308.191 INFO             PET0     driver: InitializeIPDv02p3 extro {ES}:--- StateLog() start -----------------
20260908 013308.191 INFO             PET0     driver: InitializeIPDv02p3 extro {ES}:State object is invalid! Not created or deleted!
20260908 013308.191 INFO             PET0     driver: InitializeIPDv02p3 extro {ES}:--- StateLog() end -------------------
20260908 013308.191 INFO             PET0   driver: InitializeIPDv02p3 extro.
20260908 013308.191 INFO             PET0   driver: InitializeIPDv02p5 intro.
20260908 013308.191 INFO             PET0     driver: InitializeIPDv02p5 intro {IS}:--- StateLog() start -----------------
20260908 013308.191 INFO             PET0     driver: InitializeIPDv02p5 intro {IS}:State object is invalid! Not created or deleted!
20260908 013308.191 INFO             PET0     driver: InitializeIPDv02p5 intro {IS}:--- StateLog() end -------------------
20260908 013308.191 INFO             PET0     driver: InitializeIPDv02p5 intro {ES}:--- StateLog() start -----------------
20260908 013308.191 INFO             PET0     driver: InitializeIPDv02p5 intro {ES}:State object is invalid! Not created or deleted!
20260908 013308.191 INFO             PET0     driver: InitializeIPDv02p5 intro {ES}:--- StateLog() end -------------------
20260908 013308.191 INFO             PET0     >>>driver: entered Initialize (phase=<none>) with current time:    0  1  1  0  0  0   0
20260908 013308.191 INFO             PET0     driver: this is a top level driver, no 'Updated' and 'InitializeDataComplete' info on this level.
20260908 013308.191 INFO             PET0     driver: InitializeIPDv02p5Data intro.
20260908 013308.191 INFO             PET0       driver: InitializeIPDv02p5Data intro {IS}:--- StateLog() start -----------------
20260908 013308.191 INFO             PET0       driver: InitializeIPDv02p5Data intro {IS}:State object is invalid! Not created or deleted!
20260908 013308.191 INFO             PET0       driver: InitializeIPDv02p5Data intro {IS}:--- StateLog() end -------------------
20260908 013308.191 INFO             PET0       driver: InitializeIPDv02p5Data intro {ES}:--- StateLog() start -----------------
20260908 013308.191 INFO             PET0       driver: InitializeIPDv02p5Data intro {ES}:State object is invalid! Not created or deleted!
20260908 013308.191 INFO             PET0       driver: InitializeIPDv02p5Data intro {ES}:--- StateLog() end -------------------
20260908 013308.192 INFO             PET0       >>>driver: entered Initialize (phase=<none>) with current time:    0  1  1  0  0  0   0
20260908 013308.192 INFO             PET0       driver: InternalInitializeComplete intro.
20260908 013308.192 INFO             PET0         driver: InternalInitializeComplete intro {IS}:--- StateLog() start -----------------
20260908 013308.192 INFO             PET0         driver: InternalInitializeComplete intro {IS}:State object is invalid! Not created or deleted!
20260908 013308.192 INFO             PET0         driver: InternalInitializeComplete intro {IS}:--- StateLog() end -------------------
20260908 013308.192 INFO             PET0         driver: InternalInitializeComplete intro {ES}:--- StateLog() start -----------------
20260908 013308.192 INFO             PET0         driver: InternalInitializeComplete intro {ES}:State object is invalid! Not created or deleted!
20260908 013308.192 INFO             PET0         driver: InternalInitializeComplete intro {ES}:--- StateLog() end -------------------
20260908 013308.192 INFO             PET0         >>>driver: entered Initialize (phase=<none>) with current time:    0  1  1  0  0  0   0
20260908 013308.192 INFO             PET0         driver: InitializeDataComplete='true'
20260908 013308.192 INFO             PET0         <<<driver: leaving Initialize (phase=<none>) with current time:    0  1  1  0  0  0   0
20260908 013308.192 INFO             PET0         driver: InternalInitializeComplete extro {IS}:--- StateLog() start -----------------
20260908 013308.192 INFO             PET0         driver: InternalInitializeComplete extro {IS}:State object is invalid! Not created or deleted!
20260908 013308.192 INFO             PET0         driver: InternalInitializeComplete extro {IS}:--- StateLog() end -------------------
20260908 013308.192 INFO             PET0         driver: InternalInitializeComplete extro {ES}:--- StateLog() start -----------------
20260908 013308.192 INFO             PET0         driver: InternalInitializeComplete extro {ES}:State object is invalid! Not created or deleted!
20260908 013308.192 INFO             PET0         driver: InternalInitializeComplete extro {ES}:--- StateLog() end -------------------
20260908 013308.192 INFO             PET0       driver: InternalInitializeComplete extro.
20260908 013308.192 INFO             PET0       MODEL: InitializeIPDvXp08 intro.
20260908 013308.192 INFO             PET0         MODEL: InitializeIPDvXp08 intro {IS}:--- StateLog() start -----------------
20260908 013308.192 INFO             PET0         MODEL: InitializeIPDvXp08 intro {IS}:<name: MODEL-ImportState> <intent: ESMF_STATEINTENT_IMPORT> <itemCount:    0>
20260908 013308.192 INFO             PET0         MODEL: InitializeIPDvXp08 intro {IS}:--- StateLog() end -------------------
20260908 013308.192 INFO             PET0         MODEL: InitializeIPDvXp08 intro {ES}:--- StateLog() start -----------------
20260908 013308.192 INFO             PET0         MODEL: InitializeIPDvXp08 intro {ES}:<name: MODEL-ExportState> <intent: ESMF_STATEINTENT_EXPORT> <itemCount:    2>
20260908 013308.193 INFO             PET0         MODEL: InitializeIPDvXp08 intro {ES}:+-<item: 0001> <itemType: Field> <itemName: pmsl>
20260908 013308.193 INFO             PET0         MODEL: InitializeIPDvXp08 intro {ES}:!--- FieldLog() start -----------------
20260908 013308.193 INFO             PET0         MODEL: InitializeIPDvXp08 intro {ES}:! <name: pmsl> <fieldStatus: ESMF_FIELDSTATUS_COMPLETE>
20260908 013308.193 INFO             PET0         MODEL: InitializeIPDvXp08 intro {ES}:! 0x7fff8aec0fa0 => 0xcbaf80 => 0xcbb1b0
20260908 013308.193 INFO             PET0         MODEL: InitializeIPDvXp08 intro {ES}:! <typekind: Real*8> <rank:    2> <dimCount:    2>
20260908 013308.193 INFO             PET0         MODEL: InitializeIPDvXp08 intro {ES}:! ! --- Array::log() start -----------------------------------
20260908 013308.193 INFO             PET0         MODEL: InitializeIPDvXp08 intro {ES}:! ! 0xcbc110
20260908 013308.193 INFO             PET0         MODEL: InitializeIPDvXp08 intro {ES}:! ! <name: pmsl>
20260908 013308.193 INFO             PET0         MODEL: InitializeIPDvXp08 intro {ES}:! ! ! --- DistGrid::log() start --------------------------------
20260908 013308.193 INFO             PET0         MODEL: InitializeIPDvXp08 intro {ES}:! ! ! 0xcb7320
20260908 013308.193 INFO             PET0         MODEL: InitializeIPDvXp08 intro {ES}:! ! ! DistGrid object is valid!<name: DG-Grid004-sloc:0>
20260908 013308.193 INFO             PET0         MODEL: InitializeIPDvXp08 intro {ES}:! ! ! --- DistGrid::log() end ----------------------------------
20260908 013308.193 INFO             PET0         MODEL: InitializeIPDvXp08 intro {ES}:! ! --- Array::log() end -------------------------------------
20260908 013308.193 INFO             PET0         MODEL: InitializeIPDvXp08 intro {ES}:!--- FieldLog() end -------------------
20260908 013308.193 INFO             PET0         MODEL: InitializeIPDvXp08 intro {ES}:+-<item: 0002> <itemType: Field> <itemName: rsns>
20260908 013308.193 INFO             PET0         MODEL: InitializeIPDvXp08 intro {ES}:!--- FieldLog() start -----------------
20260908 013308.193 INFO             PET0         MODEL: InitializeIPDvXp08 intro {ES}:! <name: rsns> <fieldStatus: ESMF_FIELDSTATUS_COMPLETE>
20260908 013308.193 INFO             PET0         MODEL: InitializeIPDvXp08 intro {ES}:! 0x7fff8aec0fa0 => 0xcbdc40 => 0xcbde70
20260908 013308.193 INFO             PET0         MODEL: InitializeIPDvXp08 intro {ES}:! <typekind: Real*8> <rank:    2> <dimCount:    2>
20260908 013308.193 INFO             PET0         MODEL: InitializeIPDvXp08 intro {ES}:! ! --- Array::log() start -----------------------------------
20260908 013308.193 INFO             PET0         MODEL: InitializeIPDvXp08 intro {ES}:! ! 0xcbf020
20260908 013308.193 INFO             PET0         MODEL: InitializeIPDvXp08 intro {ES}:! ! <name: rsns>
20260908 013308.193 INFO             PET0         MODEL: InitializeIPDvXp08 intro {ES}:! ! ! --- DistGrid::log() start --------------------------------
20260908 013308.193 INFO             PET0         MODEL: InitializeIPDvXp08 intro {ES}:! ! ! 0xcb7320
20260908 013308.193 INFO             PET0         MODEL: InitializeIPDvXp08 intro {ES}:! ! ! DistGrid object is valid!<name: DG-Grid004-sloc:0>
20260908 013308.193 INFO             PET0         MODEL: InitializeIPDvXp08 intro {ES}:! ! ! --- DistGrid::log() end ----------------------------------
20260908 013308.193 INFO             PET0         MODEL: InitializeIPDvXp08 intro {ES}:! ! --- Array::log() end -------------------------------------
20260908 013308.193 INFO             PET0         MODEL: InitializeIPDvXp08 intro {ES}:!--- FieldLog() end -------------------
20260908 013308.193 INFO             PET0         MODEL: InitializeIPDvXp08 intro {ES}:--- StateLog() end -------------------
20260908 013308.193 INFO             PET0         >>>MODEL: entered Initialize (phase=IPDv05p8) with current time:    0  1  1  0  0  0   0
20260908 013308.194 INFO             PET0         MODEL: InitializeDataProgress='false', InitializeDataComplete='false'
20260908 013308.194 INFO             PET0         <<<MODEL: leaving Initialize (phase=IPDv05p8) with current time:    0  1  1  0  0  0   0
20260908 013308.194 INFO             PET0         MODEL: InitializeIPDvXp08 extro {IS}:--- StateLog() start -----------------
20260908 013308.194 INFO             PET0         MODEL: InitializeIPDvXp08 extro {IS}:<name: MODEL-ImportState> <intent: ESMF_STATEINTENT_IMPORT> <itemCount:    0>
20260908 013308.194 INFO             PET0         MODEL: InitializeIPDvXp08 extro {IS}:--- StateLog() end -------------------
20260908 013308.194 INFO             PET0         MODEL: InitializeIPDvXp08 extro {ES}:--- StateLog() start -----------------
20260908 013308.194 INFO             PET0         MODEL: InitializeIPDvXp08 extro {ES}:<name: MODEL-ExportState> <intent: ESMF_STATEINTENT_EXPORT> <itemCount:    2>
20260908 013308.194 INFO             PET0         MODEL: InitializeIPDvXp08 extro {ES}:+-<item: 0001> <itemType: Field> <itemName: pmsl>
20260908 013308.194 INFO             PET0         MODEL: InitializeIPDvXp08 extro {ES}:!--- FieldLog() start -----------------
20260908 013308.194 INFO             PET0         MODEL: InitializeIPDvXp08 extro {ES}:! <name: pmsl> <fieldStatus: ESMF_FIELDSTATUS_COMPLETE>
20260908 013308.194 INFO             PET0         MODEL: InitializeIPDvXp08 extro {ES}:! 0x7fff8aec10d0 => 0xcbaf80 => 0xcbb1b0
20260908 013308.194 INFO             PET0         MODEL: InitializeIPDvXp08 extro {ES}:! <typekind: Real*8> <rank:    2> <dimCount:    2>
20260908 013308.194 INFO             PET0         MODEL: InitializeIPDvXp08 extro {ES}:! ! --- Array::log() start -----------------------------------
20260908 013308.194 INFO             PET0         MODEL: InitializeIPDvXp08 extro {ES}:! ! 0xcbc110
20260908 013308.194 INFO             PET0         MODEL: InitializeIPDvXp08 extro {ES}:! ! <name: pmsl>
20260908 013308.194 INFO             PET0         MODEL: InitializeIPDvXp08 extro {ES}:! ! ! --- DistGrid::log() start --------------------------------
20260908 013308.194 INFO             PET0         MODEL: InitializeIPDvXp08 extro {ES}:! ! ! 0xcb7320
20260908 013308.194 INFO             PET0         MODEL: InitializeIPDvXp08 extro {ES}:! ! ! DistGrid object is valid!<name: DG-Grid004-sloc:0>
20260908 013308.194 INFO             PET0         MODEL: InitializeIPDvXp08 extro {ES}:! ! ! --- DistGrid::log() end ----------------------------------
20260908 013308.194 INFO             PET0         MODEL: InitializeIPDvXp08 extro {ES}:! ! --- Array::log() end -------------------------------------
20260908 013308.194 INFO             PET0         MODEL: InitializeIPDvXp08 extro {ES}:!--- FieldLog() end -------------------
20260908 013308.194 INFO             PET0         MODEL: InitializeIPDvXp08 extro {ES}:+-<item: 0002> <itemType: Field> <itemName: rsns>
20260908 013308.194 INFO             PET0         MODEL: InitializeIPDvXp08 extro {ES}:!--- FieldLog() start -----------------
20260908 013308.194 INFO             PET0         MODEL: InitializeIPDvXp08 extro {ES}:! <name: rsns> <fieldStatus: ESMF_FIELDSTATUS_COMPLETE>
20260908 013308.194 INFO             PET0         MODEL: InitializeIPDvXp08 extro {ES}:! 0x7fff8aec10d0 => 0xcbdc40 => 0xcbde70
20260908 013308.194 INFO             PET0         MODEL: InitializeIPDvXp08 extro {ES}:! <typekind: Real*8> <rank:    2> <dimCount:    2>
20260908 013308.194 INFO             PET0         MODEL: InitializeIPDvXp08 extro {ES}:! ! --- Array::log() start -----------------------------------
20260908 013308.194 INFO             PET0         MODEL: InitializeIPDvXp08 extro {ES}:! ! 0xcbf020
20260908 013308.194 INFO             PET0         MODEL: InitializeIPDvXp08 extro {ES}:! ! <name: rsns>
20260908 013308.194 INFO             PET0         MODEL: InitializeIPDvXp08 extro {ES}:! ! ! --- DistGrid::log() start --------------------------------
20260908 013308.195 INFO             PET0         MODEL: InitializeIPDvXp08 extro {ES}:! ! ! 0xcb7320
20260908 013308.195 INFO             PET0         MODEL: InitializeIPDvXp08 extro {ES}:! ! ! DistGrid object is valid!<name: DG-Grid004-sloc:0>
20260908 013308.195 INFO             PET0         MODEL: InitializeIPDvXp08 extro {ES}:! ! ! --- DistGrid::log() end ----------------------------------
20260908 013308.195 INFO             PET0         MODEL: InitializeIPDvXp08 extro {ES}:! ! --- Array::log() end -------------------------------------
20260908 013308.195 INFO             PET0         MODEL: InitializeIPDvXp08 extro {ES}:!--- FieldLog() end -------------------
20260908 013308.195 INFO             PET0         MODEL: InitializeIPDvXp08 extro {ES}:--- StateLog() end -------------------
20260908 013308.195 INFO             PET0       MODEL: InitializeIPDvXp08 extro.
20260908 013308.195 INFO             PET0       driver: components present that trigger loopDataDependentInitialize().
20260908 013308.195 INFO             PET0       driver: loopDataDependentInitialize intro.
20260908 013308.195 INFO             PET0         driver: loopDataDependentInitialize intro {IS}:--- StateLog() start -----------------
20260908 013308.196 INFO             PET0         driver: loopDataDependentInitialize intro {IS}:State object is invalid! Not created or deleted!
20260908 013308.196 INFO             PET0         driver: loopDataDependentInitialize intro {IS}:--- StateLog() end -------------------
20260908 013308.196 INFO             PET0         driver: loopDataDependentInitialize intro {ES}:--- StateLog() start -----------------
20260908 013308.196 INFO             PET0         driver: loopDataDependentInitialize intro {ES}:State object is invalid! Not created or deleted!
20260908 013308.196 INFO             PET0         driver: loopDataDependentInitialize intro {ES}:--- StateLog() end -------------------
20260908 013308.196 INFO             PET0         >>>driver: entered Initialize (phase=<none>) with current time:    0  1  1  0  0  0   0
20260908 013308.196 INFO             PET0         driver: component    0=driver, dataComplete (local): true
20260908 013308.196 INFO             PET0         driver: component    0=driver, dataComplete (global):  T
20260908 013308.196 INFO             PET0         driver: component    1=MODEL, dataComplete (local): false
20260908 013308.196 INFO             PET0         driver: component    1=MODEL, dataComplete (global):  F
20260908 013308.196 INFO             PET0         MODEL: InitializeIPDvXp08 intro.
20260908 013308.196 INFO             PET0           MODEL: InitializeIPDvXp08 intro {IS}:--- StateLog() start -----------------
20260908 013308.196 INFO             PET0           MODEL: InitializeIPDvXp08 intro {IS}:<name: MODEL-ImportState> <intent: ESMF_STATEINTENT_IMPORT> <itemCount:    0>
20260908 013308.196 INFO             PET0           MODEL: InitializeIPDvXp08 intro {IS}:--- StateLog() end -------------------
20260908 013308.196 INFO             PET0           MODEL: InitializeIPDvXp08 intro {ES}:--- StateLog() start -----------------
20260908 013308.196 INFO             PET0           MODEL: InitializeIPDvXp08 intro {ES}:<name: MODEL-ExportState> <intent: ESMF_STATEINTENT_EXPORT> <itemCount:    2>
20260908 013308.196 INFO             PET0           MODEL: InitializeIPDvXp08 intro {ES}:+-<item: 0001> <itemType: Field> <itemName: pmsl>
20260908 013308.196 INFO             PET0           MODEL: InitializeIPDvXp08 intro {ES}:!--- FieldLog() start -----------------
20260908 013308.196 INFO             PET0           MODEL: InitializeIPDvXp08 intro {ES}:! <name: pmsl> <fieldStatus: ESMF_FIELDSTATUS_COMPLETE>
20260908 013308.196 INFO             PET0           MODEL: InitializeIPDvXp08 intro {ES}:! 0x7fff8aeb9590 => 0xcbaf80 => 0xcbb1b0
20260908 013308.196 INFO             PET0           MODEL: InitializeIPDvXp08 intro {ES}:! <typekind: Real*8> <rank:    2> <dimCount:    2>
20260908 013308.196 INFO             PET0           MODEL: InitializeIPDvXp08 intro {ES}:! ! --- Array::log() start -----------------------------------
20260908 013308.196 INFO             PET0           MODEL: InitializeIPDvXp08 intro {ES}:! ! 0xcbc110
20260908 013308.196 INFO             PET0           MODEL: InitializeIPDvXp08 intro {ES}:! ! <name: pmsl>
20260908 013308.196 INFO             PET0           MODEL: InitializeIPDvXp08 intro {ES}:! ! ! --- DistGrid::log() start --------------------------------
20260908 013308.196 INFO             PET0           MODEL: InitializeIPDvXp08 intro {ES}:! ! ! 0xcb7320
20260908 013308.196 INFO             PET0           MODEL: InitializeIPDvXp08 intro {ES}:! ! ! DistGrid object is valid!<name: DG-Grid004-sloc:0>
20260908 013308.196 INFO             PET0           MODEL: InitializeIPDvXp08 intro {ES}:! ! ! --- DistGrid::log() end ----------------------------------
20260908 013308.196 INFO             PET0           MODEL: InitializeIPDvXp08 intro {ES}:! ! --- Array::log() end -------------------------------------
20260908 013308.196 INFO             PET0           MODEL: InitializeIPDvXp08 intro {ES}:!--- FieldLog() end -------------------
20260908 013308.197 INFO             PET0           MODEL: InitializeIPDvXp08 intro {ES}:+-<item: 0002> <itemType: Field> <itemName: rsns>
20260908 013308.197 INFO             PET0           MODEL: InitializeIPDvXp08 intro {ES}:!--- FieldLog() start -----------------
20260908 013308.197 INFO             PET0           MODEL: InitializeIPDvXp08 intro {ES}:! <name: rsns> <fieldStatus: ESMF_FIELDSTATUS_COMPLETE>
20260908 013308.197 INFO             PET0           MODEL: InitializeIPDvXp08 intro {ES}:! 0x7fff8aeb9590 => 0xcbdc40 => 0xcbde70
20260908 013308.197 INFO             PET0           MODEL: InitializeIPDvXp08 intro {ES}:! <typekind: Real*8> <rank:    2> <dimCount:    2>
20260908 013308.197 INFO             PET0           MODEL: InitializeIPDvXp08 intro {ES}:! ! --- Array::log() start -----------------------------------
20260908 013308.197 INFO             PET0           MODEL: InitializeIPDvXp08 intro {ES}:! ! 0xcbf020
20260908 013308.197 INFO             PET0           MODEL: InitializeIPDvXp08 intro {ES}:! ! <name: rsns>
20260908 013308.197 INFO             PET0           MODEL: InitializeIPDvXp08 intro {ES}:! ! ! --- DistGrid::log() start --------------------------------
20260908 013308.197 INFO             PET0           MODEL: InitializeIPDvXp08 intro {ES}:! ! ! 0xcb7320
20260908 013308.197 INFO             PET0           MODEL: InitializeIPDvXp08 intro {ES}:! ! ! DistGrid object is valid!<name: DG-Grid004-sloc:0>
20260908 013308.197 INFO             PET0           MODEL: InitializeIPDvXp08 intro {ES}:! ! ! --- DistGrid::log() end ----------------------------------
20260908 013308.197 INFO             PET0           MODEL: InitializeIPDvXp08 intro {ES}:! ! --- Array::log() end -------------------------------------
20260908 013308.197 INFO             PET0           MODEL: InitializeIPDvXp08 intro {ES}:!--- FieldLog() end -------------------
20260908 013308.197 INFO             PET0           MODEL: InitializeIPDvXp08 intro {ES}:--- StateLog() end -------------------
20260908 013308.197 INFO             PET0           >>>MODEL: entered Initialize (phase=IPDv05p8) with current time:    0  1  1  0  0  0   0
20260908 013308.197 INFO             PET0           MODEL: InitializeDataProgress='true', InitializeDataComplete='true'
20260908 013308.197 INFO             PET0           <<<MODEL: leaving Initialize (phase=IPDv05p8) with current time:    0  1  1  0  0  0   0
20260908 013308.197 INFO             PET0           MODEL: InitializeIPDvXp08 extro {IS}:--- StateLog() start -----------------
20260908 013308.197 INFO             PET0           MODEL: InitializeIPDvXp08 extro {IS}:<name: MODEL-ImportState> <intent: ESMF_STATEINTENT_IMPORT> <itemCount:    0>
20260908 013308.197 INFO             PET0           MODEL: InitializeIPDvXp08 extro {IS}:--- StateLog() end -------------------
20260908 013308.197 INFO             PET0           MODEL: InitializeIPDvXp08 extro {ES}:--- StateLog() start -----------------
20260908 013308.198 INFO             PET0           MODEL: InitializeIPDvXp08 extro {ES}:<name: MODEL-ExportState> <intent: ESMF_STATEINTENT_EXPORT> <itemCount:    2>
20260908 013308.198 INFO             PET0           MODEL: InitializeIPDvXp08 extro {ES}:+-<item: 0001> <itemType: Field> <itemName: pmsl>
20260908 013308.198 INFO             PET0           MODEL: InitializeIPDvXp08 extro {ES}:!--- FieldLog() start -----------------
20260908 013308.198 INFO             PET0           MODEL: InitializeIPDvXp08 extro {ES}:! <name: pmsl> <fieldStatus: ESMF_FIELDSTATUS_COMPLETE>
20260908 013308.198 INFO             PET0           MODEL: InitializeIPDvXp08 extro {ES}:! 0x7fff8aeb96c0 => 0xcbaf80 => 0xcbb1b0
20260908 013308.198 INFO             PET0           MODEL: InitializeIPDvXp08 extro {ES}:! <typekind: Real*8> <rank:    2> <dimCount:    2>
20260908 013308.198 INFO             PET0           MODEL: InitializeIPDvXp08 extro {ES}:! ! --- Array::log() start -----------------------------------
20260908 013308.198 INFO             PET0           MODEL: InitializeIPDvXp08 extro {ES}:! ! 0xcbc110
20260908 013308.198 INFO             PET0           MODEL: InitializeIPDvXp08 extro {ES}:! ! <name: pmsl>
20260908 013308.198 INFO             PET0           MODEL: InitializeIPDvXp08 extro {ES}:! ! ! --- DistGrid::log() start --------------------------------
20260908 013308.198 INFO             PET0           MODEL: InitializeIPDvXp08 extro {ES}:! ! ! 0xcb7320
20260908 013308.198 INFO             PET0           MODEL: InitializeIPDvXp08 extro {ES}:! ! ! DistGrid object is valid!<name: DG-Grid004-sloc:0>
20260908 013308.198 INFO             PET0           MODEL: InitializeIPDvXp08 extro {ES}:! ! ! --- DistGrid::log() end ----------------------------------
20260908 013308.198 INFO             PET0           MODEL: InitializeIPDvXp08 extro {ES}:! ! --- Array::log() end -------------------------------------
20260908 013308.198 INFO             PET0           MODEL: InitializeIPDvXp08 extro {ES}:!--- FieldLog() end -------------------
20260908 013308.198 INFO             PET0           MODEL: InitializeIPDvXp08 extro {ES}:+-<item: 0002> <itemType: Field> <itemName: rsns>
20260908 013308.198 INFO             PET0           MODEL: InitializeIPDvXp08 extro {ES}:!--- FieldLog() start -----------------
20260908 013308.198 INFO             PET0           MODEL: InitializeIPDvXp08 extro {ES}:! <name: rsns> <fieldStatus: ESMF_FIELDSTATUS_COMPLETE>
20260908 013308.198 INFO             PET0           MODEL: InitializeIPDvXp08 extro {ES}:! 0x7fff8aeb96c0 => 0xcbdc40 => 0xcbde70
20260908 013308.198 INFO             PET0           MODEL: InitializeIPDvXp08 extro {ES}:! <typekind: Real*8> <rank:    2> <dimCount:    2>
20260908 013308.198 INFO             PET0           MODEL: InitializeIPDvXp08 extro {ES}:! ! --- Array::log() start -----------------------------------
20260908 013308.198 INFO             PET0           MODEL: InitializeIPDvXp08 extro {ES}:! ! 0xcbf020
20260908 013308.198 INFO             PET0           MODEL: InitializeIPDvXp08 extro {ES}:! ! <name: rsns>
20260908 013308.198 INFO             PET0           MODEL: InitializeIPDvXp08 extro {ES}:! ! ! --- DistGrid::log() start --------------------------------
20260908 013308.198 INFO             PET0           MODEL: InitializeIPDvXp08 extro {ES}:! ! ! 0xcb7320
20260908 013308.198 INFO             PET0           MODEL: InitializeIPDvXp08 extro {ES}:! ! ! DistGrid object is valid!<name: DG-Grid004-sloc:0>
20260908 013308.198 INFO             PET0           MODEL: InitializeIPDvXp08 extro {ES}:! ! ! --- DistGrid::log() end ----------------------------------
20260908 013308.198 INFO             PET0           MODEL: InitializeIPDvXp08 extro {ES}:! ! --- Array::log() end -------------------------------------
20260908 013308.198 INFO             PET0           MODEL: InitializeIPDvXp08 extro {ES}:!--- FieldLog() end -------------------
20260908 013308.198 INFO             PET0           MODEL: InitializeIPDvXp08 extro {ES}:--- StateLog() end -------------------
20260908 013308.198 INFO             PET0         MODEL: InitializeIPDvXp08 extro.
20260908 013308.199 INFO             PET0         driver: component    1=MODEL, someProgress (local): true
20260908 013308.199 INFO             PET0         driver: component    1=MODEL, someProgress (global):  T
20260908 013308.199 INFO             PET0         driver: someProgress= T, allComplete= F, present(dataDepAllComplete)= T
20260908 013308.199 INFO             PET0         driver: component    0=driver, dataComplete (local): true
20260908 013308.199 INFO             PET0         driver: component    0=driver, dataComplete (global):  T
20260908 013308.199 INFO             PET0         driver: component    1=MODEL, dataComplete (local): true
20260908 013308.199 INFO             PET0         driver: component    1=MODEL, dataComplete (global):  T
20260908 013308.199 INFO             PET0         driver: someProgress= F, allComplete= T, present(dataDepAllComplete)= T
20260908 013308.199 INFO             PET0         driver: finished resolving initialize data dependencies on this level.
20260908 013308.199 INFO             PET0         <<<driver: leaving Initialize (phase=<none>) with current time:    0  1  1  0  0  0   0
20260908 013308.199 INFO             PET0         driver: loopDataDependentInitialize extro {IS}:--- StateLog() start -----------------
20260908 013308.199 INFO             PET0         driver: loopDataDependentInitialize extro {IS}:State object is invalid! Not created or deleted!
20260908 013308.199 INFO             PET0         driver: loopDataDependentInitialize extro {IS}:--- StateLog() end -------------------
20260908 013308.199 INFO             PET0         driver: loopDataDependentInitialize extro {ES}:--- StateLog() start -----------------
20260908 013308.199 INFO             PET0         driver: loopDataDependentInitialize extro {ES}:State object is invalid! Not created or deleted!
20260908 013308.199 INFO             PET0         driver: loopDataDependentInitialize extro {ES}:--- StateLog() end -------------------
20260908 013308.199 INFO             PET0       driver: loopDataDependentInitialize extro.
20260908 013308.199 INFO             PET0       driver: loopDataDependentInitialize() returned with dataDepAllComplete:  T
20260908 013308.199 INFO             PET0       <<<driver: leaving Initialize (phase=<none>) with current time:    0  1  1  0  0  0   0
20260908 013308.199 INFO             PET0       driver: InitializeIPDv02p5Data extro {IS}:--- StateLog() start -----------------
20260908 013308.199 INFO             PET0       driver: InitializeIPDv02p5Data extro {IS}:State object is invalid! Not created or deleted!
20260908 013308.199 INFO             PET0       driver: InitializeIPDv02p5Data extro {IS}:--- StateLog() end -------------------
20260908 013308.199 INFO             PET0       driver: InitializeIPDv02p5Data extro {ES}:--- StateLog() start -----------------
20260908 013308.199 INFO             PET0       driver: InitializeIPDv02p5Data extro {ES}:State object is invalid! Not created or deleted!
20260908 013308.199 INFO             PET0       driver: InitializeIPDv02p5Data extro {ES}:--- StateLog() end -------------------
20260908 013308.199 INFO             PET0     driver: InitializeIPDv02p5Data extro.
20260908 013308.199 INFO             PET0     <<<driver: leaving Initialize (phase=<none>) with current time:    0  1  1  0  0  0   0
20260908 013308.199 INFO             PET0     driver: InitializeIPDv02p5 extro {IS}:--- StateLog() start -----------------
20260908 013308.199 INFO             PET0     driver: InitializeIPDv02p5 extro {IS}:State object is invalid! Not created or deleted!
20260908 013308.199 INFO             PET0     driver: InitializeIPDv02p5 extro {IS}:--- StateLog() end -------------------
20260908 013308.199 INFO             PET0     driver: InitializeIPDv02p5 extro {ES}:--- StateLog() start -----------------
20260908 013308.199 INFO             PET0     driver: InitializeIPDv02p5 extro {ES}:State object is invalid! Not created or deleted!
20260908 013308.199 INFO             PET0     driver: InitializeIPDv02p5 extro {ES}:--- StateLog() end -------------------
20260908 013308.199 INFO             PET0   driver: InitializeIPDv02p5 extro.
20260908 013308.199 INFO             PET0   <<<driver: leaving Initialize (phase=<none>) with current time:    0  1  1  0  0  0   0
20260908 013308.199 INFO             PET0   driver: InitializeGeneric extro {IS}:--- StateLog() start -----------------
20260908 013308.199 INFO             PET0   driver: InitializeGeneric extro {IS}:State object is invalid! Not created or deleted!
20260908 013308.199 INFO             PET0   driver: InitializeGeneric extro {IS}:--- StateLog() end -------------------
20260908 013308.199 INFO             PET0   driver: InitializeGeneric extro {ES}:--- StateLog() start -----------------
20260908 013308.199 INFO             PET0   driver: InitializeGeneric extro {ES}:State object is invalid! Not created or deleted!
20260908 013308.199 INFO             PET0   driver: InitializeGeneric extro {ES}:--- StateLog() end -------------------
20260908 013308.199 INFO             PET0 driver: InitializeGeneric extro.
20260908 013308.200 INFO             PET0 driver: Run intro.
20260908 013308.200 INFO             PET0   driver: Run intro {IS}:--- StateLog() start -----------------
20260908 013308.200 INFO             PET0   driver: Run intro {IS}:State object is invalid! Not created or deleted!
20260908 013308.200 INFO             PET0   driver: Run intro {IS}:--- StateLog() end -------------------
20260908 013308.200 INFO             PET0   driver: Run intro {ES}:--- StateLog() start -----------------
20260908 013308.200 INFO             PET0   driver: Run intro {ES}:State object is invalid! Not created or deleted!
20260908 013308.200 INFO             PET0   driver: Run intro {ES}:--- StateLog() end -------------------
20260908 013308.200 INFO             PET0   >>>driver: entered Run (phase=RunPhase1) with current time:    0  1  1  0  0  0   0
20260908 013308.200 INFO             PET0   driver: after lable_SetRunClock, current time:    0  1  1  0  0  0   0
20260908 013308.200 INFO             PET0   driver: begin -------> RunSequence.
20260908 013308.200 INFO             PET0     driver: RunSequence event loopLevel=   1  levelMember=   1  loopIteration=   1, current time:    0  1  1  0  0  0   0
20260908 013308.200 INFO             PET0     MODEL: Run intro.
20260908 013308.200 INFO             PET0       MODEL: Run intro {IS}:--- StateLog() start -----------------
20260908 013308.200 INFO             PET0       MODEL: Run intro {IS}:<name: MODEL-ImportState> <intent: ESMF_STATEINTENT_IMPORT> <itemCount:    0>
20260908 013308.200 INFO             PET0       MODEL: Run intro {IS}:--- StateLog() end -------------------
20260908 013308.200 INFO             PET0       MODEL: Run intro {ES}:--- StateLog() start -----------------
20260908 013308.200 INFO             PET0       MODEL: Run intro {ES}:<name: MODEL-ExportState> <intent: ESMF_STATEINTENT_EXPORT> <itemCount:    2>
20260908 013308.200 INFO             PET0       MODEL: Run intro {ES}:+-<item: 0001> <itemType: Field> <itemName: pmsl>
20260908 013308.200 INFO             PET0       MODEL: Run intro {ES}:!--- FieldLog() start -----------------
20260908 013308.200 INFO             PET0       MODEL: Run intro {ES}:! <name: pmsl> <fieldStatus: ESMF_FIELDSTATUS_COMPLETE>
20260908 013308.200 INFO             PET0       MODEL: Run intro {ES}:! 0x7fff8aec2900 => 0xcbaf80 => 0xcbb1b0
20260908 013308.200 INFO             PET0       MODEL: Run intro {ES}:! <typekind: Real*8> <rank:    2> <dimCount:    2>
20260908 013308.200 INFO             PET0       MODEL: Run intro {ES}:! ! --- Array::log() start -----------------------------------
20260908 013308.200 INFO             PET0       MODEL: Run intro {ES}:! ! 0xcbc110
20260908 013308.200 INFO             PET0       MODEL: Run intro {ES}:! ! <name: pmsl>
20260908 013308.200 INFO             PET0       MODEL: Run intro {ES}:! ! ! --- DistGrid::log() start --------------------------------
20260908 013308.200 INFO             PET0       MODEL: Run intro {ES}:! ! ! 0xcb7320
20260908 013308.200 INFO             PET0       MODEL: Run intro {ES}:! ! ! DistGrid object is valid!<name: DG-Grid004-sloc:0>
20260908 013308.200 INFO             PET0       MODEL: Run intro {ES}:! ! ! --- DistGrid::log() end ----------------------------------
20260908 013308.200 INFO             PET0       MODEL: Run intro {ES}:! ! --- Array::log() end -------------------------------------
20260908 013308.200 INFO             PET0       MODEL: Run intro {ES}:!--- FieldLog() end -------------------
20260908 013308.200 INFO             PET0       MODEL: Run intro {ES}:+-<item: 0002> <itemType: Field> <itemName: rsns>
20260908 013308.200 INFO             PET0       MODEL: Run intro {ES}:!--- FieldLog() start -----------------
20260908 013308.200 INFO             PET0       MODEL: Run intro {ES}:! <name: rsns> <fieldStatus: ESMF_FIELDSTATUS_COMPLETE>
20260908 013308.200 INFO             PET0       MODEL: Run intro {ES}:! 0x7fff8aec2900 => 0xcbdc40 => 0xcbde70
20260908 013308.200 INFO             PET0       MODEL: Run intro {ES}:! <typekind: Real*8> <rank:    2> <dimCount:    2>
20260908 013308.200 INFO             PET0       MODEL: Run intro {ES}:! ! --- Array::log() start -----------------------------------
20260908 013308.200 INFO             PET0       MODEL: Run intro {ES}:! ! 0xcbf020
20260908 013308.200 INFO             PET0       MODEL: Run intro {ES}:! ! <name: rsns>
20260908 013308.200 INFO             PET0       MODEL: Run intro {ES}:! ! ! --- DistGrid::log() start --------------------------------
20260908 013308.200 INFO             PET0       MODEL: Run intro {ES}:! ! ! 0xcb7320
20260908 013308.200 INFO             PET0       MODEL: Run intro {ES}:! ! ! DistGrid object is valid!<name: DG-Grid004-sloc:0>
20260908 013308.200 INFO             PET0       MODEL: Run intro {ES}:! ! ! --- DistGrid::log() end ----------------------------------
20260908 013308.200 INFO             PET0       MODEL: Run intro {ES}:! ! --- Array::log() end -------------------------------------
20260908 013308.200 INFO             PET0       MODEL: Run intro {ES}:!--- FieldLog() end -------------------
20260908 013308.200 INFO             PET0       MODEL: Run intro {ES}:--- StateLog() end -------------------
20260908 013308.200 INFO             PET0       >>>MODEL: entered Run (phase=RunPhase1) with current time:    0  1  1  0  0  0   0
20260908 013308.200 INFO             PET0       MODEL: time step-loop starting, current time:    0  1  1  0  0  0   0
20260908 013308.203 INFO             PET0       thread_num=   0   currentSsiPe=  40   num_threads=   3   max_threads=   3   num_procs=   2
20260908 013308.203 INFO             PET0       thread_num=   1   currentSsiPe=   0   num_threads=   3   max_threads=   3   num_procs=   2
20260908 013308.209 INFO             PET0       thread_num=   2   currentSsiPe=   0   num_threads=   3   max_threads=   3   num_procs=   2
20260908 013308.209 INFO             PET0       ---->Advancing Model from:    0  1  1  0  0  0   0
20260908 013308.209 INFO             PET0       ---------------------> to:    0  1  1  0  0 30   0
20260908 013308.210 INFO             PET0       MODEL: time step-loop ending,   current time:    0  1  1  0  0 30   0
20260908 013308.210 INFO             PET0       <<<MODEL: leaving Run (phase=RunPhase1) with current time:    0  1  1  0  0 30   0
20260908 013308.210 INFO             PET0       MODEL: Run extro {IS}:--- StateLog() start -----------------
20260908 013308.210 INFO             PET0       MODEL: Run extro {IS}:<name: MODEL-ImportState> <intent: ESMF_STATEINTENT_IMPORT> <itemCount:    0>
20260908 013308.210 INFO             PET0       MODEL: Run extro {IS}:--- StateLog() end -------------------
20260908 013308.210 INFO             PET0       MODEL: Run extro {ES}:--- StateLog() start -----------------
20260908 013308.210 INFO             PET0       MODEL: Run extro {ES}:<name: MODEL-ExportState> <intent: ESMF_STATEINTENT_EXPORT> <itemCount:    2>
20260908 013308.210 INFO             PET0       MODEL: Run extro {ES}:+-<item: 0001> <itemType: Field> <itemName: pmsl>
20260908 013308.210 INFO             PET0       MODEL: Run extro {ES}:!--- FieldLog() start -----------------
20260908 013308.210 INFO             PET0       MODEL: Run extro {ES}:! <name: pmsl> <fieldStatus: ESMF_FIELDSTATUS_COMPLETE>
20260908 013308.210 INFO             PET0       MODEL: Run extro {ES}:! 0x7fff8aec2a30 => 0xcbaf80 => 0xcbb1b0
20260908 013308.210 INFO             PET0       MODEL: Run extro {ES}:! <typekind: Real*8> <rank:    2> <dimCount:    2>
20260908 013308.210 INFO             PET0       MODEL: Run extro {ES}:! ! --- Array::log() start -----------------------------------
20260908 013308.210 INFO             PET0       MODEL: Run extro {ES}:! ! 0xcbc110
20260908 013308.210 INFO             PET0       MODEL: Run extro {ES}:! ! <name: pmsl>
20260908 013308.210 INFO             PET0       MODEL: Run extro {ES}:! ! ! --- DistGrid::log() start --------------------------------
20260908 013308.210 INFO             PET0       MODEL: Run extro {ES}:! ! ! 0xcb7320
20260908 013308.210 INFO             PET0       MODEL: Run extro {ES}:! ! ! DistGrid object is valid!<name: DG-Grid004-sloc:0>
20260908 013308.210 INFO             PET0       MODEL: Run extro {ES}:! ! ! --- DistGrid::log() end ----------------------------------
20260908 013308.210 INFO             PET0       MODEL: Run extro {ES}:! ! --- Array::log() end -------------------------------------
20260908 013308.210 INFO             PET0       MODEL: Run extro {ES}:!--- FieldLog() end -------------------
20260908 013308.210 INFO             PET0       MODEL: Run extro {ES}:+-<item: 0002> <itemType: Field> <itemName: rsns>
20260908 013308.210 INFO             PET0       MODEL: Run extro {ES}:!--- FieldLog() start -----------------
20260908 013308.210 INFO             PET0       MODEL: Run extro {ES}:! <name: rsns> <fieldStatus: ESMF_FIELDSTATUS_COMPLETE>
20260908 013308.210 INFO             PET0       MODEL: Run extro {ES}:! 0x7fff8aec2a30 => 0xcbdc40 => 0xcbde70
20260908 013308.210 INFO             PET0       MODEL: Run extro {ES}:! <typekind: Real*8> <rank:    2> <dimCount:    2>
20260908 013308.210 INFO             PET0       MODEL: Run extro {ES}:! ! --- Array::log() start -----------------------------------
20260908 013308.210 INFO             PET0       MODEL: Run extro {ES}:! ! 0xcbf020
20260908 013308.210 INFO             PET0       MODEL: Run extro {ES}:! ! <name: rsns>
20260908 013308.210 INFO             PET0       MODEL: Run extro {ES}:! ! ! --- DistGrid::log() start --------------------------------
20260908 013308.210 INFO             PET0       MODEL: Run extro {ES}:! ! ! 0xcb7320
20260908 013308.210 INFO             PET0       MODEL: Run extro {ES}:! ! ! DistGrid object is valid!<name: DG-Grid004-sloc:0>
20260908 013308.210 INFO             PET0       MODEL: Run extro {ES}:! ! ! --- DistGrid::log() end ----------------------------------
20260908 013308.210 INFO             PET0       MODEL: Run extro {ES}:! ! --- Array::log() end -------------------------------------
20260908 013308.210 INFO             PET0       MODEL: Run extro {ES}:!--- FieldLog() end -------------------
20260908 013308.210 INFO             PET0       MODEL: Run extro {ES}:--- StateLog() end -------------------
20260908 013308.210 INFO             PET0     MODEL: Run extro.
20260908 013308.210 INFO             PET0     driver: RunSequence event loopLevel=   1  levelMember=   1  loopIteration=   2, current time:    0  1  1  0  0 30   0
20260908 013308.210 INFO             PET0     MODEL: Run intro.
20260908 013308.210 INFO             PET0       MODEL: Run intro {IS}:--- StateLog() start -----------------
20260908 013308.210 INFO             PET0       MODEL: Run intro {IS}:<name: MODEL-ImportState> <intent: ESMF_STATEINTENT_IMPORT> <itemCount:    0>
20260908 013308.210 INFO             PET0       MODEL: Run intro {IS}:--- StateLog() end -------------------
20260908 013308.210 INFO             PET0       MODEL: Run intro {ES}:--- StateLog() start -----------------
20260908 013308.210 INFO             PET0       MODEL: Run intro {ES}:<name: MODEL-ExportState> <intent: ESMF_STATEINTENT_EXPORT> <itemCount:    2>
20260908 013308.210 INFO             PET0       MODEL: Run intro {ES}:+-<item: 0001> <itemType: Field> <itemName: pmsl>
20260908 013308.211 INFO             PET0       MODEL: Run intro {ES}:!--- FieldLog() start -----------------
20260908 013308.211 INFO             PET0       MODEL: Run intro {ES}:! <name: pmsl> <fieldStatus: ESMF_FIELDSTATUS_COMPLETE>
20260908 013308.211 INFO             PET0       MODEL: Run intro {ES}:! 0x7fff8aec2900 => 0xcbaf80 => 0xcbb1b0
20260908 013308.211 INFO             PET0       MODEL: Run intro {ES}:! <typekind: Real*8> <rank:    2> <dimCount:    2>
20260908 013308.211 INFO             PET0       MODEL: Run intro {ES}:! ! --- Array::log() start -----------------------------------
20260908 013308.211 INFO             PET0       MODEL: Run intro {ES}:! ! 0xcbc110
20260908 013308.211 INFO             PET0       MODEL: Run intro {ES}:! ! <name: pmsl>
20260908 013308.211 INFO             PET0       MODEL: Run intro {ES}:! ! ! --- DistGrid::log() start --------------------------------
20260908 013308.211 INFO             PET0       MODEL: Run intro {ES}:! ! ! 0xcb7320
20260908 013308.211 INFO             PET0       MODEL: Run intro {ES}:! ! ! DistGrid object is valid!<name: DG-Grid004-sloc:0>
20260908 013308.211 INFO             PET0       MODEL: Run intro {ES}:! ! ! --- DistGrid::log() end ----------------------------------
20260908 013308.211 INFO             PET0       MODEL: Run intro {ES}:! ! --- Array::log() end -------------------------------------
20260908 013308.211 INFO             PET0       MODEL: Run intro {ES}:!--- FieldLog() end -------------------
20260908 013308.211 INFO             PET0       MODEL: Run intro {ES}:+-<item: 0002> <itemType: Field> <itemName: rsns>
20260908 013308.211 INFO             PET0       MODEL: Run intro {ES}:!--- FieldLog() start -----------------
20260908 013308.211 INFO             PET0       MODEL: Run intro {ES}:! <name: rsns> <fieldStatus: ESMF_FIELDSTATUS_COMPLETE>
20260908 013308.211 INFO             PET0       MODEL: Run intro {ES}:! 0x7fff8aec2900 => 0xcbdc40 => 0xcbde70
20260908 013308.211 INFO             PET0       MODEL: Run intro {ES}:! <typekind: Real*8> <rank:    2> <dimCount:    2>
20260908 013308.211 INFO             PET0       MODEL: Run intro {ES}:! ! --- Array::log() start -----------------------------------
20260908 013308.211 INFO             PET0       MODEL: Run intro {ES}:! ! 0xcbf020
20260908 013308.211 INFO             PET0       MODEL: Run intro {ES}:! ! <name: rsns>
20260908 013308.211 INFO             PET0       MODEL: Run intro {ES}:! ! ! --- DistGrid::log() start --------------------------------
20260908 013308.211 INFO             PET0       MODEL: Run intro {ES}:! ! ! 0xcb7320
20260908 013308.211 INFO             PET0       MODEL: Run intro {ES}:! ! ! DistGrid object is valid!<name: DG-Grid004-sloc:0>
20260908 013308.211 INFO             PET0       MODEL: Run intro {ES}:! ! ! --- DistGrid::log() end ----------------------------------
20260908 013308.211 INFO             PET0       MODEL: Run intro {ES}:! ! --- Array::log() end -------------------------------------
20260908 013308.211 INFO             PET0       MODEL: Run intro {ES}:!--- FieldLog() end -------------------
20260908 013308.211 INFO             PET0       MODEL: Run intro {ES}:--- StateLog() end -------------------
20260908 013308.211 INFO             PET0       >>>MODEL: entered Run (phase=RunPhase1) with current time:    0  1  1  0  0 30   0
20260908 013308.211 INFO             PET0       MODEL: time step-loop starting, current time:    0  1  1  0  0 30   0
20260908 013308.211 INFO             PET0       thread_num=   1   currentSsiPe=   0   num_threads=   3   max_threads=   3   num_procs=   2
20260908 013308.211 INFO             PET0       thread_num=   0   currentSsiPe=  40   num_threads=   3   max_threads=   3   num_procs=   2
20260908 013308.211 INFO             PET0       thread_num=   2   currentSsiPe=   0   num_threads=   3   max_threads=   3   num_procs=   2
20260908 013308.211 INFO             PET0       ---->Advancing Model from:    0  1  1  0  0 30   0
20260908 013308.211 INFO             PET0       ---------------------> to:    0  1  1  0  1  0   0
20260908 013308.211 INFO             PET0       MODEL: time step-loop ending,   current time:    0  1  1  0  1  0   0
20260908 013308.211 INFO             PET0       <<<MODEL: leaving Run (phase=RunPhase1) with current time:    0  1  1  0  1  0   0
20260908 013308.211 INFO             PET0       MODEL: Run extro {IS}:--- StateLog() start -----------------
20260908 013308.211 INFO             PET0       MODEL: Run extro {IS}:<name: MODEL-ImportState> <intent: ESMF_STATEINTENT_IMPORT> <itemCount:    0>
20260908 013308.211 INFO             PET0       MODEL: Run extro {IS}:--- StateLog() end -------------------
20260908 013308.211 INFO             PET0       MODEL: Run extro {ES}:--- StateLog() start -----------------
20260908 013308.211 INFO             PET0       MODEL: Run extro {ES}:<name: MODEL-ExportState> <intent: ESMF_STATEINTENT_EXPORT> <itemCount:    2>
20260908 013308.211 INFO             PET0       MODEL: Run extro {ES}:+-<item: 0001> <itemType: Field> <itemName: pmsl>
20260908 013308.211 INFO             PET0       MODEL: Run extro {ES}:!--- FieldLog() start -----------------
20260908 013308.211 INFO             PET0       MODEL: Run extro {ES}:! <name: pmsl> <fieldStatus: ESMF_FIELDSTATUS_COMPLETE>
20260908 013308.211 INFO             PET0       MODEL: Run extro {ES}:! 0x7fff8aec2a30 => 0xcbaf80 => 0xcbb1b0
20260908 013308.211 INFO             PET0       MODEL: Run extro {ES}:! <typekind: Real*8> <rank:    2> <dimCount:    2>
20260908 013308.212 INFO             PET0       MODEL: Run extro {ES}:! ! --- Array::log() start -----------------------------------
20260908 013308.212 INFO             PET0       MODEL: Run extro {ES}:! ! 0xcbc110
20260908 013308.212 INFO             PET0       MODEL: Run extro {ES}:! ! <name: pmsl>
20260908 013308.212 INFO             PET0       MODEL: Run extro {ES}:! ! ! --- DistGrid::log() start --------------------------------
20260908 013308.212 INFO             PET0       MODEL: Run extro {ES}:! ! ! 0xcb7320
20260908 013308.212 INFO             PET0       MODEL: Run extro {ES}:! ! ! DistGrid object is valid!<name: DG-Grid004-sloc:0>
20260908 013308.212 INFO             PET0       MODEL: Run extro {ES}:! ! ! --- DistGrid::log() end ----------------------------------
20260908 013308.212 INFO             PET0       MODEL: Run extro {ES}:! ! --- Array::log() end -------------------------------------
20260908 013308.212 INFO             PET0       MODEL: Run extro {ES}:!--- FieldLog() end -------------------
20260908 013308.212 INFO             PET0       MODEL: Run extro {ES}:+-<item: 0002> <itemType: Field> <itemName: rsns>
20260908 013308.212 INFO             PET0       MODEL: Run extro {ES}:!--- FieldLog() start -----------------
20260908 013308.212 INFO             PET0       MODEL: Run extro {ES}:! <name: rsns> <fieldStatus: ESMF_FIELDSTATUS_COMPLETE>
20260908 013308.212 INFO             PET0       MODEL: Run extro {ES}:! 0x7fff8aec2a30 => 0xcbdc40 => 0xcbde70
20260908 013308.212 INFO             PET0       MODEL: Run extro {ES}:! <typekind: Real*8> <rank:    2> <dimCount:    2>
20260908 013308.212 INFO             PET0       MODEL: Run extro {ES}:! ! --- Array::log() start -----------------------------------
20260908 013308.212 INFO             PET0       MODEL: Run extro {ES}:! ! 0xcbf020
20260908 013308.212 INFO             PET0       MODEL: Run extro {ES}:! ! <name: rsns>
20260908 013308.212 INFO             PET0       MODEL: Run extro {ES}:! ! ! --- DistGrid::log() start --------------------------------
20260908 013308.212 INFO             PET0       MODEL: Run extro {ES}:! ! ! 0xcb7320
20260908 013308.212 INFO             PET0       MODEL: Run extro {ES}:! ! ! DistGrid object is valid!<name: DG-Grid004-sloc:0>
20260908 013308.212 INFO             PET0       MODEL: Run extro {ES}:! ! ! --- DistGrid::log() end ----------------------------------
20260908 013308.212 INFO             PET0       MODEL: Run extro {ES}:! ! --- Array::log() end -------------------------------------
20260908 013308.212 INFO             PET0       MODEL: Run extro {ES}:!--- FieldLog() end -------------------
20260908 013308.212 INFO             PET0       MODEL: Run extro {ES}:--- StateLog() end -------------------
20260908 013308.212 INFO             PET0     MODEL: Run extro.
20260908 013308.212 INFO             PET0     driver: RunSequence event loopLevel=   1  levelMember=   1  loopIteration=   3, current time:    0  1  1  0  1  0   0
20260908 013308.212 INFO             PET0     MODEL: Run intro.
20260908 013308.212 INFO             PET0       MODEL: Run intro {IS}:--- StateLog() start -----------------
20260908 013308.212 INFO             PET0       MODEL: Run intro {IS}:<name: MODEL-ImportState> <intent: ESMF_STATEINTENT_IMPORT> <itemCount:    0>
20260908 013308.212 INFO             PET0       MODEL: Run intro {IS}:--- StateLog() end -------------------
20260908 013308.212 INFO             PET0       MODEL: Run intro {ES}:--- StateLog() start -----------------
20260908 013308.212 INFO             PET0       MODEL: Run intro {ES}:<name: MODEL-ExportState> <intent: ESMF_STATEINTENT_EXPORT> <itemCount:    2>
20260908 013308.212 INFO             PET0       MODEL: Run intro {ES}:+-<item: 0001> <itemType: Field> <itemName: pmsl>
20260908 013308.212 INFO             PET0       MODEL: Run intro {ES}:!--- FieldLog() start -----------------
20260908 013308.212 INFO             PET0       MODEL: Run intro {ES}:! <name: pmsl> <fieldStatus: ESMF_FIELDSTATUS_COMPLETE>
20260908 013308.212 INFO             PET0       MODEL: Run intro {ES}:! 0x7fff8aec2900 => 0xcbaf80 => 0xcbb1b0
20260908 013308.212 INFO             PET0       MODEL: Run intro {ES}:! <typekind: Real*8> <rank:    2> <dimCount:    2>
20260908 013308.212 INFO             PET0       MODEL: Run intro {ES}:! ! --- Array::log() start -----------------------------------
20260908 013308.212 INFO             PET0       MODEL: Run intro {ES}:! ! 0xcbc110
20260908 013308.212 INFO             PET0       MODEL: Run intro {ES}:! ! <name: pmsl>
20260908 013308.212 INFO             PET0       MODEL: Run intro {ES}:! ! ! --- DistGrid::log() start --------------------------------
20260908 013308.212 INFO             PET0       MODEL: Run intro {ES}:! ! ! 0xcb7320
20260908 013308.212 INFO             PET0       MODEL: Run intro {ES}:! ! ! DistGrid object is valid!<name: DG-Grid004-sloc:0>
20260908 013308.212 INFO             PET0       MODEL: Run intro {ES}:! ! ! --- DistGrid::log() end ----------------------------------
20260908 013308.212 INFO             PET0       MODEL: Run intro {ES}:! ! --- Array::log() end -------------------------------------
20260908 013308.212 INFO             PET0       MODEL: Run intro {ES}:!--- FieldLog() end -------------------
20260908 013308.212 INFO             PET0       MODEL: Run intro {ES}:+-<item: 0002> <itemType: Field> <itemName: rsns>
20260908 013308.212 INFO             PET0       MODEL: Run intro {ES}:!--- FieldLog() start -----------------
20260908 013308.212 INFO             PET0       MODEL: Run intro {ES}:! <name: rsns> <fieldStatus: ESMF_FIELDSTATUS_COMPLETE>
20260908 013308.212 INFO             PET0       MODEL: Run intro {ES}:! 0x7fff8aec2900 => 0xcbdc40 => 0xcbde70
20260908 013308.213 INFO             PET0       MODEL: Run intro {ES}:! <typekind: Real*8> <rank:    2> <dimCount:    2>
20260908 013308.213 INFO             PET0       MODEL: Run intro {ES}:! ! --- Array::log() start -----------------------------------
20260908 013308.213 INFO             PET0       MODEL: Run intro {ES}:! ! 0xcbf020
20260908 013308.213 INFO             PET0       MODEL: Run intro {ES}:! ! <name: rsns>
20260908 013308.213 INFO             PET0       MODEL: Run intro {ES}:! ! ! --- DistGrid::log() start --------------------------------
20260908 013308.213 INFO             PET0       MODEL: Run intro {ES}:! ! ! 0xcb7320
20260908 013308.213 INFO             PET0       MODEL: Run intro {ES}:! ! ! DistGrid object is valid!<name: DG-Grid004-sloc:0>
20260908 013308.213 INFO             PET0       MODEL: Run intro {ES}:! ! ! --- DistGrid::log() end ----------------------------------
20260908 013308.213 INFO             PET0       MODEL: Run intro {ES}:! ! --- Array::log() end -------------------------------------
20260908 013308.213 INFO             PET0       MODEL: Run intro {ES}:!--- FieldLog() end -------------------
20260908 013308.213 INFO             PET0       MODEL: Run intro {ES}:--- StateLog() end -------------------
20260908 013308.213 INFO             PET0       >>>MODEL: entered Run (phase=RunPhase1) with current time:    0  1  1  0  1  0   0
20260908 013308.213 INFO             PET0       MODEL: time step-loop starting, current time:    0  1  1  0  1  0   0
20260908 013308.213 INFO             PET0       thread_num=   1   currentSsiPe=   0   num_threads=   3   max_threads=   3   num_procs=   2
20260908 013308.213 INFO             PET0       thread_num=   2   currentSsiPe=   0   num_threads=   3   max_threads=   3   num_procs=   2
20260908 013308.213 INFO             PET0       thread_num=   0   currentSsiPe=  40   num_threads=   3   max_threads=   3   num_procs=   2
20260908 013308.213 INFO             PET0       ---->Advancing Model from:    0  1  1  0  1  0   0
20260908 013308.213 INFO             PET0       ---------------------> to:    0  1  1  0  1 30   0
20260908 013308.213 INFO             PET0       MODEL: time step-loop ending,   current time:    0  1  1  0  1 30   0
20260908 013308.213 INFO             PET0       <<<MODEL: leaving Run (phase=RunPhase1) with current time:    0  1  1  0  1 30   0
20260908 013308.213 INFO             PET0       MODEL: Run extro {IS}:--- StateLog() start -----------------
20260908 013308.213 INFO             PET0       MODEL: Run extro {IS}:<name: MODEL-ImportState> <intent: ESMF_STATEINTENT_IMPORT> <itemCount:    0>
20260908 013308.213 INFO             PET0       MODEL: Run extro {IS}:--- StateLog() end -------------------
20260908 013308.213 INFO             PET0       MODEL: Run extro {ES}:--- StateLog() start -----------------
20260908 013308.213 INFO             PET0       MODEL: Run extro {ES}:<name: MODEL-ExportState> <intent: ESMF_STATEINTENT_EXPORT> <itemCount:    2>
20260908 013308.213 INFO             PET0       MODEL: Run extro {ES}:+-<item: 0001> <itemType: Field> <itemName: pmsl>
20260908 013308.213 INFO             PET0       MODEL: Run extro {ES}:!--- FieldLog() start -----------------
20260908 013308.213 INFO             PET0       MODEL: Run extro {ES}:! <name: pmsl> <fieldStatus: ESMF_FIELDSTATUS_COMPLETE>
20260908 013308.213 INFO             PET0       MODEL: Run extro {ES}:! 0x7fff8aec2a30 => 0xcbaf80 => 0xcbb1b0
20260908 013308.213 INFO             PET0       MODEL: Run extro {ES}:! <typekind: Real*8> <rank:    2> <dimCount:    2>
20260908 013308.213 INFO             PET0       MODEL: Run extro {ES}:! ! --- Array::log() start -----------------------------------
20260908 013308.213 INFO             PET0       MODEL: Run extro {ES}:! ! 0xcbc110
20260908 013308.213 INFO             PET0       MODEL: Run extro {ES}:! ! <name: pmsl>
20260908 013308.213 INFO             PET0       MODEL: Run extro {ES}:! ! ! --- DistGrid::log() start --------------------------------
20260908 013308.213 INFO             PET0       MODEL: Run extro {ES}:! ! ! 0xcb7320
20260908 013308.213 INFO             PET0       MODEL: Run extro {ES}:! ! ! DistGrid object is valid!<name: DG-Grid004-sloc:0>
20260908 013308.213 INFO             PET0       MODEL: Run extro {ES}:! ! ! --- DistGrid::log() end ----------------------------------
20260908 013308.213 INFO             PET0       MODEL: Run extro {ES}:! ! --- Array::log() end -------------------------------------
20260908 013308.213 INFO             PET0       MODEL: Run extro {ES}:!--- FieldLog() end -------------------
20260908 013308.213 INFO             PET0       MODEL: Run extro {ES}:+-<item: 0002> <itemType: Field> <itemName: rsns>
20260908 013308.213 INFO             PET0       MODEL: Run extro {ES}:!--- FieldLog() start -----------------
20260908 013308.213 INFO             PET0       MODEL: Run extro {ES}:! <name: rsns> <fieldStatus: ESMF_FIELDSTATUS_COMPLETE>
20260908 013308.213 INFO             PET0       MODEL: Run extro {ES}:! 0x7fff8aec2a30 => 0xcbdc40 => 0xcbde70
20260908 013308.213 INFO             PET0       MODEL: Run extro {ES}:! <typekind: Real*8> <rank:    2> <dimCount:    2>
20260908 013308.213 INFO             PET0       MODEL: Run extro {ES}:! ! --- Array::log() start -----------------------------------
20260908 013308.213 INFO             PET0       MODEL: Run extro {ES}:! ! 0xcbf020
20260908 013308.213 INFO             PET0       MODEL: Run extro {ES}:! ! <name: rsns>
20260908 013308.213 INFO             PET0       MODEL: Run extro {ES}:! ! ! --- DistGrid::log() start --------------------------------
20260908 013308.213 INFO             PET0       MODEL: Run extro {ES}:! ! ! 0xcb7320
20260908 013308.213 INFO             PET0       MODEL: Run extro {ES}:! ! ! DistGrid object is valid!<name: DG-Grid004-sloc:0>
20260908 013308.214 INFO             PET0       MODEL: Run extro {ES}:! ! ! --- DistGrid::log() end ----------------------------------
20260908 013308.214 INFO             PET0       MODEL: Run extro {ES}:! ! --- Array::log() end -------------------------------------
20260908 013308.214 INFO             PET0       MODEL: Run extro {ES}:!--- FieldLog() end -------------------
20260908 013308.214 INFO             PET0       MODEL: Run extro {ES}:--- StateLog() end -------------------
20260908 013308.214 INFO             PET0     MODEL: Run extro.
20260908 013308.214 INFO             PET0     driver: RunSequence event loopLevel=   1  levelMember=   1  loopIteration=   4, current time:    0  1  1  0  1 30   0
20260908 013308.214 INFO             PET0     MODEL: Run intro.
20260908 013308.214 INFO             PET0       MODEL: Run intro {IS}:--- StateLog() start -----------------
20260908 013308.214 INFO             PET0       MODEL: Run intro {IS}:<name: MODEL-ImportState> <intent: ESMF_STATEINTENT_IMPORT> <itemCount:    0>
20260908 013308.214 INFO             PET0       MODEL: Run intro {IS}:--- StateLog() end -------------------
20260908 013308.214 INFO             PET0       MODEL: Run intro {ES}:--- StateLog() start -----------------
20260908 013308.214 INFO             PET0       MODEL: Run intro {ES}:<name: MODEL-ExportState> <intent: ESMF_STATEINTENT_EXPORT> <itemCount:    2>
20260908 013308.214 INFO             PET0       MODEL: Run intro {ES}:+-<item: 0001> <itemType: Field> <itemName: pmsl>
20260908 013308.214 INFO             PET0       MODEL: Run intro {ES}:!--- FieldLog() start -----------------
20260908 013308.214 INFO             PET0       MODEL: Run intro {ES}:! <name: pmsl> <fieldStatus: ESMF_FIELDSTATUS_COMPLETE>
20260908 013308.214 INFO             PET0       MODEL: Run intro {ES}:! 0x7fff8aec2900 => 0xcbaf80 => 0xcbb1b0
20260908 013308.214 INFO             PET0       MODEL: Run intro {ES}:! <typekind: Real*8> <rank:    2> <dimCount:    2>
20260908 013308.214 INFO             PET0       MODEL: Run intro {ES}:! ! --- Array::log() start -----------------------------------
20260908 013308.214 INFO             PET0       MODEL: Run intro {ES}:! ! 0xcbc110
20260908 013308.214 INFO             PET0       MODEL: Run intro {ES}:! ! <name: pmsl>
20260908 013308.214 INFO             PET0       MODEL: Run intro {ES}:! ! ! --- DistGrid::log() start --------------------------------
20260908 013308.214 INFO             PET0       MODEL: Run intro {ES}:! ! ! 0xcb7320
20260908 013308.214 INFO             PET0       MODEL: Run intro {ES}:! ! ! DistGrid object is valid!<name: DG-Grid004-sloc:0>
20260908 013308.214 INFO             PET0       MODEL: Run intro {ES}:! ! ! --- DistGrid::log() end ----------------------------------
20260908 013308.214 INFO             PET0       MODEL: Run intro {ES}:! ! --- Array::log() end -------------------------------------
20260908 013308.214 INFO             PET0       MODEL: Run intro {ES}:!--- FieldLog() end -------------------
20260908 013308.214 INFO             PET0       MODEL: Run intro {ES}:+-<item: 0002> <itemType: Field> <itemName: rsns>
20260908 013308.214 INFO             PET0       MODEL: Run intro {ES}:!--- FieldLog() start -----------------
20260908 013308.214 INFO             PET0       MODEL: Run intro {ES}:! <name: rsns> <fieldStatus: ESMF_FIELDSTATUS_COMPLETE>
20260908 013308.214 INFO             PET0       MODEL: Run intro {ES}:! 0x7fff8aec2900 => 0xcbdc40 => 0xcbde70
20260908 013308.214 INFO             PET0       MODEL: Run intro {ES}:! <typekind: Real*8> <rank:    2> <dimCount:    2>
20260908 013308.214 INFO             PET0       MODEL: Run intro {ES}:! ! --- Array::log() start -----------------------------------
20260908 013308.214 INFO             PET0       MODEL: Run intro {ES}:! ! 0xcbf020
20260908 013308.214 INFO             PET0       MODEL: Run intro {ES}:! ! <name: rsns>
20260908 013308.214 INFO             PET0       MODEL: Run intro {ES}:! ! ! --- DistGrid::log() start --------------------------------
20260908 013308.214 INFO             PET0       MODEL: Run intro {ES}:! ! ! 0xcb7320
20260908 013308.214 INFO             PET0       MODEL: Run intro {ES}:! ! ! DistGrid object is valid!<name: DG-Grid004-sloc:0>
20260908 013308.214 INFO             PET0       MODEL: Run intro {ES}:! ! ! --- DistGrid::log() end ----------------------------------
20260908 013308.214 INFO             PET0       MODEL: Run intro {ES}:! ! --- Array::log() end -------------------------------------
20260908 013308.214 INFO             PET0       MODEL: Run intro {ES}:!--- FieldLog() end -------------------
20260908 013308.214 INFO             PET0       MODEL: Run intro {ES}:--- StateLog() end -------------------
20260908 013308.214 INFO             PET0       >>>MODEL: entered Run (phase=RunPhase1) with current time:    0  1  1  0  1 30   0
20260908 013308.214 INFO             PET0       MODEL: time step-loop starting, current time:    0  1  1  0  1 30   0
20260908 013308.214 INFO             PET0       thread_num=   2   currentSsiPe=   0   num_threads=   3   max_threads=   3   num_procs=   2
20260908 013308.214 INFO             PET0       thread_num=   1   currentSsiPe=   0   num_threads=   3   max_threads=   3   num_procs=   2
20260908 013308.214 INFO             PET0       thread_num=   0   currentSsiPe=  40   num_threads=   3   max_threads=   3   num_procs=   2
20260908 013308.214 INFO             PET0       ---->Advancing Model from:    0  1  1  0  1 30   0
20260908 013308.215 INFO             PET0       ---------------------> to:    0  1  1  0  2  0   0
20260908 013308.215 INFO             PET0       MODEL: time step-loop ending,   current time:    0  1  1  0  2  0   0
20260908 013308.215 INFO             PET0       <<<MODEL: leaving Run (phase=RunPhase1) with current time:    0  1  1  0  2  0   0
20260908 013308.215 INFO             PET0       MODEL: Run extro {IS}:--- StateLog() start -----------------
20260908 013308.215 INFO             PET0       MODEL: Run extro {IS}:<name: MODEL-ImportState> <intent: ESMF_STATEINTENT_IMPORT> <itemCount:    0>
20260908 013308.215 INFO             PET0       MODEL: Run extro {IS}:--- StateLog() end -------------------
20260908 013308.215 INFO             PET0       MODEL: Run extro {ES}:--- StateLog() start -----------------
20260908 013308.215 INFO             PET0       MODEL: Run extro {ES}:<name: MODEL-ExportState> <intent: ESMF_STATEINTENT_EXPORT> <itemCount:    2>
20260908 013308.215 INFO             PET0       MODEL: Run extro {ES}:+-<item: 0001> <itemType: Field> <itemName: pmsl>
20260908 013308.215 INFO             PET0       MODEL: Run extro {ES}:!--- FieldLog() start -----------------
20260908 013308.215 INFO             PET0       MODEL: Run extro {ES}:! <name: pmsl> <fieldStatus: ESMF_FIELDSTATUS_COMPLETE>
20260908 013308.215 INFO             PET0       MODEL: Run extro {ES}:! 0x7fff8aec2a30 => 0xcbaf80 => 0xcbb1b0
20260908 013308.215 INFO             PET0       MODEL: Run extro {ES}:! <typekind: Real*8> <rank:    2> <dimCount:    2>
20260908 013308.215 INFO             PET0       MODEL: Run extro {ES}:! ! --- Array::log() start -----------------------------------
20260908 013308.215 INFO             PET0       MODEL: Run extro {ES}:! ! 0xcbc110
20260908 013308.215 INFO             PET0       MODEL: Run extro {ES}:! ! <name: pmsl>
20260908 013308.215 INFO             PET0       MODEL: Run extro {ES}:! ! ! --- DistGrid::log() start --------------------------------
20260908 013308.215 INFO             PET0       MODEL: Run extro {ES}:! ! ! 0xcb7320
20260908 013308.215 INFO             PET0       MODEL: Run extro {ES}:! ! ! DistGrid object is valid!<name: DG-Grid004-sloc:0>
20260908 013308.215 INFO             PET0       MODEL: Run extro {ES}:! ! ! --- DistGrid::log() end ----------------------------------
20260908 013308.215 INFO             PET0       MODEL: Run extro {ES}:! ! --- Array::log() end -------------------------------------
20260908 013308.215 INFO             PET0       MODEL: Run extro {ES}:!--- FieldLog() end -------------------
20260908 013308.215 INFO             PET0       MODEL: Run extro {ES}:+-<item: 0002> <itemType: Field> <itemName: rsns>
20260908 013308.215 INFO             PET0       MODEL: Run extro {ES}:!--- FieldLog() start -----------------
20260908 013308.215 INFO             PET0       MODEL: Run extro {ES}:! <name: rsns> <fieldStatus: ESMF_FIELDSTATUS_COMPLETE>
20260908 013308.215 INFO             PET0       MODEL: Run extro {ES}:! 0x7fff8aec2a30 => 0xcbdc40 => 0xcbde70
20260908 013308.215 INFO             PET0       MODEL: Run extro {ES}:! <typekind: Real*8> <rank:    2> <dimCount:    2>
20260908 013308.215 INFO             PET0       MODEL: Run extro {ES}:! ! --- Array::log() start -----------------------------------
20260908 013308.215 INFO             PET0       MODEL: Run extro {ES}:! ! 0xcbf020
20260908 013308.215 INFO             PET0       MODEL: Run extro {ES}:! ! <name: rsns>
20260908 013308.215 INFO             PET0       MODEL: Run extro {ES}:! ! ! --- DistGrid::log() start --------------------------------
20260908 013308.215 INFO             PET0       MODEL: Run extro {ES}:! ! ! 0xcb7320
20260908 013308.215 INFO             PET0       MODEL: Run extro {ES}:! ! ! DistGrid object is valid!<name: DG-Grid004-sloc:0>
20260908 013308.215 INFO             PET0       MODEL: Run extro {ES}:! ! ! --- DistGrid::log() end ----------------------------------
20260908 013308.215 INFO             PET0       MODEL: Run extro {ES}:! ! --- Array::log() end -------------------------------------
20260908 013308.215 INFO             PET0       MODEL: Run extro {ES}:!--- FieldLog() end -------------------
20260908 013308.215 INFO             PET0       MODEL: Run extro {ES}:--- StateLog() end -------------------
20260908 013308.215 INFO             PET0     MODEL: Run extro.
20260908 013308.215 INFO             PET0     driver: RunSequence event loopLevel=   1  levelMember=   1  loopIteration=   5, current time:    0  1  1  0  2  0   0
20260908 013308.215 INFO             PET0     MODEL: Run intro.
20260908 013308.215 INFO             PET0       MODEL: Run intro {IS}:--- StateLog() start -----------------
20260908 013308.215 INFO             PET0       MODEL: Run intro {IS}:<name: MODEL-ImportState> <intent: ESMF_STATEINTENT_IMPORT> <itemCount:    0>
20260908 013308.215 INFO             PET0       MODEL: Run intro {IS}:--- StateLog() end -------------------
20260908 013308.215 INFO             PET0       MODEL: Run intro {ES}:--- StateLog() start -----------------
20260908 013308.215 INFO             PET0       MODEL: Run intro {ES}:<name: MODEL-ExportState> <intent: ESMF_STATEINTENT_EXPORT> <itemCount:    2>
20260908 013308.215 INFO             PET0       MODEL: Run intro {ES}:+-<item: 0001> <itemType: Field> <itemName: pmsl>
20260908 013308.215 INFO             PET0       MODEL: Run intro {ES}:!--- FieldLog() start -----------------
20260908 013308.215 INFO             PET0       MODEL: Run intro {ES}:! <name: pmsl> <fieldStatus: ESMF_FIELDSTATUS_COMPLETE>
20260908 013308.215 INFO             PET0       MODEL: Run intro {ES}:! 0x7fff8aec2900 => 0xcbaf80 => 0xcbb1b0
20260908 013308.216 INFO             PET0       MODEL: Run intro {ES}:! <typekind: Real*8> <rank:    2> <dimCount:    2>
20260908 013308.216 INFO             PET0       MODEL: Run intro {ES}:! ! --- Array::log() start -----------------------------------
20260908 013308.216 INFO             PET0       MODEL: Run intro {ES}:! ! 0xcbc110
20260908 013308.216 INFO             PET0       MODEL: Run intro {ES}:! ! <name: pmsl>
20260908 013308.216 INFO             PET0       MODEL: Run intro {ES}:! ! ! --- DistGrid::log() start --------------------------------
20260908 013308.216 INFO             PET0       MODEL: Run intro {ES}:! ! ! 0xcb7320
20260908 013308.216 INFO             PET0       MODEL: Run intro {ES}:! ! ! DistGrid object is valid!<name: DG-Grid004-sloc:0>
20260908 013308.216 INFO             PET0       MODEL: Run intro {ES}:! ! ! --- DistGrid::log() end ----------------------------------
20260908 013308.216 INFO             PET0       MODEL: Run intro {ES}:! ! --- Array::log() end -------------------------------------
20260908 013308.216 INFO             PET0       MODEL: Run intro {ES}:!--- FieldLog() end -------------------
20260908 013308.216 INFO             PET0       MODEL: Run intro {ES}:+-<item: 0002> <itemType: Field> <itemName: rsns>
20260908 013308.216 INFO             PET0       MODEL: Run intro {ES}:!--- FieldLog() start -----------------
20260908 013308.216 INFO             PET0       MODEL: Run intro {ES}:! <name: rsns> <fieldStatus: ESMF_FIELDSTATUS_COMPLETE>
20260908 013308.216 INFO             PET0       MODEL: Run intro {ES}:! 0x7fff8aec2900 => 0xcbdc40 => 0xcbde70
20260908 013308.216 INFO             PET0       MODEL: Run intro {ES}:! <typekind: Real*8> <rank:    2> <dimCount:    2>
20260908 013308.216 INFO             PET0       MODEL: Run intro {ES}:! ! --- Array::log() start -----------------------------------
20260908 013308.216 INFO             PET0       MODEL: Run intro {ES}:! ! 0xcbf020
20260908 013308.216 INFO             PET0       MODEL: Run intro {ES}:! ! <name: rsns>
20260908 013308.216 INFO             PET0       MODEL: Run intro {ES}:! ! ! --- DistGrid::log() start --------------------------------
20260908 013308.216 INFO             PET0       MODEL: Run intro {ES}:! ! ! 0xcb7320
20260908 013308.216 INFO             PET0       MODEL: Run intro {ES}:! ! ! DistGrid object is valid!<name: DG-Grid004-sloc:0>
20260908 013308.216 INFO             PET0       MODEL: Run intro {ES}:! ! ! --- DistGrid::log() end ----------------------------------
20260908 013308.216 INFO             PET0       MODEL: Run intro {ES}:! ! --- Array::log() end -------------------------------------
20260908 013308.216 INFO             PET0       MODEL: Run intro {ES}:!--- FieldLog() end -------------------
20260908 013308.216 INFO             PET0       MODEL: Run intro {ES}:--- StateLog() end -------------------
20260908 013308.216 INFO             PET0       >>>MODEL: entered Run (phase=RunPhase1) with current time:    0  1  1  0  2  0   0
20260908 013308.216 INFO             PET0       MODEL: time step-loop starting, current time:    0  1  1  0  2  0   0
20260908 013308.216 INFO             PET0       thread_num=   2   currentSsiPe=   0   num_threads=   3   max_threads=   3   num_procs=   2
20260908 013308.216 INFO             PET0       thread_num=   1   currentSsiPe=   0   num_threads=   3   max_threads=   3   num_procs=   2
20260908 013308.216 INFO             PET0       thread_num=   0   currentSsiPe=  40   num_threads=   3   max_threads=   3   num_procs=   2
20260908 013308.216 INFO             PET0       ---->Advancing Model from:    0  1  1  0  2  0   0
20260908 013308.216 INFO             PET0       ---------------------> to:    0  1  1  0  2 30   0
20260908 013308.216 INFO             PET0       MODEL: time step-loop ending,   current time:    0  1  1  0  2 30   0
20260908 013308.216 INFO             PET0       <<<MODEL: leaving Run (phase=RunPhase1) with current time:    0  1  1  0  2 30   0
20260908 013308.216 INFO             PET0       MODEL: Run extro {IS}:--- StateLog() start -----------------
20260908 013308.216 INFO             PET0       MODEL: Run extro {IS}:<name: MODEL-ImportState> <intent: ESMF_STATEINTENT_IMPORT> <itemCount:    0>
20260908 013308.216 INFO             PET0       MODEL: Run extro {IS}:--- StateLog() end -------------------
20260908 013308.216 INFO             PET0       MODEL: Run extro {ES}:--- StateLog() start -----------------
20260908 013308.216 INFO             PET0       MODEL: Run extro {ES}:<name: MODEL-ExportState> <intent: ESMF_STATEINTENT_EXPORT> <itemCount:    2>
20260908 013308.216 INFO             PET0       MODEL: Run extro {ES}:+-<item: 0001> <itemType: Field> <itemName: pmsl>
20260908 013308.216 INFO             PET0       MODEL: Run extro {ES}:!--- FieldLog() start -----------------
20260908 013308.216 INFO             PET0       MODEL: Run extro {ES}:! <name: pmsl> <fieldStatus: ESMF_FIELDSTATUS_COMPLETE>
20260908 013308.216 INFO             PET0       MODEL: Run extro {ES}:! 0x7fff8aec2a30 => 0xcbaf80 => 0xcbb1b0
20260908 013308.216 INFO             PET0       MODEL: Run extro {ES}:! <typekind: Real*8> <rank:    2> <dimCount:    2>
20260908 013308.216 INFO             PET0       MODEL: Run extro {ES}:! ! --- Array::log() start -----------------------------------
20260908 013308.216 INFO             PET0       MODEL: Run extro {ES}:! ! 0xcbc110
20260908 013308.217 INFO             PET0       MODEL: Run extro {ES}:! ! <name: pmsl>
20260908 013308.217 INFO             PET0       MODEL: Run extro {ES}:! ! ! --- DistGrid::log() start --------------------------------
20260908 013308.217 INFO             PET0       MODEL: Run extro {ES}:! ! ! 0xcb7320
20260908 013308.217 INFO             PET0       MODEL: Run extro {ES}:! ! ! DistGrid object is valid!<name: DG-Grid004-sloc:0>
20260908 013308.217 INFO             PET0       MODEL: Run extro {ES}:! ! ! --- DistGrid::log() end ----------------------------------
20260908 013308.217 INFO             PET0       MODEL: Run extro {ES}:! ! --- Array::log() end -------------------------------------
20260908 013308.217 INFO             PET0       MODEL: Run extro {ES}:!--- FieldLog() end -------------------
20260908 013308.217 INFO             PET0       MODEL: Run extro {ES}:+-<item: 0002> <itemType: Field> <itemName: rsns>
20260908 013308.217 INFO             PET0       MODEL: Run extro {ES}:!--- FieldLog() start -----------------
20260908 013308.217 INFO             PET0       MODEL: Run extro {ES}:! <name: rsns> <fieldStatus: ESMF_FIELDSTATUS_COMPLETE>
20260908 013308.217 INFO             PET0       MODEL: Run extro {ES}:! 0x7fff8aec2a30 => 0xcbdc40 => 0xcbde70
20260908 013308.217 INFO             PET0       MODEL: Run extro {ES}:! <typekind: Real*8> <rank:    2> <dimCount:    2>
20260908 013308.217 INFO             PET0       MODEL: Run extro {ES}:! ! --- Array::log() start -----------------------------------
20260908 013308.217 INFO             PET0       MODEL: Run extro {ES}:! ! 0xcbf020
20260908 013308.217 INFO             PET0       MODEL: Run extro {ES}:! ! <name: rsns>
20260908 013308.217 INFO             PET0       MODEL: Run extro {ES}:! ! ! --- DistGrid::log() start --------------------------------
20260908 013308.217 INFO             PET0       MODEL: Run extro {ES}:! ! ! 0xcb7320
20260908 013308.217 INFO             PET0       MODEL: Run extro {ES}:! ! ! DistGrid object is valid!<name: DG-Grid004-sloc:0>
20260908 013308.217 INFO             PET0       MODEL: Run extro {ES}:! ! ! --- DistGrid::log() end ----------------------------------
20260908 013308.217 INFO             PET0       MODEL: Run extro {ES}:! ! --- Array::log() end -------------------------------------
20260908 013308.217 INFO             PET0       MODEL: Run extro {ES}:!--- FieldLog() end -------------------
20260908 013308.217 INFO             PET0       MODEL: Run extro {ES}:--- StateLog() end -------------------
20260908 013308.217 INFO             PET0     MODEL: Run extro.
20260908 013308.217 INFO             PET0   driver: end <--------- RunSequence
20260908 013308.217 INFO             PET0   <<<driver: leaving Run (phase=RunPhase1) with current time:    0  1  1  0  2 30   0
20260908 013308.217 INFO             PET0   driver: Run extro {IS}:--- StateLog() start -----------------
20260908 013308.217 INFO             PET0   driver: Run extro {IS}:State object is invalid! Not created or deleted!
20260908 013308.217 INFO             PET0   driver: Run extro {IS}:--- StateLog() end -------------------
20260908 013308.217 INFO             PET0   driver: Run extro {ES}:--- StateLog() start -----------------
20260908 013308.217 INFO             PET0   driver: Run extro {ES}:State object is invalid! Not created or deleted!
20260908 013308.217 INFO             PET0   driver: Run extro {ES}:--- StateLog() end -------------------
20260908 013308.217 INFO             PET0 driver: Run extro.
20260908 013308.217 INFO             PET0 driver: Finalize intro.
20260908 013308.217 INFO             PET0   driver: Finalize intro {IS}:--- StateLog() start -----------------
20260908 013308.217 INFO             PET0   driver: Finalize intro {IS}:State object is invalid! Not created or deleted!
20260908 013308.217 INFO             PET0   driver: Finalize intro {IS}:--- StateLog() end -------------------
20260908 013308.217 INFO             PET0   driver: Finalize intro {ES}:--- StateLog() start -----------------
20260908 013308.217 INFO             PET0   driver: Finalize intro {ES}:State object is invalid! Not created or deleted!
20260908 013308.217 INFO             PET0   driver: Finalize intro {ES}:--- StateLog() end -------------------
20260908 013308.217 INFO             PET0   >>>driver: entered Finalize (phase=FinalizePhase1) with current time:    0  1  1  0  2 30   0
20260908 013308.217 INFO             PET0   Calling Finalize phase 1 for modelComp: MODEL
20260908 013308.217 INFO             PET0   MODEL: Finalize intro.
20260908 013308.217 INFO             PET0     MODEL: Finalize intro {IS}:--- StateLog() start -----------------
20260908 013308.217 INFO             PET0     MODEL: Finalize intro {IS}:<name: MODEL-ImportState> <intent: ESMF_STATEINTENT_IMPORT> <itemCount:    0>
20260908 013308.217 INFO             PET0     MODEL: Finalize intro {IS}:--- StateLog() end -------------------
20260908 013308.217 INFO             PET0     MODEL: Finalize intro {ES}:--- StateLog() start -----------------
20260908 013308.217 INFO             PET0     MODEL: Finalize intro {ES}:<name: MODEL-ExportState> <intent: ESMF_STATEINTENT_EXPORT> <itemCount:    2>
20260908 013308.217 INFO             PET0     MODEL: Finalize intro {ES}:+-<item: 0001> <itemType: Field> <itemName: pmsl>
20260908 013308.218 INFO             PET0     MODEL: Finalize intro {ES}:!--- FieldLog() start -----------------
20260908 013308.218 INFO             PET0     MODEL: Finalize intro {ES}:! <name: pmsl> <fieldStatus: ESMF_FIELDSTATUS_COMPLETE>
20260908 013308.218 INFO             PET0     MODEL: Finalize intro {ES}:! 0x7fff8aec5a50 => 0xcbaf80 => 0xcbb1b0
20260908 013308.218 INFO             PET0     MODEL: Finalize intro {ES}:! <typekind: Real*8> <rank:    2> <dimCount:    2>
20260908 013308.218 INFO             PET0     MODEL: Finalize intro {ES}:! ! --- Array::log() start -----------------------------------
20260908 013308.218 INFO             PET0     MODEL: Finalize intro {ES}:! ! 0xcbc110
20260908 013308.218 INFO             PET0     MODEL: Finalize intro {ES}:! ! <name: pmsl>
20260908 013308.218 INFO             PET0     MODEL: Finalize intro {ES}:! ! ! --- DistGrid::log() start --------------------------------
20260908 013308.218 INFO             PET0     MODEL: Finalize intro {ES}:! ! ! 0xcb7320
20260908 013308.218 INFO             PET0     MODEL: Finalize intro {ES}:! ! ! DistGrid object is valid!<name: DG-Grid004-sloc:0>
20260908 013308.218 INFO             PET0     MODEL: Finalize intro {ES}:! ! ! --- DistGrid::log() end ----------------------------------
20260908 013308.218 INFO             PET0     MODEL: Finalize intro {ES}:! ! --- Array::log() end -------------------------------------
20260908 013308.218 INFO             PET0     MODEL: Finalize intro {ES}:!--- FieldLog() end -------------------
20260908 013308.218 INFO             PET0     MODEL: Finalize intro {ES}:+-<item: 0002> <itemType: Field> <itemName: rsns>
20260908 013308.218 INFO             PET0     MODEL: Finalize intro {ES}:!--- FieldLog() start -----------------
20260908 013308.218 INFO             PET0     MODEL: Finalize intro {ES}:! <name: rsns> <fieldStatus: ESMF_FIELDSTATUS_COMPLETE>
20260908 013308.218 INFO             PET0     MODEL: Finalize intro {ES}:! 0x7fff8aec5a50 => 0xcbdc40 => 0xcbde70
20260908 013308.218 INFO             PET0     MODEL: Finalize intro {ES}:! <typekind: Real*8> <rank:    2> <dimCount:    2>
20260908 013308.218 INFO             PET0     MODEL: Finalize intro {ES}:! ! --- Array::log() start -----------------------------------
20260908 013308.218 INFO             PET0     MODEL: Finalize intro {ES}:! ! 0xcbf020
20260908 013308.218 INFO             PET0     MODEL: Finalize intro {ES}:! ! <name: rsns>
20260908 013308.218 INFO             PET0     MODEL: Finalize intro {ES}:! ! ! --- DistGrid::log() start --------------------------------
20260908 013308.218 INFO             PET0     MODEL: Finalize intro {ES}:! ! ! 0xcb7320
20260908 013308.218 INFO             PET0     MODEL: Finalize intro {ES}:! ! ! DistGrid object is valid!<name: DG-Grid004-sloc:0>
20260908 013308.218 INFO             PET0     MODEL: Finalize intro {ES}:! ! ! --- DistGrid::log() end ----------------------------------
20260908 013308.218 INFO             PET0     MODEL: Finalize intro {ES}:! ! --- Array::log() end -------------------------------------
20260908 013308.218 INFO             PET0     MODEL: Finalize intro {ES}:!--- FieldLog() end -------------------
20260908 013308.218 INFO             PET0     MODEL: Finalize intro {ES}:--- StateLog() end -------------------
20260908 013308.218 INFO             PET0     >>>MODEL: entered Finalize (phase=FinalizePhase1) with current time:    0  1  1  0  2 30   0
20260908 013308.218 INFO             PET0     <<<MODEL: leaving Finalize (phase=FinalizePhase1) with current time:    0  1  1  0  2 30   0
20260908 013308.218 INFO             PET0   MODEL: Finalize extro.
20260908 013308.218 INFO             PET0   Delete modelComp: MODEL
20260908 013308.218 INFO             PET0   Delete Import-/Export State for modelComp: MODEL
20260908 013308.218 INFO             PET0   <<<driver: leaving Finalize (phase=FinalizePhase1) with current time:    0  1  1  0  2 30   0
20260908 013308.218 INFO             PET0 driver: Finalize extro.
20260908 013308.218 INFO             PET0 mainApp FINISHED
20260908 013308.218 INFO             PET0  Finalizing ESMF
20260908 013308.163 INFO             PET1 !!!!!!!!!!!!!!!!!!!!!!!!!!!!!!!!!!!!!!!!!!!!!!!!!!!!!!
20260908 013308.163 INFO             PET1 !!! THE ESMF_LOG IS SET TO OUTPUT ALL LOG MESSAGES !!!
20260908 013308.163 INFO             PET1 !!!     THIS MAY CAUSE SLOWDOWN IN PERFORMANCE     !!!
20260908 013308.163 INFO             PET1 !!! FOR PRODUCTION RUNS, USE:                      !!!
20260908 013308.163 INFO             PET1 !!!                   ESMF_LOGKIND_Multi_On_Error  !!!
20260908 013308.163 INFO             PET1 !!!!!!!!!!!!!!!!!!!!!!!!!!!!!!!!!!!!!!!!!!!!!!!!!!!!!!
20260908 013308.163 INFO             PET1 Running with ESMF Version   : feature/esmx-cmake+gdd1288b46b
20260908 013308.163 INFO             PET1 ESMF library build date/time: "Sep  7 2026" "23:52:07"
20260908 013308.163 INFO             PET1 ESMF library build location : /scratch3/NCEPDEV/stmp/Gerhard.Theurich/ESMF-Nightly-Testing-Hera/nvhpc_24.1_openmpi_O_feature_esmx-cmake/esmf
20260908 013308.163 INFO             PET1 ESMF_COMM                   : openmpi
20260908 013308.163 INFO             PET1 ESMF_MOAB                   : enabled
20260908 013308.163 INFO             PET1 ESMF_LAPACK                 : enabled
20260908 013308.163 INFO             PET1 ESMF_NETCDF                 : disabled
20260908 013308.163 INFO             PET1 ESMF_PNETCDF                : disabled
20260908 013308.163 INFO             PET1 ESMF_PIO                    : disabled
20260908 013308.163 INFO             PET1 ESMF_YAMLCPP                : enabled
20260908 013308.163 INFO             PET1 mainApp STARTING
20260908 013308.167 INFO             PET1 driver: InitializeGeneric intro.
20260908 013308.167 INFO             PET1   driver: InitializeGeneric intro {IS}:--- StateLog() start -----------------
20260908 013308.167 INFO             PET1   driver: InitializeGeneric intro {IS}:State object is invalid! Not created or deleted!
20260908 013308.167 INFO             PET1   driver: InitializeGeneric intro {IS}:--- StateLog() end -------------------
20260908 013308.167 INFO             PET1   driver: InitializeGeneric intro {ES}:--- StateLog() start -----------------
20260908 013308.167 INFO             PET1   driver: InitializeGeneric intro {ES}:State object is invalid! Not created or deleted!
20260908 013308.167 INFO             PET1   driver: InitializeGeneric intro {ES}:--- StateLog() end -------------------
20260908 013308.167 INFO             PET1   >>>driver: entered Initialize (phase=<none>) without valid internal Clock.
20260908 013308.167 INFO             PET1   driver: InitializeP0 intro.
20260908 013308.167 INFO             PET1     driver: InitializeP0 intro {IS}:--- StateLog() start -----------------
20260908 013308.167 INFO             PET1     driver: InitializeP0 intro {IS}:State object is invalid! Not created or deleted!
20260908 013308.167 INFO             PET1     driver: InitializeP0 intro {IS}:--- StateLog() end -------------------
20260908 013308.167 INFO             PET1     driver: InitializeP0 intro {ES}:--- StateLog() start -----------------
20260908 013308.167 INFO             PET1     driver: InitializeP0 intro {ES}:State object is invalid! Not created or deleted!
20260908 013308.167 INFO             PET1     driver: InitializeP0 intro {ES}:--- StateLog() end -------------------
20260908 013308.167 INFO             PET1     >>>driver: entered Initialize (phase=<none>) without valid internal Clock.
20260908 013308.167 INFO             PET1     <<<driver: leaving Initialize (phase=<none>) without valid internal Clock.
20260908 013308.167 INFO             PET1     driver: InitializeP0 extro {IS}:--- StateLog() start -----------------
20260908 013308.167 INFO             PET1     driver: InitializeP0 extro {IS}:State object is invalid! Not created or deleted!
20260908 013308.168 INFO             PET1     driver: InitializeP0 extro {IS}:--- StateLog() end -------------------
20260908 013308.168 INFO             PET1     driver: InitializeP0 extro {ES}:--- StateLog() start -----------------
20260908 013308.168 INFO             PET1     driver: InitializeP0 extro {ES}:State object is invalid! Not created or deleted!
20260908 013308.168 INFO             PET1     driver: InitializeP0 extro {ES}:--- StateLog() end -------------------
20260908 013308.168 INFO             PET1   driver: InitializeP0 extro.
20260908 013308.168 INFO             PET1   driver: InitializeIPDv02p1 intro.
20260908 013308.168 INFO             PET1     driver: InitializeIPDv02p1 intro {IS}:--- StateLog() start -----------------
20260908 013308.168 INFO             PET1     driver: InitializeIPDv02p1 intro {IS}:State object is invalid! Not created or deleted!
20260908 013308.168 INFO             PET1     driver: InitializeIPDv02p1 intro {IS}:--- StateLog() end -------------------
20260908 013308.168 INFO             PET1     driver: InitializeIPDv02p1 intro {ES}:--- StateLog() start -----------------
20260908 013308.168 INFO             PET1     driver: InitializeIPDv02p1 intro {ES}:State object is invalid! Not created or deleted!
20260908 013308.168 INFO             PET1     driver: InitializeIPDv02p1 intro {ES}:--- StateLog() end -------------------
20260908 013308.168 INFO             PET1     >>>driver: entered Initialize (phase=<none>) without valid internal Clock.
20260908 013308.169 INFO             PET1     driver - Creating model component MODEL without petList.
20260908 013308.171 INFO             PET1      GridCompIsPetLocal:   T
20260908 013308.171 INFO             PET1      VmIsCreated:   T
20260908 013308.171 INFO             PET1      valid MPI_COMM with size=            4
20260908 013308.171 INFO             PET1     driver - Creating state: modelComp 1 Import State
20260908 013308.171 INFO             PET1     driver - Creating state: modelComp 1 Export State
20260908 013308.172 INFO             PET1     MODEL: InitializeP0 intro.
20260908 013308.172 INFO             PET1       MODEL: InitializeP0 intro {IS}:--- StateLog() start -----------------
20260908 013308.172 INFO             PET1       MODEL: InitializeP0 intro {IS}:<name: MODEL-ImportState> <intent: ESMF_STATEINTENT_IMPORT> <itemCount:    0>
20260908 013308.172 INFO             PET1       MODEL: InitializeP0 intro {IS}:--- StateLog() end -------------------
20260908 013308.172 INFO             PET1       MODEL: InitializeP0 intro {ES}:--- StateLog() start -----------------
20260908 013308.172 INFO             PET1       MODEL: InitializeP0 intro {ES}:<name: MODEL-ExportState> <intent: ESMF_STATEINTENT_EXPORT> <itemCount:    0>
20260908 013308.172 INFO             PET1       MODEL: InitializeP0 intro {ES}:--- StateLog() end -------------------
20260908 013308.172 INFO             PET1       >>>MODEL: entered Initialize (phase=<none>) without valid internal Clock.
20260908 013308.173 INFO             PET1       <<<MODEL: leaving Initialize (phase=<none>) without valid internal Clock.
20260908 013308.173 INFO             PET1       MODEL: InitializeP0 extro {IS}:--- StateLog() start -----------------
20260908 013308.173 INFO             PET1       MODEL: InitializeP0 extro {IS}:<name: MODEL-ImportState> <intent: ESMF_STATEINTENT_IMPORT> <itemCount:    0>
20260908 013308.173 INFO             PET1       MODEL: InitializeP0 extro {IS}:--- StateLog() end -------------------
20260908 013308.173 INFO             PET1       MODEL: InitializeP0 extro {ES}:--- StateLog() start -----------------
20260908 013308.173 INFO             PET1       MODEL: InitializeP0 extro {ES}:<name: MODEL-ExportState> <intent: ESMF_STATEINTENT_EXPORT> <itemCount:    0>
20260908 013308.173 INFO             PET1       MODEL: InitializeP0 extro {ES}:--- StateLog() end -------------------
20260908 013308.173 INFO             PET1     MODEL: InitializeP0 extro.
20260908 013308.175 INFO             PET1     driver: IInitAdvertise intro.
20260908 013308.175 INFO             PET1       driver: IInitAdvertise intro {IS}:--- StateLog() start -----------------
20260908 013308.175 INFO             PET1       driver: IInitAdvertise intro {IS}:State object is invalid! Not created or deleted!
20260908 013308.175 INFO             PET1       driver: IInitAdvertise intro {IS}:--- StateLog() end -------------------
20260908 013308.175 INFO             PET1       driver: IInitAdvertise intro {ES}:--- StateLog() start -----------------
20260908 013308.175 INFO             PET1       driver: IInitAdvertise intro {ES}:State object is invalid! Not created or deleted!
20260908 013308.175 INFO             PET1       driver: IInitAdvertise intro {ES}:--- StateLog() end -------------------
20260908 013308.175 INFO             PET1       >>>driver: entered Initialize (phase=<none>) with current time:    0  1  1  0  0  0   0
20260908 013308.175 INFO             PET1       <<<driver: leaving Initialize (phase=<none>) with current time:    0  1  1  0  0  0   0
20260908 013308.175 INFO             PET1       driver: IInitAdvertise extro {IS}:--- StateLog() start -----------------
20260908 013308.175 INFO             PET1       driver: IInitAdvertise extro {IS}:State object is invalid! Not created or deleted!
20260908 013308.175 INFO             PET1       driver: IInitAdvertise extro {IS}:--- StateLog() end -------------------
20260908 013308.175 INFO             PET1       driver: IInitAdvertise extro {ES}:--- StateLog() start -----------------
20260908 013308.175 INFO             PET1       driver: IInitAdvertise extro {ES}:State object is invalid! Not created or deleted!
20260908 013308.175 INFO             PET1       driver: IInitAdvertise extro {ES}:--- StateLog() end -------------------
20260908 013308.175 INFO             PET1     driver: IInitAdvertise extro.
20260908 013308.176 INFO             PET1     MODEL: InitializeIPDvXp01 intro.
20260908 013308.176 INFO             PET1       MODEL: InitializeIPDvXp01 intro {IS}:--- StateLog() start -----------------
20260908 013308.176 INFO             PET1       MODEL: InitializeIPDvXp01 intro {IS}:<name: MODEL-ImportState> <intent: ESMF_STATEINTENT_IMPORT> <itemCount:    0>
20260908 013308.176 INFO             PET1       MODEL: InitializeIPDvXp01 intro {IS}:--- StateLog() end -------------------
20260908 013308.176 INFO             PET1       MODEL: InitializeIPDvXp01 intro {ES}:--- StateLog() start -----------------
20260908 013308.176 INFO             PET1       MODEL: InitializeIPDvXp01 intro {ES}:<name: MODEL-ExportState> <intent: ESMF_STATEINTENT_EXPORT> <itemCount:    0>
20260908 013308.176 INFO             PET1       MODEL: InitializeIPDvXp01 intro {ES}:--- StateLog() end -------------------
20260908 013308.176 INFO             PET1       >>>MODEL: entered Initialize (phase=IPDvXp01) without valid internal Clock.
20260908 013308.177 INFO             PET1       <<<MODEL: leaving Initialize (phase=IPDvXp01) without valid internal Clock.
20260908 013308.178 INFO             PET1       MODEL: InitializeIPDvXp01 extro {IS}:--- StateLog() start -----------------
20260908 013308.178 INFO             PET1       MODEL: InitializeIPDvXp01 extro {IS}:<name: MODEL-ImportState> <intent: ESMF_STATEINTENT_IMPORT> <itemCount:    0>
20260908 013308.178 INFO             PET1       MODEL: InitializeIPDvXp01 extro {IS}:--- StateLog() end -------------------
20260908 013308.178 INFO             PET1       MODEL: InitializeIPDvXp01 extro {ES}:--- StateLog() start -----------------
20260908 013308.178 INFO             PET1       MODEL: InitializeIPDvXp01 extro {ES}:<name: MODEL-ExportState> <intent: ESMF_STATEINTENT_EXPORT> <itemCount:    2>
20260908 013308.178 INFO             PET1       MODEL: InitializeIPDvXp01 extro {ES}:+-<item: 0001> <itemType: Field> <itemName: pmsl>
20260908 013308.178 INFO             PET1       MODEL: InitializeIPDvXp01 extro {ES}:!--- FieldLog() start -----------------
20260908 013308.178 INFO             PET1       MODEL: InitializeIPDvXp01 extro {ES}:! <name: pmsl> <fieldStatus: ESMF_FIELDSTATUS_EMPTY>
20260908 013308.178 INFO             PET1       MODEL: InitializeIPDvXp01 extro {ES}:! 0x7fff83c4edf0 => 0x1171660 => 0x10f5200
20260908 013308.178 INFO             PET1       MODEL: InitializeIPDvXp01 extro {ES}:!--- FieldLog() end -------------------
20260908 013308.178 INFO             PET1       MODEL: InitializeIPDvXp01 extro {ES}:+-<item: 0002> <itemType: Field> <itemName: rsns>
20260908 013308.178 INFO             PET1       MODEL: InitializeIPDvXp01 extro {ES}:!--- FieldLog() start -----------------
20260908 013308.178 INFO             PET1       MODEL: InitializeIPDvXp01 extro {ES}:! <name: rsns> <fieldStatus: ESMF_FIELDSTATUS_EMPTY>
20260908 013308.178 INFO             PET1       MODEL: InitializeIPDvXp01 extro {ES}:! 0x7fff83c4edf0 => 0x1131fc0 => 0x1209990
20260908 013308.178 INFO             PET1       MODEL: InitializeIPDvXp01 extro {ES}:!--- FieldLog() end -------------------
20260908 013308.178 INFO             PET1       MODEL: InitializeIPDvXp01 extro {ES}:--- StateLog() end -------------------
20260908 013308.178 INFO             PET1     MODEL: InitializeIPDvXp01 extro.
20260908 013308.179 INFO             PET1     driver: IInitAdvertiseFinish intro.
20260908 013308.179 INFO             PET1       driver: IInitAdvertiseFinish intro {IS}:--- StateLog() start -----------------
20260908 013308.179 INFO             PET1       driver: IInitAdvertiseFinish intro {IS}:State object is invalid! Not created or deleted!
20260908 013308.179 INFO             PET1       driver: IInitAdvertiseFinish intro {IS}:--- StateLog() end -------------------
20260908 013308.179 INFO             PET1       driver: IInitAdvertiseFinish intro {ES}:--- StateLog() start -----------------
20260908 013308.179 INFO             PET1       driver: IInitAdvertiseFinish intro {ES}:State object is invalid! Not created or deleted!
20260908 013308.179 INFO             PET1       driver: IInitAdvertiseFinish intro {ES}:--- StateLog() end -------------------
20260908 013308.179 INFO             PET1       >>>driver: entered Initialize (phase=<none>) with current time:    0  1  1  0  0  0   0
20260908 013308.179 INFO             PET1       <<<driver: leaving Initialize (phase=<none>) with current time:    0  1  1  0  0  0   0
20260908 013308.179 INFO             PET1       driver: IInitAdvertiseFinish extro {IS}:--- StateLog() start -----------------
20260908 013308.179 INFO             PET1       driver: IInitAdvertiseFinish extro {IS}:State object is invalid! Not created or deleted!
20260908 013308.179 INFO             PET1       driver: IInitAdvertiseFinish extro {IS}:--- StateLog() end -------------------
20260908 013308.179 INFO             PET1       driver: IInitAdvertiseFinish extro {ES}:--- StateLog() start -----------------
20260908 013308.179 INFO             PET1       driver: IInitAdvertiseFinish extro {ES}:State object is invalid! Not created or deleted!
20260908 013308.179 INFO             PET1       driver: IInitAdvertiseFinish extro {ES}:--- StateLog() end -------------------
20260908 013308.179 INFO             PET1     driver: IInitAdvertiseFinish extro.
20260908 013308.180 INFO             PET1     driver: IInitModifyCplLists intro.
20260908 013308.180 INFO             PET1       driver: IInitModifyCplLists intro {IS}:--- StateLog() start -----------------
20260908 013308.180 INFO             PET1       driver: IInitModifyCplLists intro {IS}:State object is invalid! Not created or deleted!
20260908 013308.180 INFO             PET1       driver: IInitModifyCplLists intro {IS}:--- StateLog() end -------------------
20260908 013308.180 INFO             PET1       driver: IInitModifyCplLists intro {ES}:--- StateLog() start -----------------
20260908 013308.180 INFO             PET1       driver: IInitModifyCplLists intro {ES}:State object is invalid! Not created or deleted!
20260908 013308.180 INFO             PET1       driver: IInitModifyCplLists intro {ES}:--- StateLog() end -------------------
20260908 013308.180 INFO             PET1       >>>driver: entered Initialize (phase=<none>) with current time:    0  1  1  0  0  0   0
20260908 013308.180 INFO             PET1       <<<driver: leaving Initialize (phase=<none>) with current time:    0  1  1  0  0  0   0
20260908 013308.180 INFO             PET1       driver: IInitModifyCplLists extro {IS}:--- StateLog() start -----------------
20260908 013308.180 INFO             PET1       driver: IInitModifyCplLists extro {IS}:State object is invalid! Not created or deleted!
20260908 013308.180 INFO             PET1       driver: IInitModifyCplLists extro {IS}:--- StateLog() end -------------------
20260908 013308.180 INFO             PET1       driver: IInitModifyCplLists extro {ES}:--- StateLog() start -----------------
20260908 013308.180 INFO             PET1       driver: IInitModifyCplLists extro {ES}:State object is invalid! Not created or deleted!
20260908 013308.180 INFO             PET1       driver: IInitModifyCplLists extro {ES}:--- StateLog() end -------------------
20260908 013308.180 INFO             PET1     driver: IInitModifyCplLists extro.
20260908 013308.180 INFO             PET1     <<<driver: leaving Initialize (phase=<none>) with current time:    0  1  1  0  0  0   0
20260908 013308.180 INFO             PET1     driver: InitializeIPDv02p1 extro {IS}:--- StateLog() start -----------------
20260908 013308.180 INFO             PET1     driver: InitializeIPDv02p1 extro {IS}:State object is invalid! Not created or deleted!
20260908 013308.180 INFO             PET1     driver: InitializeIPDv02p1 extro {IS}:--- StateLog() end -------------------
20260908 013308.180 INFO             PET1     driver: InitializeIPDv02p1 extro {ES}:--- StateLog() start -----------------
20260908 013308.180 INFO             PET1     driver: InitializeIPDv02p1 extro {ES}:State object is invalid! Not created or deleted!
20260908 013308.180 INFO             PET1     driver: InitializeIPDv02p1 extro {ES}:--- StateLog() end -------------------
20260908 013308.180 INFO             PET1   driver: InitializeIPDv02p1 extro.
20260908 013308.180 INFO             PET1   driver: InitializeIPDv02p3 intro.
20260908 013308.180 INFO             PET1     driver: InitializeIPDv02p3 intro {IS}:--- StateLog() start -----------------
20260908 013308.180 INFO             PET1     driver: InitializeIPDv02p3 intro {IS}:State object is invalid! Not created or deleted!
20260908 013308.181 INFO             PET1     driver: InitializeIPDv02p3 intro {IS}:--- StateLog() end -------------------
20260908 013308.181 INFO             PET1     driver: InitializeIPDv02p3 intro {ES}:--- StateLog() start -----------------
20260908 013308.181 INFO             PET1     driver: InitializeIPDv02p3 intro {ES}:State object is invalid! Not created or deleted!
20260908 013308.181 INFO             PET1     driver: InitializeIPDv02p3 intro {ES}:--- StateLog() end -------------------
20260908 013308.181 INFO             PET1     >>>driver: entered Initialize (phase=<none>) with current time:    0  1  1  0  0  0   0
20260908 013308.181 INFO             PET1     driver: IInitCheck intro.
20260908 013308.181 INFO             PET1       driver: IInitCheck intro {IS}:--- StateLog() start -----------------
20260908 013308.181 INFO             PET1       driver: IInitCheck intro {IS}:State object is invalid! Not created or deleted!
20260908 013308.181 INFO             PET1       driver: IInitCheck intro {IS}:--- StateLog() end -------------------
20260908 013308.181 INFO             PET1       driver: IInitCheck intro {ES}:--- StateLog() start -----------------
20260908 013308.181 INFO             PET1       driver: IInitCheck intro {ES}:State object is invalid! Not created or deleted!
20260908 013308.181 INFO             PET1       driver: IInitCheck intro {ES}:--- StateLog() end -------------------
20260908 013308.181 INFO             PET1       >>>driver: entered Initialize (phase=<none>) with current time:    0  1  1  0  0  0   0
20260908 013308.181 INFO             PET1       <<<driver: leaving Initialize (phase=<none>) with current time:    0  1  1  0  0  0   0
20260908 013308.181 INFO             PET1       driver: IInitCheck extro {IS}:--- StateLog() start -----------------
20260908 013308.181 INFO             PET1       driver: IInitCheck extro {IS}:State object is invalid! Not created or deleted!
20260908 013308.181 INFO             PET1       driver: IInitCheck extro {IS}:--- StateLog() end -------------------
20260908 013308.181 INFO             PET1       driver: IInitCheck extro {ES}:--- StateLog() start -----------------
20260908 013308.181 INFO             PET1       driver: IInitCheck extro {ES}:State object is invalid! Not created or deleted!
20260908 013308.181 INFO             PET1       driver: IInitCheck extro {ES}:--- StateLog() end -------------------
20260908 013308.181 INFO             PET1     driver: IInitCheck extro.
20260908 013308.181 INFO             PET1     MODEL: InitializeIPDvXp04 intro.
20260908 013308.181 INFO             PET1       MODEL: InitializeIPDvXp04 intro {IS}:--- StateLog() start -----------------
20260908 013308.181 INFO             PET1       MODEL: InitializeIPDvXp04 intro {IS}:<name: MODEL-ImportState> <intent: ESMF_STATEINTENT_IMPORT> <itemCount:    0>
20260908 013308.181 INFO             PET1       MODEL: InitializeIPDvXp04 intro {IS}:--- StateLog() end -------------------
20260908 013308.181 INFO             PET1       MODEL: InitializeIPDvXp04 intro {ES}:--- StateLog() start -----------------
20260908 013308.181 INFO             PET1       MODEL: InitializeIPDvXp04 intro {ES}:<name: MODEL-ExportState> <intent: ESMF_STATEINTENT_EXPORT> <itemCount:    2>
20260908 013308.181 INFO             PET1       MODEL: InitializeIPDvXp04 intro {ES}:+-<item: 0001> <itemType: Field> <itemName: pmsl>
20260908 013308.181 INFO             PET1       MODEL: InitializeIPDvXp04 intro {ES}:!--- FieldLog() start -----------------
20260908 013308.181 INFO             PET1       MODEL: InitializeIPDvXp04 intro {ES}:! <name: pmsl> <fieldStatus: ESMF_FIELDSTATUS_EMPTY>
20260908 013308.182 INFO             PET1       MODEL: InitializeIPDvXp04 intro {ES}:! 0x7fff83c5aaf0 => 0x1171660 => 0x10f5200
20260908 013308.182 INFO             PET1       MODEL: InitializeIPDvXp04 intro {ES}:!--- FieldLog() end -------------------
20260908 013308.182 INFO             PET1       MODEL: InitializeIPDvXp04 intro {ES}:+-<item: 0002> <itemType: Field> <itemName: rsns>
20260908 013308.182 INFO             PET1       MODEL: InitializeIPDvXp04 intro {ES}:!--- FieldLog() start -----------------
20260908 013308.182 INFO             PET1       MODEL: InitializeIPDvXp04 intro {ES}:! <name: rsns> <fieldStatus: ESMF_FIELDSTATUS_EMPTY>
20260908 013308.182 INFO             PET1       MODEL: InitializeIPDvXp04 intro {ES}:! 0x7fff83c5aaf0 => 0x1131fc0 => 0x1209990
20260908 013308.182 INFO             PET1       MODEL: InitializeIPDvXp04 intro {ES}:!--- FieldLog() end -------------------
20260908 013308.182 INFO             PET1       MODEL: InitializeIPDvXp04 intro {ES}:--- StateLog() end -------------------
20260908 013308.182 INFO             PET1       >>>MODEL: entered Initialize (phase=IPDvXp04) without valid internal Clock.
20260908 013308.185 INFO             PET1       After Realize: - MemInfo: [/proc/meminfo - SSI]	MemTotal:       97343016 kB
20260908 013308.185 INFO             PET1       After Realize: - MemInfo: [/proc/meminfo - SSI]	MemFree:        92397680 kB
20260908 013308.185 INFO             PET1       After Realize: - MemInfo: [/proc/meminfo - SSI]	MemAvailable:   92239960 kB
20260908 013308.185 INFO             PET1       After Realize: - MemInfo: [/proc/meminfo - SSI]	Committed_AS:   33886040 kB
20260908 013308.185 INFO             PET1       After Realize: - MemInfo: [/proc/meminfo - SSI]	CommittedPercent: 34.811 %
20260908 013308.185 INFO             PET1       After Realize: - MemInfo: [/proc/self/status]	VmPeak:	10909532 kB
20260908 013308.185 INFO             PET1       After Realize: - MemInfo: [/proc/self/status]	VmSize:	10909532 kB
20260908 013308.185 INFO             PET1       After Realize: - MemInfo: [/proc/self/status]	VmLck:	       0 kB
20260908 013308.185 INFO             PET1       After Realize: - MemInfo: [/proc/self/status]	VmPin:	  111236 kB
20260908 013308.185 INFO             PET1       After Realize: - MemInfo: [/proc/self/status]	VmHWM:	  152628 kB
20260908 013308.185 INFO             PET1       After Realize: - MemInfo: [/proc/self/status]	VmRSS:	  152628 kB
20260908 013308.185 INFO             PET1       After Realize: - MemInfo: [/proc/self/status]	VmData:	  158432 kB
20260908 013308.185 INFO             PET1       After Realize: - MemInfo: [/proc/self/status]	VmStk:	10231136 kB
20260908 013308.185 INFO             PET1       After Realize: - MemInfo: [/proc/self/status]	VmExe:	      24 kB
20260908 013308.185 INFO             PET1       After Realize: - MemInfo: [/proc/self/status]	VmLib:	   48396 kB
20260908 013308.185 INFO             PET1       After Realize: - MemInfo: [/proc/self/status]	VmPTE:	     836 kB
20260908 013308.185 INFO             PET1       After Realize: - MemInfo: [/proc/self/status]	VmSwap:	       0 kB
20260908 013308.185 INFO             PET1       After Realize: - MemInfo: [/proc/self/status]	VmRSSPercent: 0.156794 %
20260908 013308.185 INFO             PET1       After Realize: - MemInfo: [malloc] Non-mmapped space allocated:                 4751360 Byte
20260908 013308.185 INFO             PET1       After Realize: - MemInfo: [malloc] Space allocated in mmapped regions:        122953728 Byte
20260908 013308.185 INFO             PET1       After Realize: - MemInfo: [malloc] Maximum total allocated space:                     0 Byte
20260908 013308.185 INFO             PET1       After Realize: - MemInfo: [malloc] Space in freed fastbin blocks:                     0 Byte
20260908 013308.185 INFO             PET1       After Realize: - MemInfo: [malloc] Total allocated space:                       4034320 Byte
20260908 013308.185 INFO             PET1       After Realize: - MemInfo: [malloc] Total free space:                             717040 Byte
20260908 013308.185 INFO             PET1       After Realize: - MemInfo: [malloc] Top-most, releasable space:                   131776 Byte
20260908 013308.185 INFO             PET1       After Realize: - MemInfo: [malloc] Total space in use, mmap + non-mmap:       126988048 Byte
20260908 013308.185 INFO             PET1       After Realize: - MemInfo: [malloc] Total space held (mmap + non-mmap):        127705088 Byte
20260908 013308.185 INFO             PET1       After Realize: - MemInfo: [malloc] Total space used (mmap + non-mmap):        126996176 Byte
20260908 013308.185 INFO             PET1       After Realize: - MemInfo: Wall-clock time since execution start:              0.0261573 seconds
20260908 013308.185 INFO             PET1       <<<MODEL: leaving Initialize (phase=IPDvXp04) without valid internal Clock.
20260908 013308.185 INFO             PET1       MODEL: InitializeIPDvXp04 extro {IS}:--- StateLog() start -----------------
20260908 013308.185 INFO             PET1       MODEL: InitializeIPDvXp04 extro {IS}:<name: MODEL-ImportState> <intent: ESMF_STATEINTENT_IMPORT> <itemCount:    0>
20260908 013308.185 INFO             PET1       MODEL: InitializeIPDvXp04 extro {IS}:--- StateLog() end -------------------
20260908 013308.185 INFO             PET1       MODEL: InitializeIPDvXp04 extro {ES}:--- StateLog() start -----------------
20260908 013308.185 INFO             PET1       MODEL: InitializeIPDvXp04 extro {ES}:<name: MODEL-ExportState> <intent: ESMF_STATEINTENT_EXPORT> <itemCount:    2>
20260908 013308.185 INFO             PET1       MODEL: InitializeIPDvXp04 extro {ES}:+-<item: 0001> <itemType: Field> <itemName: pmsl>
20260908 013308.185 INFO             PET1       MODEL: InitializeIPDvXp04 extro {ES}:!--- FieldLog() start -----------------
20260908 013308.185 INFO             PET1       MODEL: InitializeIPDvXp04 extro {ES}:! <name: pmsl> <fieldStatus: ESMF_FIELDSTATUS_COMPLETE>
20260908 013308.185 INFO             PET1       MODEL: InitializeIPDvXp04 extro {ES}:! 0x7fff83c5ac20 => 0x120b100 => 0x11c75c0
20260908 013308.186 INFO             PET1       MODEL: InitializeIPDvXp04 extro {ES}:! <typekind: Real*8> <rank:    2> <dimCount:    2>
20260908 013308.186 INFO             PET1       MODEL: InitializeIPDvXp04 extro {ES}:! ! --- Array::log() start -----------------------------------
20260908 013308.186 INFO             PET1       MODEL: InitializeIPDvXp04 extro {ES}:! ! 0x11c8520
20260908 013308.186 INFO             PET1       MODEL: InitializeIPDvXp04 extro {ES}:! ! <name: pmsl>
20260908 013308.186 INFO             PET1       MODEL: InitializeIPDvXp04 extro {ES}:! ! ! --- DistGrid::log() start --------------------------------
20260908 013308.186 INFO             PET1       MODEL: InitializeIPDvXp04 extro {ES}:! ! ! 0x121c460
20260908 013308.186 INFO             PET1       MODEL: InitializeIPDvXp04 extro {ES}:! ! ! DistGrid object is valid!<name: DG-Grid004-sloc:0>
20260908 013308.186 INFO             PET1       MODEL: InitializeIPDvXp04 extro {ES}:! ! ! --- DistGrid::log() end ----------------------------------
20260908 013308.186 INFO             PET1       MODEL: InitializeIPDvXp04 extro {ES}:! ! --- Array::log() end -------------------------------------
20260908 013308.186 INFO             PET1       MODEL: InitializeIPDvXp04 extro {ES}:!--- FieldLog() end -------------------
20260908 013308.186 INFO             PET1       MODEL: InitializeIPDvXp04 extro {ES}:+-<item: 0002> <itemType: Field> <itemName: rsns>
20260908 013308.186 INFO             PET1       MODEL: InitializeIPDvXp04 extro {ES}:!--- FieldLog() start -----------------
20260908 013308.186 INFO             PET1       MODEL: InitializeIPDvXp04 extro {ES}:! <name: rsns> <fieldStatus: ESMF_FIELDSTATUS_COMPLETE>
20260908 013308.186 INFO             PET1       MODEL: InitializeIPDvXp04 extro {ES}:! 0x7fff83c5ac20 => 0x11c9f90 => 0x11ca1c0
20260908 013308.186 INFO             PET1       MODEL: InitializeIPDvXp04 extro {ES}:! <typekind: Real*8> <rank:    2> <dimCount:    2>
20260908 013308.186 INFO             PET1       MODEL: InitializeIPDvXp04 extro {ES}:! ! --- Array::log() start -----------------------------------
20260908 013308.186 INFO             PET1       MODEL: InitializeIPDvXp04 extro {ES}:! ! 0x11cb370
20260908 013308.186 INFO             PET1       MODEL: InitializeIPDvXp04 extro {ES}:! ! <name: rsns>
20260908 013308.186 INFO             PET1       MODEL: InitializeIPDvXp04 extro {ES}:! ! ! --- DistGrid::log() start --------------------------------
20260908 013308.186 INFO             PET1       MODEL: InitializeIPDvXp04 extro {ES}:! ! ! 0x121c460
20260908 013308.186 INFO             PET1       MODEL: InitializeIPDvXp04 extro {ES}:! ! ! DistGrid object is valid!<name: DG-Grid004-sloc:0>
20260908 013308.186 INFO             PET1       MODEL: InitializeIPDvXp04 extro {ES}:! ! ! --- DistGrid::log() end ----------------------------------
20260908 013308.186 INFO             PET1       MODEL: InitializeIPDvXp04 extro {ES}:! ! --- Array::log() end -------------------------------------
20260908 013308.186 INFO             PET1       MODEL: InitializeIPDvXp04 extro {ES}:!--- FieldLog() end -------------------
20260908 013308.186 INFO             PET1       MODEL: InitializeIPDvXp04 extro {ES}:--- StateLog() end -------------------
20260908 013308.186 INFO             PET1     MODEL: InitializeIPDvXp04 extro.
20260908 013308.188 INFO             PET1     driver: IInitRealize intro.
20260908 013308.188 INFO             PET1       driver: IInitRealize intro {IS}:--- StateLog() start -----------------
20260908 013308.188 INFO             PET1       driver: IInitRealize intro {IS}:State object is invalid! Not created or deleted!
20260908 013308.188 INFO             PET1       driver: IInitRealize intro {IS}:--- StateLog() end -------------------
20260908 013308.188 INFO             PET1       driver: IInitRealize intro {ES}:--- StateLog() start -----------------
20260908 013308.188 INFO             PET1       driver: IInitRealize intro {ES}:State object is invalid! Not created or deleted!
20260908 013308.188 INFO             PET1       driver: IInitRealize intro {ES}:--- StateLog() end -------------------
20260908 013308.188 INFO             PET1       >>>driver: entered Initialize (phase=<none>) with current time:    0  1  1  0  0  0   0
20260908 013308.188 INFO             PET1       <<<driver: leaving Initialize (phase=<none>) with current time:    0  1  1  0  0  0   0
20260908 013308.188 INFO             PET1       driver: IInitRealize extro {IS}:--- StateLog() start -----------------
20260908 013308.188 INFO             PET1       driver: IInitRealize extro {IS}:State object is invalid! Not created or deleted!
20260908 013308.188 INFO             PET1       driver: IInitRealize extro {IS}:--- StateLog() end -------------------
20260908 013308.188 INFO             PET1       driver: IInitRealize extro {ES}:--- StateLog() start -----------------
20260908 013308.188 INFO             PET1       driver: IInitRealize extro {ES}:State object is invalid! Not created or deleted!
20260908 013308.188 INFO             PET1       driver: IInitRealize extro {ES}:--- StateLog() end -------------------
20260908 013308.188 INFO             PET1     driver: IInitRealize extro.
20260908 013308.189 INFO             PET1     MODEL: InitializeIPDvXp07 intro.
20260908 013308.189 INFO             PET1       MODEL: InitializeIPDvXp07 intro {IS}:--- StateLog() start -----------------
20260908 013308.189 INFO             PET1       MODEL: InitializeIPDvXp07 intro {IS}:<name: MODEL-ImportState> <intent: ESMF_STATEINTENT_IMPORT> <itemCount:    0>
20260908 013308.189 INFO             PET1       MODEL: InitializeIPDvXp07 intro {IS}:--- StateLog() end -------------------
20260908 013308.189 INFO             PET1       MODEL: InitializeIPDvXp07 intro {ES}:--- StateLog() start -----------------
20260908 013308.189 INFO             PET1       MODEL: InitializeIPDvXp07 intro {ES}:<name: MODEL-ExportState> <intent: ESMF_STATEINTENT_EXPORT> <itemCount:    2>
20260908 013308.189 INFO             PET1       MODEL: InitializeIPDvXp07 intro {ES}:+-<item: 0001> <itemType: Field> <itemName: pmsl>
20260908 013308.189 INFO             PET1       MODEL: InitializeIPDvXp07 intro {ES}:!--- FieldLog() start -----------------
20260908 013308.189 INFO             PET1       MODEL: InitializeIPDvXp07 intro {ES}:! <name: pmsl> <fieldStatus: ESMF_FIELDSTATUS_COMPLETE>
20260908 013308.189 INFO             PET1       MODEL: InitializeIPDvXp07 intro {ES}:! 0x7fff83c597f0 => 0x120b100 => 0x11c75c0
20260908 013308.189 INFO             PET1       MODEL: InitializeIPDvXp07 intro {ES}:! <typekind: Real*8> <rank:    2> <dimCount:    2>
20260908 013308.189 INFO             PET1       MODEL: InitializeIPDvXp07 intro {ES}:! ! --- Array::log() start -----------------------------------
20260908 013308.189 INFO             PET1       MODEL: InitializeIPDvXp07 intro {ES}:! ! 0x11c8520
20260908 013308.189 INFO             PET1       MODEL: InitializeIPDvXp07 intro {ES}:! ! <name: pmsl>
20260908 013308.189 INFO             PET1       MODEL: InitializeIPDvXp07 intro {ES}:! ! ! --- DistGrid::log() start --------------------------------
20260908 013308.189 INFO             PET1       MODEL: InitializeIPDvXp07 intro {ES}:! ! ! 0x121c460
20260908 013308.189 INFO             PET1       MODEL: InitializeIPDvXp07 intro {ES}:! ! ! DistGrid object is valid!<name: DG-Grid004-sloc:0>
20260908 013308.189 INFO             PET1       MODEL: InitializeIPDvXp07 intro {ES}:! ! ! --- DistGrid::log() end ----------------------------------
20260908 013308.189 INFO             PET1       MODEL: InitializeIPDvXp07 intro {ES}:! ! --- Array::log() end -------------------------------------
20260908 013308.189 INFO             PET1       MODEL: InitializeIPDvXp07 intro {ES}:!--- FieldLog() end -------------------
20260908 013308.189 INFO             PET1       MODEL: InitializeIPDvXp07 intro {ES}:+-<item: 0002> <itemType: Field> <itemName: rsns>
20260908 013308.189 INFO             PET1       MODEL: InitializeIPDvXp07 intro {ES}:!--- FieldLog() start -----------------
20260908 013308.189 INFO             PET1       MODEL: InitializeIPDvXp07 intro {ES}:! <name: rsns> <fieldStatus: ESMF_FIELDSTATUS_COMPLETE>
20260908 013308.189 INFO             PET1       MODEL: InitializeIPDvXp07 intro {ES}:! 0x7fff83c597f0 => 0x11c9f90 => 0x11ca1c0
20260908 013308.189 INFO             PET1       MODEL: InitializeIPDvXp07 intro {ES}:! <typekind: Real*8> <rank:    2> <dimCount:    2>
20260908 013308.189 INFO             PET1       MODEL: InitializeIPDvXp07 intro {ES}:! ! --- Array::log() start -----------------------------------
20260908 013308.189 INFO             PET1       MODEL: InitializeIPDvXp07 intro {ES}:! ! 0x11cb370
20260908 013308.189 INFO             PET1       MODEL: InitializeIPDvXp07 intro {ES}:! ! <name: rsns>
20260908 013308.189 INFO             PET1       MODEL: InitializeIPDvXp07 intro {ES}:! ! ! --- DistGrid::log() start --------------------------------
20260908 013308.189 INFO             PET1       MODEL: InitializeIPDvXp07 intro {ES}:! ! ! 0x121c460
20260908 013308.189 INFO             PET1       MODEL: InitializeIPDvXp07 intro {ES}:! ! ! DistGrid object is valid!<name: DG-Grid004-sloc:0>
20260908 013308.189 INFO             PET1       MODEL: InitializeIPDvXp07 intro {ES}:! ! ! --- DistGrid::log() end ----------------------------------
20260908 013308.189 INFO             PET1       MODEL: InitializeIPDvXp07 intro {ES}:! ! --- Array::log() end -------------------------------------
20260908 013308.189 INFO             PET1       MODEL: InitializeIPDvXp07 intro {ES}:!--- FieldLog() end -------------------
20260908 013308.189 INFO             PET1       MODEL: InitializeIPDvXp07 intro {ES}:--- StateLog() end -------------------
20260908 013308.189 INFO             PET1       >>>MODEL: entered Initialize (phase=IPDvXp07) without valid internal Clock.
20260908 013308.190 INFO             PET1       <<<MODEL: leaving Initialize (phase=IPDvXp07) with current time:    0  1  1  0  0  0   0
20260908 013308.190 INFO             PET1       MODEL: InitializeIPDvXp07 extro {IS}:--- StateLog() start -----------------
20260908 013308.190 INFO             PET1       MODEL: InitializeIPDvXp07 extro {IS}:<name: MODEL-ImportState> <intent: ESMF_STATEINTENT_IMPORT> <itemCount:    0>
20260908 013308.190 INFO             PET1       MODEL: InitializeIPDvXp07 extro {IS}:--- StateLog() end -------------------
20260908 013308.190 INFO             PET1       MODEL: InitializeIPDvXp07 extro {ES}:--- StateLog() start -----------------
20260908 013308.190 INFO             PET1       MODEL: InitializeIPDvXp07 extro {ES}:<name: MODEL-ExportState> <intent: ESMF_STATEINTENT_EXPORT> <itemCount:    2>
20260908 013308.190 INFO             PET1       MODEL: InitializeIPDvXp07 extro {ES}:+-<item: 0001> <itemType: Field> <itemName: pmsl>
20260908 013308.190 INFO             PET1       MODEL: InitializeIPDvXp07 extro {ES}:!--- FieldLog() start -----------------
20260908 013308.190 INFO             PET1       MODEL: InitializeIPDvXp07 extro {ES}:! <name: pmsl> <fieldStatus: ESMF_FIELDSTATUS_COMPLETE>
20260908 013308.190 INFO             PET1       MODEL: InitializeIPDvXp07 extro {ES}:! 0x7fff83c59920 => 0x120b100 => 0x11c75c0
20260908 013308.190 INFO             PET1       MODEL: InitializeIPDvXp07 extro {ES}:! <typekind: Real*8> <rank:    2> <dimCount:    2>
20260908 013308.190 INFO             PET1       MODEL: InitializeIPDvXp07 extro {ES}:! ! --- Array::log() start -----------------------------------
20260908 013308.190 INFO             PET1       MODEL: InitializeIPDvXp07 extro {ES}:! ! 0x11c8520
20260908 013308.190 INFO             PET1       MODEL: InitializeIPDvXp07 extro {ES}:! ! <name: pmsl>
20260908 013308.190 INFO             PET1       MODEL: InitializeIPDvXp07 extro {ES}:! ! ! --- DistGrid::log() start --------------------------------
20260908 013308.190 INFO             PET1       MODEL: InitializeIPDvXp07 extro {ES}:! ! ! 0x121c460
20260908 013308.190 INFO             PET1       MODEL: InitializeIPDvXp07 extro {ES}:! ! ! DistGrid object is valid!<name: DG-Grid004-sloc:0>
20260908 013308.190 INFO             PET1       MODEL: InitializeIPDvXp07 extro {ES}:! ! ! --- DistGrid::log() end ----------------------------------
20260908 013308.190 INFO             PET1       MODEL: InitializeIPDvXp07 extro {ES}:! ! --- Array::log() end -------------------------------------
20260908 013308.190 INFO             PET1       MODEL: InitializeIPDvXp07 extro {ES}:!--- FieldLog() end -------------------
20260908 013308.190 INFO             PET1       MODEL: InitializeIPDvXp07 extro {ES}:+-<item: 0002> <itemType: Field> <itemName: rsns>
20260908 013308.190 INFO             PET1       MODEL: InitializeIPDvXp07 extro {ES}:!--- FieldLog() start -----------------
20260908 013308.190 INFO             PET1       MODEL: InitializeIPDvXp07 extro {ES}:! <name: rsns> <fieldStatus: ESMF_FIELDSTATUS_COMPLETE>
20260908 013308.190 INFO             PET1       MODEL: InitializeIPDvXp07 extro {ES}:! 0x7fff83c59920 => 0x11c9f90 => 0x11ca1c0
20260908 013308.190 INFO             PET1       MODEL: InitializeIPDvXp07 extro {ES}:! <typekind: Real*8> <rank:    2> <dimCount:    2>
20260908 013308.190 INFO             PET1       MODEL: InitializeIPDvXp07 extro {ES}:! ! --- Array::log() start -----------------------------------
20260908 013308.190 INFO             PET1       MODEL: InitializeIPDvXp07 extro {ES}:! ! 0x11cb370
20260908 013308.190 INFO             PET1       MODEL: InitializeIPDvXp07 extro {ES}:! ! <name: rsns>
20260908 013308.190 INFO             PET1       MODEL: InitializeIPDvXp07 extro {ES}:! ! ! --- DistGrid::log() start --------------------------------
20260908 013308.190 INFO             PET1       MODEL: InitializeIPDvXp07 extro {ES}:! ! ! 0x121c460
20260908 013308.190 INFO             PET1       MODEL: InitializeIPDvXp07 extro {ES}:! ! ! DistGrid object is valid!<name: DG-Grid004-sloc:0>
20260908 013308.190 INFO             PET1       MODEL: InitializeIPDvXp07 extro {ES}:! ! ! --- DistGrid::log() end ----------------------------------
20260908 013308.190 INFO             PET1       MODEL: InitializeIPDvXp07 extro {ES}:! ! --- Array::log() end -------------------------------------
20260908 013308.190 INFO             PET1       MODEL: InitializeIPDvXp07 extro {ES}:!--- FieldLog() end -------------------
20260908 013308.190 INFO             PET1       MODEL: InitializeIPDvXp07 extro {ES}:--- StateLog() end -------------------
20260908 013308.190 INFO             PET1     MODEL: InitializeIPDvXp07 extro.
20260908 013308.190 INFO             PET1     <<<driver: leaving Initialize (phase=<none>) with current time:    0  1  1  0  0  0   0
20260908 013308.190 INFO             PET1     driver: InitializeIPDv02p3 extro {IS}:--- StateLog() start -----------------
20260908 013308.190 INFO             PET1     driver: InitializeIPDv02p3 extro {IS}:State object is invalid! Not created or deleted!
20260908 013308.190 INFO             PET1     driver: InitializeIPDv02p3 extro {IS}:--- StateLog() end -------------------
20260908 013308.190 INFO             PET1     driver: InitializeIPDv02p3 extro {ES}:--- StateLog() start -----------------
20260908 013308.190 INFO             PET1     driver: InitializeIPDv02p3 extro {ES}:State object is invalid! Not created or deleted!
20260908 013308.190 INFO             PET1     driver: InitializeIPDv02p3 extro {ES}:--- StateLog() end -------------------
20260908 013308.190 INFO             PET1   driver: InitializeIPDv02p3 extro.
20260908 013308.191 INFO             PET1   driver: InitializeIPDv02p5 intro.
20260908 013308.191 INFO             PET1     driver: InitializeIPDv02p5 intro {IS}:--- StateLog() start -----------------
20260908 013308.191 INFO             PET1     driver: InitializeIPDv02p5 intro {IS}:State object is invalid! Not created or deleted!
20260908 013308.191 INFO             PET1     driver: InitializeIPDv02p5 intro {IS}:--- StateLog() end -------------------
20260908 013308.191 INFO             PET1     driver: InitializeIPDv02p5 intro {ES}:--- StateLog() start -----------------
20260908 013308.191 INFO             PET1     driver: InitializeIPDv02p5 intro {ES}:State object is invalid! Not created or deleted!
20260908 013308.191 INFO             PET1     driver: InitializeIPDv02p5 intro {ES}:--- StateLog() end -------------------
20260908 013308.191 INFO             PET1     >>>driver: entered Initialize (phase=<none>) with current time:    0  1  1  0  0  0   0
20260908 013308.191 INFO             PET1     driver: this is a top level driver, no 'Updated' and 'InitializeDataComplete' info on this level.
20260908 013308.191 INFO             PET1     driver: InitializeIPDv02p5Data intro.
20260908 013308.191 INFO             PET1       driver: InitializeIPDv02p5Data intro {IS}:--- StateLog() start -----------------
20260908 013308.191 INFO             PET1       driver: InitializeIPDv02p5Data intro {IS}:State object is invalid! Not created or deleted!
20260908 013308.191 INFO             PET1       driver: InitializeIPDv02p5Data intro {IS}:--- StateLog() end -------------------
20260908 013308.191 INFO             PET1       driver: InitializeIPDv02p5Data intro {ES}:--- StateLog() start -----------------
20260908 013308.191 INFO             PET1       driver: InitializeIPDv02p5Data intro {ES}:State object is invalid! Not created or deleted!
20260908 013308.191 INFO             PET1       driver: InitializeIPDv02p5Data intro {ES}:--- StateLog() end -------------------
20260908 013308.191 INFO             PET1       >>>driver: entered Initialize (phase=<none>) with current time:    0  1  1  0  0  0   0
20260908 013308.191 INFO             PET1       driver: InternalInitializeComplete intro.
20260908 013308.191 INFO             PET1         driver: InternalInitializeComplete intro {IS}:--- StateLog() start -----------------
20260908 013308.191 INFO             PET1         driver: InternalInitializeComplete intro {IS}:State object is invalid! Not created or deleted!
20260908 013308.191 INFO             PET1         driver: InternalInitializeComplete intro {IS}:--- StateLog() end -------------------
20260908 013308.191 INFO             PET1         driver: InternalInitializeComplete intro {ES}:--- StateLog() start -----------------
20260908 013308.191 INFO             PET1         driver: InternalInitializeComplete intro {ES}:State object is invalid! Not created or deleted!
20260908 013308.191 INFO             PET1         driver: InternalInitializeComplete intro {ES}:--- StateLog() end -------------------
20260908 013308.191 INFO             PET1         >>>driver: entered Initialize (phase=<none>) with current time:    0  1  1  0  0  0   0
20260908 013308.191 INFO             PET1         driver: InitializeDataComplete='true'
20260908 013308.192 INFO             PET1         <<<driver: leaving Initialize (phase=<none>) with current time:    0  1  1  0  0  0   0
20260908 013308.192 INFO             PET1         driver: InternalInitializeComplete extro {IS}:--- StateLog() start -----------------
20260908 013308.192 INFO             PET1         driver: InternalInitializeComplete extro {IS}:State object is invalid! Not created or deleted!
20260908 013308.192 INFO             PET1         driver: InternalInitializeComplete extro {IS}:--- StateLog() end -------------------
20260908 013308.192 INFO             PET1         driver: InternalInitializeComplete extro {ES}:--- StateLog() start -----------------
20260908 013308.192 INFO             PET1         driver: InternalInitializeComplete extro {ES}:State object is invalid! Not created or deleted!
20260908 013308.192 INFO             PET1         driver: InternalInitializeComplete extro {ES}:--- StateLog() end -------------------
20260908 013308.192 INFO             PET1       driver: InternalInitializeComplete extro.
20260908 013308.192 INFO             PET1       MODEL: InitializeIPDvXp08 intro.
20260908 013308.192 INFO             PET1         MODEL: InitializeIPDvXp08 intro {IS}:--- StateLog() start -----------------
20260908 013308.192 INFO             PET1         MODEL: InitializeIPDvXp08 intro {IS}:<name: MODEL-ImportState> <intent: ESMF_STATEINTENT_IMPORT> <itemCount:    0>
20260908 013308.192 INFO             PET1         MODEL: InitializeIPDvXp08 intro {IS}:--- StateLog() end -------------------
20260908 013308.192 INFO             PET1         MODEL: InitializeIPDvXp08 intro {ES}:--- StateLog() start -----------------
20260908 013308.192 INFO             PET1         MODEL: InitializeIPDvXp08 intro {ES}:<name: MODEL-ExportState> <intent: ESMF_STATEINTENT_EXPORT> <itemCount:    2>
20260908 013308.192 INFO             PET1         MODEL: InitializeIPDvXp08 intro {ES}:+-<item: 0001> <itemType: Field> <itemName: pmsl>
20260908 013308.192 INFO             PET1         MODEL: InitializeIPDvXp08 intro {ES}:!--- FieldLog() start -----------------
20260908 013308.192 INFO             PET1         MODEL: InitializeIPDvXp08 intro {ES}:! <name: pmsl> <fieldStatus: ESMF_FIELDSTATUS_COMPLETE>
20260908 013308.192 INFO             PET1         MODEL: InitializeIPDvXp08 intro {ES}:! 0x7fff83c57440 => 0x120b100 => 0x11c75c0
20260908 013308.192 INFO             PET1         MODEL: InitializeIPDvXp08 intro {ES}:! <typekind: Real*8> <rank:    2> <dimCount:    2>
20260908 013308.192 INFO             PET1         MODEL: InitializeIPDvXp08 intro {ES}:! ! --- Array::log() start -----------------------------------
20260908 013308.192 INFO             PET1         MODEL: InitializeIPDvXp08 intro {ES}:! ! 0x11c8520
20260908 013308.192 INFO             PET1         MODEL: InitializeIPDvXp08 intro {ES}:! ! <name: pmsl>
20260908 013308.192 INFO             PET1         MODEL: InitializeIPDvXp08 intro {ES}:! ! ! --- DistGrid::log() start --------------------------------
20260908 013308.192 INFO             PET1         MODEL: InitializeIPDvXp08 intro {ES}:! ! ! 0x121c460
20260908 013308.192 INFO             PET1         MODEL: InitializeIPDvXp08 intro {ES}:! ! ! DistGrid object is valid!<name: DG-Grid004-sloc:0>
20260908 013308.192 INFO             PET1         MODEL: InitializeIPDvXp08 intro {ES}:! ! ! --- DistGrid::log() end ----------------------------------
20260908 013308.192 INFO             PET1         MODEL: InitializeIPDvXp08 intro {ES}:! ! --- Array::log() end -------------------------------------
20260908 013308.192 INFO             PET1         MODEL: InitializeIPDvXp08 intro {ES}:!--- FieldLog() end -------------------
20260908 013308.192 INFO             PET1         MODEL: InitializeIPDvXp08 intro {ES}:+-<item: 0002> <itemType: Field> <itemName: rsns>
20260908 013308.192 INFO             PET1         MODEL: InitializeIPDvXp08 intro {ES}:!--- FieldLog() start -----------------
20260908 013308.192 INFO             PET1         MODEL: InitializeIPDvXp08 intro {ES}:! <name: rsns> <fieldStatus: ESMF_FIELDSTATUS_COMPLETE>
20260908 013308.192 INFO             PET1         MODEL: InitializeIPDvXp08 intro {ES}:! 0x7fff83c57440 => 0x11c9f90 => 0x11ca1c0
20260908 013308.192 INFO             PET1         MODEL: InitializeIPDvXp08 intro {ES}:! <typekind: Real*8> <rank:    2> <dimCount:    2>
20260908 013308.192 INFO             PET1         MODEL: InitializeIPDvXp08 intro {ES}:! ! --- Array::log() start -----------------------------------
20260908 013308.193 INFO             PET1         MODEL: InitializeIPDvXp08 intro {ES}:! ! 0x11cb370
20260908 013308.193 INFO             PET1         MODEL: InitializeIPDvXp08 intro {ES}:! ! <name: rsns>
20260908 013308.193 INFO             PET1         MODEL: InitializeIPDvXp08 intro {ES}:! ! ! --- DistGrid::log() start --------------------------------
20260908 013308.193 INFO             PET1         MODEL: InitializeIPDvXp08 intro {ES}:! ! ! 0x121c460
20260908 013308.193 INFO             PET1         MODEL: InitializeIPDvXp08 intro {ES}:! ! ! DistGrid object is valid!<name: DG-Grid004-sloc:0>
20260908 013308.193 INFO             PET1         MODEL: InitializeIPDvXp08 intro {ES}:! ! ! --- DistGrid::log() end ----------------------------------
20260908 013308.193 INFO             PET1         MODEL: InitializeIPDvXp08 intro {ES}:! ! --- Array::log() end -------------------------------------
20260908 013308.193 INFO             PET1         MODEL: InitializeIPDvXp08 intro {ES}:!--- FieldLog() end -------------------
20260908 013308.193 INFO             PET1         MODEL: InitializeIPDvXp08 intro {ES}:--- StateLog() end -------------------
20260908 013308.193 INFO             PET1         >>>MODEL: entered Initialize (phase=IPDv05p8) with current time:    0  1  1  0  0  0   0
20260908 013308.193 INFO             PET1         MODEL: InitializeDataProgress='false', InitializeDataComplete='false'
20260908 013308.193 INFO             PET1         <<<MODEL: leaving Initialize (phase=IPDv05p8) with current time:    0  1  1  0  0  0   0
20260908 013308.193 INFO             PET1         MODEL: InitializeIPDvXp08 extro {IS}:--- StateLog() start -----------------
20260908 013308.193 INFO             PET1         MODEL: InitializeIPDvXp08 extro {IS}:<name: MODEL-ImportState> <intent: ESMF_STATEINTENT_IMPORT> <itemCount:    0>
20260908 013308.193 INFO             PET1         MODEL: InitializeIPDvXp08 extro {IS}:--- StateLog() end -------------------
20260908 013308.193 INFO             PET1         MODEL: InitializeIPDvXp08 extro {ES}:--- StateLog() start -----------------
20260908 013308.193 INFO             PET1         MODEL: InitializeIPDvXp08 extro {ES}:<name: MODEL-ExportState> <intent: ESMF_STATEINTENT_EXPORT> <itemCount:    2>
20260908 013308.193 INFO             PET1         MODEL: InitializeIPDvXp08 extro {ES}:+-<item: 0001> <itemType: Field> <itemName: pmsl>
20260908 013308.193 INFO             PET1         MODEL: InitializeIPDvXp08 extro {ES}:!--- FieldLog() start -----------------
20260908 013308.193 INFO             PET1         MODEL: InitializeIPDvXp08 extro {ES}:! <name: pmsl> <fieldStatus: ESMF_FIELDSTATUS_COMPLETE>
20260908 013308.193 INFO             PET1         MODEL: InitializeIPDvXp08 extro {ES}:! 0x7fff83c57570 => 0x120b100 => 0x11c75c0
20260908 013308.193 INFO             PET1         MODEL: InitializeIPDvXp08 extro {ES}:! <typekind: Real*8> <rank:    2> <dimCount:    2>
20260908 013308.193 INFO             PET1         MODEL: InitializeIPDvXp08 extro {ES}:! ! --- Array::log() start -----------------------------------
20260908 013308.193 INFO             PET1         MODEL: InitializeIPDvXp08 extro {ES}:! ! 0x11c8520
20260908 013308.193 INFO             PET1         MODEL: InitializeIPDvXp08 extro {ES}:! ! <name: pmsl>
20260908 013308.193 INFO             PET1         MODEL: InitializeIPDvXp08 extro {ES}:! ! ! --- DistGrid::log() start --------------------------------
20260908 013308.193 INFO             PET1         MODEL: InitializeIPDvXp08 extro {ES}:! ! ! 0x121c460
20260908 013308.193 INFO             PET1         MODEL: InitializeIPDvXp08 extro {ES}:! ! ! DistGrid object is valid!<name: DG-Grid004-sloc:0>
20260908 013308.193 INFO             PET1         MODEL: InitializeIPDvXp08 extro {ES}:! ! ! --- DistGrid::log() end ----------------------------------
20260908 013308.193 INFO             PET1         MODEL: InitializeIPDvXp08 extro {ES}:! ! --- Array::log() end -------------------------------------
20260908 013308.193 INFO             PET1         MODEL: InitializeIPDvXp08 extro {ES}:!--- FieldLog() end -------------------
20260908 013308.194 INFO             PET1         MODEL: InitializeIPDvXp08 extro {ES}:+-<item: 0002> <itemType: Field> <itemName: rsns>
20260908 013308.194 INFO             PET1         MODEL: InitializeIPDvXp08 extro {ES}:!--- FieldLog() start -----------------
20260908 013308.194 INFO             PET1         MODEL: InitializeIPDvXp08 extro {ES}:! <name: rsns> <fieldStatus: ESMF_FIELDSTATUS_COMPLETE>
20260908 013308.194 INFO             PET1         MODEL: InitializeIPDvXp08 extro {ES}:! 0x7fff83c57570 => 0x11c9f90 => 0x11ca1c0
20260908 013308.194 INFO             PET1         MODEL: InitializeIPDvXp08 extro {ES}:! <typekind: Real*8> <rank:    2> <dimCount:    2>
20260908 013308.194 INFO             PET1         MODEL: InitializeIPDvXp08 extro {ES}:! ! --- Array::log() start -----------------------------------
20260908 013308.194 INFO             PET1         MODEL: InitializeIPDvXp08 extro {ES}:! ! 0x11cb370
20260908 013308.194 INFO             PET1         MODEL: InitializeIPDvXp08 extro {ES}:! ! <name: rsns>
20260908 013308.194 INFO             PET1         MODEL: InitializeIPDvXp08 extro {ES}:! ! ! --- DistGrid::log() start --------------------------------
20260908 013308.194 INFO             PET1         MODEL: InitializeIPDvXp08 extro {ES}:! ! ! 0x121c460
20260908 013308.194 INFO             PET1         MODEL: InitializeIPDvXp08 extro {ES}:! ! ! DistGrid object is valid!<name: DG-Grid004-sloc:0>
20260908 013308.194 INFO             PET1         MODEL: InitializeIPDvXp08 extro {ES}:! ! ! --- DistGrid::log() end ----------------------------------
20260908 013308.194 INFO             PET1         MODEL: InitializeIPDvXp08 extro {ES}:! ! --- Array::log() end -------------------------------------
20260908 013308.194 INFO             PET1         MODEL: InitializeIPDvXp08 extro {ES}:!--- FieldLog() end -------------------
20260908 013308.194 INFO             PET1         MODEL: InitializeIPDvXp08 extro {ES}:--- StateLog() end -------------------
20260908 013308.194 INFO             PET1       MODEL: InitializeIPDvXp08 extro.
20260908 013308.195 INFO             PET1       driver: components present that trigger loopDataDependentInitialize().
20260908 013308.195 INFO             PET1       driver: loopDataDependentInitialize intro.
20260908 013308.195 INFO             PET1         driver: loopDataDependentInitialize intro {IS}:--- StateLog() start -----------------
20260908 013308.196 INFO             PET1         driver: loopDataDependentInitialize intro {IS}:State object is invalid! Not created or deleted!
20260908 013308.196 INFO             PET1         driver: loopDataDependentInitialize intro {IS}:--- StateLog() end -------------------
20260908 013308.196 INFO             PET1         driver: loopDataDependentInitialize intro {ES}:--- StateLog() start -----------------
20260908 013308.196 INFO             PET1         driver: loopDataDependentInitialize intro {ES}:State object is invalid! Not created or deleted!
20260908 013308.196 INFO             PET1         driver: loopDataDependentInitialize intro {ES}:--- StateLog() end -------------------
20260908 013308.196 INFO             PET1         >>>driver: entered Initialize (phase=<none>) with current time:    0  1  1  0  0  0   0
20260908 013308.196 INFO             PET1         driver: component    0=driver, dataComplete (local): true
20260908 013308.196 INFO             PET1         driver: component    0=driver, dataComplete (global):  T
20260908 013308.196 INFO             PET1         driver: component    1=MODEL, dataComplete (local): false
20260908 013308.196 INFO             PET1         driver: component    1=MODEL, dataComplete (global):  F
20260908 013308.196 INFO             PET1         MODEL: InitializeIPDvXp08 intro.
20260908 013308.196 INFO             PET1           MODEL: InitializeIPDvXp08 intro {IS}:--- StateLog() start -----------------
20260908 013308.196 INFO             PET1           MODEL: InitializeIPDvXp08 intro {IS}:<name: MODEL-ImportState> <intent: ESMF_STATEINTENT_IMPORT> <itemCount:    0>
20260908 013308.196 INFO             PET1           MODEL: InitializeIPDvXp08 intro {IS}:--- StateLog() end -------------------
20260908 013308.196 INFO             PET1           MODEL: InitializeIPDvXp08 intro {ES}:--- StateLog() start -----------------
20260908 013308.196 INFO             PET1           MODEL: InitializeIPDvXp08 intro {ES}:<name: MODEL-ExportState> <intent: ESMF_STATEINTENT_EXPORT> <itemCount:    2>
20260908 013308.196 INFO             PET1           MODEL: InitializeIPDvXp08 intro {ES}:+-<item: 0001> <itemType: Field> <itemName: pmsl>
20260908 013308.196 INFO             PET1           MODEL: InitializeIPDvXp08 intro {ES}:!--- FieldLog() start -----------------
20260908 013308.196 INFO             PET1           MODEL: InitializeIPDvXp08 intro {ES}:! <name: pmsl> <fieldStatus: ESMF_FIELDSTATUS_COMPLETE>
20260908 013308.196 INFO             PET1           MODEL: InitializeIPDvXp08 intro {ES}:! 0x7fff83c4fa30 => 0x120b100 => 0x11c75c0
20260908 013308.196 INFO             PET1           MODEL: InitializeIPDvXp08 intro {ES}:! <typekind: Real*8> <rank:    2> <dimCount:    2>
20260908 013308.196 INFO             PET1           MODEL: InitializeIPDvXp08 intro {ES}:! ! --- Array::log() start -----------------------------------
20260908 013308.196 INFO             PET1           MODEL: InitializeIPDvXp08 intro {ES}:! ! 0x11c8520
20260908 013308.196 INFO             PET1           MODEL: InitializeIPDvXp08 intro {ES}:! ! <name: pmsl>
20260908 013308.196 INFO             PET1           MODEL: InitializeIPDvXp08 intro {ES}:! ! ! --- DistGrid::log() start --------------------------------
20260908 013308.196 INFO             PET1           MODEL: InitializeIPDvXp08 intro {ES}:! ! ! 0x121c460
20260908 013308.196 INFO             PET1           MODEL: InitializeIPDvXp08 intro {ES}:! ! ! DistGrid object is valid!<name: DG-Grid004-sloc:0>
20260908 013308.196 INFO             PET1           MODEL: InitializeIPDvXp08 intro {ES}:! ! ! --- DistGrid::log() end ----------------------------------
20260908 013308.196 INFO             PET1           MODEL: InitializeIPDvXp08 intro {ES}:! ! --- Array::log() end -------------------------------------
20260908 013308.196 INFO             PET1           MODEL: InitializeIPDvXp08 intro {ES}:!--- FieldLog() end -------------------
20260908 013308.197 INFO             PET1           MODEL: InitializeIPDvXp08 intro {ES}:+-<item: 0002> <itemType: Field> <itemName: rsns>
20260908 013308.197 INFO             PET1           MODEL: InitializeIPDvXp08 intro {ES}:!--- FieldLog() start -----------------
20260908 013308.197 INFO             PET1           MODEL: InitializeIPDvXp08 intro {ES}:! <name: rsns> <fieldStatus: ESMF_FIELDSTATUS_COMPLETE>
20260908 013308.197 INFO             PET1           MODEL: InitializeIPDvXp08 intro {ES}:! 0x7fff83c4fa30 => 0x11c9f90 => 0x11ca1c0
20260908 013308.197 INFO             PET1           MODEL: InitializeIPDvXp08 intro {ES}:! <typekind: Real*8> <rank:    2> <dimCount:    2>
20260908 013308.197 INFO             PET1           MODEL: InitializeIPDvXp08 intro {ES}:! ! --- Array::log() start -----------------------------------
20260908 013308.197 INFO             PET1           MODEL: InitializeIPDvXp08 intro {ES}:! ! 0x11cb370
20260908 013308.197 INFO             PET1           MODEL: InitializeIPDvXp08 intro {ES}:! ! <name: rsns>
20260908 013308.197 INFO             PET1           MODEL: InitializeIPDvXp08 intro {ES}:! ! ! --- DistGrid::log() start --------------------------------
20260908 013308.197 INFO             PET1           MODEL: InitializeIPDvXp08 intro {ES}:! ! ! 0x121c460
20260908 013308.197 INFO             PET1           MODEL: InitializeIPDvXp08 intro {ES}:! ! ! DistGrid object is valid!<name: DG-Grid004-sloc:0>
20260908 013308.197 INFO             PET1           MODEL: InitializeIPDvXp08 intro {ES}:! ! ! --- DistGrid::log() end ----------------------------------
20260908 013308.197 INFO             PET1           MODEL: InitializeIPDvXp08 intro {ES}:! ! --- Array::log() end -------------------------------------
20260908 013308.197 INFO             PET1           MODEL: InitializeIPDvXp08 intro {ES}:!--- FieldLog() end -------------------
20260908 013308.197 INFO             PET1           MODEL: InitializeIPDvXp08 intro {ES}:--- StateLog() end -------------------
20260908 013308.197 INFO             PET1           >>>MODEL: entered Initialize (phase=IPDv05p8) with current time:    0  1  1  0  0  0   0
20260908 013308.197 INFO             PET1           MODEL: InitializeDataProgress='true', InitializeDataComplete='true'
20260908 013308.197 INFO             PET1           <<<MODEL: leaving Initialize (phase=IPDv05p8) with current time:    0  1  1  0  0  0   0
20260908 013308.197 INFO             PET1           MODEL: InitializeIPDvXp08 extro {IS}:--- StateLog() start -----------------
20260908 013308.197 INFO             PET1           MODEL: InitializeIPDvXp08 extro {IS}:<name: MODEL-ImportState> <intent: ESMF_STATEINTENT_IMPORT> <itemCount:    0>
20260908 013308.197 INFO             PET1           MODEL: InitializeIPDvXp08 extro {IS}:--- StateLog() end -------------------
20260908 013308.197 INFO             PET1           MODEL: InitializeIPDvXp08 extro {ES}:--- StateLog() start -----------------
20260908 013308.197 INFO             PET1           MODEL: InitializeIPDvXp08 extro {ES}:<name: MODEL-ExportState> <intent: ESMF_STATEINTENT_EXPORT> <itemCount:    2>
20260908 013308.197 INFO             PET1           MODEL: InitializeIPDvXp08 extro {ES}:+-<item: 0001> <itemType: Field> <itemName: pmsl>
20260908 013308.197 INFO             PET1           MODEL: InitializeIPDvXp08 extro {ES}:!--- FieldLog() start -----------------
20260908 013308.197 INFO             PET1           MODEL: InitializeIPDvXp08 extro {ES}:! <name: pmsl> <fieldStatus: ESMF_FIELDSTATUS_COMPLETE>
20260908 013308.197 INFO             PET1           MODEL: InitializeIPDvXp08 extro {ES}:! 0x7fff83c4fb60 => 0x120b100 => 0x11c75c0
20260908 013308.197 INFO             PET1           MODEL: InitializeIPDvXp08 extro {ES}:! <typekind: Real*8> <rank:    2> <dimCount:    2>
20260908 013308.197 INFO             PET1           MODEL: InitializeIPDvXp08 extro {ES}:! ! --- Array::log() start -----------------------------------
20260908 013308.197 INFO             PET1           MODEL: InitializeIPDvXp08 extro {ES}:! ! 0x11c8520
20260908 013308.198 INFO             PET1           MODEL: InitializeIPDvXp08 extro {ES}:! ! <name: pmsl>
20260908 013308.198 INFO             PET1           MODEL: InitializeIPDvXp08 extro {ES}:! ! ! --- DistGrid::log() start --------------------------------
20260908 013308.198 INFO             PET1           MODEL: InitializeIPDvXp08 extro {ES}:! ! ! 0x121c460
20260908 013308.198 INFO             PET1           MODEL: InitializeIPDvXp08 extro {ES}:! ! ! DistGrid object is valid!<name: DG-Grid004-sloc:0>
20260908 013308.198 INFO             PET1           MODEL: InitializeIPDvXp08 extro {ES}:! ! ! --- DistGrid::log() end ----------------------------------
20260908 013308.198 INFO             PET1           MODEL: InitializeIPDvXp08 extro {ES}:! ! --- Array::log() end -------------------------------------
20260908 013308.198 INFO             PET1           MODEL: InitializeIPDvXp08 extro {ES}:!--- FieldLog() end -------------------
20260908 013308.198 INFO             PET1           MODEL: InitializeIPDvXp08 extro {ES}:+-<item: 0002> <itemType: Field> <itemName: rsns>
20260908 013308.198 INFO             PET1           MODEL: InitializeIPDvXp08 extro {ES}:!--- FieldLog() start -----------------
20260908 013308.198 INFO             PET1           MODEL: InitializeIPDvXp08 extro {ES}:! <name: rsns> <fieldStatus: ESMF_FIELDSTATUS_COMPLETE>
20260908 013308.198 INFO             PET1           MODEL: InitializeIPDvXp08 extro {ES}:! 0x7fff83c4fb60 => 0x11c9f90 => 0x11ca1c0
20260908 013308.198 INFO             PET1           MODEL: InitializeIPDvXp08 extro {ES}:! <typekind: Real*8> <rank:    2> <dimCount:    2>
20260908 013308.198 INFO             PET1           MODEL: InitializeIPDvXp08 extro {ES}:! ! --- Array::log() start -----------------------------------
20260908 013308.198 INFO             PET1           MODEL: InitializeIPDvXp08 extro {ES}:! ! 0x11cb370
20260908 013308.198 INFO             PET1           MODEL: InitializeIPDvXp08 extro {ES}:! ! <name: rsns>
20260908 013308.198 INFO             PET1           MODEL: InitializeIPDvXp08 extro {ES}:! ! ! --- DistGrid::log() start --------------------------------
20260908 013308.198 INFO             PET1           MODEL: InitializeIPDvXp08 extro {ES}:! ! ! 0x121c460
20260908 013308.198 INFO             PET1           MODEL: InitializeIPDvXp08 extro {ES}:! ! ! DistGrid object is valid!<name: DG-Grid004-sloc:0>
20260908 013308.198 INFO             PET1           MODEL: InitializeIPDvXp08 extro {ES}:! ! ! --- DistGrid::log() end ----------------------------------
20260908 013308.198 INFO             PET1           MODEL: InitializeIPDvXp08 extro {ES}:! ! --- Array::log() end -------------------------------------
20260908 013308.198 INFO             PET1           MODEL: InitializeIPDvXp08 extro {ES}:!--- FieldLog() end -------------------
20260908 013308.198 INFO             PET1           MODEL: InitializeIPDvXp08 extro {ES}:--- StateLog() end -------------------
20260908 013308.198 INFO             PET1         MODEL: InitializeIPDvXp08 extro.
20260908 013308.199 INFO             PET1         driver: component    1=MODEL, someProgress (local): true
20260908 013308.199 INFO             PET1         driver: component    1=MODEL, someProgress (global):  T
20260908 013308.199 INFO             PET1         driver: someProgress= T, allComplete= F, present(dataDepAllComplete)= T
20260908 013308.199 INFO             PET1         driver: component    0=driver, dataComplete (local): true
20260908 013308.199 INFO             PET1         driver: component    0=driver, dataComplete (global):  T
20260908 013308.199 INFO             PET1         driver: component    1=MODEL, dataComplete (local): true
20260908 013308.199 INFO             PET1         driver: component    1=MODEL, dataComplete (global):  T
20260908 013308.199 INFO             PET1         driver: someProgress= F, allComplete= T, present(dataDepAllComplete)= T
20260908 013308.199 INFO             PET1         driver: finished resolving initialize data dependencies on this level.
20260908 013308.199 INFO             PET1         <<<driver: leaving Initialize (phase=<none>) with current time:    0  1  1  0  0  0   0
20260908 013308.199 INFO             PET1         driver: loopDataDependentInitialize extro {IS}:--- StateLog() start -----------------
20260908 013308.199 INFO             PET1         driver: loopDataDependentInitialize extro {IS}:State object is invalid! Not created or deleted!
20260908 013308.199 INFO             PET1         driver: loopDataDependentInitialize extro {IS}:--- StateLog() end -------------------
20260908 013308.199 INFO             PET1         driver: loopDataDependentInitialize extro {ES}:--- StateLog() start -----------------
20260908 013308.199 INFO             PET1         driver: loopDataDependentInitialize extro {ES}:State object is invalid! Not created or deleted!
20260908 013308.199 INFO             PET1         driver: loopDataDependentInitialize extro {ES}:--- StateLog() end -------------------
20260908 013308.199 INFO             PET1       driver: loopDataDependentInitialize extro.
20260908 013308.199 INFO             PET1       driver: loopDataDependentInitialize() returned with dataDepAllComplete:  T
20260908 013308.199 INFO             PET1       <<<driver: leaving Initialize (phase=<none>) with current time:    0  1  1  0  0  0   0
20260908 013308.199 INFO             PET1       driver: InitializeIPDv02p5Data extro {IS}:--- StateLog() start -----------------
20260908 013308.199 INFO             PET1       driver: InitializeIPDv02p5Data extro {IS}:State object is invalid! Not created or deleted!
20260908 013308.199 INFO             PET1       driver: InitializeIPDv02p5Data extro {IS}:--- StateLog() end -------------------
20260908 013308.199 INFO             PET1       driver: InitializeIPDv02p5Data extro {ES}:--- StateLog() start -----------------
20260908 013308.199 INFO             PET1       driver: InitializeIPDv02p5Data extro {ES}:State object is invalid! Not created or deleted!
20260908 013308.199 INFO             PET1       driver: InitializeIPDv02p5Data extro {ES}:--- StateLog() end -------------------
20260908 013308.199 INFO             PET1     driver: InitializeIPDv02p5Data extro.
20260908 013308.199 INFO             PET1     <<<driver: leaving Initialize (phase=<none>) with current time:    0  1  1  0  0  0   0
20260908 013308.200 INFO             PET1     driver: InitializeIPDv02p5 extro {IS}:--- StateLog() start -----------------
20260908 013308.200 INFO             PET1     driver: InitializeIPDv02p5 extro {IS}:State object is invalid! Not created or deleted!
20260908 013308.200 INFO             PET1     driver: InitializeIPDv02p5 extro {IS}:--- StateLog() end -------------------
20260908 013308.200 INFO             PET1     driver: InitializeIPDv02p5 extro {ES}:--- StateLog() start -----------------
20260908 013308.200 INFO             PET1     driver: InitializeIPDv02p5 extro {ES}:State object is invalid! Not created or deleted!
20260908 013308.200 INFO             PET1     driver: InitializeIPDv02p5 extro {ES}:--- StateLog() end -------------------
20260908 013308.200 INFO             PET1   driver: InitializeIPDv02p5 extro.
20260908 013308.200 INFO             PET1   <<<driver: leaving Initialize (phase=<none>) with current time:    0  1  1  0  0  0   0
20260908 013308.200 INFO             PET1   driver: InitializeGeneric extro {IS}:--- StateLog() start -----------------
20260908 013308.200 INFO             PET1   driver: InitializeGeneric extro {IS}:State object is invalid! Not created or deleted!
20260908 013308.200 INFO             PET1   driver: InitializeGeneric extro {IS}:--- StateLog() end -------------------
20260908 013308.200 INFO             PET1   driver: InitializeGeneric extro {ES}:--- StateLog() start -----------------
20260908 013308.200 INFO             PET1   driver: InitializeGeneric extro {ES}:State object is invalid! Not created or deleted!
20260908 013308.200 INFO             PET1   driver: InitializeGeneric extro {ES}:--- StateLog() end -------------------
20260908 013308.200 INFO             PET1 driver: InitializeGeneric extro.
20260908 013308.200 INFO             PET1 driver: Run intro.
20260908 013308.200 INFO             PET1   driver: Run intro {IS}:--- StateLog() start -----------------
20260908 013308.200 INFO             PET1   driver: Run intro {IS}:State object is invalid! Not created or deleted!
20260908 013308.200 INFO             PET1   driver: Run intro {IS}:--- StateLog() end -------------------
20260908 013308.200 INFO             PET1   driver: Run intro {ES}:--- StateLog() start -----------------
20260908 013308.200 INFO             PET1   driver: Run intro {ES}:State object is invalid! Not created or deleted!
20260908 013308.200 INFO             PET1   driver: Run intro {ES}:--- StateLog() end -------------------
20260908 013308.200 INFO             PET1   >>>driver: entered Run (phase=RunPhase1) with current time:    0  1  1  0  0  0   0
20260908 013308.200 INFO             PET1   driver: after lable_SetRunClock, current time:    0  1  1  0  0  0   0
20260908 013308.200 INFO             PET1   driver: begin -------> RunSequence.
20260908 013308.200 INFO             PET1     driver: RunSequence event loopLevel=   1  levelMember=   1  loopIteration=   1, current time:    0  1  1  0  0  0   0
20260908 013308.200 INFO             PET1     MODEL: Run intro.
20260908 013308.200 INFO             PET1       MODEL: Run intro {IS}:--- StateLog() start -----------------
20260908 013308.200 INFO             PET1       MODEL: Run intro {IS}:<name: MODEL-ImportState> <intent: ESMF_STATEINTENT_IMPORT> <itemCount:    0>
20260908 013308.201 INFO             PET1       MODEL: Run intro {IS}:--- StateLog() end -------------------
20260908 013308.201 INFO             PET1       MODEL: Run intro {ES}:--- StateLog() start -----------------
20260908 013308.201 INFO             PET1       MODEL: Run intro {ES}:<name: MODEL-ExportState> <intent: ESMF_STATEINTENT_EXPORT> <itemCount:    2>
20260908 013308.201 INFO             PET1       MODEL: Run intro {ES}:+-<item: 0001> <itemType: Field> <itemName: pmsl>
20260908 013308.201 INFO             PET1       MODEL: Run intro {ES}:!--- FieldLog() start -----------------
20260908 013308.201 INFO             PET1       MODEL: Run intro {ES}:! <name: pmsl> <fieldStatus: ESMF_FIELDSTATUS_COMPLETE>
20260908 013308.201 INFO             PET1       MODEL: Run intro {ES}:! 0x7fff83c58da0 => 0x120b100 => 0x11c75c0
20260908 013308.201 INFO             PET1       MODEL: Run intro {ES}:! <typekind: Real*8> <rank:    2> <dimCount:    2>
20260908 013308.201 INFO             PET1       MODEL: Run intro {ES}:! ! --- Array::log() start -----------------------------------
20260908 013308.201 INFO             PET1       MODEL: Run intro {ES}:! ! 0x11c8520
20260908 013308.201 INFO             PET1       MODEL: Run intro {ES}:! ! <name: pmsl>
20260908 013308.201 INFO             PET1       MODEL: Run intro {ES}:! ! ! --- DistGrid::log() start --------------------------------
20260908 013308.201 INFO             PET1       MODEL: Run intro {ES}:! ! ! 0x121c460
20260908 013308.201 INFO             PET1       MODEL: Run intro {ES}:! ! ! DistGrid object is valid!<name: DG-Grid004-sloc:0>
20260908 013308.201 INFO             PET1       MODEL: Run intro {ES}:! ! ! --- DistGrid::log() end ----------------------------------
20260908 013308.201 INFO             PET1       MODEL: Run intro {ES}:! ! --- Array::log() end -------------------------------------
20260908 013308.201 INFO             PET1       MODEL: Run intro {ES}:!--- FieldLog() end -------------------
20260908 013308.201 INFO             PET1       MODEL: Run intro {ES}:+-<item: 0002> <itemType: Field> <itemName: rsns>
20260908 013308.201 INFO             PET1       MODEL: Run intro {ES}:!--- FieldLog() start -----------------
20260908 013308.201 INFO             PET1       MODEL: Run intro {ES}:! <name: rsns> <fieldStatus: ESMF_FIELDSTATUS_COMPLETE>
20260908 013308.201 INFO             PET1       MODEL: Run intro {ES}:! 0x7fff83c58da0 => 0x11c9f90 => 0x11ca1c0
20260908 013308.201 INFO             PET1       MODEL: Run intro {ES}:! <typekind: Real*8> <rank:    2> <dimCount:    2>
20260908 013308.201 INFO             PET1       MODEL: Run intro {ES}:! ! --- Array::log() start -----------------------------------
20260908 013308.201 INFO             PET1       MODEL: Run intro {ES}:! ! 0x11cb370
20260908 013308.201 INFO             PET1       MODEL: Run intro {ES}:! ! <name: rsns>
20260908 013308.201 INFO             PET1       MODEL: Run intro {ES}:! ! ! --- DistGrid::log() start --------------------------------
20260908 013308.201 INFO             PET1       MODEL: Run intro {ES}:! ! ! 0x121c460
20260908 013308.201 INFO             PET1       MODEL: Run intro {ES}:! ! ! DistGrid object is valid!<name: DG-Grid004-sloc:0>
20260908 013308.201 INFO             PET1       MODEL: Run intro {ES}:! ! ! --- DistGrid::log() end ----------------------------------
20260908 013308.201 INFO             PET1       MODEL: Run intro {ES}:! ! --- Array::log() end -------------------------------------
20260908 013308.201 INFO             PET1       MODEL: Run intro {ES}:!--- FieldLog() end -------------------
20260908 013308.201 INFO             PET1       MODEL: Run intro {ES}:--- StateLog() end -------------------
20260908 013308.201 INFO             PET1       >>>MODEL: entered Run (phase=RunPhase1) with current time:    0  1  1  0  0  0   0
20260908 013308.201 INFO             PET1       MODEL: time step-loop starting, current time:    0  1  1  0  0  0   0
20260908 013308.204 INFO             PET1       thread_num=   0   currentSsiPe=  60   num_threads=   3   max_threads=   3   num_procs=   2
20260908 013308.204 INFO             PET1       thread_num=   1   currentSsiPe=  20   num_threads=   3   max_threads=   3   num_procs=   2
20260908 013308.211 INFO             PET1       thread_num=   2   currentSsiPe=  20   num_threads=   3   max_threads=   3   num_procs=   2
20260908 013308.211 INFO             PET1       ---->Advancing Model from:    0  1  1  0  0  0   0
20260908 013308.211 INFO             PET1       ---------------------> to:    0  1  1  0  0 30   0
20260908 013308.211 INFO             PET1       MODEL: time step-loop ending,   current time:    0  1  1  0  0 30   0
20260908 013308.211 INFO             PET1       <<<MODEL: leaving Run (phase=RunPhase1) with current time:    0  1  1  0  0 30   0
20260908 013308.211 INFO             PET1       MODEL: Run extro {IS}:--- StateLog() start -----------------
20260908 013308.211 INFO             PET1       MODEL: Run extro {IS}:<name: MODEL-ImportState> <intent: ESMF_STATEINTENT_IMPORT> <itemCount:    0>
20260908 013308.211 INFO             PET1       MODEL: Run extro {IS}:--- StateLog() end -------------------
20260908 013308.211 INFO             PET1       MODEL: Run extro {ES}:--- StateLog() start -----------------
20260908 013308.211 INFO             PET1       MODEL: Run extro {ES}:<name: MODEL-ExportState> <intent: ESMF_STATEINTENT_EXPORT> <itemCount:    2>
20260908 013308.211 INFO             PET1       MODEL: Run extro {ES}:+-<item: 0001> <itemType: Field> <itemName: pmsl>
20260908 013308.211 INFO             PET1       MODEL: Run extro {ES}:!--- FieldLog() start -----------------
20260908 013308.211 INFO             PET1       MODEL: Run extro {ES}:! <name: pmsl> <fieldStatus: ESMF_FIELDSTATUS_COMPLETE>
20260908 013308.211 INFO             PET1       MODEL: Run extro {ES}:! 0x7fff83c58ed0 => 0x120b100 => 0x11c75c0
20260908 013308.211 INFO             PET1       MODEL: Run extro {ES}:! <typekind: Real*8> <rank:    2> <dimCount:    2>
20260908 013308.211 INFO             PET1       MODEL: Run extro {ES}:! ! --- Array::log() start -----------------------------------
20260908 013308.211 INFO             PET1       MODEL: Run extro {ES}:! ! 0x11c8520
20260908 013308.211 INFO             PET1       MODEL: Run extro {ES}:! ! <name: pmsl>
20260908 013308.211 INFO             PET1       MODEL: Run extro {ES}:! ! ! --- DistGrid::log() start --------------------------------
20260908 013308.211 INFO             PET1       MODEL: Run extro {ES}:! ! ! 0x121c460
20260908 013308.211 INFO             PET1       MODEL: Run extro {ES}:! ! ! DistGrid object is valid!<name: DG-Grid004-sloc:0>
20260908 013308.211 INFO             PET1       MODEL: Run extro {ES}:! ! ! --- DistGrid::log() end ----------------------------------
20260908 013308.211 INFO             PET1       MODEL: Run extro {ES}:! ! --- Array::log() end -------------------------------------
20260908 013308.211 INFO             PET1       MODEL: Run extro {ES}:!--- FieldLog() end -------------------
20260908 013308.211 INFO             PET1       MODEL: Run extro {ES}:+-<item: 0002> <itemType: Field> <itemName: rsns>
20260908 013308.211 INFO             PET1       MODEL: Run extro {ES}:!--- FieldLog() start -----------------
20260908 013308.211 INFO             PET1       MODEL: Run extro {ES}:! <name: rsns> <fieldStatus: ESMF_FIELDSTATUS_COMPLETE>
20260908 013308.211 INFO             PET1       MODEL: Run extro {ES}:! 0x7fff83c58ed0 => 0x11c9f90 => 0x11ca1c0
20260908 013308.212 INFO             PET1       MODEL: Run extro {ES}:! <typekind: Real*8> <rank:    2> <dimCount:    2>
20260908 013308.212 INFO             PET1       MODEL: Run extro {ES}:! ! --- Array::log() start -----------------------------------
20260908 013308.212 INFO             PET1       MODEL: Run extro {ES}:! ! 0x11cb370
20260908 013308.212 INFO             PET1       MODEL: Run extro {ES}:! ! <name: rsns>
20260908 013308.212 INFO             PET1       MODEL: Run extro {ES}:! ! ! --- DistGrid::log() start --------------------------------
20260908 013308.212 INFO             PET1       MODEL: Run extro {ES}:! ! ! 0x121c460
20260908 013308.212 INFO             PET1       MODEL: Run extro {ES}:! ! ! DistGrid object is valid!<name: DG-Grid004-sloc:0>
20260908 013308.212 INFO             PET1       MODEL: Run extro {ES}:! ! ! --- DistGrid::log() end ----------------------------------
20260908 013308.212 INFO             PET1       MODEL: Run extro {ES}:! ! --- Array::log() end -------------------------------------
20260908 013308.212 INFO             PET1       MODEL: Run extro {ES}:!--- FieldLog() end -------------------
20260908 013308.212 INFO             PET1       MODEL: Run extro {ES}:--- StateLog() end -------------------
20260908 013308.212 INFO             PET1     MODEL: Run extro.
20260908 013308.212 INFO             PET1     driver: RunSequence event loopLevel=   1  levelMember=   1  loopIteration=   2, current time:    0  1  1  0  0 30   0
20260908 013308.212 INFO             PET1     MODEL: Run intro.
20260908 013308.212 INFO             PET1       MODEL: Run intro {IS}:--- StateLog() start -----------------
20260908 013308.212 INFO             PET1       MODEL: Run intro {IS}:<name: MODEL-ImportState> <intent: ESMF_STATEINTENT_IMPORT> <itemCount:    0>
20260908 013308.212 INFO             PET1       MODEL: Run intro {IS}:--- StateLog() end -------------------
20260908 013308.212 INFO             PET1       MODEL: Run intro {ES}:--- StateLog() start -----------------
20260908 013308.212 INFO             PET1       MODEL: Run intro {ES}:<name: MODEL-ExportState> <intent: ESMF_STATEINTENT_EXPORT> <itemCount:    2>
20260908 013308.212 INFO             PET1       MODEL: Run intro {ES}:+-<item: 0001> <itemType: Field> <itemName: pmsl>
20260908 013308.212 INFO             PET1       MODEL: Run intro {ES}:!--- FieldLog() start -----------------
20260908 013308.212 INFO             PET1       MODEL: Run intro {ES}:! <name: pmsl> <fieldStatus: ESMF_FIELDSTATUS_COMPLETE>
20260908 013308.212 INFO             PET1       MODEL: Run intro {ES}:! 0x7fff83c58da0 => 0x120b100 => 0x11c75c0
20260908 013308.212 INFO             PET1       MODEL: Run intro {ES}:! <typekind: Real*8> <rank:    2> <dimCount:    2>
20260908 013308.212 INFO             PET1       MODEL: Run intro {ES}:! ! --- Array::log() start -----------------------------------
20260908 013308.212 INFO             PET1       MODEL: Run intro {ES}:! ! 0x11c8520
20260908 013308.212 INFO             PET1       MODEL: Run intro {ES}:! ! <name: pmsl>
20260908 013308.212 INFO             PET1       MODEL: Run intro {ES}:! ! ! --- DistGrid::log() start --------------------------------
20260908 013308.212 INFO             PET1       MODEL: Run intro {ES}:! ! ! 0x121c460
20260908 013308.212 INFO             PET1       MODEL: Run intro {ES}:! ! ! DistGrid object is valid!<name: DG-Grid004-sloc:0>
20260908 013308.212 INFO             PET1       MODEL: Run intro {ES}:! ! ! --- DistGrid::log() end ----------------------------------
20260908 013308.212 INFO             PET1       MODEL: Run intro {ES}:! ! --- Array::log() end -------------------------------------
20260908 013308.212 INFO             PET1       MODEL: Run intro {ES}:!--- FieldLog() end -------------------
20260908 013308.212 INFO             PET1       MODEL: Run intro {ES}:+-<item: 0002> <itemType: Field> <itemName: rsns>
20260908 013308.212 INFO             PET1       MODEL: Run intro {ES}:!--- FieldLog() start -----------------
20260908 013308.212 INFO             PET1       MODEL: Run intro {ES}:! <name: rsns> <fieldStatus: ESMF_FIELDSTATUS_COMPLETE>
20260908 013308.212 INFO             PET1       MODEL: Run intro {ES}:! 0x7fff83c58da0 => 0x11c9f90 => 0x11ca1c0
20260908 013308.212 INFO             PET1       MODEL: Run intro {ES}:! <typekind: Real*8> <rank:    2> <dimCount:    2>
20260908 013308.213 INFO             PET1       MODEL: Run intro {ES}:! ! --- Array::log() start -----------------------------------
20260908 013308.213 INFO             PET1       MODEL: Run intro {ES}:! ! 0x11cb370
20260908 013308.213 INFO             PET1       MODEL: Run intro {ES}:! ! <name: rsns>
20260908 013308.213 INFO             PET1       MODEL: Run intro {ES}:! ! ! --- DistGrid::log() start --------------------------------
20260908 013308.213 INFO             PET1       MODEL: Run intro {ES}:! ! ! 0x121c460
20260908 013308.213 INFO             PET1       MODEL: Run intro {ES}:! ! ! DistGrid object is valid!<name: DG-Grid004-sloc:0>
20260908 013308.213 INFO             PET1       MODEL: Run intro {ES}:! ! ! --- DistGrid::log() end ----------------------------------
20260908 013308.213 INFO             PET1       MODEL: Run intro {ES}:! ! --- Array::log() end -------------------------------------
20260908 013308.213 INFO             PET1       MODEL: Run intro {ES}:!--- FieldLog() end -------------------
20260908 013308.213 INFO             PET1       MODEL: Run intro {ES}:--- StateLog() end -------------------
20260908 013308.213 INFO             PET1       >>>MODEL: entered Run (phase=RunPhase1) with current time:    0  1  1  0  0 30   0
20260908 013308.213 INFO             PET1       MODEL: time step-loop starting, current time:    0  1  1  0  0 30   0
20260908 013308.225 INFO             PET1       thread_num=   2   currentSsiPe=  20   num_threads=   3   max_threads=   3   num_procs=   2
20260908 013308.225 INFO             PET1       thread_num=   0   currentSsiPe=  60   num_threads=   3   max_threads=   3   num_procs=   2
20260908 013308.229 INFO             PET1       thread_num=   1   currentSsiPe=  20   num_threads=   3   max_threads=   3   num_procs=   2
20260908 013308.229 INFO             PET1       ---->Advancing Model from:    0  1  1  0  0 30   0
20260908 013308.229 INFO             PET1       ---------------------> to:    0  1  1  0  1  0   0
20260908 013308.229 INFO             PET1       MODEL: time step-loop ending,   current time:    0  1  1  0  1  0   0
20260908 013308.229 INFO             PET1       <<<MODEL: leaving Run (phase=RunPhase1) with current time:    0  1  1  0  1  0   0
20260908 013308.229 INFO             PET1       MODEL: Run extro {IS}:--- StateLog() start -----------------
20260908 013308.229 INFO             PET1       MODEL: Run extro {IS}:<name: MODEL-ImportState> <intent: ESMF_STATEINTENT_IMPORT> <itemCount:    0>
20260908 013308.229 INFO             PET1       MODEL: Run extro {IS}:--- StateLog() end -------------------
20260908 013308.229 INFO             PET1       MODEL: Run extro {ES}:--- StateLog() start -----------------
20260908 013308.229 INFO             PET1       MODEL: Run extro {ES}:<name: MODEL-ExportState> <intent: ESMF_STATEINTENT_EXPORT> <itemCount:    2>
20260908 013308.229 INFO             PET1       MODEL: Run extro {ES}:+-<item: 0001> <itemType: Field> <itemName: pmsl>
20260908 013308.229 INFO             PET1       MODEL: Run extro {ES}:!--- FieldLog() start -----------------
20260908 013308.229 INFO             PET1       MODEL: Run extro {ES}:! <name: pmsl> <fieldStatus: ESMF_FIELDSTATUS_COMPLETE>
20260908 013308.229 INFO             PET1       MODEL: Run extro {ES}:! 0x7fff83c58ed0 => 0x120b100 => 0x11c75c0
20260908 013308.229 INFO             PET1       MODEL: Run extro {ES}:! <typekind: Real*8> <rank:    2> <dimCount:    2>
20260908 013308.230 INFO             PET1       MODEL: Run extro {ES}:! ! --- Array::log() start -----------------------------------
20260908 013308.230 INFO             PET1       MODEL: Run extro {ES}:! ! 0x11c8520
20260908 013308.230 INFO             PET1       MODEL: Run extro {ES}:! ! <name: pmsl>
20260908 013308.230 INFO             PET1       MODEL: Run extro {ES}:! ! ! --- DistGrid::log() start --------------------------------
20260908 013308.230 INFO             PET1       MODEL: Run extro {ES}:! ! ! 0x121c460
20260908 013308.230 INFO             PET1       MODEL: Run extro {ES}:! ! ! DistGrid object is valid!<name: DG-Grid004-sloc:0>
20260908 013308.230 INFO             PET1       MODEL: Run extro {ES}:! ! ! --- DistGrid::log() end ----------------------------------
20260908 013308.230 INFO             PET1       MODEL: Run extro {ES}:! ! --- Array::log() end -------------------------------------
20260908 013308.230 INFO             PET1       MODEL: Run extro {ES}:!--- FieldLog() end -------------------
20260908 013308.230 INFO             PET1       MODEL: Run extro {ES}:+-<item: 0002> <itemType: Field> <itemName: rsns>
20260908 013308.230 INFO             PET1       MODEL: Run extro {ES}:!--- FieldLog() start -----------------
20260908 013308.230 INFO             PET1       MODEL: Run extro {ES}:! <name: rsns> <fieldStatus: ESMF_FIELDSTATUS_COMPLETE>
20260908 013308.230 INFO             PET1       MODEL: Run extro {ES}:! 0x7fff83c58ed0 => 0x11c9f90 => 0x11ca1c0
20260908 013308.230 INFO             PET1       MODEL: Run extro {ES}:! <typekind: Real*8> <rank:    2> <dimCount:    2>
20260908 013308.230 INFO             PET1       MODEL: Run extro {ES}:! ! --- Array::log() start -----------------------------------
20260908 013308.230 INFO             PET1       MODEL: Run extro {ES}:! ! 0x11cb370
20260908 013308.230 INFO             PET1       MODEL: Run extro {ES}:! ! <name: rsns>
20260908 013308.230 INFO             PET1       MODEL: Run extro {ES}:! ! ! --- DistGrid::log() start --------------------------------
20260908 013308.230 INFO             PET1       MODEL: Run extro {ES}:! ! ! 0x121c460
20260908 013308.230 INFO             PET1       MODEL: Run extro {ES}:! ! ! DistGrid object is valid!<name: DG-Grid004-sloc:0>
20260908 013308.230 INFO             PET1       MODEL: Run extro {ES}:! ! ! --- DistGrid::log() end ----------------------------------
20260908 013308.230 INFO             PET1       MODEL: Run extro {ES}:! ! --- Array::log() end -------------------------------------
20260908 013308.230 INFO             PET1       MODEL: Run extro {ES}:!--- FieldLog() end -------------------
20260908 013308.230 INFO             PET1       MODEL: Run extro {ES}:--- StateLog() end -------------------
20260908 013308.230 INFO             PET1     MODEL: Run extro.
20260908 013308.230 INFO             PET1     driver: RunSequence event loopLevel=   1  levelMember=   1  loopIteration=   3, current time:    0  1  1  0  1  0   0
20260908 013308.230 INFO             PET1     MODEL: Run intro.
20260908 013308.230 INFO             PET1       MODEL: Run intro {IS}:--- StateLog() start -----------------
20260908 013308.230 INFO             PET1       MODEL: Run intro {IS}:<name: MODEL-ImportState> <intent: ESMF_STATEINTENT_IMPORT> <itemCount:    0>
20260908 013308.230 INFO             PET1       MODEL: Run intro {IS}:--- StateLog() end -------------------
20260908 013308.230 INFO             PET1       MODEL: Run intro {ES}:--- StateLog() start -----------------
20260908 013308.230 INFO             PET1       MODEL: Run intro {ES}:<name: MODEL-ExportState> <intent: ESMF_STATEINTENT_EXPORT> <itemCount:    2>
20260908 013308.230 INFO             PET1       MODEL: Run intro {ES}:+-<item: 0001> <itemType: Field> <itemName: pmsl>
20260908 013308.230 INFO             PET1       MODEL: Run intro {ES}:!--- FieldLog() start -----------------
20260908 013308.230 INFO             PET1       MODEL: Run intro {ES}:! <name: pmsl> <fieldStatus: ESMF_FIELDSTATUS_COMPLETE>
20260908 013308.230 INFO             PET1       MODEL: Run intro {ES}:! 0x7fff83c58da0 => 0x120b100 => 0x11c75c0
20260908 013308.230 INFO             PET1       MODEL: Run intro {ES}:! <typekind: Real*8> <rank:    2> <dimCount:    2>
20260908 013308.230 INFO             PET1       MODEL: Run intro {ES}:! ! --- Array::log() start -----------------------------------
20260908 013308.230 INFO             PET1       MODEL: Run intro {ES}:! ! 0x11c8520
20260908 013308.230 INFO             PET1       MODEL: Run intro {ES}:! ! <name: pmsl>
20260908 013308.231 INFO             PET1       MODEL: Run intro {ES}:! ! ! --- DistGrid::log() start --------------------------------
20260908 013308.231 INFO             PET1       MODEL: Run intro {ES}:! ! ! 0x121c460
20260908 013308.231 INFO             PET1       MODEL: Run intro {ES}:! ! ! DistGrid object is valid!<name: DG-Grid004-sloc:0>
20260908 013308.231 INFO             PET1       MODEL: Run intro {ES}:! ! ! --- DistGrid::log() end ----------------------------------
20260908 013308.231 INFO             PET1       MODEL: Run intro {ES}:! ! --- Array::log() end -------------------------------------
20260908 013308.231 INFO             PET1       MODEL: Run intro {ES}:!--- FieldLog() end -------------------
20260908 013308.231 INFO             PET1       MODEL: Run intro {ES}:+-<item: 0002> <itemType: Field> <itemName: rsns>
20260908 013308.231 INFO             PET1       MODEL: Run intro {ES}:!--- FieldLog() start -----------------
20260908 013308.231 INFO             PET1       MODEL: Run intro {ES}:! <name: rsns> <fieldStatus: ESMF_FIELDSTATUS_COMPLETE>
20260908 013308.231 INFO             PET1       MODEL: Run intro {ES}:! 0x7fff83c58da0 => 0x11c9f90 => 0x11ca1c0
20260908 013308.231 INFO             PET1       MODEL: Run intro {ES}:! <typekind: Real*8> <rank:    2> <dimCount:    2>
20260908 013308.231 INFO             PET1       MODEL: Run intro {ES}:! ! --- Array::log() start -----------------------------------
20260908 013308.231 INFO             PET1       MODEL: Run intro {ES}:! ! 0x11cb370
20260908 013308.231 INFO             PET1       MODEL: Run intro {ES}:! ! <name: rsns>
20260908 013308.231 INFO             PET1       MODEL: Run intro {ES}:! ! ! --- DistGrid::log() start --------------------------------
20260908 013308.231 INFO             PET1       MODEL: Run intro {ES}:! ! ! 0x121c460
20260908 013308.231 INFO             PET1       MODEL: Run intro {ES}:! ! ! DistGrid object is valid!<name: DG-Grid004-sloc:0>
20260908 013308.231 INFO             PET1       MODEL: Run intro {ES}:! ! ! --- DistGrid::log() end ----------------------------------
20260908 013308.231 INFO             PET1       MODEL: Run intro {ES}:! ! --- Array::log() end -------------------------------------
20260908 013308.231 INFO             PET1       MODEL: Run intro {ES}:!--- FieldLog() end -------------------
20260908 013308.231 INFO             PET1       MODEL: Run intro {ES}:--- StateLog() end -------------------
20260908 013308.231 INFO             PET1       >>>MODEL: entered Run (phase=RunPhase1) with current time:    0  1  1  0  1  0   0
20260908 013308.231 INFO             PET1       MODEL: time step-loop starting, current time:    0  1  1  0  1  0   0
20260908 013308.231 INFO             PET1       thread_num=   1   currentSsiPe=  20   num_threads=   3   max_threads=   3   num_procs=   2
20260908 013308.231 INFO             PET1       thread_num=   0   currentSsiPe=  60   num_threads=   3   max_threads=   3   num_procs=   2
20260908 013308.231 INFO             PET1       thread_num=   2   currentSsiPe=  20   num_threads=   3   max_threads=   3   num_procs=   2
20260908 013308.231 INFO             PET1       ---->Advancing Model from:    0  1  1  0  1  0   0
20260908 013308.231 INFO             PET1       ---------------------> to:    0  1  1  0  1 30   0
20260908 013308.231 INFO             PET1       MODEL: time step-loop ending,   current time:    0  1  1  0  1 30   0
20260908 013308.231 INFO             PET1       <<<MODEL: leaving Run (phase=RunPhase1) with current time:    0  1  1  0  1 30   0
20260908 013308.231 INFO             PET1       MODEL: Run extro {IS}:--- StateLog() start -----------------
20260908 013308.231 INFO             PET1       MODEL: Run extro {IS}:<name: MODEL-ImportState> <intent: ESMF_STATEINTENT_IMPORT> <itemCount:    0>
20260908 013308.231 INFO             PET1       MODEL: Run extro {IS}:--- StateLog() end -------------------
20260908 013308.231 INFO             PET1       MODEL: Run extro {ES}:--- StateLog() start -----------------
20260908 013308.231 INFO             PET1       MODEL: Run extro {ES}:<name: MODEL-ExportState> <intent: ESMF_STATEINTENT_EXPORT> <itemCount:    2>
20260908 013308.231 INFO             PET1       MODEL: Run extro {ES}:+-<item: 0001> <itemType: Field> <itemName: pmsl>
20260908 013308.231 INFO             PET1       MODEL: Run extro {ES}:!--- FieldLog() start -----------------
20260908 013308.231 INFO             PET1       MODEL: Run extro {ES}:! <name: pmsl> <fieldStatus: ESMF_FIELDSTATUS_COMPLETE>
20260908 013308.231 INFO             PET1       MODEL: Run extro {ES}:! 0x7fff83c58ed0 => 0x120b100 => 0x11c75c0
20260908 013308.231 INFO             PET1       MODEL: Run extro {ES}:! <typekind: Real*8> <rank:    2> <dimCount:    2>
20260908 013308.232 INFO             PET1       MODEL: Run extro {ES}:! ! --- Array::log() start -----------------------------------
20260908 013308.232 INFO             PET1       MODEL: Run extro {ES}:! ! 0x11c8520
20260908 013308.232 INFO             PET1       MODEL: Run extro {ES}:! ! <name: pmsl>
20260908 013308.232 INFO             PET1       MODEL: Run extro {ES}:! ! ! --- DistGrid::log() start --------------------------------
20260908 013308.232 INFO             PET1       MODEL: Run extro {ES}:! ! ! 0x121c460
20260908 013308.232 INFO             PET1       MODEL: Run extro {ES}:! ! ! DistGrid object is valid!<name: DG-Grid004-sloc:0>
20260908 013308.232 INFO             PET1       MODEL: Run extro {ES}:! ! ! --- DistGrid::log() end ----------------------------------
20260908 013308.232 INFO             PET1       MODEL: Run extro {ES}:! ! --- Array::log() end -------------------------------------
20260908 013308.232 INFO             PET1       MODEL: Run extro {ES}:!--- FieldLog() end -------------------
20260908 013308.232 INFO             PET1       MODEL: Run extro {ES}:+-<item: 0002> <itemType: Field> <itemName: rsns>
20260908 013308.232 INFO             PET1       MODEL: Run extro {ES}:!--- FieldLog() start -----------------
20260908 013308.232 INFO             PET1       MODEL: Run extro {ES}:! <name: rsns> <fieldStatus: ESMF_FIELDSTATUS_COMPLETE>
20260908 013308.232 INFO             PET1       MODEL: Run extro {ES}:! 0x7fff83c58ed0 => 0x11c9f90 => 0x11ca1c0
20260908 013308.232 INFO             PET1       MODEL: Run extro {ES}:! <typekind: Real*8> <rank:    2> <dimCount:    2>
20260908 013308.232 INFO             PET1       MODEL: Run extro {ES}:! ! --- Array::log() start -----------------------------------
20260908 013308.232 INFO             PET1       MODEL: Run extro {ES}:! ! 0x11cb370
20260908 013308.232 INFO             PET1       MODEL: Run extro {ES}:! ! <name: rsns>
20260908 013308.232 INFO             PET1       MODEL: Run extro {ES}:! ! ! --- DistGrid::log() start --------------------------------
20260908 013308.232 INFO             PET1       MODEL: Run extro {ES}:! ! ! 0x121c460
20260908 013308.232 INFO             PET1       MODEL: Run extro {ES}:! ! ! DistGrid object is valid!<name: DG-Grid004-sloc:0>
20260908 013308.232 INFO             PET1       MODEL: Run extro {ES}:! ! ! --- DistGrid::log() end ----------------------------------
20260908 013308.232 INFO             PET1       MODEL: Run extro {ES}:! ! --- Array::log() end -------------------------------------
20260908 013308.232 INFO             PET1       MODEL: Run extro {ES}:!--- FieldLog() end -------------------
20260908 013308.232 INFO             PET1       MODEL: Run extro {ES}:--- StateLog() end -------------------
20260908 013308.232 INFO             PET1     MODEL: Run extro.
20260908 013308.232 INFO             PET1     driver: RunSequence event loopLevel=   1  levelMember=   1  loopIteration=   4, current time:    0  1  1  0  1 30   0
20260908 013308.232 INFO             PET1     MODEL: Run intro.
20260908 013308.232 INFO             PET1       MODEL: Run intro {IS}:--- StateLog() start -----------------
20260908 013308.232 INFO             PET1       MODEL: Run intro {IS}:<name: MODEL-ImportState> <intent: ESMF_STATEINTENT_IMPORT> <itemCount:    0>
20260908 013308.232 INFO             PET1       MODEL: Run intro {IS}:--- StateLog() end -------------------
20260908 013308.232 INFO             PET1       MODEL: Run intro {ES}:--- StateLog() start -----------------
20260908 013308.232 INFO             PET1       MODEL: Run intro {ES}:<name: MODEL-ExportState> <intent: ESMF_STATEINTENT_EXPORT> <itemCount:    2>
20260908 013308.232 INFO             PET1       MODEL: Run intro {ES}:+-<item: 0001> <itemType: Field> <itemName: pmsl>
20260908 013308.232 INFO             PET1       MODEL: Run intro {ES}:!--- FieldLog() start -----------------
20260908 013308.232 INFO             PET1       MODEL: Run intro {ES}:! <name: pmsl> <fieldStatus: ESMF_FIELDSTATUS_COMPLETE>
20260908 013308.232 INFO             PET1       MODEL: Run intro {ES}:! 0x7fff83c58da0 => 0x120b100 => 0x11c75c0
20260908 013308.232 INFO             PET1       MODEL: Run intro {ES}:! <typekind: Real*8> <rank:    2> <dimCount:    2>
20260908 013308.232 INFO             PET1       MODEL: Run intro {ES}:! ! --- Array::log() start -----------------------------------
20260908 013308.232 INFO             PET1       MODEL: Run intro {ES}:! ! 0x11c8520
20260908 013308.232 INFO             PET1       MODEL: Run intro {ES}:! ! <name: pmsl>
20260908 013308.232 INFO             PET1       MODEL: Run intro {ES}:! ! ! --- DistGrid::log() start --------------------------------
20260908 013308.232 INFO             PET1       MODEL: Run intro {ES}:! ! ! 0x121c460
20260908 013308.232 INFO             PET1       MODEL: Run intro {ES}:! ! ! DistGrid object is valid!<name: DG-Grid004-sloc:0>
20260908 013308.232 INFO             PET1       MODEL: Run intro {ES}:! ! ! --- DistGrid::log() end ----------------------------------
20260908 013308.232 INFO             PET1       MODEL: Run intro {ES}:! ! --- Array::log() end -------------------------------------
20260908 013308.232 INFO             PET1       MODEL: Run intro {ES}:!--- FieldLog() end -------------------
20260908 013308.233 INFO             PET1       MODEL: Run intro {ES}:+-<item: 0002> <itemType: Field> <itemName: rsns>
20260908 013308.233 INFO             PET1       MODEL: Run intro {ES}:!--- FieldLog() start -----------------
20260908 013308.233 INFO             PET1       MODEL: Run intro {ES}:! <name: rsns> <fieldStatus: ESMF_FIELDSTATUS_COMPLETE>
20260908 013308.233 INFO             PET1       MODEL: Run intro {ES}:! 0x7fff83c58da0 => 0x11c9f90 => 0x11ca1c0
20260908 013308.233 INFO             PET1       MODEL: Run intro {ES}:! <typekind: Real*8> <rank:    2> <dimCount:    2>
20260908 013308.233 INFO             PET1       MODEL: Run intro {ES}:! ! --- Array::log() start -----------------------------------
20260908 013308.233 INFO             PET1       MODEL: Run intro {ES}:! ! 0x11cb370
20260908 013308.233 INFO             PET1       MODEL: Run intro {ES}:! ! <name: rsns>
20260908 013308.233 INFO             PET1       MODEL: Run intro {ES}:! ! ! --- DistGrid::log() start --------------------------------
20260908 013308.233 INFO             PET1       MODEL: Run intro {ES}:! ! ! 0x121c460
20260908 013308.233 INFO             PET1       MODEL: Run intro {ES}:! ! ! DistGrid object is valid!<name: DG-Grid004-sloc:0>
20260908 013308.233 INFO             PET1       MODEL: Run intro {ES}:! ! ! --- DistGrid::log() end ----------------------------------
20260908 013308.233 INFO             PET1       MODEL: Run intro {ES}:! ! --- Array::log() end -------------------------------------
20260908 013308.233 INFO             PET1       MODEL: Run intro {ES}:!--- FieldLog() end -------------------
20260908 013308.233 INFO             PET1       MODEL: Run intro {ES}:--- StateLog() end -------------------
20260908 013308.233 INFO             PET1       >>>MODEL: entered Run (phase=RunPhase1) with current time:    0  1  1  0  1 30   0
20260908 013308.233 INFO             PET1       MODEL: time step-loop starting, current time:    0  1  1  0  1 30   0
20260908 013308.233 INFO             PET1       thread_num=   2   currentSsiPe=  20   num_threads=   3   max_threads=   3   num_procs=   2
20260908 013308.233 INFO             PET1       thread_num=   0   currentSsiPe=  60   num_threads=   3   max_threads=   3   num_procs=   2
20260908 013308.233 INFO             PET1       thread_num=   1   currentSsiPe=  20   num_threads=   3   max_threads=   3   num_procs=   2
20260908 013308.233 INFO             PET1       ---->Advancing Model from:    0  1  1  0  1 30   0
20260908 013308.233 INFO             PET1       ---------------------> to:    0  1  1  0  2  0   0
20260908 013308.233 INFO             PET1       MODEL: time step-loop ending,   current time:    0  1  1  0  2  0   0
20260908 013308.233 INFO             PET1       <<<MODEL: leaving Run (phase=RunPhase1) with current time:    0  1  1  0  2  0   0
20260908 013308.233 INFO             PET1       MODEL: Run extro {IS}:--- StateLog() start -----------------
20260908 013308.233 INFO             PET1       MODEL: Run extro {IS}:<name: MODEL-ImportState> <intent: ESMF_STATEINTENT_IMPORT> <itemCount:    0>
20260908 013308.233 INFO             PET1       MODEL: Run extro {IS}:--- StateLog() end -------------------
20260908 013308.233 INFO             PET1       MODEL: Run extro {ES}:--- StateLog() start -----------------
20260908 013308.233 INFO             PET1       MODEL: Run extro {ES}:<name: MODEL-ExportState> <intent: ESMF_STATEINTENT_EXPORT> <itemCount:    2>
20260908 013308.233 INFO             PET1       MODEL: Run extro {ES}:+-<item: 0001> <itemType: Field> <itemName: pmsl>
20260908 013308.233 INFO             PET1       MODEL: Run extro {ES}:!--- FieldLog() start -----------------
20260908 013308.233 INFO             PET1       MODEL: Run extro {ES}:! <name: pmsl> <fieldStatus: ESMF_FIELDSTATUS_COMPLETE>
20260908 013308.233 INFO             PET1       MODEL: Run extro {ES}:! 0x7fff83c58ed0 => 0x120b100 => 0x11c75c0
20260908 013308.233 INFO             PET1       MODEL: Run extro {ES}:! <typekind: Real*8> <rank:    2> <dimCount:    2>
20260908 013308.233 INFO             PET1       MODEL: Run extro {ES}:! ! --- Array::log() start -----------------------------------
20260908 013308.233 INFO             PET1       MODEL: Run extro {ES}:! ! 0x11c8520
20260908 013308.233 INFO             PET1       MODEL: Run extro {ES}:! ! <name: pmsl>
20260908 013308.233 INFO             PET1       MODEL: Run extro {ES}:! ! ! --- DistGrid::log() start --------------------------------
20260908 013308.233 INFO             PET1       MODEL: Run extro {ES}:! ! ! 0x121c460
20260908 013308.233 INFO             PET1       MODEL: Run extro {ES}:! ! ! DistGrid object is valid!<name: DG-Grid004-sloc:0>
20260908 013308.233 INFO             PET1       MODEL: Run extro {ES}:! ! ! --- DistGrid::log() end ----------------------------------
20260908 013308.233 INFO             PET1       MODEL: Run extro {ES}:! ! --- Array::log() end -------------------------------------
20260908 013308.233 INFO             PET1       MODEL: Run extro {ES}:!--- FieldLog() end -------------------
20260908 013308.233 INFO             PET1       MODEL: Run extro {ES}:+-<item: 0002> <itemType: Field> <itemName: rsns>
20260908 013308.234 INFO             PET1       MODEL: Run extro {ES}:!--- FieldLog() start -----------------
20260908 013308.234 INFO             PET1       MODEL: Run extro {ES}:! <name: rsns> <fieldStatus: ESMF_FIELDSTATUS_COMPLETE>
20260908 013308.234 INFO             PET1       MODEL: Run extro {ES}:! 0x7fff83c58ed0 => 0x11c9f90 => 0x11ca1c0
20260908 013308.234 INFO             PET1       MODEL: Run extro {ES}:! <typekind: Real*8> <rank:    2> <dimCount:    2>
20260908 013308.234 INFO             PET1       MODEL: Run extro {ES}:! ! --- Array::log() start -----------------------------------
20260908 013308.234 INFO             PET1       MODEL: Run extro {ES}:! ! 0x11cb370
20260908 013308.234 INFO             PET1       MODEL: Run extro {ES}:! ! <name: rsns>
20260908 013308.234 INFO             PET1       MODEL: Run extro {ES}:! ! ! --- DistGrid::log() start --------------------------------
20260908 013308.234 INFO             PET1       MODEL: Run extro {ES}:! ! ! 0x121c460
20260908 013308.234 INFO             PET1       MODEL: Run extro {ES}:! ! ! DistGrid object is valid!<name: DG-Grid004-sloc:0>
20260908 013308.234 INFO             PET1       MODEL: Run extro {ES}:! ! ! --- DistGrid::log() end ----------------------------------
20260908 013308.234 INFO             PET1       MODEL: Run extro {ES}:! ! --- Array::log() end -------------------------------------
20260908 013308.234 INFO             PET1       MODEL: Run extro {ES}:!--- FieldLog() end -------------------
20260908 013308.234 INFO             PET1       MODEL: Run extro {ES}:--- StateLog() end -------------------
20260908 013308.234 INFO             PET1     MODEL: Run extro.
20260908 013308.234 INFO             PET1     driver: RunSequence event loopLevel=   1  levelMember=   1  loopIteration=   5, current time:    0  1  1  0  2  0   0
20260908 013308.234 INFO             PET1     MODEL: Run intro.
20260908 013308.234 INFO             PET1       MODEL: Run intro {IS}:--- StateLog() start -----------------
20260908 013308.234 INFO             PET1       MODEL: Run intro {IS}:<name: MODEL-ImportState> <intent: ESMF_STATEINTENT_IMPORT> <itemCount:    0>
20260908 013308.234 INFO             PET1       MODEL: Run intro {IS}:--- StateLog() end -------------------
20260908 013308.234 INFO             PET1       MODEL: Run intro {ES}:--- StateLog() start -----------------
20260908 013308.234 INFO             PET1       MODEL: Run intro {ES}:<name: MODEL-ExportState> <intent: ESMF_STATEINTENT_EXPORT> <itemCount:    2>
20260908 013308.234 INFO             PET1       MODEL: Run intro {ES}:+-<item: 0001> <itemType: Field> <itemName: pmsl>
20260908 013308.234 INFO             PET1       MODEL: Run intro {ES}:!--- FieldLog() start -----------------
20260908 013308.234 INFO             PET1       MODEL: Run intro {ES}:! <name: pmsl> <fieldStatus: ESMF_FIELDSTATUS_COMPLETE>
20260908 013308.234 INFO             PET1       MODEL: Run intro {ES}:! 0x7fff83c58da0 => 0x120b100 => 0x11c75c0
20260908 013308.234 INFO             PET1       MODEL: Run intro {ES}:! <typekind: Real*8> <rank:    2> <dimCount:    2>
20260908 013308.234 INFO             PET1       MODEL: Run intro {ES}:! ! --- Array::log() start -----------------------------------
20260908 013308.234 INFO             PET1       MODEL: Run intro {ES}:! ! 0x11c8520
20260908 013308.234 INFO             PET1       MODEL: Run intro {ES}:! ! <name: pmsl>
20260908 013308.234 INFO             PET1       MODEL: Run intro {ES}:! ! ! --- DistGrid::log() start --------------------------------
20260908 013308.234 INFO             PET1       MODEL: Run intro {ES}:! ! ! 0x121c460
20260908 013308.234 INFO             PET1       MODEL: Run intro {ES}:! ! ! DistGrid object is valid!<name: DG-Grid004-sloc:0>
20260908 013308.234 INFO             PET1       MODEL: Run intro {ES}:! ! ! --- DistGrid::log() end ----------------------------------
20260908 013308.234 INFO             PET1       MODEL: Run intro {ES}:! ! --- Array::log() end -------------------------------------
20260908 013308.234 INFO             PET1       MODEL: Run intro {ES}:!--- FieldLog() end -------------------
20260908 013308.234 INFO             PET1       MODEL: Run intro {ES}:+-<item: 0002> <itemType: Field> <itemName: rsns>
20260908 013308.234 INFO             PET1       MODEL: Run intro {ES}:!--- FieldLog() start -----------------
20260908 013308.234 INFO             PET1       MODEL: Run intro {ES}:! <name: rsns> <fieldStatus: ESMF_FIELDSTATUS_COMPLETE>
20260908 013308.234 INFO             PET1       MODEL: Run intro {ES}:! 0x7fff83c58da0 => 0x11c9f90 => 0x11ca1c0
20260908 013308.235 INFO             PET1       MODEL: Run intro {ES}:! <typekind: Real*8> <rank:    2> <dimCount:    2>
20260908 013308.235 INFO             PET1       MODEL: Run intro {ES}:! ! --- Array::log() start -----------------------------------
20260908 013308.235 INFO             PET1       MODEL: Run intro {ES}:! ! 0x11cb370
20260908 013308.235 INFO             PET1       MODEL: Run intro {ES}:! ! <name: rsns>
20260908 013308.235 INFO             PET1       MODEL: Run intro {ES}:! ! ! --- DistGrid::log() start --------------------------------
20260908 013308.235 INFO             PET1       MODEL: Run intro {ES}:! ! ! 0x121c460
20260908 013308.235 INFO             PET1       MODEL: Run intro {ES}:! ! ! DistGrid object is valid!<name: DG-Grid004-sloc:0>
20260908 013308.235 INFO             PET1       MODEL: Run intro {ES}:! ! ! --- DistGrid::log() end ----------------------------------
20260908 013308.235 INFO             PET1       MODEL: Run intro {ES}:! ! --- Array::log() end -------------------------------------
20260908 013308.235 INFO             PET1       MODEL: Run intro {ES}:!--- FieldLog() end -------------------
20260908 013308.235 INFO             PET1       MODEL: Run intro {ES}:--- StateLog() end -------------------
20260908 013308.235 INFO             PET1       >>>MODEL: entered Run (phase=RunPhase1) with current time:    0  1  1  0  2  0   0
20260908 013308.235 INFO             PET1       MODEL: time step-loop starting, current time:    0  1  1  0  2  0   0
20260908 013308.235 INFO             PET1       thread_num=   1   currentSsiPe=  20   num_threads=   3   max_threads=   3   num_procs=   2
20260908 013308.235 INFO             PET1       thread_num=   0   currentSsiPe=  60   num_threads=   3   max_threads=   3   num_procs=   2
20260908 013308.235 INFO             PET1       thread_num=   2   currentSsiPe=  20   num_threads=   3   max_threads=   3   num_procs=   2
20260908 013308.235 INFO             PET1       ---->Advancing Model from:    0  1  1  0  2  0   0
20260908 013308.235 INFO             PET1       ---------------------> to:    0  1  1  0  2 30   0
20260908 013308.235 INFO             PET1       MODEL: time step-loop ending,   current time:    0  1  1  0  2 30   0
20260908 013308.235 INFO             PET1       <<<MODEL: leaving Run (phase=RunPhase1) with current time:    0  1  1  0  2 30   0
20260908 013308.235 INFO             PET1       MODEL: Run extro {IS}:--- StateLog() start -----------------
20260908 013308.235 INFO             PET1       MODEL: Run extro {IS}:<name: MODEL-ImportState> <intent: ESMF_STATEINTENT_IMPORT> <itemCount:    0>
20260908 013308.235 INFO             PET1       MODEL: Run extro {IS}:--- StateLog() end -------------------
20260908 013308.235 INFO             PET1       MODEL: Run extro {ES}:--- StateLog() start -----------------
20260908 013308.235 INFO             PET1       MODEL: Run extro {ES}:<name: MODEL-ExportState> <intent: ESMF_STATEINTENT_EXPORT> <itemCount:    2>
20260908 013308.235 INFO             PET1       MODEL: Run extro {ES}:+-<item: 0001> <itemType: Field> <itemName: pmsl>
20260908 013308.235 INFO             PET1       MODEL: Run extro {ES}:!--- FieldLog() start -----------------
20260908 013308.235 INFO             PET1       MODEL: Run extro {ES}:! <name: pmsl> <fieldStatus: ESMF_FIELDSTATUS_COMPLETE>
20260908 013308.235 INFO             PET1       MODEL: Run extro {ES}:! 0x7fff83c58ed0 => 0x120b100 => 0x11c75c0
20260908 013308.235 INFO             PET1       MODEL: Run extro {ES}:! <typekind: Real*8> <rank:    2> <dimCount:    2>
20260908 013308.235 INFO             PET1       MODEL: Run extro {ES}:! ! --- Array::log() start -----------------------------------
20260908 013308.235 INFO             PET1       MODEL: Run extro {ES}:! ! 0x11c8520
20260908 013308.235 INFO             PET1       MODEL: Run extro {ES}:! ! <name: pmsl>
20260908 013308.235 INFO             PET1       MODEL: Run extro {ES}:! ! ! --- DistGrid::log() start --------------------------------
20260908 013308.235 INFO             PET1       MODEL: Run extro {ES}:! ! ! 0x121c460
20260908 013308.235 INFO             PET1       MODEL: Run extro {ES}:! ! ! DistGrid object is valid!<name: DG-Grid004-sloc:0>
20260908 013308.235 INFO             PET1       MODEL: Run extro {ES}:! ! ! --- DistGrid::log() end ----------------------------------
20260908 013308.235 INFO             PET1       MODEL: Run extro {ES}:! ! --- Array::log() end -------------------------------------
20260908 013308.235 INFO             PET1       MODEL: Run extro {ES}:!--- FieldLog() end -------------------
20260908 013308.235 INFO             PET1       MODEL: Run extro {ES}:+-<item: 0002> <itemType: Field> <itemName: rsns>
20260908 013308.235 INFO             PET1       MODEL: Run extro {ES}:!--- FieldLog() start -----------------
20260908 013308.235 INFO             PET1       MODEL: Run extro {ES}:! <name: rsns> <fieldStatus: ESMF_FIELDSTATUS_COMPLETE>
20260908 013308.235 INFO             PET1       MODEL: Run extro {ES}:! 0x7fff83c58ed0 => 0x11c9f90 => 0x11ca1c0
20260908 013308.236 INFO             PET1       MODEL: Run extro {ES}:! <typekind: Real*8> <rank:    2> <dimCount:    2>
20260908 013308.236 INFO             PET1       MODEL: Run extro {ES}:! ! --- Array::log() start -----------------------------------
20260908 013308.236 INFO             PET1       MODEL: Run extro {ES}:! ! 0x11cb370
20260908 013308.236 INFO             PET1       MODEL: Run extro {ES}:! ! <name: rsns>
20260908 013308.236 INFO             PET1       MODEL: Run extro {ES}:! ! ! --- DistGrid::log() start --------------------------------
20260908 013308.236 INFO             PET1       MODEL: Run extro {ES}:! ! ! 0x121c460
20260908 013308.236 INFO             PET1       MODEL: Run extro {ES}:! ! ! DistGrid object is valid!<name: DG-Grid004-sloc:0>
20260908 013308.236 INFO             PET1       MODEL: Run extro {ES}:! ! ! --- DistGrid::log() end ----------------------------------
20260908 013308.236 INFO             PET1       MODEL: Run extro {ES}:! ! --- Array::log() end -------------------------------------
20260908 013308.236 INFO             PET1       MODEL: Run extro {ES}:!--- FieldLog() end -------------------
20260908 013308.236 INFO             PET1       MODEL: Run extro {ES}:--- StateLog() end -------------------
20260908 013308.236 INFO             PET1     MODEL: Run extro.
20260908 013308.236 INFO             PET1   driver: end <--------- RunSequence
20260908 013308.236 INFO             PET1   <<<driver: leaving Run (phase=RunPhase1) with current time:    0  1  1  0  2 30   0
20260908 013308.236 INFO             PET1   driver: Run extro {IS}:--- StateLog() start -----------------
20260908 013308.236 INFO             PET1   driver: Run extro {IS}:State object is invalid! Not created or deleted!
20260908 013308.236 INFO             PET1   driver: Run extro {IS}:--- StateLog() end -------------------
20260908 013308.236 INFO             PET1   driver: Run extro {ES}:--- StateLog() start -----------------
20260908 013308.236 INFO             PET1   driver: Run extro {ES}:State object is invalid! Not created or deleted!
20260908 013308.236 INFO             PET1   driver: Run extro {ES}:--- StateLog() end -------------------
20260908 013308.236 INFO             PET1 driver: Run extro.
20260908 013308.236 INFO             PET1 driver: Finalize intro.
20260908 013308.236 INFO             PET1   driver: Finalize intro {IS}:--- StateLog() start -----------------
20260908 013308.236 INFO             PET1   driver: Finalize intro {IS}:State object is invalid! Not created or deleted!
20260908 013308.236 INFO             PET1   driver: Finalize intro {IS}:--- StateLog() end -------------------
20260908 013308.236 INFO             PET1   driver: Finalize intro {ES}:--- StateLog() start -----------------
20260908 013308.236 INFO             PET1   driver: Finalize intro {ES}:State object is invalid! Not created or deleted!
20260908 013308.236 INFO             PET1   driver: Finalize intro {ES}:--- StateLog() end -------------------
20260908 013308.236 INFO             PET1   >>>driver: entered Finalize (phase=FinalizePhase1) with current time:    0  1  1  0  2 30   0
20260908 013308.236 INFO             PET1   Calling Finalize phase 1 for modelComp: MODEL
20260908 013308.236 INFO             PET1   MODEL: Finalize intro.
20260908 013308.236 INFO             PET1     MODEL: Finalize intro {IS}:--- StateLog() start -----------------
20260908 013308.236 INFO             PET1     MODEL: Finalize intro {IS}:<name: MODEL-ImportState> <intent: ESMF_STATEINTENT_IMPORT> <itemCount:    0>
20260908 013308.236 INFO             PET1     MODEL: Finalize intro {IS}:--- StateLog() end -------------------
20260908 013308.236 INFO             PET1     MODEL: Finalize intro {ES}:--- StateLog() start -----------------
20260908 013308.236 INFO             PET1     MODEL: Finalize intro {ES}:<name: MODEL-ExportState> <intent: ESMF_STATEINTENT_EXPORT> <itemCount:    2>
20260908 013308.236 INFO             PET1     MODEL: Finalize intro {ES}:+-<item: 0001> <itemType: Field> <itemName: pmsl>
20260908 013308.236 INFO             PET1     MODEL: Finalize intro {ES}:!--- FieldLog() start -----------------
20260908 013308.236 INFO             PET1     MODEL: Finalize intro {ES}:! <name: pmsl> <fieldStatus: ESMF_FIELDSTATUS_COMPLETE>
20260908 013308.236 INFO             PET1     MODEL: Finalize intro {ES}:! 0x7fff83c5bef0 => 0x120b100 => 0x11c75c0
20260908 013308.237 INFO             PET1     MODEL: Finalize intro {ES}:! <typekind: Real*8> <rank:    2> <dimCount:    2>
20260908 013308.237 INFO             PET1     MODEL: Finalize intro {ES}:! ! --- Array::log() start -----------------------------------
20260908 013308.237 INFO             PET1     MODEL: Finalize intro {ES}:! ! 0x11c8520
20260908 013308.237 INFO             PET1     MODEL: Finalize intro {ES}:! ! <name: pmsl>
20260908 013308.237 INFO             PET1     MODEL: Finalize intro {ES}:! ! ! --- DistGrid::log() start --------------------------------
20260908 013308.237 INFO             PET1     MODEL: Finalize intro {ES}:! ! ! 0x121c460
20260908 013308.237 INFO             PET1     MODEL: Finalize intro {ES}:! ! ! DistGrid object is valid!<name: DG-Grid004-sloc:0>
20260908 013308.237 INFO             PET1     MODEL: Finalize intro {ES}:! ! ! --- DistGrid::log() end ----------------------------------
20260908 013308.237 INFO             PET1     MODEL: Finalize intro {ES}:! ! --- Array::log() end -------------------------------------
20260908 013308.237 INFO             PET1     MODEL: Finalize intro {ES}:!--- FieldLog() end -------------------
20260908 013308.237 INFO             PET1     MODEL: Finalize intro {ES}:+-<item: 0002> <itemType: Field> <itemName: rsns>
20260908 013308.237 INFO             PET1     MODEL: Finalize intro {ES}:!--- FieldLog() start -----------------
20260908 013308.237 INFO             PET1     MODEL: Finalize intro {ES}:! <name: rsns> <fieldStatus: ESMF_FIELDSTATUS_COMPLETE>
20260908 013308.237 INFO             PET1     MODEL: Finalize intro {ES}:! 0x7fff83c5bef0 => 0x11c9f90 => 0x11ca1c0
20260908 013308.237 INFO             PET1     MODEL: Finalize intro {ES}:! <typekind: Real*8> <rank:    2> <dimCount:    2>
20260908 013308.237 INFO             PET1     MODEL: Finalize intro {ES}:! ! --- Array::log() start -----------------------------------
20260908 013308.237 INFO             PET1     MODEL: Finalize intro {ES}:! ! 0x11cb370
20260908 013308.237 INFO             PET1     MODEL: Finalize intro {ES}:! ! <name: rsns>
20260908 013308.237 INFO             PET1     MODEL: Finalize intro {ES}:! ! ! --- DistGrid::log() start --------------------------------
20260908 013308.237 INFO             PET1     MODEL: Finalize intro {ES}:! ! ! 0x121c460
20260908 013308.237 INFO             PET1     MODEL: Finalize intro {ES}:! ! ! DistGrid object is valid!<name: DG-Grid004-sloc:0>
20260908 013308.237 INFO             PET1     MODEL: Finalize intro {ES}:! ! ! --- DistGrid::log() end ----------------------------------
20260908 013308.237 INFO             PET1     MODEL: Finalize intro {ES}:! ! --- Array::log() end -------------------------------------
20260908 013308.237 INFO             PET1     MODEL: Finalize intro {ES}:!--- FieldLog() end -------------------
20260908 013308.237 INFO             PET1     MODEL: Finalize intro {ES}:--- StateLog() end -------------------
20260908 013308.237 INFO             PET1     >>>MODEL: entered Finalize (phase=FinalizePhase1) with current time:    0  1  1  0  2 30   0
20260908 013308.237 INFO             PET1     <<<MODEL: leaving Finalize (phase=FinalizePhase1) with current time:    0  1  1  0  2 30   0
20260908 013308.237 INFO             PET1   MODEL: Finalize extro.
20260908 013308.237 INFO             PET1   Delete modelComp: MODEL
20260908 013308.237 INFO             PET1   Delete Import-/Export State for modelComp: MODEL
20260908 013308.237 INFO             PET1   <<<driver: leaving Finalize (phase=FinalizePhase1) with current time:    0  1  1  0  2 30   0
20260908 013308.237 INFO             PET1 driver: Finalize extro.
20260908 013308.237 INFO             PET1 mainApp FINISHED
20260908 013308.237 INFO             PET1  Finalizing ESMF
20260908 013308.162 INFO             PET2 !!!!!!!!!!!!!!!!!!!!!!!!!!!!!!!!!!!!!!!!!!!!!!!!!!!!!!
20260908 013308.162 INFO             PET2 !!! THE ESMF_LOG IS SET TO OUTPUT ALL LOG MESSAGES !!!
20260908 013308.162 INFO             PET2 !!!     THIS MAY CAUSE SLOWDOWN IN PERFORMANCE     !!!
20260908 013308.162 INFO             PET2 !!! FOR PRODUCTION RUNS, USE:                      !!!
20260908 013308.162 INFO             PET2 !!!                   ESMF_LOGKIND_Multi_On_Error  !!!
20260908 013308.162 INFO             PET2 !!!!!!!!!!!!!!!!!!!!!!!!!!!!!!!!!!!!!!!!!!!!!!!!!!!!!!
20260908 013308.162 INFO             PET2 Running with ESMF Version   : feature/esmx-cmake+gdd1288b46b
20260908 013308.162 INFO             PET2 ESMF library build date/time: "Sep  7 2026" "23:52:07"
20260908 013308.163 INFO             PET2 ESMF library build location : /scratch3/NCEPDEV/stmp/Gerhard.Theurich/ESMF-Nightly-Testing-Hera/nvhpc_24.1_openmpi_O_feature_esmx-cmake/esmf
20260908 013308.163 INFO             PET2 ESMF_COMM                   : openmpi
20260908 013308.163 INFO             PET2 ESMF_MOAB                   : enabled
20260908 013308.163 INFO             PET2 ESMF_LAPACK                 : enabled
20260908 013308.163 INFO             PET2 ESMF_NETCDF                 : disabled
20260908 013308.163 INFO             PET2 ESMF_PNETCDF                : disabled
20260908 013308.163 INFO             PET2 ESMF_PIO                    : disabled
20260908 013308.163 INFO             PET2 ESMF_YAMLCPP                : enabled
20260908 013308.163 INFO             PET2 mainApp STARTING
20260908 013308.167 INFO             PET2 driver: InitializeGeneric intro.
20260908 013308.167 INFO             PET2   driver: InitializeGeneric intro {IS}:--- StateLog() start -----------------
20260908 013308.167 INFO             PET2   driver: InitializeGeneric intro {IS}:State object is invalid! Not created or deleted!
20260908 013308.167 INFO             PET2   driver: InitializeGeneric intro {IS}:--- StateLog() end -------------------
20260908 013308.167 INFO             PET2   driver: InitializeGeneric intro {ES}:--- StateLog() start -----------------
20260908 013308.167 INFO             PET2   driver: InitializeGeneric intro {ES}:State object is invalid! Not created or deleted!
20260908 013308.167 INFO             PET2   driver: InitializeGeneric intro {ES}:--- StateLog() end -------------------
20260908 013308.167 INFO             PET2   >>>driver: entered Initialize (phase=<none>) without valid internal Clock.
20260908 013308.168 INFO             PET2   driver: InitializeP0 intro.
20260908 013308.168 INFO             PET2     driver: InitializeP0 intro {IS}:--- StateLog() start -----------------
20260908 013308.168 INFO             PET2     driver: InitializeP0 intro {IS}:State object is invalid! Not created or deleted!
20260908 013308.168 INFO             PET2     driver: InitializeP0 intro {IS}:--- StateLog() end -------------------
20260908 013308.168 INFO             PET2     driver: InitializeP0 intro {ES}:--- StateLog() start -----------------
20260908 013308.168 INFO             PET2     driver: InitializeP0 intro {ES}:State object is invalid! Not created or deleted!
20260908 013308.168 INFO             PET2     driver: InitializeP0 intro {ES}:--- StateLog() end -------------------
20260908 013308.168 INFO             PET2     >>>driver: entered Initialize (phase=<none>) without valid internal Clock.
20260908 013308.168 INFO             PET2     <<<driver: leaving Initialize (phase=<none>) without valid internal Clock.
20260908 013308.168 INFO             PET2     driver: InitializeP0 extro {IS}:--- StateLog() start -----------------
20260908 013308.168 INFO             PET2     driver: InitializeP0 extro {IS}:State object is invalid! Not created or deleted!
20260908 013308.168 INFO             PET2     driver: InitializeP0 extro {IS}:--- StateLog() end -------------------
20260908 013308.168 INFO             PET2     driver: InitializeP0 extro {ES}:--- StateLog() start -----------------
20260908 013308.168 INFO             PET2     driver: InitializeP0 extro {ES}:State object is invalid! Not created or deleted!
20260908 013308.168 INFO             PET2     driver: InitializeP0 extro {ES}:--- StateLog() end -------------------
20260908 013308.168 INFO             PET2   driver: InitializeP0 extro.
20260908 013308.168 INFO             PET2   driver: InitializeIPDv02p1 intro.
20260908 013308.168 INFO             PET2     driver: InitializeIPDv02p1 intro {IS}:--- StateLog() start -----------------
20260908 013308.168 INFO             PET2     driver: InitializeIPDv02p1 intro {IS}:State object is invalid! Not created or deleted!
20260908 013308.168 INFO             PET2     driver: InitializeIPDv02p1 intro {IS}:--- StateLog() end -------------------
20260908 013308.168 INFO             PET2     driver: InitializeIPDv02p1 intro {ES}:--- StateLog() start -----------------
20260908 013308.168 INFO             PET2     driver: InitializeIPDv02p1 intro {ES}:State object is invalid! Not created or deleted!
20260908 013308.168 INFO             PET2     driver: InitializeIPDv02p1 intro {ES}:--- StateLog() end -------------------
20260908 013308.168 INFO             PET2     >>>driver: entered Initialize (phase=<none>) without valid internal Clock.
20260908 013308.169 INFO             PET2     driver - Creating model component MODEL without petList.
20260908 013308.171 INFO             PET2      GridCompIsPetLocal:   T
20260908 013308.171 INFO             PET2      VmIsCreated:   T
20260908 013308.171 INFO             PET2      valid MPI_COMM with size=            4
20260908 013308.171 INFO             PET2     driver - Creating state: modelComp 1 Import State
20260908 013308.171 INFO             PET2     driver - Creating state: modelComp 1 Export State
20260908 013308.173 INFO             PET2     MODEL: InitializeP0 intro.
20260908 013308.173 INFO             PET2       MODEL: InitializeP0 intro {IS}:--- StateLog() start -----------------
20260908 013308.173 INFO             PET2       MODEL: InitializeP0 intro {IS}:<name: MODEL-ImportState> <intent: ESMF_STATEINTENT_IMPORT> <itemCount:    0>
20260908 013308.173 INFO             PET2       MODEL: InitializeP0 intro {IS}:--- StateLog() end -------------------
20260908 013308.173 INFO             PET2       MODEL: InitializeP0 intro {ES}:--- StateLog() start -----------------
20260908 013308.173 INFO             PET2       MODEL: InitializeP0 intro {ES}:<name: MODEL-ExportState> <intent: ESMF_STATEINTENT_EXPORT> <itemCount:    0>
20260908 013308.173 INFO             PET2       MODEL: InitializeP0 intro {ES}:--- StateLog() end -------------------
20260908 013308.173 INFO             PET2       >>>MODEL: entered Initialize (phase=<none>) without valid internal Clock.
20260908 013308.174 INFO             PET2       <<<MODEL: leaving Initialize (phase=<none>) without valid internal Clock.
20260908 013308.174 INFO             PET2       MODEL: InitializeP0 extro {IS}:--- StateLog() start -----------------
20260908 013308.174 INFO             PET2       MODEL: InitializeP0 extro {IS}:<name: MODEL-ImportState> <intent: ESMF_STATEINTENT_IMPORT> <itemCount:    0>
20260908 013308.174 INFO             PET2       MODEL: InitializeP0 extro {IS}:--- StateLog() end -------------------
20260908 013308.174 INFO             PET2       MODEL: InitializeP0 extro {ES}:--- StateLog() start -----------------
20260908 013308.174 INFO             PET2       MODEL: InitializeP0 extro {ES}:<name: MODEL-ExportState> <intent: ESMF_STATEINTENT_EXPORT> <itemCount:    0>
20260908 013308.174 INFO             PET2       MODEL: InitializeP0 extro {ES}:--- StateLog() end -------------------
20260908 013308.174 INFO             PET2     MODEL: InitializeP0 extro.
20260908 013308.175 INFO             PET2     driver: IInitAdvertise intro.
20260908 013308.175 INFO             PET2       driver: IInitAdvertise intro {IS}:--- StateLog() start -----------------
20260908 013308.175 INFO             PET2       driver: IInitAdvertise intro {IS}:State object is invalid! Not created or deleted!
20260908 013308.175 INFO             PET2       driver: IInitAdvertise intro {IS}:--- StateLog() end -------------------
20260908 013308.175 INFO             PET2       driver: IInitAdvertise intro {ES}:--- StateLog() start -----------------
20260908 013308.175 INFO             PET2       driver: IInitAdvertise intro {ES}:State object is invalid! Not created or deleted!
20260908 013308.175 INFO             PET2       driver: IInitAdvertise intro {ES}:--- StateLog() end -------------------
20260908 013308.175 INFO             PET2       >>>driver: entered Initialize (phase=<none>) with current time:    0  1  1  0  0  0   0
20260908 013308.175 INFO             PET2       <<<driver: leaving Initialize (phase=<none>) with current time:    0  1  1  0  0  0   0
20260908 013308.175 INFO             PET2       driver: IInitAdvertise extro {IS}:--- StateLog() start -----------------
20260908 013308.175 INFO             PET2       driver: IInitAdvertise extro {IS}:State object is invalid! Not created or deleted!
20260908 013308.175 INFO             PET2       driver: IInitAdvertise extro {IS}:--- StateLog() end -------------------
20260908 013308.175 INFO             PET2       driver: IInitAdvertise extro {ES}:--- StateLog() start -----------------
20260908 013308.175 INFO             PET2       driver: IInitAdvertise extro {ES}:State object is invalid! Not created or deleted!
20260908 013308.175 INFO             PET2       driver: IInitAdvertise extro {ES}:--- StateLog() end -------------------
20260908 013308.176 INFO             PET2     driver: IInitAdvertise extro.
20260908 013308.176 INFO             PET2     MODEL: InitializeIPDvXp01 intro.
20260908 013308.176 INFO             PET2       MODEL: InitializeIPDvXp01 intro {IS}:--- StateLog() start -----------------
20260908 013308.176 INFO             PET2       MODEL: InitializeIPDvXp01 intro {IS}:<name: MODEL-ImportState> <intent: ESMF_STATEINTENT_IMPORT> <itemCount:    0>
20260908 013308.176 INFO             PET2       MODEL: InitializeIPDvXp01 intro {IS}:--- StateLog() end -------------------
20260908 013308.176 INFO             PET2       MODEL: InitializeIPDvXp01 intro {ES}:--- StateLog() start -----------------
20260908 013308.176 INFO             PET2       MODEL: InitializeIPDvXp01 intro {ES}:<name: MODEL-ExportState> <intent: ESMF_STATEINTENT_EXPORT> <itemCount:    0>
20260908 013308.176 INFO             PET2       MODEL: InitializeIPDvXp01 intro {ES}:--- StateLog() end -------------------
20260908 013308.176 INFO             PET2       >>>MODEL: entered Initialize (phase=IPDvXp01) without valid internal Clock.
20260908 013308.178 INFO             PET2       <<<MODEL: leaving Initialize (phase=IPDvXp01) without valid internal Clock.
20260908 013308.178 INFO             PET2       MODEL: InitializeIPDvXp01 extro {IS}:--- StateLog() start -----------------
20260908 013308.178 INFO             PET2       MODEL: InitializeIPDvXp01 extro {IS}:<name: MODEL-ImportState> <intent: ESMF_STATEINTENT_IMPORT> <itemCount:    0>
20260908 013308.178 INFO             PET2       MODEL: InitializeIPDvXp01 extro {IS}:--- StateLog() end -------------------
20260908 013308.178 INFO             PET2       MODEL: InitializeIPDvXp01 extro {ES}:--- StateLog() start -----------------
20260908 013308.178 INFO             PET2       MODEL: InitializeIPDvXp01 extro {ES}:<name: MODEL-ExportState> <intent: ESMF_STATEINTENT_EXPORT> <itemCount:    2>
20260908 013308.178 INFO             PET2       MODEL: InitializeIPDvXp01 extro {ES}:+-<item: 0001> <itemType: Field> <itemName: pmsl>
20260908 013308.178 INFO             PET2       MODEL: InitializeIPDvXp01 extro {ES}:!--- FieldLog() start -----------------
20260908 013308.178 INFO             PET2       MODEL: InitializeIPDvXp01 extro {ES}:! <name: pmsl> <fieldStatus: ESMF_FIELDSTATUS_EMPTY>
20260908 013308.178 INFO             PET2       MODEL: InitializeIPDvXp01 extro {ES}:! 0x7fffaffb5d00 => 0x1dee470 => 0x1e16ae0
20260908 013308.178 INFO             PET2       MODEL: InitializeIPDvXp01 extro {ES}:!--- FieldLog() end -------------------
20260908 013308.178 INFO             PET2       MODEL: InitializeIPDvXp01 extro {ES}:+-<item: 0002> <itemType: Field> <itemName: rsns>
20260908 013308.178 INFO             PET2       MODEL: InitializeIPDvXp01 extro {ES}:!--- FieldLog() start -----------------
20260908 013308.178 INFO             PET2       MODEL: InitializeIPDvXp01 extro {ES}:! <name: rsns> <fieldStatus: ESMF_FIELDSTATUS_EMPTY>
20260908 013308.178 INFO             PET2       MODEL: InitializeIPDvXp01 extro {ES}:! 0x7fffaffb5d00 => 0x1d90650 => 0x1d90880
20260908 013308.178 INFO             PET2       MODEL: InitializeIPDvXp01 extro {ES}:!--- FieldLog() end -------------------
20260908 013308.178 INFO             PET2       MODEL: InitializeIPDvXp01 extro {ES}:--- StateLog() end -------------------
20260908 013308.178 INFO             PET2     MODEL: InitializeIPDvXp01 extro.
20260908 013308.179 INFO             PET2     driver: IInitAdvertiseFinish intro.
20260908 013308.179 INFO             PET2       driver: IInitAdvertiseFinish intro {IS}:--- StateLog() start -----------------
20260908 013308.179 INFO             PET2       driver: IInitAdvertiseFinish intro {IS}:State object is invalid! Not created or deleted!
20260908 013308.179 INFO             PET2       driver: IInitAdvertiseFinish intro {IS}:--- StateLog() end -------------------
20260908 013308.179 INFO             PET2       driver: IInitAdvertiseFinish intro {ES}:--- StateLog() start -----------------
20260908 013308.179 INFO             PET2       driver: IInitAdvertiseFinish intro {ES}:State object is invalid! Not created or deleted!
20260908 013308.179 INFO             PET2       driver: IInitAdvertiseFinish intro {ES}:--- StateLog() end -------------------
20260908 013308.179 INFO             PET2       >>>driver: entered Initialize (phase=<none>) with current time:    0  1  1  0  0  0   0
20260908 013308.179 INFO             PET2       <<<driver: leaving Initialize (phase=<none>) with current time:    0  1  1  0  0  0   0
20260908 013308.179 INFO             PET2       driver: IInitAdvertiseFinish extro {IS}:--- StateLog() start -----------------
20260908 013308.179 INFO             PET2       driver: IInitAdvertiseFinish extro {IS}:State object is invalid! Not created or deleted!
20260908 013308.179 INFO             PET2       driver: IInitAdvertiseFinish extro {IS}:--- StateLog() end -------------------
20260908 013308.179 INFO             PET2       driver: IInitAdvertiseFinish extro {ES}:--- StateLog() start -----------------
20260908 013308.180 INFO             PET2       driver: IInitAdvertiseFinish extro {ES}:State object is invalid! Not created or deleted!
20260908 013308.180 INFO             PET2       driver: IInitAdvertiseFinish extro {ES}:--- StateLog() end -------------------
20260908 013308.180 INFO             PET2     driver: IInitAdvertiseFinish extro.
20260908 013308.180 INFO             PET2     driver: IInitModifyCplLists intro.
20260908 013308.180 INFO             PET2       driver: IInitModifyCplLists intro {IS}:--- StateLog() start -----------------
20260908 013308.180 INFO             PET2       driver: IInitModifyCplLists intro {IS}:State object is invalid! Not created or deleted!
20260908 013308.180 INFO             PET2       driver: IInitModifyCplLists intro {IS}:--- StateLog() end -------------------
20260908 013308.180 INFO             PET2       driver: IInitModifyCplLists intro {ES}:--- StateLog() start -----------------
20260908 013308.180 INFO             PET2       driver: IInitModifyCplLists intro {ES}:State object is invalid! Not created or deleted!
20260908 013308.180 INFO             PET2       driver: IInitModifyCplLists intro {ES}:--- StateLog() end -------------------
20260908 013308.180 INFO             PET2       >>>driver: entered Initialize (phase=<none>) with current time:    0  1  1  0  0  0   0
20260908 013308.180 INFO             PET2       <<<driver: leaving Initialize (phase=<none>) with current time:    0  1  1  0  0  0   0
20260908 013308.180 INFO             PET2       driver: IInitModifyCplLists extro {IS}:--- StateLog() start -----------------
20260908 013308.180 INFO             PET2       driver: IInitModifyCplLists extro {IS}:State object is invalid! Not created or deleted!
20260908 013308.180 INFO             PET2       driver: IInitModifyCplLists extro {IS}:--- StateLog() end -------------------
20260908 013308.180 INFO             PET2       driver: IInitModifyCplLists extro {ES}:--- StateLog() start -----------------
20260908 013308.180 INFO             PET2       driver: IInitModifyCplLists extro {ES}:State object is invalid! Not created or deleted!
20260908 013308.180 INFO             PET2       driver: IInitModifyCplLists extro {ES}:--- StateLog() end -------------------
20260908 013308.180 INFO             PET2     driver: IInitModifyCplLists extro.
20260908 013308.180 INFO             PET2     <<<driver: leaving Initialize (phase=<none>) with current time:    0  1  1  0  0  0   0
20260908 013308.180 INFO             PET2     driver: InitializeIPDv02p1 extro {IS}:--- StateLog() start -----------------
20260908 013308.180 INFO             PET2     driver: InitializeIPDv02p1 extro {IS}:State object is invalid! Not created or deleted!
20260908 013308.180 INFO             PET2     driver: InitializeIPDv02p1 extro {IS}:--- StateLog() end -------------------
20260908 013308.181 INFO             PET2     driver: InitializeIPDv02p1 extro {ES}:--- StateLog() start -----------------
20260908 013308.181 INFO             PET2     driver: InitializeIPDv02p1 extro {ES}:State object is invalid! Not created or deleted!
20260908 013308.181 INFO             PET2     driver: InitializeIPDv02p1 extro {ES}:--- StateLog() end -------------------
20260908 013308.181 INFO             PET2   driver: InitializeIPDv02p1 extro.
20260908 013308.181 INFO             PET2   driver: InitializeIPDv02p3 intro.
20260908 013308.181 INFO             PET2     driver: InitializeIPDv02p3 intro {IS}:--- StateLog() start -----------------
20260908 013308.181 INFO             PET2     driver: InitializeIPDv02p3 intro {IS}:State object is invalid! Not created or deleted!
20260908 013308.181 INFO             PET2     driver: InitializeIPDv02p3 intro {IS}:--- StateLog() end -------------------
20260908 013308.181 INFO             PET2     driver: InitializeIPDv02p3 intro {ES}:--- StateLog() start -----------------
20260908 013308.181 INFO             PET2     driver: InitializeIPDv02p3 intro {ES}:State object is invalid! Not created or deleted!
20260908 013308.181 INFO             PET2     driver: InitializeIPDv02p3 intro {ES}:--- StateLog() end -------------------
20260908 013308.181 INFO             PET2     >>>driver: entered Initialize (phase=<none>) with current time:    0  1  1  0  0  0   0
20260908 013308.181 INFO             PET2     driver: IInitCheck intro.
20260908 013308.181 INFO             PET2       driver: IInitCheck intro {IS}:--- StateLog() start -----------------
20260908 013308.181 INFO             PET2       driver: IInitCheck intro {IS}:State object is invalid! Not created or deleted!
20260908 013308.181 INFO             PET2       driver: IInitCheck intro {IS}:--- StateLog() end -------------------
20260908 013308.181 INFO             PET2       driver: IInitCheck intro {ES}:--- StateLog() start -----------------
20260908 013308.181 INFO             PET2       driver: IInitCheck intro {ES}:State object is invalid! Not created or deleted!
20260908 013308.181 INFO             PET2       driver: IInitCheck intro {ES}:--- StateLog() end -------------------
20260908 013308.181 INFO             PET2       >>>driver: entered Initialize (phase=<none>) with current time:    0  1  1  0  0  0   0
20260908 013308.181 INFO             PET2       <<<driver: leaving Initialize (phase=<none>) with current time:    0  1  1  0  0  0   0
20260908 013308.181 INFO             PET2       driver: IInitCheck extro {IS}:--- StateLog() start -----------------
20260908 013308.181 INFO             PET2       driver: IInitCheck extro {IS}:State object is invalid! Not created or deleted!
20260908 013308.181 INFO             PET2       driver: IInitCheck extro {IS}:--- StateLog() end -------------------
20260908 013308.181 INFO             PET2       driver: IInitCheck extro {ES}:--- StateLog() start -----------------
20260908 013308.181 INFO             PET2       driver: IInitCheck extro {ES}:State object is invalid! Not created or deleted!
20260908 013308.181 INFO             PET2       driver: IInitCheck extro {ES}:--- StateLog() end -------------------
20260908 013308.182 INFO             PET2     driver: IInitCheck extro.
20260908 013308.182 INFO             PET2     MODEL: InitializeIPDvXp04 intro.
20260908 013308.182 INFO             PET2       MODEL: InitializeIPDvXp04 intro {IS}:--- StateLog() start -----------------
20260908 013308.182 INFO             PET2       MODEL: InitializeIPDvXp04 intro {IS}:<name: MODEL-ImportState> <intent: ESMF_STATEINTENT_IMPORT> <itemCount:    0>
20260908 013308.182 INFO             PET2       MODEL: InitializeIPDvXp04 intro {IS}:--- StateLog() end -------------------
20260908 013308.182 INFO             PET2       MODEL: InitializeIPDvXp04 intro {ES}:--- StateLog() start -----------------
20260908 013308.182 INFO             PET2       MODEL: InitializeIPDvXp04 intro {ES}:<name: MODEL-ExportState> <intent: ESMF_STATEINTENT_EXPORT> <itemCount:    2>
20260908 013308.182 INFO             PET2       MODEL: InitializeIPDvXp04 intro {ES}:+-<item: 0001> <itemType: Field> <itemName: pmsl>
20260908 013308.182 INFO             PET2       MODEL: InitializeIPDvXp04 intro {ES}:!--- FieldLog() start -----------------
20260908 013308.182 INFO             PET2       MODEL: InitializeIPDvXp04 intro {ES}:! <name: pmsl> <fieldStatus: ESMF_FIELDSTATUS_EMPTY>
20260908 013308.182 INFO             PET2       MODEL: InitializeIPDvXp04 intro {ES}:! 0x7fffaffc1a00 => 0x1dee470 => 0x1e16ae0
20260908 013308.182 INFO             PET2       MODEL: InitializeIPDvXp04 intro {ES}:!--- FieldLog() end -------------------
20260908 013308.182 INFO             PET2       MODEL: InitializeIPDvXp04 intro {ES}:+-<item: 0002> <itemType: Field> <itemName: rsns>
20260908 013308.182 INFO             PET2       MODEL: InitializeIPDvXp04 intro {ES}:!--- FieldLog() start -----------------
20260908 013308.182 INFO             PET2       MODEL: InitializeIPDvXp04 intro {ES}:! <name: rsns> <fieldStatus: ESMF_FIELDSTATUS_EMPTY>
20260908 013308.182 INFO             PET2       MODEL: InitializeIPDvXp04 intro {ES}:! 0x7fffaffc1a00 => 0x1d90650 => 0x1d90880
20260908 013308.182 INFO             PET2       MODEL: InitializeIPDvXp04 intro {ES}:!--- FieldLog() end -------------------
20260908 013308.182 INFO             PET2       MODEL: InitializeIPDvXp04 intro {ES}:--- StateLog() end -------------------
20260908 013308.182 INFO             PET2       >>>MODEL: entered Initialize (phase=IPDvXp04) without valid internal Clock.
20260908 013308.185 INFO             PET2       After Realize: - MemInfo: [/proc/meminfo - SSI]	MemTotal:       97343016 kB
20260908 013308.186 INFO             PET2       After Realize: - MemInfo: [/proc/meminfo - SSI]	MemFree:        92397680 kB
20260908 013308.186 INFO             PET2       After Realize: - MemInfo: [/proc/meminfo - SSI]	MemAvailable:   92239960 kB
20260908 013308.186 INFO             PET2       After Realize: - MemInfo: [/proc/meminfo - SSI]	Committed_AS:   33886040 kB
20260908 013308.186 INFO             PET2       After Realize: - MemInfo: [/proc/meminfo - SSI]	CommittedPercent: 34.811 %
20260908 013308.186 INFO             PET2       After Realize: - MemInfo: [/proc/self/status]	VmPeak:	11629716 kB
20260908 013308.186 INFO             PET2       After Realize: - MemInfo: [/proc/self/status]	VmSize:	11629716 kB
20260908 013308.186 INFO             PET2       After Realize: - MemInfo: [/proc/self/status]	VmLck:	       0 kB
20260908 013308.186 INFO             PET2       After Realize: - MemInfo: [/proc/self/status]	VmPin:	  111236 kB
20260908 013308.186 INFO             PET2       After Realize: - MemInfo: [/proc/self/status]	VmHWM:	  152888 kB
20260908 013308.186 INFO             PET2       After Realize: - MemInfo: [/proc/self/status]	VmRSS:	  152888 kB
20260908 013308.186 INFO             PET2       After Realize: - MemInfo: [/proc/self/status]	VmData:	  159240 kB
20260908 013308.186 INFO             PET2       After Realize: - MemInfo: [/proc/self/status]	VmStk:	10955516 kB
20260908 013308.186 INFO             PET2       After Realize: - MemInfo: [/proc/self/status]	VmExe:	      24 kB
20260908 013308.186 INFO             PET2       After Realize: - MemInfo: [/proc/self/status]	VmLib:	   48396 kB
20260908 013308.186 INFO             PET2       After Realize: - MemInfo: [/proc/self/status]	VmPTE:	     856 kB
20260908 013308.186 INFO             PET2       After Realize: - MemInfo: [/proc/self/status]	VmSwap:	       0 kB
20260908 013308.186 INFO             PET2       After Realize: - MemInfo: [/proc/self/status]	VmRSSPercent: 0.157061 %
20260908 013308.186 INFO             PET2       After Realize: - MemInfo: [malloc] Non-mmapped space allocated:                 5578752 Byte
20260908 013308.186 INFO             PET2       After Realize: - MemInfo: [malloc] Space allocated in mmapped regions:        122953728 Byte
20260908 013308.186 INFO             PET2       After Realize: - MemInfo: [malloc] Maximum total allocated space:                     0 Byte
20260908 013308.186 INFO             PET2       After Realize: - MemInfo: [malloc] Space in freed fastbin blocks:                     0 Byte
20260908 013308.186 INFO             PET2       After Realize: - MemInfo: [malloc] Total allocated space:                       4134912 Byte
20260908 013308.186 INFO             PET2       After Realize: - MemInfo: [malloc] Total free space:                            1443840 Byte
20260908 013308.186 INFO             PET2       After Realize: - MemInfo: [malloc] Top-most, releasable space:                   193376 Byte
20260908 013308.186 INFO             PET2       After Realize: - MemInfo: [malloc] Total space in use, mmap + non-mmap:       127088640 Byte
20260908 013308.186 INFO             PET2       After Realize: - MemInfo: [malloc] Total space held (mmap + non-mmap):        128532480 Byte
20260908 013308.186 INFO             PET2       After Realize: - MemInfo: [malloc] Total space used (mmap + non-mmap):        127096768 Byte
20260908 013308.186 INFO             PET2       After Realize: - MemInfo: Wall-clock time since execution start:              0.0265487 seconds
20260908 013308.186 INFO             PET2       <<<MODEL: leaving Initialize (phase=IPDvXp04) without valid internal Clock.
20260908 013308.186 INFO             PET2       MODEL: InitializeIPDvXp04 extro {IS}:--- StateLog() start -----------------
20260908 013308.186 INFO             PET2       MODEL: InitializeIPDvXp04 extro {IS}:<name: MODEL-ImportState> <intent: ESMF_STATEINTENT_IMPORT> <itemCount:    0>
20260908 013308.186 INFO             PET2       MODEL: InitializeIPDvXp04 extro {IS}:--- StateLog() end -------------------
20260908 013308.186 INFO             PET2       MODEL: InitializeIPDvXp04 extro {ES}:--- StateLog() start -----------------
20260908 013308.186 INFO             PET2       MODEL: InitializeIPDvXp04 extro {ES}:<name: MODEL-ExportState> <intent: ESMF_STATEINTENT_EXPORT> <itemCount:    2>
20260908 013308.186 INFO             PET2       MODEL: InitializeIPDvXp04 extro {ES}:+-<item: 0001> <itemType: Field> <itemName: pmsl>
20260908 013308.186 INFO             PET2       MODEL: InitializeIPDvXp04 extro {ES}:!--- FieldLog() start -----------------
20260908 013308.186 INFO             PET2       MODEL: InitializeIPDvXp04 extro {ES}:! <name: pmsl> <fieldStatus: ESMF_FIELDSTATUS_COMPLETE>
20260908 013308.186 INFO             PET2       MODEL: InitializeIPDvXp04 extro {ES}:! 0x7fffaffc1b30 => 0x1df9470 => 0x1df96a0
20260908 013308.187 INFO             PET2       MODEL: InitializeIPDvXp04 extro {ES}:! <typekind: Real*8> <rank:    2> <dimCount:    2>
20260908 013308.187 INFO             PET2       MODEL: InitializeIPDvXp04 extro {ES}:! ! --- Array::log() start -----------------------------------
20260908 013308.187 INFO             PET2       MODEL: InitializeIPDvXp04 extro {ES}:! ! 0x1dfa610
20260908 013308.187 INFO             PET2       MODEL: InitializeIPDvXp04 extro {ES}:! ! <name: pmsl>
20260908 013308.187 INFO             PET2       MODEL: InitializeIPDvXp04 extro {ES}:! ! ! --- DistGrid::log() start --------------------------------
20260908 013308.187 INFO             PET2       MODEL: InitializeIPDvXp04 extro {ES}:! ! ! 0x1df5480
20260908 013308.187 INFO             PET2       MODEL: InitializeIPDvXp04 extro {ES}:! ! ! DistGrid object is valid!<name: DG-Grid004-sloc:0>
20260908 013308.187 INFO             PET2       MODEL: InitializeIPDvXp04 extro {ES}:! ! ! --- DistGrid::log() end ----------------------------------
20260908 013308.187 INFO             PET2       MODEL: InitializeIPDvXp04 extro {ES}:! ! --- Array::log() end -------------------------------------
20260908 013308.187 INFO             PET2       MODEL: InitializeIPDvXp04 extro {ES}:!--- FieldLog() end -------------------
20260908 013308.187 INFO             PET2       MODEL: InitializeIPDvXp04 extro {ES}:+-<item: 0002> <itemType: Field> <itemName: rsns>
20260908 013308.187 INFO             PET2       MODEL: InitializeIPDvXp04 extro {ES}:!--- FieldLog() start -----------------
20260908 013308.187 INFO             PET2       MODEL: InitializeIPDvXp04 extro {ES}:! <name: rsns> <fieldStatus: ESMF_FIELDSTATUS_COMPLETE>
20260908 013308.187 INFO             PET2       MODEL: InitializeIPDvXp04 extro {ES}:! 0x7fffaffc1b30 => 0x1dfc110 => 0x1dfc340
20260908 013308.187 INFO             PET2       MODEL: InitializeIPDvXp04 extro {ES}:! <typekind: Real*8> <rank:    2> <dimCount:    2>
20260908 013308.187 INFO             PET2       MODEL: InitializeIPDvXp04 extro {ES}:! ! --- Array::log() start -----------------------------------
20260908 013308.187 INFO             PET2       MODEL: InitializeIPDvXp04 extro {ES}:! ! 0x1dfd1d0
20260908 013308.187 INFO             PET2       MODEL: InitializeIPDvXp04 extro {ES}:! ! <name: rsns>
20260908 013308.187 INFO             PET2       MODEL: InitializeIPDvXp04 extro {ES}:! ! ! --- DistGrid::log() start --------------------------------
20260908 013308.187 INFO             PET2       MODEL: InitializeIPDvXp04 extro {ES}:! ! ! 0x1df5480
20260908 013308.187 INFO             PET2       MODEL: InitializeIPDvXp04 extro {ES}:! ! ! DistGrid object is valid!<name: DG-Grid004-sloc:0>
20260908 013308.187 INFO             PET2       MODEL: InitializeIPDvXp04 extro {ES}:! ! ! --- DistGrid::log() end ----------------------------------
20260908 013308.187 INFO             PET2       MODEL: InitializeIPDvXp04 extro {ES}:! ! --- Array::log() end -------------------------------------
20260908 013308.187 INFO             PET2       MODEL: InitializeIPDvXp04 extro {ES}:!--- FieldLog() end -------------------
20260908 013308.187 INFO             PET2       MODEL: InitializeIPDvXp04 extro {ES}:--- StateLog() end -------------------
20260908 013308.187 INFO             PET2     MODEL: InitializeIPDvXp04 extro.
20260908 013308.188 INFO             PET2     driver: IInitRealize intro.
20260908 013308.188 INFO             PET2       driver: IInitRealize intro {IS}:--- StateLog() start -----------------
20260908 013308.188 INFO             PET2       driver: IInitRealize intro {IS}:State object is invalid! Not created or deleted!
20260908 013308.188 INFO             PET2       driver: IInitRealize intro {IS}:--- StateLog() end -------------------
20260908 013308.188 INFO             PET2       driver: IInitRealize intro {ES}:--- StateLog() start -----------------
20260908 013308.188 INFO             PET2       driver: IInitRealize intro {ES}:State object is invalid! Not created or deleted!
20260908 013308.188 INFO             PET2       driver: IInitRealize intro {ES}:--- StateLog() end -------------------
20260908 013308.188 INFO             PET2       >>>driver: entered Initialize (phase=<none>) with current time:    0  1  1  0  0  0   0
20260908 013308.188 INFO             PET2       <<<driver: leaving Initialize (phase=<none>) with current time:    0  1  1  0  0  0   0
20260908 013308.188 INFO             PET2       driver: IInitRealize extro {IS}:--- StateLog() start -----------------
20260908 013308.188 INFO             PET2       driver: IInitRealize extro {IS}:State object is invalid! Not created or deleted!
20260908 013308.188 INFO             PET2       driver: IInitRealize extro {IS}:--- StateLog() end -------------------
20260908 013308.188 INFO             PET2       driver: IInitRealize extro {ES}:--- StateLog() start -----------------
20260908 013308.188 INFO             PET2       driver: IInitRealize extro {ES}:State object is invalid! Not created or deleted!
20260908 013308.188 INFO             PET2       driver: IInitRealize extro {ES}:--- StateLog() end -------------------
20260908 013308.188 INFO             PET2     driver: IInitRealize extro.
20260908 013308.189 INFO             PET2     MODEL: InitializeIPDvXp07 intro.
20260908 013308.189 INFO             PET2       MODEL: InitializeIPDvXp07 intro {IS}:--- StateLog() start -----------------
20260908 013308.189 INFO             PET2       MODEL: InitializeIPDvXp07 intro {IS}:<name: MODEL-ImportState> <intent: ESMF_STATEINTENT_IMPORT> <itemCount:    0>
20260908 013308.189 INFO             PET2       MODEL: InitializeIPDvXp07 intro {IS}:--- StateLog() end -------------------
20260908 013308.189 INFO             PET2       MODEL: InitializeIPDvXp07 intro {ES}:--- StateLog() start -----------------
20260908 013308.189 INFO             PET2       MODEL: InitializeIPDvXp07 intro {ES}:<name: MODEL-ExportState> <intent: ESMF_STATEINTENT_EXPORT> <itemCount:    2>
20260908 013308.189 INFO             PET2       MODEL: InitializeIPDvXp07 intro {ES}:+-<item: 0001> <itemType: Field> <itemName: pmsl>
20260908 013308.189 INFO             PET2       MODEL: InitializeIPDvXp07 intro {ES}:!--- FieldLog() start -----------------
20260908 013308.189 INFO             PET2       MODEL: InitializeIPDvXp07 intro {ES}:! <name: pmsl> <fieldStatus: ESMF_FIELDSTATUS_COMPLETE>
20260908 013308.189 INFO             PET2       MODEL: InitializeIPDvXp07 intro {ES}:! 0x7fffaffc0700 => 0x1df9470 => 0x1df96a0
20260908 013308.189 INFO             PET2       MODEL: InitializeIPDvXp07 intro {ES}:! <typekind: Real*8> <rank:    2> <dimCount:    2>
20260908 013308.189 INFO             PET2       MODEL: InitializeIPDvXp07 intro {ES}:! ! --- Array::log() start -----------------------------------
20260908 013308.189 INFO             PET2       MODEL: InitializeIPDvXp07 intro {ES}:! ! 0x1dfa610
20260908 013308.189 INFO             PET2       MODEL: InitializeIPDvXp07 intro {ES}:! ! <name: pmsl>
20260908 013308.189 INFO             PET2       MODEL: InitializeIPDvXp07 intro {ES}:! ! ! --- DistGrid::log() start --------------------------------
20260908 013308.189 INFO             PET2       MODEL: InitializeIPDvXp07 intro {ES}:! ! ! 0x1df5480
20260908 013308.189 INFO             PET2       MODEL: InitializeIPDvXp07 intro {ES}:! ! ! DistGrid object is valid!<name: DG-Grid004-sloc:0>
20260908 013308.189 INFO             PET2       MODEL: InitializeIPDvXp07 intro {ES}:! ! ! --- DistGrid::log() end ----------------------------------
20260908 013308.189 INFO             PET2       MODEL: InitializeIPDvXp07 intro {ES}:! ! --- Array::log() end -------------------------------------
20260908 013308.189 INFO             PET2       MODEL: InitializeIPDvXp07 intro {ES}:!--- FieldLog() end -------------------
20260908 013308.189 INFO             PET2       MODEL: InitializeIPDvXp07 intro {ES}:+-<item: 0002> <itemType: Field> <itemName: rsns>
20260908 013308.189 INFO             PET2       MODEL: InitializeIPDvXp07 intro {ES}:!--- FieldLog() start -----------------
20260908 013308.189 INFO             PET2       MODEL: InitializeIPDvXp07 intro {ES}:! <name: rsns> <fieldStatus: ESMF_FIELDSTATUS_COMPLETE>
20260908 013308.189 INFO             PET2       MODEL: InitializeIPDvXp07 intro {ES}:! 0x7fffaffc0700 => 0x1dfc110 => 0x1dfc340
20260908 013308.189 INFO             PET2       MODEL: InitializeIPDvXp07 intro {ES}:! <typekind: Real*8> <rank:    2> <dimCount:    2>
20260908 013308.189 INFO             PET2       MODEL: InitializeIPDvXp07 intro {ES}:! ! --- Array::log() start -----------------------------------
20260908 013308.189 INFO             PET2       MODEL: InitializeIPDvXp07 intro {ES}:! ! 0x1dfd1d0
20260908 013308.189 INFO             PET2       MODEL: InitializeIPDvXp07 intro {ES}:! ! <name: rsns>
20260908 013308.189 INFO             PET2       MODEL: InitializeIPDvXp07 intro {ES}:! ! ! --- DistGrid::log() start --------------------------------
20260908 013308.189 INFO             PET2       MODEL: InitializeIPDvXp07 intro {ES}:! ! ! 0x1df5480
20260908 013308.190 INFO             PET2       MODEL: InitializeIPDvXp07 intro {ES}:! ! ! DistGrid object is valid!<name: DG-Grid004-sloc:0>
20260908 013308.190 INFO             PET2       MODEL: InitializeIPDvXp07 intro {ES}:! ! ! --- DistGrid::log() end ----------------------------------
20260908 013308.190 INFO             PET2       MODEL: InitializeIPDvXp07 intro {ES}:! ! --- Array::log() end -------------------------------------
20260908 013308.190 INFO             PET2       MODEL: InitializeIPDvXp07 intro {ES}:!--- FieldLog() end -------------------
20260908 013308.190 INFO             PET2       MODEL: InitializeIPDvXp07 intro {ES}:--- StateLog() end -------------------
20260908 013308.190 INFO             PET2       >>>MODEL: entered Initialize (phase=IPDvXp07) without valid internal Clock.
20260908 013308.190 INFO             PET2       <<<MODEL: leaving Initialize (phase=IPDvXp07) with current time:    0  1  1  0  0  0   0
20260908 013308.190 INFO             PET2       MODEL: InitializeIPDvXp07 extro {IS}:--- StateLog() start -----------------
20260908 013308.190 INFO             PET2       MODEL: InitializeIPDvXp07 extro {IS}:<name: MODEL-ImportState> <intent: ESMF_STATEINTENT_IMPORT> <itemCount:    0>
20260908 013308.190 INFO             PET2       MODEL: InitializeIPDvXp07 extro {IS}:--- StateLog() end -------------------
20260908 013308.190 INFO             PET2       MODEL: InitializeIPDvXp07 extro {ES}:--- StateLog() start -----------------
20260908 013308.190 INFO             PET2       MODEL: InitializeIPDvXp07 extro {ES}:<name: MODEL-ExportState> <intent: ESMF_STATEINTENT_EXPORT> <itemCount:    2>
20260908 013308.190 INFO             PET2       MODEL: InitializeIPDvXp07 extro {ES}:+-<item: 0001> <itemType: Field> <itemName: pmsl>
20260908 013308.190 INFO             PET2       MODEL: InitializeIPDvXp07 extro {ES}:!--- FieldLog() start -----------------
20260908 013308.190 INFO             PET2       MODEL: InitializeIPDvXp07 extro {ES}:! <name: pmsl> <fieldStatus: ESMF_FIELDSTATUS_COMPLETE>
20260908 013308.190 INFO             PET2       MODEL: InitializeIPDvXp07 extro {ES}:! 0x7fffaffc0830 => 0x1df9470 => 0x1df96a0
20260908 013308.190 INFO             PET2       MODEL: InitializeIPDvXp07 extro {ES}:! <typekind: Real*8> <rank:    2> <dimCount:    2>
20260908 013308.190 INFO             PET2       MODEL: InitializeIPDvXp07 extro {ES}:! ! --- Array::log() start -----------------------------------
20260908 013308.190 INFO             PET2       MODEL: InitializeIPDvXp07 extro {ES}:! ! 0x1dfa610
20260908 013308.190 INFO             PET2       MODEL: InitializeIPDvXp07 extro {ES}:! ! <name: pmsl>
20260908 013308.190 INFO             PET2       MODEL: InitializeIPDvXp07 extro {ES}:! ! ! --- DistGrid::log() start --------------------------------
20260908 013308.190 INFO             PET2       MODEL: InitializeIPDvXp07 extro {ES}:! ! ! 0x1df5480
20260908 013308.190 INFO             PET2       MODEL: InitializeIPDvXp07 extro {ES}:! ! ! DistGrid object is valid!<name: DG-Grid004-sloc:0>
20260908 013308.190 INFO             PET2       MODEL: InitializeIPDvXp07 extro {ES}:! ! ! --- DistGrid::log() end ----------------------------------
20260908 013308.190 INFO             PET2       MODEL: InitializeIPDvXp07 extro {ES}:! ! --- Array::log() end -------------------------------------
20260908 013308.190 INFO             PET2       MODEL: InitializeIPDvXp07 extro {ES}:!--- FieldLog() end -------------------
20260908 013308.190 INFO             PET2       MODEL: InitializeIPDvXp07 extro {ES}:+-<item: 0002> <itemType: Field> <itemName: rsns>
20260908 013308.190 INFO             PET2       MODEL: InitializeIPDvXp07 extro {ES}:!--- FieldLog() start -----------------
20260908 013308.190 INFO             PET2       MODEL: InitializeIPDvXp07 extro {ES}:! <name: rsns> <fieldStatus: ESMF_FIELDSTATUS_COMPLETE>
20260908 013308.190 INFO             PET2       MODEL: InitializeIPDvXp07 extro {ES}:! 0x7fffaffc0830 => 0x1dfc110 => 0x1dfc340
20260908 013308.191 INFO             PET2       MODEL: InitializeIPDvXp07 extro {ES}:! <typekind: Real*8> <rank:    2> <dimCount:    2>
20260908 013308.191 INFO             PET2       MODEL: InitializeIPDvXp07 extro {ES}:! ! --- Array::log() start -----------------------------------
20260908 013308.191 INFO             PET2       MODEL: InitializeIPDvXp07 extro {ES}:! ! 0x1dfd1d0
20260908 013308.191 INFO             PET2       MODEL: InitializeIPDvXp07 extro {ES}:! ! <name: rsns>
20260908 013308.191 INFO             PET2       MODEL: InitializeIPDvXp07 extro {ES}:! ! ! --- DistGrid::log() start --------------------------------
20260908 013308.191 INFO             PET2       MODEL: InitializeIPDvXp07 extro {ES}:! ! ! 0x1df5480
20260908 013308.191 INFO             PET2       MODEL: InitializeIPDvXp07 extro {ES}:! ! ! DistGrid object is valid!<name: DG-Grid004-sloc:0>
20260908 013308.191 INFO             PET2       MODEL: InitializeIPDvXp07 extro {ES}:! ! ! --- DistGrid::log() end ----------------------------------
20260908 013308.191 INFO             PET2       MODEL: InitializeIPDvXp07 extro {ES}:! ! --- Array::log() end -------------------------------------
20260908 013308.191 INFO             PET2       MODEL: InitializeIPDvXp07 extro {ES}:!--- FieldLog() end -------------------
20260908 013308.191 INFO             PET2       MODEL: InitializeIPDvXp07 extro {ES}:--- StateLog() end -------------------
20260908 013308.191 INFO             PET2     MODEL: InitializeIPDvXp07 extro.
20260908 013308.191 INFO             PET2     <<<driver: leaving Initialize (phase=<none>) with current time:    0  1  1  0  0  0   0
20260908 013308.191 INFO             PET2     driver: InitializeIPDv02p3 extro {IS}:--- StateLog() start -----------------
20260908 013308.191 INFO             PET2     driver: InitializeIPDv02p3 extro {IS}:State object is invalid! Not created or deleted!
20260908 013308.191 INFO             PET2     driver: InitializeIPDv02p3 extro {IS}:--- StateLog() end -------------------
20260908 013308.191 INFO             PET2     driver: InitializeIPDv02p3 extro {ES}:--- StateLog() start -----------------
20260908 013308.191 INFO             PET2     driver: InitializeIPDv02p3 extro {ES}:State object is invalid! Not created or deleted!
20260908 013308.191 INFO             PET2     driver: InitializeIPDv02p3 extro {ES}:--- StateLog() end -------------------
20260908 013308.191 INFO             PET2   driver: InitializeIPDv02p3 extro.
20260908 013308.191 INFO             PET2   driver: InitializeIPDv02p5 intro.
20260908 013308.191 INFO             PET2     driver: InitializeIPDv02p5 intro {IS}:--- StateLog() start -----------------
20260908 013308.191 INFO             PET2     driver: InitializeIPDv02p5 intro {IS}:State object is invalid! Not created or deleted!
20260908 013308.191 INFO             PET2     driver: InitializeIPDv02p5 intro {IS}:--- StateLog() end -------------------
20260908 013308.191 INFO             PET2     driver: InitializeIPDv02p5 intro {ES}:--- StateLog() start -----------------
20260908 013308.191 INFO             PET2     driver: InitializeIPDv02p5 intro {ES}:State object is invalid! Not created or deleted!
20260908 013308.191 INFO             PET2     driver: InitializeIPDv02p5 intro {ES}:--- StateLog() end -------------------
20260908 013308.191 INFO             PET2     >>>driver: entered Initialize (phase=<none>) with current time:    0  1  1  0  0  0   0
20260908 013308.191 INFO             PET2     driver: this is a top level driver, no 'Updated' and 'InitializeDataComplete' info on this level.
20260908 013308.191 INFO             PET2     driver: InitializeIPDv02p5Data intro.
20260908 013308.191 INFO             PET2       driver: InitializeIPDv02p5Data intro {IS}:--- StateLog() start -----------------
20260908 013308.191 INFO             PET2       driver: InitializeIPDv02p5Data intro {IS}:State object is invalid! Not created or deleted!
20260908 013308.191 INFO             PET2       driver: InitializeIPDv02p5Data intro {IS}:--- StateLog() end -------------------
20260908 013308.192 INFO             PET2       driver: InitializeIPDv02p5Data intro {ES}:--- StateLog() start -----------------
20260908 013308.192 INFO             PET2       driver: InitializeIPDv02p5Data intro {ES}:State object is invalid! Not created or deleted!
20260908 013308.192 INFO             PET2       driver: InitializeIPDv02p5Data intro {ES}:--- StateLog() end -------------------
20260908 013308.192 INFO             PET2       >>>driver: entered Initialize (phase=<none>) with current time:    0  1  1  0  0  0   0
20260908 013308.192 INFO             PET2       driver: InternalInitializeComplete intro.
20260908 013308.192 INFO             PET2         driver: InternalInitializeComplete intro {IS}:--- StateLog() start -----------------
20260908 013308.192 INFO             PET2         driver: InternalInitializeComplete intro {IS}:State object is invalid! Not created or deleted!
20260908 013308.192 INFO             PET2         driver: InternalInitializeComplete intro {IS}:--- StateLog() end -------------------
20260908 013308.192 INFO             PET2         driver: InternalInitializeComplete intro {ES}:--- StateLog() start -----------------
20260908 013308.192 INFO             PET2         driver: InternalInitializeComplete intro {ES}:State object is invalid! Not created or deleted!
20260908 013308.192 INFO             PET2         driver: InternalInitializeComplete intro {ES}:--- StateLog() end -------------------
20260908 013308.192 INFO             PET2         >>>driver: entered Initialize (phase=<none>) with current time:    0  1  1  0  0  0   0
20260908 013308.192 INFO             PET2         driver: InitializeDataComplete='true'
20260908 013308.192 INFO             PET2         <<<driver: leaving Initialize (phase=<none>) with current time:    0  1  1  0  0  0   0
20260908 013308.192 INFO             PET2         driver: InternalInitializeComplete extro {IS}:--- StateLog() start -----------------
20260908 013308.192 INFO             PET2         driver: InternalInitializeComplete extro {IS}:State object is invalid! Not created or deleted!
20260908 013308.192 INFO             PET2         driver: InternalInitializeComplete extro {IS}:--- StateLog() end -------------------
20260908 013308.192 INFO             PET2         driver: InternalInitializeComplete extro {ES}:--- StateLog() start -----------------
20260908 013308.192 INFO             PET2         driver: InternalInitializeComplete extro {ES}:State object is invalid! Not created or deleted!
20260908 013308.192 INFO             PET2         driver: InternalInitializeComplete extro {ES}:--- StateLog() end -------------------
20260908 013308.192 INFO             PET2       driver: InternalInitializeComplete extro.
20260908 013308.193 INFO             PET2       MODEL: InitializeIPDvXp08 intro.
20260908 013308.193 INFO             PET2         MODEL: InitializeIPDvXp08 intro {IS}:--- StateLog() start -----------------
20260908 013308.193 INFO             PET2         MODEL: InitializeIPDvXp08 intro {IS}:<name: MODEL-ImportState> <intent: ESMF_STATEINTENT_IMPORT> <itemCount:    0>
20260908 013308.193 INFO             PET2         MODEL: InitializeIPDvXp08 intro {IS}:--- StateLog() end -------------------
20260908 013308.193 INFO             PET2         MODEL: InitializeIPDvXp08 intro {ES}:--- StateLog() start -----------------
20260908 013308.193 INFO             PET2         MODEL: InitializeIPDvXp08 intro {ES}:<name: MODEL-ExportState> <intent: ESMF_STATEINTENT_EXPORT> <itemCount:    2>
20260908 013308.193 INFO             PET2         MODEL: InitializeIPDvXp08 intro {ES}:+-<item: 0001> <itemType: Field> <itemName: pmsl>
20260908 013308.193 INFO             PET2         MODEL: InitializeIPDvXp08 intro {ES}:!--- FieldLog() start -----------------
20260908 013308.193 INFO             PET2         MODEL: InitializeIPDvXp08 intro {ES}:! <name: pmsl> <fieldStatus: ESMF_FIELDSTATUS_COMPLETE>
20260908 013308.193 INFO             PET2         MODEL: InitializeIPDvXp08 intro {ES}:! 0x7fffaffbe350 => 0x1df9470 => 0x1df96a0
20260908 013308.193 INFO             PET2         MODEL: InitializeIPDvXp08 intro {ES}:! <typekind: Real*8> <rank:    2> <dimCount:    2>
20260908 013308.193 INFO             PET2         MODEL: InitializeIPDvXp08 intro {ES}:! ! --- Array::log() start -----------------------------------
20260908 013308.193 INFO             PET2         MODEL: InitializeIPDvXp08 intro {ES}:! ! 0x1dfa610
20260908 013308.193 INFO             PET2         MODEL: InitializeIPDvXp08 intro {ES}:! ! <name: pmsl>
20260908 013308.193 INFO             PET2         MODEL: InitializeIPDvXp08 intro {ES}:! ! ! --- DistGrid::log() start --------------------------------
20260908 013308.193 INFO             PET2         MODEL: InitializeIPDvXp08 intro {ES}:! ! ! 0x1df5480
20260908 013308.193 INFO             PET2         MODEL: InitializeIPDvXp08 intro {ES}:! ! ! DistGrid object is valid!<name: DG-Grid004-sloc:0>
20260908 013308.193 INFO             PET2         MODEL: InitializeIPDvXp08 intro {ES}:! ! ! --- DistGrid::log() end ----------------------------------
20260908 013308.193 INFO             PET2         MODEL: InitializeIPDvXp08 intro {ES}:! ! --- Array::log() end -------------------------------------
20260908 013308.193 INFO             PET2         MODEL: InitializeIPDvXp08 intro {ES}:!--- FieldLog() end -------------------
20260908 013308.193 INFO             PET2         MODEL: InitializeIPDvXp08 intro {ES}:+-<item: 0002> <itemType: Field> <itemName: rsns>
20260908 013308.193 INFO             PET2         MODEL: InitializeIPDvXp08 intro {ES}:!--- FieldLog() start -----------------
20260908 013308.193 INFO             PET2         MODEL: InitializeIPDvXp08 intro {ES}:! <name: rsns> <fieldStatus: ESMF_FIELDSTATUS_COMPLETE>
20260908 013308.193 INFO             PET2         MODEL: InitializeIPDvXp08 intro {ES}:! 0x7fffaffbe350 => 0x1dfc110 => 0x1dfc340
20260908 013308.193 INFO             PET2         MODEL: InitializeIPDvXp08 intro {ES}:! <typekind: Real*8> <rank:    2> <dimCount:    2>
20260908 013308.193 INFO             PET2         MODEL: InitializeIPDvXp08 intro {ES}:! ! --- Array::log() start -----------------------------------
20260908 013308.193 INFO             PET2         MODEL: InitializeIPDvXp08 intro {ES}:! ! 0x1dfd1d0
20260908 013308.193 INFO             PET2         MODEL: InitializeIPDvXp08 intro {ES}:! ! <name: rsns>
20260908 013308.193 INFO             PET2         MODEL: InitializeIPDvXp08 intro {ES}:! ! ! --- DistGrid::log() start --------------------------------
20260908 013308.193 INFO             PET2         MODEL: InitializeIPDvXp08 intro {ES}:! ! ! 0x1df5480
20260908 013308.193 INFO             PET2         MODEL: InitializeIPDvXp08 intro {ES}:! ! ! DistGrid object is valid!<name: DG-Grid004-sloc:0>
20260908 013308.193 INFO             PET2         MODEL: InitializeIPDvXp08 intro {ES}:! ! ! --- DistGrid::log() end ----------------------------------
20260908 013308.193 INFO             PET2         MODEL: InitializeIPDvXp08 intro {ES}:! ! --- Array::log() end -------------------------------------
20260908 013308.193 INFO             PET2         MODEL: InitializeIPDvXp08 intro {ES}:!--- FieldLog() end -------------------
20260908 013308.193 INFO             PET2         MODEL: InitializeIPDvXp08 intro {ES}:--- StateLog() end -------------------
20260908 013308.193 INFO             PET2         >>>MODEL: entered Initialize (phase=IPDv05p8) with current time:    0  1  1  0  0  0   0
20260908 013308.194 INFO             PET2         MODEL: InitializeDataProgress='false', InitializeDataComplete='false'
20260908 013308.194 INFO             PET2         <<<MODEL: leaving Initialize (phase=IPDv05p8) with current time:    0  1  1  0  0  0   0
20260908 013308.194 INFO             PET2         MODEL: InitializeIPDvXp08 extro {IS}:--- StateLog() start -----------------
20260908 013308.194 INFO             PET2         MODEL: InitializeIPDvXp08 extro {IS}:<name: MODEL-ImportState> <intent: ESMF_STATEINTENT_IMPORT> <itemCount:    0>
20260908 013308.194 INFO             PET2         MODEL: InitializeIPDvXp08 extro {IS}:--- StateLog() end -------------------
20260908 013308.194 INFO             PET2         MODEL: InitializeIPDvXp08 extro {ES}:--- StateLog() start -----------------
20260908 013308.194 INFO             PET2         MODEL: InitializeIPDvXp08 extro {ES}:<name: MODEL-ExportState> <intent: ESMF_STATEINTENT_EXPORT> <itemCount:    2>
20260908 013308.194 INFO             PET2         MODEL: InitializeIPDvXp08 extro {ES}:+-<item: 0001> <itemType: Field> <itemName: pmsl>
20260908 013308.194 INFO             PET2         MODEL: InitializeIPDvXp08 extro {ES}:!--- FieldLog() start -----------------
20260908 013308.194 INFO             PET2         MODEL: InitializeIPDvXp08 extro {ES}:! <name: pmsl> <fieldStatus: ESMF_FIELDSTATUS_COMPLETE>
20260908 013308.194 INFO             PET2         MODEL: InitializeIPDvXp08 extro {ES}:! 0x7fffaffbe480 => 0x1df9470 => 0x1df96a0
20260908 013308.194 INFO             PET2         MODEL: InitializeIPDvXp08 extro {ES}:! <typekind: Real*8> <rank:    2> <dimCount:    2>
20260908 013308.194 INFO             PET2         MODEL: InitializeIPDvXp08 extro {ES}:! ! --- Array::log() start -----------------------------------
20260908 013308.194 INFO             PET2         MODEL: InitializeIPDvXp08 extro {ES}:! ! 0x1dfa610
20260908 013308.194 INFO             PET2         MODEL: InitializeIPDvXp08 extro {ES}:! ! <name: pmsl>
20260908 013308.194 INFO             PET2         MODEL: InitializeIPDvXp08 extro {ES}:! ! ! --- DistGrid::log() start --------------------------------
20260908 013308.194 INFO             PET2         MODEL: InitializeIPDvXp08 extro {ES}:! ! ! 0x1df5480
20260908 013308.194 INFO             PET2         MODEL: InitializeIPDvXp08 extro {ES}:! ! ! DistGrid object is valid!<name: DG-Grid004-sloc:0>
20260908 013308.194 INFO             PET2         MODEL: InitializeIPDvXp08 extro {ES}:! ! ! --- DistGrid::log() end ----------------------------------
20260908 013308.194 INFO             PET2         MODEL: InitializeIPDvXp08 extro {ES}:! ! --- Array::log() end -------------------------------------
20260908 013308.194 INFO             PET2         MODEL: InitializeIPDvXp08 extro {ES}:!--- FieldLog() end -------------------
20260908 013308.194 INFO             PET2         MODEL: InitializeIPDvXp08 extro {ES}:+-<item: 0002> <itemType: Field> <itemName: rsns>
20260908 013308.194 INFO             PET2         MODEL: InitializeIPDvXp08 extro {ES}:!--- FieldLog() start -----------------
20260908 013308.194 INFO             PET2         MODEL: InitializeIPDvXp08 extro {ES}:! <name: rsns> <fieldStatus: ESMF_FIELDSTATUS_COMPLETE>
20260908 013308.194 INFO             PET2         MODEL: InitializeIPDvXp08 extro {ES}:! 0x7fffaffbe480 => 0x1dfc110 => 0x1dfc340
20260908 013308.194 INFO             PET2         MODEL: InitializeIPDvXp08 extro {ES}:! <typekind: Real*8> <rank:    2> <dimCount:    2>
20260908 013308.194 INFO             PET2         MODEL: InitializeIPDvXp08 extro {ES}:! ! --- Array::log() start -----------------------------------
20260908 013308.195 INFO             PET2         MODEL: InitializeIPDvXp08 extro {ES}:! ! 0x1dfd1d0
20260908 013308.195 INFO             PET2         MODEL: InitializeIPDvXp08 extro {ES}:! ! <name: rsns>
20260908 013308.195 INFO             PET2         MODEL: InitializeIPDvXp08 extro {ES}:! ! ! --- DistGrid::log() start --------------------------------
20260908 013308.195 INFO             PET2         MODEL: InitializeIPDvXp08 extro {ES}:! ! ! 0x1df5480
20260908 013308.195 INFO             PET2         MODEL: InitializeIPDvXp08 extro {ES}:! ! ! DistGrid object is valid!<name: DG-Grid004-sloc:0>
20260908 013308.195 INFO             PET2         MODEL: InitializeIPDvXp08 extro {ES}:! ! ! --- DistGrid::log() end ----------------------------------
20260908 013308.195 INFO             PET2         MODEL: InitializeIPDvXp08 extro {ES}:! ! --- Array::log() end -------------------------------------
20260908 013308.195 INFO             PET2         MODEL: InitializeIPDvXp08 extro {ES}:!--- FieldLog() end -------------------
20260908 013308.195 INFO             PET2         MODEL: InitializeIPDvXp08 extro {ES}:--- StateLog() end -------------------
20260908 013308.195 INFO             PET2       MODEL: InitializeIPDvXp08 extro.
20260908 013308.195 INFO             PET2       driver: components present that trigger loopDataDependentInitialize().
20260908 013308.195 INFO             PET2       driver: loopDataDependentInitialize intro.
20260908 013308.195 INFO             PET2         driver: loopDataDependentInitialize intro {IS}:--- StateLog() start -----------------
20260908 013308.196 INFO             PET2         driver: loopDataDependentInitialize intro {IS}:State object is invalid! Not created or deleted!
20260908 013308.196 INFO             PET2         driver: loopDataDependentInitialize intro {IS}:--- StateLog() end -------------------
20260908 013308.196 INFO             PET2         driver: loopDataDependentInitialize intro {ES}:--- StateLog() start -----------------
20260908 013308.196 INFO             PET2         driver: loopDataDependentInitialize intro {ES}:State object is invalid! Not created or deleted!
20260908 013308.196 INFO             PET2         driver: loopDataDependentInitialize intro {ES}:--- StateLog() end -------------------
20260908 013308.196 INFO             PET2         >>>driver: entered Initialize (phase=<none>) with current time:    0  1  1  0  0  0   0
20260908 013308.196 INFO             PET2         driver: component    0=driver, dataComplete (local): true
20260908 013308.196 INFO             PET2         driver: component    0=driver, dataComplete (global):  T
20260908 013308.196 INFO             PET2         driver: component    1=MODEL, dataComplete (local): false
20260908 013308.196 INFO             PET2         driver: component    1=MODEL, dataComplete (global):  F
20260908 013308.196 INFO             PET2         MODEL: InitializeIPDvXp08 intro.
20260908 013308.196 INFO             PET2           MODEL: InitializeIPDvXp08 intro {IS}:--- StateLog() start -----------------
20260908 013308.196 INFO             PET2           MODEL: InitializeIPDvXp08 intro {IS}:<name: MODEL-ImportState> <intent: ESMF_STATEINTENT_IMPORT> <itemCount:    0>
20260908 013308.196 INFO             PET2           MODEL: InitializeIPDvXp08 intro {IS}:--- StateLog() end -------------------
20260908 013308.196 INFO             PET2           MODEL: InitializeIPDvXp08 intro {ES}:--- StateLog() start -----------------
20260908 013308.196 INFO             PET2           MODEL: InitializeIPDvXp08 intro {ES}:<name: MODEL-ExportState> <intent: ESMF_STATEINTENT_EXPORT> <itemCount:    2>
20260908 013308.196 INFO             PET2           MODEL: InitializeIPDvXp08 intro {ES}:+-<item: 0001> <itemType: Field> <itemName: pmsl>
20260908 013308.196 INFO             PET2           MODEL: InitializeIPDvXp08 intro {ES}:!--- FieldLog() start -----------------
20260908 013308.196 INFO             PET2           MODEL: InitializeIPDvXp08 intro {ES}:! <name: pmsl> <fieldStatus: ESMF_FIELDSTATUS_COMPLETE>
20260908 013308.196 INFO             PET2           MODEL: InitializeIPDvXp08 intro {ES}:! 0x7fffaffb6940 => 0x1df9470 => 0x1df96a0
20260908 013308.196 INFO             PET2           MODEL: InitializeIPDvXp08 intro {ES}:! <typekind: Real*8> <rank:    2> <dimCount:    2>
20260908 013308.196 INFO             PET2           MODEL: InitializeIPDvXp08 intro {ES}:! ! --- Array::log() start -----------------------------------
20260908 013308.196 INFO             PET2           MODEL: InitializeIPDvXp08 intro {ES}:! ! 0x1dfa610
20260908 013308.196 INFO             PET2           MODEL: InitializeIPDvXp08 intro {ES}:! ! <name: pmsl>
20260908 013308.196 INFO             PET2           MODEL: InitializeIPDvXp08 intro {ES}:! ! ! --- DistGrid::log() start --------------------------------
20260908 013308.196 INFO             PET2           MODEL: InitializeIPDvXp08 intro {ES}:! ! ! 0x1df5480
20260908 013308.196 INFO             PET2           MODEL: InitializeIPDvXp08 intro {ES}:! ! ! DistGrid object is valid!<name: DG-Grid004-sloc:0>
20260908 013308.196 INFO             PET2           MODEL: InitializeIPDvXp08 intro {ES}:! ! ! --- DistGrid::log() end ----------------------------------
20260908 013308.196 INFO             PET2           MODEL: InitializeIPDvXp08 intro {ES}:! ! --- Array::log() end -------------------------------------
20260908 013308.196 INFO             PET2           MODEL: InitializeIPDvXp08 intro {ES}:!--- FieldLog() end -------------------
20260908 013308.197 INFO             PET2           MODEL: InitializeIPDvXp08 intro {ES}:+-<item: 0002> <itemType: Field> <itemName: rsns>
20260908 013308.197 INFO             PET2           MODEL: InitializeIPDvXp08 intro {ES}:!--- FieldLog() start -----------------
20260908 013308.197 INFO             PET2           MODEL: InitializeIPDvXp08 intro {ES}:! <name: rsns> <fieldStatus: ESMF_FIELDSTATUS_COMPLETE>
20260908 013308.197 INFO             PET2           MODEL: InitializeIPDvXp08 intro {ES}:! 0x7fffaffb6940 => 0x1dfc110 => 0x1dfc340
20260908 013308.197 INFO             PET2           MODEL: InitializeIPDvXp08 intro {ES}:! <typekind: Real*8> <rank:    2> <dimCount:    2>
20260908 013308.197 INFO             PET2           MODEL: InitializeIPDvXp08 intro {ES}:! ! --- Array::log() start -----------------------------------
20260908 013308.197 INFO             PET2           MODEL: InitializeIPDvXp08 intro {ES}:! ! 0x1dfd1d0
20260908 013308.197 INFO             PET2           MODEL: InitializeIPDvXp08 intro {ES}:! ! <name: rsns>
20260908 013308.197 INFO             PET2           MODEL: InitializeIPDvXp08 intro {ES}:! ! ! --- DistGrid::log() start --------------------------------
20260908 013308.197 INFO             PET2           MODEL: InitializeIPDvXp08 intro {ES}:! ! ! 0x1df5480
20260908 013308.197 INFO             PET2           MODEL: InitializeIPDvXp08 intro {ES}:! ! ! DistGrid object is valid!<name: DG-Grid004-sloc:0>
20260908 013308.197 INFO             PET2           MODEL: InitializeIPDvXp08 intro {ES}:! ! ! --- DistGrid::log() end ----------------------------------
20260908 013308.197 INFO             PET2           MODEL: InitializeIPDvXp08 intro {ES}:! ! --- Array::log() end -------------------------------------
20260908 013308.197 INFO             PET2           MODEL: InitializeIPDvXp08 intro {ES}:!--- FieldLog() end -------------------
20260908 013308.197 INFO             PET2           MODEL: InitializeIPDvXp08 intro {ES}:--- StateLog() end -------------------
20260908 013308.197 INFO             PET2           >>>MODEL: entered Initialize (phase=IPDv05p8) with current time:    0  1  1  0  0  0   0
20260908 013308.197 INFO             PET2           MODEL: InitializeDataProgress='true', InitializeDataComplete='true'
20260908 013308.197 INFO             PET2           <<<MODEL: leaving Initialize (phase=IPDv05p8) with current time:    0  1  1  0  0  0   0
20260908 013308.197 INFO             PET2           MODEL: InitializeIPDvXp08 extro {IS}:--- StateLog() start -----------------
20260908 013308.197 INFO             PET2           MODEL: InitializeIPDvXp08 extro {IS}:<name: MODEL-ImportState> <intent: ESMF_STATEINTENT_IMPORT> <itemCount:    0>
20260908 013308.197 INFO             PET2           MODEL: InitializeIPDvXp08 extro {IS}:--- StateLog() end -------------------
20260908 013308.197 INFO             PET2           MODEL: InitializeIPDvXp08 extro {ES}:--- StateLog() start -----------------
20260908 013308.198 INFO             PET2           MODEL: InitializeIPDvXp08 extro {ES}:<name: MODEL-ExportState> <intent: ESMF_STATEINTENT_EXPORT> <itemCount:    2>
20260908 013308.198 INFO             PET2           MODEL: InitializeIPDvXp08 extro {ES}:+-<item: 0001> <itemType: Field> <itemName: pmsl>
20260908 013308.198 INFO             PET2           MODEL: InitializeIPDvXp08 extro {ES}:!--- FieldLog() start -----------------
20260908 013308.198 INFO             PET2           MODEL: InitializeIPDvXp08 extro {ES}:! <name: pmsl> <fieldStatus: ESMF_FIELDSTATUS_COMPLETE>
20260908 013308.198 INFO             PET2           MODEL: InitializeIPDvXp08 extro {ES}:! 0x7fffaffb6a70 => 0x1df9470 => 0x1df96a0
20260908 013308.198 INFO             PET2           MODEL: InitializeIPDvXp08 extro {ES}:! <typekind: Real*8> <rank:    2> <dimCount:    2>
20260908 013308.198 INFO             PET2           MODEL: InitializeIPDvXp08 extro {ES}:! ! --- Array::log() start -----------------------------------
20260908 013308.198 INFO             PET2           MODEL: InitializeIPDvXp08 extro {ES}:! ! 0x1dfa610
20260908 013308.198 INFO             PET2           MODEL: InitializeIPDvXp08 extro {ES}:! ! <name: pmsl>
20260908 013308.198 INFO             PET2           MODEL: InitializeIPDvXp08 extro {ES}:! ! ! --- DistGrid::log() start --------------------------------
20260908 013308.198 INFO             PET2           MODEL: InitializeIPDvXp08 extro {ES}:! ! ! 0x1df5480
20260908 013308.198 INFO             PET2           MODEL: InitializeIPDvXp08 extro {ES}:! ! ! DistGrid object is valid!<name: DG-Grid004-sloc:0>
20260908 013308.198 INFO             PET2           MODEL: InitializeIPDvXp08 extro {ES}:! ! ! --- DistGrid::log() end ----------------------------------
20260908 013308.198 INFO             PET2           MODEL: InitializeIPDvXp08 extro {ES}:! ! --- Array::log() end -------------------------------------
20260908 013308.198 INFO             PET2           MODEL: InitializeIPDvXp08 extro {ES}:!--- FieldLog() end -------------------
20260908 013308.198 INFO             PET2           MODEL: InitializeIPDvXp08 extro {ES}:+-<item: 0002> <itemType: Field> <itemName: rsns>
20260908 013308.198 INFO             PET2           MODEL: InitializeIPDvXp08 extro {ES}:!--- FieldLog() start -----------------
20260908 013308.198 INFO             PET2           MODEL: InitializeIPDvXp08 extro {ES}:! <name: rsns> <fieldStatus: ESMF_FIELDSTATUS_COMPLETE>
20260908 013308.198 INFO             PET2           MODEL: InitializeIPDvXp08 extro {ES}:! 0x7fffaffb6a70 => 0x1dfc110 => 0x1dfc340
20260908 013308.198 INFO             PET2           MODEL: InitializeIPDvXp08 extro {ES}:! <typekind: Real*8> <rank:    2> <dimCount:    2>
20260908 013308.198 INFO             PET2           MODEL: InitializeIPDvXp08 extro {ES}:! ! --- Array::log() start -----------------------------------
20260908 013308.198 INFO             PET2           MODEL: InitializeIPDvXp08 extro {ES}:! ! 0x1dfd1d0
20260908 013308.198 INFO             PET2           MODEL: InitializeIPDvXp08 extro {ES}:! ! <name: rsns>
20260908 013308.198 INFO             PET2           MODEL: InitializeIPDvXp08 extro {ES}:! ! ! --- DistGrid::log() start --------------------------------
20260908 013308.198 INFO             PET2           MODEL: InitializeIPDvXp08 extro {ES}:! ! ! 0x1df5480
20260908 013308.198 INFO             PET2           MODEL: InitializeIPDvXp08 extro {ES}:! ! ! DistGrid object is valid!<name: DG-Grid004-sloc:0>
20260908 013308.198 INFO             PET2           MODEL: InitializeIPDvXp08 extro {ES}:! ! ! --- DistGrid::log() end ----------------------------------
20260908 013308.198 INFO             PET2           MODEL: InitializeIPDvXp08 extro {ES}:! ! --- Array::log() end -------------------------------------
20260908 013308.198 INFO             PET2           MODEL: InitializeIPDvXp08 extro {ES}:!--- FieldLog() end -------------------
20260908 013308.198 INFO             PET2           MODEL: InitializeIPDvXp08 extro {ES}:--- StateLog() end -------------------
20260908 013308.198 INFO             PET2         MODEL: InitializeIPDvXp08 extro.
20260908 013308.199 INFO             PET2         driver: component    1=MODEL, someProgress (local): true
20260908 013308.199 INFO             PET2         driver: component    1=MODEL, someProgress (global):  T
20260908 013308.199 INFO             PET2         driver: someProgress= T, allComplete= F, present(dataDepAllComplete)= T
20260908 013308.199 INFO             PET2         driver: component    0=driver, dataComplete (local): true
20260908 013308.199 INFO             PET2         driver: component    0=driver, dataComplete (global):  T
20260908 013308.199 INFO             PET2         driver: component    1=MODEL, dataComplete (local): true
20260908 013308.199 INFO             PET2         driver: component    1=MODEL, dataComplete (global):  T
20260908 013308.199 INFO             PET2         driver: someProgress= F, allComplete= T, present(dataDepAllComplete)= T
20260908 013308.199 INFO             PET2         driver: finished resolving initialize data dependencies on this level.
20260908 013308.199 INFO             PET2         <<<driver: leaving Initialize (phase=<none>) with current time:    0  1  1  0  0  0   0
20260908 013308.199 INFO             PET2         driver: loopDataDependentInitialize extro {IS}:--- StateLog() start -----------------
20260908 013308.199 INFO             PET2         driver: loopDataDependentInitialize extro {IS}:State object is invalid! Not created or deleted!
20260908 013308.199 INFO             PET2         driver: loopDataDependentInitialize extro {IS}:--- StateLog() end -------------------
20260908 013308.199 INFO             PET2         driver: loopDataDependentInitialize extro {ES}:--- StateLog() start -----------------
20260908 013308.199 INFO             PET2         driver: loopDataDependentInitialize extro {ES}:State object is invalid! Not created or deleted!
20260908 013308.199 INFO             PET2         driver: loopDataDependentInitialize extro {ES}:--- StateLog() end -------------------
20260908 013308.199 INFO             PET2       driver: loopDataDependentInitialize extro.
20260908 013308.199 INFO             PET2       driver: loopDataDependentInitialize() returned with dataDepAllComplete:  T
20260908 013308.199 INFO             PET2       <<<driver: leaving Initialize (phase=<none>) with current time:    0  1  1  0  0  0   0
20260908 013308.199 INFO             PET2       driver: InitializeIPDv02p5Data extro {IS}:--- StateLog() start -----------------
20260908 013308.199 INFO             PET2       driver: InitializeIPDv02p5Data extro {IS}:State object is invalid! Not created or deleted!
20260908 013308.199 INFO             PET2       driver: InitializeIPDv02p5Data extro {IS}:--- StateLog() end -------------------
20260908 013308.199 INFO             PET2       driver: InitializeIPDv02p5Data extro {ES}:--- StateLog() start -----------------
20260908 013308.199 INFO             PET2       driver: InitializeIPDv02p5Data extro {ES}:State object is invalid! Not created or deleted!
20260908 013308.200 INFO             PET2       driver: InitializeIPDv02p5Data extro {ES}:--- StateLog() end -------------------
20260908 013308.200 INFO             PET2     driver: InitializeIPDv02p5Data extro.
20260908 013308.200 INFO             PET2     <<<driver: leaving Initialize (phase=<none>) with current time:    0  1  1  0  0  0   0
20260908 013308.200 INFO             PET2     driver: InitializeIPDv02p5 extro {IS}:--- StateLog() start -----------------
20260908 013308.200 INFO             PET2     driver: InitializeIPDv02p5 extro {IS}:State object is invalid! Not created or deleted!
20260908 013308.200 INFO             PET2     driver: InitializeIPDv02p5 extro {IS}:--- StateLog() end -------------------
20260908 013308.200 INFO             PET2     driver: InitializeIPDv02p5 extro {ES}:--- StateLog() start -----------------
20260908 013308.200 INFO             PET2     driver: InitializeIPDv02p5 extro {ES}:State object is invalid! Not created or deleted!
20260908 013308.200 INFO             PET2     driver: InitializeIPDv02p5 extro {ES}:--- StateLog() end -------------------
20260908 013308.200 INFO             PET2   driver: InitializeIPDv02p5 extro.
20260908 013308.200 INFO             PET2   <<<driver: leaving Initialize (phase=<none>) with current time:    0  1  1  0  0  0   0
20260908 013308.200 INFO             PET2   driver: InitializeGeneric extro {IS}:--- StateLog() start -----------------
20260908 013308.200 INFO             PET2   driver: InitializeGeneric extro {IS}:State object is invalid! Not created or deleted!
20260908 013308.200 INFO             PET2   driver: InitializeGeneric extro {IS}:--- StateLog() end -------------------
20260908 013308.200 INFO             PET2   driver: InitializeGeneric extro {ES}:--- StateLog() start -----------------
20260908 013308.200 INFO             PET2   driver: InitializeGeneric extro {ES}:State object is invalid! Not created or deleted!
20260908 013308.200 INFO             PET2   driver: InitializeGeneric extro {ES}:--- StateLog() end -------------------
20260908 013308.200 INFO             PET2 driver: InitializeGeneric extro.
20260908 013308.200 INFO             PET2 driver: Run intro.
20260908 013308.200 INFO             PET2   driver: Run intro {IS}:--- StateLog() start -----------------
20260908 013308.200 INFO             PET2   driver: Run intro {IS}:State object is invalid! Not created or deleted!
20260908 013308.200 INFO             PET2   driver: Run intro {IS}:--- StateLog() end -------------------
20260908 013308.200 INFO             PET2   driver: Run intro {ES}:--- StateLog() start -----------------
20260908 013308.200 INFO             PET2   driver: Run intro {ES}:State object is invalid! Not created or deleted!
20260908 013308.200 INFO             PET2   driver: Run intro {ES}:--- StateLog() end -------------------
20260908 013308.200 INFO             PET2   >>>driver: entered Run (phase=RunPhase1) with current time:    0  1  1  0  0  0   0
20260908 013308.200 INFO             PET2   driver: after lable_SetRunClock, current time:    0  1  1  0  0  0   0
20260908 013308.200 INFO             PET2   driver: begin -------> RunSequence.
20260908 013308.201 INFO             PET2     driver: RunSequence event loopLevel=   1  levelMember=   1  loopIteration=   1, current time:    0  1  1  0  0  0   0
20260908 013308.201 INFO             PET2     MODEL: Run intro.
20260908 013308.201 INFO             PET2       MODEL: Run intro {IS}:--- StateLog() start -----------------
20260908 013308.201 INFO             PET2       MODEL: Run intro {IS}:<name: MODEL-ImportState> <intent: ESMF_STATEINTENT_IMPORT> <itemCount:    0>
20260908 013308.201 INFO             PET2       MODEL: Run intro {IS}:--- StateLog() end -------------------
20260908 013308.201 INFO             PET2       MODEL: Run intro {ES}:--- StateLog() start -----------------
20260908 013308.201 INFO             PET2       MODEL: Run intro {ES}:<name: MODEL-ExportState> <intent: ESMF_STATEINTENT_EXPORT> <itemCount:    2>
20260908 013308.201 INFO             PET2       MODEL: Run intro {ES}:+-<item: 0001> <itemType: Field> <itemName: pmsl>
20260908 013308.201 INFO             PET2       MODEL: Run intro {ES}:!--- FieldLog() start -----------------
20260908 013308.201 INFO             PET2       MODEL: Run intro {ES}:! <name: pmsl> <fieldStatus: ESMF_FIELDSTATUS_COMPLETE>
20260908 013308.201 INFO             PET2       MODEL: Run intro {ES}:! 0x7fffaffbfcb0 => 0x1df9470 => 0x1df96a0
20260908 013308.201 INFO             PET2       MODEL: Run intro {ES}:! <typekind: Real*8> <rank:    2> <dimCount:    2>
20260908 013308.201 INFO             PET2       MODEL: Run intro {ES}:! ! --- Array::log() start -----------------------------------
20260908 013308.201 INFO             PET2       MODEL: Run intro {ES}:! ! 0x1dfa610
20260908 013308.201 INFO             PET2       MODEL: Run intro {ES}:! ! <name: pmsl>
20260908 013308.201 INFO             PET2       MODEL: Run intro {ES}:! ! ! --- DistGrid::log() start --------------------------------
20260908 013308.201 INFO             PET2       MODEL: Run intro {ES}:! ! ! 0x1df5480
20260908 013308.201 INFO             PET2       MODEL: Run intro {ES}:! ! ! DistGrid object is valid!<name: DG-Grid004-sloc:0>
20260908 013308.201 INFO             PET2       MODEL: Run intro {ES}:! ! ! --- DistGrid::log() end ----------------------------------
20260908 013308.201 INFO             PET2       MODEL: Run intro {ES}:! ! --- Array::log() end -------------------------------------
20260908 013308.201 INFO             PET2       MODEL: Run intro {ES}:!--- FieldLog() end -------------------
20260908 013308.201 INFO             PET2       MODEL: Run intro {ES}:+-<item: 0002> <itemType: Field> <itemName: rsns>
20260908 013308.201 INFO             PET2       MODEL: Run intro {ES}:!--- FieldLog() start -----------------
20260908 013308.201 INFO             PET2       MODEL: Run intro {ES}:! <name: rsns> <fieldStatus: ESMF_FIELDSTATUS_COMPLETE>
20260908 013308.201 INFO             PET2       MODEL: Run intro {ES}:! 0x7fffaffbfcb0 => 0x1dfc110 => 0x1dfc340
20260908 013308.201 INFO             PET2       MODEL: Run intro {ES}:! <typekind: Real*8> <rank:    2> <dimCount:    2>
20260908 013308.201 INFO             PET2       MODEL: Run intro {ES}:! ! --- Array::log() start -----------------------------------
20260908 013308.201 INFO             PET2       MODEL: Run intro {ES}:! ! 0x1dfd1d0
20260908 013308.201 INFO             PET2       MODEL: Run intro {ES}:! ! <name: rsns>
20260908 013308.201 INFO             PET2       MODEL: Run intro {ES}:! ! ! --- DistGrid::log() start --------------------------------
20260908 013308.201 INFO             PET2       MODEL: Run intro {ES}:! ! ! 0x1df5480
20260908 013308.201 INFO             PET2       MODEL: Run intro {ES}:! ! ! DistGrid object is valid!<name: DG-Grid004-sloc:0>
20260908 013308.201 INFO             PET2       MODEL: Run intro {ES}:! ! ! --- DistGrid::log() end ----------------------------------
20260908 013308.201 INFO             PET2       MODEL: Run intro {ES}:! ! --- Array::log() end -------------------------------------
20260908 013308.201 INFO             PET2       MODEL: Run intro {ES}:!--- FieldLog() end -------------------
20260908 013308.202 INFO             PET2       MODEL: Run intro {ES}:--- StateLog() end -------------------
20260908 013308.202 INFO             PET2       >>>MODEL: entered Run (phase=RunPhase1) with current time:    0  1  1  0  0  0   0
20260908 013308.202 INFO             PET2       MODEL: time step-loop starting, current time:    0  1  1  0  0  0   0
20260908 013308.204 INFO             PET2       thread_num=   0   currentSsiPe=   1   num_threads=   3   max_threads=   3   num_procs=   2
20260908 013308.204 INFO             PET2       thread_num=   1   currentSsiPe=  41   num_threads=   3   max_threads=   3   num_procs=   2
20260908 013308.211 INFO             PET2       thread_num=   2   currentSsiPe=  41   num_threads=   3   max_threads=   3   num_procs=   2
20260908 013308.211 INFO             PET2       ---->Advancing Model from:    0  1  1  0  0  0   0
20260908 013308.211 INFO             PET2       ---------------------> to:    0  1  1  0  0 30   0
20260908 013308.211 INFO             PET2       MODEL: time step-loop ending,   current time:    0  1  1  0  0 30   0
20260908 013308.211 INFO             PET2       <<<MODEL: leaving Run (phase=RunPhase1) with current time:    0  1  1  0  0 30   0
20260908 013308.211 INFO             PET2       MODEL: Run extro {IS}:--- StateLog() start -----------------
20260908 013308.211 INFO             PET2       MODEL: Run extro {IS}:<name: MODEL-ImportState> <intent: ESMF_STATEINTENT_IMPORT> <itemCount:    0>
20260908 013308.211 INFO             PET2       MODEL: Run extro {IS}:--- StateLog() end -------------------
20260908 013308.211 INFO             PET2       MODEL: Run extro {ES}:--- StateLog() start -----------------
20260908 013308.211 INFO             PET2       MODEL: Run extro {ES}:<name: MODEL-ExportState> <intent: ESMF_STATEINTENT_EXPORT> <itemCount:    2>
20260908 013308.211 INFO             PET2       MODEL: Run extro {ES}:+-<item: 0001> <itemType: Field> <itemName: pmsl>
20260908 013308.211 INFO             PET2       MODEL: Run extro {ES}:!--- FieldLog() start -----------------
20260908 013308.211 INFO             PET2       MODEL: Run extro {ES}:! <name: pmsl> <fieldStatus: ESMF_FIELDSTATUS_COMPLETE>
20260908 013308.211 INFO             PET2       MODEL: Run extro {ES}:! 0x7fffaffbfde0 => 0x1df9470 => 0x1df96a0
20260908 013308.211 INFO             PET2       MODEL: Run extro {ES}:! <typekind: Real*8> <rank:    2> <dimCount:    2>
20260908 013308.211 INFO             PET2       MODEL: Run extro {ES}:! ! --- Array::log() start -----------------------------------
20260908 013308.211 INFO             PET2       MODEL: Run extro {ES}:! ! 0x1dfa610
20260908 013308.211 INFO             PET2       MODEL: Run extro {ES}:! ! <name: pmsl>
20260908 013308.211 INFO             PET2       MODEL: Run extro {ES}:! ! ! --- DistGrid::log() start --------------------------------
20260908 013308.211 INFO             PET2       MODEL: Run extro {ES}:! ! ! 0x1df5480
20260908 013308.211 INFO             PET2       MODEL: Run extro {ES}:! ! ! DistGrid object is valid!<name: DG-Grid004-sloc:0>
20260908 013308.211 INFO             PET2       MODEL: Run extro {ES}:! ! ! --- DistGrid::log() end ----------------------------------
20260908 013308.211 INFO             PET2       MODEL: Run extro {ES}:! ! --- Array::log() end -------------------------------------
20260908 013308.211 INFO             PET2       MODEL: Run extro {ES}:!--- FieldLog() end -------------------
20260908 013308.211 INFO             PET2       MODEL: Run extro {ES}:+-<item: 0002> <itemType: Field> <itemName: rsns>
20260908 013308.211 INFO             PET2       MODEL: Run extro {ES}:!--- FieldLog() start -----------------
20260908 013308.211 INFO             PET2       MODEL: Run extro {ES}:! <name: rsns> <fieldStatus: ESMF_FIELDSTATUS_COMPLETE>
20260908 013308.211 INFO             PET2       MODEL: Run extro {ES}:! 0x7fffaffbfde0 => 0x1dfc110 => 0x1dfc340
20260908 013308.211 INFO             PET2       MODEL: Run extro {ES}:! <typekind: Real*8> <rank:    2> <dimCount:    2>
20260908 013308.211 INFO             PET2       MODEL: Run extro {ES}:! ! --- Array::log() start -----------------------------------
20260908 013308.211 INFO             PET2       MODEL: Run extro {ES}:! ! 0x1dfd1d0
20260908 013308.211 INFO             PET2       MODEL: Run extro {ES}:! ! <name: rsns>
20260908 013308.211 INFO             PET2       MODEL: Run extro {ES}:! ! ! --- DistGrid::log() start --------------------------------
20260908 013308.211 INFO             PET2       MODEL: Run extro {ES}:! ! ! 0x1df5480
20260908 013308.212 INFO             PET2       MODEL: Run extro {ES}:! ! ! DistGrid object is valid!<name: DG-Grid004-sloc:0>
20260908 013308.212 INFO             PET2       MODEL: Run extro {ES}:! ! ! --- DistGrid::log() end ----------------------------------
20260908 013308.212 INFO             PET2       MODEL: Run extro {ES}:! ! --- Array::log() end -------------------------------------
20260908 013308.212 INFO             PET2       MODEL: Run extro {ES}:!--- FieldLog() end -------------------
20260908 013308.212 INFO             PET2       MODEL: Run extro {ES}:--- StateLog() end -------------------
20260908 013308.212 INFO             PET2     MODEL: Run extro.
20260908 013308.212 INFO             PET2     driver: RunSequence event loopLevel=   1  levelMember=   1  loopIteration=   2, current time:    0  1  1  0  0 30   0
20260908 013308.212 INFO             PET2     MODEL: Run intro.
20260908 013308.212 INFO             PET2       MODEL: Run intro {IS}:--- StateLog() start -----------------
20260908 013308.212 INFO             PET2       MODEL: Run intro {IS}:<name: MODEL-ImportState> <intent: ESMF_STATEINTENT_IMPORT> <itemCount:    0>
20260908 013308.212 INFO             PET2       MODEL: Run intro {IS}:--- StateLog() end -------------------
20260908 013308.212 INFO             PET2       MODEL: Run intro {ES}:--- StateLog() start -----------------
20260908 013308.212 INFO             PET2       MODEL: Run intro {ES}:<name: MODEL-ExportState> <intent: ESMF_STATEINTENT_EXPORT> <itemCount:    2>
20260908 013308.212 INFO             PET2       MODEL: Run intro {ES}:+-<item: 0001> <itemType: Field> <itemName: pmsl>
20260908 013308.212 INFO             PET2       MODEL: Run intro {ES}:!--- FieldLog() start -----------------
20260908 013308.212 INFO             PET2       MODEL: Run intro {ES}:! <name: pmsl> <fieldStatus: ESMF_FIELDSTATUS_COMPLETE>
20260908 013308.212 INFO             PET2       MODEL: Run intro {ES}:! 0x7fffaffbfcb0 => 0x1df9470 => 0x1df96a0
20260908 013308.212 INFO             PET2       MODEL: Run intro {ES}:! <typekind: Real*8> <rank:    2> <dimCount:    2>
20260908 013308.212 INFO             PET2       MODEL: Run intro {ES}:! ! --- Array::log() start -----------------------------------
20260908 013308.212 INFO             PET2       MODEL: Run intro {ES}:! ! 0x1dfa610
20260908 013308.212 INFO             PET2       MODEL: Run intro {ES}:! ! <name: pmsl>
20260908 013308.212 INFO             PET2       MODEL: Run intro {ES}:! ! ! --- DistGrid::log() start --------------------------------
20260908 013308.212 INFO             PET2       MODEL: Run intro {ES}:! ! ! 0x1df5480
20260908 013308.212 INFO             PET2       MODEL: Run intro {ES}:! ! ! DistGrid object is valid!<name: DG-Grid004-sloc:0>
20260908 013308.212 INFO             PET2       MODEL: Run intro {ES}:! ! ! --- DistGrid::log() end ----------------------------------
20260908 013308.212 INFO             PET2       MODEL: Run intro {ES}:! ! --- Array::log() end -------------------------------------
20260908 013308.212 INFO             PET2       MODEL: Run intro {ES}:!--- FieldLog() end -------------------
20260908 013308.212 INFO             PET2       MODEL: Run intro {ES}:+-<item: 0002> <itemType: Field> <itemName: rsns>
20260908 013308.212 INFO             PET2       MODEL: Run intro {ES}:!--- FieldLog() start -----------------
20260908 013308.212 INFO             PET2       MODEL: Run intro {ES}:! <name: rsns> <fieldStatus: ESMF_FIELDSTATUS_COMPLETE>
20260908 013308.212 INFO             PET2       MODEL: Run intro {ES}:! 0x7fffaffbfcb0 => 0x1dfc110 => 0x1dfc340
20260908 013308.212 INFO             PET2       MODEL: Run intro {ES}:! <typekind: Real*8> <rank:    2> <dimCount:    2>
20260908 013308.212 INFO             PET2       MODEL: Run intro {ES}:! ! --- Array::log() start -----------------------------------
20260908 013308.212 INFO             PET2       MODEL: Run intro {ES}:! ! 0x1dfd1d0
20260908 013308.212 INFO             PET2       MODEL: Run intro {ES}:! ! <name: rsns>
20260908 013308.212 INFO             PET2       MODEL: Run intro {ES}:! ! ! --- DistGrid::log() start --------------------------------
20260908 013308.212 INFO             PET2       MODEL: Run intro {ES}:! ! ! 0x1df5480
20260908 013308.212 INFO             PET2       MODEL: Run intro {ES}:! ! ! DistGrid object is valid!<name: DG-Grid004-sloc:0>
20260908 013308.212 INFO             PET2       MODEL: Run intro {ES}:! ! ! --- DistGrid::log() end ----------------------------------
20260908 013308.212 INFO             PET2       MODEL: Run intro {ES}:! ! --- Array::log() end -------------------------------------
20260908 013308.212 INFO             PET2       MODEL: Run intro {ES}:!--- FieldLog() end -------------------
20260908 013308.212 INFO             PET2       MODEL: Run intro {ES}:--- StateLog() end -------------------
20260908 013308.212 INFO             PET2       >>>MODEL: entered Run (phase=RunPhase1) with current time:    0  1  1  0  0 30   0
20260908 013308.213 INFO             PET2       MODEL: time step-loop starting, current time:    0  1  1  0  0 30   0
20260908 013308.213 INFO             PET2       thread_num=   2   currentSsiPe=  41   num_threads=   3   max_threads=   3   num_procs=   2
20260908 013308.213 INFO             PET2       thread_num=   0   currentSsiPe=   1   num_threads=   3   max_threads=   3   num_procs=   2
20260908 013308.213 INFO             PET2       thread_num=   1   currentSsiPe=  41   num_threads=   3   max_threads=   3   num_procs=   2
20260908 013308.213 INFO             PET2       ---->Advancing Model from:    0  1  1  0  0 30   0
20260908 013308.213 INFO             PET2       ---------------------> to:    0  1  1  0  1  0   0
20260908 013308.213 INFO             PET2       MODEL: time step-loop ending,   current time:    0  1  1  0  1  0   0
20260908 013308.213 INFO             PET2       <<<MODEL: leaving Run (phase=RunPhase1) with current time:    0  1  1  0  1  0   0
20260908 013308.213 INFO             PET2       MODEL: Run extro {IS}:--- StateLog() start -----------------
20260908 013308.213 INFO             PET2       MODEL: Run extro {IS}:<name: MODEL-ImportState> <intent: ESMF_STATEINTENT_IMPORT> <itemCount:    0>
20260908 013308.213 INFO             PET2       MODEL: Run extro {IS}:--- StateLog() end -------------------
20260908 013308.213 INFO             PET2       MODEL: Run extro {ES}:--- StateLog() start -----------------
20260908 013308.213 INFO             PET2       MODEL: Run extro {ES}:<name: MODEL-ExportState> <intent: ESMF_STATEINTENT_EXPORT> <itemCount:    2>
20260908 013308.213 INFO             PET2       MODEL: Run extro {ES}:+-<item: 0001> <itemType: Field> <itemName: pmsl>
20260908 013308.213 INFO             PET2       MODEL: Run extro {ES}:!--- FieldLog() start -----------------
20260908 013308.213 INFO             PET2       MODEL: Run extro {ES}:! <name: pmsl> <fieldStatus: ESMF_FIELDSTATUS_COMPLETE>
20260908 013308.213 INFO             PET2       MODEL: Run extro {ES}:! 0x7fffaffbfde0 => 0x1df9470 => 0x1df96a0
20260908 013308.213 INFO             PET2       MODEL: Run extro {ES}:! <typekind: Real*8> <rank:    2> <dimCount:    2>
20260908 013308.213 INFO             PET2       MODEL: Run extro {ES}:! ! --- Array::log() start -----------------------------------
20260908 013308.213 INFO             PET2       MODEL: Run extro {ES}:! ! 0x1dfa610
20260908 013308.213 INFO             PET2       MODEL: Run extro {ES}:! ! <name: pmsl>
20260908 013308.213 INFO             PET2       MODEL: Run extro {ES}:! ! ! --- DistGrid::log() start --------------------------------
20260908 013308.213 INFO             PET2       MODEL: Run extro {ES}:! ! ! 0x1df5480
20260908 013308.213 INFO             PET2       MODEL: Run extro {ES}:! ! ! DistGrid object is valid!<name: DG-Grid004-sloc:0>
20260908 013308.213 INFO             PET2       MODEL: Run extro {ES}:! ! ! --- DistGrid::log() end ----------------------------------
20260908 013308.213 INFO             PET2       MODEL: Run extro {ES}:! ! --- Array::log() end -------------------------------------
20260908 013308.213 INFO             PET2       MODEL: Run extro {ES}:!--- FieldLog() end -------------------
20260908 013308.213 INFO             PET2       MODEL: Run extro {ES}:+-<item: 0002> <itemType: Field> <itemName: rsns>
20260908 013308.213 INFO             PET2       MODEL: Run extro {ES}:!--- FieldLog() start -----------------
20260908 013308.213 INFO             PET2       MODEL: Run extro {ES}:! <name: rsns> <fieldStatus: ESMF_FIELDSTATUS_COMPLETE>
20260908 013308.213 INFO             PET2       MODEL: Run extro {ES}:! 0x7fffaffbfde0 => 0x1dfc110 => 0x1dfc340
20260908 013308.213 INFO             PET2       MODEL: Run extro {ES}:! <typekind: Real*8> <rank:    2> <dimCount:    2>
20260908 013308.213 INFO             PET2       MODEL: Run extro {ES}:! ! --- Array::log() start -----------------------------------
20260908 013308.213 INFO             PET2       MODEL: Run extro {ES}:! ! 0x1dfd1d0
20260908 013308.213 INFO             PET2       MODEL: Run extro {ES}:! ! <name: rsns>
20260908 013308.213 INFO             PET2       MODEL: Run extro {ES}:! ! ! --- DistGrid::log() start --------------------------------
20260908 013308.213 INFO             PET2       MODEL: Run extro {ES}:! ! ! 0x1df5480
20260908 013308.213 INFO             PET2       MODEL: Run extro {ES}:! ! ! DistGrid object is valid!<name: DG-Grid004-sloc:0>
20260908 013308.213 INFO             PET2       MODEL: Run extro {ES}:! ! ! --- DistGrid::log() end ----------------------------------
20260908 013308.213 INFO             PET2       MODEL: Run extro {ES}:! ! --- Array::log() end -------------------------------------
20260908 013308.213 INFO             PET2       MODEL: Run extro {ES}:!--- FieldLog() end -------------------
20260908 013308.213 INFO             PET2       MODEL: Run extro {ES}:--- StateLog() end -------------------
20260908 013308.213 INFO             PET2     MODEL: Run extro.
20260908 013308.213 INFO             PET2     driver: RunSequence event loopLevel=   1  levelMember=   1  loopIteration=   3, current time:    0  1  1  0  1  0   0
20260908 013308.213 INFO             PET2     MODEL: Run intro.
20260908 013308.213 INFO             PET2       MODEL: Run intro {IS}:--- StateLog() start -----------------
20260908 013308.213 INFO             PET2       MODEL: Run intro {IS}:<name: MODEL-ImportState> <intent: ESMF_STATEINTENT_IMPORT> <itemCount:    0>
20260908 013308.213 INFO             PET2       MODEL: Run intro {IS}:--- StateLog() end -------------------
20260908 013308.214 INFO             PET2       MODEL: Run intro {ES}:--- StateLog() start -----------------
20260908 013308.214 INFO             PET2       MODEL: Run intro {ES}:<name: MODEL-ExportState> <intent: ESMF_STATEINTENT_EXPORT> <itemCount:    2>
20260908 013308.214 INFO             PET2       MODEL: Run intro {ES}:+-<item: 0001> <itemType: Field> <itemName: pmsl>
20260908 013308.214 INFO             PET2       MODEL: Run intro {ES}:!--- FieldLog() start -----------------
20260908 013308.214 INFO             PET2       MODEL: Run intro {ES}:! <name: pmsl> <fieldStatus: ESMF_FIELDSTATUS_COMPLETE>
20260908 013308.214 INFO             PET2       MODEL: Run intro {ES}:! 0x7fffaffbfcb0 => 0x1df9470 => 0x1df96a0
20260908 013308.214 INFO             PET2       MODEL: Run intro {ES}:! <typekind: Real*8> <rank:    2> <dimCount:    2>
20260908 013308.214 INFO             PET2       MODEL: Run intro {ES}:! ! --- Array::log() start -----------------------------------
20260908 013308.214 INFO             PET2       MODEL: Run intro {ES}:! ! 0x1dfa610
20260908 013308.214 INFO             PET2       MODEL: Run intro {ES}:! ! <name: pmsl>
20260908 013308.214 INFO             PET2       MODEL: Run intro {ES}:! ! ! --- DistGrid::log() start --------------------------------
20260908 013308.214 INFO             PET2       MODEL: Run intro {ES}:! ! ! 0x1df5480
20260908 013308.214 INFO             PET2       MODEL: Run intro {ES}:! ! ! DistGrid object is valid!<name: DG-Grid004-sloc:0>
20260908 013308.214 INFO             PET2       MODEL: Run intro {ES}:! ! ! --- DistGrid::log() end ----------------------------------
20260908 013308.214 INFO             PET2       MODEL: Run intro {ES}:! ! --- Array::log() end -------------------------------------
20260908 013308.214 INFO             PET2       MODEL: Run intro {ES}:!--- FieldLog() end -------------------
20260908 013308.214 INFO             PET2       MODEL: Run intro {ES}:+-<item: 0002> <itemType: Field> <itemName: rsns>
20260908 013308.214 INFO             PET2       MODEL: Run intro {ES}:!--- FieldLog() start -----------------
20260908 013308.214 INFO             PET2       MODEL: Run intro {ES}:! <name: rsns> <fieldStatus: ESMF_FIELDSTATUS_COMPLETE>
20260908 013308.214 INFO             PET2       MODEL: Run intro {ES}:! 0x7fffaffbfcb0 => 0x1dfc110 => 0x1dfc340
20260908 013308.214 INFO             PET2       MODEL: Run intro {ES}:! <typekind: Real*8> <rank:    2> <dimCount:    2>
20260908 013308.214 INFO             PET2       MODEL: Run intro {ES}:! ! --- Array::log() start -----------------------------------
20260908 013308.214 INFO             PET2       MODEL: Run intro {ES}:! ! 0x1dfd1d0
20260908 013308.214 INFO             PET2       MODEL: Run intro {ES}:! ! <name: rsns>
20260908 013308.214 INFO             PET2       MODEL: Run intro {ES}:! ! ! --- DistGrid::log() start --------------------------------
20260908 013308.214 INFO             PET2       MODEL: Run intro {ES}:! ! ! 0x1df5480
20260908 013308.214 INFO             PET2       MODEL: Run intro {ES}:! ! ! DistGrid object is valid!<name: DG-Grid004-sloc:0>
20260908 013308.214 INFO             PET2       MODEL: Run intro {ES}:! ! ! --- DistGrid::log() end ----------------------------------
20260908 013308.214 INFO             PET2       MODEL: Run intro {ES}:! ! --- Array::log() end -------------------------------------
20260908 013308.214 INFO             PET2       MODEL: Run intro {ES}:!--- FieldLog() end -------------------
20260908 013308.214 INFO             PET2       MODEL: Run intro {ES}:--- StateLog() end -------------------
20260908 013308.214 INFO             PET2       >>>MODEL: entered Run (phase=RunPhase1) with current time:    0  1  1  0  1  0   0
20260908 013308.214 INFO             PET2       MODEL: time step-loop starting, current time:    0  1  1  0  1  0   0
20260908 013308.214 INFO             PET2       thread_num=   2   currentSsiPe=  41   num_threads=   3   max_threads=   3   num_procs=   2
20260908 013308.214 INFO             PET2       thread_num=   0   currentSsiPe=   1   num_threads=   3   max_threads=   3   num_procs=   2
20260908 013308.214 INFO             PET2       thread_num=   1   currentSsiPe=  41   num_threads=   3   max_threads=   3   num_procs=   2
20260908 013308.214 INFO             PET2       ---->Advancing Model from:    0  1  1  0  1  0   0
20260908 013308.214 INFO             PET2       ---------------------> to:    0  1  1  0  1 30   0
20260908 013308.214 INFO             PET2       MODEL: time step-loop ending,   current time:    0  1  1  0  1 30   0
20260908 013308.214 INFO             PET2       <<<MODEL: leaving Run (phase=RunPhase1) with current time:    0  1  1  0  1 30   0
20260908 013308.214 INFO             PET2       MODEL: Run extro {IS}:--- StateLog() start -----------------
20260908 013308.214 INFO             PET2       MODEL: Run extro {IS}:<name: MODEL-ImportState> <intent: ESMF_STATEINTENT_IMPORT> <itemCount:    0>
20260908 013308.214 INFO             PET2       MODEL: Run extro {IS}:--- StateLog() end -------------------
20260908 013308.214 INFO             PET2       MODEL: Run extro {ES}:--- StateLog() start -----------------
20260908 013308.214 INFO             PET2       MODEL: Run extro {ES}:<name: MODEL-ExportState> <intent: ESMF_STATEINTENT_EXPORT> <itemCount:    2>
20260908 013308.214 INFO             PET2       MODEL: Run extro {ES}:+-<item: 0001> <itemType: Field> <itemName: pmsl>
20260908 013308.214 INFO             PET2       MODEL: Run extro {ES}:!--- FieldLog() start -----------------
20260908 013308.214 INFO             PET2       MODEL: Run extro {ES}:! <name: pmsl> <fieldStatus: ESMF_FIELDSTATUS_COMPLETE>
20260908 013308.214 INFO             PET2       MODEL: Run extro {ES}:! 0x7fffaffbfde0 => 0x1df9470 => 0x1df96a0
20260908 013308.215 INFO             PET2       MODEL: Run extro {ES}:! <typekind: Real*8> <rank:    2> <dimCount:    2>
20260908 013308.215 INFO             PET2       MODEL: Run extro {ES}:! ! --- Array::log() start -----------------------------------
20260908 013308.215 INFO             PET2       MODEL: Run extro {ES}:! ! 0x1dfa610
20260908 013308.215 INFO             PET2       MODEL: Run extro {ES}:! ! <name: pmsl>
20260908 013308.215 INFO             PET2       MODEL: Run extro {ES}:! ! ! --- DistGrid::log() start --------------------------------
20260908 013308.215 INFO             PET2       MODEL: Run extro {ES}:! ! ! 0x1df5480
20260908 013308.215 INFO             PET2       MODEL: Run extro {ES}:! ! ! DistGrid object is valid!<name: DG-Grid004-sloc:0>
20260908 013308.215 INFO             PET2       MODEL: Run extro {ES}:! ! ! --- DistGrid::log() end ----------------------------------
20260908 013308.215 INFO             PET2       MODEL: Run extro {ES}:! ! --- Array::log() end -------------------------------------
20260908 013308.215 INFO             PET2       MODEL: Run extro {ES}:!--- FieldLog() end -------------------
20260908 013308.215 INFO             PET2       MODEL: Run extro {ES}:+-<item: 0002> <itemType: Field> <itemName: rsns>
20260908 013308.215 INFO             PET2       MODEL: Run extro {ES}:!--- FieldLog() start -----------------
20260908 013308.215 INFO             PET2       MODEL: Run extro {ES}:! <name: rsns> <fieldStatus: ESMF_FIELDSTATUS_COMPLETE>
20260908 013308.215 INFO             PET2       MODEL: Run extro {ES}:! 0x7fffaffbfde0 => 0x1dfc110 => 0x1dfc340
20260908 013308.215 INFO             PET2       MODEL: Run extro {ES}:! <typekind: Real*8> <rank:    2> <dimCount:    2>
20260908 013308.215 INFO             PET2       MODEL: Run extro {ES}:! ! --- Array::log() start -----------------------------------
20260908 013308.215 INFO             PET2       MODEL: Run extro {ES}:! ! 0x1dfd1d0
20260908 013308.215 INFO             PET2       MODEL: Run extro {ES}:! ! <name: rsns>
20260908 013308.215 INFO             PET2       MODEL: Run extro {ES}:! ! ! --- DistGrid::log() start --------------------------------
20260908 013308.215 INFO             PET2       MODEL: Run extro {ES}:! ! ! 0x1df5480
20260908 013308.215 INFO             PET2       MODEL: Run extro {ES}:! ! ! DistGrid object is valid!<name: DG-Grid004-sloc:0>
20260908 013308.215 INFO             PET2       MODEL: Run extro {ES}:! ! ! --- DistGrid::log() end ----------------------------------
20260908 013308.215 INFO             PET2       MODEL: Run extro {ES}:! ! --- Array::log() end -------------------------------------
20260908 013308.215 INFO             PET2       MODEL: Run extro {ES}:!--- FieldLog() end -------------------
20260908 013308.215 INFO             PET2       MODEL: Run extro {ES}:--- StateLog() end -------------------
20260908 013308.215 INFO             PET2     MODEL: Run extro.
20260908 013308.215 INFO             PET2     driver: RunSequence event loopLevel=   1  levelMember=   1  loopIteration=   4, current time:    0  1  1  0  1 30   0
20260908 013308.215 INFO             PET2     MODEL: Run intro.
20260908 013308.215 INFO             PET2       MODEL: Run intro {IS}:--- StateLog() start -----------------
20260908 013308.215 INFO             PET2       MODEL: Run intro {IS}:<name: MODEL-ImportState> <intent: ESMF_STATEINTENT_IMPORT> <itemCount:    0>
20260908 013308.215 INFO             PET2       MODEL: Run intro {IS}:--- StateLog() end -------------------
20260908 013308.215 INFO             PET2       MODEL: Run intro {ES}:--- StateLog() start -----------------
20260908 013308.215 INFO             PET2       MODEL: Run intro {ES}:<name: MODEL-ExportState> <intent: ESMF_STATEINTENT_EXPORT> <itemCount:    2>
20260908 013308.215 INFO             PET2       MODEL: Run intro {ES}:+-<item: 0001> <itemType: Field> <itemName: pmsl>
20260908 013308.215 INFO             PET2       MODEL: Run intro {ES}:!--- FieldLog() start -----------------
20260908 013308.215 INFO             PET2       MODEL: Run intro {ES}:! <name: pmsl> <fieldStatus: ESMF_FIELDSTATUS_COMPLETE>
20260908 013308.215 INFO             PET2       MODEL: Run intro {ES}:! 0x7fffaffbfcb0 => 0x1df9470 => 0x1df96a0
20260908 013308.215 INFO             PET2       MODEL: Run intro {ES}:! <typekind: Real*8> <rank:    2> <dimCount:    2>
20260908 013308.215 INFO             PET2       MODEL: Run intro {ES}:! ! --- Array::log() start -----------------------------------
20260908 013308.215 INFO             PET2       MODEL: Run intro {ES}:! ! 0x1dfa610
20260908 013308.215 INFO             PET2       MODEL: Run intro {ES}:! ! <name: pmsl>
20260908 013308.215 INFO             PET2       MODEL: Run intro {ES}:! ! ! --- DistGrid::log() start --------------------------------
20260908 013308.215 INFO             PET2       MODEL: Run intro {ES}:! ! ! 0x1df5480
20260908 013308.215 INFO             PET2       MODEL: Run intro {ES}:! ! ! DistGrid object is valid!<name: DG-Grid004-sloc:0>
20260908 013308.215 INFO             PET2       MODEL: Run intro {ES}:! ! ! --- DistGrid::log() end ----------------------------------
20260908 013308.215 INFO             PET2       MODEL: Run intro {ES}:! ! --- Array::log() end -------------------------------------
20260908 013308.215 INFO             PET2       MODEL: Run intro {ES}:!--- FieldLog() end -------------------
20260908 013308.215 INFO             PET2       MODEL: Run intro {ES}:+-<item: 0002> <itemType: Field> <itemName: rsns>
20260908 013308.215 INFO             PET2       MODEL: Run intro {ES}:!--- FieldLog() start -----------------
20260908 013308.215 INFO             PET2       MODEL: Run intro {ES}:! <name: rsns> <fieldStatus: ESMF_FIELDSTATUS_COMPLETE>
20260908 013308.215 INFO             PET2       MODEL: Run intro {ES}:! 0x7fffaffbfcb0 => 0x1dfc110 => 0x1dfc340
20260908 013308.216 INFO             PET2       MODEL: Run intro {ES}:! <typekind: Real*8> <rank:    2> <dimCount:    2>
20260908 013308.216 INFO             PET2       MODEL: Run intro {ES}:! ! --- Array::log() start -----------------------------------
20260908 013308.216 INFO             PET2       MODEL: Run intro {ES}:! ! 0x1dfd1d0
20260908 013308.216 INFO             PET2       MODEL: Run intro {ES}:! ! <name: rsns>
20260908 013308.216 INFO             PET2       MODEL: Run intro {ES}:! ! ! --- DistGrid::log() start --------------------------------
20260908 013308.216 INFO             PET2       MODEL: Run intro {ES}:! ! ! 0x1df5480
20260908 013308.216 INFO             PET2       MODEL: Run intro {ES}:! ! ! DistGrid object is valid!<name: DG-Grid004-sloc:0>
20260908 013308.216 INFO             PET2       MODEL: Run intro {ES}:! ! ! --- DistGrid::log() end ----------------------------------
20260908 013308.216 INFO             PET2       MODEL: Run intro {ES}:! ! --- Array::log() end -------------------------------------
20260908 013308.216 INFO             PET2       MODEL: Run intro {ES}:!--- FieldLog() end -------------------
20260908 013308.216 INFO             PET2       MODEL: Run intro {ES}:--- StateLog() end -------------------
20260908 013308.216 INFO             PET2       >>>MODEL: entered Run (phase=RunPhase1) with current time:    0  1  1  0  1 30   0
20260908 013308.216 INFO             PET2       MODEL: time step-loop starting, current time:    0  1  1  0  1 30   0
20260908 013308.216 INFO             PET2       thread_num=   2   currentSsiPe=  41   num_threads=   3   max_threads=   3   num_procs=   2
20260908 013308.216 INFO             PET2       thread_num=   1   currentSsiPe=  41   num_threads=   3   max_threads=   3   num_procs=   2
20260908 013308.216 INFO             PET2       thread_num=   0   currentSsiPe=   1   num_threads=   3   max_threads=   3   num_procs=   2
20260908 013308.216 INFO             PET2       ---->Advancing Model from:    0  1  1  0  1 30   0
20260908 013308.216 INFO             PET2       ---------------------> to:    0  1  1  0  2  0   0
20260908 013308.216 INFO             PET2       MODEL: time step-loop ending,   current time:    0  1  1  0  2  0   0
20260908 013308.216 INFO             PET2       <<<MODEL: leaving Run (phase=RunPhase1) with current time:    0  1  1  0  2  0   0
20260908 013308.216 INFO             PET2       MODEL: Run extro {IS}:--- StateLog() start -----------------
20260908 013308.216 INFO             PET2       MODEL: Run extro {IS}:<name: MODEL-ImportState> <intent: ESMF_STATEINTENT_IMPORT> <itemCount:    0>
20260908 013308.216 INFO             PET2       MODEL: Run extro {IS}:--- StateLog() end -------------------
20260908 013308.216 INFO             PET2       MODEL: Run extro {ES}:--- StateLog() start -----------------
20260908 013308.216 INFO             PET2       MODEL: Run extro {ES}:<name: MODEL-ExportState> <intent: ESMF_STATEINTENT_EXPORT> <itemCount:    2>
20260908 013308.216 INFO             PET2       MODEL: Run extro {ES}:+-<item: 0001> <itemType: Field> <itemName: pmsl>
20260908 013308.216 INFO             PET2       MODEL: Run extro {ES}:!--- FieldLog() start -----------------
20260908 013308.216 INFO             PET2       MODEL: Run extro {ES}:! <name: pmsl> <fieldStatus: ESMF_FIELDSTATUS_COMPLETE>
20260908 013308.216 INFO             PET2       MODEL: Run extro {ES}:! 0x7fffaffbfde0 => 0x1df9470 => 0x1df96a0
20260908 013308.216 INFO             PET2       MODEL: Run extro {ES}:! <typekind: Real*8> <rank:    2> <dimCount:    2>
20260908 013308.216 INFO             PET2       MODEL: Run extro {ES}:! ! --- Array::log() start -----------------------------------
20260908 013308.216 INFO             PET2       MODEL: Run extro {ES}:! ! 0x1dfa610
20260908 013308.216 INFO             PET2       MODEL: Run extro {ES}:! ! <name: pmsl>
20260908 013308.216 INFO             PET2       MODEL: Run extro {ES}:! ! ! --- DistGrid::log() start --------------------------------
20260908 013308.216 INFO             PET2       MODEL: Run extro {ES}:! ! ! 0x1df5480
20260908 013308.216 INFO             PET2       MODEL: Run extro {ES}:! ! ! DistGrid object is valid!<name: DG-Grid004-sloc:0>
20260908 013308.216 INFO             PET2       MODEL: Run extro {ES}:! ! ! --- DistGrid::log() end ----------------------------------
20260908 013308.216 INFO             PET2       MODEL: Run extro {ES}:! ! --- Array::log() end -------------------------------------
20260908 013308.216 INFO             PET2       MODEL: Run extro {ES}:!--- FieldLog() end -------------------
20260908 013308.216 INFO             PET2       MODEL: Run extro {ES}:+-<item: 0002> <itemType: Field> <itemName: rsns>
20260908 013308.216 INFO             PET2       MODEL: Run extro {ES}:!--- FieldLog() start -----------------
20260908 013308.216 INFO             PET2       MODEL: Run extro {ES}:! <name: rsns> <fieldStatus: ESMF_FIELDSTATUS_COMPLETE>
20260908 013308.216 INFO             PET2       MODEL: Run extro {ES}:! 0x7fffaffbfde0 => 0x1dfc110 => 0x1dfc340
20260908 013308.216 INFO             PET2       MODEL: Run extro {ES}:! <typekind: Real*8> <rank:    2> <dimCount:    2>
20260908 013308.216 INFO             PET2       MODEL: Run extro {ES}:! ! --- Array::log() start -----------------------------------
20260908 013308.216 INFO             PET2       MODEL: Run extro {ES}:! ! 0x1dfd1d0
20260908 013308.216 INFO             PET2       MODEL: Run extro {ES}:! ! <name: rsns>
20260908 013308.216 INFO             PET2       MODEL: Run extro {ES}:! ! ! --- DistGrid::log() start --------------------------------
20260908 013308.217 INFO             PET2       MODEL: Run extro {ES}:! ! ! 0x1df5480
20260908 013308.217 INFO             PET2       MODEL: Run extro {ES}:! ! ! DistGrid object is valid!<name: DG-Grid004-sloc:0>
20260908 013308.217 INFO             PET2       MODEL: Run extro {ES}:! ! ! --- DistGrid::log() end ----------------------------------
20260908 013308.217 INFO             PET2       MODEL: Run extro {ES}:! ! --- Array::log() end -------------------------------------
20260908 013308.217 INFO             PET2       MODEL: Run extro {ES}:!--- FieldLog() end -------------------
20260908 013308.217 INFO             PET2       MODEL: Run extro {ES}:--- StateLog() end -------------------
20260908 013308.217 INFO             PET2     MODEL: Run extro.
20260908 013308.217 INFO             PET2     driver: RunSequence event loopLevel=   1  levelMember=   1  loopIteration=   5, current time:    0  1  1  0  2  0   0
20260908 013308.217 INFO             PET2     MODEL: Run intro.
20260908 013308.217 INFO             PET2       MODEL: Run intro {IS}:--- StateLog() start -----------------
20260908 013308.217 INFO             PET2       MODEL: Run intro {IS}:<name: MODEL-ImportState> <intent: ESMF_STATEINTENT_IMPORT> <itemCount:    0>
20260908 013308.217 INFO             PET2       MODEL: Run intro {IS}:--- StateLog() end -------------------
20260908 013308.217 INFO             PET2       MODEL: Run intro {ES}:--- StateLog() start -----------------
20260908 013308.217 INFO             PET2       MODEL: Run intro {ES}:<name: MODEL-ExportState> <intent: ESMF_STATEINTENT_EXPORT> <itemCount:    2>
20260908 013308.217 INFO             PET2       MODEL: Run intro {ES}:+-<item: 0001> <itemType: Field> <itemName: pmsl>
20260908 013308.217 INFO             PET2       MODEL: Run intro {ES}:!--- FieldLog() start -----------------
20260908 013308.217 INFO             PET2       MODEL: Run intro {ES}:! <name: pmsl> <fieldStatus: ESMF_FIELDSTATUS_COMPLETE>
20260908 013308.217 INFO             PET2       MODEL: Run intro {ES}:! 0x7fffaffbfcb0 => 0x1df9470 => 0x1df96a0
20260908 013308.217 INFO             PET2       MODEL: Run intro {ES}:! <typekind: Real*8> <rank:    2> <dimCount:    2>
20260908 013308.217 INFO             PET2       MODEL: Run intro {ES}:! ! --- Array::log() start -----------------------------------
20260908 013308.217 INFO             PET2       MODEL: Run intro {ES}:! ! 0x1dfa610
20260908 013308.217 INFO             PET2       MODEL: Run intro {ES}:! ! <name: pmsl>
20260908 013308.217 INFO             PET2       MODEL: Run intro {ES}:! ! ! --- DistGrid::log() start --------------------------------
20260908 013308.217 INFO             PET2       MODEL: Run intro {ES}:! ! ! 0x1df5480
20260908 013308.217 INFO             PET2       MODEL: Run intro {ES}:! ! ! DistGrid object is valid!<name: DG-Grid004-sloc:0>
20260908 013308.217 INFO             PET2       MODEL: Run intro {ES}:! ! ! --- DistGrid::log() end ----------------------------------
20260908 013308.217 INFO             PET2       MODEL: Run intro {ES}:! ! --- Array::log() end -------------------------------------
20260908 013308.217 INFO             PET2       MODEL: Run intro {ES}:!--- FieldLog() end -------------------
20260908 013308.217 INFO             PET2       MODEL: Run intro {ES}:+-<item: 0002> <itemType: Field> <itemName: rsns>
20260908 013308.217 INFO             PET2       MODEL: Run intro {ES}:!--- FieldLog() start -----------------
20260908 013308.217 INFO             PET2       MODEL: Run intro {ES}:! <name: rsns> <fieldStatus: ESMF_FIELDSTATUS_COMPLETE>
20260908 013308.217 INFO             PET2       MODEL: Run intro {ES}:! 0x7fffaffbfcb0 => 0x1dfc110 => 0x1dfc340
20260908 013308.217 INFO             PET2       MODEL: Run intro {ES}:! <typekind: Real*8> <rank:    2> <dimCount:    2>
20260908 013308.217 INFO             PET2       MODEL: Run intro {ES}:! ! --- Array::log() start -----------------------------------
20260908 013308.217 INFO             PET2       MODEL: Run intro {ES}:! ! 0x1dfd1d0
20260908 013308.217 INFO             PET2       MODEL: Run intro {ES}:! ! <name: rsns>
20260908 013308.217 INFO             PET2       MODEL: Run intro {ES}:! ! ! --- DistGrid::log() start --------------------------------
20260908 013308.217 INFO             PET2       MODEL: Run intro {ES}:! ! ! 0x1df5480
20260908 013308.217 INFO             PET2       MODEL: Run intro {ES}:! ! ! DistGrid object is valid!<name: DG-Grid004-sloc:0>
20260908 013308.217 INFO             PET2       MODEL: Run intro {ES}:! ! ! --- DistGrid::log() end ----------------------------------
20260908 013308.217 INFO             PET2       MODEL: Run intro {ES}:! ! --- Array::log() end -------------------------------------
20260908 013308.217 INFO             PET2       MODEL: Run intro {ES}:!--- FieldLog() end -------------------
20260908 013308.217 INFO             PET2       MODEL: Run intro {ES}:--- StateLog() end -------------------
20260908 013308.217 INFO             PET2       >>>MODEL: entered Run (phase=RunPhase1) with current time:    0  1  1  0  2  0   0
20260908 013308.217 INFO             PET2       MODEL: time step-loop starting, current time:    0  1  1  0  2  0   0
20260908 013308.218 INFO             PET2       thread_num=   2   currentSsiPe=  41   num_threads=   3   max_threads=   3   num_procs=   2
20260908 013308.218 INFO             PET2       thread_num=   1   currentSsiPe=  41   num_threads=   3   max_threads=   3   num_procs=   2
20260908 013308.218 INFO             PET2       thread_num=   0   currentSsiPe=   1   num_threads=   3   max_threads=   3   num_procs=   2
20260908 013308.218 INFO             PET2       ---->Advancing Model from:    0  1  1  0  2  0   0
20260908 013308.218 INFO             PET2       ---------------------> to:    0  1  1  0  2 30   0
20260908 013308.218 INFO             PET2       MODEL: time step-loop ending,   current time:    0  1  1  0  2 30   0
20260908 013308.218 INFO             PET2       <<<MODEL: leaving Run (phase=RunPhase1) with current time:    0  1  1  0  2 30   0
20260908 013308.218 INFO             PET2       MODEL: Run extro {IS}:--- StateLog() start -----------------
20260908 013308.218 INFO             PET2       MODEL: Run extro {IS}:<name: MODEL-ImportState> <intent: ESMF_STATEINTENT_IMPORT> <itemCount:    0>
20260908 013308.218 INFO             PET2       MODEL: Run extro {IS}:--- StateLog() end -------------------
20260908 013308.218 INFO             PET2       MODEL: Run extro {ES}:--- StateLog() start -----------------
20260908 013308.218 INFO             PET2       MODEL: Run extro {ES}:<name: MODEL-ExportState> <intent: ESMF_STATEINTENT_EXPORT> <itemCount:    2>
20260908 013308.218 INFO             PET2       MODEL: Run extro {ES}:+-<item: 0001> <itemType: Field> <itemName: pmsl>
20260908 013308.218 INFO             PET2       MODEL: Run extro {ES}:!--- FieldLog() start -----------------
20260908 013308.218 INFO             PET2       MODEL: Run extro {ES}:! <name: pmsl> <fieldStatus: ESMF_FIELDSTATUS_COMPLETE>
20260908 013308.218 INFO             PET2       MODEL: Run extro {ES}:! 0x7fffaffbfde0 => 0x1df9470 => 0x1df96a0
20260908 013308.218 INFO             PET2       MODEL: Run extro {ES}:! <typekind: Real*8> <rank:    2> <dimCount:    2>
20260908 013308.218 INFO             PET2       MODEL: Run extro {ES}:! ! --- Array::log() start -----------------------------------
20260908 013308.218 INFO             PET2       MODEL: Run extro {ES}:! ! 0x1dfa610
20260908 013308.218 INFO             PET2       MODEL: Run extro {ES}:! ! <name: pmsl>
20260908 013308.218 INFO             PET2       MODEL: Run extro {ES}:! ! ! --- DistGrid::log() start --------------------------------
20260908 013308.218 INFO             PET2       MODEL: Run extro {ES}:! ! ! 0x1df5480
20260908 013308.218 INFO             PET2       MODEL: Run extro {ES}:! ! ! DistGrid object is valid!<name: DG-Grid004-sloc:0>
20260908 013308.218 INFO             PET2       MODEL: Run extro {ES}:! ! ! --- DistGrid::log() end ----------------------------------
20260908 013308.218 INFO             PET2       MODEL: Run extro {ES}:! ! --- Array::log() end -------------------------------------
20260908 013308.218 INFO             PET2       MODEL: Run extro {ES}:!--- FieldLog() end -------------------
20260908 013308.218 INFO             PET2       MODEL: Run extro {ES}:+-<item: 0002> <itemType: Field> <itemName: rsns>
20260908 013308.218 INFO             PET2       MODEL: Run extro {ES}:!--- FieldLog() start -----------------
20260908 013308.218 INFO             PET2       MODEL: Run extro {ES}:! <name: rsns> <fieldStatus: ESMF_FIELDSTATUS_COMPLETE>
20260908 013308.218 INFO             PET2       MODEL: Run extro {ES}:! 0x7fffaffbfde0 => 0x1dfc110 => 0x1dfc340
20260908 013308.218 INFO             PET2       MODEL: Run extro {ES}:! <typekind: Real*8> <rank:    2> <dimCount:    2>
20260908 013308.218 INFO             PET2       MODEL: Run extro {ES}:! ! --- Array::log() start -----------------------------------
20260908 013308.218 INFO             PET2       MODEL: Run extro {ES}:! ! 0x1dfd1d0
20260908 013308.218 INFO             PET2       MODEL: Run extro {ES}:! ! <name: rsns>
20260908 013308.218 INFO             PET2       MODEL: Run extro {ES}:! ! ! --- DistGrid::log() start --------------------------------
20260908 013308.218 INFO             PET2       MODEL: Run extro {ES}:! ! ! 0x1df5480
20260908 013308.218 INFO             PET2       MODEL: Run extro {ES}:! ! ! DistGrid object is valid!<name: DG-Grid004-sloc:0>
20260908 013308.218 INFO             PET2       MODEL: Run extro {ES}:! ! ! --- DistGrid::log() end ----------------------------------
20260908 013308.218 INFO             PET2       MODEL: Run extro {ES}:! ! --- Array::log() end -------------------------------------
20260908 013308.218 INFO             PET2       MODEL: Run extro {ES}:!--- FieldLog() end -------------------
20260908 013308.218 INFO             PET2       MODEL: Run extro {ES}:--- StateLog() end -------------------
20260908 013308.218 INFO             PET2     MODEL: Run extro.
20260908 013308.218 INFO             PET2   driver: end <--------- RunSequence
20260908 013308.218 INFO             PET2   <<<driver: leaving Run (phase=RunPhase1) with current time:    0  1  1  0  2 30   0
20260908 013308.218 INFO             PET2   driver: Run extro {IS}:--- StateLog() start -----------------
20260908 013308.218 INFO             PET2   driver: Run extro {IS}:State object is invalid! Not created or deleted!
20260908 013308.218 INFO             PET2   driver: Run extro {IS}:--- StateLog() end -------------------
20260908 013308.218 INFO             PET2   driver: Run extro {ES}:--- StateLog() start -----------------
20260908 013308.218 INFO             PET2   driver: Run extro {ES}:State object is invalid! Not created or deleted!
20260908 013308.218 INFO             PET2   driver: Run extro {ES}:--- StateLog() end -------------------
20260908 013308.218 INFO             PET2 driver: Run extro.
20260908 013308.219 INFO             PET2 driver: Finalize intro.
20260908 013308.219 INFO             PET2   driver: Finalize intro {IS}:--- StateLog() start -----------------
20260908 013308.219 INFO             PET2   driver: Finalize intro {IS}:State object is invalid! Not created or deleted!
20260908 013308.219 INFO             PET2   driver: Finalize intro {IS}:--- StateLog() end -------------------
20260908 013308.219 INFO             PET2   driver: Finalize intro {ES}:--- StateLog() start -----------------
20260908 013308.219 INFO             PET2   driver: Finalize intro {ES}:State object is invalid! Not created or deleted!
20260908 013308.219 INFO             PET2   driver: Finalize intro {ES}:--- StateLog() end -------------------
20260908 013308.219 INFO             PET2   >>>driver: entered Finalize (phase=FinalizePhase1) with current time:    0  1  1  0  2 30   0
20260908 013308.219 INFO             PET2   Calling Finalize phase 1 for modelComp: MODEL
20260908 013308.219 INFO             PET2   MODEL: Finalize intro.
20260908 013308.219 INFO             PET2     MODEL: Finalize intro {IS}:--- StateLog() start -----------------
20260908 013308.219 INFO             PET2     MODEL: Finalize intro {IS}:<name: MODEL-ImportState> <intent: ESMF_STATEINTENT_IMPORT> <itemCount:    0>
20260908 013308.219 INFO             PET2     MODEL: Finalize intro {IS}:--- StateLog() end -------------------
20260908 013308.219 INFO             PET2     MODEL: Finalize intro {ES}:--- StateLog() start -----------------
20260908 013308.219 INFO             PET2     MODEL: Finalize intro {ES}:<name: MODEL-ExportState> <intent: ESMF_STATEINTENT_EXPORT> <itemCount:    2>
20260908 013308.219 INFO             PET2     MODEL: Finalize intro {ES}:+-<item: 0001> <itemType: Field> <itemName: pmsl>
20260908 013308.219 INFO             PET2     MODEL: Finalize intro {ES}:!--- FieldLog() start -----------------
20260908 013308.219 INFO             PET2     MODEL: Finalize intro {ES}:! <name: pmsl> <fieldStatus: ESMF_FIELDSTATUS_COMPLETE>
20260908 013308.219 INFO             PET2     MODEL: Finalize intro {ES}:! 0x7fffaffc2e00 => 0x1df9470 => 0x1df96a0
20260908 013308.219 INFO             PET2     MODEL: Finalize intro {ES}:! <typekind: Real*8> <rank:    2> <dimCount:    2>
20260908 013308.219 INFO             PET2     MODEL: Finalize intro {ES}:! ! --- Array::log() start -----------------------------------
20260908 013308.219 INFO             PET2     MODEL: Finalize intro {ES}:! ! 0x1dfa610
20260908 013308.219 INFO             PET2     MODEL: Finalize intro {ES}:! ! <name: pmsl>
20260908 013308.219 INFO             PET2     MODEL: Finalize intro {ES}:! ! ! --- DistGrid::log() start --------------------------------
20260908 013308.219 INFO             PET2     MODEL: Finalize intro {ES}:! ! ! 0x1df5480
20260908 013308.219 INFO             PET2     MODEL: Finalize intro {ES}:! ! ! DistGrid object is valid!<name: DG-Grid004-sloc:0>
20260908 013308.219 INFO             PET2     MODEL: Finalize intro {ES}:! ! ! --- DistGrid::log() end ----------------------------------
20260908 013308.219 INFO             PET2     MODEL: Finalize intro {ES}:! ! --- Array::log() end -------------------------------------
20260908 013308.219 INFO             PET2     MODEL: Finalize intro {ES}:!--- FieldLog() end -------------------
20260908 013308.219 INFO             PET2     MODEL: Finalize intro {ES}:+-<item: 0002> <itemType: Field> <itemName: rsns>
20260908 013308.219 INFO             PET2     MODEL: Finalize intro {ES}:!--- FieldLog() start -----------------
20260908 013308.219 INFO             PET2     MODEL: Finalize intro {ES}:! <name: rsns> <fieldStatus: ESMF_FIELDSTATUS_COMPLETE>
20260908 013308.219 INFO             PET2     MODEL: Finalize intro {ES}:! 0x7fffaffc2e00 => 0x1dfc110 => 0x1dfc340
20260908 013308.219 INFO             PET2     MODEL: Finalize intro {ES}:! <typekind: Real*8> <rank:    2> <dimCount:    2>
20260908 013308.219 INFO             PET2     MODEL: Finalize intro {ES}:! ! --- Array::log() start -----------------------------------
20260908 013308.219 INFO             PET2     MODEL: Finalize intro {ES}:! ! 0x1dfd1d0
20260908 013308.219 INFO             PET2     MODEL: Finalize intro {ES}:! ! <name: rsns>
20260908 013308.219 INFO             PET2     MODEL: Finalize intro {ES}:! ! ! --- DistGrid::log() start --------------------------------
20260908 013308.219 INFO             PET2     MODEL: Finalize intro {ES}:! ! ! 0x1df5480
20260908 013308.219 INFO             PET2     MODEL: Finalize intro {ES}:! ! ! DistGrid object is valid!<name: DG-Grid004-sloc:0>
20260908 013308.219 INFO             PET2     MODEL: Finalize intro {ES}:! ! ! --- DistGrid::log() end ----------------------------------
20260908 013308.219 INFO             PET2     MODEL: Finalize intro {ES}:! ! --- Array::log() end -------------------------------------
20260908 013308.219 INFO             PET2     MODEL: Finalize intro {ES}:!--- FieldLog() end -------------------
20260908 013308.219 INFO             PET2     MODEL: Finalize intro {ES}:--- StateLog() end -------------------
20260908 013308.219 INFO             PET2     >>>MODEL: entered Finalize (phase=FinalizePhase1) with current time:    0  1  1  0  2 30   0
20260908 013308.219 INFO             PET2     <<<MODEL: leaving Finalize (phase=FinalizePhase1) with current time:    0  1  1  0  2 30   0
20260908 013308.220 INFO             PET2   MODEL: Finalize extro.
20260908 013308.220 INFO             PET2   Delete modelComp: MODEL
20260908 013308.220 INFO             PET2   Delete Import-/Export State for modelComp: MODEL
20260908 013308.220 INFO             PET2   <<<driver: leaving Finalize (phase=FinalizePhase1) with current time:    0  1  1  0  2 30   0
20260908 013308.220 INFO             PET2 driver: Finalize extro.
20260908 013308.220 INFO             PET2 mainApp FINISHED
20260908 013308.220 INFO             PET2  Finalizing ESMF
20260908 013308.162 INFO             PET3 !!!!!!!!!!!!!!!!!!!!!!!!!!!!!!!!!!!!!!!!!!!!!!!!!!!!!!
20260908 013308.163 INFO             PET3 !!! THE ESMF_LOG IS SET TO OUTPUT ALL LOG MESSAGES !!!
20260908 013308.163 INFO             PET3 !!!     THIS MAY CAUSE SLOWDOWN IN PERFORMANCE     !!!
20260908 013308.163 INFO             PET3 !!! FOR PRODUCTION RUNS, USE:                      !!!
20260908 013308.163 INFO             PET3 !!!                   ESMF_LOGKIND_Multi_On_Error  !!!
20260908 013308.163 INFO             PET3 !!!!!!!!!!!!!!!!!!!!!!!!!!!!!!!!!!!!!!!!!!!!!!!!!!!!!!
20260908 013308.163 INFO             PET3 Running with ESMF Version   : feature/esmx-cmake+gdd1288b46b
20260908 013308.163 INFO             PET3 ESMF library build date/time: "Sep  7 2026" "23:52:07"
20260908 013308.163 INFO             PET3 ESMF library build location : /scratch3/NCEPDEV/stmp/Gerhard.Theurich/ESMF-Nightly-Testing-Hera/nvhpc_24.1_openmpi_O_feature_esmx-cmake/esmf
20260908 013308.163 INFO             PET3 ESMF_COMM                   : openmpi
20260908 013308.163 INFO             PET3 ESMF_MOAB                   : enabled
20260908 013308.163 INFO             PET3 ESMF_LAPACK                 : enabled
20260908 013308.163 INFO             PET3 ESMF_NETCDF                 : disabled
20260908 013308.163 INFO             PET3 ESMF_PNETCDF                : disabled
20260908 013308.163 INFO             PET3 ESMF_PIO                    : disabled
20260908 013308.163 INFO             PET3 ESMF_YAMLCPP                : enabled
20260908 013308.163 INFO             PET3 mainApp STARTING
20260908 013308.167 INFO             PET3 driver: InitializeGeneric intro.
20260908 013308.167 INFO             PET3   driver: InitializeGeneric intro {IS}:--- StateLog() start -----------------
20260908 013308.167 INFO             PET3   driver: InitializeGeneric intro {IS}:State object is invalid! Not created or deleted!
20260908 013308.167 INFO             PET3   driver: InitializeGeneric intro {IS}:--- StateLog() end -------------------
20260908 013308.167 INFO             PET3   driver: InitializeGeneric intro {ES}:--- StateLog() start -----------------
20260908 013308.167 INFO             PET3   driver: InitializeGeneric intro {ES}:State object is invalid! Not created or deleted!
20260908 013308.167 INFO             PET3   driver: InitializeGeneric intro {ES}:--- StateLog() end -------------------
20260908 013308.167 INFO             PET3   >>>driver: entered Initialize (phase=<none>) without valid internal Clock.
20260908 013308.168 INFO             PET3   driver: InitializeP0 intro.
20260908 013308.168 INFO             PET3     driver: InitializeP0 intro {IS}:--- StateLog() start -----------------
20260908 013308.168 INFO             PET3     driver: InitializeP0 intro {IS}:State object is invalid! Not created or deleted!
20260908 013308.168 INFO             PET3     driver: InitializeP0 intro {IS}:--- StateLog() end -------------------
20260908 013308.168 INFO             PET3     driver: InitializeP0 intro {ES}:--- StateLog() start -----------------
20260908 013308.168 INFO             PET3     driver: InitializeP0 intro {ES}:State object is invalid! Not created or deleted!
20260908 013308.168 INFO             PET3     driver: InitializeP0 intro {ES}:--- StateLog() end -------------------
20260908 013308.168 INFO             PET3     >>>driver: entered Initialize (phase=<none>) without valid internal Clock.
20260908 013308.168 INFO             PET3     <<<driver: leaving Initialize (phase=<none>) without valid internal Clock.
20260908 013308.168 INFO             PET3     driver: InitializeP0 extro {IS}:--- StateLog() start -----------------
20260908 013308.168 INFO             PET3     driver: InitializeP0 extro {IS}:State object is invalid! Not created or deleted!
20260908 013308.168 INFO             PET3     driver: InitializeP0 extro {IS}:--- StateLog() end -------------------
20260908 013308.168 INFO             PET3     driver: InitializeP0 extro {ES}:--- StateLog() start -----------------
20260908 013308.168 INFO             PET3     driver: InitializeP0 extro {ES}:State object is invalid! Not created or deleted!
20260908 013308.168 INFO             PET3     driver: InitializeP0 extro {ES}:--- StateLog() end -------------------
20260908 013308.168 INFO             PET3   driver: InitializeP0 extro.
20260908 013308.168 INFO             PET3   driver: InitializeIPDv02p1 intro.
20260908 013308.168 INFO             PET3     driver: InitializeIPDv02p1 intro {IS}:--- StateLog() start -----------------
20260908 013308.168 INFO             PET3     driver: InitializeIPDv02p1 intro {IS}:State object is invalid! Not created or deleted!
20260908 013308.168 INFO             PET3     driver: InitializeIPDv02p1 intro {IS}:--- StateLog() end -------------------
20260908 013308.168 INFO             PET3     driver: InitializeIPDv02p1 intro {ES}:--- StateLog() start -----------------
20260908 013308.168 INFO             PET3     driver: InitializeIPDv02p1 intro {ES}:State object is invalid! Not created or deleted!
20260908 013308.168 INFO             PET3     driver: InitializeIPDv02p1 intro {ES}:--- StateLog() end -------------------
20260908 013308.168 INFO             PET3     >>>driver: entered Initialize (phase=<none>) without valid internal Clock.
20260908 013308.169 INFO             PET3     driver - Creating model component MODEL without petList.
20260908 013308.171 INFO             PET3      GridCompIsPetLocal:   T
20260908 013308.171 INFO             PET3      VmIsCreated:   T
20260908 013308.171 INFO             PET3      valid MPI_COMM with size=            4
20260908 013308.171 INFO             PET3     driver - Creating state: modelComp 1 Import State
20260908 013308.171 INFO             PET3     driver - Creating state: modelComp 1 Export State
20260908 013308.173 INFO             PET3     MODEL: InitializeP0 intro.
20260908 013308.173 INFO             PET3       MODEL: InitializeP0 intro {IS}:--- StateLog() start -----------------
20260908 013308.173 INFO             PET3       MODEL: InitializeP0 intro {IS}:<name: MODEL-ImportState> <intent: ESMF_STATEINTENT_IMPORT> <itemCount:    0>
20260908 013308.173 INFO             PET3       MODEL: InitializeP0 intro {IS}:--- StateLog() end -------------------
20260908 013308.173 INFO             PET3       MODEL: InitializeP0 intro {ES}:--- StateLog() start -----------------
20260908 013308.173 INFO             PET3       MODEL: InitializeP0 intro {ES}:<name: MODEL-ExportState> <intent: ESMF_STATEINTENT_EXPORT> <itemCount:    0>
20260908 013308.173 INFO             PET3       MODEL: InitializeP0 intro {ES}:--- StateLog() end -------------------
20260908 013308.173 INFO             PET3       >>>MODEL: entered Initialize (phase=<none>) without valid internal Clock.
20260908 013308.174 INFO             PET3       <<<MODEL: leaving Initialize (phase=<none>) without valid internal Clock.
20260908 013308.174 INFO             PET3       MODEL: InitializeP0 extro {IS}:--- StateLog() start -----------------
20260908 013308.174 INFO             PET3       MODEL: InitializeP0 extro {IS}:<name: MODEL-ImportState> <intent: ESMF_STATEINTENT_IMPORT> <itemCount:    0>
20260908 013308.174 INFO             PET3       MODEL: InitializeP0 extro {IS}:--- StateLog() end -------------------
20260908 013308.174 INFO             PET3       MODEL: InitializeP0 extro {ES}:--- StateLog() start -----------------
20260908 013308.174 INFO             PET3       MODEL: InitializeP0 extro {ES}:<name: MODEL-ExportState> <intent: ESMF_STATEINTENT_EXPORT> <itemCount:    0>
20260908 013308.174 INFO             PET3       MODEL: InitializeP0 extro {ES}:--- StateLog() end -------------------
20260908 013308.174 INFO             PET3     MODEL: InitializeP0 extro.
20260908 013308.175 INFO             PET3     driver: IInitAdvertise intro.
20260908 013308.175 INFO             PET3       driver: IInitAdvertise intro {IS}:--- StateLog() start -----------------
20260908 013308.175 INFO             PET3       driver: IInitAdvertise intro {IS}:State object is invalid! Not created or deleted!
20260908 013308.175 INFO             PET3       driver: IInitAdvertise intro {IS}:--- StateLog() end -------------------
20260908 013308.175 INFO             PET3       driver: IInitAdvertise intro {ES}:--- StateLog() start -----------------
20260908 013308.175 INFO             PET3       driver: IInitAdvertise intro {ES}:State object is invalid! Not created or deleted!
20260908 013308.175 INFO             PET3       driver: IInitAdvertise intro {ES}:--- StateLog() end -------------------
20260908 013308.175 INFO             PET3       >>>driver: entered Initialize (phase=<none>) with current time:    0  1  1  0  0  0   0
20260908 013308.175 INFO             PET3       <<<driver: leaving Initialize (phase=<none>) with current time:    0  1  1  0  0  0   0
20260908 013308.175 INFO             PET3       driver: IInitAdvertise extro {IS}:--- StateLog() start -----------------
20260908 013308.175 INFO             PET3       driver: IInitAdvertise extro {IS}:State object is invalid! Not created or deleted!
20260908 013308.175 INFO             PET3       driver: IInitAdvertise extro {IS}:--- StateLog() end -------------------
20260908 013308.175 INFO             PET3       driver: IInitAdvertise extro {ES}:--- StateLog() start -----------------
20260908 013308.175 INFO             PET3       driver: IInitAdvertise extro {ES}:State object is invalid! Not created or deleted!
20260908 013308.175 INFO             PET3       driver: IInitAdvertise extro {ES}:--- StateLog() end -------------------
20260908 013308.176 INFO             PET3     driver: IInitAdvertise extro.
20260908 013308.176 INFO             PET3     MODEL: InitializeIPDvXp01 intro.
20260908 013308.176 INFO             PET3       MODEL: InitializeIPDvXp01 intro {IS}:--- StateLog() start -----------------
20260908 013308.176 INFO             PET3       MODEL: InitializeIPDvXp01 intro {IS}:<name: MODEL-ImportState> <intent: ESMF_STATEINTENT_IMPORT> <itemCount:    0>
20260908 013308.176 INFO             PET3       MODEL: InitializeIPDvXp01 intro {IS}:--- StateLog() end -------------------
20260908 013308.176 INFO             PET3       MODEL: InitializeIPDvXp01 intro {ES}:--- StateLog() start -----------------
20260908 013308.176 INFO             PET3       MODEL: InitializeIPDvXp01 intro {ES}:<name: MODEL-ExportState> <intent: ESMF_STATEINTENT_EXPORT> <itemCount:    0>
20260908 013308.176 INFO             PET3       MODEL: InitializeIPDvXp01 intro {ES}:--- StateLog() end -------------------
20260908 013308.176 INFO             PET3       >>>MODEL: entered Initialize (phase=IPDvXp01) without valid internal Clock.
20260908 013308.178 INFO             PET3       <<<MODEL: leaving Initialize (phase=IPDvXp01) without valid internal Clock.
20260908 013308.178 INFO             PET3       MODEL: InitializeIPDvXp01 extro {IS}:--- StateLog() start -----------------
20260908 013308.178 INFO             PET3       MODEL: InitializeIPDvXp01 extro {IS}:<name: MODEL-ImportState> <intent: ESMF_STATEINTENT_IMPORT> <itemCount:    0>
20260908 013308.178 INFO             PET3       MODEL: InitializeIPDvXp01 extro {IS}:--- StateLog() end -------------------
20260908 013308.178 INFO             PET3       MODEL: InitializeIPDvXp01 extro {ES}:--- StateLog() start -----------------
20260908 013308.178 INFO             PET3       MODEL: InitializeIPDvXp01 extro {ES}:<name: MODEL-ExportState> <intent: ESMF_STATEINTENT_EXPORT> <itemCount:    2>
20260908 013308.178 INFO             PET3       MODEL: InitializeIPDvXp01 extro {ES}:+-<item: 0001> <itemType: Field> <itemName: pmsl>
20260908 013308.178 INFO             PET3       MODEL: InitializeIPDvXp01 extro {ES}:!--- FieldLog() start -----------------
20260908 013308.178 INFO             PET3       MODEL: InitializeIPDvXp01 extro {ES}:! <name: pmsl> <fieldStatus: ESMF_FIELDSTATUS_EMPTY>
20260908 013308.178 INFO             PET3       MODEL: InitializeIPDvXp01 extro {ES}:! 0x7ffd134ffdb0 => 0x180f400 => 0x1a46090
20260908 013308.178 INFO             PET3       MODEL: InitializeIPDvXp01 extro {ES}:!--- FieldLog() end -------------------
20260908 013308.178 INFO             PET3       MODEL: InitializeIPDvXp01 extro {ES}:+-<item: 0002> <itemType: Field> <itemName: rsns>
20260908 013308.178 INFO             PET3       MODEL: InitializeIPDvXp01 extro {ES}:!--- FieldLog() start -----------------
20260908 013308.178 INFO             PET3       MODEL: InitializeIPDvXp01 extro {ES}:! <name: rsns> <fieldStatus: ESMF_FIELDSTATUS_EMPTY>
20260908 013308.178 INFO             PET3       MODEL: InitializeIPDvXp01 extro {ES}:! 0x7ffd134ffdb0 => 0x1a49e30 => 0x1a4a060
20260908 013308.178 INFO             PET3       MODEL: InitializeIPDvXp01 extro {ES}:!--- FieldLog() end -------------------
20260908 013308.178 INFO             PET3       MODEL: InitializeIPDvXp01 extro {ES}:--- StateLog() end -------------------
20260908 013308.178 INFO             PET3     MODEL: InitializeIPDvXp01 extro.
20260908 013308.179 INFO             PET3     driver: IInitAdvertiseFinish intro.
20260908 013308.179 INFO             PET3       driver: IInitAdvertiseFinish intro {IS}:--- StateLog() start -----------------
20260908 013308.179 INFO             PET3       driver: IInitAdvertiseFinish intro {IS}:State object is invalid! Not created or deleted!
20260908 013308.179 INFO             PET3       driver: IInitAdvertiseFinish intro {IS}:--- StateLog() end -------------------
20260908 013308.179 INFO             PET3       driver: IInitAdvertiseFinish intro {ES}:--- StateLog() start -----------------
20260908 013308.179 INFO             PET3       driver: IInitAdvertiseFinish intro {ES}:State object is invalid! Not created or deleted!
20260908 013308.179 INFO             PET3       driver: IInitAdvertiseFinish intro {ES}:--- StateLog() end -------------------
20260908 013308.179 INFO             PET3       >>>driver: entered Initialize (phase=<none>) with current time:    0  1  1  0  0  0   0
20260908 013308.179 INFO             PET3       <<<driver: leaving Initialize (phase=<none>) with current time:    0  1  1  0  0  0   0
20260908 013308.179 INFO             PET3       driver: IInitAdvertiseFinish extro {IS}:--- StateLog() start -----------------
20260908 013308.179 INFO             PET3       driver: IInitAdvertiseFinish extro {IS}:State object is invalid! Not created or deleted!
20260908 013308.179 INFO             PET3       driver: IInitAdvertiseFinish extro {IS}:--- StateLog() end -------------------
20260908 013308.179 INFO             PET3       driver: IInitAdvertiseFinish extro {ES}:--- StateLog() start -----------------
20260908 013308.180 INFO             PET3       driver: IInitAdvertiseFinish extro {ES}:State object is invalid! Not created or deleted!
20260908 013308.180 INFO             PET3       driver: IInitAdvertiseFinish extro {ES}:--- StateLog() end -------------------
20260908 013308.180 INFO             PET3     driver: IInitAdvertiseFinish extro.
20260908 013308.180 INFO             PET3     driver: IInitModifyCplLists intro.
20260908 013308.180 INFO             PET3       driver: IInitModifyCplLists intro {IS}:--- StateLog() start -----------------
20260908 013308.180 INFO             PET3       driver: IInitModifyCplLists intro {IS}:State object is invalid! Not created or deleted!
20260908 013308.180 INFO             PET3       driver: IInitModifyCplLists intro {IS}:--- StateLog() end -------------------
20260908 013308.180 INFO             PET3       driver: IInitModifyCplLists intro {ES}:--- StateLog() start -----------------
20260908 013308.180 INFO             PET3       driver: IInitModifyCplLists intro {ES}:State object is invalid! Not created or deleted!
20260908 013308.180 INFO             PET3       driver: IInitModifyCplLists intro {ES}:--- StateLog() end -------------------
20260908 013308.180 INFO             PET3       >>>driver: entered Initialize (phase=<none>) with current time:    0  1  1  0  0  0   0
20260908 013308.180 INFO             PET3       <<<driver: leaving Initialize (phase=<none>) with current time:    0  1  1  0  0  0   0
20260908 013308.180 INFO             PET3       driver: IInitModifyCplLists extro {IS}:--- StateLog() start -----------------
20260908 013308.180 INFO             PET3       driver: IInitModifyCplLists extro {IS}:State object is invalid! Not created or deleted!
20260908 013308.180 INFO             PET3       driver: IInitModifyCplLists extro {IS}:--- StateLog() end -------------------
20260908 013308.180 INFO             PET3       driver: IInitModifyCplLists extro {ES}:--- StateLog() start -----------------
20260908 013308.180 INFO             PET3       driver: IInitModifyCplLists extro {ES}:State object is invalid! Not created or deleted!
20260908 013308.180 INFO             PET3       driver: IInitModifyCplLists extro {ES}:--- StateLog() end -------------------
20260908 013308.180 INFO             PET3     driver: IInitModifyCplLists extro.
20260908 013308.180 INFO             PET3     <<<driver: leaving Initialize (phase=<none>) with current time:    0  1  1  0  0  0   0
20260908 013308.181 INFO             PET3     driver: InitializeIPDv02p1 extro {IS}:--- StateLog() start -----------------
20260908 013308.181 INFO             PET3     driver: InitializeIPDv02p1 extro {IS}:State object is invalid! Not created or deleted!
20260908 013308.181 INFO             PET3     driver: InitializeIPDv02p1 extro {IS}:--- StateLog() end -------------------
20260908 013308.181 INFO             PET3     driver: InitializeIPDv02p1 extro {ES}:--- StateLog() start -----------------
20260908 013308.181 INFO             PET3     driver: InitializeIPDv02p1 extro {ES}:State object is invalid! Not created or deleted!
20260908 013308.181 INFO             PET3     driver: InitializeIPDv02p1 extro {ES}:--- StateLog() end -------------------
20260908 013308.181 INFO             PET3   driver: InitializeIPDv02p1 extro.
20260908 013308.181 INFO             PET3   driver: InitializeIPDv02p3 intro.
20260908 013308.181 INFO             PET3     driver: InitializeIPDv02p3 intro {IS}:--- StateLog() start -----------------
20260908 013308.181 INFO             PET3     driver: InitializeIPDv02p3 intro {IS}:State object is invalid! Not created or deleted!
20260908 013308.181 INFO             PET3     driver: InitializeIPDv02p3 intro {IS}:--- StateLog() end -------------------
20260908 013308.181 INFO             PET3     driver: InitializeIPDv02p3 intro {ES}:--- StateLog() start -----------------
20260908 013308.181 INFO             PET3     driver: InitializeIPDv02p3 intro {ES}:State object is invalid! Not created or deleted!
20260908 013308.181 INFO             PET3     driver: InitializeIPDv02p3 intro {ES}:--- StateLog() end -------------------
20260908 013308.181 INFO             PET3     >>>driver: entered Initialize (phase=<none>) with current time:    0  1  1  0  0  0   0
20260908 013308.181 INFO             PET3     driver: IInitCheck intro.
20260908 013308.181 INFO             PET3       driver: IInitCheck intro {IS}:--- StateLog() start -----------------
20260908 013308.181 INFO             PET3       driver: IInitCheck intro {IS}:State object is invalid! Not created or deleted!
20260908 013308.181 INFO             PET3       driver: IInitCheck intro {IS}:--- StateLog() end -------------------
20260908 013308.181 INFO             PET3       driver: IInitCheck intro {ES}:--- StateLog() start -----------------
20260908 013308.181 INFO             PET3       driver: IInitCheck intro {ES}:State object is invalid! Not created or deleted!
20260908 013308.181 INFO             PET3       driver: IInitCheck intro {ES}:--- StateLog() end -------------------
20260908 013308.181 INFO             PET3       >>>driver: entered Initialize (phase=<none>) with current time:    0  1  1  0  0  0   0
20260908 013308.181 INFO             PET3       <<<driver: leaving Initialize (phase=<none>) with current time:    0  1  1  0  0  0   0
20260908 013308.181 INFO             PET3       driver: IInitCheck extro {IS}:--- StateLog() start -----------------
20260908 013308.181 INFO             PET3       driver: IInitCheck extro {IS}:State object is invalid! Not created or deleted!
20260908 013308.181 INFO             PET3       driver: IInitCheck extro {IS}:--- StateLog() end -------------------
20260908 013308.181 INFO             PET3       driver: IInitCheck extro {ES}:--- StateLog() start -----------------
20260908 013308.181 INFO             PET3       driver: IInitCheck extro {ES}:State object is invalid! Not created or deleted!
20260908 013308.181 INFO             PET3       driver: IInitCheck extro {ES}:--- StateLog() end -------------------
20260908 013308.182 INFO             PET3     driver: IInitCheck extro.
20260908 013308.182 INFO             PET3     MODEL: InitializeIPDvXp04 intro.
20260908 013308.182 INFO             PET3       MODEL: InitializeIPDvXp04 intro {IS}:--- StateLog() start -----------------
20260908 013308.182 INFO             PET3       MODEL: InitializeIPDvXp04 intro {IS}:<name: MODEL-ImportState> <intent: ESMF_STATEINTENT_IMPORT> <itemCount:    0>
20260908 013308.182 INFO             PET3       MODEL: InitializeIPDvXp04 intro {IS}:--- StateLog() end -------------------
20260908 013308.182 INFO             PET3       MODEL: InitializeIPDvXp04 intro {ES}:--- StateLog() start -----------------
20260908 013308.182 INFO             PET3       MODEL: InitializeIPDvXp04 intro {ES}:<name: MODEL-ExportState> <intent: ESMF_STATEINTENT_EXPORT> <itemCount:    2>
20260908 013308.182 INFO             PET3       MODEL: InitializeIPDvXp04 intro {ES}:+-<item: 0001> <itemType: Field> <itemName: pmsl>
20260908 013308.182 INFO             PET3       MODEL: InitializeIPDvXp04 intro {ES}:!--- FieldLog() start -----------------
20260908 013308.182 INFO             PET3       MODEL: InitializeIPDvXp04 intro {ES}:! <name: pmsl> <fieldStatus: ESMF_FIELDSTATUS_EMPTY>
20260908 013308.182 INFO             PET3       MODEL: InitializeIPDvXp04 intro {ES}:! 0x7ffd1350bab0 => 0x180f400 => 0x1a46090
20260908 013308.182 INFO             PET3       MODEL: InitializeIPDvXp04 intro {ES}:!--- FieldLog() end -------------------
20260908 013308.182 INFO             PET3       MODEL: InitializeIPDvXp04 intro {ES}:+-<item: 0002> <itemType: Field> <itemName: rsns>
20260908 013308.182 INFO             PET3       MODEL: InitializeIPDvXp04 intro {ES}:!--- FieldLog() start -----------------
20260908 013308.182 INFO             PET3       MODEL: InitializeIPDvXp04 intro {ES}:! <name: rsns> <fieldStatus: ESMF_FIELDSTATUS_EMPTY>
20260908 013308.182 INFO             PET3       MODEL: InitializeIPDvXp04 intro {ES}:! 0x7ffd1350bab0 => 0x1a49e30 => 0x1a4a060
20260908 013308.182 INFO             PET3       MODEL: InitializeIPDvXp04 intro {ES}:!--- FieldLog() end -------------------
20260908 013308.182 INFO             PET3       MODEL: InitializeIPDvXp04 intro {ES}:--- StateLog() end -------------------
20260908 013308.182 INFO             PET3       >>>MODEL: entered Initialize (phase=IPDvXp04) without valid internal Clock.
20260908 013308.186 INFO             PET3       After Realize: - MemInfo: [/proc/meminfo - SSI]	MemTotal:       97343016 kB
20260908 013308.186 INFO             PET3       After Realize: - MemInfo: [/proc/meminfo - SSI]	MemFree:        92397680 kB
20260908 013308.186 INFO             PET3       After Realize: - MemInfo: [/proc/meminfo - SSI]	MemAvailable:   92239960 kB
20260908 013308.186 INFO             PET3       After Realize: - MemInfo: [/proc/meminfo - SSI]	Committed_AS:   33886040 kB
20260908 013308.186 INFO             PET3       After Realize: - MemInfo: [/proc/meminfo - SSI]	CommittedPercent: 34.811 %
20260908 013308.186 INFO             PET3       After Realize: - MemInfo: [/proc/self/status]	VmPeak:	  674400 kB
20260908 013308.186 INFO             PET3       After Realize: - MemInfo: [/proc/self/status]	VmSize:	  674400 kB
20260908 013308.186 INFO             PET3       After Realize: - MemInfo: [/proc/self/status]	VmLck:	       0 kB
20260908 013308.186 INFO             PET3       After Realize: - MemInfo: [/proc/self/status]	VmPin:	  111236 kB
20260908 013308.186 INFO             PET3       After Realize: - MemInfo: [/proc/self/status]	VmHWM:	  152688 kB
20260908 013308.186 INFO             PET3       After Realize: - MemInfo: [/proc/self/status]	VmRSS:	  152688 kB
20260908 013308.186 INFO             PET3       After Realize: - MemInfo: [/proc/self/status]	VmData:	  158436 kB
20260908 013308.186 INFO             PET3       After Realize: - MemInfo: [/proc/self/status]	VmStk:	     196 kB
20260908 013308.186 INFO             PET3       After Realize: - MemInfo: [/proc/self/status]	VmExe:	      24 kB
20260908 013308.186 INFO             PET3       After Realize: - MemInfo: [/proc/self/status]	VmLib:	   48396 kB
20260908 013308.186 INFO             PET3       After Realize: - MemInfo: [/proc/self/status]	VmPTE:	     836 kB
20260908 013308.186 INFO             PET3       After Realize: - MemInfo: [/proc/self/status]	VmSwap:	       0 kB
20260908 013308.186 INFO             PET3       After Realize: - MemInfo: [/proc/self/status]	VmRSSPercent: 0.156856 %
20260908 013308.186 INFO             PET3       After Realize: - MemInfo: [malloc] Non-mmapped space allocated:                 4755456 Byte
20260908 013308.186 INFO             PET3       After Realize: - MemInfo: [malloc] Space allocated in mmapped regions:        122953728 Byte
20260908 013308.186 INFO             PET3       After Realize: - MemInfo: [malloc] Maximum total allocated space:                     0 Byte
20260908 013308.186 INFO             PET3       After Realize: - MemInfo: [malloc] Space in freed fastbin blocks:                     0 Byte
20260908 013308.186 INFO             PET3       After Realize: - MemInfo: [malloc] Total allocated space:                       4033168 Byte
20260908 013308.186 INFO             PET3       After Realize: - MemInfo: [malloc] Total free space:                             722288 Byte
20260908 013308.186 INFO             PET3       After Realize: - MemInfo: [malloc] Top-most, releasable space:                   133136 Byte
20260908 013308.186 INFO             PET3       After Realize: - MemInfo: [malloc] Total space in use, mmap + non-mmap:       126986896 Byte
20260908 013308.186 INFO             PET3       After Realize: - MemInfo: [malloc] Total space held (mmap + non-mmap):        127709184 Byte
20260908 013308.186 INFO             PET3       After Realize: - MemInfo: [malloc] Total space used (mmap + non-mmap):        126995024 Byte
20260908 013308.186 INFO             PET3       After Realize: - MemInfo: Wall-clock time since execution start:              0.0269268 seconds
20260908 013308.186 INFO             PET3       <<<MODEL: leaving Initialize (phase=IPDvXp04) without valid internal Clock.
20260908 013308.186 INFO             PET3       MODEL: InitializeIPDvXp04 extro {IS}:--- StateLog() start -----------------
20260908 013308.187 INFO             PET3       MODEL: InitializeIPDvXp04 extro {IS}:<name: MODEL-ImportState> <intent: ESMF_STATEINTENT_IMPORT> <itemCount:    0>
20260908 013308.187 INFO             PET3       MODEL: InitializeIPDvXp04 extro {IS}:--- StateLog() end -------------------
20260908 013308.187 INFO             PET3       MODEL: InitializeIPDvXp04 extro {ES}:--- StateLog() start -----------------
20260908 013308.187 INFO             PET3       MODEL: InitializeIPDvXp04 extro {ES}:<name: MODEL-ExportState> <intent: ESMF_STATEINTENT_EXPORT> <itemCount:    2>
20260908 013308.187 INFO             PET3       MODEL: InitializeIPDvXp04 extro {ES}:+-<item: 0001> <itemType: Field> <itemName: pmsl>
20260908 013308.187 INFO             PET3       MODEL: InitializeIPDvXp04 extro {ES}:!--- FieldLog() start -----------------
20260908 013308.187 INFO             PET3       MODEL: InitializeIPDvXp04 extro {ES}:! <name: pmsl> <fieldStatus: ESMF_FIELDSTATUS_COMPLETE>
20260908 013308.187 INFO             PET3       MODEL: InitializeIPDvXp04 extro {ES}:! 0x7ffd1350bbe0 => 0x1aa0770 => 0x1aa09a0
20260908 013308.187 INFO             PET3       MODEL: InitializeIPDvXp04 extro {ES}:! <typekind: Real*8> <rank:    2> <dimCount:    2>
20260908 013308.187 INFO             PET3       MODEL: InitializeIPDvXp04 extro {ES}:! ! --- Array::log() start -----------------------------------
20260908 013308.187 INFO             PET3       MODEL: InitializeIPDvXp04 extro {ES}:! ! 0x1aa15e0
20260908 013308.187 INFO             PET3       MODEL: InitializeIPDvXp04 extro {ES}:! ! <name: pmsl>
20260908 013308.187 INFO             PET3       MODEL: InitializeIPDvXp04 extro {ES}:! ! ! --- DistGrid::log() start --------------------------------
20260908 013308.187 INFO             PET3       MODEL: InitializeIPDvXp04 extro {ES}:! ! ! 0x19d2970
20260908 013308.187 INFO             PET3       MODEL: InitializeIPDvXp04 extro {ES}:! ! ! DistGrid object is valid!<name: DG-Grid004-sloc:0>
20260908 013308.187 INFO             PET3       MODEL: InitializeIPDvXp04 extro {ES}:! ! ! --- DistGrid::log() end ----------------------------------
20260908 013308.187 INFO             PET3       MODEL: InitializeIPDvXp04 extro {ES}:! ! --- Array::log() end -------------------------------------
20260908 013308.187 INFO             PET3       MODEL: InitializeIPDvXp04 extro {ES}:!--- FieldLog() end -------------------
20260908 013308.187 INFO             PET3       MODEL: InitializeIPDvXp04 extro {ES}:+-<item: 0002> <itemType: Field> <itemName: rsns>
20260908 013308.187 INFO             PET3       MODEL: InitializeIPDvXp04 extro {ES}:!--- FieldLog() start -----------------
20260908 013308.187 INFO             PET3       MODEL: InitializeIPDvXp04 extro {ES}:! <name: rsns> <fieldStatus: ESMF_FIELDSTATUS_COMPLETE>
20260908 013308.187 INFO             PET3       MODEL: InitializeIPDvXp04 extro {ES}:! 0x7ffd1350bbe0 => 0x1aa30e0 => 0x1aa3310
20260908 013308.187 INFO             PET3       MODEL: InitializeIPDvXp04 extro {ES}:! <typekind: Real*8> <rank:    2> <dimCount:    2>
20260908 013308.187 INFO             PET3       MODEL: InitializeIPDvXp04 extro {ES}:! ! --- Array::log() start -----------------------------------
20260908 013308.187 INFO             PET3       MODEL: InitializeIPDvXp04 extro {ES}:! ! 0x1aa3e70
20260908 013308.187 INFO             PET3       MODEL: InitializeIPDvXp04 extro {ES}:! ! <name: rsns>
20260908 013308.187 INFO             PET3       MODEL: InitializeIPDvXp04 extro {ES}:! ! ! --- DistGrid::log() start --------------------------------
20260908 013308.187 INFO             PET3       MODEL: InitializeIPDvXp04 extro {ES}:! ! ! 0x19d2970
20260908 013308.187 INFO             PET3       MODEL: InitializeIPDvXp04 extro {ES}:! ! ! DistGrid object is valid!<name: DG-Grid004-sloc:0>
20260908 013308.187 INFO             PET3       MODEL: InitializeIPDvXp04 extro {ES}:! ! ! --- DistGrid::log() end ----------------------------------
20260908 013308.187 INFO             PET3       MODEL: InitializeIPDvXp04 extro {ES}:! ! --- Array::log() end -------------------------------------
20260908 013308.187 INFO             PET3       MODEL: InitializeIPDvXp04 extro {ES}:!--- FieldLog() end -------------------
20260908 013308.187 INFO             PET3       MODEL: InitializeIPDvXp04 extro {ES}:--- StateLog() end -------------------
20260908 013308.187 INFO             PET3     MODEL: InitializeIPDvXp04 extro.
20260908 013308.188 INFO             PET3     driver: IInitRealize intro.
20260908 013308.188 INFO             PET3       driver: IInitRealize intro {IS}:--- StateLog() start -----------------
20260908 013308.188 INFO             PET3       driver: IInitRealize intro {IS}:State object is invalid! Not created or deleted!
20260908 013308.188 INFO             PET3       driver: IInitRealize intro {IS}:--- StateLog() end -------------------
20260908 013308.188 INFO             PET3       driver: IInitRealize intro {ES}:--- StateLog() start -----------------
20260908 013308.188 INFO             PET3       driver: IInitRealize intro {ES}:State object is invalid! Not created or deleted!
20260908 013308.188 INFO             PET3       driver: IInitRealize intro {ES}:--- StateLog() end -------------------
20260908 013308.188 INFO             PET3       >>>driver: entered Initialize (phase=<none>) with current time:    0  1  1  0  0  0   0
20260908 013308.188 INFO             PET3       <<<driver: leaving Initialize (phase=<none>) with current time:    0  1  1  0  0  0   0
20260908 013308.188 INFO             PET3       driver: IInitRealize extro {IS}:--- StateLog() start -----------------
20260908 013308.188 INFO             PET3       driver: IInitRealize extro {IS}:State object is invalid! Not created or deleted!
20260908 013308.188 INFO             PET3       driver: IInitRealize extro {IS}:--- StateLog() end -------------------
20260908 013308.188 INFO             PET3       driver: IInitRealize extro {ES}:--- StateLog() start -----------------
20260908 013308.188 INFO             PET3       driver: IInitRealize extro {ES}:State object is invalid! Not created or deleted!
20260908 013308.188 INFO             PET3       driver: IInitRealize extro {ES}:--- StateLog() end -------------------
20260908 013308.188 INFO             PET3     driver: IInitRealize extro.
20260908 013308.189 INFO             PET3     MODEL: InitializeIPDvXp07 intro.
20260908 013308.189 INFO             PET3       MODEL: InitializeIPDvXp07 intro {IS}:--- StateLog() start -----------------
20260908 013308.189 INFO             PET3       MODEL: InitializeIPDvXp07 intro {IS}:<name: MODEL-ImportState> <intent: ESMF_STATEINTENT_IMPORT> <itemCount:    0>
20260908 013308.189 INFO             PET3       MODEL: InitializeIPDvXp07 intro {IS}:--- StateLog() end -------------------
20260908 013308.189 INFO             PET3       MODEL: InitializeIPDvXp07 intro {ES}:--- StateLog() start -----------------
20260908 013308.189 INFO             PET3       MODEL: InitializeIPDvXp07 intro {ES}:<name: MODEL-ExportState> <intent: ESMF_STATEINTENT_EXPORT> <itemCount:    2>
20260908 013308.189 INFO             PET3       MODEL: InitializeIPDvXp07 intro {ES}:+-<item: 0001> <itemType: Field> <itemName: pmsl>
20260908 013308.189 INFO             PET3       MODEL: InitializeIPDvXp07 intro {ES}:!--- FieldLog() start -----------------
20260908 013308.189 INFO             PET3       MODEL: InitializeIPDvXp07 intro {ES}:! <name: pmsl> <fieldStatus: ESMF_FIELDSTATUS_COMPLETE>
20260908 013308.189 INFO             PET3       MODEL: InitializeIPDvXp07 intro {ES}:! 0x7ffd1350a7b0 => 0x1aa0770 => 0x1aa09a0
20260908 013308.189 INFO             PET3       MODEL: InitializeIPDvXp07 intro {ES}:! <typekind: Real*8> <rank:    2> <dimCount:    2>
20260908 013308.189 INFO             PET3       MODEL: InitializeIPDvXp07 intro {ES}:! ! --- Array::log() start -----------------------------------
20260908 013308.189 INFO             PET3       MODEL: InitializeIPDvXp07 intro {ES}:! ! 0x1aa15e0
20260908 013308.189 INFO             PET3       MODEL: InitializeIPDvXp07 intro {ES}:! ! <name: pmsl>
20260908 013308.189 INFO             PET3       MODEL: InitializeIPDvXp07 intro {ES}:! ! ! --- DistGrid::log() start --------------------------------
20260908 013308.189 INFO             PET3       MODEL: InitializeIPDvXp07 intro {ES}:! ! ! 0x19d2970
20260908 013308.189 INFO             PET3       MODEL: InitializeIPDvXp07 intro {ES}:! ! ! DistGrid object is valid!<name: DG-Grid004-sloc:0>
20260908 013308.189 INFO             PET3       MODEL: InitializeIPDvXp07 intro {ES}:! ! ! --- DistGrid::log() end ----------------------------------
20260908 013308.189 INFO             PET3       MODEL: InitializeIPDvXp07 intro {ES}:! ! --- Array::log() end -------------------------------------
20260908 013308.189 INFO             PET3       MODEL: InitializeIPDvXp07 intro {ES}:!--- FieldLog() end -------------------
20260908 013308.189 INFO             PET3       MODEL: InitializeIPDvXp07 intro {ES}:+-<item: 0002> <itemType: Field> <itemName: rsns>
20260908 013308.189 INFO             PET3       MODEL: InitializeIPDvXp07 intro {ES}:!--- FieldLog() start -----------------
20260908 013308.189 INFO             PET3       MODEL: InitializeIPDvXp07 intro {ES}:! <name: rsns> <fieldStatus: ESMF_FIELDSTATUS_COMPLETE>
20260908 013308.189 INFO             PET3       MODEL: InitializeIPDvXp07 intro {ES}:! 0x7ffd1350a7b0 => 0x1aa30e0 => 0x1aa3310
20260908 013308.189 INFO             PET3       MODEL: InitializeIPDvXp07 intro {ES}:! <typekind: Real*8> <rank:    2> <dimCount:    2>
20260908 013308.189 INFO             PET3       MODEL: InitializeIPDvXp07 intro {ES}:! ! --- Array::log() start -----------------------------------
20260908 013308.189 INFO             PET3       MODEL: InitializeIPDvXp07 intro {ES}:! ! 0x1aa3e70
20260908 013308.189 INFO             PET3       MODEL: InitializeIPDvXp07 intro {ES}:! ! <name: rsns>
20260908 013308.189 INFO             PET3       MODEL: InitializeIPDvXp07 intro {ES}:! ! ! --- DistGrid::log() start --------------------------------
20260908 013308.190 INFO             PET3       MODEL: InitializeIPDvXp07 intro {ES}:! ! ! 0x19d2970
20260908 013308.190 INFO             PET3       MODEL: InitializeIPDvXp07 intro {ES}:! ! ! DistGrid object is valid!<name: DG-Grid004-sloc:0>
20260908 013308.190 INFO             PET3       MODEL: InitializeIPDvXp07 intro {ES}:! ! ! --- DistGrid::log() end ----------------------------------
20260908 013308.190 INFO             PET3       MODEL: InitializeIPDvXp07 intro {ES}:! ! --- Array::log() end -------------------------------------
20260908 013308.190 INFO             PET3       MODEL: InitializeIPDvXp07 intro {ES}:!--- FieldLog() end -------------------
20260908 013308.190 INFO             PET3       MODEL: InitializeIPDvXp07 intro {ES}:--- StateLog() end -------------------
20260908 013308.190 INFO             PET3       >>>MODEL: entered Initialize (phase=IPDvXp07) without valid internal Clock.
20260908 013308.190 INFO             PET3       <<<MODEL: leaving Initialize (phase=IPDvXp07) with current time:    0  1  1  0  0  0   0
20260908 013308.190 INFO             PET3       MODEL: InitializeIPDvXp07 extro {IS}:--- StateLog() start -----------------
20260908 013308.190 INFO             PET3       MODEL: InitializeIPDvXp07 extro {IS}:<name: MODEL-ImportState> <intent: ESMF_STATEINTENT_IMPORT> <itemCount:    0>
20260908 013308.190 INFO             PET3       MODEL: InitializeIPDvXp07 extro {IS}:--- StateLog() end -------------------
20260908 013308.190 INFO             PET3       MODEL: InitializeIPDvXp07 extro {ES}:--- StateLog() start -----------------
20260908 013308.190 INFO             PET3       MODEL: InitializeIPDvXp07 extro {ES}:<name: MODEL-ExportState> <intent: ESMF_STATEINTENT_EXPORT> <itemCount:    2>
20260908 013308.190 INFO             PET3       MODEL: InitializeIPDvXp07 extro {ES}:+-<item: 0001> <itemType: Field> <itemName: pmsl>
20260908 013308.190 INFO             PET3       MODEL: InitializeIPDvXp07 extro {ES}:!--- FieldLog() start -----------------
20260908 013308.190 INFO             PET3       MODEL: InitializeIPDvXp07 extro {ES}:! <name: pmsl> <fieldStatus: ESMF_FIELDSTATUS_COMPLETE>
20260908 013308.190 INFO             PET3       MODEL: InitializeIPDvXp07 extro {ES}:! 0x7ffd1350a8e0 => 0x1aa0770 => 0x1aa09a0
20260908 013308.190 INFO             PET3       MODEL: InitializeIPDvXp07 extro {ES}:! <typekind: Real*8> <rank:    2> <dimCount:    2>
20260908 013308.190 INFO             PET3       MODEL: InitializeIPDvXp07 extro {ES}:! ! --- Array::log() start -----------------------------------
20260908 013308.190 INFO             PET3       MODEL: InitializeIPDvXp07 extro {ES}:! ! 0x1aa15e0
20260908 013308.190 INFO             PET3       MODEL: InitializeIPDvXp07 extro {ES}:! ! <name: pmsl>
20260908 013308.190 INFO             PET3       MODEL: InitializeIPDvXp07 extro {ES}:! ! ! --- DistGrid::log() start --------------------------------
20260908 013308.190 INFO             PET3       MODEL: InitializeIPDvXp07 extro {ES}:! ! ! 0x19d2970
20260908 013308.190 INFO             PET3       MODEL: InitializeIPDvXp07 extro {ES}:! ! ! DistGrid object is valid!<name: DG-Grid004-sloc:0>
20260908 013308.190 INFO             PET3       MODEL: InitializeIPDvXp07 extro {ES}:! ! ! --- DistGrid::log() end ----------------------------------
20260908 013308.190 INFO             PET3       MODEL: InitializeIPDvXp07 extro {ES}:! ! --- Array::log() end -------------------------------------
20260908 013308.190 INFO             PET3       MODEL: InitializeIPDvXp07 extro {ES}:!--- FieldLog() end -------------------
20260908 013308.190 INFO             PET3       MODEL: InitializeIPDvXp07 extro {ES}:+-<item: 0002> <itemType: Field> <itemName: rsns>
20260908 013308.190 INFO             PET3       MODEL: InitializeIPDvXp07 extro {ES}:!--- FieldLog() start -----------------
20260908 013308.190 INFO             PET3       MODEL: InitializeIPDvXp07 extro {ES}:! <name: rsns> <fieldStatus: ESMF_FIELDSTATUS_COMPLETE>
20260908 013308.190 INFO             PET3       MODEL: InitializeIPDvXp07 extro {ES}:! 0x7ffd1350a8e0 => 0x1aa30e0 => 0x1aa3310
20260908 013308.191 INFO             PET3       MODEL: InitializeIPDvXp07 extro {ES}:! <typekind: Real*8> <rank:    2> <dimCount:    2>
20260908 013308.191 INFO             PET3       MODEL: InitializeIPDvXp07 extro {ES}:! ! --- Array::log() start -----------------------------------
20260908 013308.191 INFO             PET3       MODEL: InitializeIPDvXp07 extro {ES}:! ! 0x1aa3e70
20260908 013308.191 INFO             PET3       MODEL: InitializeIPDvXp07 extro {ES}:! ! <name: rsns>
20260908 013308.191 INFO             PET3       MODEL: InitializeIPDvXp07 extro {ES}:! ! ! --- DistGrid::log() start --------------------------------
20260908 013308.191 INFO             PET3       MODEL: InitializeIPDvXp07 extro {ES}:! ! ! 0x19d2970
20260908 013308.191 INFO             PET3       MODEL: InitializeIPDvXp07 extro {ES}:! ! ! DistGrid object is valid!<name: DG-Grid004-sloc:0>
20260908 013308.191 INFO             PET3       MODEL: InitializeIPDvXp07 extro {ES}:! ! ! --- DistGrid::log() end ----------------------------------
20260908 013308.191 INFO             PET3       MODEL: InitializeIPDvXp07 extro {ES}:! ! --- Array::log() end -------------------------------------
20260908 013308.191 INFO             PET3       MODEL: InitializeIPDvXp07 extro {ES}:!--- FieldLog() end -------------------
20260908 013308.191 INFO             PET3       MODEL: InitializeIPDvXp07 extro {ES}:--- StateLog() end -------------------
20260908 013308.191 INFO             PET3     MODEL: InitializeIPDvXp07 extro.
20260908 013308.191 INFO             PET3     <<<driver: leaving Initialize (phase=<none>) with current time:    0  1  1  0  0  0   0
20260908 013308.191 INFO             PET3     driver: InitializeIPDv02p3 extro {IS}:--- StateLog() start -----------------
20260908 013308.191 INFO             PET3     driver: InitializeIPDv02p3 extro {IS}:State object is invalid! Not created or deleted!
20260908 013308.191 INFO             PET3     driver: InitializeIPDv02p3 extro {IS}:--- StateLog() end -------------------
20260908 013308.191 INFO             PET3     driver: InitializeIPDv02p3 extro {ES}:--- StateLog() start -----------------
20260908 013308.191 INFO             PET3     driver: InitializeIPDv02p3 extro {ES}:State object is invalid! Not created or deleted!
20260908 013308.191 INFO             PET3     driver: InitializeIPDv02p3 extro {ES}:--- StateLog() end -------------------
20260908 013308.191 INFO             PET3   driver: InitializeIPDv02p3 extro.
20260908 013308.191 INFO             PET3   driver: InitializeIPDv02p5 intro.
20260908 013308.191 INFO             PET3     driver: InitializeIPDv02p5 intro {IS}:--- StateLog() start -----------------
20260908 013308.191 INFO             PET3     driver: InitializeIPDv02p5 intro {IS}:State object is invalid! Not created or deleted!
20260908 013308.191 INFO             PET3     driver: InitializeIPDv02p5 intro {IS}:--- StateLog() end -------------------
20260908 013308.191 INFO             PET3     driver: InitializeIPDv02p5 intro {ES}:--- StateLog() start -----------------
20260908 013308.191 INFO             PET3     driver: InitializeIPDv02p5 intro {ES}:State object is invalid! Not created or deleted!
20260908 013308.191 INFO             PET3     driver: InitializeIPDv02p5 intro {ES}:--- StateLog() end -------------------
20260908 013308.191 INFO             PET3     >>>driver: entered Initialize (phase=<none>) with current time:    0  1  1  0  0  0   0
20260908 013308.191 INFO             PET3     driver: this is a top level driver, no 'Updated' and 'InitializeDataComplete' info on this level.
20260908 013308.191 INFO             PET3     driver: InitializeIPDv02p5Data intro.
20260908 013308.192 INFO             PET3       driver: InitializeIPDv02p5Data intro {IS}:--- StateLog() start -----------------
20260908 013308.192 INFO             PET3       driver: InitializeIPDv02p5Data intro {IS}:State object is invalid! Not created or deleted!
20260908 013308.192 INFO             PET3       driver: InitializeIPDv02p5Data intro {IS}:--- StateLog() end -------------------
20260908 013308.192 INFO             PET3       driver: InitializeIPDv02p5Data intro {ES}:--- StateLog() start -----------------
20260908 013308.192 INFO             PET3       driver: InitializeIPDv02p5Data intro {ES}:State object is invalid! Not created or deleted!
20260908 013308.192 INFO             PET3       driver: InitializeIPDv02p5Data intro {ES}:--- StateLog() end -------------------
20260908 013308.192 INFO             PET3       >>>driver: entered Initialize (phase=<none>) with current time:    0  1  1  0  0  0   0
20260908 013308.192 INFO             PET3       driver: InternalInitializeComplete intro.
20260908 013308.192 INFO             PET3         driver: InternalInitializeComplete intro {IS}:--- StateLog() start -----------------
20260908 013308.192 INFO             PET3         driver: InternalInitializeComplete intro {IS}:State object is invalid! Not created or deleted!
20260908 013308.192 INFO             PET3         driver: InternalInitializeComplete intro {IS}:--- StateLog() end -------------------
20260908 013308.192 INFO             PET3         driver: InternalInitializeComplete intro {ES}:--- StateLog() start -----------------
20260908 013308.192 INFO             PET3         driver: InternalInitializeComplete intro {ES}:State object is invalid! Not created or deleted!
20260908 013308.192 INFO             PET3         driver: InternalInitializeComplete intro {ES}:--- StateLog() end -------------------
20260908 013308.192 INFO             PET3         >>>driver: entered Initialize (phase=<none>) with current time:    0  1  1  0  0  0   0
20260908 013308.192 INFO             PET3         driver: InitializeDataComplete='true'
20260908 013308.192 INFO             PET3         <<<driver: leaving Initialize (phase=<none>) with current time:    0  1  1  0  0  0   0
20260908 013308.192 INFO             PET3         driver: InternalInitializeComplete extro {IS}:--- StateLog() start -----------------
20260908 013308.192 INFO             PET3         driver: InternalInitializeComplete extro {IS}:State object is invalid! Not created or deleted!
20260908 013308.192 INFO             PET3         driver: InternalInitializeComplete extro {IS}:--- StateLog() end -------------------
20260908 013308.192 INFO             PET3         driver: InternalInitializeComplete extro {ES}:--- StateLog() start -----------------
20260908 013308.192 INFO             PET3         driver: InternalInitializeComplete extro {ES}:State object is invalid! Not created or deleted!
20260908 013308.192 INFO             PET3         driver: InternalInitializeComplete extro {ES}:--- StateLog() end -------------------
20260908 013308.192 INFO             PET3       driver: InternalInitializeComplete extro.
20260908 013308.193 INFO             PET3       MODEL: InitializeIPDvXp08 intro.
20260908 013308.193 INFO             PET3         MODEL: InitializeIPDvXp08 intro {IS}:--- StateLog() start -----------------
20260908 013308.193 INFO             PET3         MODEL: InitializeIPDvXp08 intro {IS}:<name: MODEL-ImportState> <intent: ESMF_STATEINTENT_IMPORT> <itemCount:    0>
20260908 013308.193 INFO             PET3         MODEL: InitializeIPDvXp08 intro {IS}:--- StateLog() end -------------------
20260908 013308.193 INFO             PET3         MODEL: InitializeIPDvXp08 intro {ES}:--- StateLog() start -----------------
20260908 013308.193 INFO             PET3         MODEL: InitializeIPDvXp08 intro {ES}:<name: MODEL-ExportState> <intent: ESMF_STATEINTENT_EXPORT> <itemCount:    2>
20260908 013308.193 INFO             PET3         MODEL: InitializeIPDvXp08 intro {ES}:+-<item: 0001> <itemType: Field> <itemName: pmsl>
20260908 013308.193 INFO             PET3         MODEL: InitializeIPDvXp08 intro {ES}:!--- FieldLog() start -----------------
20260908 013308.193 INFO             PET3         MODEL: InitializeIPDvXp08 intro {ES}:! <name: pmsl> <fieldStatus: ESMF_FIELDSTATUS_COMPLETE>
20260908 013308.193 INFO             PET3         MODEL: InitializeIPDvXp08 intro {ES}:! 0x7ffd13508400 => 0x1aa0770 => 0x1aa09a0
20260908 013308.193 INFO             PET3         MODEL: InitializeIPDvXp08 intro {ES}:! <typekind: Real*8> <rank:    2> <dimCount:    2>
20260908 013308.193 INFO             PET3         MODEL: InitializeIPDvXp08 intro {ES}:! ! --- Array::log() start -----------------------------------
20260908 013308.193 INFO             PET3         MODEL: InitializeIPDvXp08 intro {ES}:! ! 0x1aa15e0
20260908 013308.193 INFO             PET3         MODEL: InitializeIPDvXp08 intro {ES}:! ! <name: pmsl>
20260908 013308.193 INFO             PET3         MODEL: InitializeIPDvXp08 intro {ES}:! ! ! --- DistGrid::log() start --------------------------------
20260908 013308.193 INFO             PET3         MODEL: InitializeIPDvXp08 intro {ES}:! ! ! 0x19d2970
20260908 013308.193 INFO             PET3         MODEL: InitializeIPDvXp08 intro {ES}:! ! ! DistGrid object is valid!<name: DG-Grid004-sloc:0>
20260908 013308.193 INFO             PET3         MODEL: InitializeIPDvXp08 intro {ES}:! ! ! --- DistGrid::log() end ----------------------------------
20260908 013308.193 INFO             PET3         MODEL: InitializeIPDvXp08 intro {ES}:! ! --- Array::log() end -------------------------------------
20260908 013308.193 INFO             PET3         MODEL: InitializeIPDvXp08 intro {ES}:!--- FieldLog() end -------------------
20260908 013308.193 INFO             PET3         MODEL: InitializeIPDvXp08 intro {ES}:+-<item: 0002> <itemType: Field> <itemName: rsns>
20260908 013308.193 INFO             PET3         MODEL: InitializeIPDvXp08 intro {ES}:!--- FieldLog() start -----------------
20260908 013308.193 INFO             PET3         MODEL: InitializeIPDvXp08 intro {ES}:! <name: rsns> <fieldStatus: ESMF_FIELDSTATUS_COMPLETE>
20260908 013308.193 INFO             PET3         MODEL: InitializeIPDvXp08 intro {ES}:! 0x7ffd13508400 => 0x1aa30e0 => 0x1aa3310
20260908 013308.193 INFO             PET3         MODEL: InitializeIPDvXp08 intro {ES}:! <typekind: Real*8> <rank:    2> <dimCount:    2>
20260908 013308.193 INFO             PET3         MODEL: InitializeIPDvXp08 intro {ES}:! ! --- Array::log() start -----------------------------------
20260908 013308.193 INFO             PET3         MODEL: InitializeIPDvXp08 intro {ES}:! ! 0x1aa3e70
20260908 013308.193 INFO             PET3         MODEL: InitializeIPDvXp08 intro {ES}:! ! <name: rsns>
20260908 013308.193 INFO             PET3         MODEL: InitializeIPDvXp08 intro {ES}:! ! ! --- DistGrid::log() start --------------------------------
20260908 013308.193 INFO             PET3         MODEL: InitializeIPDvXp08 intro {ES}:! ! ! 0x19d2970
20260908 013308.193 INFO             PET3         MODEL: InitializeIPDvXp08 intro {ES}:! ! ! DistGrid object is valid!<name: DG-Grid004-sloc:0>
20260908 013308.193 INFO             PET3         MODEL: InitializeIPDvXp08 intro {ES}:! ! ! --- DistGrid::log() end ----------------------------------
20260908 013308.193 INFO             PET3         MODEL: InitializeIPDvXp08 intro {ES}:! ! --- Array::log() end -------------------------------------
20260908 013308.193 INFO             PET3         MODEL: InitializeIPDvXp08 intro {ES}:!--- FieldLog() end -------------------
20260908 013308.193 INFO             PET3         MODEL: InitializeIPDvXp08 intro {ES}:--- StateLog() end -------------------
20260908 013308.193 INFO             PET3         >>>MODEL: entered Initialize (phase=IPDv05p8) with current time:    0  1  1  0  0  0   0
20260908 013308.194 INFO             PET3         MODEL: InitializeDataProgress='false', InitializeDataComplete='false'
20260908 013308.194 INFO             PET3         <<<MODEL: leaving Initialize (phase=IPDv05p8) with current time:    0  1  1  0  0  0   0
20260908 013308.194 INFO             PET3         MODEL: InitializeIPDvXp08 extro {IS}:--- StateLog() start -----------------
20260908 013308.194 INFO             PET3         MODEL: InitializeIPDvXp08 extro {IS}:<name: MODEL-ImportState> <intent: ESMF_STATEINTENT_IMPORT> <itemCount:    0>
20260908 013308.194 INFO             PET3         MODEL: InitializeIPDvXp08 extro {IS}:--- StateLog() end -------------------
20260908 013308.194 INFO             PET3         MODEL: InitializeIPDvXp08 extro {ES}:--- StateLog() start -----------------
20260908 013308.194 INFO             PET3         MODEL: InitializeIPDvXp08 extro {ES}:<name: MODEL-ExportState> <intent: ESMF_STATEINTENT_EXPORT> <itemCount:    2>
20260908 013308.194 INFO             PET3         MODEL: InitializeIPDvXp08 extro {ES}:+-<item: 0001> <itemType: Field> <itemName: pmsl>
20260908 013308.194 INFO             PET3         MODEL: InitializeIPDvXp08 extro {ES}:!--- FieldLog() start -----------------
20260908 013308.194 INFO             PET3         MODEL: InitializeIPDvXp08 extro {ES}:! <name: pmsl> <fieldStatus: ESMF_FIELDSTATUS_COMPLETE>
20260908 013308.194 INFO             PET3         MODEL: InitializeIPDvXp08 extro {ES}:! 0x7ffd13508530 => 0x1aa0770 => 0x1aa09a0
20260908 013308.194 INFO             PET3         MODEL: InitializeIPDvXp08 extro {ES}:! <typekind: Real*8> <rank:    2> <dimCount:    2>
20260908 013308.194 INFO             PET3         MODEL: InitializeIPDvXp08 extro {ES}:! ! --- Array::log() start -----------------------------------
20260908 013308.194 INFO             PET3         MODEL: InitializeIPDvXp08 extro {ES}:! ! 0x1aa15e0
20260908 013308.194 INFO             PET3         MODEL: InitializeIPDvXp08 extro {ES}:! ! <name: pmsl>
20260908 013308.194 INFO             PET3         MODEL: InitializeIPDvXp08 extro {ES}:! ! ! --- DistGrid::log() start --------------------------------
20260908 013308.194 INFO             PET3         MODEL: InitializeIPDvXp08 extro {ES}:! ! ! 0x19d2970
20260908 013308.194 INFO             PET3         MODEL: InitializeIPDvXp08 extro {ES}:! ! ! DistGrid object is valid!<name: DG-Grid004-sloc:0>
20260908 013308.194 INFO             PET3         MODEL: InitializeIPDvXp08 extro {ES}:! ! ! --- DistGrid::log() end ----------------------------------
20260908 013308.194 INFO             PET3         MODEL: InitializeIPDvXp08 extro {ES}:! ! --- Array::log() end -------------------------------------
20260908 013308.194 INFO             PET3         MODEL: InitializeIPDvXp08 extro {ES}:!--- FieldLog() end -------------------
20260908 013308.194 INFO             PET3         MODEL: InitializeIPDvXp08 extro {ES}:+-<item: 0002> <itemType: Field> <itemName: rsns>
20260908 013308.194 INFO             PET3         MODEL: InitializeIPDvXp08 extro {ES}:!--- FieldLog() start -----------------
20260908 013308.194 INFO             PET3         MODEL: InitializeIPDvXp08 extro {ES}:! <name: rsns> <fieldStatus: ESMF_FIELDSTATUS_COMPLETE>
20260908 013308.194 INFO             PET3         MODEL: InitializeIPDvXp08 extro {ES}:! 0x7ffd13508530 => 0x1aa30e0 => 0x1aa3310
20260908 013308.195 INFO             PET3         MODEL: InitializeIPDvXp08 extro {ES}:! <typekind: Real*8> <rank:    2> <dimCount:    2>
20260908 013308.195 INFO             PET3         MODEL: InitializeIPDvXp08 extro {ES}:! ! --- Array::log() start -----------------------------------
20260908 013308.195 INFO             PET3         MODEL: InitializeIPDvXp08 extro {ES}:! ! 0x1aa3e70
20260908 013308.195 INFO             PET3         MODEL: InitializeIPDvXp08 extro {ES}:! ! <name: rsns>
20260908 013308.195 INFO             PET3         MODEL: InitializeIPDvXp08 extro {ES}:! ! ! --- DistGrid::log() start --------------------------------
20260908 013308.195 INFO             PET3         MODEL: InitializeIPDvXp08 extro {ES}:! ! ! 0x19d2970
20260908 013308.195 INFO             PET3         MODEL: InitializeIPDvXp08 extro {ES}:! ! ! DistGrid object is valid!<name: DG-Grid004-sloc:0>
20260908 013308.195 INFO             PET3         MODEL: InitializeIPDvXp08 extro {ES}:! ! ! --- DistGrid::log() end ----------------------------------
20260908 013308.195 INFO             PET3         MODEL: InitializeIPDvXp08 extro {ES}:! ! --- Array::log() end -------------------------------------
20260908 013308.195 INFO             PET3         MODEL: InitializeIPDvXp08 extro {ES}:!--- FieldLog() end -------------------
20260908 013308.195 INFO             PET3         MODEL: InitializeIPDvXp08 extro {ES}:--- StateLog() end -------------------
20260908 013308.195 INFO             PET3       MODEL: InitializeIPDvXp08 extro.
20260908 013308.195 INFO             PET3       driver: components present that trigger loopDataDependentInitialize().
20260908 013308.195 INFO             PET3       driver: loopDataDependentInitialize intro.
20260908 013308.195 INFO             PET3         driver: loopDataDependentInitialize intro {IS}:--- StateLog() start -----------------
20260908 013308.196 INFO             PET3         driver: loopDataDependentInitialize intro {IS}:State object is invalid! Not created or deleted!
20260908 013308.196 INFO             PET3         driver: loopDataDependentInitialize intro {IS}:--- StateLog() end -------------------
20260908 013308.196 INFO             PET3         driver: loopDataDependentInitialize intro {ES}:--- StateLog() start -----------------
20260908 013308.196 INFO             PET3         driver: loopDataDependentInitialize intro {ES}:State object is invalid! Not created or deleted!
20260908 013308.196 INFO             PET3         driver: loopDataDependentInitialize intro {ES}:--- StateLog() end -------------------
20260908 013308.196 INFO             PET3         >>>driver: entered Initialize (phase=<none>) with current time:    0  1  1  0  0  0   0
20260908 013308.196 INFO             PET3         driver: component    0=driver, dataComplete (local): true
20260908 013308.196 INFO             PET3         driver: component    0=driver, dataComplete (global):  T
20260908 013308.196 INFO             PET3         driver: component    1=MODEL, dataComplete (local): false
20260908 013308.196 INFO             PET3         driver: component    1=MODEL, dataComplete (global):  F
20260908 013308.196 INFO             PET3         MODEL: InitializeIPDvXp08 intro.
20260908 013308.196 INFO             PET3           MODEL: InitializeIPDvXp08 intro {IS}:--- StateLog() start -----------------
20260908 013308.196 INFO             PET3           MODEL: InitializeIPDvXp08 intro {IS}:<name: MODEL-ImportState> <intent: ESMF_STATEINTENT_IMPORT> <itemCount:    0>
20260908 013308.196 INFO             PET3           MODEL: InitializeIPDvXp08 intro {IS}:--- StateLog() end -------------------
20260908 013308.196 INFO             PET3           MODEL: InitializeIPDvXp08 intro {ES}:--- StateLog() start -----------------
20260908 013308.196 INFO             PET3           MODEL: InitializeIPDvXp08 intro {ES}:<name: MODEL-ExportState> <intent: ESMF_STATEINTENT_EXPORT> <itemCount:    2>
20260908 013308.196 INFO             PET3           MODEL: InitializeIPDvXp08 intro {ES}:+-<item: 0001> <itemType: Field> <itemName: pmsl>
20260908 013308.196 INFO             PET3           MODEL: InitializeIPDvXp08 intro {ES}:!--- FieldLog() start -----------------
20260908 013308.196 INFO             PET3           MODEL: InitializeIPDvXp08 intro {ES}:! <name: pmsl> <fieldStatus: ESMF_FIELDSTATUS_COMPLETE>
20260908 013308.196 INFO             PET3           MODEL: InitializeIPDvXp08 intro {ES}:! 0x7ffd135009f0 => 0x1aa0770 => 0x1aa09a0
20260908 013308.196 INFO             PET3           MODEL: InitializeIPDvXp08 intro {ES}:! <typekind: Real*8> <rank:    2> <dimCount:    2>
20260908 013308.196 INFO             PET3           MODEL: InitializeIPDvXp08 intro {ES}:! ! --- Array::log() start -----------------------------------
20260908 013308.196 INFO             PET3           MODEL: InitializeIPDvXp08 intro {ES}:! ! 0x1aa15e0
20260908 013308.196 INFO             PET3           MODEL: InitializeIPDvXp08 intro {ES}:! ! <name: pmsl>
20260908 013308.196 INFO             PET3           MODEL: InitializeIPDvXp08 intro {ES}:! ! ! --- DistGrid::log() start --------------------------------
20260908 013308.196 INFO             PET3           MODEL: InitializeIPDvXp08 intro {ES}:! ! ! 0x19d2970
20260908 013308.196 INFO             PET3           MODEL: InitializeIPDvXp08 intro {ES}:! ! ! DistGrid object is valid!<name: DG-Grid004-sloc:0>
20260908 013308.196 INFO             PET3           MODEL: InitializeIPDvXp08 intro {ES}:! ! ! --- DistGrid::log() end ----------------------------------
20260908 013308.196 INFO             PET3           MODEL: InitializeIPDvXp08 intro {ES}:! ! --- Array::log() end -------------------------------------
20260908 013308.196 INFO             PET3           MODEL: InitializeIPDvXp08 intro {ES}:!--- FieldLog() end -------------------
20260908 013308.197 INFO             PET3           MODEL: InitializeIPDvXp08 intro {ES}:+-<item: 0002> <itemType: Field> <itemName: rsns>
20260908 013308.197 INFO             PET3           MODEL: InitializeIPDvXp08 intro {ES}:!--- FieldLog() start -----------------
20260908 013308.197 INFO             PET3           MODEL: InitializeIPDvXp08 intro {ES}:! <name: rsns> <fieldStatus: ESMF_FIELDSTATUS_COMPLETE>
20260908 013308.197 INFO             PET3           MODEL: InitializeIPDvXp08 intro {ES}:! 0x7ffd135009f0 => 0x1aa30e0 => 0x1aa3310
20260908 013308.197 INFO             PET3           MODEL: InitializeIPDvXp08 intro {ES}:! <typekind: Real*8> <rank:    2> <dimCount:    2>
20260908 013308.197 INFO             PET3           MODEL: InitializeIPDvXp08 intro {ES}:! ! --- Array::log() start -----------------------------------
20260908 013308.197 INFO             PET3           MODEL: InitializeIPDvXp08 intro {ES}:! ! 0x1aa3e70
20260908 013308.197 INFO             PET3           MODEL: InitializeIPDvXp08 intro {ES}:! ! <name: rsns>
20260908 013308.197 INFO             PET3           MODEL: InitializeIPDvXp08 intro {ES}:! ! ! --- DistGrid::log() start --------------------------------
20260908 013308.197 INFO             PET3           MODEL: InitializeIPDvXp08 intro {ES}:! ! ! 0x19d2970
20260908 013308.197 INFO             PET3           MODEL: InitializeIPDvXp08 intro {ES}:! ! ! DistGrid object is valid!<name: DG-Grid004-sloc:0>
20260908 013308.197 INFO             PET3           MODEL: InitializeIPDvXp08 intro {ES}:! ! ! --- DistGrid::log() end ----------------------------------
20260908 013308.197 INFO             PET3           MODEL: InitializeIPDvXp08 intro {ES}:! ! --- Array::log() end -------------------------------------
20260908 013308.197 INFO             PET3           MODEL: InitializeIPDvXp08 intro {ES}:!--- FieldLog() end -------------------
20260908 013308.197 INFO             PET3           MODEL: InitializeIPDvXp08 intro {ES}:--- StateLog() end -------------------
20260908 013308.197 INFO             PET3           >>>MODEL: entered Initialize (phase=IPDv05p8) with current time:    0  1  1  0  0  0   0
20260908 013308.197 INFO             PET3           MODEL: InitializeDataProgress='true', InitializeDataComplete='true'
20260908 013308.197 INFO             PET3           <<<MODEL: leaving Initialize (phase=IPDv05p8) with current time:    0  1  1  0  0  0   0
20260908 013308.197 INFO             PET3           MODEL: InitializeIPDvXp08 extro {IS}:--- StateLog() start -----------------
20260908 013308.197 INFO             PET3           MODEL: InitializeIPDvXp08 extro {IS}:<name: MODEL-ImportState> <intent: ESMF_STATEINTENT_IMPORT> <itemCount:    0>
20260908 013308.198 INFO             PET3           MODEL: InitializeIPDvXp08 extro {IS}:--- StateLog() end -------------------
20260908 013308.198 INFO             PET3           MODEL: InitializeIPDvXp08 extro {ES}:--- StateLog() start -----------------
20260908 013308.198 INFO             PET3           MODEL: InitializeIPDvXp08 extro {ES}:<name: MODEL-ExportState> <intent: ESMF_STATEINTENT_EXPORT> <itemCount:    2>
20260908 013308.198 INFO             PET3           MODEL: InitializeIPDvXp08 extro {ES}:+-<item: 0001> <itemType: Field> <itemName: pmsl>
20260908 013308.198 INFO             PET3           MODEL: InitializeIPDvXp08 extro {ES}:!--- FieldLog() start -----------------
20260908 013308.198 INFO             PET3           MODEL: InitializeIPDvXp08 extro {ES}:! <name: pmsl> <fieldStatus: ESMF_FIELDSTATUS_COMPLETE>
20260908 013308.198 INFO             PET3           MODEL: InitializeIPDvXp08 extro {ES}:! 0x7ffd13500b20 => 0x1aa0770 => 0x1aa09a0
20260908 013308.198 INFO             PET3           MODEL: InitializeIPDvXp08 extro {ES}:! <typekind: Real*8> <rank:    2> <dimCount:    2>
20260908 013308.198 INFO             PET3           MODEL: InitializeIPDvXp08 extro {ES}:! ! --- Array::log() start -----------------------------------
20260908 013308.198 INFO             PET3           MODEL: InitializeIPDvXp08 extro {ES}:! ! 0x1aa15e0
20260908 013308.198 INFO             PET3           MODEL: InitializeIPDvXp08 extro {ES}:! ! <name: pmsl>
20260908 013308.198 INFO             PET3           MODEL: InitializeIPDvXp08 extro {ES}:! ! ! --- DistGrid::log() start --------------------------------
20260908 013308.198 INFO             PET3           MODEL: InitializeIPDvXp08 extro {ES}:! ! ! 0x19d2970
20260908 013308.198 INFO             PET3           MODEL: InitializeIPDvXp08 extro {ES}:! ! ! DistGrid object is valid!<name: DG-Grid004-sloc:0>
20260908 013308.198 INFO             PET3           MODEL: InitializeIPDvXp08 extro {ES}:! ! ! --- DistGrid::log() end ----------------------------------
20260908 013308.198 INFO             PET3           MODEL: InitializeIPDvXp08 extro {ES}:! ! --- Array::log() end -------------------------------------
20260908 013308.198 INFO             PET3           MODEL: InitializeIPDvXp08 extro {ES}:!--- FieldLog() end -------------------
20260908 013308.198 INFO             PET3           MODEL: InitializeIPDvXp08 extro {ES}:+-<item: 0002> <itemType: Field> <itemName: rsns>
20260908 013308.198 INFO             PET3           MODEL: InitializeIPDvXp08 extro {ES}:!--- FieldLog() start -----------------
20260908 013308.198 INFO             PET3           MODEL: InitializeIPDvXp08 extro {ES}:! <name: rsns> <fieldStatus: ESMF_FIELDSTATUS_COMPLETE>
20260908 013308.198 INFO             PET3           MODEL: InitializeIPDvXp08 extro {ES}:! 0x7ffd13500b20 => 0x1aa30e0 => 0x1aa3310
20260908 013308.198 INFO             PET3           MODEL: InitializeIPDvXp08 extro {ES}:! <typekind: Real*8> <rank:    2> <dimCount:    2>
20260908 013308.198 INFO             PET3           MODEL: InitializeIPDvXp08 extro {ES}:! ! --- Array::log() start -----------------------------------
20260908 013308.198 INFO             PET3           MODEL: InitializeIPDvXp08 extro {ES}:! ! 0x1aa3e70
20260908 013308.198 INFO             PET3           MODEL: InitializeIPDvXp08 extro {ES}:! ! <name: rsns>
20260908 013308.198 INFO             PET3           MODEL: InitializeIPDvXp08 extro {ES}:! ! ! --- DistGrid::log() start --------------------------------
20260908 013308.198 INFO             PET3           MODEL: InitializeIPDvXp08 extro {ES}:! ! ! 0x19d2970
20260908 013308.198 INFO             PET3           MODEL: InitializeIPDvXp08 extro {ES}:! ! ! DistGrid object is valid!<name: DG-Grid004-sloc:0>
20260908 013308.198 INFO             PET3           MODEL: InitializeIPDvXp08 extro {ES}:! ! ! --- DistGrid::log() end ----------------------------------
20260908 013308.198 INFO             PET3           MODEL: InitializeIPDvXp08 extro {ES}:! ! --- Array::log() end -------------------------------------
20260908 013308.198 INFO             PET3           MODEL: InitializeIPDvXp08 extro {ES}:!--- FieldLog() end -------------------
20260908 013308.198 INFO             PET3           MODEL: InitializeIPDvXp08 extro {ES}:--- StateLog() end -------------------
20260908 013308.198 INFO             PET3         MODEL: InitializeIPDvXp08 extro.
20260908 013308.199 INFO             PET3         driver: component    1=MODEL, someProgress (local): true
20260908 013308.199 INFO             PET3         driver: component    1=MODEL, someProgress (global):  T
20260908 013308.199 INFO             PET3         driver: someProgress= T, allComplete= F, present(dataDepAllComplete)= T
20260908 013308.199 INFO             PET3         driver: component    0=driver, dataComplete (local): true
20260908 013308.199 INFO             PET3         driver: component    0=driver, dataComplete (global):  T
20260908 013308.199 INFO             PET3         driver: component    1=MODEL, dataComplete (local): true
20260908 013308.199 INFO             PET3         driver: component    1=MODEL, dataComplete (global):  T
20260908 013308.199 INFO             PET3         driver: someProgress= F, allComplete= T, present(dataDepAllComplete)= T
20260908 013308.199 INFO             PET3         driver: finished resolving initialize data dependencies on this level.
20260908 013308.199 INFO             PET3         <<<driver: leaving Initialize (phase=<none>) with current time:    0  1  1  0  0  0   0
20260908 013308.199 INFO             PET3         driver: loopDataDependentInitialize extro {IS}:--- StateLog() start -----------------
20260908 013308.199 INFO             PET3         driver: loopDataDependentInitialize extro {IS}:State object is invalid! Not created or deleted!
20260908 013308.199 INFO             PET3         driver: loopDataDependentInitialize extro {IS}:--- StateLog() end -------------------
20260908 013308.199 INFO             PET3         driver: loopDataDependentInitialize extro {ES}:--- StateLog() start -----------------
20260908 013308.199 INFO             PET3         driver: loopDataDependentInitialize extro {ES}:State object is invalid! Not created or deleted!
20260908 013308.199 INFO             PET3         driver: loopDataDependentInitialize extro {ES}:--- StateLog() end -------------------
20260908 013308.199 INFO             PET3       driver: loopDataDependentInitialize extro.
20260908 013308.199 INFO             PET3       driver: loopDataDependentInitialize() returned with dataDepAllComplete:  T
20260908 013308.199 INFO             PET3       <<<driver: leaving Initialize (phase=<none>) with current time:    0  1  1  0  0  0   0
20260908 013308.199 INFO             PET3       driver: InitializeIPDv02p5Data extro {IS}:--- StateLog() start -----------------
20260908 013308.199 INFO             PET3       driver: InitializeIPDv02p5Data extro {IS}:State object is invalid! Not created or deleted!
20260908 013308.199 INFO             PET3       driver: InitializeIPDv02p5Data extro {IS}:--- StateLog() end -------------------
20260908 013308.199 INFO             PET3       driver: InitializeIPDv02p5Data extro {ES}:--- StateLog() start -----------------
20260908 013308.200 INFO             PET3       driver: InitializeIPDv02p5Data extro {ES}:State object is invalid! Not created or deleted!
20260908 013308.200 INFO             PET3       driver: InitializeIPDv02p5Data extro {ES}:--- StateLog() end -------------------
20260908 013308.200 INFO             PET3     driver: InitializeIPDv02p5Data extro.
20260908 013308.200 INFO             PET3     <<<driver: leaving Initialize (phase=<none>) with current time:    0  1  1  0  0  0   0
20260908 013308.200 INFO             PET3     driver: InitializeIPDv02p5 extro {IS}:--- StateLog() start -----------------
20260908 013308.200 INFO             PET3     driver: InitializeIPDv02p5 extro {IS}:State object is invalid! Not created or deleted!
20260908 013308.200 INFO             PET3     driver: InitializeIPDv02p5 extro {IS}:--- StateLog() end -------------------
20260908 013308.200 INFO             PET3     driver: InitializeIPDv02p5 extro {ES}:--- StateLog() start -----------------
20260908 013308.200 INFO             PET3     driver: InitializeIPDv02p5 extro {ES}:State object is invalid! Not created or deleted!
20260908 013308.200 INFO             PET3     driver: InitializeIPDv02p5 extro {ES}:--- StateLog() end -------------------
20260908 013308.200 INFO             PET3   driver: InitializeIPDv02p5 extro.
20260908 013308.200 INFO             PET3   <<<driver: leaving Initialize (phase=<none>) with current time:    0  1  1  0  0  0   0
20260908 013308.200 INFO             PET3   driver: InitializeGeneric extro {IS}:--- StateLog() start -----------------
20260908 013308.200 INFO             PET3   driver: InitializeGeneric extro {IS}:State object is invalid! Not created or deleted!
20260908 013308.200 INFO             PET3   driver: InitializeGeneric extro {IS}:--- StateLog() end -------------------
20260908 013308.200 INFO             PET3   driver: InitializeGeneric extro {ES}:--- StateLog() start -----------------
20260908 013308.200 INFO             PET3   driver: InitializeGeneric extro {ES}:State object is invalid! Not created or deleted!
20260908 013308.200 INFO             PET3   driver: InitializeGeneric extro {ES}:--- StateLog() end -------------------
20260908 013308.200 INFO             PET3 driver: InitializeGeneric extro.
20260908 013308.200 INFO             PET3 driver: Run intro.
20260908 013308.200 INFO             PET3   driver: Run intro {IS}:--- StateLog() start -----------------
20260908 013308.200 INFO             PET3   driver: Run intro {IS}:State object is invalid! Not created or deleted!
20260908 013308.200 INFO             PET3   driver: Run intro {IS}:--- StateLog() end -------------------
20260908 013308.200 INFO             PET3   driver: Run intro {ES}:--- StateLog() start -----------------
20260908 013308.200 INFO             PET3   driver: Run intro {ES}:State object is invalid! Not created or deleted!
20260908 013308.200 INFO             PET3   driver: Run intro {ES}:--- StateLog() end -------------------
20260908 013308.200 INFO             PET3   >>>driver: entered Run (phase=RunPhase1) with current time:    0  1  1  0  0  0   0
20260908 013308.200 INFO             PET3   driver: after lable_SetRunClock, current time:    0  1  1  0  0  0   0
20260908 013308.200 INFO             PET3   driver: begin -------> RunSequence.
20260908 013308.201 INFO             PET3     driver: RunSequence event loopLevel=   1  levelMember=   1  loopIteration=   1, current time:    0  1  1  0  0  0   0
20260908 013308.201 INFO             PET3     MODEL: Run intro.
20260908 013308.201 INFO             PET3       MODEL: Run intro {IS}:--- StateLog() start -----------------
20260908 013308.201 INFO             PET3       MODEL: Run intro {IS}:<name: MODEL-ImportState> <intent: ESMF_STATEINTENT_IMPORT> <itemCount:    0>
20260908 013308.201 INFO             PET3       MODEL: Run intro {IS}:--- StateLog() end -------------------
20260908 013308.201 INFO             PET3       MODEL: Run intro {ES}:--- StateLog() start -----------------
20260908 013308.201 INFO             PET3       MODEL: Run intro {ES}:<name: MODEL-ExportState> <intent: ESMF_STATEINTENT_EXPORT> <itemCount:    2>
20260908 013308.201 INFO             PET3       MODEL: Run intro {ES}:+-<item: 0001> <itemType: Field> <itemName: pmsl>
20260908 013308.201 INFO             PET3       MODEL: Run intro {ES}:!--- FieldLog() start -----------------
20260908 013308.201 INFO             PET3       MODEL: Run intro {ES}:! <name: pmsl> <fieldStatus: ESMF_FIELDSTATUS_COMPLETE>
20260908 013308.201 INFO             PET3       MODEL: Run intro {ES}:! 0x7ffd13509d60 => 0x1aa0770 => 0x1aa09a0
20260908 013308.201 INFO             PET3       MODEL: Run intro {ES}:! <typekind: Real*8> <rank:    2> <dimCount:    2>
20260908 013308.201 INFO             PET3       MODEL: Run intro {ES}:! ! --- Array::log() start -----------------------------------
20260908 013308.201 INFO             PET3       MODEL: Run intro {ES}:! ! 0x1aa15e0
20260908 013308.201 INFO             PET3       MODEL: Run intro {ES}:! ! <name: pmsl>
20260908 013308.201 INFO             PET3       MODEL: Run intro {ES}:! ! ! --- DistGrid::log() start --------------------------------
20260908 013308.201 INFO             PET3       MODEL: Run intro {ES}:! ! ! 0x19d2970
20260908 013308.201 INFO             PET3       MODEL: Run intro {ES}:! ! ! DistGrid object is valid!<name: DG-Grid004-sloc:0>
20260908 013308.201 INFO             PET3       MODEL: Run intro {ES}:! ! ! --- DistGrid::log() end ----------------------------------
20260908 013308.201 INFO             PET3       MODEL: Run intro {ES}:! ! --- Array::log() end -------------------------------------
20260908 013308.201 INFO             PET3       MODEL: Run intro {ES}:!--- FieldLog() end -------------------
20260908 013308.201 INFO             PET3       MODEL: Run intro {ES}:+-<item: 0002> <itemType: Field> <itemName: rsns>
20260908 013308.201 INFO             PET3       MODEL: Run intro {ES}:!--- FieldLog() start -----------------
20260908 013308.201 INFO             PET3       MODEL: Run intro {ES}:! <name: rsns> <fieldStatus: ESMF_FIELDSTATUS_COMPLETE>
20260908 013308.201 INFO             PET3       MODEL: Run intro {ES}:! 0x7ffd13509d60 => 0x1aa30e0 => 0x1aa3310
20260908 013308.201 INFO             PET3       MODEL: Run intro {ES}:! <typekind: Real*8> <rank:    2> <dimCount:    2>
20260908 013308.201 INFO             PET3       MODEL: Run intro {ES}:! ! --- Array::log() start -----------------------------------
20260908 013308.201 INFO             PET3       MODEL: Run intro {ES}:! ! 0x1aa3e70
20260908 013308.201 INFO             PET3       MODEL: Run intro {ES}:! ! <name: rsns>
20260908 013308.201 INFO             PET3       MODEL: Run intro {ES}:! ! ! --- DistGrid::log() start --------------------------------
20260908 013308.201 INFO             PET3       MODEL: Run intro {ES}:! ! ! 0x19d2970
20260908 013308.201 INFO             PET3       MODEL: Run intro {ES}:! ! ! DistGrid object is valid!<name: DG-Grid004-sloc:0>
20260908 013308.201 INFO             PET3       MODEL: Run intro {ES}:! ! ! --- DistGrid::log() end ----------------------------------
20260908 013308.201 INFO             PET3       MODEL: Run intro {ES}:! ! --- Array::log() end -------------------------------------
20260908 013308.201 INFO             PET3       MODEL: Run intro {ES}:!--- FieldLog() end -------------------
20260908 013308.202 INFO             PET3       MODEL: Run intro {ES}:--- StateLog() end -------------------
20260908 013308.202 INFO             PET3       >>>MODEL: entered Run (phase=RunPhase1) with current time:    0  1  1  0  0  0   0
20260908 013308.202 INFO             PET3       MODEL: time step-loop starting, current time:    0  1  1  0  0  0   0
20260908 013308.204 INFO             PET3       thread_num=   1   currentSsiPe=  61   num_threads=   3   max_threads=   3   num_procs=   2
20260908 013308.204 INFO             PET3       thread_num=   0   currentSsiPe=  21   num_threads=   3   max_threads=   3   num_procs=   2
20260908 013308.211 INFO             PET3       thread_num=   2   currentSsiPe=  61   num_threads=   3   max_threads=   3   num_procs=   2
20260908 013308.211 INFO             PET3       ---->Advancing Model from:    0  1  1  0  0  0   0
20260908 013308.211 INFO             PET3       ---------------------> to:    0  1  1  0  0 30   0
20260908 013308.211 INFO             PET3       MODEL: time step-loop ending,   current time:    0  1  1  0  0 30   0
20260908 013308.211 INFO             PET3       <<<MODEL: leaving Run (phase=RunPhase1) with current time:    0  1  1  0  0 30   0
20260908 013308.211 INFO             PET3       MODEL: Run extro {IS}:--- StateLog() start -----------------
20260908 013308.211 INFO             PET3       MODEL: Run extro {IS}:<name: MODEL-ImportState> <intent: ESMF_STATEINTENT_IMPORT> <itemCount:    0>
20260908 013308.211 INFO             PET3       MODEL: Run extro {IS}:--- StateLog() end -------------------
20260908 013308.211 INFO             PET3       MODEL: Run extro {ES}:--- StateLog() start -----------------
20260908 013308.211 INFO             PET3       MODEL: Run extro {ES}:<name: MODEL-ExportState> <intent: ESMF_STATEINTENT_EXPORT> <itemCount:    2>
20260908 013308.211 INFO             PET3       MODEL: Run extro {ES}:+-<item: 0001> <itemType: Field> <itemName: pmsl>
20260908 013308.211 INFO             PET3       MODEL: Run extro {ES}:!--- FieldLog() start -----------------
20260908 013308.211 INFO             PET3       MODEL: Run extro {ES}:! <name: pmsl> <fieldStatus: ESMF_FIELDSTATUS_COMPLETE>
20260908 013308.211 INFO             PET3       MODEL: Run extro {ES}:! 0x7ffd13509e90 => 0x1aa0770 => 0x1aa09a0
20260908 013308.211 INFO             PET3       MODEL: Run extro {ES}:! <typekind: Real*8> <rank:    2> <dimCount:    2>
20260908 013308.211 INFO             PET3       MODEL: Run extro {ES}:! ! --- Array::log() start -----------------------------------
20260908 013308.211 INFO             PET3       MODEL: Run extro {ES}:! ! 0x1aa15e0
20260908 013308.211 INFO             PET3       MODEL: Run extro {ES}:! ! <name: pmsl>
20260908 013308.211 INFO             PET3       MODEL: Run extro {ES}:! ! ! --- DistGrid::log() start --------------------------------
20260908 013308.211 INFO             PET3       MODEL: Run extro {ES}:! ! ! 0x19d2970
20260908 013308.211 INFO             PET3       MODEL: Run extro {ES}:! ! ! DistGrid object is valid!<name: DG-Grid004-sloc:0>
20260908 013308.211 INFO             PET3       MODEL: Run extro {ES}:! ! ! --- DistGrid::log() end ----------------------------------
20260908 013308.211 INFO             PET3       MODEL: Run extro {ES}:! ! --- Array::log() end -------------------------------------
20260908 013308.211 INFO             PET3       MODEL: Run extro {ES}:!--- FieldLog() end -------------------
20260908 013308.211 INFO             PET3       MODEL: Run extro {ES}:+-<item: 0002> <itemType: Field> <itemName: rsns>
20260908 013308.211 INFO             PET3       MODEL: Run extro {ES}:!--- FieldLog() start -----------------
20260908 013308.211 INFO             PET3       MODEL: Run extro {ES}:! <name: rsns> <fieldStatus: ESMF_FIELDSTATUS_COMPLETE>
20260908 013308.211 INFO             PET3       MODEL: Run extro {ES}:! 0x7ffd13509e90 => 0x1aa30e0 => 0x1aa3310
20260908 013308.211 INFO             PET3       MODEL: Run extro {ES}:! <typekind: Real*8> <rank:    2> <dimCount:    2>
20260908 013308.211 INFO             PET3       MODEL: Run extro {ES}:! ! --- Array::log() start -----------------------------------
20260908 013308.211 INFO             PET3       MODEL: Run extro {ES}:! ! 0x1aa3e70
20260908 013308.211 INFO             PET3       MODEL: Run extro {ES}:! ! <name: rsns>
20260908 013308.211 INFO             PET3       MODEL: Run extro {ES}:! ! ! --- DistGrid::log() start --------------------------------
20260908 013308.211 INFO             PET3       MODEL: Run extro {ES}:! ! ! 0x19d2970
20260908 013308.211 INFO             PET3       MODEL: Run extro {ES}:! ! ! DistGrid object is valid!<name: DG-Grid004-sloc:0>
20260908 013308.212 INFO             PET3       MODEL: Run extro {ES}:! ! ! --- DistGrid::log() end ----------------------------------
20260908 013308.212 INFO             PET3       MODEL: Run extro {ES}:! ! --- Array::log() end -------------------------------------
20260908 013308.212 INFO             PET3       MODEL: Run extro {ES}:!--- FieldLog() end -------------------
20260908 013308.212 INFO             PET3       MODEL: Run extro {ES}:--- StateLog() end -------------------
20260908 013308.212 INFO             PET3     MODEL: Run extro.
20260908 013308.212 INFO             PET3     driver: RunSequence event loopLevel=   1  levelMember=   1  loopIteration=   2, current time:    0  1  1  0  0 30   0
20260908 013308.212 INFO             PET3     MODEL: Run intro.
20260908 013308.212 INFO             PET3       MODEL: Run intro {IS}:--- StateLog() start -----------------
20260908 013308.212 INFO             PET3       MODEL: Run intro {IS}:<name: MODEL-ImportState> <intent: ESMF_STATEINTENT_IMPORT> <itemCount:    0>
20260908 013308.212 INFO             PET3       MODEL: Run intro {IS}:--- StateLog() end -------------------
20260908 013308.212 INFO             PET3       MODEL: Run intro {ES}:--- StateLog() start -----------------
20260908 013308.212 INFO             PET3       MODEL: Run intro {ES}:<name: MODEL-ExportState> <intent: ESMF_STATEINTENT_EXPORT> <itemCount:    2>
20260908 013308.212 INFO             PET3       MODEL: Run intro {ES}:+-<item: 0001> <itemType: Field> <itemName: pmsl>
20260908 013308.212 INFO             PET3       MODEL: Run intro {ES}:!--- FieldLog() start -----------------
20260908 013308.212 INFO             PET3       MODEL: Run intro {ES}:! <name: pmsl> <fieldStatus: ESMF_FIELDSTATUS_COMPLETE>
20260908 013308.212 INFO             PET3       MODEL: Run intro {ES}:! 0x7ffd13509d60 => 0x1aa0770 => 0x1aa09a0
20260908 013308.212 INFO             PET3       MODEL: Run intro {ES}:! <typekind: Real*8> <rank:    2> <dimCount:    2>
20260908 013308.212 INFO             PET3       MODEL: Run intro {ES}:! ! --- Array::log() start -----------------------------------
20260908 013308.212 INFO             PET3       MODEL: Run intro {ES}:! ! 0x1aa15e0
20260908 013308.212 INFO             PET3       MODEL: Run intro {ES}:! ! <name: pmsl>
20260908 013308.212 INFO             PET3       MODEL: Run intro {ES}:! ! ! --- DistGrid::log() start --------------------------------
20260908 013308.212 INFO             PET3       MODEL: Run intro {ES}:! ! ! 0x19d2970
20260908 013308.212 INFO             PET3       MODEL: Run intro {ES}:! ! ! DistGrid object is valid!<name: DG-Grid004-sloc:0>
20260908 013308.212 INFO             PET3       MODEL: Run intro {ES}:! ! ! --- DistGrid::log() end ----------------------------------
20260908 013308.212 INFO             PET3       MODEL: Run intro {ES}:! ! --- Array::log() end -------------------------------------
20260908 013308.212 INFO             PET3       MODEL: Run intro {ES}:!--- FieldLog() end -------------------
20260908 013308.212 INFO             PET3       MODEL: Run intro {ES}:+-<item: 0002> <itemType: Field> <itemName: rsns>
20260908 013308.212 INFO             PET3       MODEL: Run intro {ES}:!--- FieldLog() start -----------------
20260908 013308.212 INFO             PET3       MODEL: Run intro {ES}:! <name: rsns> <fieldStatus: ESMF_FIELDSTATUS_COMPLETE>
20260908 013308.212 INFO             PET3       MODEL: Run intro {ES}:! 0x7ffd13509d60 => 0x1aa30e0 => 0x1aa3310
20260908 013308.212 INFO             PET3       MODEL: Run intro {ES}:! <typekind: Real*8> <rank:    2> <dimCount:    2>
20260908 013308.212 INFO             PET3       MODEL: Run intro {ES}:! ! --- Array::log() start -----------------------------------
20260908 013308.212 INFO             PET3       MODEL: Run intro {ES}:! ! 0x1aa3e70
20260908 013308.212 INFO             PET3       MODEL: Run intro {ES}:! ! <name: rsns>
20260908 013308.212 INFO             PET3       MODEL: Run intro {ES}:! ! ! --- DistGrid::log() start --------------------------------
20260908 013308.212 INFO             PET3       MODEL: Run intro {ES}:! ! ! 0x19d2970
20260908 013308.212 INFO             PET3       MODEL: Run intro {ES}:! ! ! DistGrid object is valid!<name: DG-Grid004-sloc:0>
20260908 013308.212 INFO             PET3       MODEL: Run intro {ES}:! ! ! --- DistGrid::log() end ----------------------------------
20260908 013308.212 INFO             PET3       MODEL: Run intro {ES}:! ! --- Array::log() end -------------------------------------
20260908 013308.212 INFO             PET3       MODEL: Run intro {ES}:!--- FieldLog() end -------------------
20260908 013308.212 INFO             PET3       MODEL: Run intro {ES}:--- StateLog() end -------------------
20260908 013308.212 INFO             PET3       >>>MODEL: entered Run (phase=RunPhase1) with current time:    0  1  1  0  0 30   0
20260908 013308.213 INFO             PET3       MODEL: time step-loop starting, current time:    0  1  1  0  0 30   0
20260908 013308.213 INFO             PET3       thread_num=   2   currentSsiPe=  61   num_threads=   3   max_threads=   3   num_procs=   2
20260908 013308.213 INFO             PET3       thread_num=   0   currentSsiPe=  21   num_threads=   3   max_threads=   3   num_procs=   2
20260908 013308.213 INFO             PET3       thread_num=   1   currentSsiPe=  61   num_threads=   3   max_threads=   3   num_procs=   2
20260908 013308.213 INFO             PET3       ---->Advancing Model from:    0  1  1  0  0 30   0
20260908 013308.213 INFO             PET3       ---------------------> to:    0  1  1  0  1  0   0
20260908 013308.213 INFO             PET3       MODEL: time step-loop ending,   current time:    0  1  1  0  1  0   0
20260908 013308.213 INFO             PET3       <<<MODEL: leaving Run (phase=RunPhase1) with current time:    0  1  1  0  1  0   0
20260908 013308.213 INFO             PET3       MODEL: Run extro {IS}:--- StateLog() start -----------------
20260908 013308.213 INFO             PET3       MODEL: Run extro {IS}:<name: MODEL-ImportState> <intent: ESMF_STATEINTENT_IMPORT> <itemCount:    0>
20260908 013308.213 INFO             PET3       MODEL: Run extro {IS}:--- StateLog() end -------------------
20260908 013308.213 INFO             PET3       MODEL: Run extro {ES}:--- StateLog() start -----------------
20260908 013308.213 INFO             PET3       MODEL: Run extro {ES}:<name: MODEL-ExportState> <intent: ESMF_STATEINTENT_EXPORT> <itemCount:    2>
20260908 013308.213 INFO             PET3       MODEL: Run extro {ES}:+-<item: 0001> <itemType: Field> <itemName: pmsl>
20260908 013308.213 INFO             PET3       MODEL: Run extro {ES}:!--- FieldLog() start -----------------
20260908 013308.213 INFO             PET3       MODEL: Run extro {ES}:! <name: pmsl> <fieldStatus: ESMF_FIELDSTATUS_COMPLETE>
20260908 013308.213 INFO             PET3       MODEL: Run extro {ES}:! 0x7ffd13509e90 => 0x1aa0770 => 0x1aa09a0
20260908 013308.213 INFO             PET3       MODEL: Run extro {ES}:! <typekind: Real*8> <rank:    2> <dimCount:    2>
20260908 013308.213 INFO             PET3       MODEL: Run extro {ES}:! ! --- Array::log() start -----------------------------------
20260908 013308.213 INFO             PET3       MODEL: Run extro {ES}:! ! 0x1aa15e0
20260908 013308.213 INFO             PET3       MODEL: Run extro {ES}:! ! <name: pmsl>
20260908 013308.213 INFO             PET3       MODEL: Run extro {ES}:! ! ! --- DistGrid::log() start --------------------------------
20260908 013308.213 INFO             PET3       MODEL: Run extro {ES}:! ! ! 0x19d2970
20260908 013308.213 INFO             PET3       MODEL: Run extro {ES}:! ! ! DistGrid object is valid!<name: DG-Grid004-sloc:0>
20260908 013308.213 INFO             PET3       MODEL: Run extro {ES}:! ! ! --- DistGrid::log() end ----------------------------------
20260908 013308.213 INFO             PET3       MODEL: Run extro {ES}:! ! --- Array::log() end -------------------------------------
20260908 013308.213 INFO             PET3       MODEL: Run extro {ES}:!--- FieldLog() end -------------------
20260908 013308.213 INFO             PET3       MODEL: Run extro {ES}:+-<item: 0002> <itemType: Field> <itemName: rsns>
20260908 013308.213 INFO             PET3       MODEL: Run extro {ES}:!--- FieldLog() start -----------------
20260908 013308.213 INFO             PET3       MODEL: Run extro {ES}:! <name: rsns> <fieldStatus: ESMF_FIELDSTATUS_COMPLETE>
20260908 013308.213 INFO             PET3       MODEL: Run extro {ES}:! 0x7ffd13509e90 => 0x1aa30e0 => 0x1aa3310
20260908 013308.213 INFO             PET3       MODEL: Run extro {ES}:! <typekind: Real*8> <rank:    2> <dimCount:    2>
20260908 013308.213 INFO             PET3       MODEL: Run extro {ES}:! ! --- Array::log() start -----------------------------------
20260908 013308.213 INFO             PET3       MODEL: Run extro {ES}:! ! 0x1aa3e70
20260908 013308.213 INFO             PET3       MODEL: Run extro {ES}:! ! <name: rsns>
20260908 013308.213 INFO             PET3       MODEL: Run extro {ES}:! ! ! --- DistGrid::log() start --------------------------------
20260908 013308.213 INFO             PET3       MODEL: Run extro {ES}:! ! ! 0x19d2970
20260908 013308.213 INFO             PET3       MODEL: Run extro {ES}:! ! ! DistGrid object is valid!<name: DG-Grid004-sloc:0>
20260908 013308.213 INFO             PET3       MODEL: Run extro {ES}:! ! ! --- DistGrid::log() end ----------------------------------
20260908 013308.213 INFO             PET3       MODEL: Run extro {ES}:! ! --- Array::log() end -------------------------------------
20260908 013308.213 INFO             PET3       MODEL: Run extro {ES}:!--- FieldLog() end -------------------
20260908 013308.213 INFO             PET3       MODEL: Run extro {ES}:--- StateLog() end -------------------
20260908 013308.213 INFO             PET3     MODEL: Run extro.
20260908 013308.213 INFO             PET3     driver: RunSequence event loopLevel=   1  levelMember=   1  loopIteration=   3, current time:    0  1  1  0  1  0   0
20260908 013308.213 INFO             PET3     MODEL: Run intro.
20260908 013308.213 INFO             PET3       MODEL: Run intro {IS}:--- StateLog() start -----------------
20260908 013308.213 INFO             PET3       MODEL: Run intro {IS}:<name: MODEL-ImportState> <intent: ESMF_STATEINTENT_IMPORT> <itemCount:    0>
20260908 013308.213 INFO             PET3       MODEL: Run intro {IS}:--- StateLog() end -------------------
20260908 013308.214 INFO             PET3       MODEL: Run intro {ES}:--- StateLog() start -----------------
20260908 013308.214 INFO             PET3       MODEL: Run intro {ES}:<name: MODEL-ExportState> <intent: ESMF_STATEINTENT_EXPORT> <itemCount:    2>
20260908 013308.214 INFO             PET3       MODEL: Run intro {ES}:+-<item: 0001> <itemType: Field> <itemName: pmsl>
20260908 013308.214 INFO             PET3       MODEL: Run intro {ES}:!--- FieldLog() start -----------------
20260908 013308.214 INFO             PET3       MODEL: Run intro {ES}:! <name: pmsl> <fieldStatus: ESMF_FIELDSTATUS_COMPLETE>
20260908 013308.214 INFO             PET3       MODEL: Run intro {ES}:! 0x7ffd13509d60 => 0x1aa0770 => 0x1aa09a0
20260908 013308.214 INFO             PET3       MODEL: Run intro {ES}:! <typekind: Real*8> <rank:    2> <dimCount:    2>
20260908 013308.214 INFO             PET3       MODEL: Run intro {ES}:! ! --- Array::log() start -----------------------------------
20260908 013308.214 INFO             PET3       MODEL: Run intro {ES}:! ! 0x1aa15e0
20260908 013308.214 INFO             PET3       MODEL: Run intro {ES}:! ! <name: pmsl>
20260908 013308.214 INFO             PET3       MODEL: Run intro {ES}:! ! ! --- DistGrid::log() start --------------------------------
20260908 013308.214 INFO             PET3       MODEL: Run intro {ES}:! ! ! 0x19d2970
20260908 013308.214 INFO             PET3       MODEL: Run intro {ES}:! ! ! DistGrid object is valid!<name: DG-Grid004-sloc:0>
20260908 013308.214 INFO             PET3       MODEL: Run intro {ES}:! ! ! --- DistGrid::log() end ----------------------------------
20260908 013308.214 INFO             PET3       MODEL: Run intro {ES}:! ! --- Array::log() end -------------------------------------
20260908 013308.214 INFO             PET3       MODEL: Run intro {ES}:!--- FieldLog() end -------------------
20260908 013308.214 INFO             PET3       MODEL: Run intro {ES}:+-<item: 0002> <itemType: Field> <itemName: rsns>
20260908 013308.214 INFO             PET3       MODEL: Run intro {ES}:!--- FieldLog() start -----------------
20260908 013308.214 INFO             PET3       MODEL: Run intro {ES}:! <name: rsns> <fieldStatus: ESMF_FIELDSTATUS_COMPLETE>
20260908 013308.214 INFO             PET3       MODEL: Run intro {ES}:! 0x7ffd13509d60 => 0x1aa30e0 => 0x1aa3310
20260908 013308.214 INFO             PET3       MODEL: Run intro {ES}:! <typekind: Real*8> <rank:    2> <dimCount:    2>
20260908 013308.214 INFO             PET3       MODEL: Run intro {ES}:! ! --- Array::log() start -----------------------------------
20260908 013308.214 INFO             PET3       MODEL: Run intro {ES}:! ! 0x1aa3e70
20260908 013308.214 INFO             PET3       MODEL: Run intro {ES}:! ! <name: rsns>
20260908 013308.214 INFO             PET3       MODEL: Run intro {ES}:! ! ! --- DistGrid::log() start --------------------------------
20260908 013308.214 INFO             PET3       MODEL: Run intro {ES}:! ! ! 0x19d2970
20260908 013308.214 INFO             PET3       MODEL: Run intro {ES}:! ! ! DistGrid object is valid!<name: DG-Grid004-sloc:0>
20260908 013308.214 INFO             PET3       MODEL: Run intro {ES}:! ! ! --- DistGrid::log() end ----------------------------------
20260908 013308.214 INFO             PET3       MODEL: Run intro {ES}:! ! --- Array::log() end -------------------------------------
20260908 013308.214 INFO             PET3       MODEL: Run intro {ES}:!--- FieldLog() end -------------------
20260908 013308.214 INFO             PET3       MODEL: Run intro {ES}:--- StateLog() end -------------------
20260908 013308.214 INFO             PET3       >>>MODEL: entered Run (phase=RunPhase1) with current time:    0  1  1  0  1  0   0
20260908 013308.214 INFO             PET3       MODEL: time step-loop starting, current time:    0  1  1  0  1  0   0
20260908 013308.214 INFO             PET3       thread_num=   1   currentSsiPe=  61   num_threads=   3   max_threads=   3   num_procs=   2
20260908 013308.214 INFO             PET3       thread_num=   0   currentSsiPe=  21   num_threads=   3   max_threads=   3   num_procs=   2
20260908 013308.214 INFO             PET3       thread_num=   2   currentSsiPe=  61   num_threads=   3   max_threads=   3   num_procs=   2
20260908 013308.214 INFO             PET3       ---->Advancing Model from:    0  1  1  0  1  0   0
20260908 013308.214 INFO             PET3       ---------------------> to:    0  1  1  0  1 30   0
20260908 013308.214 INFO             PET3       MODEL: time step-loop ending,   current time:    0  1  1  0  1 30   0
20260908 013308.214 INFO             PET3       <<<MODEL: leaving Run (phase=RunPhase1) with current time:    0  1  1  0  1 30   0
20260908 013308.214 INFO             PET3       MODEL: Run extro {IS}:--- StateLog() start -----------------
20260908 013308.214 INFO             PET3       MODEL: Run extro {IS}:<name: MODEL-ImportState> <intent: ESMF_STATEINTENT_IMPORT> <itemCount:    0>
20260908 013308.214 INFO             PET3       MODEL: Run extro {IS}:--- StateLog() end -------------------
20260908 013308.214 INFO             PET3       MODEL: Run extro {ES}:--- StateLog() start -----------------
20260908 013308.214 INFO             PET3       MODEL: Run extro {ES}:<name: MODEL-ExportState> <intent: ESMF_STATEINTENT_EXPORT> <itemCount:    2>
20260908 013308.214 INFO             PET3       MODEL: Run extro {ES}:+-<item: 0001> <itemType: Field> <itemName: pmsl>
20260908 013308.214 INFO             PET3       MODEL: Run extro {ES}:!--- FieldLog() start -----------------
20260908 013308.215 INFO             PET3       MODEL: Run extro {ES}:! <name: pmsl> <fieldStatus: ESMF_FIELDSTATUS_COMPLETE>
20260908 013308.215 INFO             PET3       MODEL: Run extro {ES}:! 0x7ffd13509e90 => 0x1aa0770 => 0x1aa09a0
20260908 013308.215 INFO             PET3       MODEL: Run extro {ES}:! <typekind: Real*8> <rank:    2> <dimCount:    2>
20260908 013308.215 INFO             PET3       MODEL: Run extro {ES}:! ! --- Array::log() start -----------------------------------
20260908 013308.215 INFO             PET3       MODEL: Run extro {ES}:! ! 0x1aa15e0
20260908 013308.215 INFO             PET3       MODEL: Run extro {ES}:! ! <name: pmsl>
20260908 013308.215 INFO             PET3       MODEL: Run extro {ES}:! ! ! --- DistGrid::log() start --------------------------------
20260908 013308.215 INFO             PET3       MODEL: Run extro {ES}:! ! ! 0x19d2970
20260908 013308.215 INFO             PET3       MODEL: Run extro {ES}:! ! ! DistGrid object is valid!<name: DG-Grid004-sloc:0>
20260908 013308.215 INFO             PET3       MODEL: Run extro {ES}:! ! ! --- DistGrid::log() end ----------------------------------
20260908 013308.215 INFO             PET3       MODEL: Run extro {ES}:! ! --- Array::log() end -------------------------------------
20260908 013308.215 INFO             PET3       MODEL: Run extro {ES}:!--- FieldLog() end -------------------
20260908 013308.215 INFO             PET3       MODEL: Run extro {ES}:+-<item: 0002> <itemType: Field> <itemName: rsns>
20260908 013308.215 INFO             PET3       MODEL: Run extro {ES}:!--- FieldLog() start -----------------
20260908 013308.215 INFO             PET3       MODEL: Run extro {ES}:! <name: rsns> <fieldStatus: ESMF_FIELDSTATUS_COMPLETE>
20260908 013308.215 INFO             PET3       MODEL: Run extro {ES}:! 0x7ffd13509e90 => 0x1aa30e0 => 0x1aa3310
20260908 013308.215 INFO             PET3       MODEL: Run extro {ES}:! <typekind: Real*8> <rank:    2> <dimCount:    2>
20260908 013308.215 INFO             PET3       MODEL: Run extro {ES}:! ! --- Array::log() start -----------------------------------
20260908 013308.215 INFO             PET3       MODEL: Run extro {ES}:! ! 0x1aa3e70
20260908 013308.215 INFO             PET3       MODEL: Run extro {ES}:! ! <name: rsns>
20260908 013308.215 INFO             PET3       MODEL: Run extro {ES}:! ! ! --- DistGrid::log() start --------------------------------
20260908 013308.215 INFO             PET3       MODEL: Run extro {ES}:! ! ! 0x19d2970
20260908 013308.215 INFO             PET3       MODEL: Run extro {ES}:! ! ! DistGrid object is valid!<name: DG-Grid004-sloc:0>
20260908 013308.215 INFO             PET3       MODEL: Run extro {ES}:! ! ! --- DistGrid::log() end ----------------------------------
20260908 013308.215 INFO             PET3       MODEL: Run extro {ES}:! ! --- Array::log() end -------------------------------------
20260908 013308.215 INFO             PET3       MODEL: Run extro {ES}:!--- FieldLog() end -------------------
20260908 013308.215 INFO             PET3       MODEL: Run extro {ES}:--- StateLog() end -------------------
20260908 013308.215 INFO             PET3     MODEL: Run extro.
20260908 013308.215 INFO             PET3     driver: RunSequence event loopLevel=   1  levelMember=   1  loopIteration=   4, current time:    0  1  1  0  1 30   0
20260908 013308.215 INFO             PET3     MODEL: Run intro.
20260908 013308.215 INFO             PET3       MODEL: Run intro {IS}:--- StateLog() start -----------------
20260908 013308.215 INFO             PET3       MODEL: Run intro {IS}:<name: MODEL-ImportState> <intent: ESMF_STATEINTENT_IMPORT> <itemCount:    0>
20260908 013308.215 INFO             PET3       MODEL: Run intro {IS}:--- StateLog() end -------------------
20260908 013308.215 INFO             PET3       MODEL: Run intro {ES}:--- StateLog() start -----------------
20260908 013308.215 INFO             PET3       MODEL: Run intro {ES}:<name: MODEL-ExportState> <intent: ESMF_STATEINTENT_EXPORT> <itemCount:    2>
20260908 013308.215 INFO             PET3       MODEL: Run intro {ES}:+-<item: 0001> <itemType: Field> <itemName: pmsl>
20260908 013308.215 INFO             PET3       MODEL: Run intro {ES}:!--- FieldLog() start -----------------
20260908 013308.215 INFO             PET3       MODEL: Run intro {ES}:! <name: pmsl> <fieldStatus: ESMF_FIELDSTATUS_COMPLETE>
20260908 013308.215 INFO             PET3       MODEL: Run intro {ES}:! 0x7ffd13509d60 => 0x1aa0770 => 0x1aa09a0
20260908 013308.215 INFO             PET3       MODEL: Run intro {ES}:! <typekind: Real*8> <rank:    2> <dimCount:    2>
20260908 013308.215 INFO             PET3       MODEL: Run intro {ES}:! ! --- Array::log() start -----------------------------------
20260908 013308.215 INFO             PET3       MODEL: Run intro {ES}:! ! 0x1aa15e0
20260908 013308.215 INFO             PET3       MODEL: Run intro {ES}:! ! <name: pmsl>
20260908 013308.215 INFO             PET3       MODEL: Run intro {ES}:! ! ! --- DistGrid::log() start --------------------------------
20260908 013308.215 INFO             PET3       MODEL: Run intro {ES}:! ! ! 0x19d2970
20260908 013308.216 INFO             PET3       MODEL: Run intro {ES}:! ! ! DistGrid object is valid!<name: DG-Grid004-sloc:0>
20260908 013308.216 INFO             PET3       MODEL: Run intro {ES}:! ! ! --- DistGrid::log() end ----------------------------------
20260908 013308.216 INFO             PET3       MODEL: Run intro {ES}:! ! --- Array::log() end -------------------------------------
20260908 013308.216 INFO             PET3       MODEL: Run intro {ES}:!--- FieldLog() end -------------------
20260908 013308.216 INFO             PET3       MODEL: Run intro {ES}:+-<item: 0002> <itemType: Field> <itemName: rsns>
20260908 013308.216 INFO             PET3       MODEL: Run intro {ES}:!--- FieldLog() start -----------------
20260908 013308.216 INFO             PET3       MODEL: Run intro {ES}:! <name: rsns> <fieldStatus: ESMF_FIELDSTATUS_COMPLETE>
20260908 013308.216 INFO             PET3       MODEL: Run intro {ES}:! 0x7ffd13509d60 => 0x1aa30e0 => 0x1aa3310
20260908 013308.216 INFO             PET3       MODEL: Run intro {ES}:! <typekind: Real*8> <rank:    2> <dimCount:    2>
20260908 013308.216 INFO             PET3       MODEL: Run intro {ES}:! ! --- Array::log() start -----------------------------------
20260908 013308.216 INFO             PET3       MODEL: Run intro {ES}:! ! 0x1aa3e70
20260908 013308.216 INFO             PET3       MODEL: Run intro {ES}:! ! <name: rsns>
20260908 013308.216 INFO             PET3       MODEL: Run intro {ES}:! ! ! --- DistGrid::log() start --------------------------------
20260908 013308.216 INFO             PET3       MODEL: Run intro {ES}:! ! ! 0x19d2970
20260908 013308.216 INFO             PET3       MODEL: Run intro {ES}:! ! ! DistGrid object is valid!<name: DG-Grid004-sloc:0>
20260908 013308.216 INFO             PET3       MODEL: Run intro {ES}:! ! ! --- DistGrid::log() end ----------------------------------
20260908 013308.216 INFO             PET3       MODEL: Run intro {ES}:! ! --- Array::log() end -------------------------------------
20260908 013308.216 INFO             PET3       MODEL: Run intro {ES}:!--- FieldLog() end -------------------
20260908 013308.216 INFO             PET3       MODEL: Run intro {ES}:--- StateLog() end -------------------
20260908 013308.216 INFO             PET3       >>>MODEL: entered Run (phase=RunPhase1) with current time:    0  1  1  0  1 30   0
20260908 013308.216 INFO             PET3       MODEL: time step-loop starting, current time:    0  1  1  0  1 30   0
20260908 013308.216 INFO             PET3       thread_num=   2   currentSsiPe=  61   num_threads=   3   max_threads=   3   num_procs=   2
20260908 013308.216 INFO             PET3       thread_num=   1   currentSsiPe=  61   num_threads=   3   max_threads=   3   num_procs=   2
20260908 013308.216 INFO             PET3       thread_num=   0   currentSsiPe=  21   num_threads=   3   max_threads=   3   num_procs=   2
20260908 013308.216 INFO             PET3       ---->Advancing Model from:    0  1  1  0  1 30   0
20260908 013308.216 INFO             PET3       ---------------------> to:    0  1  1  0  2  0   0
20260908 013308.216 INFO             PET3       MODEL: time step-loop ending,   current time:    0  1  1  0  2  0   0
20260908 013308.216 INFO             PET3       <<<MODEL: leaving Run (phase=RunPhase1) with current time:    0  1  1  0  2  0   0
20260908 013308.216 INFO             PET3       MODEL: Run extro {IS}:--- StateLog() start -----------------
20260908 013308.216 INFO             PET3       MODEL: Run extro {IS}:<name: MODEL-ImportState> <intent: ESMF_STATEINTENT_IMPORT> <itemCount:    0>
20260908 013308.216 INFO             PET3       MODEL: Run extro {IS}:--- StateLog() end -------------------
20260908 013308.216 INFO             PET3       MODEL: Run extro {ES}:--- StateLog() start -----------------
20260908 013308.216 INFO             PET3       MODEL: Run extro {ES}:<name: MODEL-ExportState> <intent: ESMF_STATEINTENT_EXPORT> <itemCount:    2>
20260908 013308.216 INFO             PET3       MODEL: Run extro {ES}:+-<item: 0001> <itemType: Field> <itemName: pmsl>
20260908 013308.216 INFO             PET3       MODEL: Run extro {ES}:!--- FieldLog() start -----------------
20260908 013308.216 INFO             PET3       MODEL: Run extro {ES}:! <name: pmsl> <fieldStatus: ESMF_FIELDSTATUS_COMPLETE>
20260908 013308.216 INFO             PET3       MODEL: Run extro {ES}:! 0x7ffd13509e90 => 0x1aa0770 => 0x1aa09a0
20260908 013308.216 INFO             PET3       MODEL: Run extro {ES}:! <typekind: Real*8> <rank:    2> <dimCount:    2>
20260908 013308.216 INFO             PET3       MODEL: Run extro {ES}:! ! --- Array::log() start -----------------------------------
20260908 013308.216 INFO             PET3       MODEL: Run extro {ES}:! ! 0x1aa15e0
20260908 013308.216 INFO             PET3       MODEL: Run extro {ES}:! ! <name: pmsl>
20260908 013308.216 INFO             PET3       MODEL: Run extro {ES}:! ! ! --- DistGrid::log() start --------------------------------
20260908 013308.216 INFO             PET3       MODEL: Run extro {ES}:! ! ! 0x19d2970
20260908 013308.216 INFO             PET3       MODEL: Run extro {ES}:! ! ! DistGrid object is valid!<name: DG-Grid004-sloc:0>
20260908 013308.216 INFO             PET3       MODEL: Run extro {ES}:! ! ! --- DistGrid::log() end ----------------------------------
20260908 013308.216 INFO             PET3       MODEL: Run extro {ES}:! ! --- Array::log() end -------------------------------------
20260908 013308.216 INFO             PET3       MODEL: Run extro {ES}:!--- FieldLog() end -------------------
20260908 013308.216 INFO             PET3       MODEL: Run extro {ES}:+-<item: 0002> <itemType: Field> <itemName: rsns>
20260908 013308.216 INFO             PET3       MODEL: Run extro {ES}:!--- FieldLog() start -----------------
20260908 013308.217 INFO             PET3       MODEL: Run extro {ES}:! <name: rsns> <fieldStatus: ESMF_FIELDSTATUS_COMPLETE>
20260908 013308.217 INFO             PET3       MODEL: Run extro {ES}:! 0x7ffd13509e90 => 0x1aa30e0 => 0x1aa3310
20260908 013308.217 INFO             PET3       MODEL: Run extro {ES}:! <typekind: Real*8> <rank:    2> <dimCount:    2>
20260908 013308.217 INFO             PET3       MODEL: Run extro {ES}:! ! --- Array::log() start -----------------------------------
20260908 013308.217 INFO             PET3       MODEL: Run extro {ES}:! ! 0x1aa3e70
20260908 013308.217 INFO             PET3       MODEL: Run extro {ES}:! ! <name: rsns>
20260908 013308.217 INFO             PET3       MODEL: Run extro {ES}:! ! ! --- DistGrid::log() start --------------------------------
20260908 013308.217 INFO             PET3       MODEL: Run extro {ES}:! ! ! 0x19d2970
20260908 013308.217 INFO             PET3       MODEL: Run extro {ES}:! ! ! DistGrid object is valid!<name: DG-Grid004-sloc:0>
20260908 013308.217 INFO             PET3       MODEL: Run extro {ES}:! ! ! --- DistGrid::log() end ----------------------------------
20260908 013308.217 INFO             PET3       MODEL: Run extro {ES}:! ! --- Array::log() end -------------------------------------
20260908 013308.217 INFO             PET3       MODEL: Run extro {ES}:!--- FieldLog() end -------------------
20260908 013308.217 INFO             PET3       MODEL: Run extro {ES}:--- StateLog() end -------------------
20260908 013308.217 INFO             PET3     MODEL: Run extro.
20260908 013308.217 INFO             PET3     driver: RunSequence event loopLevel=   1  levelMember=   1  loopIteration=   5, current time:    0  1  1  0  2  0   0
20260908 013308.217 INFO             PET3     MODEL: Run intro.
20260908 013308.217 INFO             PET3       MODEL: Run intro {IS}:--- StateLog() start -----------------
20260908 013308.217 INFO             PET3       MODEL: Run intro {IS}:<name: MODEL-ImportState> <intent: ESMF_STATEINTENT_IMPORT> <itemCount:    0>
20260908 013308.217 INFO             PET3       MODEL: Run intro {IS}:--- StateLog() end -------------------
20260908 013308.217 INFO             PET3       MODEL: Run intro {ES}:--- StateLog() start -----------------
20260908 013308.217 INFO             PET3       MODEL: Run intro {ES}:<name: MODEL-ExportState> <intent: ESMF_STATEINTENT_EXPORT> <itemCount:    2>
20260908 013308.217 INFO             PET3       MODEL: Run intro {ES}:+-<item: 0001> <itemType: Field> <itemName: pmsl>
20260908 013308.217 INFO             PET3       MODEL: Run intro {ES}:!--- FieldLog() start -----------------
20260908 013308.217 INFO             PET3       MODEL: Run intro {ES}:! <name: pmsl> <fieldStatus: ESMF_FIELDSTATUS_COMPLETE>
20260908 013308.217 INFO             PET3       MODEL: Run intro {ES}:! 0x7ffd13509d60 => 0x1aa0770 => 0x1aa09a0
20260908 013308.217 INFO             PET3       MODEL: Run intro {ES}:! <typekind: Real*8> <rank:    2> <dimCount:    2>
20260908 013308.217 INFO             PET3       MODEL: Run intro {ES}:! ! --- Array::log() start -----------------------------------
20260908 013308.217 INFO             PET3       MODEL: Run intro {ES}:! ! 0x1aa15e0
20260908 013308.217 INFO             PET3       MODEL: Run intro {ES}:! ! <name: pmsl>
20260908 013308.217 INFO             PET3       MODEL: Run intro {ES}:! ! ! --- DistGrid::log() start --------------------------------
20260908 013308.217 INFO             PET3       MODEL: Run intro {ES}:! ! ! 0x19d2970
20260908 013308.217 INFO             PET3       MODEL: Run intro {ES}:! ! ! DistGrid object is valid!<name: DG-Grid004-sloc:0>
20260908 013308.217 INFO             PET3       MODEL: Run intro {ES}:! ! ! --- DistGrid::log() end ----------------------------------
20260908 013308.217 INFO             PET3       MODEL: Run intro {ES}:! ! --- Array::log() end -------------------------------------
20260908 013308.217 INFO             PET3       MODEL: Run intro {ES}:!--- FieldLog() end -------------------
20260908 013308.217 INFO             PET3       MODEL: Run intro {ES}:+-<item: 0002> <itemType: Field> <itemName: rsns>
20260908 013308.217 INFO             PET3       MODEL: Run intro {ES}:!--- FieldLog() start -----------------
20260908 013308.217 INFO             PET3       MODEL: Run intro {ES}:! <name: rsns> <fieldStatus: ESMF_FIELDSTATUS_COMPLETE>
20260908 013308.217 INFO             PET3       MODEL: Run intro {ES}:! 0x7ffd13509d60 => 0x1aa30e0 => 0x1aa3310
20260908 013308.217 INFO             PET3       MODEL: Run intro {ES}:! <typekind: Real*8> <rank:    2> <dimCount:    2>
20260908 013308.217 INFO             PET3       MODEL: Run intro {ES}:! ! --- Array::log() start -----------------------------------
20260908 013308.217 INFO             PET3       MODEL: Run intro {ES}:! ! 0x1aa3e70
20260908 013308.217 INFO             PET3       MODEL: Run intro {ES}:! ! <name: rsns>
20260908 013308.217 INFO             PET3       MODEL: Run intro {ES}:! ! ! --- DistGrid::log() start --------------------------------
20260908 013308.217 INFO             PET3       MODEL: Run intro {ES}:! ! ! 0x19d2970
20260908 013308.217 INFO             PET3       MODEL: Run intro {ES}:! ! ! DistGrid object is valid!<name: DG-Grid004-sloc:0>
20260908 013308.217 INFO             PET3       MODEL: Run intro {ES}:! ! ! --- DistGrid::log() end ----------------------------------
20260908 013308.217 INFO             PET3       MODEL: Run intro {ES}:! ! --- Array::log() end -------------------------------------
20260908 013308.217 INFO             PET3       MODEL: Run intro {ES}:!--- FieldLog() end -------------------
20260908 013308.218 INFO             PET3       MODEL: Run intro {ES}:--- StateLog() end -------------------
20260908 013308.218 INFO             PET3       >>>MODEL: entered Run (phase=RunPhase1) with current time:    0  1  1  0  2  0   0
20260908 013308.218 INFO             PET3       MODEL: time step-loop starting, current time:    0  1  1  0  2  0   0
20260908 013308.218 INFO             PET3       thread_num=   2   currentSsiPe=  61   num_threads=   3   max_threads=   3   num_procs=   2
20260908 013308.218 INFO             PET3       thread_num=   1   currentSsiPe=  61   num_threads=   3   max_threads=   3   num_procs=   2
20260908 013308.218 INFO             PET3       thread_num=   0   currentSsiPe=  21   num_threads=   3   max_threads=   3   num_procs=   2
20260908 013308.218 INFO             PET3       ---->Advancing Model from:    0  1  1  0  2  0   0
20260908 013308.218 INFO             PET3       ---------------------> to:    0  1  1  0  2 30   0
20260908 013308.218 INFO             PET3       MODEL: time step-loop ending,   current time:    0  1  1  0  2 30   0
20260908 013308.218 INFO             PET3       <<<MODEL: leaving Run (phase=RunPhase1) with current time:    0  1  1  0  2 30   0
20260908 013308.218 INFO             PET3       MODEL: Run extro {IS}:--- StateLog() start -----------------
20260908 013308.218 INFO             PET3       MODEL: Run extro {IS}:<name: MODEL-ImportState> <intent: ESMF_STATEINTENT_IMPORT> <itemCount:    0>
20260908 013308.218 INFO             PET3       MODEL: Run extro {IS}:--- StateLog() end -------------------
20260908 013308.218 INFO             PET3       MODEL: Run extro {ES}:--- StateLog() start -----------------
20260908 013308.218 INFO             PET3       MODEL: Run extro {ES}:<name: MODEL-ExportState> <intent: ESMF_STATEINTENT_EXPORT> <itemCount:    2>
20260908 013308.218 INFO             PET3       MODEL: Run extro {ES}:+-<item: 0001> <itemType: Field> <itemName: pmsl>
20260908 013308.218 INFO             PET3       MODEL: Run extro {ES}:!--- FieldLog() start -----------------
20260908 013308.218 INFO             PET3       MODEL: Run extro {ES}:! <name: pmsl> <fieldStatus: ESMF_FIELDSTATUS_COMPLETE>
20260908 013308.218 INFO             PET3       MODEL: Run extro {ES}:! 0x7ffd13509e90 => 0x1aa0770 => 0x1aa09a0
20260908 013308.218 INFO             PET3       MODEL: Run extro {ES}:! <typekind: Real*8> <rank:    2> <dimCount:    2>
20260908 013308.218 INFO             PET3       MODEL: Run extro {ES}:! ! --- Array::log() start -----------------------------------
20260908 013308.218 INFO             PET3       MODEL: Run extro {ES}:! ! 0x1aa15e0
20260908 013308.218 INFO             PET3       MODEL: Run extro {ES}:! ! <name: pmsl>
20260908 013308.218 INFO             PET3       MODEL: Run extro {ES}:! ! ! --- DistGrid::log() start --------------------------------
20260908 013308.218 INFO             PET3       MODEL: Run extro {ES}:! ! ! 0x19d2970
20260908 013308.218 INFO             PET3       MODEL: Run extro {ES}:! ! ! DistGrid object is valid!<name: DG-Grid004-sloc:0>
20260908 013308.218 INFO             PET3       MODEL: Run extro {ES}:! ! ! --- DistGrid::log() end ----------------------------------
20260908 013308.218 INFO             PET3       MODEL: Run extro {ES}:! ! --- Array::log() end -------------------------------------
20260908 013308.218 INFO             PET3       MODEL: Run extro {ES}:!--- FieldLog() end -------------------
20260908 013308.218 INFO             PET3       MODEL: Run extro {ES}:+-<item: 0002> <itemType: Field> <itemName: rsns>
20260908 013308.218 INFO             PET3       MODEL: Run extro {ES}:!--- FieldLog() start -----------------
20260908 013308.218 INFO             PET3       MODEL: Run extro {ES}:! <name: rsns> <fieldStatus: ESMF_FIELDSTATUS_COMPLETE>
20260908 013308.218 INFO             PET3       MODEL: Run extro {ES}:! 0x7ffd13509e90 => 0x1aa30e0 => 0x1aa3310
20260908 013308.218 INFO             PET3       MODEL: Run extro {ES}:! <typekind: Real*8> <rank:    2> <dimCount:    2>
20260908 013308.218 INFO             PET3       MODEL: Run extro {ES}:! ! --- Array::log() start -----------------------------------
20260908 013308.218 INFO             PET3       MODEL: Run extro {ES}:! ! 0x1aa3e70
20260908 013308.218 INFO             PET3       MODEL: Run extro {ES}:! ! <name: rsns>
20260908 013308.218 INFO             PET3       MODEL: Run extro {ES}:! ! ! --- DistGrid::log() start --------------------------------
20260908 013308.218 INFO             PET3       MODEL: Run extro {ES}:! ! ! 0x19d2970
20260908 013308.218 INFO             PET3       MODEL: Run extro {ES}:! ! ! DistGrid object is valid!<name: DG-Grid004-sloc:0>
20260908 013308.218 INFO             PET3       MODEL: Run extro {ES}:! ! ! --- DistGrid::log() end ----------------------------------
20260908 013308.218 INFO             PET3       MODEL: Run extro {ES}:! ! --- Array::log() end -------------------------------------
20260908 013308.218 INFO             PET3       MODEL: Run extro {ES}:!--- FieldLog() end -------------------
20260908 013308.218 INFO             PET3       MODEL: Run extro {ES}:--- StateLog() end -------------------
20260908 013308.218 INFO             PET3     MODEL: Run extro.
20260908 013308.218 INFO             PET3   driver: end <--------- RunSequence
20260908 013308.218 INFO             PET3   <<<driver: leaving Run (phase=RunPhase1) with current time:    0  1  1  0  2 30   0
20260908 013308.218 INFO             PET3   driver: Run extro {IS}:--- StateLog() start -----------------
20260908 013308.218 INFO             PET3   driver: Run extro {IS}:State object is invalid! Not created or deleted!
20260908 013308.218 INFO             PET3   driver: Run extro {IS}:--- StateLog() end -------------------
20260908 013308.219 INFO             PET3   driver: Run extro {ES}:--- StateLog() start -----------------
20260908 013308.219 INFO             PET3   driver: Run extro {ES}:State object is invalid! Not created or deleted!
20260908 013308.219 INFO             PET3   driver: Run extro {ES}:--- StateLog() end -------------------
20260908 013308.219 INFO             PET3 driver: Run extro.
20260908 013308.219 INFO             PET3 driver: Finalize intro.
20260908 013308.219 INFO             PET3   driver: Finalize intro {IS}:--- StateLog() start -----------------
20260908 013308.219 INFO             PET3   driver: Finalize intro {IS}:State object is invalid! Not created or deleted!
20260908 013308.219 INFO             PET3   driver: Finalize intro {IS}:--- StateLog() end -------------------
20260908 013308.219 INFO             PET3   driver: Finalize intro {ES}:--- StateLog() start -----------------
20260908 013308.219 INFO             PET3   driver: Finalize intro {ES}:State object is invalid! Not created or deleted!
20260908 013308.219 INFO             PET3   driver: Finalize intro {ES}:--- StateLog() end -------------------
20260908 013308.219 INFO             PET3   >>>driver: entered Finalize (phase=FinalizePhase1) with current time:    0  1  1  0  2 30   0
20260908 013308.219 INFO             PET3   Calling Finalize phase 1 for modelComp: MODEL
20260908 013308.219 INFO             PET3   MODEL: Finalize intro.
20260908 013308.219 INFO             PET3     MODEL: Finalize intro {IS}:--- StateLog() start -----------------
20260908 013308.219 INFO             PET3     MODEL: Finalize intro {IS}:<name: MODEL-ImportState> <intent: ESMF_STATEINTENT_IMPORT> <itemCount:    0>
20260908 013308.219 INFO             PET3     MODEL: Finalize intro {IS}:--- StateLog() end -------------------
20260908 013308.219 INFO             PET3     MODEL: Finalize intro {ES}:--- StateLog() start -----------------
20260908 013308.219 INFO             PET3     MODEL: Finalize intro {ES}:<name: MODEL-ExportState> <intent: ESMF_STATEINTENT_EXPORT> <itemCount:    2>
20260908 013308.219 INFO             PET3     MODEL: Finalize intro {ES}:+-<item: 0001> <itemType: Field> <itemName: pmsl>
20260908 013308.219 INFO             PET3     MODEL: Finalize intro {ES}:!--- FieldLog() start -----------------
20260908 013308.219 INFO             PET3     MODEL: Finalize intro {ES}:! <name: pmsl> <fieldStatus: ESMF_FIELDSTATUS_COMPLETE>
20260908 013308.219 INFO             PET3     MODEL: Finalize intro {ES}:! 0x7ffd1350ceb0 => 0x1aa0770 => 0x1aa09a0
20260908 013308.219 INFO             PET3     MODEL: Finalize intro {ES}:! <typekind: Real*8> <rank:    2> <dimCount:    2>
20260908 013308.219 INFO             PET3     MODEL: Finalize intro {ES}:! ! --- Array::log() start -----------------------------------
20260908 013308.219 INFO             PET3     MODEL: Finalize intro {ES}:! ! 0x1aa15e0
20260908 013308.219 INFO             PET3     MODEL: Finalize intro {ES}:! ! <name: pmsl>
20260908 013308.219 INFO             PET3     MODEL: Finalize intro {ES}:! ! ! --- DistGrid::log() start --------------------------------
20260908 013308.219 INFO             PET3     MODEL: Finalize intro {ES}:! ! ! 0x19d2970
20260908 013308.219 INFO             PET3     MODEL: Finalize intro {ES}:! ! ! DistGrid object is valid!<name: DG-Grid004-sloc:0>
20260908 013308.219 INFO             PET3     MODEL: Finalize intro {ES}:! ! ! --- DistGrid::log() end ----------------------------------
20260908 013308.219 INFO             PET3     MODEL: Finalize intro {ES}:! ! --- Array::log() end -------------------------------------
20260908 013308.219 INFO             PET3     MODEL: Finalize intro {ES}:!--- FieldLog() end -------------------
20260908 013308.219 INFO             PET3     MODEL: Finalize intro {ES}:+-<item: 0002> <itemType: Field> <itemName: rsns>
20260908 013308.219 INFO             PET3     MODEL: Finalize intro {ES}:!--- FieldLog() start -----------------
20260908 013308.219 INFO             PET3     MODEL: Finalize intro {ES}:! <name: rsns> <fieldStatus: ESMF_FIELDSTATUS_COMPLETE>
20260908 013308.219 INFO             PET3     MODEL: Finalize intro {ES}:! 0x7ffd1350ceb0 => 0x1aa30e0 => 0x1aa3310
20260908 013308.219 INFO             PET3     MODEL: Finalize intro {ES}:! <typekind: Real*8> <rank:    2> <dimCount:    2>
20260908 013308.219 INFO             PET3     MODEL: Finalize intro {ES}:! ! --- Array::log() start -----------------------------------
20260908 013308.219 INFO             PET3     MODEL: Finalize intro {ES}:! ! 0x1aa3e70
20260908 013308.220 INFO             PET3     MODEL: Finalize intro {ES}:! ! <name: rsns>
20260908 013308.220 INFO             PET3     MODEL: Finalize intro {ES}:! ! ! --- DistGrid::log() start --------------------------------
20260908 013308.220 INFO             PET3     MODEL: Finalize intro {ES}:! ! ! 0x19d2970
20260908 013308.220 INFO             PET3     MODEL: Finalize intro {ES}:! ! ! DistGrid object is valid!<name: DG-Grid004-sloc:0>
20260908 013308.220 INFO             PET3     MODEL: Finalize intro {ES}:! ! ! --- DistGrid::log() end ----------------------------------
20260908 013308.220 INFO             PET3     MODEL: Finalize intro {ES}:! ! --- Array::log() end -------------------------------------
20260908 013308.220 INFO             PET3     MODEL: Finalize intro {ES}:!--- FieldLog() end -------------------
20260908 013308.220 INFO             PET3     MODEL: Finalize intro {ES}:--- StateLog() end -------------------
20260908 013308.220 INFO             PET3     >>>MODEL: entered Finalize (phase=FinalizePhase1) with current time:    0  1  1  0  2 30   0
20260908 013308.220 INFO             PET3     <<<MODEL: leaving Finalize (phase=FinalizePhase1) with current time:    0  1  1  0  2 30   0
20260908 013308.220 INFO             PET3   MODEL: Finalize extro.
20260908 013308.220 INFO             PET3   Delete modelComp: MODEL
20260908 013308.220 INFO             PET3   Delete Import-/Export State for modelComp: MODEL
20260908 013308.220 INFO             PET3   <<<driver: leaving Finalize (phase=FinalizePhase1) with current time:    0  1  1  0  2 30   0
20260908 013308.220 INFO             PET3 driver: Finalize extro.
20260908 013308.220 INFO             PET3 mainApp FINISHED
20260908 013308.220 INFO             PET3  Finalizing ESMF
