2026-09-14 07:44:06
20260914 093731.059 INFO             PET0 !!!!!!!!!!!!!!!!!!!!!!!!!!!!!!!!!!!!!!!!!!!!!!!!!!!!!!
20260914 093731.059 INFO             PET0 !!! THE ESMF_LOG IS SET TO OUTPUT ALL LOG MESSAGES !!!
20260914 093731.059 INFO             PET0 !!!     THIS MAY CAUSE SLOWDOWN IN PERFORMANCE     !!!
20260914 093731.059 INFO             PET0 !!! FOR PRODUCTION RUNS, USE:                      !!!
20260914 093731.060 INFO             PET0 !!!                   ESMF_LOGKIND_Multi_On_Error  !!!
20260914 093731.060 INFO             PET0 !!!!!!!!!!!!!!!!!!!!!!!!!!!!!!!!!!!!!!!!!!!!!!!!!!!!!!
20260914 093731.060 INFO             PET0 Running with ESMF Version   : v9.0.0b18
20260914 093731.060 INFO             PET0 ESMF library build date/time: "Sep 14 2026" "07:39:54"
20260914 093731.060 INFO             PET0 ESMF library build location : /scratch3/NCEPDEV/stmp/Gerhard.Theurich/ESMF-Nightly-Testing-Hera/nvhpc_24.1_openmpi_g_develop/esmf
20260914 093731.060 INFO             PET0 ESMF_COMM                   : openmpi
20260914 093731.061 INFO             PET0 ESMF_MOAB                   : enabled
20260914 093731.061 INFO             PET0 ESMF_LAPACK                 : enabled
20260914 093731.061 INFO             PET0 ESMF_NETCDF                 : disabled
20260914 093731.061 INFO             PET0 ESMF_PNETCDF                : disabled
20260914 093731.061 INFO             PET0 ESMF_PIO                    : disabled
20260914 093731.061 INFO             PET0 ESMF_YAMLCPP                : enabled
20260914 093731.064 INFO             PET0 externalApp STARTING
20260914 093731.205 INFO             PET0 ESMX_Driver - Creating model component ATM with petList of size 2 :
20260914 093731.205 INFO             PET0       0      1
20260914 093731.205 DEBUG            PET0 Generic SetVM() is executing for: ATM
20260914 093731.205 DEBUG            PET0 Generic SetVM() found no NUOPC Hint for: ATM
20260914 093731.205 DEBUG            PET0 Generic SetVM() therefore is NOT calling ESMF_GridCompSetVMMaxPEs() for: ATM
20260914 093731.246 INFO             PET0 ESMX_Driver - Creating model component OCN with petList of size 2 :
20260914 093731.246 INFO             PET0       2      3
20260914 093731.246 DEBUG            PET0 Generic SetVM() is executing for: OCN
20260914 093731.247 DEBUG            PET0 Generic SetVM() found no NUOPC Hint for: OCN
20260914 093731.247 DEBUG            PET0 Generic SetVM() therefore is NOT calling ESMF_GridCompSetVMMaxPEs() for: OCN
20260914 093731.252 INFO             PET0 ESMX_Driver - Creating connector component ESMX_Driver-TO-ATM without petList.
20260914 093731.296 INFO             PET0 ESMX_Driver - Creating connector component ESMX_Driver-TO-OCN without petList.
20260914 093731.316 INFO             PET0 ESMX_Driver - Creating connector component ATM-TO-ESMX_Driver without petList.
20260914 093731.338 INFO             PET0 ESMX_Driver - Creating connector component OCN-TO-ESMX_Driver without petList.
20260914 093731.362 INFO             PET0 ATM: InitializeP0 intro.
20260914 093731.363 INFO             PET0   >>>ATM: entered Initialize (phase=<none>) without valid internal Clock.
20260914 093731.369 INFO             PET0   <<<ATM: leaving Initialize (phase=<none>) without valid internal Clock.
20260914 093731.369 INFO             PET0 ATM: InitializeP0 extro.
20260914 093731.379 INFO             PET0 ESMX_Driver-TO-ATM: InitializeP0 intro.
20260914 093731.381 INFO             PET0 ESMX_Driver-TO-ATM: InitializeP0 extro.
20260914 093731.383 INFO             PET0 ESMX_Driver-TO-OCN: InitializeP0 intro.
20260914 093731.385 INFO             PET0 ESMX_Driver-TO-OCN: InitializeP0 extro.
20260914 093731.387 INFO             PET0 ATM-TO-ESMX_Driver: InitializeP0 intro.
20260914 093731.389 INFO             PET0 ATM-TO-ESMX_Driver: InitializeP0 extro.
20260914 093731.391 INFO             PET0 OCN-TO-ESMX_Driver: InitializeP0 intro.
20260914 093731.393 INFO             PET0 OCN-TO-ESMX_Driver: InitializeP0 extro.
20260914 093731.403 INFO             PET0 ESMX_Driver - Creating connector component ATM-TO-OCN with petList of size 4 :
20260914 093731.403 INFO             PET0       0      1      2      3
20260914 093731.426 INFO             PET0 ESMX_Driver - Setting Verbosity on created component to: low
20260914 093731.427 INFO             PET0 ESMX_Driver - Setting Profiling on created component to:          0
20260914 093731.427 INFO             PET0 ESMX_Driver - Creating connector component OCN-TO-ATM with petList of size 4 :
20260914 093731.427 INFO             PET0       2      3      0      1
20260914 093731.451 INFO             PET0 ESMX_Driver - Setting Verbosity on created component to: low
20260914 093731.451 INFO             PET0 ESMX_Driver - Setting Profiling on created component to:          0
20260914 093731.459 INFO             PET0 ESMX_Driver: IInitAdvertise intro.
20260914 093731.461 INFO             PET0   >>>ESMX_Driver: entered Initialize (phase=<none>) with current time: 2010  6  1  0  0  0   0
20260914 093731.461 INFO             PET0   <<<ESMX_Driver: leaving Initialize (phase=<none>) with current time: 2010  6  1  0  0  0   0
20260914 093731.461 INFO             PET0 ESMX_Driver: IInitAdvertise extro.
20260914 093731.462 INFO             PET0 ATM: InitializeIPDvXp01 intro.
20260914 093731.463 INFO             PET0   >>>ATM: entered Initialize (phase=IPDvXp01) without valid internal Clock.
20260914 093731.476 INFO             PET0   <<<ATM: leaving Initialize (phase=IPDvXp01) without valid internal Clock.
20260914 093731.476 INFO             PET0 ATM: InitializeIPDvXp01 extro.
20260914 093731.484 INFO             PET0 ATM-TO-ESMX_Driver: InitializeIPDv05p1 intro.
20260914 093731.499 INFO             PET0 ATM-TO-ESMX_Driver: InitializeIPDv05p1 extro.
20260914 093731.500 INFO             PET0 ATM-TO-OCN: InitializeIPDv05p1 intro.
20260914 093731.519 INFO             PET0 ATM-TO-OCN: InitializeIPDv05p1 extro.
20260914 093731.520 INFO             PET0 OCN-TO-ESMX_Driver: InitializeIPDv05p1 intro.
20260914 093731.529 INFO             PET0 OCN-TO-ESMX_Driver: InitializeIPDv05p1 extro.
20260914 093731.529 INFO             PET0 OCN-TO-ATM: InitializeIPDv05p1 intro.
20260914 093731.542 INFO             PET0 OCN-TO-ATM: InitializeIPDv05p1 extro.
20260914 093731.543 INFO             PET0 ESMX_Driver-TO-ATM: InitializeIPDv05p1 intro.
20260914 093731.550 INFO             PET0 ESMX_Driver-TO-ATM: InitializeIPDv05p1 extro.
20260914 093731.550 INFO             PET0 ESMX_Driver-TO-OCN: InitializeIPDv05p1 intro.
20260914 093731.562 INFO             PET0 ESMX_Driver-TO-OCN: InitializeIPDv05p1 extro.
20260914 093731.563 INFO             PET0 ESMX_Driver: IInitAdvertiseFinish intro.
20260914 093731.563 INFO             PET0   >>>ESMX_Driver: entered Initialize (phase=<none>) with current time: 2010  6  1  0  0  0   0
20260914 093731.564 INFO             PET0   <<<ESMX_Driver: leaving Initialize (phase=<none>) with current time: 2010  6  1  0  0  0   0
20260914 093731.564 INFO             PET0 ESMX_Driver: IInitAdvertiseFinish extro.
20260914 093731.564 INFO             PET0 ATM-TO-ESMX_Driver: InitializeIPDv05p2a intro.
20260914 093731.575 INFO             PET0 ATM-TO-ESMX_Driver: InitializeIPDv05p2a extro.
20260914 093731.576 INFO             PET0 ATM-TO-OCN: InitializeIPDv05p2a intro.
20260914 093731.595 INFO             PET0 ATM-TO-OCN: InitializeIPDv05p2a extro.
20260914 093731.595 INFO             PET0 OCN-TO-ESMX_Driver: InitializeIPDv05p2a intro.
20260914 093731.605 INFO             PET0 OCN-TO-ESMX_Driver: InitializeIPDv05p2a extro.
20260914 093731.606 INFO             PET0 OCN-TO-ATM: InitializeIPDv05p2a intro.
20260914 093731.619 INFO             PET0 OCN-TO-ATM: InitializeIPDv05p2a extro.
20260914 093731.619 INFO             PET0 ESMX_Driver-TO-ATM: InitializeIPDv05p2a intro.
20260914 093731.626 INFO             PET0 ESMX_Driver-TO-ATM: InitializeIPDv05p2a extro.
20260914 093731.627 INFO             PET0 ESMX_Driver-TO-OCN: InitializeIPDv05p2a intro.
20260914 093731.639 INFO             PET0 ESMX_Driver-TO-OCN: InitializeIPDv05p2a extro.
20260914 093731.639 INFO             PET0 ATM-TO-ESMX_Driver: InitializeIPDv05p2b intro.
20260914 093731.649 INFO             PET0 ATM-TO-ESMX_Driver: InitializeIPDv05p2b extro.
20260914 093731.650 INFO             PET0 ATM-TO-OCN: InitializeIPDv05p2b intro.
20260914 093731.669 INFO             PET0 ATM-TO-OCN: InitializeIPDv05p2b extro.
20260914 093731.670 INFO             PET0 OCN-TO-ESMX_Driver: InitializeIPDv05p2b intro.
20260914 093731.679 INFO             PET0 OCN-TO-ESMX_Driver: InitializeIPDv05p2b extro.
20260914 093731.680 INFO             PET0 OCN-TO-ATM: InitializeIPDv05p2b intro.
20260914 093731.694 INFO             PET0 OCN-TO-ATM: InitializeIPDv05p2b extro.
20260914 093731.694 INFO             PET0 ESMX_Driver-TO-ATM: InitializeIPDv05p2b intro.
20260914 093731.701 INFO             PET0 ESMX_Driver-TO-ATM: InitializeIPDv05p2b extro.
20260914 093731.702 INFO             PET0 ESMX_Driver-TO-OCN: InitializeIPDv05p2b intro.
20260914 093731.714 INFO             PET0 ESMX_Driver-TO-OCN: InitializeIPDv05p2b extro.
20260914 093731.715 INFO             PET0 ESMX_Driver: IInitModifyCplLists intro.
20260914 093731.715 INFO             PET0   >>>ESMX_Driver: entered Initialize (phase=<none>) with current time: 2010  6  1  0  0  0   0
20260914 093731.719 INFO             PET0   <<<ESMX_Driver: leaving Initialize (phase=<none>) with current time: 2010  6  1  0  0  0   0
20260914 093731.719 INFO             PET0 ESMX_Driver: IInitModifyCplLists extro.
20260914 093731.720 INFO             PET0 ATM-TO-ESMX_Driver: InitializeIPDv05p3 intro.
20260914 093731.731 INFO             PET0 ATM-TO-ESMX_Driver: InitializeIPDv05p3 extro.
20260914 093731.732 INFO             PET0 ATM-TO-OCN: InitializeIPDv05p3 intro.
20260914 093731.752 INFO             PET0 ATM-TO-OCN: InitializeIPDv05p3 extro.
20260914 093731.753 INFO             PET0 OCN-TO-ESMX_Driver: InitializeIPDv05p3 intro.
20260914 093731.764 INFO             PET0 OCN-TO-ESMX_Driver: InitializeIPDv05p3 extro.
20260914 093731.764 INFO             PET0 OCN-TO-ATM: InitializeIPDv05p3 intro.
20260914 093731.779 INFO             PET0 OCN-TO-ATM: InitializeIPDv05p3 extro.
20260914 093731.780 INFO             PET0 ESMX_Driver-TO-ATM: InitializeIPDv05p3 intro.
20260914 093731.787 INFO             PET0 ESMX_Driver-TO-ATM: InitializeIPDv05p3 extro.
20260914 093731.787 INFO             PET0 ESMX_Driver-TO-OCN: InitializeIPDv05p3 intro.
20260914 093731.800 INFO             PET0 ESMX_Driver-TO-OCN: InitializeIPDv05p3 extro.
20260914 093731.801 INFO             PET0 ESMX_Driver: InitializeIPDv02p3 intro.
20260914 093731.801 INFO             PET0   >>>ESMX_Driver: entered Initialize (phase=ExternalRealize) with current time: 2010  6  1  0  0  0   0
20260914 093731.802 INFO             PET0   ESMX_Driver: IInitCheck intro.
20260914 093731.802 INFO             PET0     >>>ESMX_Driver: entered Initialize (phase=<none>) with current time: 2010  6  1  0  0  0   0
20260914 093731.805 INFO             PET0     <<<ESMX_Driver: leaving Initialize (phase=<none>) with current time: 2010  6  1  0  0  0   0
20260914 093731.805 INFO             PET0   ESMX_Driver: IInitCheck extro.
20260914 093731.806 INFO             PET0   ATM: InitializeIPDvXp04 intro.
20260914 093731.806 INFO             PET0     >>>ATM: entered Initialize (phase=IPDvXp04) without valid internal Clock.
20260914 093732.018 INFO             PET0     <<<ATM: leaving Initialize (phase=IPDvXp04) without valid internal Clock.
20260914 093732.018 INFO             PET0   ATM: InitializeIPDvXp04 extro.
20260914 093732.148 INFO             PET0   ATM-TO-ESMX_Driver: InitializeIPDv05p4 intro.
20260914 093732.172 INFO             PET0   ATM-TO-ESMX_Driver: InitializeIPDv05p4 extro.
20260914 093732.173 INFO             PET0   ATM-TO-OCN: InitializeIPDv05p4 intro.
20260914 093732.211 INFO             PET0   ATM-TO-OCN: InitializeIPDv05p4 extro.
20260914 093732.211 INFO             PET0   OCN-TO-ESMX_Driver: InitializeIPDv05p4 intro.
20260914 093732.232 INFO             PET0   OCN-TO-ESMX_Driver: InitializeIPDv05p4 extro.
20260914 093732.233 INFO             PET0   OCN-TO-ATM: InitializeIPDv05p4 intro.
20260914 093732.260 INFO             PET0   OCN-TO-ATM: InitializeIPDv05p4 extro.
20260914 093732.260 INFO             PET0   ESMX_Driver-TO-ATM: InitializeIPDv05p4 intro.
20260914 093732.274 INFO             PET0   ESMX_Driver-TO-ATM: InitializeIPDv05p4 extro.
20260914 093732.274 INFO             PET0   ESMX_Driver-TO-OCN: InitializeIPDv05p4 intro.
20260914 093732.300 INFO             PET0   ESMX_Driver-TO-OCN: InitializeIPDv05p4 extro.
20260914 093732.300 INFO             PET0   ATM-TO-ESMX_Driver: InitializeIPDv05p5 intro.
20260914 093732.401 INFO             PET0   ATM-TO-ESMX_Driver: InitializeIPDv05p5 extro.
20260914 093732.402 INFO             PET0   ATM-TO-OCN: InitializeIPDv05p5 intro.
20260914 093732.439 INFO             PET0   ATM-TO-OCN: InitializeIPDv05p5 extro.
20260914 093732.440 INFO             PET0   OCN-TO-ESMX_Driver: InitializeIPDv05p5 intro.
20260914 093732.557 INFO             PET0   OCN-TO-ESMX_Driver: InitializeIPDv05p5 extro.
20260914 093732.558 INFO             PET0   OCN-TO-ATM: InitializeIPDv05p5 intro.
20260914 093732.585 INFO             PET0   OCN-TO-ATM: InitializeIPDv05p5 extro.
20260914 093732.585 INFO             PET0   ESMX_Driver-TO-ATM: InitializeIPDv05p5 intro.
20260914 093732.599 INFO             PET0   ESMX_Driver-TO-ATM: InitializeIPDv05p5 extro.
20260914 093732.600 INFO             PET0   ESMX_Driver-TO-OCN: InitializeIPDv05p5 intro.
20260914 093732.625 INFO             PET0   ESMX_Driver-TO-OCN: InitializeIPDv05p5 extro.
20260914 093732.626 INFO             PET0   ESMX_Driver: IInitRealize intro.
20260914 093732.626 INFO             PET0     >>>ESMX_Driver: entered Initialize (phase=<none>) with current time: 2010  6  1  0  0  0   0
20260914 093732.628 INFO             PET0     <<<ESMX_Driver: leaving Initialize (phase=<none>) with current time: 2010  6  1  0  0  0   0
20260914 093732.628 INFO             PET0   ESMX_Driver: IInitRealize extro.
20260914 093732.629 INFO             PET0   ATM-TO-ESMX_Driver: InitializeIPDv05p6a intro.
20260914 093732.647 INFO             PET0   ATM-TO-ESMX_Driver: InitializeIPDv05p6a extro.
20260914 093732.648 INFO             PET0   ATM-TO-OCN: InitializeIPDv05p6a intro.
20260914 093732.685 INFO             PET0   ATM-TO-OCN: InitializeIPDv05p6a extro.
20260914 093732.685 INFO             PET0   OCN-TO-ESMX_Driver: InitializeIPDv05p6a intro.
20260914 093732.704 INFO             PET0   OCN-TO-ESMX_Driver: InitializeIPDv05p6a extro.
20260914 093732.705 INFO             PET0   OCN-TO-ATM: InitializeIPDv05p6a intro.
20260914 093732.731 INFO             PET0   OCN-TO-ATM: InitializeIPDv05p6a extro.
20260914 093732.731 INFO             PET0   ESMX_Driver-TO-ATM: InitializeIPDv05p6a intro.
20260914 093732.745 INFO             PET0   ESMX_Driver-TO-ATM: InitializeIPDv05p6a extro.
20260914 093732.745 INFO             PET0   ESMX_Driver-TO-OCN: InitializeIPDv05p6a intro.
20260914 093732.771 INFO             PET0   ESMX_Driver-TO-OCN: InitializeIPDv05p6a extro.
20260914 093732.771 INFO             PET0   ATM-TO-ESMX_Driver: InitializeIPDv05p6b intro.
20260914 093732.804 INFO             PET0   ATM-TO-ESMX_Driver: InitializeIPDv05p6b extro.
20260914 093732.805 INFO             PET0   ATM-TO-OCN: InitializeIPDv05p6b intro.
20260914 093733.472 INFO             PET0   ATM-TO-OCN: InitializeIPDv05p6b extro.
20260914 093733.473 INFO             PET0   OCN-TO-ESMX_Driver: InitializeIPDv05p6b intro.
20260914 093733.520 INFO             PET0   OCN-TO-ESMX_Driver: InitializeIPDv05p6b extro.
20260914 093733.521 INFO             PET0   OCN-TO-ATM: InitializeIPDv05p6b intro.
20260914 093734.066 INFO             PET0   OCN-TO-ATM: InitializeIPDv05p6b extro.
20260914 093734.066 INFO             PET0   ESMX_Driver-TO-ATM: InitializeIPDv05p6b intro.
20260914 093734.067 INFO             PET0   ESMX_Driver-TO-ATM: InitializeIPDv05p6b extro.
20260914 093734.068 INFO             PET0   ESMX_Driver-TO-OCN: InitializeIPDv05p6b intro.
20260914 093734.069 INFO             PET0   ESMX_Driver-TO-OCN: InitializeIPDv05p6b extro.
20260914 093734.070 INFO             PET0   ATM: InitializeIPDvXp07 intro.
20260914 093734.070 INFO             PET0     >>>ATM: entered Initialize (phase=IPDvXp07) without valid internal Clock.
20260914 093734.071 INFO             PET0     <<<ATM: leaving Initialize (phase=IPDvXp07) with current time: 2010  6  1  0  0  0   0
20260914 093734.071 INFO             PET0   ATM: InitializeIPDvXp07 extro.
20260914 093734.072 INFO             PET0   <<<ESMX_Driver: leaving Initialize (phase=ExternalRealize) with current time: 2010  6  1  0  0  0   0
20260914 093734.072 INFO             PET0 ESMX_Driver: InitializeIPDv02p3 extro.
20260914 093734.073 INFO             PET0 ESMX_Driver: InitializeIPDv02p5 intro.
20260914 093734.073 INFO             PET0   >>>ESMX_Driver: entered Initialize (phase=ExternalDataInitialize) with current time: 2010  6  1  0  0  0   0
20260914 093734.074 INFO             PET0   ESMX_Driver: InitializeIPDv02p5Data intro.
20260914 093734.074 INFO             PET0     >>>ESMX_Driver: entered Initialize (phase=ExternalDataInitialize) with current time: 2010  6  1  0  0  0   0
20260914 093734.075 INFO             PET0     ESMX_Driver: InternalInitializeComplete intro.
20260914 093734.075 INFO             PET0       >>>ESMX_Driver: entered Initialize (phase=<none>) with current time: 2010  6  1  0  0  0   0
20260914 093734.075 INFO             PET0       <<<ESMX_Driver: leaving Initialize (phase=<none>) with current time: 2010  6  1  0  0  0   0
20260914 093734.075 INFO             PET0     ESMX_Driver: InternalInitializeComplete extro.
20260914 093734.076 INFO             PET0     ATM: InitializeIPDv01p5 intro.
20260914 093734.076 INFO             PET0       >>>ATM: entered Initialize (phase=IPDvXp08) with current time: 2010  6  1  0  0  0   0
20260914 093734.077 INFO             PET0       <<<ATM: leaving Initialize (phase=IPDvXp08) with current time: 2010  6  1  0  0  0   0
20260914 093734.077 INFO             PET0     ATM: InitializeIPDv01p5 extro.
20260914 093734.083 INFO             PET0     ESMX_Driver: loopDataDependentInitialize intro.
20260914 093734.083 INFO             PET0       >>>ESMX_Driver: entered Initialize (phase=ExternalDataInitialize) with current time: 2010  6  1  0  0  0   0
20260914 093734.084 INFO             PET0       ATM-TO-ESMX_Driver: Run intro.
20260914 093734.084 INFO             PET0         >>>ATM-TO-ESMX_Driver entered Run (phase=RunPhase1)
20260914 093734.085 INFO             PET0         <<<ATM-TO-ESMX_Driver leaving Run (phase=RunPhase1)
20260914 093734.085 INFO             PET0       ATM-TO-ESMX_Driver: Run extro.
20260914 093734.085 INFO             PET0       OCN-TO-ESMX_Driver: Run intro.
20260914 093734.085 INFO             PET0         >>>OCN-TO-ESMX_Driver entered Run (phase=RunPhase1)
20260914 093734.085 INFO             PET0         <<<OCN-TO-ESMX_Driver leaving Run (phase=RunPhase1)
20260914 093734.086 INFO             PET0       OCN-TO-ESMX_Driver: Run extro.
20260914 093734.086 INFO             PET0       ESMX_Driver: InternalInitializeComplete intro.
20260914 093734.086 INFO             PET0         >>>ESMX_Driver: entered Initialize (phase=<none>) with current time: 2010  6  1  0  0  0   0
20260914 093734.087 INFO             PET0         <<<ESMX_Driver: leaving Initialize (phase=<none>) with current time: 2010  6  1  0  0  0   0
20260914 093734.087 INFO             PET0       ESMX_Driver: InternalInitializeComplete extro.
20260914 093734.087 INFO             PET0       <<<ESMX_Driver: leaving Initialize (phase=ExternalDataInitialize) with current time: 2010  6  1  0  0  0   0
20260914 093734.087 INFO             PET0     ESMX_Driver: loopDataDependentInitialize extro.
20260914 093734.088 INFO             PET0     <<<ESMX_Driver: leaving Initialize (phase=ExternalDataInitialize) with current time: 2010  6  1  0  0  0   0
20260914 093734.088 INFO             PET0   ESMX_Driver: InitializeIPDv02p5Data extro.
20260914 093734.088 INFO             PET0   <<<ESMX_Driver: leaving Initialize (phase=ExternalDataInitialize) with current time: 2010  6  1  0  0  0   0
20260914 093734.088 INFO             PET0 ESMX_Driver: InitializeIPDv02p5 extro.
20260914 093734.089 INFO             PET0 ESMX_Driver: Run intro.
20260914 093734.090 INFO             PET0   >>>ESMX_Driver: entered Run (phase=RunPhase1) with current time: 2010  6  1  0  0  0   0
20260914 093734.090 INFO             PET0   ESMX_Driver-TO-ATM: Run intro.
20260914 093734.090 INFO             PET0     >>>ESMX_Driver-TO-ATM entered Run (phase=RunPhase1)
20260914 093734.090 INFO             PET0     <<<ESMX_Driver-TO-ATM leaving Run (phase=RunPhase1)
20260914 093734.090 INFO             PET0   ESMX_Driver-TO-ATM: Run extro.
20260914 093734.091 INFO             PET0   ESMX_Driver-TO-OCN: Run intro.
20260914 093734.091 INFO             PET0     >>>ESMX_Driver-TO-OCN entered Run (phase=RunPhase1)
20260914 093734.091 INFO             PET0     <<<ESMX_Driver-TO-OCN leaving Run (phase=RunPhase1)
20260914 093734.091 INFO             PET0   ESMX_Driver-TO-OCN: Run extro.
20260914 093734.092 INFO             PET0   ATM-TO-OCN: Run intro.
20260914 093734.092 INFO             PET0     >>>ATM-TO-OCN entered Run (phase=RunPhase1)
20260914 093734.093 INFO             PET0     <<<ATM-TO-OCN leaving Run (phase=RunPhase1)
20260914 093734.093 INFO             PET0   ATM-TO-OCN: Run extro.
20260914 093734.093 INFO             PET0   OCN-TO-ATM: Run intro.
20260914 093734.093 INFO             PET0     >>>OCN-TO-ATM entered Run (phase=RunPhase1)
20260914 093734.094 INFO             PET0     <<<OCN-TO-ATM leaving Run (phase=RunPhase1)
20260914 093734.094 INFO             PET0   OCN-TO-ATM: Run extro.
20260914 093734.095 INFO             PET0   ATM: Run intro.
20260914 093734.095 INFO             PET0     >>>ATM: entered Run (phase=RunPhase1) with current time: 2010  6  1  0  0  0   0
20260914 093734.095 INFO             PET0     TAWAS Advance(): --- VMK::log() start -------------------------------------
20260914 093734.095 INFO             PET0     TAWAS Advance(): vm located at: 0xc37790
20260914 093734.095 INFO             PET0     TAWAS Advance(): mpionly=1 threadsflag=0
20260914 093734.095 INFO             PET0     TAWAS Advance(): ssiCount=1 localSsi=0
20260914 093734.095 INFO             PET0     TAWAS Advance(): devCount=0 ssiLocalDevCount=0
20260914 093734.095 INFO             PET0     TAWAS Advance(): petCount=2 ssiLocalPetCount=2
20260914 093734.095 INFO             PET0     TAWAS Advance(): localPet=0 mypthid=22500068012288 ssiLocalPet=0 currentSsiPe=0
20260914 093734.096 INFO             PET0     TAWAS Advance(): Current system level affinity pinning for local PET:
20260914 093734.096 INFO             PET0     TAWAS Advance():  SSIPE=0
20260914 093734.096 INFO             PET0     TAWAS Advance(): Current system level OMP_NUM_THREADS setting for local PET: 1
20260914 093734.096 INFO             PET0     TAWAS Advance(): Current system level OMP_NUM_PROCS setting for local PET: 2
20260914 093734.096 INFO             PET0     TAWAS Advance(): ESMF level logical PET->PE association (but consider system level affinity pinning!):
20260914 093734.096 INFO             PET0     TAWAS Advance(): PET=0 lpid=0 tid=0 pid=0 peCount=1 accCount=0
20260914 093734.096 INFO             PET0     TAWAS Advance():  PE=0 SSI=0 SSIPE=0
20260914 093734.096 INFO             PET0     TAWAS Advance(): PET=1 lpid=1 tid=0 pid=1 peCount=1 accCount=0
20260914 093734.096 INFO             PET0     TAWAS Advance():  PE=1 SSI=0 SSIPE=1
20260914 093734.096 INFO             PET0     TAWAS Advance(): --- VMK::log() end ---------------------------------------
20260914 093734.096 INFO             PET0     thread_num=   0   currentSsiPe=   0   num_threads=   1   max_threads=   1   num_procs=   2
20260914 093734.096 INFO             PET0     ------>Advancing TAWAS from: 2010  6  1  0  0  0   0
20260914 093734.096 INFO             PET0     ---------------------> to: 2010  6  1  0 15  0   0
20260914 093734.096 INFO             PET0     <<<ATM: leaving Run (phase=RunPhase1) with current time: 2010  6  1  0 15  0   0
20260914 093734.096 INFO             PET0   ATM: Run extro.
20260914 093734.097 INFO             PET0   ATM-TO-ESMX_Driver: Run intro.
20260914 093734.097 INFO             PET0     >>>ATM-TO-ESMX_Driver entered Run (phase=RunPhase1)
20260914 093734.097 INFO             PET0     <<<ATM-TO-ESMX_Driver leaving Run (phase=RunPhase1)
20260914 093734.097 INFO             PET0   ATM-TO-ESMX_Driver: Run extro.
20260914 093734.098 INFO             PET0   OCN-TO-ESMX_Driver: Run intro.
20260914 093734.098 INFO             PET0     >>>OCN-TO-ESMX_Driver entered Run (phase=RunPhase1)
20260914 093734.099 INFO             PET0     <<<OCN-TO-ESMX_Driver leaving Run (phase=RunPhase1)
20260914 093734.099 INFO             PET0   OCN-TO-ESMX_Driver: Run extro.
20260914 093734.099 INFO             PET0   <<<ESMX_Driver: leaving Run (phase=RunPhase1) with current time: 2010  6  1  0 15  0   0
20260914 093734.099 INFO             PET0 ESMX_Driver: Run extro.
20260914 093734.100 INFO             PET0 ESMX_Driver: Run intro.
20260914 093734.100 INFO             PET0   >>>ESMX_Driver: entered Run (phase=RunPhase1) with current time: 2010  6  1  0 15  0   0
20260914 093734.100 INFO             PET0   ESMX_Driver-TO-ATM: Run intro.
20260914 093734.100 INFO             PET0     >>>ESMX_Driver-TO-ATM entered Run (phase=RunPhase1)
20260914 093734.100 INFO             PET0     <<<ESMX_Driver-TO-ATM leaving Run (phase=RunPhase1)
20260914 093734.100 INFO             PET0   ESMX_Driver-TO-ATM: Run extro.
20260914 093734.101 INFO             PET0   ESMX_Driver-TO-OCN: Run intro.
20260914 093734.101 INFO             PET0     >>>ESMX_Driver-TO-OCN entered Run (phase=RunPhase1)
20260914 093734.101 INFO             PET0     <<<ESMX_Driver-TO-OCN leaving Run (phase=RunPhase1)
20260914 093734.101 INFO             PET0   ESMX_Driver-TO-OCN: Run extro.
20260914 093734.102 INFO             PET0   ATM-TO-OCN: Run intro.
20260914 093734.102 INFO             PET0     >>>ATM-TO-OCN entered Run (phase=RunPhase1)
20260914 093734.102 INFO             PET0     <<<ATM-TO-OCN leaving Run (phase=RunPhase1)
20260914 093734.103 INFO             PET0   ATM-TO-OCN: Run extro.
20260914 093734.103 INFO             PET0   OCN-TO-ATM: Run intro.
20260914 093734.103 INFO             PET0     >>>OCN-TO-ATM entered Run (phase=RunPhase1)
20260914 093734.104 INFO             PET0     <<<OCN-TO-ATM leaving Run (phase=RunPhase1)
20260914 093734.104 INFO             PET0   OCN-TO-ATM: Run extro.
20260914 093734.105 INFO             PET0   ATM: Run intro.
20260914 093734.105 INFO             PET0     >>>ATM: entered Run (phase=RunPhase1) with current time: 2010  6  1  0 15  0   0
20260914 093734.105 INFO             PET0     TAWAS Advance(): --- VMK::log() start -------------------------------------
20260914 093734.105 INFO             PET0     TAWAS Advance(): vm located at: 0xc37790
20260914 093734.105 INFO             PET0     TAWAS Advance(): mpionly=1 threadsflag=0
20260914 093734.105 INFO             PET0     TAWAS Advance(): ssiCount=1 localSsi=0
20260914 093734.105 INFO             PET0     TAWAS Advance(): devCount=0 ssiLocalDevCount=0
20260914 093734.105 INFO             PET0     TAWAS Advance(): petCount=2 ssiLocalPetCount=2
20260914 093734.105 INFO             PET0     TAWAS Advance(): localPet=0 mypthid=22500068012288 ssiLocalPet=0 currentSsiPe=0
20260914 093734.105 INFO             PET0     TAWAS Advance(): Current system level affinity pinning for local PET:
20260914 093734.105 INFO             PET0     TAWAS Advance():  SSIPE=0
20260914 093734.105 INFO             PET0     TAWAS Advance(): Current system level OMP_NUM_THREADS setting for local PET: 1
20260914 093734.105 INFO             PET0     TAWAS Advance(): Current system level OMP_NUM_PROCS setting for local PET: 2
20260914 093734.105 INFO             PET0     TAWAS Advance(): ESMF level logical PET->PE association (but consider system level affinity pinning!):
20260914 093734.105 INFO             PET0     TAWAS Advance(): PET=0 lpid=0 tid=0 pid=0 peCount=1 accCount=0
20260914 093734.105 INFO             PET0     TAWAS Advance():  PE=0 SSI=0 SSIPE=0
20260914 093734.105 INFO             PET0     TAWAS Advance(): PET=1 lpid=1 tid=0 pid=1 peCount=1 accCount=0
20260914 093734.105 INFO             PET0     TAWAS Advance():  PE=1 SSI=0 SSIPE=1
20260914 093734.105 INFO             PET0     TAWAS Advance(): --- VMK::log() end ---------------------------------------
20260914 093734.105 INFO             PET0     thread_num=   0   currentSsiPe=   0   num_threads=   1   max_threads=   1   num_procs=   2
20260914 093734.105 INFO             PET0     ------>Advancing TAWAS from: 2010  6  1  0 15  0   0
20260914 093734.106 INFO             PET0     ---------------------> to: 2010  6  1  0 30  0   0
20260914 093734.106 INFO             PET0     <<<ATM: leaving Run (phase=RunPhase1) with current time: 2010  6  1  0 30  0   0
20260914 093734.106 INFO             PET0   ATM: Run extro.
20260914 093734.106 INFO             PET0   ATM-TO-ESMX_Driver: Run intro.
20260914 093734.106 INFO             PET0     >>>ATM-TO-ESMX_Driver entered Run (phase=RunPhase1)
20260914 093734.107 INFO             PET0     <<<ATM-TO-ESMX_Driver leaving Run (phase=RunPhase1)
20260914 093734.107 INFO             PET0   ATM-TO-ESMX_Driver: Run extro.
20260914 093734.107 INFO             PET0   OCN-TO-ESMX_Driver: Run intro.
20260914 093734.107 INFO             PET0     >>>OCN-TO-ESMX_Driver entered Run (phase=RunPhase1)
20260914 093734.109 INFO             PET0     <<<OCN-TO-ESMX_Driver leaving Run (phase=RunPhase1)
20260914 093734.109 INFO             PET0   OCN-TO-ESMX_Driver: Run extro.
20260914 093734.109 INFO             PET0   <<<ESMX_Driver: leaving Run (phase=RunPhase1) with current time: 2010  6  1  0 30  0   0
20260914 093734.109 INFO             PET0 ESMX_Driver: Run extro.
20260914 093734.109 INFO             PET0 ESMX_Driver: Run intro.
20260914 093734.109 INFO             PET0   >>>ESMX_Driver: entered Run (phase=RunPhase1) with current time: 2010  6  1  0 30  0   0
20260914 093734.110 INFO             PET0   ESMX_Driver-TO-ATM: Run intro.
20260914 093734.110 INFO             PET0     >>>ESMX_Driver-TO-ATM entered Run (phase=RunPhase1)
20260914 093734.110 INFO             PET0     <<<ESMX_Driver-TO-ATM leaving Run (phase=RunPhase1)
20260914 093734.110 INFO             PET0   ESMX_Driver-TO-ATM: Run extro.
20260914 093734.110 INFO             PET0   ESMX_Driver-TO-OCN: Run intro.
20260914 093734.110 INFO             PET0     >>>ESMX_Driver-TO-OCN entered Run (phase=RunPhase1)
20260914 093734.110 INFO             PET0     <<<ESMX_Driver-TO-OCN leaving Run (phase=RunPhase1)
20260914 093734.110 INFO             PET0   ESMX_Driver-TO-OCN: Run extro.
20260914 093734.111 INFO             PET0   ATM-TO-OCN: Run intro.
20260914 093734.111 INFO             PET0     >>>ATM-TO-OCN entered Run (phase=RunPhase1)
20260914 093734.112 INFO             PET0     <<<ATM-TO-OCN leaving Run (phase=RunPhase1)
20260914 093734.112 INFO             PET0   ATM-TO-OCN: Run extro.
20260914 093734.112 INFO             PET0   OCN-TO-ATM: Run intro.
20260914 093734.112 INFO             PET0     >>>OCN-TO-ATM entered Run (phase=RunPhase1)
20260914 093734.113 INFO             PET0     <<<OCN-TO-ATM leaving Run (phase=RunPhase1)
20260914 093734.113 INFO             PET0   OCN-TO-ATM: Run extro.
20260914 093734.114 INFO             PET0   ATM: Run intro.
20260914 093734.114 INFO             PET0     >>>ATM: entered Run (phase=RunPhase1) with current time: 2010  6  1  0 30  0   0
20260914 093734.114 INFO             PET0     TAWAS Advance(): --- VMK::log() start -------------------------------------
20260914 093734.114 INFO             PET0     TAWAS Advance(): vm located at: 0xc37790
20260914 093734.114 INFO             PET0     TAWAS Advance(): mpionly=1 threadsflag=0
20260914 093734.114 INFO             PET0     TAWAS Advance(): ssiCount=1 localSsi=0
20260914 093734.114 INFO             PET0     TAWAS Advance(): devCount=0 ssiLocalDevCount=0
20260914 093734.114 INFO             PET0     TAWAS Advance(): petCount=2 ssiLocalPetCount=2
20260914 093734.114 INFO             PET0     TAWAS Advance(): localPet=0 mypthid=22500068012288 ssiLocalPet=0 currentSsiPe=0
20260914 093734.114 INFO             PET0     TAWAS Advance(): Current system level affinity pinning for local PET:
20260914 093734.114 INFO             PET0     TAWAS Advance():  SSIPE=0
20260914 093734.114 INFO             PET0     TAWAS Advance(): Current system level OMP_NUM_THREADS setting for local PET: 1
20260914 093734.114 INFO             PET0     TAWAS Advance(): Current system level OMP_NUM_PROCS setting for local PET: 2
20260914 093734.114 INFO             PET0     TAWAS Advance(): ESMF level logical PET->PE association (but consider system level affinity pinning!):
20260914 093734.114 INFO             PET0     TAWAS Advance(): PET=0 lpid=0 tid=0 pid=0 peCount=1 accCount=0
20260914 093734.114 INFO             PET0     TAWAS Advance():  PE=0 SSI=0 SSIPE=0
20260914 093734.114 INFO             PET0     TAWAS Advance(): PET=1 lpid=1 tid=0 pid=1 peCount=1 accCount=0
20260914 093734.114 INFO             PET0     TAWAS Advance():  PE=1 SSI=0 SSIPE=1
20260914 093734.114 INFO             PET0     TAWAS Advance(): --- VMK::log() end ---------------------------------------
20260914 093734.114 INFO             PET0     thread_num=   0   currentSsiPe=   0   num_threads=   1   max_threads=   1   num_procs=   2
20260914 093734.114 INFO             PET0     ------>Advancing TAWAS from: 2010  6  1  0 30  0   0
20260914 093734.114 INFO             PET0     ---------------------> to: 2010  6  1  0 45  0   0
20260914 093734.115 INFO             PET0     <<<ATM: leaving Run (phase=RunPhase1) with current time: 2010  6  1  0 45  0   0
20260914 093734.115 INFO             PET0   ATM: Run extro.
20260914 093734.115 INFO             PET0   ATM-TO-ESMX_Driver: Run intro.
20260914 093734.115 INFO             PET0     >>>ATM-TO-ESMX_Driver entered Run (phase=RunPhase1)
20260914 093734.116 INFO             PET0     <<<ATM-TO-ESMX_Driver leaving Run (phase=RunPhase1)
20260914 093734.116 INFO             PET0   ATM-TO-ESMX_Driver: Run extro.
20260914 093734.116 INFO             PET0   OCN-TO-ESMX_Driver: Run intro.
20260914 093734.116 INFO             PET0     >>>OCN-TO-ESMX_Driver entered Run (phase=RunPhase1)
20260914 093734.118 INFO             PET0     <<<OCN-TO-ESMX_Driver leaving Run (phase=RunPhase1)
20260914 093734.118 INFO             PET0   OCN-TO-ESMX_Driver: Run extro.
20260914 093734.118 INFO             PET0   <<<ESMX_Driver: leaving Run (phase=RunPhase1) with current time: 2010  6  1  0 45  0   0
20260914 093734.118 INFO             PET0 ESMX_Driver: Run extro.
20260914 093734.118 INFO             PET0 ESMX_Driver: Run intro.
20260914 093734.118 INFO             PET0   >>>ESMX_Driver: entered Run (phase=RunPhase1) with current time: 2010  6  1  0 45  0   0
20260914 093734.119 INFO             PET0   ESMX_Driver-TO-ATM: Run intro.
20260914 093734.119 INFO             PET0     >>>ESMX_Driver-TO-ATM entered Run (phase=RunPhase1)
20260914 093734.119 INFO             PET0     <<<ESMX_Driver-TO-ATM leaving Run (phase=RunPhase1)
20260914 093734.119 INFO             PET0   ESMX_Driver-TO-ATM: Run extro.
20260914 093734.119 INFO             PET0   ESMX_Driver-TO-OCN: Run intro.
20260914 093734.119 INFO             PET0     >>>ESMX_Driver-TO-OCN entered Run (phase=RunPhase1)
20260914 093734.119 INFO             PET0     <<<ESMX_Driver-TO-OCN leaving Run (phase=RunPhase1)
20260914 093734.119 INFO             PET0   ESMX_Driver-TO-OCN: Run extro.
20260914 093734.120 INFO             PET0   ATM-TO-OCN: Run intro.
20260914 093734.120 INFO             PET0     >>>ATM-TO-OCN entered Run (phase=RunPhase1)
20260914 093734.121 INFO             PET0     <<<ATM-TO-OCN leaving Run (phase=RunPhase1)
20260914 093734.121 INFO             PET0   ATM-TO-OCN: Run extro.
20260914 093734.121 INFO             PET0   OCN-TO-ATM: Run intro.
20260914 093734.121 INFO             PET0     >>>OCN-TO-ATM entered Run (phase=RunPhase1)
20260914 093734.122 INFO             PET0     <<<OCN-TO-ATM leaving Run (phase=RunPhase1)
20260914 093734.122 INFO             PET0   OCN-TO-ATM: Run extro.
20260914 093734.123 INFO             PET0   ATM: Run intro.
20260914 093734.123 INFO             PET0     >>>ATM: entered Run (phase=RunPhase1) with current time: 2010  6  1  0 45  0   0
20260914 093734.123 INFO             PET0     TAWAS Advance(): --- VMK::log() start -------------------------------------
20260914 093734.123 INFO             PET0     TAWAS Advance(): vm located at: 0xc37790
20260914 093734.123 INFO             PET0     TAWAS Advance(): mpionly=1 threadsflag=0
20260914 093734.123 INFO             PET0     TAWAS Advance(): ssiCount=1 localSsi=0
20260914 093734.123 INFO             PET0     TAWAS Advance(): devCount=0 ssiLocalDevCount=0
20260914 093734.123 INFO             PET0     TAWAS Advance(): petCount=2 ssiLocalPetCount=2
20260914 093734.123 INFO             PET0     TAWAS Advance(): localPet=0 mypthid=22500068012288 ssiLocalPet=0 currentSsiPe=0
20260914 093734.123 INFO             PET0     TAWAS Advance(): Current system level affinity pinning for local PET:
20260914 093734.123 INFO             PET0     TAWAS Advance():  SSIPE=0
20260914 093734.123 INFO             PET0     TAWAS Advance(): Current system level OMP_NUM_THREADS setting for local PET: 1
20260914 093734.123 INFO             PET0     TAWAS Advance(): Current system level OMP_NUM_PROCS setting for local PET: 2
20260914 093734.123 INFO             PET0     TAWAS Advance(): ESMF level logical PET->PE association (but consider system level affinity pinning!):
20260914 093734.123 INFO             PET0     TAWAS Advance(): PET=0 lpid=0 tid=0 pid=0 peCount=1 accCount=0
20260914 093734.123 INFO             PET0     TAWAS Advance():  PE=0 SSI=0 SSIPE=0
20260914 093734.123 INFO             PET0     TAWAS Advance(): PET=1 lpid=1 tid=0 pid=1 peCount=1 accCount=0
20260914 093734.123 INFO             PET0     TAWAS Advance():  PE=1 SSI=0 SSIPE=1
20260914 093734.123 INFO             PET0     TAWAS Advance(): --- VMK::log() end ---------------------------------------
20260914 093734.123 INFO             PET0     thread_num=   0   currentSsiPe=   0   num_threads=   1   max_threads=   1   num_procs=   2
20260914 093734.123 INFO             PET0     ------>Advancing TAWAS from: 2010  6  1  0 45  0   0
20260914 093734.123 INFO             PET0     ---------------------> to: 2010  6  1  1  0  0   0
20260914 093734.124 INFO             PET0     <<<ATM: leaving Run (phase=RunPhase1) with current time: 2010  6  1  1  0  0   0
20260914 093734.124 INFO             PET0   ATM: Run extro.
20260914 093734.124 INFO             PET0   ATM-TO-ESMX_Driver: Run intro.
20260914 093734.124 INFO             PET0     >>>ATM-TO-ESMX_Driver entered Run (phase=RunPhase1)
20260914 093734.125 INFO             PET0     <<<ATM-TO-ESMX_Driver leaving Run (phase=RunPhase1)
20260914 093734.125 INFO             PET0   ATM-TO-ESMX_Driver: Run extro.
20260914 093734.125 INFO             PET0   OCN-TO-ESMX_Driver: Run intro.
20260914 093734.125 INFO             PET0     >>>OCN-TO-ESMX_Driver entered Run (phase=RunPhase1)
20260914 093734.126 INFO             PET0     <<<OCN-TO-ESMX_Driver leaving Run (phase=RunPhase1)
20260914 093734.127 INFO             PET0   OCN-TO-ESMX_Driver: Run extro.
20260914 093734.127 INFO             PET0   <<<ESMX_Driver: leaving Run (phase=RunPhase1) with current time: 2010  6  1  1  0  0   0
20260914 093734.127 INFO             PET0 ESMX_Driver: Run extro.
20260914 093734.127 INFO             PET0 ESMX_Driver: Finalize intro.
20260914 093734.127 INFO             PET0   >>>ESMX_Driver: entered Finalize (phase=FinalizePhase1) with current time: 2010  6  1  1  0  0   0
20260914 093734.127 INFO             PET0   Calling Finalize phase 1 for connectorComp: ESMX_Driver-TO-ATM
20260914 093734.127 INFO             PET0   ESMX_Driver-TO-ATM: Finalize intro.
20260914 093734.128 INFO             PET0   ESMX_Driver-TO-ATM: Finalize extro.
20260914 093734.128 INFO             PET0   Calling Finalize phase 1 for connectorComp: ESMX_Driver-TO-OCN
20260914 093734.128 INFO             PET0   ESMX_Driver-TO-OCN: Finalize intro.
20260914 093734.128 INFO             PET0   ESMX_Driver-TO-OCN: Finalize extro.
20260914 093734.128 INFO             PET0   Calling Finalize phase 1 for connectorComp: ATM-TO-ESMX_Driver
20260914 093734.129 INFO             PET0   ATM-TO-ESMX_Driver: Finalize intro.
20260914 093734.129 INFO             PET0   ATM-TO-ESMX_Driver: Finalize extro.
20260914 093734.129 INFO             PET0   Calling Finalize phase 1 for connectorComp: ATM-TO-OCN
20260914 093734.130 INFO             PET0   ATM-TO-OCN: Finalize intro.
20260914 093734.130 INFO             PET0   ATM-TO-OCN: Finalize extro.
20260914 093734.130 INFO             PET0   Calling Finalize phase 1 for connectorComp: OCN-TO-ESMX_Driver
20260914 093734.130 INFO             PET0   OCN-TO-ESMX_Driver: Finalize intro.
20260914 093734.131 INFO             PET0   OCN-TO-ESMX_Driver: Finalize extro.
20260914 093734.131 INFO             PET0   Calling Finalize phase 1 for connectorComp: OCN-TO-ATM
20260914 093734.131 INFO             PET0   OCN-TO-ATM: Finalize intro.
20260914 093734.132 INFO             PET0   OCN-TO-ATM: Finalize extro.
20260914 093734.132 INFO             PET0   Calling Finalize phase 1 for modelComp: ATM
20260914 093734.132 INFO             PET0   ATM: Finalize intro.
20260914 093734.132 INFO             PET0     >>>ATM: entered Finalize (phase=FinalizePhase1) with current time: 2010  6  1  1  0  0   0
20260914 093734.132 INFO             PET0     <<<ATM: leaving Finalize (phase=FinalizePhase1) with current time: 2010  6  1  1  0  0   0
20260914 093734.132 INFO             PET0   ATM: Finalize extro.
20260914 093734.132 INFO             PET0   Calling Finalize phase 1 for modelComp: OCN
20260914 093734.132 INFO             PET0   Delete modelComp: ATM
20260914 093734.133 INFO             PET0   Delete modelComp: OCN
20260914 093734.133 INFO             PET0   Delete connectorComp: ESMX_Driver-TO-ATM
20260914 093734.133 INFO             PET0   Delete connectorComp: ESMX_Driver-TO-OCN
20260914 093734.133 INFO             PET0   Delete connectorComp: ATM-TO-ESMX_Driver
20260914 093734.133 INFO             PET0   Delete connectorComp: OCN-TO-ESMX_Driver
20260914 093734.134 INFO             PET0   Delete connectorComp: ATM-TO-OCN
20260914 093734.134 INFO             PET0   Delete connectorComp: OCN-TO-ATM
20260914 093734.134 INFO             PET0   <<<ESMX_Driver: leaving Finalize (phase=FinalizePhase1) with current time: 2010  6  1  1  0  0   0
20260914 093734.134 INFO             PET0 ESMX_Driver: Finalize extro.
20260914 093734.135 INFO             PET0 externalApp FINISHED
20260914 093734.135 INFO             PET0  Finalizing ESMF
20260914 093731.059 INFO             PET1 !!!!!!!!!!!!!!!!!!!!!!!!!!!!!!!!!!!!!!!!!!!!!!!!!!!!!!
20260914 093731.059 INFO             PET1 !!! THE ESMF_LOG IS SET TO OUTPUT ALL LOG MESSAGES !!!
20260914 093731.060 INFO             PET1 !!!     THIS MAY CAUSE SLOWDOWN IN PERFORMANCE     !!!
20260914 093731.060 INFO             PET1 !!! FOR PRODUCTION RUNS, USE:                      !!!
20260914 093731.060 INFO             PET1 !!!                   ESMF_LOGKIND_Multi_On_Error  !!!
20260914 093731.060 INFO             PET1 !!!!!!!!!!!!!!!!!!!!!!!!!!!!!!!!!!!!!!!!!!!!!!!!!!!!!!
20260914 093731.060 INFO             PET1 Running with ESMF Version   : v9.0.0b18
20260914 093731.060 INFO             PET1 ESMF library build date/time: "Sep 14 2026" "07:39:54"
20260914 093731.060 INFO             PET1 ESMF library build location : /scratch3/NCEPDEV/stmp/Gerhard.Theurich/ESMF-Nightly-Testing-Hera/nvhpc_24.1_openmpi_g_develop/esmf
20260914 093731.060 INFO             PET1 ESMF_COMM                   : openmpi
20260914 093731.061 INFO             PET1 ESMF_MOAB                   : enabled
20260914 093731.061 INFO             PET1 ESMF_LAPACK                 : enabled
20260914 093731.061 INFO             PET1 ESMF_NETCDF                 : disabled
20260914 093731.061 INFO             PET1 ESMF_PNETCDF                : disabled
20260914 093731.061 INFO             PET1 ESMF_PIO                    : disabled
20260914 093731.061 INFO             PET1 ESMF_YAMLCPP                : enabled
20260914 093731.064 INFO             PET1 externalApp STARTING
20260914 093731.205 INFO             PET1 ESMX_Driver - Creating model component ATM with petList of size 2 :
20260914 093731.205 INFO             PET1       0      1
20260914 093731.205 DEBUG            PET1 Generic SetVM() is executing for: ATM
20260914 093731.205 DEBUG            PET1 Generic SetVM() found no NUOPC Hint for: ATM
20260914 093731.205 DEBUG            PET1 Generic SetVM() therefore is NOT calling ESMF_GridCompSetVMMaxPEs() for: ATM
20260914 093731.246 INFO             PET1 ESMX_Driver - Creating model component OCN with petList of size 2 :
20260914 093731.246 INFO             PET1       2      3
20260914 093731.246 DEBUG            PET1 Generic SetVM() is executing for: OCN
20260914 093731.247 DEBUG            PET1 Generic SetVM() found no NUOPC Hint for: OCN
20260914 093731.247 DEBUG            PET1 Generic SetVM() therefore is NOT calling ESMF_GridCompSetVMMaxPEs() for: OCN
20260914 093731.252 INFO             PET1 ESMX_Driver - Creating connector component ESMX_Driver-TO-ATM without petList.
20260914 093731.296 INFO             PET1 ESMX_Driver - Creating connector component ESMX_Driver-TO-OCN without petList.
20260914 093731.316 INFO             PET1 ESMX_Driver - Creating connector component ATM-TO-ESMX_Driver without petList.
20260914 093731.337 INFO             PET1 ESMX_Driver - Creating connector component OCN-TO-ESMX_Driver without petList.
20260914 093731.362 INFO             PET1 ATM: InitializeP0 intro.
20260914 093731.363 INFO             PET1   >>>ATM: entered Initialize (phase=<none>) without valid internal Clock.
20260914 093731.369 INFO             PET1   <<<ATM: leaving Initialize (phase=<none>) without valid internal Clock.
20260914 093731.369 INFO             PET1 ATM: InitializeP0 extro.
20260914 093731.379 INFO             PET1 ESMX_Driver-TO-ATM: InitializeP0 intro.
20260914 093731.381 INFO             PET1 ESMX_Driver-TO-ATM: InitializeP0 extro.
20260914 093731.384 INFO             PET1 ESMX_Driver-TO-OCN: InitializeP0 intro.
20260914 093731.386 INFO             PET1 ESMX_Driver-TO-OCN: InitializeP0 extro.
20260914 093731.388 INFO             PET1 ATM-TO-ESMX_Driver: InitializeP0 intro.
20260914 093731.390 INFO             PET1 ATM-TO-ESMX_Driver: InitializeP0 extro.
20260914 093731.392 INFO             PET1 OCN-TO-ESMX_Driver: InitializeP0 intro.
20260914 093731.394 INFO             PET1 OCN-TO-ESMX_Driver: InitializeP0 extro.
20260914 093731.403 INFO             PET1 ESMX_Driver - Creating connector component ATM-TO-OCN with petList of size 4 :
20260914 093731.403 INFO             PET1       0      1      2      3
20260914 093731.427 INFO             PET1 ESMX_Driver - Setting Verbosity on created component to: low
20260914 093731.427 INFO             PET1 ESMX_Driver - Setting Profiling on created component to:          0
20260914 093731.427 INFO             PET1 ESMX_Driver - Creating connector component OCN-TO-ATM with petList of size 4 :
20260914 093731.428 INFO             PET1       2      3      0      1
20260914 093731.451 INFO             PET1 ESMX_Driver - Setting Verbosity on created component to: low
20260914 093731.451 INFO             PET1 ESMX_Driver - Setting Profiling on created component to:          0
20260914 093731.459 INFO             PET1 ESMX_Driver: IInitAdvertise intro.
20260914 093731.461 INFO             PET1   >>>ESMX_Driver: entered Initialize (phase=<none>) with current time: 2010  6  1  0  0  0   0
20260914 093731.461 INFO             PET1   <<<ESMX_Driver: leaving Initialize (phase=<none>) with current time: 2010  6  1  0  0  0   0
20260914 093731.461 INFO             PET1 ESMX_Driver: IInitAdvertise extro.
20260914 093731.462 INFO             PET1 ATM: InitializeIPDvXp01 intro.
20260914 093731.462 INFO             PET1   >>>ATM: entered Initialize (phase=IPDvXp01) without valid internal Clock.
20260914 093731.476 INFO             PET1   <<<ATM: leaving Initialize (phase=IPDvXp01) without valid internal Clock.
20260914 093731.476 INFO             PET1 ATM: InitializeIPDvXp01 extro.
20260914 093731.484 INFO             PET1 ATM-TO-ESMX_Driver: InitializeIPDv05p1 intro.
20260914 093731.499 INFO             PET1 ATM-TO-ESMX_Driver: InitializeIPDv05p1 extro.
20260914 093731.500 INFO             PET1 ATM-TO-OCN: InitializeIPDv05p1 intro.
20260914 093731.519 INFO             PET1 ATM-TO-OCN: InitializeIPDv05p1 extro.
20260914 093731.520 INFO             PET1 OCN-TO-ESMX_Driver: InitializeIPDv05p1 intro.
20260914 093731.529 INFO             PET1 OCN-TO-ESMX_Driver: InitializeIPDv05p1 extro.
20260914 093731.529 INFO             PET1 OCN-TO-ATM: InitializeIPDv05p1 intro.
20260914 093731.542 INFO             PET1 OCN-TO-ATM: InitializeIPDv05p1 extro.
20260914 093731.543 INFO             PET1 ESMX_Driver-TO-ATM: InitializeIPDv05p1 intro.
20260914 093731.550 INFO             PET1 ESMX_Driver-TO-ATM: InitializeIPDv05p1 extro.
20260914 093731.550 INFO             PET1 ESMX_Driver-TO-OCN: InitializeIPDv05p1 intro.
20260914 093731.562 INFO             PET1 ESMX_Driver-TO-OCN: InitializeIPDv05p1 extro.
20260914 093731.563 INFO             PET1 ESMX_Driver: IInitAdvertiseFinish intro.
20260914 093731.563 INFO             PET1   >>>ESMX_Driver: entered Initialize (phase=<none>) with current time: 2010  6  1  0  0  0   0
20260914 093731.564 INFO             PET1   <<<ESMX_Driver: leaving Initialize (phase=<none>) with current time: 2010  6  1  0  0  0   0
20260914 093731.564 INFO             PET1 ESMX_Driver: IInitAdvertiseFinish extro.
20260914 093731.564 INFO             PET1 ATM-TO-ESMX_Driver: InitializeIPDv05p2a intro.
20260914 093731.575 INFO             PET1 ATM-TO-ESMX_Driver: InitializeIPDv05p2a extro.
20260914 093731.576 INFO             PET1 ATM-TO-OCN: InitializeIPDv05p2a intro.
20260914 093731.595 INFO             PET1 ATM-TO-OCN: InitializeIPDv05p2a extro.
20260914 093731.595 INFO             PET1 OCN-TO-ESMX_Driver: InitializeIPDv05p2a intro.
20260914 093731.605 INFO             PET1 OCN-TO-ESMX_Driver: InitializeIPDv05p2a extro.
20260914 093731.606 INFO             PET1 OCN-TO-ATM: InitializeIPDv05p2a intro.
20260914 093731.619 INFO             PET1 OCN-TO-ATM: InitializeIPDv05p2a extro.
20260914 093731.619 INFO             PET1 ESMX_Driver-TO-ATM: InitializeIPDv05p2a intro.
20260914 093731.626 INFO             PET1 ESMX_Driver-TO-ATM: InitializeIPDv05p2a extro.
20260914 093731.627 INFO             PET1 ESMX_Driver-TO-OCN: InitializeIPDv05p2a intro.
20260914 093731.639 INFO             PET1 ESMX_Driver-TO-OCN: InitializeIPDv05p2a extro.
20260914 093731.639 INFO             PET1 ATM-TO-ESMX_Driver: InitializeIPDv05p2b intro.
20260914 093731.649 INFO             PET1 ATM-TO-ESMX_Driver: InitializeIPDv05p2b extro.
20260914 093731.650 INFO             PET1 ATM-TO-OCN: InitializeIPDv05p2b intro.
20260914 093731.669 INFO             PET1 ATM-TO-OCN: InitializeIPDv05p2b extro.
20260914 093731.670 INFO             PET1 OCN-TO-ESMX_Driver: InitializeIPDv05p2b intro.
20260914 093731.679 INFO             PET1 OCN-TO-ESMX_Driver: InitializeIPDv05p2b extro.
20260914 093731.680 INFO             PET1 OCN-TO-ATM: InitializeIPDv05p2b intro.
20260914 093731.694 INFO             PET1 OCN-TO-ATM: InitializeIPDv05p2b extro.
20260914 093731.695 INFO             PET1 ESMX_Driver-TO-ATM: InitializeIPDv05p2b intro.
20260914 093731.701 INFO             PET1 ESMX_Driver-TO-ATM: InitializeIPDv05p2b extro.
20260914 093731.702 INFO             PET1 ESMX_Driver-TO-OCN: InitializeIPDv05p2b intro.
20260914 093731.714 INFO             PET1 ESMX_Driver-TO-OCN: InitializeIPDv05p2b extro.
20260914 093731.715 INFO             PET1 ESMX_Driver: IInitModifyCplLists intro.
20260914 093731.715 INFO             PET1   >>>ESMX_Driver: entered Initialize (phase=<none>) with current time: 2010  6  1  0  0  0   0
20260914 093731.719 INFO             PET1   <<<ESMX_Driver: leaving Initialize (phase=<none>) with current time: 2010  6  1  0  0  0   0
20260914 093731.719 INFO             PET1 ESMX_Driver: IInitModifyCplLists extro.
20260914 093731.720 INFO             PET1 ATM-TO-ESMX_Driver: InitializeIPDv05p3 intro.
20260914 093731.731 INFO             PET1 ATM-TO-ESMX_Driver: InitializeIPDv05p3 extro.
20260914 093731.732 INFO             PET1 ATM-TO-OCN: InitializeIPDv05p3 intro.
20260914 093731.752 INFO             PET1 ATM-TO-OCN: InitializeIPDv05p3 extro.
20260914 093731.753 INFO             PET1 OCN-TO-ESMX_Driver: InitializeIPDv05p3 intro.
20260914 093731.764 INFO             PET1 OCN-TO-ESMX_Driver: InitializeIPDv05p3 extro.
20260914 093731.764 INFO             PET1 OCN-TO-ATM: InitializeIPDv05p3 intro.
20260914 093731.779 INFO             PET1 OCN-TO-ATM: InitializeIPDv05p3 extro.
20260914 093731.780 INFO             PET1 ESMX_Driver-TO-ATM: InitializeIPDv05p3 intro.
20260914 093731.787 INFO             PET1 ESMX_Driver-TO-ATM: InitializeIPDv05p3 extro.
20260914 093731.787 INFO             PET1 ESMX_Driver-TO-OCN: InitializeIPDv05p3 intro.
20260914 093731.800 INFO             PET1 ESMX_Driver-TO-OCN: InitializeIPDv05p3 extro.
20260914 093731.801 INFO             PET1 ESMX_Driver: InitializeIPDv02p3 intro.
20260914 093731.801 INFO             PET1   >>>ESMX_Driver: entered Initialize (phase=ExternalRealize) with current time: 2010  6  1  0  0  0   0
20260914 093731.802 INFO             PET1   ESMX_Driver: IInitCheck intro.
20260914 093731.802 INFO             PET1     >>>ESMX_Driver: entered Initialize (phase=<none>) with current time: 2010  6  1  0  0  0   0
20260914 093731.805 INFO             PET1     <<<ESMX_Driver: leaving Initialize (phase=<none>) with current time: 2010  6  1  0  0  0   0
20260914 093731.805 INFO             PET1   ESMX_Driver: IInitCheck extro.
20260914 093731.806 INFO             PET1   ATM: InitializeIPDvXp04 intro.
20260914 093731.806 INFO             PET1     >>>ATM: entered Initialize (phase=IPDvXp04) without valid internal Clock.
20260914 093732.019 INFO             PET1     <<<ATM: leaving Initialize (phase=IPDvXp04) without valid internal Clock.
20260914 093732.019 INFO             PET1   ATM: InitializeIPDvXp04 extro.
20260914 093732.148 INFO             PET1   ATM-TO-ESMX_Driver: InitializeIPDv05p4 intro.
20260914 093732.172 INFO             PET1   ATM-TO-ESMX_Driver: InitializeIPDv05p4 extro.
20260914 093732.173 INFO             PET1   ATM-TO-OCN: InitializeIPDv05p4 intro.
20260914 093732.211 INFO             PET1   ATM-TO-OCN: InitializeIPDv05p4 extro.
20260914 093732.212 INFO             PET1   OCN-TO-ESMX_Driver: InitializeIPDv05p4 intro.
20260914 093732.232 INFO             PET1   OCN-TO-ESMX_Driver: InitializeIPDv05p4 extro.
20260914 093732.233 INFO             PET1   OCN-TO-ATM: InitializeIPDv05p4 intro.
20260914 093732.260 INFO             PET1   OCN-TO-ATM: InitializeIPDv05p4 extro.
20260914 093732.260 INFO             PET1   ESMX_Driver-TO-ATM: InitializeIPDv05p4 intro.
20260914 093732.274 INFO             PET1   ESMX_Driver-TO-ATM: InitializeIPDv05p4 extro.
20260914 093732.274 INFO             PET1   ESMX_Driver-TO-OCN: InitializeIPDv05p4 intro.
20260914 093732.299 INFO             PET1   ESMX_Driver-TO-OCN: InitializeIPDv05p4 extro.
20260914 093732.300 INFO             PET1   ATM-TO-ESMX_Driver: InitializeIPDv05p5 intro.
20260914 093732.401 INFO             PET1   ATM-TO-ESMX_Driver: InitializeIPDv05p5 extro.
20260914 093732.402 INFO             PET1   ATM-TO-OCN: InitializeIPDv05p5 intro.
20260914 093732.440 INFO             PET1   ATM-TO-OCN: InitializeIPDv05p5 extro.
20260914 093732.440 INFO             PET1   OCN-TO-ESMX_Driver: InitializeIPDv05p5 intro.
20260914 093732.557 INFO             PET1   OCN-TO-ESMX_Driver: InitializeIPDv05p5 extro.
20260914 093732.558 INFO             PET1   OCN-TO-ATM: InitializeIPDv05p5 intro.
20260914 093732.585 INFO             PET1   OCN-TO-ATM: InitializeIPDv05p5 extro.
20260914 093732.585 INFO             PET1   ESMX_Driver-TO-ATM: InitializeIPDv05p5 intro.
20260914 093732.599 INFO             PET1   ESMX_Driver-TO-ATM: InitializeIPDv05p5 extro.
20260914 093732.600 INFO             PET1   ESMX_Driver-TO-OCN: InitializeIPDv05p5 intro.
20260914 093732.625 INFO             PET1   ESMX_Driver-TO-OCN: InitializeIPDv05p5 extro.
20260914 093732.626 INFO             PET1   ESMX_Driver: IInitRealize intro.
20260914 093732.626 INFO             PET1     >>>ESMX_Driver: entered Initialize (phase=<none>) with current time: 2010  6  1  0  0  0   0
20260914 093732.628 INFO             PET1     <<<ESMX_Driver: leaving Initialize (phase=<none>) with current time: 2010  6  1  0  0  0   0
20260914 093732.628 INFO             PET1   ESMX_Driver: IInitRealize extro.
20260914 093732.629 INFO             PET1   ATM-TO-ESMX_Driver: InitializeIPDv05p6a intro.
20260914 093732.647 INFO             PET1   ATM-TO-ESMX_Driver: InitializeIPDv05p6a extro.
20260914 093732.648 INFO             PET1   ATM-TO-OCN: InitializeIPDv05p6a intro.
20260914 093732.685 INFO             PET1   ATM-TO-OCN: InitializeIPDv05p6a extro.
20260914 093732.685 INFO             PET1   OCN-TO-ESMX_Driver: InitializeIPDv05p6a intro.
20260914 093732.704 INFO             PET1   OCN-TO-ESMX_Driver: InitializeIPDv05p6a extro.
20260914 093732.705 INFO             PET1   OCN-TO-ATM: InitializeIPDv05p6a intro.
20260914 093732.731 INFO             PET1   OCN-TO-ATM: InitializeIPDv05p6a extro.
20260914 093732.731 INFO             PET1   ESMX_Driver-TO-ATM: InitializeIPDv05p6a intro.
20260914 093732.745 INFO             PET1   ESMX_Driver-TO-ATM: InitializeIPDv05p6a extro.
20260914 093732.745 INFO             PET1   ESMX_Driver-TO-OCN: InitializeIPDv05p6a intro.
20260914 093732.771 INFO             PET1   ESMX_Driver-TO-OCN: InitializeIPDv05p6a extro.
20260914 093732.771 INFO             PET1   ATM-TO-ESMX_Driver: InitializeIPDv05p6b intro.
20260914 093732.804 INFO             PET1   ATM-TO-ESMX_Driver: InitializeIPDv05p6b extro.
20260914 093732.805 INFO             PET1   ATM-TO-OCN: InitializeIPDv05p6b intro.
20260914 093733.472 INFO             PET1   ATM-TO-OCN: InitializeIPDv05p6b extro.
20260914 093733.473 INFO             PET1   OCN-TO-ESMX_Driver: InitializeIPDv05p6b intro.
20260914 093733.520 INFO             PET1   OCN-TO-ESMX_Driver: InitializeIPDv05p6b extro.
20260914 093733.521 INFO             PET1   OCN-TO-ATM: InitializeIPDv05p6b intro.
20260914 093734.066 INFO             PET1   OCN-TO-ATM: InitializeIPDv05p6b extro.
20260914 093734.066 INFO             PET1   ESMX_Driver-TO-ATM: InitializeIPDv05p6b intro.
20260914 093734.067 INFO             PET1   ESMX_Driver-TO-ATM: InitializeIPDv05p6b extro.
20260914 093734.068 INFO             PET1   ESMX_Driver-TO-OCN: InitializeIPDv05p6b intro.
20260914 093734.069 INFO             PET1   ESMX_Driver-TO-OCN: InitializeIPDv05p6b extro.
20260914 093734.070 INFO             PET1   ATM: InitializeIPDvXp07 intro.
20260914 093734.070 INFO             PET1     >>>ATM: entered Initialize (phase=IPDvXp07) without valid internal Clock.
20260914 093734.071 INFO             PET1     <<<ATM: leaving Initialize (phase=IPDvXp07) with current time: 2010  6  1  0  0  0   0
20260914 093734.071 INFO             PET1   ATM: InitializeIPDvXp07 extro.
20260914 093734.072 INFO             PET1   <<<ESMX_Driver: leaving Initialize (phase=ExternalRealize) with current time: 2010  6  1  0  0  0   0
20260914 093734.072 INFO             PET1 ESMX_Driver: InitializeIPDv02p3 extro.
20260914 093734.073 INFO             PET1 ESMX_Driver: InitializeIPDv02p5 intro.
20260914 093734.073 INFO             PET1   >>>ESMX_Driver: entered Initialize (phase=ExternalDataInitialize) with current time: 2010  6  1  0  0  0   0
20260914 093734.074 INFO             PET1   ESMX_Driver: InitializeIPDv02p5Data intro.
20260914 093734.074 INFO             PET1     >>>ESMX_Driver: entered Initialize (phase=ExternalDataInitialize) with current time: 2010  6  1  0  0  0   0
20260914 093734.075 INFO             PET1     ESMX_Driver: InternalInitializeComplete intro.
20260914 093734.075 INFO             PET1       >>>ESMX_Driver: entered Initialize (phase=<none>) with current time: 2010  6  1  0  0  0   0
20260914 093734.075 INFO             PET1       <<<ESMX_Driver: leaving Initialize (phase=<none>) with current time: 2010  6  1  0  0  0   0
20260914 093734.075 INFO             PET1     ESMX_Driver: InternalInitializeComplete extro.
20260914 093734.076 INFO             PET1     ATM: InitializeIPDv01p5 intro.
20260914 093734.076 INFO             PET1       >>>ATM: entered Initialize (phase=IPDvXp08) with current time: 2010  6  1  0  0  0   0
20260914 093734.077 INFO             PET1       <<<ATM: leaving Initialize (phase=IPDvXp08) with current time: 2010  6  1  0  0  0   0
20260914 093734.077 INFO             PET1     ATM: InitializeIPDv01p5 extro.
20260914 093734.083 INFO             PET1     ESMX_Driver: loopDataDependentInitialize intro.
20260914 093734.083 INFO             PET1       >>>ESMX_Driver: entered Initialize (phase=ExternalDataInitialize) with current time: 2010  6  1  0  0  0   0
20260914 093734.084 INFO             PET1       ATM-TO-ESMX_Driver: Run intro.
20260914 093734.084 INFO             PET1         >>>ATM-TO-ESMX_Driver entered Run (phase=RunPhase1)
20260914 093734.085 INFO             PET1         <<<ATM-TO-ESMX_Driver leaving Run (phase=RunPhase1)
20260914 093734.085 INFO             PET1       ATM-TO-ESMX_Driver: Run extro.
20260914 093734.085 INFO             PET1       OCN-TO-ESMX_Driver: Run intro.
20260914 093734.085 INFO             PET1         >>>OCN-TO-ESMX_Driver entered Run (phase=RunPhase1)
20260914 093734.085 INFO             PET1         <<<OCN-TO-ESMX_Driver leaving Run (phase=RunPhase1)
20260914 093734.086 INFO             PET1       OCN-TO-ESMX_Driver: Run extro.
20260914 093734.086 INFO             PET1       ESMX_Driver: InternalInitializeComplete intro.
20260914 093734.086 INFO             PET1         >>>ESMX_Driver: entered Initialize (phase=<none>) with current time: 2010  6  1  0  0  0   0
20260914 093734.087 INFO             PET1         <<<ESMX_Driver: leaving Initialize (phase=<none>) with current time: 2010  6  1  0  0  0   0
20260914 093734.087 INFO             PET1       ESMX_Driver: InternalInitializeComplete extro.
20260914 093734.087 INFO             PET1       <<<ESMX_Driver: leaving Initialize (phase=ExternalDataInitialize) with current time: 2010  6  1  0  0  0   0
20260914 093734.087 INFO             PET1     ESMX_Driver: loopDataDependentInitialize extro.
20260914 093734.088 INFO             PET1     <<<ESMX_Driver: leaving Initialize (phase=ExternalDataInitialize) with current time: 2010  6  1  0  0  0   0
20260914 093734.088 INFO             PET1   ESMX_Driver: InitializeIPDv02p5Data extro.
20260914 093734.088 INFO             PET1   <<<ESMX_Driver: leaving Initialize (phase=ExternalDataInitialize) with current time: 2010  6  1  0  0  0   0
20260914 093734.088 INFO             PET1 ESMX_Driver: InitializeIPDv02p5 extro.
20260914 093734.089 INFO             PET1 ESMX_Driver: Run intro.
20260914 093734.090 INFO             PET1   >>>ESMX_Driver: entered Run (phase=RunPhase1) with current time: 2010  6  1  0  0  0   0
20260914 093734.090 INFO             PET1   ESMX_Driver-TO-ATM: Run intro.
20260914 093734.090 INFO             PET1     >>>ESMX_Driver-TO-ATM entered Run (phase=RunPhase1)
20260914 093734.090 INFO             PET1     <<<ESMX_Driver-TO-ATM leaving Run (phase=RunPhase1)
20260914 093734.090 INFO             PET1   ESMX_Driver-TO-ATM: Run extro.
20260914 093734.091 INFO             PET1   ESMX_Driver-TO-OCN: Run intro.
20260914 093734.091 INFO             PET1     >>>ESMX_Driver-TO-OCN entered Run (phase=RunPhase1)
20260914 093734.091 INFO             PET1     <<<ESMX_Driver-TO-OCN leaving Run (phase=RunPhase1)
20260914 093734.091 INFO             PET1   ESMX_Driver-TO-OCN: Run extro.
20260914 093734.092 INFO             PET1   ATM-TO-OCN: Run intro.
20260914 093734.092 INFO             PET1     >>>ATM-TO-OCN entered Run (phase=RunPhase1)
20260914 093734.093 INFO             PET1     <<<ATM-TO-OCN leaving Run (phase=RunPhase1)
20260914 093734.093 INFO             PET1   ATM-TO-OCN: Run extro.
20260914 093734.093 INFO             PET1   OCN-TO-ATM: Run intro.
20260914 093734.093 INFO             PET1     >>>OCN-TO-ATM entered Run (phase=RunPhase1)
20260914 093734.094 INFO             PET1     <<<OCN-TO-ATM leaving Run (phase=RunPhase1)
20260914 093734.095 INFO             PET1   OCN-TO-ATM: Run extro.
20260914 093734.095 INFO             PET1   ATM: Run intro.
20260914 093734.095 INFO             PET1     >>>ATM: entered Run (phase=RunPhase1) with current time: 2010  6  1  0  0  0   0
20260914 093734.095 INFO             PET1     TAWAS Advance(): --- VMK::log() start -------------------------------------
20260914 093734.095 INFO             PET1     TAWAS Advance(): vm located at: 0x10f32d0
20260914 093734.096 INFO             PET1     TAWAS Advance(): mpionly=1 threadsflag=0
20260914 093734.096 INFO             PET1     TAWAS Advance(): ssiCount=1 localSsi=0
20260914 093734.096 INFO             PET1     TAWAS Advance(): devCount=0 ssiLocalDevCount=0
20260914 093734.096 INFO             PET1     TAWAS Advance(): petCount=2 ssiLocalPetCount=2
20260914 093734.096 INFO             PET1     TAWAS Advance(): localPet=1 mypthid=23037969297664 ssiLocalPet=1 currentSsiPe=1
20260914 093734.096 INFO             PET1     TAWAS Advance(): Current system level affinity pinning for local PET:
20260914 093734.096 INFO             PET1     TAWAS Advance():  SSIPE=1
20260914 093734.096 INFO             PET1     TAWAS Advance(): Current system level OMP_NUM_THREADS setting for local PET: 1
20260914 093734.096 INFO             PET1     TAWAS Advance(): Current system level OMP_NUM_PROCS setting for local PET: 2
20260914 093734.096 INFO             PET1     TAWAS Advance(): ESMF level logical PET->PE association (but consider system level affinity pinning!):
20260914 093734.096 INFO             PET1     TAWAS Advance(): PET=0 lpid=0 tid=0 pid=0 peCount=1 accCount=0
20260914 093734.096 INFO             PET1     TAWAS Advance():  PE=0 SSI=0 SSIPE=0
20260914 093734.096 INFO             PET1     TAWAS Advance(): PET=1 lpid=1 tid=0 pid=1 peCount=1 accCount=0
20260914 093734.096 INFO             PET1     TAWAS Advance():  PE=1 SSI=0 SSIPE=1
20260914 093734.096 INFO             PET1     TAWAS Advance(): --- VMK::log() end ---------------------------------------
20260914 093734.096 INFO             PET1     thread_num=   0   currentSsiPe=   1   num_threads=   1   max_threads=   1   num_procs=   2
20260914 093734.096 INFO             PET1     ------>Advancing TAWAS from: 2010  6  1  0  0  0   0
20260914 093734.096 INFO             PET1     ---------------------> to: 2010  6  1  0 15  0   0
20260914 093734.097 INFO             PET1     <<<ATM: leaving Run (phase=RunPhase1) with current time: 2010  6  1  0 15  0   0
20260914 093734.097 INFO             PET1   ATM: Run extro.
20260914 093734.097 INFO             PET1   ATM-TO-ESMX_Driver: Run intro.
20260914 093734.097 INFO             PET1     >>>ATM-TO-ESMX_Driver entered Run (phase=RunPhase1)
20260914 093734.098 INFO             PET1     <<<ATM-TO-ESMX_Driver leaving Run (phase=RunPhase1)
20260914 093734.098 INFO             PET1   ATM-TO-ESMX_Driver: Run extro.
20260914 093734.098 INFO             PET1   OCN-TO-ESMX_Driver: Run intro.
20260914 093734.098 INFO             PET1     >>>OCN-TO-ESMX_Driver entered Run (phase=RunPhase1)
20260914 093734.100 INFO             PET1     <<<OCN-TO-ESMX_Driver leaving Run (phase=RunPhase1)
20260914 093734.100 INFO             PET1   OCN-TO-ESMX_Driver: Run extro.
20260914 093734.100 INFO             PET1   <<<ESMX_Driver: leaving Run (phase=RunPhase1) with current time: 2010  6  1  0 15  0   0
20260914 093734.100 INFO             PET1 ESMX_Driver: Run extro.
20260914 093734.100 INFO             PET1 ESMX_Driver: Run intro.
20260914 093734.100 INFO             PET1   >>>ESMX_Driver: entered Run (phase=RunPhase1) with current time: 2010  6  1  0 15  0   0
20260914 093734.101 INFO             PET1   ESMX_Driver-TO-ATM: Run intro.
20260914 093734.101 INFO             PET1     >>>ESMX_Driver-TO-ATM entered Run (phase=RunPhase1)
20260914 093734.101 INFO             PET1     <<<ESMX_Driver-TO-ATM leaving Run (phase=RunPhase1)
20260914 093734.101 INFO             PET1   ESMX_Driver-TO-ATM: Run extro.
20260914 093734.101 INFO             PET1   ESMX_Driver-TO-OCN: Run intro.
20260914 093734.101 INFO             PET1     >>>ESMX_Driver-TO-OCN entered Run (phase=RunPhase1)
20260914 093734.101 INFO             PET1     <<<ESMX_Driver-TO-OCN leaving Run (phase=RunPhase1)
20260914 093734.101 INFO             PET1   ESMX_Driver-TO-OCN: Run extro.
20260914 093734.102 INFO             PET1   ATM-TO-OCN: Run intro.
20260914 093734.102 INFO             PET1     >>>ATM-TO-OCN entered Run (phase=RunPhase1)
20260914 093734.103 INFO             PET1     <<<ATM-TO-OCN leaving Run (phase=RunPhase1)
20260914 093734.103 INFO             PET1   ATM-TO-OCN: Run extro.
20260914 093734.103 INFO             PET1   OCN-TO-ATM: Run intro.
20260914 093734.103 INFO             PET1     >>>OCN-TO-ATM entered Run (phase=RunPhase1)
20260914 093734.104 INFO             PET1     <<<OCN-TO-ATM leaving Run (phase=RunPhase1)
20260914 093734.104 INFO             PET1   OCN-TO-ATM: Run extro.
20260914 093734.105 INFO             PET1   ATM: Run intro.
20260914 093734.105 INFO             PET1     >>>ATM: entered Run (phase=RunPhase1) with current time: 2010  6  1  0 15  0   0
20260914 093734.105 INFO             PET1     TAWAS Advance(): --- VMK::log() start -------------------------------------
20260914 093734.105 INFO             PET1     TAWAS Advance(): vm located at: 0x10f32d0
20260914 093734.105 INFO             PET1     TAWAS Advance(): mpionly=1 threadsflag=0
20260914 093734.105 INFO             PET1     TAWAS Advance(): ssiCount=1 localSsi=0
20260914 093734.105 INFO             PET1     TAWAS Advance(): devCount=0 ssiLocalDevCount=0
20260914 093734.105 INFO             PET1     TAWAS Advance(): petCount=2 ssiLocalPetCount=2
20260914 093734.105 INFO             PET1     TAWAS Advance(): localPet=1 mypthid=23037969297664 ssiLocalPet=1 currentSsiPe=1
20260914 093734.105 INFO             PET1     TAWAS Advance(): Current system level affinity pinning for local PET:
20260914 093734.105 INFO             PET1     TAWAS Advance():  SSIPE=1
20260914 093734.105 INFO             PET1     TAWAS Advance(): Current system level OMP_NUM_THREADS setting for local PET: 1
20260914 093734.105 INFO             PET1     TAWAS Advance(): Current system level OMP_NUM_PROCS setting for local PET: 2
20260914 093734.105 INFO             PET1     TAWAS Advance(): ESMF level logical PET->PE association (but consider system level affinity pinning!):
20260914 093734.105 INFO             PET1     TAWAS Advance(): PET=0 lpid=0 tid=0 pid=0 peCount=1 accCount=0
20260914 093734.105 INFO             PET1     TAWAS Advance():  PE=0 SSI=0 SSIPE=0
20260914 093734.105 INFO             PET1     TAWAS Advance(): PET=1 lpid=1 tid=0 pid=1 peCount=1 accCount=0
20260914 093734.105 INFO             PET1     TAWAS Advance():  PE=1 SSI=0 SSIPE=1
20260914 093734.105 INFO             PET1     TAWAS Advance(): --- VMK::log() end ---------------------------------------
20260914 093734.105 INFO             PET1     thread_num=   0   currentSsiPe=   1   num_threads=   1   max_threads=   1   num_procs=   2
20260914 093734.105 INFO             PET1     ------>Advancing TAWAS from: 2010  6  1  0 15  0   0
20260914 093734.106 INFO             PET1     ---------------------> to: 2010  6  1  0 30  0   0
20260914 093734.106 INFO             PET1     <<<ATM: leaving Run (phase=RunPhase1) with current time: 2010  6  1  0 30  0   0
20260914 093734.106 INFO             PET1   ATM: Run extro.
20260914 093734.106 INFO             PET1   ATM-TO-ESMX_Driver: Run intro.
20260914 093734.106 INFO             PET1     >>>ATM-TO-ESMX_Driver entered Run (phase=RunPhase1)
20260914 093734.107 INFO             PET1     <<<ATM-TO-ESMX_Driver leaving Run (phase=RunPhase1)
20260914 093734.107 INFO             PET1   ATM-TO-ESMX_Driver: Run extro.
20260914 093734.107 INFO             PET1   OCN-TO-ESMX_Driver: Run intro.
20260914 093734.107 INFO             PET1     >>>OCN-TO-ESMX_Driver entered Run (phase=RunPhase1)
20260914 093734.109 INFO             PET1     <<<OCN-TO-ESMX_Driver leaving Run (phase=RunPhase1)
20260914 093734.109 INFO             PET1   OCN-TO-ESMX_Driver: Run extro.
20260914 093734.109 INFO             PET1   <<<ESMX_Driver: leaving Run (phase=RunPhase1) with current time: 2010  6  1  0 30  0   0
20260914 093734.109 INFO             PET1 ESMX_Driver: Run extro.
20260914 093734.109 INFO             PET1 ESMX_Driver: Run intro.
20260914 093734.109 INFO             PET1   >>>ESMX_Driver: entered Run (phase=RunPhase1) with current time: 2010  6  1  0 30  0   0
20260914 093734.110 INFO             PET1   ESMX_Driver-TO-ATM: Run intro.
20260914 093734.110 INFO             PET1     >>>ESMX_Driver-TO-ATM entered Run (phase=RunPhase1)
20260914 093734.110 INFO             PET1     <<<ESMX_Driver-TO-ATM leaving Run (phase=RunPhase1)
20260914 093734.110 INFO             PET1   ESMX_Driver-TO-ATM: Run extro.
20260914 093734.110 INFO             PET1   ESMX_Driver-TO-OCN: Run intro.
20260914 093734.110 INFO             PET1     >>>ESMX_Driver-TO-OCN entered Run (phase=RunPhase1)
20260914 093734.110 INFO             PET1     <<<ESMX_Driver-TO-OCN leaving Run (phase=RunPhase1)
20260914 093734.110 INFO             PET1   ESMX_Driver-TO-OCN: Run extro.
20260914 093734.111 INFO             PET1   ATM-TO-OCN: Run intro.
20260914 093734.111 INFO             PET1     >>>ATM-TO-OCN entered Run (phase=RunPhase1)
20260914 093734.112 INFO             PET1     <<<ATM-TO-OCN leaving Run (phase=RunPhase1)
20260914 093734.112 INFO             PET1   ATM-TO-OCN: Run extro.
20260914 093734.112 INFO             PET1   OCN-TO-ATM: Run intro.
20260914 093734.112 INFO             PET1     >>>OCN-TO-ATM entered Run (phase=RunPhase1)
20260914 093734.113 INFO             PET1     <<<OCN-TO-ATM leaving Run (phase=RunPhase1)
20260914 093734.113 INFO             PET1   OCN-TO-ATM: Run extro.
20260914 093734.114 INFO             PET1   ATM: Run intro.
20260914 093734.114 INFO             PET1     >>>ATM: entered Run (phase=RunPhase1) with current time: 2010  6  1  0 30  0   0
20260914 093734.114 INFO             PET1     TAWAS Advance(): --- VMK::log() start -------------------------------------
20260914 093734.114 INFO             PET1     TAWAS Advance(): vm located at: 0x10f32d0
20260914 093734.114 INFO             PET1     TAWAS Advance(): mpionly=1 threadsflag=0
20260914 093734.114 INFO             PET1     TAWAS Advance(): ssiCount=1 localSsi=0
20260914 093734.114 INFO             PET1     TAWAS Advance(): devCount=0 ssiLocalDevCount=0
20260914 093734.114 INFO             PET1     TAWAS Advance(): petCount=2 ssiLocalPetCount=2
20260914 093734.114 INFO             PET1     TAWAS Advance(): localPet=1 mypthid=23037969297664 ssiLocalPet=1 currentSsiPe=1
20260914 093734.114 INFO             PET1     TAWAS Advance(): Current system level affinity pinning for local PET:
20260914 093734.114 INFO             PET1     TAWAS Advance():  SSIPE=1
20260914 093734.114 INFO             PET1     TAWAS Advance(): Current system level OMP_NUM_THREADS setting for local PET: 1
20260914 093734.114 INFO             PET1     TAWAS Advance(): Current system level OMP_NUM_PROCS setting for local PET: 2
20260914 093734.114 INFO             PET1     TAWAS Advance(): ESMF level logical PET->PE association (but consider system level affinity pinning!):
20260914 093734.114 INFO             PET1     TAWAS Advance(): PET=0 lpid=0 tid=0 pid=0 peCount=1 accCount=0
20260914 093734.114 INFO             PET1     TAWAS Advance():  PE=0 SSI=0 SSIPE=0
20260914 093734.114 INFO             PET1     TAWAS Advance(): PET=1 lpid=1 tid=0 pid=1 peCount=1 accCount=0
20260914 093734.114 INFO             PET1     TAWAS Advance():  PE=1 SSI=0 SSIPE=1
20260914 093734.114 INFO             PET1     TAWAS Advance(): --- VMK::log() end ---------------------------------------
20260914 093734.114 INFO             PET1     thread_num=   0   currentSsiPe=   1   num_threads=   1   max_threads=   1   num_procs=   2
20260914 093734.114 INFO             PET1     ------>Advancing TAWAS from: 2010  6  1  0 30  0   0
20260914 093734.114 INFO             PET1     ---------------------> to: 2010  6  1  0 45  0   0
20260914 093734.115 INFO             PET1     <<<ATM: leaving Run (phase=RunPhase1) with current time: 2010  6  1  0 45  0   0
20260914 093734.115 INFO             PET1   ATM: Run extro.
20260914 093734.115 INFO             PET1   ATM-TO-ESMX_Driver: Run intro.
20260914 093734.115 INFO             PET1     >>>ATM-TO-ESMX_Driver entered Run (phase=RunPhase1)
20260914 093734.116 INFO             PET1     <<<ATM-TO-ESMX_Driver leaving Run (phase=RunPhase1)
20260914 093734.116 INFO             PET1   ATM-TO-ESMX_Driver: Run extro.
20260914 093734.116 INFO             PET1   OCN-TO-ESMX_Driver: Run intro.
20260914 093734.116 INFO             PET1     >>>OCN-TO-ESMX_Driver entered Run (phase=RunPhase1)
20260914 093734.118 INFO             PET1     <<<OCN-TO-ESMX_Driver leaving Run (phase=RunPhase1)
20260914 093734.118 INFO             PET1   OCN-TO-ESMX_Driver: Run extro.
20260914 093734.118 INFO             PET1   <<<ESMX_Driver: leaving Run (phase=RunPhase1) with current time: 2010  6  1  0 45  0   0
20260914 093734.118 INFO             PET1 ESMX_Driver: Run extro.
20260914 093734.118 INFO             PET1 ESMX_Driver: Run intro.
20260914 093734.118 INFO             PET1   >>>ESMX_Driver: entered Run (phase=RunPhase1) with current time: 2010  6  1  0 45  0   0
20260914 093734.119 INFO             PET1   ESMX_Driver-TO-ATM: Run intro.
20260914 093734.119 INFO             PET1     >>>ESMX_Driver-TO-ATM entered Run (phase=RunPhase1)
20260914 093734.119 INFO             PET1     <<<ESMX_Driver-TO-ATM leaving Run (phase=RunPhase1)
20260914 093734.119 INFO             PET1   ESMX_Driver-TO-ATM: Run extro.
20260914 093734.119 INFO             PET1   ESMX_Driver-TO-OCN: Run intro.
20260914 093734.119 INFO             PET1     >>>ESMX_Driver-TO-OCN entered Run (phase=RunPhase1)
20260914 093734.119 INFO             PET1     <<<ESMX_Driver-TO-OCN leaving Run (phase=RunPhase1)
20260914 093734.119 INFO             PET1   ESMX_Driver-TO-OCN: Run extro.
20260914 093734.120 INFO             PET1   ATM-TO-OCN: Run intro.
20260914 093734.120 INFO             PET1     >>>ATM-TO-OCN entered Run (phase=RunPhase1)
20260914 093734.121 INFO             PET1     <<<ATM-TO-OCN leaving Run (phase=RunPhase1)
20260914 093734.121 INFO             PET1   ATM-TO-OCN: Run extro.
20260914 093734.121 INFO             PET1   OCN-TO-ATM: Run intro.
20260914 093734.121 INFO             PET1     >>>OCN-TO-ATM entered Run (phase=RunPhase1)
20260914 093734.122 INFO             PET1     <<<OCN-TO-ATM leaving Run (phase=RunPhase1)
20260914 093734.122 INFO             PET1   OCN-TO-ATM: Run extro.
20260914 093734.123 INFO             PET1   ATM: Run intro.
20260914 093734.123 INFO             PET1     >>>ATM: entered Run (phase=RunPhase1) with current time: 2010  6  1  0 45  0   0
20260914 093734.123 INFO             PET1     TAWAS Advance(): --- VMK::log() start -------------------------------------
20260914 093734.123 INFO             PET1     TAWAS Advance(): vm located at: 0x10f32d0
20260914 093734.123 INFO             PET1     TAWAS Advance(): mpionly=1 threadsflag=0
20260914 093734.123 INFO             PET1     TAWAS Advance(): ssiCount=1 localSsi=0
20260914 093734.123 INFO             PET1     TAWAS Advance(): devCount=0 ssiLocalDevCount=0
20260914 093734.123 INFO             PET1     TAWAS Advance(): petCount=2 ssiLocalPetCount=2
20260914 093734.123 INFO             PET1     TAWAS Advance(): localPet=1 mypthid=23037969297664 ssiLocalPet=1 currentSsiPe=1
20260914 093734.123 INFO             PET1     TAWAS Advance(): Current system level affinity pinning for local PET:
20260914 093734.123 INFO             PET1     TAWAS Advance():  SSIPE=1
20260914 093734.123 INFO             PET1     TAWAS Advance(): Current system level OMP_NUM_THREADS setting for local PET: 1
20260914 093734.123 INFO             PET1     TAWAS Advance(): Current system level OMP_NUM_PROCS setting for local PET: 2
20260914 093734.123 INFO             PET1     TAWAS Advance(): ESMF level logical PET->PE association (but consider system level affinity pinning!):
20260914 093734.123 INFO             PET1     TAWAS Advance(): PET=0 lpid=0 tid=0 pid=0 peCount=1 accCount=0
20260914 093734.123 INFO             PET1     TAWAS Advance():  PE=0 SSI=0 SSIPE=0
20260914 093734.123 INFO             PET1     TAWAS Advance(): PET=1 lpid=1 tid=0 pid=1 peCount=1 accCount=0
20260914 093734.123 INFO             PET1     TAWAS Advance():  PE=1 SSI=0 SSIPE=1
20260914 093734.123 INFO             PET1     TAWAS Advance(): --- VMK::log() end ---------------------------------------
20260914 093734.123 INFO             PET1     thread_num=   0   currentSsiPe=   1   num_threads=   1   max_threads=   1   num_procs=   2
20260914 093734.123 INFO             PET1     ------>Advancing TAWAS from: 2010  6  1  0 45  0   0
20260914 093734.123 INFO             PET1     ---------------------> to: 2010  6  1  1  0  0   0
20260914 093734.124 INFO             PET1     <<<ATM: leaving Run (phase=RunPhase1) with current time: 2010  6  1  1  0  0   0
20260914 093734.124 INFO             PET1   ATM: Run extro.
20260914 093734.124 INFO             PET1   ATM-TO-ESMX_Driver: Run intro.
20260914 093734.124 INFO             PET1     >>>ATM-TO-ESMX_Driver entered Run (phase=RunPhase1)
20260914 093734.125 INFO             PET1     <<<ATM-TO-ESMX_Driver leaving Run (phase=RunPhase1)
20260914 093734.125 INFO             PET1   ATM-TO-ESMX_Driver: Run extro.
20260914 093734.125 INFO             PET1   OCN-TO-ESMX_Driver: Run intro.
20260914 093734.125 INFO             PET1     >>>OCN-TO-ESMX_Driver entered Run (phase=RunPhase1)
20260914 093734.126 INFO             PET1     <<<OCN-TO-ESMX_Driver leaving Run (phase=RunPhase1)
20260914 093734.126 INFO             PET1   OCN-TO-ESMX_Driver: Run extro.
20260914 093734.127 INFO             PET1   <<<ESMX_Driver: leaving Run (phase=RunPhase1) with current time: 2010  6  1  1  0  0   0
20260914 093734.127 INFO             PET1 ESMX_Driver: Run extro.
20260914 093734.127 INFO             PET1 ESMX_Driver: Finalize intro.
20260914 093734.127 INFO             PET1   >>>ESMX_Driver: entered Finalize (phase=FinalizePhase1) with current time: 2010  6  1  1  0  0   0
20260914 093734.127 INFO             PET1   Calling Finalize phase 1 for connectorComp: ESMX_Driver-TO-ATM
20260914 093734.127 INFO             PET1   ESMX_Driver-TO-ATM: Finalize intro.
20260914 093734.128 INFO             PET1   ESMX_Driver-TO-ATM: Finalize extro.
20260914 093734.128 INFO             PET1   Calling Finalize phase 1 for connectorComp: ESMX_Driver-TO-OCN
20260914 093734.128 INFO             PET1   ESMX_Driver-TO-OCN: Finalize intro.
20260914 093734.128 INFO             PET1   ESMX_Driver-TO-OCN: Finalize extro.
20260914 093734.128 INFO             PET1   Calling Finalize phase 1 for connectorComp: ATM-TO-ESMX_Driver
20260914 093734.129 INFO             PET1   ATM-TO-ESMX_Driver: Finalize intro.
20260914 093734.129 INFO             PET1   ATM-TO-ESMX_Driver: Finalize extro.
20260914 093734.129 INFO             PET1   Calling Finalize phase 1 for connectorComp: ATM-TO-OCN
20260914 093734.130 INFO             PET1   ATM-TO-OCN: Finalize intro.
20260914 093734.130 INFO             PET1   ATM-TO-OCN: Finalize extro.
20260914 093734.130 INFO             PET1   Calling Finalize phase 1 for connectorComp: OCN-TO-ESMX_Driver
20260914 093734.130 INFO             PET1   OCN-TO-ESMX_Driver: Finalize intro.
20260914 093734.131 INFO             PET1   OCN-TO-ESMX_Driver: Finalize extro.
20260914 093734.131 INFO             PET1   Calling Finalize phase 1 for connectorComp: OCN-TO-ATM
20260914 093734.131 INFO             PET1   OCN-TO-ATM: Finalize intro.
20260914 093734.132 INFO             PET1   OCN-TO-ATM: Finalize extro.
20260914 093734.132 INFO             PET1   Calling Finalize phase 1 for modelComp: ATM
20260914 093734.132 INFO             PET1   ATM: Finalize intro.
20260914 093734.132 INFO             PET1     >>>ATM: entered Finalize (phase=FinalizePhase1) with current time: 2010  6  1  1  0  0   0
20260914 093734.132 INFO             PET1     <<<ATM: leaving Finalize (phase=FinalizePhase1) with current time: 2010  6  1  1  0  0   0
20260914 093734.132 INFO             PET1   ATM: Finalize extro.
20260914 093734.132 INFO             PET1   Calling Finalize phase 1 for modelComp: OCN
20260914 093734.132 INFO             PET1   Delete modelComp: ATM
20260914 093734.133 INFO             PET1   Delete modelComp: OCN
20260914 093734.133 INFO             PET1   Delete connectorComp: ESMX_Driver-TO-ATM
20260914 093734.133 INFO             PET1   Delete connectorComp: ESMX_Driver-TO-OCN
20260914 093734.133 INFO             PET1   Delete connectorComp: ATM-TO-ESMX_Driver
20260914 093734.133 INFO             PET1   Delete connectorComp: OCN-TO-ESMX_Driver
20260914 093734.134 INFO             PET1   Delete connectorComp: ATM-TO-OCN
20260914 093734.134 INFO             PET1   Delete connectorComp: OCN-TO-ATM
20260914 093734.134 INFO             PET1   <<<ESMX_Driver: leaving Finalize (phase=FinalizePhase1) with current time: 2010  6  1  1  0  0   0
20260914 093734.134 INFO             PET1 ESMX_Driver: Finalize extro.
20260914 093734.135 INFO             PET1 externalApp FINISHED
20260914 093734.135 INFO             PET1  Finalizing ESMF
20260914 093731.059 INFO             PET2 !!!!!!!!!!!!!!!!!!!!!!!!!!!!!!!!!!!!!!!!!!!!!!!!!!!!!!
20260914 093731.059 INFO             PET2 !!! THE ESMF_LOG IS SET TO OUTPUT ALL LOG MESSAGES !!!
20260914 093731.059 INFO             PET2 !!!     THIS MAY CAUSE SLOWDOWN IN PERFORMANCE     !!!
20260914 093731.060 INFO             PET2 !!! FOR PRODUCTION RUNS, USE:                      !!!
20260914 093731.060 INFO             PET2 !!!                   ESMF_LOGKIND_Multi_On_Error  !!!
20260914 093731.060 INFO             PET2 !!!!!!!!!!!!!!!!!!!!!!!!!!!!!!!!!!!!!!!!!!!!!!!!!!!!!!
20260914 093731.060 INFO             PET2 Running with ESMF Version   : v9.0.0b18
20260914 093731.060 INFO             PET2 ESMF library build date/time: "Sep 14 2026" "07:39:54"
20260914 093731.060 INFO             PET2 ESMF library build location : /scratch3/NCEPDEV/stmp/Gerhard.Theurich/ESMF-Nightly-Testing-Hera/nvhpc_24.1_openmpi_g_develop/esmf
20260914 093731.060 INFO             PET2 ESMF_COMM                   : openmpi
20260914 093731.061 INFO             PET2 ESMF_MOAB                   : enabled
20260914 093731.061 INFO             PET2 ESMF_LAPACK                 : enabled
20260914 093731.061 INFO             PET2 ESMF_NETCDF                 : disabled
20260914 093731.061 INFO             PET2 ESMF_PNETCDF                : disabled
20260914 093731.061 INFO             PET2 ESMF_PIO                    : disabled
20260914 093731.061 INFO             PET2 ESMF_YAMLCPP                : enabled
20260914 093731.064 INFO             PET2 externalApp STARTING
20260914 093731.205 INFO             PET2 ESMX_Driver - Creating model component ATM with petList of size 2 :
20260914 093731.205 INFO             PET2       0      1
20260914 093731.205 DEBUG            PET2 Generic SetVM() is executing for: ATM
20260914 093731.205 DEBUG            PET2 Generic SetVM() found no NUOPC Hint for: ATM
20260914 093731.205 DEBUG            PET2 Generic SetVM() therefore is NOT calling ESMF_GridCompSetVMMaxPEs() for: ATM
20260914 093731.246 INFO             PET2 ESMX_Driver - Creating model component OCN with petList of size 2 :
20260914 093731.246 INFO             PET2       2      3
20260914 093731.246 DEBUG            PET2 Generic SetVM() is executing for: OCN
20260914 093731.247 DEBUG            PET2 Generic SetVM() found no NUOPC Hint for: OCN
20260914 093731.247 DEBUG            PET2 Generic SetVM() therefore is NOT calling ESMF_GridCompSetVMMaxPEs() for: OCN
20260914 093731.273 INFO             PET2 ESMX_Driver - Creating connector component ESMX_Driver-TO-ATM without petList.
20260914 093731.296 INFO             PET2 ESMX_Driver - Creating connector component ESMX_Driver-TO-OCN without petList.
20260914 093731.316 INFO             PET2 ESMX_Driver - Creating connector component ATM-TO-ESMX_Driver without petList.
20260914 093731.337 INFO             PET2 ESMX_Driver - Creating connector component OCN-TO-ESMX_Driver without petList.
20260914 093731.362 INFO             PET2 OCN: InitializeP0 intro.
20260914 093731.363 INFO             PET2   >>>OCN: entered Initialize (phase=<none>) without valid internal Clock.
20260914 093731.369 INFO             PET2   <<<OCN: leaving Initialize (phase=<none>) without valid internal Clock.
20260914 093731.369 INFO             PET2 OCN: InitializeP0 extro.
20260914 093731.379 INFO             PET2 ESMX_Driver-TO-ATM: InitializeP0 intro.
20260914 093731.381 INFO             PET2 ESMX_Driver-TO-ATM: InitializeP0 extro.
20260914 093731.384 INFO             PET2 ESMX_Driver-TO-OCN: InitializeP0 intro.
20260914 093731.386 INFO             PET2 ESMX_Driver-TO-OCN: InitializeP0 extro.
20260914 093731.388 INFO             PET2 ATM-TO-ESMX_Driver: InitializeP0 intro.
20260914 093731.390 INFO             PET2 ATM-TO-ESMX_Driver: InitializeP0 extro.
20260914 093731.392 INFO             PET2 OCN-TO-ESMX_Driver: InitializeP0 intro.
20260914 093731.394 INFO             PET2 OCN-TO-ESMX_Driver: InitializeP0 extro.
20260914 093731.403 INFO             PET2 ESMX_Driver - Creating connector component ATM-TO-OCN with petList of size 4 :
20260914 093731.403 INFO             PET2       0      1      2      3
20260914 093731.427 INFO             PET2 ESMX_Driver - Setting Verbosity on created component to: low
20260914 093731.427 INFO             PET2 ESMX_Driver - Setting Profiling on created component to:          0
20260914 093731.427 INFO             PET2 ESMX_Driver - Creating connector component OCN-TO-ATM with petList of size 4 :
20260914 093731.428 INFO             PET2       2      3      0      1
20260914 093731.450 INFO             PET2 ESMX_Driver - Setting Verbosity on created component to: low
20260914 093731.451 INFO             PET2 ESMX_Driver - Setting Profiling on created component to:          0
20260914 093731.459 INFO             PET2 ESMX_Driver: IInitAdvertise intro.
20260914 093731.461 INFO             PET2   >>>ESMX_Driver: entered Initialize (phase=<none>) with current time: 2010  6  1  0  0  0   0
20260914 093731.461 INFO             PET2   <<<ESMX_Driver: leaving Initialize (phase=<none>) with current time: 2010  6  1  0  0  0   0
20260914 093731.461 INFO             PET2 ESMX_Driver: IInitAdvertise extro.
20260914 093731.462 INFO             PET2 OCN: InitializeIPDvXp01 intro.
20260914 093731.463 INFO             PET2   >>>OCN: entered Initialize (phase=IPDvXp01) without valid internal Clock.
20260914 093731.478 INFO             PET2   <<<OCN: leaving Initialize (phase=IPDvXp01) without valid internal Clock.
20260914 093731.478 INFO             PET2 OCN: InitializeIPDvXp01 extro.
20260914 093731.483 INFO             PET2 ATM-TO-ESMX_Driver: InitializeIPDv05p1 intro.
20260914 093731.499 INFO             PET2 ATM-TO-ESMX_Driver: InitializeIPDv05p1 extro.
20260914 093731.500 INFO             PET2 ATM-TO-OCN: InitializeIPDv05p1 intro.
20260914 093731.515 INFO             PET2 ATM-TO-OCN: InitializeIPDv05p1 extro.
20260914 093731.516 INFO             PET2 OCN-TO-ESMX_Driver: InitializeIPDv05p1 intro.
20260914 093731.529 INFO             PET2 OCN-TO-ESMX_Driver: InitializeIPDv05p1 extro.
20260914 093731.529 INFO             PET2 OCN-TO-ATM: InitializeIPDv05p1 intro.
20260914 093731.545 INFO             PET2 OCN-TO-ATM: InitializeIPDv05p1 extro.
20260914 093731.546 INFO             PET2 ESMX_Driver-TO-ATM: InitializeIPDv05p1 intro.
20260914 093731.552 INFO             PET2 ESMX_Driver-TO-ATM: InitializeIPDv05p1 extro.
20260914 093731.553 INFO             PET2 ESMX_Driver-TO-OCN: InitializeIPDv05p1 intro.
20260914 093731.558 INFO             PET2 ESMX_Driver-TO-OCN: InitializeIPDv05p1 extro.
20260914 093731.559 INFO             PET2 ESMX_Driver: IInitAdvertiseFinish intro.
20260914 093731.559 INFO             PET2   >>>ESMX_Driver: entered Initialize (phase=<none>) with current time: 2010  6  1  0  0  0   0
20260914 093731.560 INFO             PET2   <<<ESMX_Driver: leaving Initialize (phase=<none>) with current time: 2010  6  1  0  0  0   0
20260914 093731.560 INFO             PET2 ESMX_Driver: IInitAdvertiseFinish extro.
20260914 093731.561 INFO             PET2 ATM-TO-ESMX_Driver: InitializeIPDv05p2a intro.
20260914 093731.575 INFO             PET2 ATM-TO-ESMX_Driver: InitializeIPDv05p2a extro.
20260914 093731.576 INFO             PET2 ATM-TO-OCN: InitializeIPDv05p2a intro.
20260914 093731.591 INFO             PET2 ATM-TO-OCN: InitializeIPDv05p2a extro.
20260914 093731.592 INFO             PET2 OCN-TO-ESMX_Driver: InitializeIPDv05p2a intro.
20260914 093731.605 INFO             PET2 OCN-TO-ESMX_Driver: InitializeIPDv05p2a extro.
20260914 093731.606 INFO             PET2 OCN-TO-ATM: InitializeIPDv05p2a intro.
20260914 093731.622 INFO             PET2 OCN-TO-ATM: InitializeIPDv05p2a extro.
20260914 093731.622 INFO             PET2 ESMX_Driver-TO-ATM: InitializeIPDv05p2a intro.
20260914 093731.629 INFO             PET2 ESMX_Driver-TO-ATM: InitializeIPDv05p2a extro.
20260914 093731.630 INFO             PET2 ESMX_Driver-TO-OCN: InitializeIPDv05p2a intro.
20260914 093731.635 INFO             PET2 ESMX_Driver-TO-OCN: InitializeIPDv05p2a extro.
20260914 093731.636 INFO             PET2 ATM-TO-ESMX_Driver: InitializeIPDv05p2b intro.
20260914 093731.649 INFO             PET2 ATM-TO-ESMX_Driver: InitializeIPDv05p2b extro.
20260914 093731.650 INFO             PET2 ATM-TO-OCN: InitializeIPDv05p2b intro.
20260914 093731.665 INFO             PET2 ATM-TO-OCN: InitializeIPDv05p2b extro.
20260914 093731.666 INFO             PET2 OCN-TO-ESMX_Driver: InitializeIPDv05p2b intro.
20260914 093731.679 INFO             PET2 OCN-TO-ESMX_Driver: InitializeIPDv05p2b extro.
20260914 093731.680 INFO             PET2 OCN-TO-ATM: InitializeIPDv05p2b intro.
20260914 093731.697 INFO             PET2 OCN-TO-ATM: InitializeIPDv05p2b extro.
20260914 093731.697 INFO             PET2 ESMX_Driver-TO-ATM: InitializeIPDv05p2b intro.
20260914 093731.704 INFO             PET2 ESMX_Driver-TO-ATM: InitializeIPDv05p2b extro.
20260914 093731.705 INFO             PET2 ESMX_Driver-TO-OCN: InitializeIPDv05p2b intro.
20260914 093731.710 INFO             PET2 ESMX_Driver-TO-OCN: InitializeIPDv05p2b extro.
20260914 093731.711 INFO             PET2 ESMX_Driver: IInitModifyCplLists intro.
20260914 093731.711 INFO             PET2   >>>ESMX_Driver: entered Initialize (phase=<none>) with current time: 2010  6  1  0  0  0   0
20260914 093731.716 INFO             PET2   <<<ESMX_Driver: leaving Initialize (phase=<none>) with current time: 2010  6  1  0  0  0   0
20260914 093731.716 INFO             PET2 ESMX_Driver: IInitModifyCplLists extro.
20260914 093731.717 INFO             PET2 ATM-TO-ESMX_Driver: InitializeIPDv05p3 intro.
20260914 093731.731 INFO             PET2 ATM-TO-ESMX_Driver: InitializeIPDv05p3 extro.
20260914 093731.732 INFO             PET2 ATM-TO-OCN: InitializeIPDv05p3 intro.
20260914 093731.748 INFO             PET2 ATM-TO-OCN: InitializeIPDv05p3 extro.
20260914 093731.749 INFO             PET2 OCN-TO-ESMX_Driver: InitializeIPDv05p3 intro.
20260914 093731.764 INFO             PET2 OCN-TO-ESMX_Driver: InitializeIPDv05p3 extro.
20260914 093731.764 INFO             PET2 OCN-TO-ATM: InitializeIPDv05p3 intro.
20260914 093731.782 INFO             PET2 OCN-TO-ATM: InitializeIPDv05p3 extro.
20260914 093731.782 INFO             PET2 ESMX_Driver-TO-ATM: InitializeIPDv05p3 intro.
20260914 093731.790 INFO             PET2 ESMX_Driver-TO-ATM: InitializeIPDv05p3 extro.
20260914 093731.790 INFO             PET2 ESMX_Driver-TO-OCN: InitializeIPDv05p3 intro.
20260914 093731.796 INFO             PET2 ESMX_Driver-TO-OCN: InitializeIPDv05p3 extro.
20260914 093731.797 INFO             PET2 ESMX_Driver: InitializeIPDv02p3 intro.
20260914 093731.797 INFO             PET2   >>>ESMX_Driver: entered Initialize (phase=ExternalRealize) with current time: 2010  6  1  0  0  0   0
20260914 093731.798 INFO             PET2   ESMX_Driver: IInitCheck intro.
20260914 093731.798 INFO             PET2     >>>ESMX_Driver: entered Initialize (phase=<none>) with current time: 2010  6  1  0  0  0   0
20260914 093731.801 INFO             PET2     <<<ESMX_Driver: leaving Initialize (phase=<none>) with current time: 2010  6  1  0  0  0   0
20260914 093731.801 INFO             PET2   ESMX_Driver: IInitCheck extro.
20260914 093731.802 INFO             PET2   OCN: InitializeIPDvXp04 intro.
20260914 093731.803 INFO             PET2     >>>OCN: entered Initialize (phase=IPDvXp04) without valid internal Clock.
20260914 093732.142 INFO             PET2     <<<OCN: leaving Initialize (phase=IPDvXp04) without valid internal Clock.
20260914 093732.142 INFO             PET2   OCN: InitializeIPDvXp04 extro.
20260914 093732.148 INFO             PET2   ATM-TO-ESMX_Driver: InitializeIPDv05p4 intro.
20260914 093732.172 INFO             PET2   ATM-TO-ESMX_Driver: InitializeIPDv05p4 extro.
20260914 093732.173 INFO             PET2   ATM-TO-OCN: InitializeIPDv05p4 intro.
20260914 093732.203 INFO             PET2   ATM-TO-OCN: InitializeIPDv05p4 extro.
20260914 093732.203 INFO             PET2   OCN-TO-ESMX_Driver: InitializeIPDv05p4 intro.
20260914 093732.232 INFO             PET2   OCN-TO-ESMX_Driver: InitializeIPDv05p4 extro.
20260914 093732.233 INFO             PET2   OCN-TO-ATM: InitializeIPDv05p4 intro.
20260914 093732.266 INFO             PET2   OCN-TO-ATM: InitializeIPDv05p4 extro.
20260914 093732.267 INFO             PET2   ESMX_Driver-TO-ATM: InitializeIPDv05p4 intro.
20260914 093732.280 INFO             PET2   ESMX_Driver-TO-ATM: InitializeIPDv05p4 extro.
20260914 093732.281 INFO             PET2   ESMX_Driver-TO-OCN: InitializeIPDv05p4 intro.
20260914 093732.291 INFO             PET2   ESMX_Driver-TO-OCN: InitializeIPDv05p4 extro.
20260914 093732.292 INFO             PET2   ATM-TO-ESMX_Driver: InitializeIPDv05p5 intro.
20260914 093732.399 INFO             PET2   ATM-TO-ESMX_Driver: InitializeIPDv05p5 extro.
20260914 093732.400 INFO             PET2   ATM-TO-OCN: InitializeIPDv05p5 intro.
20260914 093732.431 INFO             PET2   ATM-TO-OCN: InitializeIPDv05p5 extro.
20260914 093732.432 INFO             PET2   OCN-TO-ESMX_Driver: InitializeIPDv05p5 intro.
20260914 093732.557 INFO             PET2   OCN-TO-ESMX_Driver: InitializeIPDv05p5 extro.
20260914 093732.558 INFO             PET2   OCN-TO-ATM: InitializeIPDv05p5 intro.
20260914 093732.591 INFO             PET2   OCN-TO-ATM: InitializeIPDv05p5 extro.
20260914 093732.592 INFO             PET2   ESMX_Driver-TO-ATM: InitializeIPDv05p5 intro.
20260914 093732.606 INFO             PET2   ESMX_Driver-TO-ATM: InitializeIPDv05p5 extro.
20260914 093732.607 INFO             PET2   ESMX_Driver-TO-OCN: InitializeIPDv05p5 intro.
20260914 093732.617 INFO             PET2   ESMX_Driver-TO-OCN: InitializeIPDv05p5 extro.
20260914 093732.617 INFO             PET2   ESMX_Driver: IInitRealize intro.
20260914 093732.618 INFO             PET2     >>>ESMX_Driver: entered Initialize (phase=<none>) with current time: 2010  6  1  0  0  0   0
20260914 093732.620 INFO             PET2     <<<ESMX_Driver: leaving Initialize (phase=<none>) with current time: 2010  6  1  0  0  0   0
20260914 093732.620 INFO             PET2   ESMX_Driver: IInitRealize extro.
20260914 093732.621 INFO             PET2   ATM-TO-ESMX_Driver: InitializeIPDv05p6a intro.
20260914 093732.647 INFO             PET2   ATM-TO-ESMX_Driver: InitializeIPDv05p6a extro.
20260914 093732.648 INFO             PET2   ATM-TO-OCN: InitializeIPDv05p6a intro.
20260914 093732.676 INFO             PET2   ATM-TO-OCN: InitializeIPDv05p6a extro.
20260914 093732.677 INFO             PET2   OCN-TO-ESMX_Driver: InitializeIPDv05p6a intro.
20260914 093732.704 INFO             PET2   OCN-TO-ESMX_Driver: InitializeIPDv05p6a extro.
20260914 093732.705 INFO             PET2   OCN-TO-ATM: InitializeIPDv05p6a intro.
20260914 093732.737 INFO             PET2   OCN-TO-ATM: InitializeIPDv05p6a extro.
20260914 093732.738 INFO             PET2   ESMX_Driver-TO-ATM: InitializeIPDv05p6a intro.
20260914 093732.752 INFO             PET2   ESMX_Driver-TO-ATM: InitializeIPDv05p6a extro.
20260914 093732.752 INFO             PET2   ESMX_Driver-TO-OCN: InitializeIPDv05p6a intro.
20260914 093732.762 INFO             PET2   ESMX_Driver-TO-OCN: InitializeIPDv05p6a extro.
20260914 093732.762 INFO             PET2   ATM-TO-ESMX_Driver: InitializeIPDv05p6b intro.
20260914 093732.804 INFO             PET2   ATM-TO-ESMX_Driver: InitializeIPDv05p6b extro.
20260914 093732.805 INFO             PET2   ATM-TO-OCN: InitializeIPDv05p6b intro.
20260914 093733.472 INFO             PET2   ATM-TO-OCN: InitializeIPDv05p6b extro.
20260914 093733.473 INFO             PET2   OCN-TO-ESMX_Driver: InitializeIPDv05p6b intro.
20260914 093733.520 INFO             PET2   OCN-TO-ESMX_Driver: InitializeIPDv05p6b extro.
20260914 093733.521 INFO             PET2   OCN-TO-ATM: InitializeIPDv05p6b intro.
20260914 093734.066 INFO             PET2   OCN-TO-ATM: InitializeIPDv05p6b extro.
20260914 093734.066 INFO             PET2   ESMX_Driver-TO-ATM: InitializeIPDv05p6b intro.
20260914 093734.067 INFO             PET2   ESMX_Driver-TO-ATM: InitializeIPDv05p6b extro.
20260914 093734.068 INFO             PET2   ESMX_Driver-TO-OCN: InitializeIPDv05p6b intro.
20260914 093734.069 INFO             PET2   ESMX_Driver-TO-OCN: InitializeIPDv05p6b extro.
20260914 093734.070 INFO             PET2   OCN: InitializeIPDvXp07 intro.
20260914 093734.070 INFO             PET2     >>>OCN: entered Initialize (phase=IPDvXp07) without valid internal Clock.
20260914 093734.071 INFO             PET2     <<<OCN: leaving Initialize (phase=IPDvXp07) with current time: 2010  6  1  0  0  0   0
20260914 093734.071 INFO             PET2   OCN: InitializeIPDvXp07 extro.
20260914 093734.072 INFO             PET2   <<<ESMX_Driver: leaving Initialize (phase=ExternalRealize) with current time: 2010  6  1  0  0  0   0
20260914 093734.072 INFO             PET2 ESMX_Driver: InitializeIPDv02p3 extro.
20260914 093734.072 INFO             PET2 ESMX_Driver: InitializeIPDv02p5 intro.
20260914 093734.073 INFO             PET2   >>>ESMX_Driver: entered Initialize (phase=ExternalDataInitialize) with current time: 2010  6  1  0  0  0   0
20260914 093734.074 INFO             PET2   ESMX_Driver: InitializeIPDv02p5Data intro.
20260914 093734.074 INFO             PET2     >>>ESMX_Driver: entered Initialize (phase=ExternalDataInitialize) with current time: 2010  6  1  0  0  0   0
20260914 093734.075 INFO             PET2     ESMX_Driver: InternalInitializeComplete intro.
20260914 093734.075 INFO             PET2       >>>ESMX_Driver: entered Initialize (phase=<none>) with current time: 2010  6  1  0  0  0   0
20260914 093734.075 INFO             PET2       <<<ESMX_Driver: leaving Initialize (phase=<none>) with current time: 2010  6  1  0  0  0   0
20260914 093734.075 INFO             PET2     ESMX_Driver: InternalInitializeComplete extro.
20260914 093734.076 INFO             PET2     OCN: InitializeIPDv01p5 intro.
20260914 093734.076 INFO             PET2       >>>OCN: entered Initialize (phase=IPDvXp08) with current time: 2010  6  1  0  0  0   0
20260914 093734.077 INFO             PET2       <<<OCN: leaving Initialize (phase=IPDvXp08) with current time: 2010  6  1  0  0  0   0
20260914 093734.077 INFO             PET2     OCN: InitializeIPDv01p5 extro.
20260914 093734.083 INFO             PET2     ESMX_Driver: loopDataDependentInitialize intro.
20260914 093734.083 INFO             PET2       >>>ESMX_Driver: entered Initialize (phase=ExternalDataInitialize) with current time: 2010  6  1  0  0  0   0
20260914 093734.084 INFO             PET2       ATM-TO-ESMX_Driver: Run intro.
20260914 093734.084 INFO             PET2         >>>ATM-TO-ESMX_Driver entered Run (phase=RunPhase1)
20260914 093734.085 INFO             PET2         <<<ATM-TO-ESMX_Driver leaving Run (phase=RunPhase1)
20260914 093734.085 INFO             PET2       ATM-TO-ESMX_Driver: Run extro.
20260914 093734.085 INFO             PET2       OCN-TO-ESMX_Driver: Run intro.
20260914 093734.085 INFO             PET2         >>>OCN-TO-ESMX_Driver entered Run (phase=RunPhase1)
20260914 093734.085 INFO             PET2         <<<OCN-TO-ESMX_Driver leaving Run (phase=RunPhase1)
20260914 093734.086 INFO             PET2       OCN-TO-ESMX_Driver: Run extro.
20260914 093734.086 INFO             PET2       ESMX_Driver: InternalInitializeComplete intro.
20260914 093734.086 INFO             PET2         >>>ESMX_Driver: entered Initialize (phase=<none>) with current time: 2010  6  1  0  0  0   0
20260914 093734.087 INFO             PET2         <<<ESMX_Driver: leaving Initialize (phase=<none>) with current time: 2010  6  1  0  0  0   0
20260914 093734.087 INFO             PET2       ESMX_Driver: InternalInitializeComplete extro.
20260914 093734.087 INFO             PET2       <<<ESMX_Driver: leaving Initialize (phase=ExternalDataInitialize) with current time: 2010  6  1  0  0  0   0
20260914 093734.087 INFO             PET2     ESMX_Driver: loopDataDependentInitialize extro.
20260914 093734.088 INFO             PET2     <<<ESMX_Driver: leaving Initialize (phase=ExternalDataInitialize) with current time: 2010  6  1  0  0  0   0
20260914 093734.088 INFO             PET2   ESMX_Driver: InitializeIPDv02p5Data extro.
20260914 093734.088 INFO             PET2   <<<ESMX_Driver: leaving Initialize (phase=ExternalDataInitialize) with current time: 2010  6  1  0  0  0   0
20260914 093734.088 INFO             PET2 ESMX_Driver: InitializeIPDv02p5 extro.
20260914 093734.089 INFO             PET2 ESMX_Driver: Run intro.
20260914 093734.090 INFO             PET2   >>>ESMX_Driver: entered Run (phase=RunPhase1) with current time: 2010  6  1  0  0  0   0
20260914 093734.090 INFO             PET2   ESMX_Driver-TO-ATM: Run intro.
20260914 093734.090 INFO             PET2     >>>ESMX_Driver-TO-ATM entered Run (phase=RunPhase1)
20260914 093734.090 INFO             PET2     <<<ESMX_Driver-TO-ATM leaving Run (phase=RunPhase1)
20260914 093734.090 INFO             PET2   ESMX_Driver-TO-ATM: Run extro.
20260914 093734.091 INFO             PET2   ESMX_Driver-TO-OCN: Run intro.
20260914 093734.091 INFO             PET2     >>>ESMX_Driver-TO-OCN entered Run (phase=RunPhase1)
20260914 093734.091 INFO             PET2     <<<ESMX_Driver-TO-OCN leaving Run (phase=RunPhase1)
20260914 093734.091 INFO             PET2   ESMX_Driver-TO-OCN: Run extro.
20260914 093734.092 INFO             PET2   ATM-TO-OCN: Run intro.
20260914 093734.092 INFO             PET2     >>>ATM-TO-OCN entered Run (phase=RunPhase1)
20260914 093734.093 INFO             PET2     <<<ATM-TO-OCN leaving Run (phase=RunPhase1)
20260914 093734.093 INFO             PET2   ATM-TO-OCN: Run extro.
20260914 093734.093 INFO             PET2   OCN-TO-ATM: Run intro.
20260914 093734.094 INFO             PET2     >>>OCN-TO-ATM entered Run (phase=RunPhase1)
20260914 093734.094 INFO             PET2     <<<OCN-TO-ATM leaving Run (phase=RunPhase1)
20260914 093734.094 INFO             PET2   OCN-TO-ATM: Run extro.
20260914 093734.095 INFO             PET2   OCN: Run intro.
20260914 093734.095 INFO             PET2     >>>OCN: entered Run (phase=RunPhase1) with current time: 2010  6  1  0  0  0   0
20260914 093734.095 INFO             PET2     LUMO Advance(): --- VMK::log() start -------------------------------------
20260914 093734.095 INFO             PET2     LUMO Advance(): vm located at: 0x1c90a40
20260914 093734.095 INFO             PET2     LUMO Advance(): mpionly=1 threadsflag=0
20260914 093734.095 INFO             PET2     LUMO Advance(): ssiCount=1 localSsi=0
20260914 093734.095 INFO             PET2     LUMO Advance(): devCount=0 ssiLocalDevCount=0
20260914 093734.095 INFO             PET2     LUMO Advance(): petCount=2 ssiLocalPetCount=2
20260914 093734.095 INFO             PET2     LUMO Advance(): localPet=0 mypthid=23149975929088 ssiLocalPet=0 currentSsiPe=2
20260914 093734.095 INFO             PET2     LUMO Advance(): Current system level affinity pinning for local PET:
20260914 093734.095 INFO             PET2     LUMO Advance():  SSIPE=2
20260914 093734.096 INFO             PET2     LUMO Advance(): Current system level OMP_NUM_THREADS setting for local PET: 1
20260914 093734.096 INFO             PET2     LUMO Advance(): Current system level OMP_NUM_PROCS setting for local PET: 2
20260914 093734.096 INFO             PET2     LUMO Advance(): ESMF level logical PET->PE association (but consider system level affinity pinning!):
20260914 093734.096 INFO             PET2     LUMO Advance(): PET=0 lpid=0 tid=0 pid=2 peCount=1 accCount=0
20260914 093734.096 INFO             PET2     LUMO Advance():  PE=2 SSI=0 SSIPE=2
20260914 093734.096 INFO             PET2     LUMO Advance(): PET=1 lpid=1 tid=0 pid=3 peCount=1 accCount=0
20260914 093734.096 INFO             PET2     LUMO Advance():  PE=3 SSI=0 SSIPE=3
20260914 093734.096 INFO             PET2     LUMO Advance(): --- VMK::log() end ---------------------------------------
20260914 093734.096 INFO             PET2     thread_num=   0   currentSsiPe=   2   num_threads=   1   max_threads=   1   num_procs=   2
20260914 093734.096 INFO             PET2     ------>Advancing LUMO from: 2010  6  1  0  0  0   0
20260914 093734.096 INFO             PET2     ---------------------> to: 2010  6  1  0  5  0   0
20260914 093734.096 INFO             PET2     LUMO Advance(): --- VMK::log() start -------------------------------------
20260914 093734.096 INFO             PET2     LUMO Advance(): vm located at: 0x1c90a40
20260914 093734.096 INFO             PET2     LUMO Advance(): mpionly=1 threadsflag=0
20260914 093734.096 INFO             PET2     LUMO Advance(): ssiCount=1 localSsi=0
20260914 093734.096 INFO             PET2     LUMO Advance(): devCount=0 ssiLocalDevCount=0
20260914 093734.096 INFO             PET2     LUMO Advance(): petCount=2 ssiLocalPetCount=2
20260914 093734.096 INFO             PET2     LUMO Advance(): localPet=0 mypthid=23149975929088 ssiLocalPet=0 currentSsiPe=2
20260914 093734.096 INFO             PET2     LUMO Advance(): Current system level affinity pinning for local PET:
20260914 093734.096 INFO             PET2     LUMO Advance():  SSIPE=2
20260914 093734.096 INFO             PET2     LUMO Advance(): Current system level OMP_NUM_THREADS setting for local PET: 1
20260914 093734.096 INFO             PET2     LUMO Advance(): Current system level OMP_NUM_PROCS setting for local PET: 2
20260914 093734.096 INFO             PET2     LUMO Advance(): ESMF level logical PET->PE association (but consider system level affinity pinning!):
20260914 093734.097 INFO             PET2     LUMO Advance(): PET=0 lpid=0 tid=0 pid=2 peCount=1 accCount=0
20260914 093734.097 INFO             PET2     LUMO Advance():  PE=2 SSI=0 SSIPE=2
20260914 093734.097 INFO             PET2     LUMO Advance(): PET=1 lpid=1 tid=0 pid=3 peCount=1 accCount=0
20260914 093734.097 INFO             PET2     LUMO Advance():  PE=3 SSI=0 SSIPE=3
20260914 093734.097 INFO             PET2     LUMO Advance(): --- VMK::log() end ---------------------------------------
20260914 093734.097 INFO             PET2     thread_num=   0   currentSsiPe=   2   num_threads=   1   max_threads=   1   num_procs=   2
20260914 093734.097 INFO             PET2     ------>Advancing LUMO from: 2010  6  1  0  5  0   0
20260914 093734.097 INFO             PET2     ---------------------> to: 2010  6  1  0 10  0   0
20260914 093734.097 INFO             PET2     LUMO Advance(): --- VMK::log() start -------------------------------------
20260914 093734.097 INFO             PET2     LUMO Advance(): vm located at: 0x1c90a40
20260914 093734.097 INFO             PET2     LUMO Advance(): mpionly=1 threadsflag=0
20260914 093734.097 INFO             PET2     LUMO Advance(): ssiCount=1 localSsi=0
20260914 093734.097 INFO             PET2     LUMO Advance(): devCount=0 ssiLocalDevCount=0
20260914 093734.097 INFO             PET2     LUMO Advance(): petCount=2 ssiLocalPetCount=2
20260914 093734.097 INFO             PET2     LUMO Advance(): localPet=0 mypthid=23149975929088 ssiLocalPet=0 currentSsiPe=2
20260914 093734.097 INFO             PET2     LUMO Advance(): Current system level affinity pinning for local PET:
20260914 093734.097 INFO             PET2     LUMO Advance():  SSIPE=2
20260914 093734.097 INFO             PET2     LUMO Advance(): Current system level OMP_NUM_THREADS setting for local PET: 1
20260914 093734.097 INFO             PET2     LUMO Advance(): Current system level OMP_NUM_PROCS setting for local PET: 2
20260914 093734.097 INFO             PET2     LUMO Advance(): ESMF level logical PET->PE association (but consider system level affinity pinning!):
20260914 093734.097 INFO             PET2     LUMO Advance(): PET=0 lpid=0 tid=0 pid=2 peCount=1 accCount=0
20260914 093734.097 INFO             PET2     LUMO Advance():  PE=2 SSI=0 SSIPE=2
20260914 093734.097 INFO             PET2     LUMO Advance(): PET=1 lpid=1 tid=0 pid=3 peCount=1 accCount=0
20260914 093734.097 INFO             PET2     LUMO Advance():  PE=3 SSI=0 SSIPE=3
20260914 093734.097 INFO             PET2     LUMO Advance(): --- VMK::log() end ---------------------------------------
20260914 093734.097 INFO             PET2     thread_num=   0   currentSsiPe=   2   num_threads=   1   max_threads=   1   num_procs=   2
20260914 093734.097 INFO             PET2     ------>Advancing LUMO from: 2010  6  1  0 10  0   0
20260914 093734.097 INFO             PET2     ---------------------> to: 2010  6  1  0 15  0   0
20260914 093734.097 INFO             PET2     <<<OCN: leaving Run (phase=RunPhase1) with current time: 2010  6  1  0 15  0   0
20260914 093734.097 INFO             PET2   OCN: Run extro.
20260914 093734.098 INFO             PET2   ATM-TO-ESMX_Driver: Run intro.
20260914 093734.098 INFO             PET2     >>>ATM-TO-ESMX_Driver entered Run (phase=RunPhase1)
20260914 093734.098 INFO             PET2     <<<ATM-TO-ESMX_Driver leaving Run (phase=RunPhase1)
20260914 093734.098 INFO             PET2   ATM-TO-ESMX_Driver: Run extro.
20260914 093734.099 INFO             PET2   OCN-TO-ESMX_Driver: Run intro.
20260914 093734.099 INFO             PET2     >>>OCN-TO-ESMX_Driver entered Run (phase=RunPhase1)
20260914 093734.099 INFO             PET2     <<<OCN-TO-ESMX_Driver leaving Run (phase=RunPhase1)
20260914 093734.099 INFO             PET2   OCN-TO-ESMX_Driver: Run extro.
20260914 093734.099 INFO             PET2   <<<ESMX_Driver: leaving Run (phase=RunPhase1) with current time: 2010  6  1  0 15  0   0
20260914 093734.099 INFO             PET2 ESMX_Driver: Run extro.
20260914 093734.100 INFO             PET2 ESMX_Driver: Run intro.
20260914 093734.100 INFO             PET2   >>>ESMX_Driver: entered Run (phase=RunPhase1) with current time: 2010  6  1  0 15  0   0
20260914 093734.100 INFO             PET2   ESMX_Driver-TO-ATM: Run intro.
20260914 093734.100 INFO             PET2     >>>ESMX_Driver-TO-ATM entered Run (phase=RunPhase1)
20260914 093734.100 INFO             PET2     <<<ESMX_Driver-TO-ATM leaving Run (phase=RunPhase1)
20260914 093734.100 INFO             PET2   ESMX_Driver-TO-ATM: Run extro.
20260914 093734.101 INFO             PET2   ESMX_Driver-TO-OCN: Run intro.
20260914 093734.101 INFO             PET2     >>>ESMX_Driver-TO-OCN entered Run (phase=RunPhase1)
20260914 093734.101 INFO             PET2     <<<ESMX_Driver-TO-OCN leaving Run (phase=RunPhase1)
20260914 093734.101 INFO             PET2   ESMX_Driver-TO-OCN: Run extro.
20260914 093734.102 INFO             PET2   ATM-TO-OCN: Run intro.
20260914 093734.102 INFO             PET2     >>>ATM-TO-OCN entered Run (phase=RunPhase1)
20260914 093734.103 INFO             PET2     <<<ATM-TO-OCN leaving Run (phase=RunPhase1)
20260914 093734.103 INFO             PET2   ATM-TO-OCN: Run extro.
20260914 093734.103 INFO             PET2   OCN-TO-ATM: Run intro.
20260914 093734.103 INFO             PET2     >>>OCN-TO-ATM entered Run (phase=RunPhase1)
20260914 093734.104 INFO             PET2     <<<OCN-TO-ATM leaving Run (phase=RunPhase1)
20260914 093734.104 INFO             PET2   OCN-TO-ATM: Run extro.
20260914 093734.105 INFO             PET2   OCN: Run intro.
20260914 093734.105 INFO             PET2     >>>OCN: entered Run (phase=RunPhase1) with current time: 2010  6  1  0 15  0   0
20260914 093734.105 INFO             PET2     LUMO Advance(): --- VMK::log() start -------------------------------------
20260914 093734.105 INFO             PET2     LUMO Advance(): vm located at: 0x1c90a40
20260914 093734.105 INFO             PET2     LUMO Advance(): mpionly=1 threadsflag=0
20260914 093734.105 INFO             PET2     LUMO Advance(): ssiCount=1 localSsi=0
20260914 093734.105 INFO             PET2     LUMO Advance(): devCount=0 ssiLocalDevCount=0
20260914 093734.105 INFO             PET2     LUMO Advance(): petCount=2 ssiLocalPetCount=2
20260914 093734.105 INFO             PET2     LUMO Advance(): localPet=0 mypthid=23149975929088 ssiLocalPet=0 currentSsiPe=2
20260914 093734.105 INFO             PET2     LUMO Advance(): Current system level affinity pinning for local PET:
20260914 093734.105 INFO             PET2     LUMO Advance():  SSIPE=2
20260914 093734.105 INFO             PET2     LUMO Advance(): Current system level OMP_NUM_THREADS setting for local PET: 1
20260914 093734.105 INFO             PET2     LUMO Advance(): Current system level OMP_NUM_PROCS setting for local PET: 2
20260914 093734.105 INFO             PET2     LUMO Advance(): ESMF level logical PET->PE association (but consider system level affinity pinning!):
20260914 093734.105 INFO             PET2     LUMO Advance(): PET=0 lpid=0 tid=0 pid=2 peCount=1 accCount=0
20260914 093734.105 INFO             PET2     LUMO Advance():  PE=2 SSI=0 SSIPE=2
20260914 093734.105 INFO             PET2     LUMO Advance(): PET=1 lpid=1 tid=0 pid=3 peCount=1 accCount=0
20260914 093734.105 INFO             PET2     LUMO Advance():  PE=3 SSI=0 SSIPE=3
20260914 093734.105 INFO             PET2     LUMO Advance(): --- VMK::log() end ---------------------------------------
20260914 093734.105 INFO             PET2     thread_num=   0   currentSsiPe=   2   num_threads=   1   max_threads=   1   num_procs=   2
20260914 093734.105 INFO             PET2     ------>Advancing LUMO from: 2010  6  1  0 15  0   0
20260914 093734.105 INFO             PET2     ---------------------> to: 2010  6  1  0 20  0   0
20260914 093734.106 INFO             PET2     LUMO Advance(): --- VMK::log() start -------------------------------------
20260914 093734.106 INFO             PET2     LUMO Advance(): vm located at: 0x1c90a40
20260914 093734.106 INFO             PET2     LUMO Advance(): mpionly=1 threadsflag=0
20260914 093734.106 INFO             PET2     LUMO Advance(): ssiCount=1 localSsi=0
20260914 093734.106 INFO             PET2     LUMO Advance(): devCount=0 ssiLocalDevCount=0
20260914 093734.106 INFO             PET2     LUMO Advance(): petCount=2 ssiLocalPetCount=2
20260914 093734.106 INFO             PET2     LUMO Advance(): localPet=0 mypthid=23149975929088 ssiLocalPet=0 currentSsiPe=2
20260914 093734.106 INFO             PET2     LUMO Advance(): Current system level affinity pinning for local PET:
20260914 093734.106 INFO             PET2     LUMO Advance():  SSIPE=2
20260914 093734.106 INFO             PET2     LUMO Advance(): Current system level OMP_NUM_THREADS setting for local PET: 1
20260914 093734.106 INFO             PET2     LUMO Advance(): Current system level OMP_NUM_PROCS setting for local PET: 2
20260914 093734.106 INFO             PET2     LUMO Advance(): ESMF level logical PET->PE association (but consider system level affinity pinning!):
20260914 093734.106 INFO             PET2     LUMO Advance(): PET=0 lpid=0 tid=0 pid=2 peCount=1 accCount=0
20260914 093734.106 INFO             PET2     LUMO Advance():  PE=2 SSI=0 SSIPE=2
20260914 093734.106 INFO             PET2     LUMO Advance(): PET=1 lpid=1 tid=0 pid=3 peCount=1 accCount=0
20260914 093734.106 INFO             PET2     LUMO Advance():  PE=3 SSI=0 SSIPE=3
20260914 093734.106 INFO             PET2     LUMO Advance(): --- VMK::log() end ---------------------------------------
20260914 093734.106 INFO             PET2     thread_num=   0   currentSsiPe=   2   num_threads=   1   max_threads=   1   num_procs=   2
20260914 093734.106 INFO             PET2     ------>Advancing LUMO from: 2010  6  1  0 20  0   0
20260914 093734.106 INFO             PET2     ---------------------> to: 2010  6  1  0 25  0   0
20260914 093734.106 INFO             PET2     LUMO Advance(): --- VMK::log() start -------------------------------------
20260914 093734.106 INFO             PET2     LUMO Advance(): vm located at: 0x1c90a40
20260914 093734.106 INFO             PET2     LUMO Advance(): mpionly=1 threadsflag=0
20260914 093734.106 INFO             PET2     LUMO Advance(): ssiCount=1 localSsi=0
20260914 093734.106 INFO             PET2     LUMO Advance(): devCount=0 ssiLocalDevCount=0
20260914 093734.106 INFO             PET2     LUMO Advance(): petCount=2 ssiLocalPetCount=2
20260914 093734.106 INFO             PET2     LUMO Advance(): localPet=0 mypthid=23149975929088 ssiLocalPet=0 currentSsiPe=2
20260914 093734.106 INFO             PET2     LUMO Advance(): Current system level affinity pinning for local PET:
20260914 093734.106 INFO             PET2     LUMO Advance():  SSIPE=2
20260914 093734.106 INFO             PET2     LUMO Advance(): Current system level OMP_NUM_THREADS setting for local PET: 1
20260914 093734.106 INFO             PET2     LUMO Advance(): Current system level OMP_NUM_PROCS setting for local PET: 2
20260914 093734.106 INFO             PET2     LUMO Advance(): ESMF level logical PET->PE association (but consider system level affinity pinning!):
20260914 093734.106 INFO             PET2     LUMO Advance(): PET=0 lpid=0 tid=0 pid=2 peCount=1 accCount=0
20260914 093734.106 INFO             PET2     LUMO Advance():  PE=2 SSI=0 SSIPE=2
20260914 093734.106 INFO             PET2     LUMO Advance(): PET=1 lpid=1 tid=0 pid=3 peCount=1 accCount=0
20260914 093734.106 INFO             PET2     LUMO Advance():  PE=3 SSI=0 SSIPE=3
20260914 093734.106 INFO             PET2     LUMO Advance(): --- VMK::log() end ---------------------------------------
20260914 093734.106 INFO             PET2     thread_num=   0   currentSsiPe=   2   num_threads=   1   max_threads=   1   num_procs=   2
20260914 093734.107 INFO             PET2     ------>Advancing LUMO from: 2010  6  1  0 25  0   0
20260914 093734.107 INFO             PET2     ---------------------> to: 2010  6  1  0 30  0   0
20260914 093734.107 INFO             PET2     <<<OCN: leaving Run (phase=RunPhase1) with current time: 2010  6  1  0 30  0   0
20260914 093734.107 INFO             PET2   OCN: Run extro.
20260914 093734.107 INFO             PET2   ATM-TO-ESMX_Driver: Run intro.
20260914 093734.107 INFO             PET2     >>>ATM-TO-ESMX_Driver entered Run (phase=RunPhase1)
20260914 093734.108 INFO             PET2     <<<ATM-TO-ESMX_Driver leaving Run (phase=RunPhase1)
20260914 093734.108 INFO             PET2   ATM-TO-ESMX_Driver: Run extro.
20260914 093734.108 INFO             PET2   OCN-TO-ESMX_Driver: Run intro.
20260914 093734.108 INFO             PET2     >>>OCN-TO-ESMX_Driver entered Run (phase=RunPhase1)
20260914 093734.109 INFO             PET2     <<<OCN-TO-ESMX_Driver leaving Run (phase=RunPhase1)
20260914 093734.109 INFO             PET2   OCN-TO-ESMX_Driver: Run extro.
20260914 093734.109 INFO             PET2   <<<ESMX_Driver: leaving Run (phase=RunPhase1) with current time: 2010  6  1  0 30  0   0
20260914 093734.109 INFO             PET2 ESMX_Driver: Run extro.
20260914 093734.109 INFO             PET2 ESMX_Driver: Run intro.
20260914 093734.109 INFO             PET2   >>>ESMX_Driver: entered Run (phase=RunPhase1) with current time: 2010  6  1  0 30  0   0
20260914 093734.110 INFO             PET2   ESMX_Driver-TO-ATM: Run intro.
20260914 093734.110 INFO             PET2     >>>ESMX_Driver-TO-ATM entered Run (phase=RunPhase1)
20260914 093734.110 INFO             PET2     <<<ESMX_Driver-TO-ATM leaving Run (phase=RunPhase1)
20260914 093734.110 INFO             PET2   ESMX_Driver-TO-ATM: Run extro.
20260914 093734.110 INFO             PET2   ESMX_Driver-TO-OCN: Run intro.
20260914 093734.110 INFO             PET2     >>>ESMX_Driver-TO-OCN entered Run (phase=RunPhase1)
20260914 093734.110 INFO             PET2     <<<ESMX_Driver-TO-OCN leaving Run (phase=RunPhase1)
20260914 093734.110 INFO             PET2   ESMX_Driver-TO-OCN: Run extro.
20260914 093734.111 INFO             PET2   ATM-TO-OCN: Run intro.
20260914 093734.111 INFO             PET2     >>>ATM-TO-OCN entered Run (phase=RunPhase1)
20260914 093734.112 INFO             PET2     <<<ATM-TO-OCN leaving Run (phase=RunPhase1)
20260914 093734.112 INFO             PET2   ATM-TO-OCN: Run extro.
20260914 093734.112 INFO             PET2   OCN-TO-ATM: Run intro.
20260914 093734.112 INFO             PET2     >>>OCN-TO-ATM entered Run (phase=RunPhase1)
20260914 093734.113 INFO             PET2     <<<OCN-TO-ATM leaving Run (phase=RunPhase1)
20260914 093734.113 INFO             PET2   OCN-TO-ATM: Run extro.
20260914 093734.114 INFO             PET2   OCN: Run intro.
20260914 093734.114 INFO             PET2     >>>OCN: entered Run (phase=RunPhase1) with current time: 2010  6  1  0 30  0   0
20260914 093734.114 INFO             PET2     LUMO Advance(): --- VMK::log() start -------------------------------------
20260914 093734.114 INFO             PET2     LUMO Advance(): vm located at: 0x1c90a40
20260914 093734.114 INFO             PET2     LUMO Advance(): mpionly=1 threadsflag=0
20260914 093734.114 INFO             PET2     LUMO Advance(): ssiCount=1 localSsi=0
20260914 093734.114 INFO             PET2     LUMO Advance(): devCount=0 ssiLocalDevCount=0
20260914 093734.114 INFO             PET2     LUMO Advance(): petCount=2 ssiLocalPetCount=2
20260914 093734.114 INFO             PET2     LUMO Advance(): localPet=0 mypthid=23149975929088 ssiLocalPet=0 currentSsiPe=2
20260914 093734.114 INFO             PET2     LUMO Advance(): Current system level affinity pinning for local PET:
20260914 093734.114 INFO             PET2     LUMO Advance():  SSIPE=2
20260914 093734.114 INFO             PET2     LUMO Advance(): Current system level OMP_NUM_THREADS setting for local PET: 1
20260914 093734.114 INFO             PET2     LUMO Advance(): Current system level OMP_NUM_PROCS setting for local PET: 2
20260914 093734.114 INFO             PET2     LUMO Advance(): ESMF level logical PET->PE association (but consider system level affinity pinning!):
20260914 093734.114 INFO             PET2     LUMO Advance(): PET=0 lpid=0 tid=0 pid=2 peCount=1 accCount=0
20260914 093734.114 INFO             PET2     LUMO Advance():  PE=2 SSI=0 SSIPE=2
20260914 093734.114 INFO             PET2     LUMO Advance(): PET=1 lpid=1 tid=0 pid=3 peCount=1 accCount=0
20260914 093734.114 INFO             PET2     LUMO Advance():  PE=3 SSI=0 SSIPE=3
20260914 093734.114 INFO             PET2     LUMO Advance(): --- VMK::log() end ---------------------------------------
20260914 093734.114 INFO             PET2     thread_num=   0   currentSsiPe=   2   num_threads=   1   max_threads=   1   num_procs=   2
20260914 093734.114 INFO             PET2     ------>Advancing LUMO from: 2010  6  1  0 30  0   0
20260914 093734.114 INFO             PET2     ---------------------> to: 2010  6  1  0 35  0   0
20260914 093734.115 INFO             PET2     LUMO Advance(): --- VMK::log() start -------------------------------------
20260914 093734.115 INFO             PET2     LUMO Advance(): vm located at: 0x1c90a40
20260914 093734.115 INFO             PET2     LUMO Advance(): mpionly=1 threadsflag=0
20260914 093734.115 INFO             PET2     LUMO Advance(): ssiCount=1 localSsi=0
20260914 093734.115 INFO             PET2     LUMO Advance(): devCount=0 ssiLocalDevCount=0
20260914 093734.115 INFO             PET2     LUMO Advance(): petCount=2 ssiLocalPetCount=2
20260914 093734.115 INFO             PET2     LUMO Advance(): localPet=0 mypthid=23149975929088 ssiLocalPet=0 currentSsiPe=2
20260914 093734.115 INFO             PET2     LUMO Advance(): Current system level affinity pinning for local PET:
20260914 093734.115 INFO             PET2     LUMO Advance():  SSIPE=2
20260914 093734.115 INFO             PET2     LUMO Advance(): Current system level OMP_NUM_THREADS setting for local PET: 1
20260914 093734.115 INFO             PET2     LUMO Advance(): Current system level OMP_NUM_PROCS setting for local PET: 2
20260914 093734.115 INFO             PET2     LUMO Advance(): ESMF level logical PET->PE association (but consider system level affinity pinning!):
20260914 093734.115 INFO             PET2     LUMO Advance(): PET=0 lpid=0 tid=0 pid=2 peCount=1 accCount=0
20260914 093734.115 INFO             PET2     LUMO Advance():  PE=2 SSI=0 SSIPE=2
20260914 093734.115 INFO             PET2     LUMO Advance(): PET=1 lpid=1 tid=0 pid=3 peCount=1 accCount=0
20260914 093734.115 INFO             PET2     LUMO Advance():  PE=3 SSI=0 SSIPE=3
20260914 093734.115 INFO             PET2     LUMO Advance(): --- VMK::log() end ---------------------------------------
20260914 093734.115 INFO             PET2     thread_num=   0   currentSsiPe=   2   num_threads=   1   max_threads=   1   num_procs=   2
20260914 093734.115 INFO             PET2     ------>Advancing LUMO from: 2010  6  1  0 35  0   0
20260914 093734.115 INFO             PET2     ---------------------> to: 2010  6  1  0 40  0   0
20260914 093734.115 INFO             PET2     LUMO Advance(): --- VMK::log() start -------------------------------------
20260914 093734.115 INFO             PET2     LUMO Advance(): vm located at: 0x1c90a40
20260914 093734.115 INFO             PET2     LUMO Advance(): mpionly=1 threadsflag=0
20260914 093734.115 INFO             PET2     LUMO Advance(): ssiCount=1 localSsi=0
20260914 093734.115 INFO             PET2     LUMO Advance(): devCount=0 ssiLocalDevCount=0
20260914 093734.115 INFO             PET2     LUMO Advance(): petCount=2 ssiLocalPetCount=2
20260914 093734.115 INFO             PET2     LUMO Advance(): localPet=0 mypthid=23149975929088 ssiLocalPet=0 currentSsiPe=2
20260914 093734.115 INFO             PET2     LUMO Advance(): Current system level affinity pinning for local PET:
20260914 093734.115 INFO             PET2     LUMO Advance():  SSIPE=2
20260914 093734.115 INFO             PET2     LUMO Advance(): Current system level OMP_NUM_THREADS setting for local PET: 1
20260914 093734.115 INFO             PET2     LUMO Advance(): Current system level OMP_NUM_PROCS setting for local PET: 2
20260914 093734.115 INFO             PET2     LUMO Advance(): ESMF level logical PET->PE association (but consider system level affinity pinning!):
20260914 093734.115 INFO             PET2     LUMO Advance(): PET=0 lpid=0 tid=0 pid=2 peCount=1 accCount=0
20260914 093734.115 INFO             PET2     LUMO Advance():  PE=2 SSI=0 SSIPE=2
20260914 093734.115 INFO             PET2     LUMO Advance(): PET=1 lpid=1 tid=0 pid=3 peCount=1 accCount=0
20260914 093734.115 INFO             PET2     LUMO Advance():  PE=3 SSI=0 SSIPE=3
20260914 093734.115 INFO             PET2     LUMO Advance(): --- VMK::log() end ---------------------------------------
20260914 093734.115 INFO             PET2     thread_num=   0   currentSsiPe=   2   num_threads=   1   max_threads=   1   num_procs=   2
20260914 093734.115 INFO             PET2     ------>Advancing LUMO from: 2010  6  1  0 40  0   0
20260914 093734.115 INFO             PET2     ---------------------> to: 2010  6  1  0 45  0   0
20260914 093734.116 INFO             PET2     <<<OCN: leaving Run (phase=RunPhase1) with current time: 2010  6  1  0 45  0   0
20260914 093734.116 INFO             PET2   OCN: Run extro.
20260914 093734.116 INFO             PET2   ATM-TO-ESMX_Driver: Run intro.
20260914 093734.116 INFO             PET2     >>>ATM-TO-ESMX_Driver entered Run (phase=RunPhase1)
20260914 093734.117 INFO             PET2     <<<ATM-TO-ESMX_Driver leaving Run (phase=RunPhase1)
20260914 093734.117 INFO             PET2   ATM-TO-ESMX_Driver: Run extro.
20260914 093734.117 INFO             PET2   OCN-TO-ESMX_Driver: Run intro.
20260914 093734.117 INFO             PET2     >>>OCN-TO-ESMX_Driver entered Run (phase=RunPhase1)
20260914 093734.118 INFO             PET2     <<<OCN-TO-ESMX_Driver leaving Run (phase=RunPhase1)
20260914 093734.118 INFO             PET2   OCN-TO-ESMX_Driver: Run extro.
20260914 093734.118 INFO             PET2   <<<ESMX_Driver: leaving Run (phase=RunPhase1) with current time: 2010  6  1  0 45  0   0
20260914 093734.118 INFO             PET2 ESMX_Driver: Run extro.
20260914 093734.118 INFO             PET2 ESMX_Driver: Run intro.
20260914 093734.118 INFO             PET2   >>>ESMX_Driver: entered Run (phase=RunPhase1) with current time: 2010  6  1  0 45  0   0
20260914 093734.119 INFO             PET2   ESMX_Driver-TO-ATM: Run intro.
20260914 093734.119 INFO             PET2     >>>ESMX_Driver-TO-ATM entered Run (phase=RunPhase1)
20260914 093734.119 INFO             PET2     <<<ESMX_Driver-TO-ATM leaving Run (phase=RunPhase1)
20260914 093734.119 INFO             PET2   ESMX_Driver-TO-ATM: Run extro.
20260914 093734.119 INFO             PET2   ESMX_Driver-TO-OCN: Run intro.
20260914 093734.119 INFO             PET2     >>>ESMX_Driver-TO-OCN entered Run (phase=RunPhase1)
20260914 093734.119 INFO             PET2     <<<ESMX_Driver-TO-OCN leaving Run (phase=RunPhase1)
20260914 093734.119 INFO             PET2   ESMX_Driver-TO-OCN: Run extro.
20260914 093734.120 INFO             PET2   ATM-TO-OCN: Run intro.
20260914 093734.120 INFO             PET2     >>>ATM-TO-OCN entered Run (phase=RunPhase1)
20260914 093734.121 INFO             PET2     <<<ATM-TO-OCN leaving Run (phase=RunPhase1)
20260914 093734.121 INFO             PET2   ATM-TO-OCN: Run extro.
20260914 093734.121 INFO             PET2   OCN-TO-ATM: Run intro.
20260914 093734.121 INFO             PET2     >>>OCN-TO-ATM entered Run (phase=RunPhase1)
20260914 093734.122 INFO             PET2     <<<OCN-TO-ATM leaving Run (phase=RunPhase1)
20260914 093734.122 INFO             PET2   OCN-TO-ATM: Run extro.
20260914 093734.122 INFO             PET2   OCN: Run intro.
20260914 093734.123 INFO             PET2     >>>OCN: entered Run (phase=RunPhase1) with current time: 2010  6  1  0 45  0   0
20260914 093734.123 INFO             PET2     LUMO Advance(): --- VMK::log() start -------------------------------------
20260914 093734.123 INFO             PET2     LUMO Advance(): vm located at: 0x1c90a40
20260914 093734.123 INFO             PET2     LUMO Advance(): mpionly=1 threadsflag=0
20260914 093734.123 INFO             PET2     LUMO Advance(): ssiCount=1 localSsi=0
20260914 093734.123 INFO             PET2     LUMO Advance(): devCount=0 ssiLocalDevCount=0
20260914 093734.123 INFO             PET2     LUMO Advance(): petCount=2 ssiLocalPetCount=2
20260914 093734.123 INFO             PET2     LUMO Advance(): localPet=0 mypthid=23149975929088 ssiLocalPet=0 currentSsiPe=2
20260914 093734.123 INFO             PET2     LUMO Advance(): Current system level affinity pinning for local PET:
20260914 093734.123 INFO             PET2     LUMO Advance():  SSIPE=2
20260914 093734.123 INFO             PET2     LUMO Advance(): Current system level OMP_NUM_THREADS setting for local PET: 1
20260914 093734.123 INFO             PET2     LUMO Advance(): Current system level OMP_NUM_PROCS setting for local PET: 2
20260914 093734.123 INFO             PET2     LUMO Advance(): ESMF level logical PET->PE association (but consider system level affinity pinning!):
20260914 093734.123 INFO             PET2     LUMO Advance(): PET=0 lpid=0 tid=0 pid=2 peCount=1 accCount=0
20260914 093734.123 INFO             PET2     LUMO Advance():  PE=2 SSI=0 SSIPE=2
20260914 093734.123 INFO             PET2     LUMO Advance(): PET=1 lpid=1 tid=0 pid=3 peCount=1 accCount=0
20260914 093734.123 INFO             PET2     LUMO Advance():  PE=3 SSI=0 SSIPE=3
20260914 093734.123 INFO             PET2     LUMO Advance(): --- VMK::log() end ---------------------------------------
20260914 093734.123 INFO             PET2     thread_num=   0   currentSsiPe=   2   num_threads=   1   max_threads=   1   num_procs=   2
20260914 093734.123 INFO             PET2     ------>Advancing LUMO from: 2010  6  1  0 45  0   0
20260914 093734.123 INFO             PET2     ---------------------> to: 2010  6  1  0 50  0   0
20260914 093734.123 INFO             PET2     LUMO Advance(): --- VMK::log() start -------------------------------------
20260914 093734.124 INFO             PET2     LUMO Advance(): vm located at: 0x1c90a40
20260914 093734.124 INFO             PET2     LUMO Advance(): mpionly=1 threadsflag=0
20260914 093734.124 INFO             PET2     LUMO Advance(): ssiCount=1 localSsi=0
20260914 093734.124 INFO             PET2     LUMO Advance(): devCount=0 ssiLocalDevCount=0
20260914 093734.124 INFO             PET2     LUMO Advance(): petCount=2 ssiLocalPetCount=2
20260914 093734.124 INFO             PET2     LUMO Advance(): localPet=0 mypthid=23149975929088 ssiLocalPet=0 currentSsiPe=2
20260914 093734.124 INFO             PET2     LUMO Advance(): Current system level affinity pinning for local PET:
20260914 093734.124 INFO             PET2     LUMO Advance():  SSIPE=2
20260914 093734.124 INFO             PET2     LUMO Advance(): Current system level OMP_NUM_THREADS setting for local PET: 1
20260914 093734.124 INFO             PET2     LUMO Advance(): Current system level OMP_NUM_PROCS setting for local PET: 2
20260914 093734.124 INFO             PET2     LUMO Advance(): ESMF level logical PET->PE association (but consider system level affinity pinning!):
20260914 093734.124 INFO             PET2     LUMO Advance(): PET=0 lpid=0 tid=0 pid=2 peCount=1 accCount=0
20260914 093734.124 INFO             PET2     LUMO Advance():  PE=2 SSI=0 SSIPE=2
20260914 093734.124 INFO             PET2     LUMO Advance(): PET=1 lpid=1 tid=0 pid=3 peCount=1 accCount=0
20260914 093734.124 INFO             PET2     LUMO Advance():  PE=3 SSI=0 SSIPE=3
20260914 093734.124 INFO             PET2     LUMO Advance(): --- VMK::log() end ---------------------------------------
20260914 093734.124 INFO             PET2     thread_num=   0   currentSsiPe=   2   num_threads=   1   max_threads=   1   num_procs=   2
20260914 093734.124 INFO             PET2     ------>Advancing LUMO from: 2010  6  1  0 50  0   0
20260914 093734.124 INFO             PET2     ---------------------> to: 2010  6  1  0 55  0   0
20260914 093734.124 INFO             PET2     LUMO Advance(): --- VMK::log() start -------------------------------------
20260914 093734.124 INFO             PET2     LUMO Advance(): vm located at: 0x1c90a40
20260914 093734.124 INFO             PET2     LUMO Advance(): mpionly=1 threadsflag=0
20260914 093734.124 INFO             PET2     LUMO Advance(): ssiCount=1 localSsi=0
20260914 093734.124 INFO             PET2     LUMO Advance(): devCount=0 ssiLocalDevCount=0
20260914 093734.124 INFO             PET2     LUMO Advance(): petCount=2 ssiLocalPetCount=2
20260914 093734.124 INFO             PET2     LUMO Advance(): localPet=0 mypthid=23149975929088 ssiLocalPet=0 currentSsiPe=2
20260914 093734.124 INFO             PET2     LUMO Advance(): Current system level affinity pinning for local PET:
20260914 093734.124 INFO             PET2     LUMO Advance():  SSIPE=2
20260914 093734.124 INFO             PET2     LUMO Advance(): Current system level OMP_NUM_THREADS setting for local PET: 1
20260914 093734.124 INFO             PET2     LUMO Advance(): Current system level OMP_NUM_PROCS setting for local PET: 2
20260914 093734.124 INFO             PET2     LUMO Advance(): ESMF level logical PET->PE association (but consider system level affinity pinning!):
20260914 093734.124 INFO             PET2     LUMO Advance(): PET=0 lpid=0 tid=0 pid=2 peCount=1 accCount=0
20260914 093734.124 INFO             PET2     LUMO Advance():  PE=2 SSI=0 SSIPE=2
20260914 093734.124 INFO             PET2     LUMO Advance(): PET=1 lpid=1 tid=0 pid=3 peCount=1 accCount=0
20260914 093734.124 INFO             PET2     LUMO Advance():  PE=3 SSI=0 SSIPE=3
20260914 093734.124 INFO             PET2     LUMO Advance(): --- VMK::log() end ---------------------------------------
20260914 093734.124 INFO             PET2     thread_num=   0   currentSsiPe=   2   num_threads=   1   max_threads=   1   num_procs=   2
20260914 093734.124 INFO             PET2     ------>Advancing LUMO from: 2010  6  1  0 55  0   0
20260914 093734.124 INFO             PET2     ---------------------> to: 2010  6  1  1  0  0   0
20260914 093734.125 INFO             PET2     <<<OCN: leaving Run (phase=RunPhase1) with current time: 2010  6  1  1  0  0   0
20260914 093734.125 INFO             PET2   OCN: Run extro.
20260914 093734.125 INFO             PET2   ATM-TO-ESMX_Driver: Run intro.
20260914 093734.125 INFO             PET2     >>>ATM-TO-ESMX_Driver entered Run (phase=RunPhase1)
20260914 093734.125 INFO             PET2     <<<ATM-TO-ESMX_Driver leaving Run (phase=RunPhase1)
20260914 093734.126 INFO             PET2   ATM-TO-ESMX_Driver: Run extro.
20260914 093734.126 INFO             PET2   OCN-TO-ESMX_Driver: Run intro.
20260914 093734.126 INFO             PET2     >>>OCN-TO-ESMX_Driver entered Run (phase=RunPhase1)
20260914 093734.126 INFO             PET2     <<<OCN-TO-ESMX_Driver leaving Run (phase=RunPhase1)
20260914 093734.126 INFO             PET2   OCN-TO-ESMX_Driver: Run extro.
20260914 093734.127 INFO             PET2   <<<ESMX_Driver: leaving Run (phase=RunPhase1) with current time: 2010  6  1  1  0  0   0
20260914 093734.127 INFO             PET2 ESMX_Driver: Run extro.
20260914 093734.127 INFO             PET2 ESMX_Driver: Finalize intro.
20260914 093734.127 INFO             PET2   >>>ESMX_Driver: entered Finalize (phase=FinalizePhase1) with current time: 2010  6  1  1  0  0   0
20260914 093734.127 INFO             PET2   Calling Finalize phase 1 for connectorComp: ESMX_Driver-TO-ATM
20260914 093734.127 INFO             PET2   ESMX_Driver-TO-ATM: Finalize intro.
20260914 093734.128 INFO             PET2   ESMX_Driver-TO-ATM: Finalize extro.
20260914 093734.128 INFO             PET2   Calling Finalize phase 1 for connectorComp: ESMX_Driver-TO-OCN
20260914 093734.128 INFO             PET2   ESMX_Driver-TO-OCN: Finalize intro.
20260914 093734.128 INFO             PET2   ESMX_Driver-TO-OCN: Finalize extro.
20260914 093734.128 INFO             PET2   Calling Finalize phase 1 for connectorComp: ATM-TO-ESMX_Driver
20260914 093734.129 INFO             PET2   ATM-TO-ESMX_Driver: Finalize intro.
20260914 093734.129 INFO             PET2   ATM-TO-ESMX_Driver: Finalize extro.
20260914 093734.129 INFO             PET2   Calling Finalize phase 1 for connectorComp: ATM-TO-OCN
20260914 093734.129 INFO             PET2   ATM-TO-OCN: Finalize intro.
20260914 093734.130 INFO             PET2   ATM-TO-OCN: Finalize extro.
20260914 093734.130 INFO             PET2   Calling Finalize phase 1 for connectorComp: OCN-TO-ESMX_Driver
20260914 093734.130 INFO             PET2   OCN-TO-ESMX_Driver: Finalize intro.
20260914 093734.131 INFO             PET2   OCN-TO-ESMX_Driver: Finalize extro.
20260914 093734.131 INFO             PET2   Calling Finalize phase 1 for connectorComp: OCN-TO-ATM
20260914 093734.131 INFO             PET2   OCN-TO-ATM: Finalize intro.
20260914 093734.131 INFO             PET2   OCN-TO-ATM: Finalize extro.
20260914 093734.131 INFO             PET2   Calling Finalize phase 1 for modelComp: ATM
20260914 093734.131 INFO             PET2   Calling Finalize phase 1 for modelComp: OCN
20260914 093734.132 INFO             PET2   OCN: Finalize intro.
20260914 093734.132 INFO             PET2     >>>OCN: entered Finalize (phase=FinalizePhase1) with current time: 2010  6  1  1  0  0   0
20260914 093734.132 INFO             PET2     <<<OCN: leaving Finalize (phase=FinalizePhase1) with current time: 2010  6  1  1  0  0   0
20260914 093734.132 INFO             PET2   OCN: Finalize extro.
20260914 093734.132 INFO             PET2   Delete modelComp: ATM
20260914 093734.132 INFO             PET2   Delete modelComp: OCN
20260914 093734.133 INFO             PET2   Delete connectorComp: ESMX_Driver-TO-ATM
20260914 093734.133 INFO             PET2   Delete connectorComp: ESMX_Driver-TO-OCN
20260914 093734.133 INFO             PET2   Delete connectorComp: ATM-TO-ESMX_Driver
20260914 093734.133 INFO             PET2   Delete connectorComp: OCN-TO-ESMX_Driver
20260914 093734.133 INFO             PET2   Delete connectorComp: ATM-TO-OCN
20260914 093734.133 INFO             PET2   Delete connectorComp: OCN-TO-ATM
20260914 093734.134 INFO             PET2   <<<ESMX_Driver: leaving Finalize (phase=FinalizePhase1) with current time: 2010  6  1  1  0  0   0
20260914 093734.134 INFO             PET2 ESMX_Driver: Finalize extro.
20260914 093734.135 INFO             PET2 externalApp FINISHED
20260914 093734.135 INFO             PET2  Finalizing ESMF
20260914 093731.059 INFO             PET3 !!!!!!!!!!!!!!!!!!!!!!!!!!!!!!!!!!!!!!!!!!!!!!!!!!!!!!
20260914 093731.059 INFO             PET3 !!! THE ESMF_LOG IS SET TO OUTPUT ALL LOG MESSAGES !!!
20260914 093731.060 INFO             PET3 !!!     THIS MAY CAUSE SLOWDOWN IN PERFORMANCE     !!!
20260914 093731.060 INFO             PET3 !!! FOR PRODUCTION RUNS, USE:                      !!!
20260914 093731.060 INFO             PET3 !!!                   ESMF_LOGKIND_Multi_On_Error  !!!
20260914 093731.060 INFO             PET3 !!!!!!!!!!!!!!!!!!!!!!!!!!!!!!!!!!!!!!!!!!!!!!!!!!!!!!
20260914 093731.060 INFO             PET3 Running with ESMF Version   : v9.0.0b18
20260914 093731.060 INFO             PET3 ESMF library build date/time: "Sep 14 2026" "07:39:54"
20260914 093731.060 INFO             PET3 ESMF library build location : /scratch3/NCEPDEV/stmp/Gerhard.Theurich/ESMF-Nightly-Testing-Hera/nvhpc_24.1_openmpi_g_develop/esmf
20260914 093731.060 INFO             PET3 ESMF_COMM                   : openmpi
20260914 093731.061 INFO             PET3 ESMF_MOAB                   : enabled
20260914 093731.061 INFO             PET3 ESMF_LAPACK                 : enabled
20260914 093731.061 INFO             PET3 ESMF_NETCDF                 : disabled
20260914 093731.061 INFO             PET3 ESMF_PNETCDF                : disabled
20260914 093731.061 INFO             PET3 ESMF_PIO                    : disabled
20260914 093731.061 INFO             PET3 ESMF_YAMLCPP                : enabled
20260914 093731.064 INFO             PET3 externalApp STARTING
20260914 093731.205 INFO             PET3 ESMX_Driver - Creating model component ATM with petList of size 2 :
20260914 093731.205 INFO             PET3       0      1
20260914 093731.205 DEBUG            PET3 Generic SetVM() is executing for: ATM
20260914 093731.205 DEBUG            PET3 Generic SetVM() found no NUOPC Hint for: ATM
20260914 093731.205 DEBUG            PET3 Generic SetVM() therefore is NOT calling ESMF_GridCompSetVMMaxPEs() for: ATM
20260914 093731.246 INFO             PET3 ESMX_Driver - Creating model component OCN with petList of size 2 :
20260914 093731.246 INFO             PET3       2      3
20260914 093731.247 DEBUG            PET3 Generic SetVM() is executing for: OCN
20260914 093731.247 DEBUG            PET3 Generic SetVM() found no NUOPC Hint for: OCN
20260914 093731.247 DEBUG            PET3 Generic SetVM() therefore is NOT calling ESMF_GridCompSetVMMaxPEs() for: OCN
20260914 093731.273 INFO             PET3 ESMX_Driver - Creating connector component ESMX_Driver-TO-ATM without petList.
20260914 093731.296 INFO             PET3 ESMX_Driver - Creating connector component ESMX_Driver-TO-OCN without petList.
20260914 093731.316 INFO             PET3 ESMX_Driver - Creating connector component ATM-TO-ESMX_Driver without petList.
20260914 093731.337 INFO             PET3 ESMX_Driver - Creating connector component OCN-TO-ESMX_Driver without petList.
20260914 093731.362 INFO             PET3 OCN: InitializeP0 intro.
20260914 093731.363 INFO             PET3   >>>OCN: entered Initialize (phase=<none>) without valid internal Clock.
20260914 093731.369 INFO             PET3   <<<OCN: leaving Initialize (phase=<none>) without valid internal Clock.
20260914 093731.369 INFO             PET3 OCN: InitializeP0 extro.
20260914 093731.379 INFO             PET3 ESMX_Driver-TO-ATM: InitializeP0 intro.
20260914 093731.381 INFO             PET3 ESMX_Driver-TO-ATM: InitializeP0 extro.
20260914 093731.384 INFO             PET3 ESMX_Driver-TO-OCN: InitializeP0 intro.
20260914 093731.386 INFO             PET3 ESMX_Driver-TO-OCN: InitializeP0 extro.
20260914 093731.388 INFO             PET3 ATM-TO-ESMX_Driver: InitializeP0 intro.
20260914 093731.390 INFO             PET3 ATM-TO-ESMX_Driver: InitializeP0 extro.
20260914 093731.392 INFO             PET3 OCN-TO-ESMX_Driver: InitializeP0 intro.
20260914 093731.394 INFO             PET3 OCN-TO-ESMX_Driver: InitializeP0 extro.
20260914 093731.403 INFO             PET3 ESMX_Driver - Creating connector component ATM-TO-OCN with petList of size 4 :
20260914 093731.403 INFO             PET3       0      1      2      3
20260914 093731.427 INFO             PET3 ESMX_Driver - Setting Verbosity on created component to: low
20260914 093731.427 INFO             PET3 ESMX_Driver - Setting Profiling on created component to:          0
20260914 093731.427 INFO             PET3 ESMX_Driver - Creating connector component OCN-TO-ATM with petList of size 4 :
20260914 093731.428 INFO             PET3       2      3      0      1
20260914 093731.451 INFO             PET3 ESMX_Driver - Setting Verbosity on created component to: low
20260914 093731.451 INFO             PET3 ESMX_Driver - Setting Profiling on created component to:          0
20260914 093731.459 INFO             PET3 ESMX_Driver: IInitAdvertise intro.
20260914 093731.461 INFO             PET3   >>>ESMX_Driver: entered Initialize (phase=<none>) with current time: 2010  6  1  0  0  0   0
20260914 093731.461 INFO             PET3   <<<ESMX_Driver: leaving Initialize (phase=<none>) with current time: 2010  6  1  0  0  0   0
20260914 093731.461 INFO             PET3 ESMX_Driver: IInitAdvertise extro.
20260914 093731.462 INFO             PET3 OCN: InitializeIPDvXp01 intro.
20260914 093731.463 INFO             PET3   >>>OCN: entered Initialize (phase=IPDvXp01) without valid internal Clock.
20260914 093731.478 INFO             PET3   <<<OCN: leaving Initialize (phase=IPDvXp01) without valid internal Clock.
20260914 093731.478 INFO             PET3 OCN: InitializeIPDvXp01 extro.
20260914 093731.484 INFO             PET3 ATM-TO-ESMX_Driver: InitializeIPDv05p1 intro.
20260914 093731.499 INFO             PET3 ATM-TO-ESMX_Driver: InitializeIPDv05p1 extro.
20260914 093731.500 INFO             PET3 ATM-TO-OCN: InitializeIPDv05p1 intro.
20260914 093731.515 INFO             PET3 ATM-TO-OCN: InitializeIPDv05p1 extro.
20260914 093731.516 INFO             PET3 OCN-TO-ESMX_Driver: InitializeIPDv05p1 intro.
20260914 093731.529 INFO             PET3 OCN-TO-ESMX_Driver: InitializeIPDv05p1 extro.
20260914 093731.529 INFO             PET3 OCN-TO-ATM: InitializeIPDv05p1 intro.
20260914 093731.545 INFO             PET3 OCN-TO-ATM: InitializeIPDv05p1 extro.
20260914 093731.546 INFO             PET3 ESMX_Driver-TO-ATM: InitializeIPDv05p1 intro.
20260914 093731.552 INFO             PET3 ESMX_Driver-TO-ATM: InitializeIPDv05p1 extro.
20260914 093731.553 INFO             PET3 ESMX_Driver-TO-OCN: InitializeIPDv05p1 intro.
20260914 093731.558 INFO             PET3 ESMX_Driver-TO-OCN: InitializeIPDv05p1 extro.
20260914 093731.559 INFO             PET3 ESMX_Driver: IInitAdvertiseFinish intro.
20260914 093731.559 INFO             PET3   >>>ESMX_Driver: entered Initialize (phase=<none>) with current time: 2010  6  1  0  0  0   0
20260914 093731.560 INFO             PET3   <<<ESMX_Driver: leaving Initialize (phase=<none>) with current time: 2010  6  1  0  0  0   0
20260914 093731.560 INFO             PET3 ESMX_Driver: IInitAdvertiseFinish extro.
20260914 093731.561 INFO             PET3 ATM-TO-ESMX_Driver: InitializeIPDv05p2a intro.
20260914 093731.575 INFO             PET3 ATM-TO-ESMX_Driver: InitializeIPDv05p2a extro.
20260914 093731.576 INFO             PET3 ATM-TO-OCN: InitializeIPDv05p2a intro.
20260914 093731.591 INFO             PET3 ATM-TO-OCN: InitializeIPDv05p2a extro.
20260914 093731.592 INFO             PET3 OCN-TO-ESMX_Driver: InitializeIPDv05p2a intro.
20260914 093731.605 INFO             PET3 OCN-TO-ESMX_Driver: InitializeIPDv05p2a extro.
20260914 093731.606 INFO             PET3 OCN-TO-ATM: InitializeIPDv05p2a intro.
20260914 093731.622 INFO             PET3 OCN-TO-ATM: InitializeIPDv05p2a extro.
20260914 093731.622 INFO             PET3 ESMX_Driver-TO-ATM: InitializeIPDv05p2a intro.
20260914 093731.629 INFO             PET3 ESMX_Driver-TO-ATM: InitializeIPDv05p2a extro.
20260914 093731.630 INFO             PET3 ESMX_Driver-TO-OCN: InitializeIPDv05p2a intro.
20260914 093731.635 INFO             PET3 ESMX_Driver-TO-OCN: InitializeIPDv05p2a extro.
20260914 093731.636 INFO             PET3 ATM-TO-ESMX_Driver: InitializeIPDv05p2b intro.
20260914 093731.649 INFO             PET3 ATM-TO-ESMX_Driver: InitializeIPDv05p2b extro.
20260914 093731.650 INFO             PET3 ATM-TO-OCN: InitializeIPDv05p2b intro.
20260914 093731.665 INFO             PET3 ATM-TO-OCN: InitializeIPDv05p2b extro.
20260914 093731.666 INFO             PET3 OCN-TO-ESMX_Driver: InitializeIPDv05p2b intro.
20260914 093731.679 INFO             PET3 OCN-TO-ESMX_Driver: InitializeIPDv05p2b extro.
20260914 093731.680 INFO             PET3 OCN-TO-ATM: InitializeIPDv05p2b intro.
20260914 093731.697 INFO             PET3 OCN-TO-ATM: InitializeIPDv05p2b extro.
20260914 093731.697 INFO             PET3 ESMX_Driver-TO-ATM: InitializeIPDv05p2b intro.
20260914 093731.704 INFO             PET3 ESMX_Driver-TO-ATM: InitializeIPDv05p2b extro.
20260914 093731.705 INFO             PET3 ESMX_Driver-TO-OCN: InitializeIPDv05p2b intro.
20260914 093731.710 INFO             PET3 ESMX_Driver-TO-OCN: InitializeIPDv05p2b extro.
20260914 093731.711 INFO             PET3 ESMX_Driver: IInitModifyCplLists intro.
20260914 093731.711 INFO             PET3   >>>ESMX_Driver: entered Initialize (phase=<none>) with current time: 2010  6  1  0  0  0   0
20260914 093731.716 INFO             PET3   <<<ESMX_Driver: leaving Initialize (phase=<none>) with current time: 2010  6  1  0  0  0   0
20260914 093731.716 INFO             PET3 ESMX_Driver: IInitModifyCplLists extro.
20260914 093731.717 INFO             PET3 ATM-TO-ESMX_Driver: InitializeIPDv05p3 intro.
20260914 093731.731 INFO             PET3 ATM-TO-ESMX_Driver: InitializeIPDv05p3 extro.
20260914 093731.732 INFO             PET3 ATM-TO-OCN: InitializeIPDv05p3 intro.
20260914 093731.748 INFO             PET3 ATM-TO-OCN: InitializeIPDv05p3 extro.
20260914 093731.749 INFO             PET3 OCN-TO-ESMX_Driver: InitializeIPDv05p3 intro.
20260914 093731.764 INFO             PET3 OCN-TO-ESMX_Driver: InitializeIPDv05p3 extro.
20260914 093731.764 INFO             PET3 OCN-TO-ATM: InitializeIPDv05p3 intro.
20260914 093731.782 INFO             PET3 OCN-TO-ATM: InitializeIPDv05p3 extro.
20260914 093731.782 INFO             PET3 ESMX_Driver-TO-ATM: InitializeIPDv05p3 intro.
20260914 093731.790 INFO             PET3 ESMX_Driver-TO-ATM: InitializeIPDv05p3 extro.
20260914 093731.790 INFO             PET3 ESMX_Driver-TO-OCN: InitializeIPDv05p3 intro.
20260914 093731.796 INFO             PET3 ESMX_Driver-TO-OCN: InitializeIPDv05p3 extro.
20260914 093731.797 INFO             PET3 ESMX_Driver: InitializeIPDv02p3 intro.
20260914 093731.797 INFO             PET3   >>>ESMX_Driver: entered Initialize (phase=ExternalRealize) with current time: 2010  6  1  0  0  0   0
20260914 093731.798 INFO             PET3   ESMX_Driver: IInitCheck intro.
20260914 093731.798 INFO             PET3     >>>ESMX_Driver: entered Initialize (phase=<none>) with current time: 2010  6  1  0  0  0   0
20260914 093731.801 INFO             PET3     <<<ESMX_Driver: leaving Initialize (phase=<none>) with current time: 2010  6  1  0  0  0   0
20260914 093731.801 INFO             PET3   ESMX_Driver: IInitCheck extro.
20260914 093731.802 INFO             PET3   OCN: InitializeIPDvXp04 intro.
20260914 093731.803 INFO             PET3     >>>OCN: entered Initialize (phase=IPDvXp04) without valid internal Clock.
20260914 093732.142 INFO             PET3     <<<OCN: leaving Initialize (phase=IPDvXp04) without valid internal Clock.
20260914 093732.143 INFO             PET3   OCN: InitializeIPDvXp04 extro.
20260914 093732.148 INFO             PET3   ATM-TO-ESMX_Driver: InitializeIPDv05p4 intro.
20260914 093732.172 INFO             PET3   ATM-TO-ESMX_Driver: InitializeIPDv05p4 extro.
20260914 093732.173 INFO             PET3   ATM-TO-OCN: InitializeIPDv05p4 intro.
20260914 093732.203 INFO             PET3   ATM-TO-OCN: InitializeIPDv05p4 extro.
20260914 093732.203 INFO             PET3   OCN-TO-ESMX_Driver: InitializeIPDv05p4 intro.
20260914 093732.232 INFO             PET3   OCN-TO-ESMX_Driver: InitializeIPDv05p4 extro.
20260914 093732.233 INFO             PET3   OCN-TO-ATM: InitializeIPDv05p4 intro.
20260914 093732.266 INFO             PET3   OCN-TO-ATM: InitializeIPDv05p4 extro.
20260914 093732.267 INFO             PET3   ESMX_Driver-TO-ATM: InitializeIPDv05p4 intro.
20260914 093732.280 INFO             PET3   ESMX_Driver-TO-ATM: InitializeIPDv05p4 extro.
20260914 093732.281 INFO             PET3   ESMX_Driver-TO-OCN: InitializeIPDv05p4 intro.
20260914 093732.291 INFO             PET3   ESMX_Driver-TO-OCN: InitializeIPDv05p4 extro.
20260914 093732.292 INFO             PET3   ATM-TO-ESMX_Driver: InitializeIPDv05p5 intro.
20260914 093732.399 INFO             PET3   ATM-TO-ESMX_Driver: InitializeIPDv05p5 extro.
20260914 093732.400 INFO             PET3   ATM-TO-OCN: InitializeIPDv05p5 intro.
20260914 093732.431 INFO             PET3   ATM-TO-OCN: InitializeIPDv05p5 extro.
20260914 093732.432 INFO             PET3   OCN-TO-ESMX_Driver: InitializeIPDv05p5 intro.
20260914 093732.557 INFO             PET3   OCN-TO-ESMX_Driver: InitializeIPDv05p5 extro.
20260914 093732.558 INFO             PET3   OCN-TO-ATM: InitializeIPDv05p5 intro.
20260914 093732.591 INFO             PET3   OCN-TO-ATM: InitializeIPDv05p5 extro.
20260914 093732.592 INFO             PET3   ESMX_Driver-TO-ATM: InitializeIPDv05p5 intro.
20260914 093732.606 INFO             PET3   ESMX_Driver-TO-ATM: InitializeIPDv05p5 extro.
20260914 093732.607 INFO             PET3   ESMX_Driver-TO-OCN: InitializeIPDv05p5 intro.
20260914 093732.617 INFO             PET3   ESMX_Driver-TO-OCN: InitializeIPDv05p5 extro.
20260914 093732.617 INFO             PET3   ESMX_Driver: IInitRealize intro.
20260914 093732.618 INFO             PET3     >>>ESMX_Driver: entered Initialize (phase=<none>) with current time: 2010  6  1  0  0  0   0
20260914 093732.620 INFO             PET3     <<<ESMX_Driver: leaving Initialize (phase=<none>) with current time: 2010  6  1  0  0  0   0
20260914 093732.620 INFO             PET3   ESMX_Driver: IInitRealize extro.
20260914 093732.621 INFO             PET3   ATM-TO-ESMX_Driver: InitializeIPDv05p6a intro.
20260914 093732.647 INFO             PET3   ATM-TO-ESMX_Driver: InitializeIPDv05p6a extro.
20260914 093732.648 INFO             PET3   ATM-TO-OCN: InitializeIPDv05p6a intro.
20260914 093732.676 INFO             PET3   ATM-TO-OCN: InitializeIPDv05p6a extro.
20260914 093732.677 INFO             PET3   OCN-TO-ESMX_Driver: InitializeIPDv05p6a intro.
20260914 093732.704 INFO             PET3   OCN-TO-ESMX_Driver: InitializeIPDv05p6a extro.
20260914 093732.705 INFO             PET3   OCN-TO-ATM: InitializeIPDv05p6a intro.
20260914 093732.737 INFO             PET3   OCN-TO-ATM: InitializeIPDv05p6a extro.
20260914 093732.738 INFO             PET3   ESMX_Driver-TO-ATM: InitializeIPDv05p6a intro.
20260914 093732.751 INFO             PET3   ESMX_Driver-TO-ATM: InitializeIPDv05p6a extro.
20260914 093732.752 INFO             PET3   ESMX_Driver-TO-OCN: InitializeIPDv05p6a intro.
20260914 093732.762 INFO             PET3   ESMX_Driver-TO-OCN: InitializeIPDv05p6a extro.
20260914 093732.762 INFO             PET3   ATM-TO-ESMX_Driver: InitializeIPDv05p6b intro.
20260914 093732.804 INFO             PET3   ATM-TO-ESMX_Driver: InitializeIPDv05p6b extro.
20260914 093732.805 INFO             PET3   ATM-TO-OCN: InitializeIPDv05p6b intro.
20260914 093733.472 INFO             PET3   ATM-TO-OCN: InitializeIPDv05p6b extro.
20260914 093733.473 INFO             PET3   OCN-TO-ESMX_Driver: InitializeIPDv05p6b intro.
20260914 093733.520 INFO             PET3   OCN-TO-ESMX_Driver: InitializeIPDv05p6b extro.
20260914 093733.521 INFO             PET3   OCN-TO-ATM: InitializeIPDv05p6b intro.
20260914 093734.066 INFO             PET3   OCN-TO-ATM: InitializeIPDv05p6b extro.
20260914 093734.066 INFO             PET3   ESMX_Driver-TO-ATM: InitializeIPDv05p6b intro.
20260914 093734.067 INFO             PET3   ESMX_Driver-TO-ATM: InitializeIPDv05p6b extro.
20260914 093734.068 INFO             PET3   ESMX_Driver-TO-OCN: InitializeIPDv05p6b intro.
20260914 093734.069 INFO             PET3   ESMX_Driver-TO-OCN: InitializeIPDv05p6b extro.
20260914 093734.070 INFO             PET3   OCN: InitializeIPDvXp07 intro.
20260914 093734.070 INFO             PET3     >>>OCN: entered Initialize (phase=IPDvXp07) without valid internal Clock.
20260914 093734.071 INFO             PET3     <<<OCN: leaving Initialize (phase=IPDvXp07) with current time: 2010  6  1  0  0  0   0
20260914 093734.071 INFO             PET3   OCN: InitializeIPDvXp07 extro.
20260914 093734.072 INFO             PET3   <<<ESMX_Driver: leaving Initialize (phase=ExternalRealize) with current time: 2010  6  1  0  0  0   0
20260914 093734.072 INFO             PET3 ESMX_Driver: InitializeIPDv02p3 extro.
20260914 093734.072 INFO             PET3 ESMX_Driver: InitializeIPDv02p5 intro.
20260914 093734.073 INFO             PET3   >>>ESMX_Driver: entered Initialize (phase=ExternalDataInitialize) with current time: 2010  6  1  0  0  0   0
20260914 093734.074 INFO             PET3   ESMX_Driver: InitializeIPDv02p5Data intro.
20260914 093734.074 INFO             PET3     >>>ESMX_Driver: entered Initialize (phase=ExternalDataInitialize) with current time: 2010  6  1  0  0  0   0
20260914 093734.075 INFO             PET3     ESMX_Driver: InternalInitializeComplete intro.
20260914 093734.075 INFO             PET3       >>>ESMX_Driver: entered Initialize (phase=<none>) with current time: 2010  6  1  0  0  0   0
20260914 093734.075 INFO             PET3       <<<ESMX_Driver: leaving Initialize (phase=<none>) with current time: 2010  6  1  0  0  0   0
20260914 093734.075 INFO             PET3     ESMX_Driver: InternalInitializeComplete extro.
20260914 093734.076 INFO             PET3     OCN: InitializeIPDv01p5 intro.
20260914 093734.076 INFO             PET3       >>>OCN: entered Initialize (phase=IPDvXp08) with current time: 2010  6  1  0  0  0   0
20260914 093734.077 INFO             PET3       <<<OCN: leaving Initialize (phase=IPDvXp08) with current time: 2010  6  1  0  0  0   0
20260914 093734.077 INFO             PET3     OCN: InitializeIPDv01p5 extro.
20260914 093734.083 INFO             PET3     ESMX_Driver: loopDataDependentInitialize intro.
20260914 093734.083 INFO             PET3       >>>ESMX_Driver: entered Initialize (phase=ExternalDataInitialize) with current time: 2010  6  1  0  0  0   0
20260914 093734.084 INFO             PET3       ATM-TO-ESMX_Driver: Run intro.
20260914 093734.084 INFO             PET3         >>>ATM-TO-ESMX_Driver entered Run (phase=RunPhase1)
20260914 093734.085 INFO             PET3         <<<ATM-TO-ESMX_Driver leaving Run (phase=RunPhase1)
20260914 093734.085 INFO             PET3       ATM-TO-ESMX_Driver: Run extro.
20260914 093734.085 INFO             PET3       OCN-TO-ESMX_Driver: Run intro.
20260914 093734.085 INFO             PET3         >>>OCN-TO-ESMX_Driver entered Run (phase=RunPhase1)
20260914 093734.086 INFO             PET3         <<<OCN-TO-ESMX_Driver leaving Run (phase=RunPhase1)
20260914 093734.086 INFO             PET3       OCN-TO-ESMX_Driver: Run extro.
20260914 093734.086 INFO             PET3       ESMX_Driver: InternalInitializeComplete intro.
20260914 093734.086 INFO             PET3         >>>ESMX_Driver: entered Initialize (phase=<none>) with current time: 2010  6  1  0  0  0   0
20260914 093734.087 INFO             PET3         <<<ESMX_Driver: leaving Initialize (phase=<none>) with current time: 2010  6  1  0  0  0   0
20260914 093734.087 INFO             PET3       ESMX_Driver: InternalInitializeComplete extro.
20260914 093734.087 INFO             PET3       <<<ESMX_Driver: leaving Initialize (phase=ExternalDataInitialize) with current time: 2010  6  1  0  0  0   0
20260914 093734.087 INFO             PET3     ESMX_Driver: loopDataDependentInitialize extro.
20260914 093734.088 INFO             PET3     <<<ESMX_Driver: leaving Initialize (phase=ExternalDataInitialize) with current time: 2010  6  1  0  0  0   0
20260914 093734.088 INFO             PET3   ESMX_Driver: InitializeIPDv02p5Data extro.
20260914 093734.088 INFO             PET3   <<<ESMX_Driver: leaving Initialize (phase=ExternalDataInitialize) with current time: 2010  6  1  0  0  0   0
20260914 093734.088 INFO             PET3 ESMX_Driver: InitializeIPDv02p5 extro.
20260914 093734.089 INFO             PET3 ESMX_Driver: Run intro.
20260914 093734.090 INFO             PET3   >>>ESMX_Driver: entered Run (phase=RunPhase1) with current time: 2010  6  1  0  0  0   0
20260914 093734.090 INFO             PET3   ESMX_Driver-TO-ATM: Run intro.
20260914 093734.090 INFO             PET3     >>>ESMX_Driver-TO-ATM entered Run (phase=RunPhase1)
20260914 093734.090 INFO             PET3     <<<ESMX_Driver-TO-ATM leaving Run (phase=RunPhase1)
20260914 093734.090 INFO             PET3   ESMX_Driver-TO-ATM: Run extro.
20260914 093734.091 INFO             PET3   ESMX_Driver-TO-OCN: Run intro.
20260914 093734.091 INFO             PET3     >>>ESMX_Driver-TO-OCN entered Run (phase=RunPhase1)
20260914 093734.091 INFO             PET3     <<<ESMX_Driver-TO-OCN leaving Run (phase=RunPhase1)
20260914 093734.091 INFO             PET3   ESMX_Driver-TO-OCN: Run extro.
20260914 093734.092 INFO             PET3   ATM-TO-OCN: Run intro.
20260914 093734.092 INFO             PET3     >>>ATM-TO-OCN entered Run (phase=RunPhase1)
20260914 093734.093 INFO             PET3     <<<ATM-TO-OCN leaving Run (phase=RunPhase1)
20260914 093734.093 INFO             PET3   ATM-TO-OCN: Run extro.
20260914 093734.094 INFO             PET3   OCN-TO-ATM: Run intro.
20260914 093734.094 INFO             PET3     >>>OCN-TO-ATM entered Run (phase=RunPhase1)
20260914 093734.094 INFO             PET3     <<<OCN-TO-ATM leaving Run (phase=RunPhase1)
20260914 093734.094 INFO             PET3   OCN-TO-ATM: Run extro.
20260914 093734.095 INFO             PET3   OCN: Run intro.
20260914 093734.095 INFO             PET3     >>>OCN: entered Run (phase=RunPhase1) with current time: 2010  6  1  0  0  0   0
20260914 093734.095 INFO             PET3     LUMO Advance(): --- VMK::log() start -------------------------------------
20260914 093734.095 INFO             PET3     LUMO Advance(): vm located at: 0x25e77d0
20260914 093734.095 INFO             PET3     LUMO Advance(): mpionly=1 threadsflag=0
20260914 093734.095 INFO             PET3     LUMO Advance(): ssiCount=1 localSsi=0
20260914 093734.095 INFO             PET3     LUMO Advance(): devCount=0 ssiLocalDevCount=0
20260914 093734.095 INFO             PET3     LUMO Advance(): petCount=2 ssiLocalPetCount=2
20260914 093734.096 INFO             PET3     LUMO Advance(): localPet=1 mypthid=23266671218944 ssiLocalPet=1 currentSsiPe=3
20260914 093734.096 INFO             PET3     LUMO Advance(): Current system level affinity pinning for local PET:
20260914 093734.096 INFO             PET3     LUMO Advance():  SSIPE=3
20260914 093734.096 INFO             PET3     LUMO Advance(): Current system level OMP_NUM_THREADS setting for local PET: 1
20260914 093734.096 INFO             PET3     LUMO Advance(): Current system level OMP_NUM_PROCS setting for local PET: 2
20260914 093734.096 INFO             PET3     LUMO Advance(): ESMF level logical PET->PE association (but consider system level affinity pinning!):
20260914 093734.096 INFO             PET3     LUMO Advance(): PET=0 lpid=0 tid=0 pid=2 peCount=1 accCount=0
20260914 093734.096 INFO             PET3     LUMO Advance():  PE=2 SSI=0 SSIPE=2
20260914 093734.096 INFO             PET3     LUMO Advance(): PET=1 lpid=1 tid=0 pid=3 peCount=1 accCount=0
20260914 093734.096 INFO             PET3     LUMO Advance():  PE=3 SSI=0 SSIPE=3
20260914 093734.096 INFO             PET3     LUMO Advance(): --- VMK::log() end ---------------------------------------
20260914 093734.096 INFO             PET3     thread_num=   0   currentSsiPe=   3   num_threads=   1   max_threads=   1   num_procs=   2
20260914 093734.096 INFO             PET3     ------>Advancing LUMO from: 2010  6  1  0  0  0   0
20260914 093734.096 INFO             PET3     ---------------------> to: 2010  6  1  0  5  0   0
20260914 093734.096 INFO             PET3     LUMO Advance(): --- VMK::log() start -------------------------------------
20260914 093734.097 INFO             PET3     LUMO Advance(): vm located at: 0x25e77d0
20260914 093734.097 INFO             PET3     LUMO Advance(): mpionly=1 threadsflag=0
20260914 093734.097 INFO             PET3     LUMO Advance(): ssiCount=1 localSsi=0
20260914 093734.097 INFO             PET3     LUMO Advance(): devCount=0 ssiLocalDevCount=0
20260914 093734.097 INFO             PET3     LUMO Advance(): petCount=2 ssiLocalPetCount=2
20260914 093734.097 INFO             PET3     LUMO Advance(): localPet=1 mypthid=23266671218944 ssiLocalPet=1 currentSsiPe=3
20260914 093734.097 INFO             PET3     LUMO Advance(): Current system level affinity pinning for local PET:
20260914 093734.097 INFO             PET3     LUMO Advance():  SSIPE=3
20260914 093734.097 INFO             PET3     LUMO Advance(): Current system level OMP_NUM_THREADS setting for local PET: 1
20260914 093734.097 INFO             PET3     LUMO Advance(): Current system level OMP_NUM_PROCS setting for local PET: 2
20260914 093734.097 INFO             PET3     LUMO Advance(): ESMF level logical PET->PE association (but consider system level affinity pinning!):
20260914 093734.097 INFO             PET3     LUMO Advance(): PET=0 lpid=0 tid=0 pid=2 peCount=1 accCount=0
20260914 093734.097 INFO             PET3     LUMO Advance():  PE=2 SSI=0 SSIPE=2
20260914 093734.097 INFO             PET3     LUMO Advance(): PET=1 lpid=1 tid=0 pid=3 peCount=1 accCount=0
20260914 093734.097 INFO             PET3     LUMO Advance():  PE=3 SSI=0 SSIPE=3
20260914 093734.097 INFO             PET3     LUMO Advance(): --- VMK::log() end ---------------------------------------
20260914 093734.097 INFO             PET3     thread_num=   0   currentSsiPe=   3   num_threads=   1   max_threads=   1   num_procs=   2
20260914 093734.097 INFO             PET3     ------>Advancing LUMO from: 2010  6  1  0  5  0   0
20260914 093734.097 INFO             PET3     ---------------------> to: 2010  6  1  0 10  0   0
20260914 093734.097 INFO             PET3     LUMO Advance(): --- VMK::log() start -------------------------------------
20260914 093734.097 INFO             PET3     LUMO Advance(): vm located at: 0x25e77d0
20260914 093734.097 INFO             PET3     LUMO Advance(): mpionly=1 threadsflag=0
20260914 093734.097 INFO             PET3     LUMO Advance(): ssiCount=1 localSsi=0
20260914 093734.097 INFO             PET3     LUMO Advance(): devCount=0 ssiLocalDevCount=0
20260914 093734.097 INFO             PET3     LUMO Advance(): petCount=2 ssiLocalPetCount=2
20260914 093734.097 INFO             PET3     LUMO Advance(): localPet=1 mypthid=23266671218944 ssiLocalPet=1 currentSsiPe=3
20260914 093734.097 INFO             PET3     LUMO Advance(): Current system level affinity pinning for local PET:
20260914 093734.097 INFO             PET3     LUMO Advance():  SSIPE=3
20260914 093734.097 INFO             PET3     LUMO Advance(): Current system level OMP_NUM_THREADS setting for local PET: 1
20260914 093734.097 INFO             PET3     LUMO Advance(): Current system level OMP_NUM_PROCS setting for local PET: 2
20260914 093734.097 INFO             PET3     LUMO Advance(): ESMF level logical PET->PE association (but consider system level affinity pinning!):
20260914 093734.097 INFO             PET3     LUMO Advance(): PET=0 lpid=0 tid=0 pid=2 peCount=1 accCount=0
20260914 093734.097 INFO             PET3     LUMO Advance():  PE=2 SSI=0 SSIPE=2
20260914 093734.097 INFO             PET3     LUMO Advance(): PET=1 lpid=1 tid=0 pid=3 peCount=1 accCount=0
20260914 093734.097 INFO             PET3     LUMO Advance():  PE=3 SSI=0 SSIPE=3
20260914 093734.097 INFO             PET3     LUMO Advance(): --- VMK::log() end ---------------------------------------
20260914 093734.097 INFO             PET3     thread_num=   0   currentSsiPe=   3   num_threads=   1   max_threads=   1   num_procs=   2
20260914 093734.097 INFO             PET3     ------>Advancing LUMO from: 2010  6  1  0 10  0   0
20260914 093734.097 INFO             PET3     ---------------------> to: 2010  6  1  0 15  0   0
20260914 093734.098 INFO             PET3     <<<OCN: leaving Run (phase=RunPhase1) with current time: 2010  6  1  0 15  0   0
20260914 093734.098 INFO             PET3   OCN: Run extro.
20260914 093734.098 INFO             PET3   ATM-TO-ESMX_Driver: Run intro.
20260914 093734.098 INFO             PET3     >>>ATM-TO-ESMX_Driver entered Run (phase=RunPhase1)
20260914 093734.099 INFO             PET3     <<<ATM-TO-ESMX_Driver leaving Run (phase=RunPhase1)
20260914 093734.099 INFO             PET3   ATM-TO-ESMX_Driver: Run extro.
20260914 093734.099 INFO             PET3   OCN-TO-ESMX_Driver: Run intro.
20260914 093734.099 INFO             PET3     >>>OCN-TO-ESMX_Driver entered Run (phase=RunPhase1)
20260914 093734.100 INFO             PET3     <<<OCN-TO-ESMX_Driver leaving Run (phase=RunPhase1)
20260914 093734.100 INFO             PET3   OCN-TO-ESMX_Driver: Run extro.
20260914 093734.100 INFO             PET3   <<<ESMX_Driver: leaving Run (phase=RunPhase1) with current time: 2010  6  1  0 15  0   0
20260914 093734.100 INFO             PET3 ESMX_Driver: Run extro.
20260914 093734.100 INFO             PET3 ESMX_Driver: Run intro.
20260914 093734.100 INFO             PET3   >>>ESMX_Driver: entered Run (phase=RunPhase1) with current time: 2010  6  1  0 15  0   0
20260914 093734.101 INFO             PET3   ESMX_Driver-TO-ATM: Run intro.
20260914 093734.101 INFO             PET3     >>>ESMX_Driver-TO-ATM entered Run (phase=RunPhase1)
20260914 093734.101 INFO             PET3     <<<ESMX_Driver-TO-ATM leaving Run (phase=RunPhase1)
20260914 093734.101 INFO             PET3   ESMX_Driver-TO-ATM: Run extro.
20260914 093734.101 INFO             PET3   ESMX_Driver-TO-OCN: Run intro.
20260914 093734.101 INFO             PET3     >>>ESMX_Driver-TO-OCN entered Run (phase=RunPhase1)
20260914 093734.101 INFO             PET3     <<<ESMX_Driver-TO-OCN leaving Run (phase=RunPhase1)
20260914 093734.101 INFO             PET3   ESMX_Driver-TO-OCN: Run extro.
20260914 093734.102 INFO             PET3   ATM-TO-OCN: Run intro.
20260914 093734.102 INFO             PET3     >>>ATM-TO-OCN entered Run (phase=RunPhase1)
20260914 093734.103 INFO             PET3     <<<ATM-TO-OCN leaving Run (phase=RunPhase1)
20260914 093734.103 INFO             PET3   ATM-TO-OCN: Run extro.
20260914 093734.103 INFO             PET3   OCN-TO-ATM: Run intro.
20260914 093734.103 INFO             PET3     >>>OCN-TO-ATM entered Run (phase=RunPhase1)
20260914 093734.104 INFO             PET3     <<<OCN-TO-ATM leaving Run (phase=RunPhase1)
20260914 093734.104 INFO             PET3   OCN-TO-ATM: Run extro.
20260914 093734.105 INFO             PET3   OCN: Run intro.
20260914 093734.105 INFO             PET3     >>>OCN: entered Run (phase=RunPhase1) with current time: 2010  6  1  0 15  0   0
20260914 093734.105 INFO             PET3     LUMO Advance(): --- VMK::log() start -------------------------------------
20260914 093734.105 INFO             PET3     LUMO Advance(): vm located at: 0x25e77d0
20260914 093734.105 INFO             PET3     LUMO Advance(): mpionly=1 threadsflag=0
20260914 093734.105 INFO             PET3     LUMO Advance(): ssiCount=1 localSsi=0
20260914 093734.105 INFO             PET3     LUMO Advance(): devCount=0 ssiLocalDevCount=0
20260914 093734.105 INFO             PET3     LUMO Advance(): petCount=2 ssiLocalPetCount=2
20260914 093734.105 INFO             PET3     LUMO Advance(): localPet=1 mypthid=23266671218944 ssiLocalPet=1 currentSsiPe=3
20260914 093734.105 INFO             PET3     LUMO Advance(): Current system level affinity pinning for local PET:
20260914 093734.105 INFO             PET3     LUMO Advance():  SSIPE=3
20260914 093734.105 INFO             PET3     LUMO Advance(): Current system level OMP_NUM_THREADS setting for local PET: 1
20260914 093734.105 INFO             PET3     LUMO Advance(): Current system level OMP_NUM_PROCS setting for local PET: 2
20260914 093734.105 INFO             PET3     LUMO Advance(): ESMF level logical PET->PE association (but consider system level affinity pinning!):
20260914 093734.105 INFO             PET3     LUMO Advance(): PET=0 lpid=0 tid=0 pid=2 peCount=1 accCount=0
20260914 093734.105 INFO             PET3     LUMO Advance():  PE=2 SSI=0 SSIPE=2
20260914 093734.105 INFO             PET3     LUMO Advance(): PET=1 lpid=1 tid=0 pid=3 peCount=1 accCount=0
20260914 093734.105 INFO             PET3     LUMO Advance():  PE=3 SSI=0 SSIPE=3
20260914 093734.105 INFO             PET3     LUMO Advance(): --- VMK::log() end ---------------------------------------
20260914 093734.105 INFO             PET3     thread_num=   0   currentSsiPe=   3   num_threads=   1   max_threads=   1   num_procs=   2
20260914 093734.105 INFO             PET3     ------>Advancing LUMO from: 2010  6  1  0 15  0   0
20260914 093734.105 INFO             PET3     ---------------------> to: 2010  6  1  0 20  0   0
20260914 093734.106 INFO             PET3     LUMO Advance(): --- VMK::log() start -------------------------------------
20260914 093734.106 INFO             PET3     LUMO Advance(): vm located at: 0x25e77d0
20260914 093734.106 INFO             PET3     LUMO Advance(): mpionly=1 threadsflag=0
20260914 093734.106 INFO             PET3     LUMO Advance(): ssiCount=1 localSsi=0
20260914 093734.106 INFO             PET3     LUMO Advance(): devCount=0 ssiLocalDevCount=0
20260914 093734.106 INFO             PET3     LUMO Advance(): petCount=2 ssiLocalPetCount=2
20260914 093734.106 INFO             PET3     LUMO Advance(): localPet=1 mypthid=23266671218944 ssiLocalPet=1 currentSsiPe=3
20260914 093734.106 INFO             PET3     LUMO Advance(): Current system level affinity pinning for local PET:
20260914 093734.106 INFO             PET3     LUMO Advance():  SSIPE=3
20260914 093734.106 INFO             PET3     LUMO Advance(): Current system level OMP_NUM_THREADS setting for local PET: 1
20260914 093734.106 INFO             PET3     LUMO Advance(): Current system level OMP_NUM_PROCS setting for local PET: 2
20260914 093734.106 INFO             PET3     LUMO Advance(): ESMF level logical PET->PE association (but consider system level affinity pinning!):
20260914 093734.106 INFO             PET3     LUMO Advance(): PET=0 lpid=0 tid=0 pid=2 peCount=1 accCount=0
20260914 093734.106 INFO             PET3     LUMO Advance():  PE=2 SSI=0 SSIPE=2
20260914 093734.106 INFO             PET3     LUMO Advance(): PET=1 lpid=1 tid=0 pid=3 peCount=1 accCount=0
20260914 093734.106 INFO             PET3     LUMO Advance():  PE=3 SSI=0 SSIPE=3
20260914 093734.106 INFO             PET3     LUMO Advance(): --- VMK::log() end ---------------------------------------
20260914 093734.106 INFO             PET3     thread_num=   0   currentSsiPe=   3   num_threads=   1   max_threads=   1   num_procs=   2
20260914 093734.106 INFO             PET3     ------>Advancing LUMO from: 2010  6  1  0 20  0   0
20260914 093734.106 INFO             PET3     ---------------------> to: 2010  6  1  0 25  0   0
20260914 093734.106 INFO             PET3     LUMO Advance(): --- VMK::log() start -------------------------------------
20260914 093734.106 INFO             PET3     LUMO Advance(): vm located at: 0x25e77d0
20260914 093734.106 INFO             PET3     LUMO Advance(): mpionly=1 threadsflag=0
20260914 093734.106 INFO             PET3     LUMO Advance(): ssiCount=1 localSsi=0
20260914 093734.106 INFO             PET3     LUMO Advance(): devCount=0 ssiLocalDevCount=0
20260914 093734.106 INFO             PET3     LUMO Advance(): petCount=2 ssiLocalPetCount=2
20260914 093734.106 INFO             PET3     LUMO Advance(): localPet=1 mypthid=23266671218944 ssiLocalPet=1 currentSsiPe=3
20260914 093734.106 INFO             PET3     LUMO Advance(): Current system level affinity pinning for local PET:
20260914 093734.106 INFO             PET3     LUMO Advance():  SSIPE=3
20260914 093734.106 INFO             PET3     LUMO Advance(): Current system level OMP_NUM_THREADS setting for local PET: 1
20260914 093734.106 INFO             PET3     LUMO Advance(): Current system level OMP_NUM_PROCS setting for local PET: 2
20260914 093734.106 INFO             PET3     LUMO Advance(): ESMF level logical PET->PE association (but consider system level affinity pinning!):
20260914 093734.106 INFO             PET3     LUMO Advance(): PET=0 lpid=0 tid=0 pid=2 peCount=1 accCount=0
20260914 093734.106 INFO             PET3     LUMO Advance():  PE=2 SSI=0 SSIPE=2
20260914 093734.106 INFO             PET3     LUMO Advance(): PET=1 lpid=1 tid=0 pid=3 peCount=1 accCount=0
20260914 093734.106 INFO             PET3     LUMO Advance():  PE=3 SSI=0 SSIPE=3
20260914 093734.106 INFO             PET3     LUMO Advance(): --- VMK::log() end ---------------------------------------
20260914 093734.106 INFO             PET3     thread_num=   0   currentSsiPe=   3   num_threads=   1   max_threads=   1   num_procs=   2
20260914 093734.106 INFO             PET3     ------>Advancing LUMO from: 2010  6  1  0 25  0   0
20260914 093734.106 INFO             PET3     ---------------------> to: 2010  6  1  0 30  0   0
20260914 093734.107 INFO             PET3     <<<OCN: leaving Run (phase=RunPhase1) with current time: 2010  6  1  0 30  0   0
20260914 093734.107 INFO             PET3   OCN: Run extro.
20260914 093734.107 INFO             PET3   ATM-TO-ESMX_Driver: Run intro.
20260914 093734.107 INFO             PET3     >>>ATM-TO-ESMX_Driver entered Run (phase=RunPhase1)
20260914 093734.108 INFO             PET3     <<<ATM-TO-ESMX_Driver leaving Run (phase=RunPhase1)
20260914 093734.108 INFO             PET3   ATM-TO-ESMX_Driver: Run extro.
20260914 093734.108 INFO             PET3   OCN-TO-ESMX_Driver: Run intro.
20260914 093734.108 INFO             PET3     >>>OCN-TO-ESMX_Driver entered Run (phase=RunPhase1)
20260914 093734.108 INFO             PET3     <<<OCN-TO-ESMX_Driver leaving Run (phase=RunPhase1)
20260914 093734.109 INFO             PET3   OCN-TO-ESMX_Driver: Run extro.
20260914 093734.109 INFO             PET3   <<<ESMX_Driver: leaving Run (phase=RunPhase1) with current time: 2010  6  1  0 30  0   0
20260914 093734.109 INFO             PET3 ESMX_Driver: Run extro.
20260914 093734.109 INFO             PET3 ESMX_Driver: Run intro.
20260914 093734.109 INFO             PET3   >>>ESMX_Driver: entered Run (phase=RunPhase1) with current time: 2010  6  1  0 30  0   0
20260914 093734.110 INFO             PET3   ESMX_Driver-TO-ATM: Run intro.
20260914 093734.110 INFO             PET3     >>>ESMX_Driver-TO-ATM entered Run (phase=RunPhase1)
20260914 093734.110 INFO             PET3     <<<ESMX_Driver-TO-ATM leaving Run (phase=RunPhase1)
20260914 093734.110 INFO             PET3   ESMX_Driver-TO-ATM: Run extro.
20260914 093734.110 INFO             PET3   ESMX_Driver-TO-OCN: Run intro.
20260914 093734.110 INFO             PET3     >>>ESMX_Driver-TO-OCN entered Run (phase=RunPhase1)
20260914 093734.110 INFO             PET3     <<<ESMX_Driver-TO-OCN leaving Run (phase=RunPhase1)
20260914 093734.110 INFO             PET3   ESMX_Driver-TO-OCN: Run extro.
20260914 093734.111 INFO             PET3   ATM-TO-OCN: Run intro.
20260914 093734.111 INFO             PET3     >>>ATM-TO-OCN entered Run (phase=RunPhase1)
20260914 093734.112 INFO             PET3     <<<ATM-TO-OCN leaving Run (phase=RunPhase1)
20260914 093734.112 INFO             PET3   ATM-TO-OCN: Run extro.
20260914 093734.112 INFO             PET3   OCN-TO-ATM: Run intro.
20260914 093734.112 INFO             PET3     >>>OCN-TO-ATM entered Run (phase=RunPhase1)
20260914 093734.113 INFO             PET3     <<<OCN-TO-ATM leaving Run (phase=RunPhase1)
20260914 093734.113 INFO             PET3   OCN-TO-ATM: Run extro.
20260914 093734.114 INFO             PET3   OCN: Run intro.
20260914 093734.114 INFO             PET3     >>>OCN: entered Run (phase=RunPhase1) with current time: 2010  6  1  0 30  0   0
20260914 093734.114 INFO             PET3     LUMO Advance(): --- VMK::log() start -------------------------------------
20260914 093734.114 INFO             PET3     LUMO Advance(): vm located at: 0x25e77d0
20260914 093734.114 INFO             PET3     LUMO Advance(): mpionly=1 threadsflag=0
20260914 093734.114 INFO             PET3     LUMO Advance(): ssiCount=1 localSsi=0
20260914 093734.114 INFO             PET3     LUMO Advance(): devCount=0 ssiLocalDevCount=0
20260914 093734.114 INFO             PET3     LUMO Advance(): petCount=2 ssiLocalPetCount=2
20260914 093734.114 INFO             PET3     LUMO Advance(): localPet=1 mypthid=23266671218944 ssiLocalPet=1 currentSsiPe=3
20260914 093734.114 INFO             PET3     LUMO Advance(): Current system level affinity pinning for local PET:
20260914 093734.114 INFO             PET3     LUMO Advance():  SSIPE=3
20260914 093734.114 INFO             PET3     LUMO Advance(): Current system level OMP_NUM_THREADS setting for local PET: 1
20260914 093734.114 INFO             PET3     LUMO Advance(): Current system level OMP_NUM_PROCS setting for local PET: 2
20260914 093734.114 INFO             PET3     LUMO Advance(): ESMF level logical PET->PE association (but consider system level affinity pinning!):
20260914 093734.114 INFO             PET3     LUMO Advance(): PET=0 lpid=0 tid=0 pid=2 peCount=1 accCount=0
20260914 093734.114 INFO             PET3     LUMO Advance():  PE=2 SSI=0 SSIPE=2
20260914 093734.114 INFO             PET3     LUMO Advance(): PET=1 lpid=1 tid=0 pid=3 peCount=1 accCount=0
20260914 093734.114 INFO             PET3     LUMO Advance():  PE=3 SSI=0 SSIPE=3
20260914 093734.114 INFO             PET3     LUMO Advance(): --- VMK::log() end ---------------------------------------
20260914 093734.114 INFO             PET3     thread_num=   0   currentSsiPe=   3   num_threads=   1   max_threads=   1   num_procs=   2
20260914 093734.114 INFO             PET3     ------>Advancing LUMO from: 2010  6  1  0 30  0   0
20260914 093734.114 INFO             PET3     ---------------------> to: 2010  6  1  0 35  0   0
20260914 093734.115 INFO             PET3     LUMO Advance(): --- VMK::log() start -------------------------------------
20260914 093734.115 INFO             PET3     LUMO Advance(): vm located at: 0x25e77d0
20260914 093734.115 INFO             PET3     LUMO Advance(): mpionly=1 threadsflag=0
20260914 093734.115 INFO             PET3     LUMO Advance(): ssiCount=1 localSsi=0
20260914 093734.115 INFO             PET3     LUMO Advance(): devCount=0 ssiLocalDevCount=0
20260914 093734.115 INFO             PET3     LUMO Advance(): petCount=2 ssiLocalPetCount=2
20260914 093734.115 INFO             PET3     LUMO Advance(): localPet=1 mypthid=23266671218944 ssiLocalPet=1 currentSsiPe=3
20260914 093734.115 INFO             PET3     LUMO Advance(): Current system level affinity pinning for local PET:
20260914 093734.115 INFO             PET3     LUMO Advance():  SSIPE=3
20260914 093734.115 INFO             PET3     LUMO Advance(): Current system level OMP_NUM_THREADS setting for local PET: 1
20260914 093734.115 INFO             PET3     LUMO Advance(): Current system level OMP_NUM_PROCS setting for local PET: 2
20260914 093734.115 INFO             PET3     LUMO Advance(): ESMF level logical PET->PE association (but consider system level affinity pinning!):
20260914 093734.115 INFO             PET3     LUMO Advance(): PET=0 lpid=0 tid=0 pid=2 peCount=1 accCount=0
20260914 093734.115 INFO             PET3     LUMO Advance():  PE=2 SSI=0 SSIPE=2
20260914 093734.115 INFO             PET3     LUMO Advance(): PET=1 lpid=1 tid=0 pid=3 peCount=1 accCount=0
20260914 093734.115 INFO             PET3     LUMO Advance():  PE=3 SSI=0 SSIPE=3
20260914 093734.115 INFO             PET3     LUMO Advance(): --- VMK::log() end ---------------------------------------
20260914 093734.115 INFO             PET3     thread_num=   0   currentSsiPe=   3   num_threads=   1   max_threads=   1   num_procs=   2
20260914 093734.115 INFO             PET3     ------>Advancing LUMO from: 2010  6  1  0 35  0   0
20260914 093734.115 INFO             PET3     ---------------------> to: 2010  6  1  0 40  0   0
20260914 093734.115 INFO             PET3     LUMO Advance(): --- VMK::log() start -------------------------------------
20260914 093734.115 INFO             PET3     LUMO Advance(): vm located at: 0x25e77d0
20260914 093734.115 INFO             PET3     LUMO Advance(): mpionly=1 threadsflag=0
20260914 093734.115 INFO             PET3     LUMO Advance(): ssiCount=1 localSsi=0
20260914 093734.115 INFO             PET3     LUMO Advance(): devCount=0 ssiLocalDevCount=0
20260914 093734.115 INFO             PET3     LUMO Advance(): petCount=2 ssiLocalPetCount=2
20260914 093734.115 INFO             PET3     LUMO Advance(): localPet=1 mypthid=23266671218944 ssiLocalPet=1 currentSsiPe=3
20260914 093734.115 INFO             PET3     LUMO Advance(): Current system level affinity pinning for local PET:
20260914 093734.115 INFO             PET3     LUMO Advance():  SSIPE=3
20260914 093734.115 INFO             PET3     LUMO Advance(): Current system level OMP_NUM_THREADS setting for local PET: 1
20260914 093734.115 INFO             PET3     LUMO Advance(): Current system level OMP_NUM_PROCS setting for local PET: 2
20260914 093734.115 INFO             PET3     LUMO Advance(): ESMF level logical PET->PE association (but consider system level affinity pinning!):
20260914 093734.115 INFO             PET3     LUMO Advance(): PET=0 lpid=0 tid=0 pid=2 peCount=1 accCount=0
20260914 093734.115 INFO             PET3     LUMO Advance():  PE=2 SSI=0 SSIPE=2
20260914 093734.115 INFO             PET3     LUMO Advance(): PET=1 lpid=1 tid=0 pid=3 peCount=1 accCount=0
20260914 093734.115 INFO             PET3     LUMO Advance():  PE=3 SSI=0 SSIPE=3
20260914 093734.115 INFO             PET3     LUMO Advance(): --- VMK::log() end ---------------------------------------
20260914 093734.115 INFO             PET3     thread_num=   0   currentSsiPe=   3   num_threads=   1   max_threads=   1   num_procs=   2
20260914 093734.115 INFO             PET3     ------>Advancing LUMO from: 2010  6  1  0 40  0   0
20260914 093734.115 INFO             PET3     ---------------------> to: 2010  6  1  0 45  0   0
20260914 093734.116 INFO             PET3     <<<OCN: leaving Run (phase=RunPhase1) with current time: 2010  6  1  0 45  0   0
20260914 093734.116 INFO             PET3   OCN: Run extro.
20260914 093734.116 INFO             PET3   ATM-TO-ESMX_Driver: Run intro.
20260914 093734.116 INFO             PET3     >>>ATM-TO-ESMX_Driver entered Run (phase=RunPhase1)
20260914 093734.117 INFO             PET3     <<<ATM-TO-ESMX_Driver leaving Run (phase=RunPhase1)
20260914 093734.117 INFO             PET3   ATM-TO-ESMX_Driver: Run extro.
20260914 093734.117 INFO             PET3   OCN-TO-ESMX_Driver: Run intro.
20260914 093734.117 INFO             PET3     >>>OCN-TO-ESMX_Driver entered Run (phase=RunPhase1)
20260914 093734.117 INFO             PET3     <<<OCN-TO-ESMX_Driver leaving Run (phase=RunPhase1)
20260914 093734.118 INFO             PET3   OCN-TO-ESMX_Driver: Run extro.
20260914 093734.118 INFO             PET3   <<<ESMX_Driver: leaving Run (phase=RunPhase1) with current time: 2010  6  1  0 45  0   0
20260914 093734.118 INFO             PET3 ESMX_Driver: Run extro.
20260914 093734.118 INFO             PET3 ESMX_Driver: Run intro.
20260914 093734.118 INFO             PET3   >>>ESMX_Driver: entered Run (phase=RunPhase1) with current time: 2010  6  1  0 45  0   0
20260914 093734.119 INFO             PET3   ESMX_Driver-TO-ATM: Run intro.
20260914 093734.119 INFO             PET3     >>>ESMX_Driver-TO-ATM entered Run (phase=RunPhase1)
20260914 093734.119 INFO             PET3     <<<ESMX_Driver-TO-ATM leaving Run (phase=RunPhase1)
20260914 093734.119 INFO             PET3   ESMX_Driver-TO-ATM: Run extro.
20260914 093734.119 INFO             PET3   ESMX_Driver-TO-OCN: Run intro.
20260914 093734.119 INFO             PET3     >>>ESMX_Driver-TO-OCN entered Run (phase=RunPhase1)
20260914 093734.119 INFO             PET3     <<<ESMX_Driver-TO-OCN leaving Run (phase=RunPhase1)
20260914 093734.119 INFO             PET3   ESMX_Driver-TO-OCN: Run extro.
20260914 093734.120 INFO             PET3   ATM-TO-OCN: Run intro.
20260914 093734.120 INFO             PET3     >>>ATM-TO-OCN entered Run (phase=RunPhase1)
20260914 093734.121 INFO             PET3     <<<ATM-TO-OCN leaving Run (phase=RunPhase1)
20260914 093734.121 INFO             PET3   ATM-TO-OCN: Run extro.
20260914 093734.121 INFO             PET3   OCN-TO-ATM: Run intro.
20260914 093734.121 INFO             PET3     >>>OCN-TO-ATM entered Run (phase=RunPhase1)
20260914 093734.122 INFO             PET3     <<<OCN-TO-ATM leaving Run (phase=RunPhase1)
20260914 093734.122 INFO             PET3   OCN-TO-ATM: Run extro.
20260914 093734.122 INFO             PET3   OCN: Run intro.
20260914 093734.123 INFO             PET3     >>>OCN: entered Run (phase=RunPhase1) with current time: 2010  6  1  0 45  0   0
20260914 093734.123 INFO             PET3     LUMO Advance(): --- VMK::log() start -------------------------------------
20260914 093734.123 INFO             PET3     LUMO Advance(): vm located at: 0x25e77d0
20260914 093734.123 INFO             PET3     LUMO Advance(): mpionly=1 threadsflag=0
20260914 093734.123 INFO             PET3     LUMO Advance(): ssiCount=1 localSsi=0
20260914 093734.123 INFO             PET3     LUMO Advance(): devCount=0 ssiLocalDevCount=0
20260914 093734.123 INFO             PET3     LUMO Advance(): petCount=2 ssiLocalPetCount=2
20260914 093734.123 INFO             PET3     LUMO Advance(): localPet=1 mypthid=23266671218944 ssiLocalPet=1 currentSsiPe=3
20260914 093734.123 INFO             PET3     LUMO Advance(): Current system level affinity pinning for local PET:
20260914 093734.123 INFO             PET3     LUMO Advance():  SSIPE=3
20260914 093734.123 INFO             PET3     LUMO Advance(): Current system level OMP_NUM_THREADS setting for local PET: 1
20260914 093734.123 INFO             PET3     LUMO Advance(): Current system level OMP_NUM_PROCS setting for local PET: 2
20260914 093734.123 INFO             PET3     LUMO Advance(): ESMF level logical PET->PE association (but consider system level affinity pinning!):
20260914 093734.123 INFO             PET3     LUMO Advance(): PET=0 lpid=0 tid=0 pid=2 peCount=1 accCount=0
20260914 093734.123 INFO             PET3     LUMO Advance():  PE=2 SSI=0 SSIPE=2
20260914 093734.123 INFO             PET3     LUMO Advance(): PET=1 lpid=1 tid=0 pid=3 peCount=1 accCount=0
20260914 093734.123 INFO             PET3     LUMO Advance():  PE=3 SSI=0 SSIPE=3
20260914 093734.123 INFO             PET3     LUMO Advance(): --- VMK::log() end ---------------------------------------
20260914 093734.123 INFO             PET3     thread_num=   0   currentSsiPe=   3   num_threads=   1   max_threads=   1   num_procs=   2
20260914 093734.123 INFO             PET3     ------>Advancing LUMO from: 2010  6  1  0 45  0   0
20260914 093734.123 INFO             PET3     ---------------------> to: 2010  6  1  0 50  0   0
20260914 093734.123 INFO             PET3     LUMO Advance(): --- VMK::log() start -------------------------------------
20260914 093734.124 INFO             PET3     LUMO Advance(): vm located at: 0x25e77d0
20260914 093734.124 INFO             PET3     LUMO Advance(): mpionly=1 threadsflag=0
20260914 093734.124 INFO             PET3     LUMO Advance(): ssiCount=1 localSsi=0
20260914 093734.124 INFO             PET3     LUMO Advance(): devCount=0 ssiLocalDevCount=0
20260914 093734.124 INFO             PET3     LUMO Advance(): petCount=2 ssiLocalPetCount=2
20260914 093734.124 INFO             PET3     LUMO Advance(): localPet=1 mypthid=23266671218944 ssiLocalPet=1 currentSsiPe=3
20260914 093734.124 INFO             PET3     LUMO Advance(): Current system level affinity pinning for local PET:
20260914 093734.124 INFO             PET3     LUMO Advance():  SSIPE=3
20260914 093734.124 INFO             PET3     LUMO Advance(): Current system level OMP_NUM_THREADS setting for local PET: 1
20260914 093734.124 INFO             PET3     LUMO Advance(): Current system level OMP_NUM_PROCS setting for local PET: 2
20260914 093734.124 INFO             PET3     LUMO Advance(): ESMF level logical PET->PE association (but consider system level affinity pinning!):
20260914 093734.124 INFO             PET3     LUMO Advance(): PET=0 lpid=0 tid=0 pid=2 peCount=1 accCount=0
20260914 093734.124 INFO             PET3     LUMO Advance():  PE=2 SSI=0 SSIPE=2
20260914 093734.124 INFO             PET3     LUMO Advance(): PET=1 lpid=1 tid=0 pid=3 peCount=1 accCount=0
20260914 093734.124 INFO             PET3     LUMO Advance():  PE=3 SSI=0 SSIPE=3
20260914 093734.124 INFO             PET3     LUMO Advance(): --- VMK::log() end ---------------------------------------
20260914 093734.124 INFO             PET3     thread_num=   0   currentSsiPe=   3   num_threads=   1   max_threads=   1   num_procs=   2
20260914 093734.124 INFO             PET3     ------>Advancing LUMO from: 2010  6  1  0 50  0   0
20260914 093734.124 INFO             PET3     ---------------------> to: 2010  6  1  0 55  0   0
20260914 093734.124 INFO             PET3     LUMO Advance(): --- VMK::log() start -------------------------------------
20260914 093734.124 INFO             PET3     LUMO Advance(): vm located at: 0x25e77d0
20260914 093734.124 INFO             PET3     LUMO Advance(): mpionly=1 threadsflag=0
20260914 093734.124 INFO             PET3     LUMO Advance(): ssiCount=1 localSsi=0
20260914 093734.124 INFO             PET3     LUMO Advance(): devCount=0 ssiLocalDevCount=0
20260914 093734.124 INFO             PET3     LUMO Advance(): petCount=2 ssiLocalPetCount=2
20260914 093734.124 INFO             PET3     LUMO Advance(): localPet=1 mypthid=23266671218944 ssiLocalPet=1 currentSsiPe=3
20260914 093734.124 INFO             PET3     LUMO Advance(): Current system level affinity pinning for local PET:
20260914 093734.124 INFO             PET3     LUMO Advance():  SSIPE=3
20260914 093734.124 INFO             PET3     LUMO Advance(): Current system level OMP_NUM_THREADS setting for local PET: 1
20260914 093734.124 INFO             PET3     LUMO Advance(): Current system level OMP_NUM_PROCS setting for local PET: 2
20260914 093734.124 INFO             PET3     LUMO Advance(): ESMF level logical PET->PE association (but consider system level affinity pinning!):
20260914 093734.124 INFO             PET3     LUMO Advance(): PET=0 lpid=0 tid=0 pid=2 peCount=1 accCount=0
20260914 093734.124 INFO             PET3     LUMO Advance():  PE=2 SSI=0 SSIPE=2
20260914 093734.124 INFO             PET3     LUMO Advance(): PET=1 lpid=1 tid=0 pid=3 peCount=1 accCount=0
20260914 093734.124 INFO             PET3     LUMO Advance():  PE=3 SSI=0 SSIPE=3
20260914 093734.124 INFO             PET3     LUMO Advance(): --- VMK::log() end ---------------------------------------
20260914 093734.124 INFO             PET3     thread_num=   0   currentSsiPe=   3   num_threads=   1   max_threads=   1   num_procs=   2
20260914 093734.124 INFO             PET3     ------>Advancing LUMO from: 2010  6  1  0 55  0   0
20260914 093734.124 INFO             PET3     ---------------------> to: 2010  6  1  1  0  0   0
20260914 093734.125 INFO             PET3     <<<OCN: leaving Run (phase=RunPhase1) with current time: 2010  6  1  1  0  0   0
20260914 093734.125 INFO             PET3   OCN: Run extro.
20260914 093734.125 INFO             PET3   ATM-TO-ESMX_Driver: Run intro.
20260914 093734.125 INFO             PET3     >>>ATM-TO-ESMX_Driver entered Run (phase=RunPhase1)
20260914 093734.125 INFO             PET3     <<<ATM-TO-ESMX_Driver leaving Run (phase=RunPhase1)
20260914 093734.126 INFO             PET3   ATM-TO-ESMX_Driver: Run extro.
20260914 093734.126 INFO             PET3   OCN-TO-ESMX_Driver: Run intro.
20260914 093734.126 INFO             PET3     >>>OCN-TO-ESMX_Driver entered Run (phase=RunPhase1)
20260914 093734.126 INFO             PET3     <<<OCN-TO-ESMX_Driver leaving Run (phase=RunPhase1)
20260914 093734.126 INFO             PET3   OCN-TO-ESMX_Driver: Run extro.
20260914 093734.127 INFO             PET3   <<<ESMX_Driver: leaving Run (phase=RunPhase1) with current time: 2010  6  1  1  0  0   0
20260914 093734.127 INFO             PET3 ESMX_Driver: Run extro.
20260914 093734.127 INFO             PET3 ESMX_Driver: Finalize intro.
20260914 093734.127 INFO             PET3   >>>ESMX_Driver: entered Finalize (phase=FinalizePhase1) with current time: 2010  6  1  1  0  0   0
20260914 093734.127 INFO             PET3   Calling Finalize phase 1 for connectorComp: ESMX_Driver-TO-ATM
20260914 093734.127 INFO             PET3   ESMX_Driver-TO-ATM: Finalize intro.
20260914 093734.128 INFO             PET3   ESMX_Driver-TO-ATM: Finalize extro.
20260914 093734.128 INFO             PET3   Calling Finalize phase 1 for connectorComp: ESMX_Driver-TO-OCN
20260914 093734.128 INFO             PET3   ESMX_Driver-TO-OCN: Finalize intro.
20260914 093734.128 INFO             PET3   ESMX_Driver-TO-OCN: Finalize extro.
20260914 093734.128 INFO             PET3   Calling Finalize phase 1 for connectorComp: ATM-TO-ESMX_Driver
20260914 093734.129 INFO             PET3   ATM-TO-ESMX_Driver: Finalize intro.
20260914 093734.129 INFO             PET3   ATM-TO-ESMX_Driver: Finalize extro.
20260914 093734.129 INFO             PET3   Calling Finalize phase 1 for connectorComp: ATM-TO-OCN
20260914 093734.129 INFO             PET3   ATM-TO-OCN: Finalize intro.
20260914 093734.130 INFO             PET3   ATM-TO-OCN: Finalize extro.
20260914 093734.130 INFO             PET3   Calling Finalize phase 1 for connectorComp: OCN-TO-ESMX_Driver
20260914 093734.130 INFO             PET3   OCN-TO-ESMX_Driver: Finalize intro.
20260914 093734.131 INFO             PET3   OCN-TO-ESMX_Driver: Finalize extro.
20260914 093734.131 INFO             PET3   Calling Finalize phase 1 for connectorComp: OCN-TO-ATM
20260914 093734.131 INFO             PET3   OCN-TO-ATM: Finalize intro.
20260914 093734.131 INFO             PET3   OCN-TO-ATM: Finalize extro.
20260914 093734.131 INFO             PET3   Calling Finalize phase 1 for modelComp: ATM
20260914 093734.131 INFO             PET3   Calling Finalize phase 1 for modelComp: OCN
20260914 093734.132 INFO             PET3   OCN: Finalize intro.
20260914 093734.132 INFO             PET3     >>>OCN: entered Finalize (phase=FinalizePhase1) with current time: 2010  6  1  1  0  0   0
20260914 093734.132 INFO             PET3     <<<OCN: leaving Finalize (phase=FinalizePhase1) with current time: 2010  6  1  1  0  0   0
20260914 093734.132 INFO             PET3   OCN: Finalize extro.
20260914 093734.132 INFO             PET3   Delete modelComp: ATM
20260914 093734.132 INFO             PET3   Delete modelComp: OCN
20260914 093734.133 INFO             PET3   Delete connectorComp: ESMX_Driver-TO-ATM
20260914 093734.133 INFO             PET3   Delete connectorComp: ESMX_Driver-TO-OCN
20260914 093734.133 INFO             PET3   Delete connectorComp: ATM-TO-ESMX_Driver
20260914 093734.133 INFO             PET3   Delete connectorComp: OCN-TO-ESMX_Driver
20260914 093734.133 INFO             PET3   Delete connectorComp: ATM-TO-OCN
20260914 093734.133 INFO             PET3   Delete connectorComp: OCN-TO-ATM
20260914 093734.134 INFO             PET3   <<<ESMX_Driver: leaving Finalize (phase=FinalizePhase1) with current time: 2010  6  1  1  0  0   0
20260914 093734.134 INFO             PET3 ESMX_Driver: Finalize extro.
20260914 093734.135 INFO             PET3 externalApp FINISHED
20260914 093734.135 INFO             PET3  Finalizing ESMF
