2026-09-10 01:30:13
20260910 015223.955 INFO             PET0 !!!!!!!!!!!!!!!!!!!!!!!!!!!!!!!!!!!!!!!!!!!!!!!!!!!!!!
20260910 015223.955 INFO             PET0 !!! THE ESMF_LOG IS SET TO OUTPUT ALL LOG MESSAGES !!!
20260910 015223.955 INFO             PET0 !!!     THIS MAY CAUSE SLOWDOWN IN PERFORMANCE     !!!
20260910 015223.955 INFO             PET0 !!! FOR PRODUCTION RUNS, USE:                      !!!
20260910 015223.955 INFO             PET0 !!!                   ESMF_LOGKIND_Multi_On_Error  !!!
20260910 015223.955 INFO             PET0 !!!!!!!!!!!!!!!!!!!!!!!!!!!!!!!!!!!!!!!!!!!!!!!!!!!!!!
20260910 015223.955 INFO             PET0 Running with ESMF Version   : develop+gc12f7f42f7
20260910 015223.955 INFO             PET0 ESMF library build date/time: "Sep 10 2026" "01:29:06"
20260910 015223.955 INFO             PET0 ESMF library build location : /home/gerhard/ESMF-Nightly-Testing/gfortran_7.4.0_mpich_O_develop/esmf
20260910 015223.955 INFO             PET0 ESMF_COMM                   : mpich
20260910 015223.955 INFO             PET0 ESMF_MOAB                   : enabled
20260910 015223.955 INFO             PET0 ESMF_LAPACK                 : enabled
20260910 015223.955 INFO             PET0 ESMF_NETCDF                 : enabled
20260910 015223.955 INFO             PET0 ESMF_PNETCDF                : disabled
20260910 015223.955 INFO             PET0 ESMF_PIO                    : enabled
20260910 015223.955 INFO             PET0 ESMF_YAMLCPP                : enabled
20260910 015223.955 INFO             PET0 mainApp STARTING
20260910 015223.958 INFO             PET0 driver: InitializeGeneric intro.
20260910 015223.958 INFO             PET0   driver: InitializeGeneric intro {IS}:--- StateLog() start -----------------
20260910 015223.958 INFO             PET0   driver: InitializeGeneric intro {IS}:State object is invalid! Not created or deleted!
20260910 015223.958 INFO             PET0   driver: InitializeGeneric intro {IS}:--- StateLog() end -------------------
20260910 015223.958 INFO             PET0   driver: InitializeGeneric intro {ES}:--- StateLog() start -----------------
20260910 015223.958 INFO             PET0   driver: InitializeGeneric intro {ES}:State object is invalid! Not created or deleted!
20260910 015223.958 INFO             PET0   driver: InitializeGeneric intro {ES}:--- StateLog() end -------------------
20260910 015223.958 INFO             PET0   >>>driver: entered Initialize (phase=<none>) without valid internal Clock.
20260910 015223.958 INFO             PET0   driver: InitializeP0 intro.
20260910 015223.958 INFO             PET0     driver: InitializeP0 intro {IS}:--- StateLog() start -----------------
20260910 015223.958 INFO             PET0     driver: InitializeP0 intro {IS}:State object is invalid! Not created or deleted!
20260910 015223.958 INFO             PET0     driver: InitializeP0 intro {IS}:--- StateLog() end -------------------
20260910 015223.958 INFO             PET0     driver: InitializeP0 intro {ES}:--- StateLog() start -----------------
20260910 015223.958 INFO             PET0     driver: InitializeP0 intro {ES}:State object is invalid! Not created or deleted!
20260910 015223.958 INFO             PET0     driver: InitializeP0 intro {ES}:--- StateLog() end -------------------
20260910 015223.958 INFO             PET0     >>>driver: entered Initialize (phase=<none>) without valid internal Clock.
20260910 015223.958 INFO             PET0     <<<driver: leaving Initialize (phase=<none>) without valid internal Clock.
20260910 015223.958 INFO             PET0     driver: InitializeP0 extro {IS}:--- StateLog() start -----------------
20260910 015223.958 INFO             PET0     driver: InitializeP0 extro {IS}:State object is invalid! Not created or deleted!
20260910 015223.958 INFO             PET0     driver: InitializeP0 extro {IS}:--- StateLog() end -------------------
20260910 015223.958 INFO             PET0     driver: InitializeP0 extro {ES}:--- StateLog() start -----------------
20260910 015223.958 INFO             PET0     driver: InitializeP0 extro {ES}:State object is invalid! Not created or deleted!
20260910 015223.958 INFO             PET0     driver: InitializeP0 extro {ES}:--- StateLog() end -------------------
20260910 015223.958 INFO             PET0   driver: InitializeP0 extro.
20260910 015223.959 INFO             PET0   driver: InitializeIPDv02p1 intro.
20260910 015223.959 INFO             PET0     driver: InitializeIPDv02p1 intro {IS}:--- StateLog() start -----------------
20260910 015223.959 INFO             PET0     driver: InitializeIPDv02p1 intro {IS}:State object is invalid! Not created or deleted!
20260910 015223.959 INFO             PET0     driver: InitializeIPDv02p1 intro {IS}:--- StateLog() end -------------------
20260910 015223.959 INFO             PET0     driver: InitializeIPDv02p1 intro {ES}:--- StateLog() start -----------------
20260910 015223.959 INFO             PET0     driver: InitializeIPDv02p1 intro {ES}:State object is invalid! Not created or deleted!
20260910 015223.959 INFO             PET0     driver: InitializeIPDv02p1 intro {ES}:--- StateLog() end -------------------
20260910 015223.959 INFO             PET0     >>>driver: entered Initialize (phase=<none>) without valid internal Clock.
20260910 015223.959 INFO             PET0     driver - Creating model component MODEL without petList.
20260910 015223.961 INFO             PET0      GridCompIsPetLocal:  T
20260910 015223.961 INFO             PET0      VmIsCreated:  T
20260910 015223.961 INFO             PET0      valid MPI_COMM with size=           4
20260910 015223.961 INFO             PET0     driver - Creating state: modelComp 1 Import State
20260910 015223.961 INFO             PET0     driver - Creating state: modelComp 1 Export State
20260910 015223.961 INFO             PET0     MODEL: InitializeP0 intro.
20260910 015223.962 INFO             PET0       MODEL: InitializeP0 intro {IS}:--- StateLog() start -----------------
20260910 015223.962 INFO             PET0       MODEL: InitializeP0 intro {IS}:<name: MODEL-ImportState> <intent: ESMF_STATEINTENT_IMPORT> <itemCount:    0>
20260910 015223.962 INFO             PET0       MODEL: InitializeP0 intro {IS}:--- StateLog() end -------------------
20260910 015223.962 INFO             PET0       MODEL: InitializeP0 intro {ES}:--- StateLog() start -----------------
20260910 015223.962 INFO             PET0       MODEL: InitializeP0 intro {ES}:<name: MODEL-ExportState> <intent: ESMF_STATEINTENT_EXPORT> <itemCount:    0>
20260910 015223.962 INFO             PET0       MODEL: InitializeP0 intro {ES}:--- StateLog() end -------------------
20260910 015223.962 INFO             PET0       >>>MODEL: entered Initialize (phase=<none>) without valid internal Clock.
20260910 015223.962 INFO             PET0       <<<MODEL: leaving Initialize (phase=<none>) without valid internal Clock.
20260910 015223.962 INFO             PET0       MODEL: InitializeP0 extro {IS}:--- StateLog() start -----------------
20260910 015223.962 INFO             PET0       MODEL: InitializeP0 extro {IS}:<name: MODEL-ImportState> <intent: ESMF_STATEINTENT_IMPORT> <itemCount:    0>
20260910 015223.962 INFO             PET0       MODEL: InitializeP0 extro {IS}:--- StateLog() end -------------------
20260910 015223.962 INFO             PET0       MODEL: InitializeP0 extro {ES}:--- StateLog() start -----------------
20260910 015223.962 INFO             PET0       MODEL: InitializeP0 extro {ES}:<name: MODEL-ExportState> <intent: ESMF_STATEINTENT_EXPORT> <itemCount:    0>
20260910 015223.962 INFO             PET0       MODEL: InitializeP0 extro {ES}:--- StateLog() end -------------------
20260910 015223.962 INFO             PET0     MODEL: InitializeP0 extro.
20260910 015223.963 INFO             PET0     driver: IInitAdvertise intro.
20260910 015223.963 INFO             PET0       driver: IInitAdvertise intro {IS}:--- StateLog() start -----------------
20260910 015223.963 INFO             PET0       driver: IInitAdvertise intro {IS}:State object is invalid! Not created or deleted!
20260910 015223.963 INFO             PET0       driver: IInitAdvertise intro {IS}:--- StateLog() end -------------------
20260910 015223.963 INFO             PET0       driver: IInitAdvertise intro {ES}:--- StateLog() start -----------------
20260910 015223.963 INFO             PET0       driver: IInitAdvertise intro {ES}:State object is invalid! Not created or deleted!
20260910 015223.963 INFO             PET0       driver: IInitAdvertise intro {ES}:--- StateLog() end -------------------
20260910 015223.963 INFO             PET0       >>>driver: entered Initialize (phase=<none>) with current time:    0  1  1  0  0  0   0
20260910 015223.963 INFO             PET0       <<<driver: leaving Initialize (phase=<none>) with current time:    0  1  1  0  0  0   0
20260910 015223.963 INFO             PET0       driver: IInitAdvertise extro {IS}:--- StateLog() start -----------------
20260910 015223.963 INFO             PET0       driver: IInitAdvertise extro {IS}:State object is invalid! Not created or deleted!
20260910 015223.963 INFO             PET0       driver: IInitAdvertise extro {IS}:--- StateLog() end -------------------
20260910 015223.963 INFO             PET0       driver: IInitAdvertise extro {ES}:--- StateLog() start -----------------
20260910 015223.963 INFO             PET0       driver: IInitAdvertise extro {ES}:State object is invalid! Not created or deleted!
20260910 015223.963 INFO             PET0       driver: IInitAdvertise extro {ES}:--- StateLog() end -------------------
20260910 015223.963 INFO             PET0     driver: IInitAdvertise extro.
20260910 015223.963 INFO             PET0     MODEL: InitializeIPDvXp01 intro.
20260910 015223.963 INFO             PET0       MODEL: InitializeIPDvXp01 intro {IS}:--- StateLog() start -----------------
20260910 015223.963 INFO             PET0       MODEL: InitializeIPDvXp01 intro {IS}:<name: MODEL-ImportState> <intent: ESMF_STATEINTENT_IMPORT> <itemCount:    0>
20260910 015223.963 INFO             PET0       MODEL: InitializeIPDvXp01 intro {IS}:--- StateLog() end -------------------
20260910 015223.963 INFO             PET0       MODEL: InitializeIPDvXp01 intro {ES}:--- StateLog() start -----------------
20260910 015223.963 INFO             PET0       MODEL: InitializeIPDvXp01 intro {ES}:<name: MODEL-ExportState> <intent: ESMF_STATEINTENT_EXPORT> <itemCount:    0>
20260910 015223.963 INFO             PET0       MODEL: InitializeIPDvXp01 intro {ES}:--- StateLog() end -------------------
20260910 015223.963 INFO             PET0       >>>MODEL: entered Initialize (phase=IPDvXp01) without valid internal Clock.
20260910 015223.965 INFO             PET0       <<<MODEL: leaving Initialize (phase=IPDvXp01) without valid internal Clock.
20260910 015223.965 INFO             PET0       MODEL: InitializeIPDvXp01 extro {IS}:--- StateLog() start -----------------
20260910 015223.965 INFO             PET0       MODEL: InitializeIPDvXp01 extro {IS}:<name: MODEL-ImportState> <intent: ESMF_STATEINTENT_IMPORT> <itemCount:    0>
20260910 015223.965 INFO             PET0       MODEL: InitializeIPDvXp01 extro {IS}:--- StateLog() end -------------------
20260910 015223.965 INFO             PET0       MODEL: InitializeIPDvXp01 extro {ES}:--- StateLog() start -----------------
20260910 015223.965 INFO             PET0       MODEL: InitializeIPDvXp01 extro {ES}:<name: MODEL-ExportState> <intent: ESMF_STATEINTENT_EXPORT> <itemCount:    2>
20260910 015223.965 INFO             PET0       MODEL: InitializeIPDvXp01 extro {ES}:+-<item: 0001> <itemType: Field> <itemName: pmsl>
20260910 015223.965 INFO             PET0       MODEL: InitializeIPDvXp01 extro {ES}:!--- FieldLog() start -----------------
20260910 015223.965 INFO             PET0       MODEL: InitializeIPDvXp01 extro {ES}:! <name: pmsl> <fieldStatus: ESMF_FIELDSTATUS_EMPTY>
20260910 015223.965 INFO             PET0       MODEL: InitializeIPDvXp01 extro {ES}:! 0x7fff865ec090 => 0x19dcc60 => 0x19e03a0
20260910 015223.965 INFO             PET0       MODEL: InitializeIPDvXp01 extro {ES}:!--- FieldLog() end -------------------
20260910 015223.965 INFO             PET0       MODEL: InitializeIPDvXp01 extro {ES}:+-<item: 0002> <itemType: Field> <itemName: rsns>
20260910 015223.965 INFO             PET0       MODEL: InitializeIPDvXp01 extro {ES}:!--- FieldLog() start -----------------
20260910 015223.965 INFO             PET0       MODEL: InitializeIPDvXp01 extro {ES}:! <name: rsns> <fieldStatus: ESMF_FIELDSTATUS_EMPTY>
20260910 015223.965 INFO             PET0       MODEL: InitializeIPDvXp01 extro {ES}:! 0x7fff865ec090 => 0x19e2e40 => 0x19e3060
20260910 015223.965 INFO             PET0       MODEL: InitializeIPDvXp01 extro {ES}:!--- FieldLog() end -------------------
20260910 015223.965 INFO             PET0       MODEL: InitializeIPDvXp01 extro {ES}:--- StateLog() end -------------------
20260910 015223.965 INFO             PET0     MODEL: InitializeIPDvXp01 extro.
20260910 015223.965 INFO             PET0     driver: IInitAdvertiseFinish intro.
20260910 015223.965 INFO             PET0       driver: IInitAdvertiseFinish intro {IS}:--- StateLog() start -----------------
20260910 015223.965 INFO             PET0       driver: IInitAdvertiseFinish intro {IS}:State object is invalid! Not created or deleted!
20260910 015223.965 INFO             PET0       driver: IInitAdvertiseFinish intro {IS}:--- StateLog() end -------------------
20260910 015223.965 INFO             PET0       driver: IInitAdvertiseFinish intro {ES}:--- StateLog() start -----------------
20260910 015223.965 INFO             PET0       driver: IInitAdvertiseFinish intro {ES}:State object is invalid! Not created or deleted!
20260910 015223.965 INFO             PET0       driver: IInitAdvertiseFinish intro {ES}:--- StateLog() end -------------------
20260910 015223.965 INFO             PET0       >>>driver: entered Initialize (phase=<none>) with current time:    0  1  1  0  0  0   0
20260910 015223.965 INFO             PET0       <<<driver: leaving Initialize (phase=<none>) with current time:    0  1  1  0  0  0   0
20260910 015223.965 INFO             PET0       driver: IInitAdvertiseFinish extro {IS}:--- StateLog() start -----------------
20260910 015223.965 INFO             PET0       driver: IInitAdvertiseFinish extro {IS}:State object is invalid! Not created or deleted!
20260910 015223.965 INFO             PET0       driver: IInitAdvertiseFinish extro {IS}:--- StateLog() end -------------------
20260910 015223.965 INFO             PET0       driver: IInitAdvertiseFinish extro {ES}:--- StateLog() start -----------------
20260910 015223.965 INFO             PET0       driver: IInitAdvertiseFinish extro {ES}:State object is invalid! Not created or deleted!
20260910 015223.965 INFO             PET0       driver: IInitAdvertiseFinish extro {ES}:--- StateLog() end -------------------
20260910 015223.965 INFO             PET0     driver: IInitAdvertiseFinish extro.
20260910 015223.966 INFO             PET0     driver: IInitModifyCplLists intro.
20260910 015223.966 INFO             PET0       driver: IInitModifyCplLists intro {IS}:--- StateLog() start -----------------
20260910 015223.966 INFO             PET0       driver: IInitModifyCplLists intro {IS}:State object is invalid! Not created or deleted!
20260910 015223.966 INFO             PET0       driver: IInitModifyCplLists intro {IS}:--- StateLog() end -------------------
20260910 015223.966 INFO             PET0       driver: IInitModifyCplLists intro {ES}:--- StateLog() start -----------------
20260910 015223.966 INFO             PET0       driver: IInitModifyCplLists intro {ES}:State object is invalid! Not created or deleted!
20260910 015223.966 INFO             PET0       driver: IInitModifyCplLists intro {ES}:--- StateLog() end -------------------
20260910 015223.966 INFO             PET0       >>>driver: entered Initialize (phase=<none>) with current time:    0  1  1  0  0  0   0
20260910 015223.966 INFO             PET0       <<<driver: leaving Initialize (phase=<none>) with current time:    0  1  1  0  0  0   0
20260910 015223.966 INFO             PET0       driver: IInitModifyCplLists extro {IS}:--- StateLog() start -----------------
20260910 015223.966 INFO             PET0       driver: IInitModifyCplLists extro {IS}:State object is invalid! Not created or deleted!
20260910 015223.966 INFO             PET0       driver: IInitModifyCplLists extro {IS}:--- StateLog() end -------------------
20260910 015223.966 INFO             PET0       driver: IInitModifyCplLists extro {ES}:--- StateLog() start -----------------
20260910 015223.966 INFO             PET0       driver: IInitModifyCplLists extro {ES}:State object is invalid! Not created or deleted!
20260910 015223.966 INFO             PET0       driver: IInitModifyCplLists extro {ES}:--- StateLog() end -------------------
20260910 015223.966 INFO             PET0     driver: IInitModifyCplLists extro.
20260910 015223.966 INFO             PET0     <<<driver: leaving Initialize (phase=<none>) with current time:    0  1  1  0  0  0   0
20260910 015223.966 INFO             PET0     driver: InitializeIPDv02p1 extro {IS}:--- StateLog() start -----------------
20260910 015223.966 INFO             PET0     driver: InitializeIPDv02p1 extro {IS}:State object is invalid! Not created or deleted!
20260910 015223.966 INFO             PET0     driver: InitializeIPDv02p1 extro {IS}:--- StateLog() end -------------------
20260910 015223.966 INFO             PET0     driver: InitializeIPDv02p1 extro {ES}:--- StateLog() start -----------------
20260910 015223.966 INFO             PET0     driver: InitializeIPDv02p1 extro {ES}:State object is invalid! Not created or deleted!
20260910 015223.966 INFO             PET0     driver: InitializeIPDv02p1 extro {ES}:--- StateLog() end -------------------
20260910 015223.966 INFO             PET0   driver: InitializeIPDv02p1 extro.
20260910 015223.966 INFO             PET0   driver: InitializeIPDv02p3 intro.
20260910 015223.966 INFO             PET0     driver: InitializeIPDv02p3 intro {IS}:--- StateLog() start -----------------
20260910 015223.966 INFO             PET0     driver: InitializeIPDv02p3 intro {IS}:State object is invalid! Not created or deleted!
20260910 015223.966 INFO             PET0     driver: InitializeIPDv02p3 intro {IS}:--- StateLog() end -------------------
20260910 015223.966 INFO             PET0     driver: InitializeIPDv02p3 intro {ES}:--- StateLog() start -----------------
20260910 015223.966 INFO             PET0     driver: InitializeIPDv02p3 intro {ES}:State object is invalid! Not created or deleted!
20260910 015223.966 INFO             PET0     driver: InitializeIPDv02p3 intro {ES}:--- StateLog() end -------------------
20260910 015223.966 INFO             PET0     >>>driver: entered Initialize (phase=<none>) with current time:    0  1  1  0  0  0   0
20260910 015223.966 INFO             PET0     driver: IInitCheck intro.
20260910 015223.966 INFO             PET0       driver: IInitCheck intro {IS}:--- StateLog() start -----------------
20260910 015223.966 INFO             PET0       driver: IInitCheck intro {IS}:State object is invalid! Not created or deleted!
20260910 015223.966 INFO             PET0       driver: IInitCheck intro {IS}:--- StateLog() end -------------------
20260910 015223.966 INFO             PET0       driver: IInitCheck intro {ES}:--- StateLog() start -----------------
20260910 015223.966 INFO             PET0       driver: IInitCheck intro {ES}:State object is invalid! Not created or deleted!
20260910 015223.966 INFO             PET0       driver: IInitCheck intro {ES}:--- StateLog() end -------------------
20260910 015223.966 INFO             PET0       >>>driver: entered Initialize (phase=<none>) with current time:    0  1  1  0  0  0   0
20260910 015223.966 INFO             PET0       <<<driver: leaving Initialize (phase=<none>) with current time:    0  1  1  0  0  0   0
20260910 015223.966 INFO             PET0       driver: IInitCheck extro {IS}:--- StateLog() start -----------------
20260910 015223.966 INFO             PET0       driver: IInitCheck extro {IS}:State object is invalid! Not created or deleted!
20260910 015223.966 INFO             PET0       driver: IInitCheck extro {IS}:--- StateLog() end -------------------
20260910 015223.966 INFO             PET0       driver: IInitCheck extro {ES}:--- StateLog() start -----------------
20260910 015223.966 INFO             PET0       driver: IInitCheck extro {ES}:State object is invalid! Not created or deleted!
20260910 015223.966 INFO             PET0       driver: IInitCheck extro {ES}:--- StateLog() end -------------------
20260910 015223.966 INFO             PET0     driver: IInitCheck extro.
20260910 015223.966 INFO             PET0     MODEL: InitializeIPDvXp04 intro.
20260910 015223.966 INFO             PET0       MODEL: InitializeIPDvXp04 intro {IS}:--- StateLog() start -----------------
20260910 015223.966 INFO             PET0       MODEL: InitializeIPDvXp04 intro {IS}:<name: MODEL-ImportState> <intent: ESMF_STATEINTENT_IMPORT> <itemCount:    0>
20260910 015223.966 INFO             PET0       MODEL: InitializeIPDvXp04 intro {IS}:--- StateLog() end -------------------
20260910 015223.966 INFO             PET0       MODEL: InitializeIPDvXp04 intro {ES}:--- StateLog() start -----------------
20260910 015223.966 INFO             PET0       MODEL: InitializeIPDvXp04 intro {ES}:<name: MODEL-ExportState> <intent: ESMF_STATEINTENT_EXPORT> <itemCount:    2>
20260910 015223.966 INFO             PET0       MODEL: InitializeIPDvXp04 intro {ES}:+-<item: 0001> <itemType: Field> <itemName: pmsl>
20260910 015223.966 INFO             PET0       MODEL: InitializeIPDvXp04 intro {ES}:!--- FieldLog() start -----------------
20260910 015223.966 INFO             PET0       MODEL: InitializeIPDvXp04 intro {ES}:! <name: pmsl> <fieldStatus: ESMF_FIELDSTATUS_EMPTY>
20260910 015223.966 INFO             PET0       MODEL: InitializeIPDvXp04 intro {ES}:! 0x7fff865ed530 => 0x19dcc60 => 0x19e03a0
20260910 015223.966 INFO             PET0       MODEL: InitializeIPDvXp04 intro {ES}:!--- FieldLog() end -------------------
20260910 015223.966 INFO             PET0       MODEL: InitializeIPDvXp04 intro {ES}:+-<item: 0002> <itemType: Field> <itemName: rsns>
20260910 015223.966 INFO             PET0       MODEL: InitializeIPDvXp04 intro {ES}:!--- FieldLog() start -----------------
20260910 015223.966 INFO             PET0       MODEL: InitializeIPDvXp04 intro {ES}:! <name: rsns> <fieldStatus: ESMF_FIELDSTATUS_EMPTY>
20260910 015223.966 INFO             PET0       MODEL: InitializeIPDvXp04 intro {ES}:! 0x7fff865ed530 => 0x19e2e40 => 0x19e3060
20260910 015223.966 INFO             PET0       MODEL: InitializeIPDvXp04 intro {ES}:!--- FieldLog() end -------------------
20260910 015223.966 INFO             PET0       MODEL: InitializeIPDvXp04 intro {ES}:--- StateLog() end -------------------
20260910 015223.966 INFO             PET0       >>>MODEL: entered Initialize (phase=IPDvXp04) without valid internal Clock.
20260910 015223.968 INFO             PET0       After Realize: - MemInfo: [/proc/meminfo - SSI]	MemTotal:        7836652 kB
20260910 015223.968 INFO             PET0       After Realize: - MemInfo: [/proc/meminfo - SSI]	MemFree:         4020400 kB
20260910 015223.968 INFO             PET0       After Realize: - MemInfo: [/proc/meminfo - SSI]	MemAvailable:    6349312 kB
20260910 015223.968 INFO             PET0       After Realize: - MemInfo: [/proc/meminfo - SSI]	Committed_AS:    7446560 kB
20260910 015223.968 INFO             PET0       After Realize: - MemInfo: [/proc/meminfo - SSI]	CommittedPercent: 95.0222 %
20260910 015223.968 INFO             PET0       After Realize: - MemInfo: [/proc/self/status]	VmPeak:	  108440 kB
20260910 015223.968 INFO             PET0       After Realize: - MemInfo: [/proc/self/status]	VmSize:	  108440 kB
20260910 015223.968 INFO             PET0       After Realize: - MemInfo: [/proc/self/status]	VmLck:	       0 kB
20260910 015223.968 INFO             PET0       After Realize: - MemInfo: [/proc/self/status]	VmPin:	       0 kB
20260910 015223.968 INFO             PET0       After Realize: - MemInfo: [/proc/self/status]	VmHWM:	   28220 kB
20260910 015223.968 INFO             PET0       After Realize: - MemInfo: [/proc/self/status]	VmRSS:	   28220 kB
20260910 015223.968 INFO             PET0       After Realize: - MemInfo: [/proc/self/status]	VmData:	   10120 kB
20260910 015223.968 INFO             PET0       After Realize: - MemInfo: [/proc/self/status]	VmStk:	     136 kB
20260910 015223.968 INFO             PET0       After Realize: - MemInfo: [/proc/self/status]	VmExe:	     180 kB
20260910 015223.968 INFO             PET0       After Realize: - MemInfo: [/proc/self/status]	VmLib:	   41452 kB
20260910 015223.968 INFO             PET0       After Realize: - MemInfo: [/proc/self/status]	VmPTE:	     224 kB
20260910 015223.968 INFO             PET0       After Realize: - MemInfo: [/proc/self/status]	VmSwap:	       0 kB
20260910 015223.968 INFO             PET0       After Realize: - MemInfo: [/proc/self/status]	VmRSSPercent: 0.360103 %
20260910 015223.968 INFO             PET0       After Realize: - MemInfo: [malloc] Non-mmapped space allocated:                 1024000 Byte
20260910 015223.968 INFO             PET0       After Realize: - MemInfo: [malloc] Space allocated in mmapped regions:          6012928 Byte
20260910 015223.968 INFO             PET0       After Realize: - MemInfo: [malloc] Maximum total allocated space:                     0 Byte
20260910 015223.968 INFO             PET0       After Realize: - MemInfo: [malloc] Space in freed fastbin blocks:                   480 Byte
20260910 015223.968 INFO             PET0       After Realize: - MemInfo: [malloc] Total allocated space:                        902448 Byte
20260910 015223.968 INFO             PET0       After Realize: - MemInfo: [malloc] Total free space:                             121552 Byte
20260910 015223.968 INFO             PET0       After Realize: - MemInfo: [malloc] Top-most, releasable space:                   121072 Byte
20260910 015223.968 INFO             PET0       After Realize: - MemInfo: [malloc] Total space in use, mmap + non-mmap:         6915376 Byte
20260910 015223.968 INFO             PET0       After Realize: - MemInfo: [malloc] Total space held (mmap + non-mmap):          7036928 Byte
20260910 015223.968 INFO             PET0       After Realize: - MemInfo: [malloc] Total space used (mmap + non-mmap):          6924352 Byte
20260910 015223.968 INFO             PET0       After Realize: - MemInfo: Wall-clock time since execution start:               0.016633 seconds
20260910 015223.968 INFO             PET0       <<<MODEL: leaving Initialize (phase=IPDvXp04) without valid internal Clock.
20260910 015223.968 INFO             PET0       MODEL: InitializeIPDvXp04 extro {IS}:--- StateLog() start -----------------
20260910 015223.968 INFO             PET0       MODEL: InitializeIPDvXp04 extro {IS}:<name: MODEL-ImportState> <intent: ESMF_STATEINTENT_IMPORT> <itemCount:    0>
20260910 015223.968 INFO             PET0       MODEL: InitializeIPDvXp04 extro {IS}:--- StateLog() end -------------------
20260910 015223.968 INFO             PET0       MODEL: InitializeIPDvXp04 extro {ES}:--- StateLog() start -----------------
20260910 015223.968 INFO             PET0       MODEL: InitializeIPDvXp04 extro {ES}:<name: MODEL-ExportState> <intent: ESMF_STATEINTENT_EXPORT> <itemCount:    2>
20260910 015223.968 INFO             PET0       MODEL: InitializeIPDvXp04 extro {ES}:+-<item: 0001> <itemType: Field> <itemName: pmsl>
20260910 015223.968 INFO             PET0       MODEL: InitializeIPDvXp04 extro {ES}:!--- FieldLog() start -----------------
20260910 015223.968 INFO             PET0       MODEL: InitializeIPDvXp04 extro {ES}:! <name: pmsl> <fieldStatus: ESMF_FIELDSTATUS_COMPLETE>
20260910 015223.968 INFO             PET0       MODEL: InitializeIPDvXp04 extro {ES}:! 0x7fff865ed7d0 => 0x19fa580 => 0x19fa7a0
20260910 015223.968 INFO             PET0       MODEL: InitializeIPDvXp04 extro {ES}:! <typekind: Real*8> <rank:    2> <dimCount:    2>
20260910 015223.968 INFO             PET0       MODEL: InitializeIPDvXp04 extro {ES}:! ! --- Array::log() start -----------------------------------
20260910 015223.968 INFO             PET0       MODEL: InitializeIPDvXp04 extro {ES}:! ! 0x19fba10
20260910 015223.969 INFO             PET0       MODEL: InitializeIPDvXp04 extro {ES}:! ! <name: pmsl>
20260910 015223.969 INFO             PET0       MODEL: InitializeIPDvXp04 extro {ES}:! ! ! --- DistGrid::log() start --------------------------------
20260910 015223.969 INFO             PET0       MODEL: InitializeIPDvXp04 extro {ES}:! ! ! 0x19f74e0
20260910 015223.969 INFO             PET0       MODEL: InitializeIPDvXp04 extro {ES}:! ! ! DistGrid object is valid!<name: DG-Grid004-sloc:0>
20260910 015223.969 INFO             PET0       MODEL: InitializeIPDvXp04 extro {ES}:! ! ! --- DistGrid::log() end ----------------------------------
20260910 015223.969 INFO             PET0       MODEL: InitializeIPDvXp04 extro {ES}:! ! --- Array::log() end -------------------------------------
20260910 015223.969 INFO             PET0       MODEL: InitializeIPDvXp04 extro {ES}:!--- FieldLog() end -------------------
20260910 015223.969 INFO             PET0       MODEL: InitializeIPDvXp04 extro {ES}:+-<item: 0002> <itemType: Field> <itemName: rsns>
20260910 015223.969 INFO             PET0       MODEL: InitializeIPDvXp04 extro {ES}:!--- FieldLog() start -----------------
20260910 015223.969 INFO             PET0       MODEL: InitializeIPDvXp04 extro {ES}:! <name: rsns> <fieldStatus: ESMF_FIELDSTATUS_COMPLETE>
20260910 015223.969 INFO             PET0       MODEL: InitializeIPDvXp04 extro {ES}:! 0x7fff865ed7d0 => 0x19fd480 => 0x19fd6a0
20260910 015223.969 INFO             PET0       MODEL: InitializeIPDvXp04 extro {ES}:! <typekind: Real*8> <rank:    2> <dimCount:    2>
20260910 015223.969 INFO             PET0       MODEL: InitializeIPDvXp04 extro {ES}:! ! --- Array::log() start -----------------------------------
20260910 015223.969 INFO             PET0       MODEL: InitializeIPDvXp04 extro {ES}:! ! 0x19fe890
20260910 015223.969 INFO             PET0       MODEL: InitializeIPDvXp04 extro {ES}:! ! <name: rsns>
20260910 015223.969 INFO             PET0       MODEL: InitializeIPDvXp04 extro {ES}:! ! ! --- DistGrid::log() start --------------------------------
20260910 015223.969 INFO             PET0       MODEL: InitializeIPDvXp04 extro {ES}:! ! ! 0x19f74e0
20260910 015223.969 INFO             PET0       MODEL: InitializeIPDvXp04 extro {ES}:! ! ! DistGrid object is valid!<name: DG-Grid004-sloc:0>
20260910 015223.969 INFO             PET0       MODEL: InitializeIPDvXp04 extro {ES}:! ! ! --- DistGrid::log() end ----------------------------------
20260910 015223.969 INFO             PET0       MODEL: InitializeIPDvXp04 extro {ES}:! ! --- Array::log() end -------------------------------------
20260910 015223.969 INFO             PET0       MODEL: InitializeIPDvXp04 extro {ES}:!--- FieldLog() end -------------------
20260910 015223.969 INFO             PET0       MODEL: InitializeIPDvXp04 extro {ES}:--- StateLog() end -------------------
20260910 015223.969 INFO             PET0     MODEL: InitializeIPDvXp04 extro.
20260910 015223.969 INFO             PET0     driver: IInitRealize intro.
20260910 015223.969 INFO             PET0       driver: IInitRealize intro {IS}:--- StateLog() start -----------------
20260910 015223.969 INFO             PET0       driver: IInitRealize intro {IS}:State object is invalid! Not created or deleted!
20260910 015223.969 INFO             PET0       driver: IInitRealize intro {IS}:--- StateLog() end -------------------
20260910 015223.969 INFO             PET0       driver: IInitRealize intro {ES}:--- StateLog() start -----------------
20260910 015223.969 INFO             PET0       driver: IInitRealize intro {ES}:State object is invalid! Not created or deleted!
20260910 015223.969 INFO             PET0       driver: IInitRealize intro {ES}:--- StateLog() end -------------------
20260910 015223.969 INFO             PET0       >>>driver: entered Initialize (phase=<none>) with current time:    0  1  1  0  0  0   0
20260910 015223.969 INFO             PET0       <<<driver: leaving Initialize (phase=<none>) with current time:    0  1  1  0  0  0   0
20260910 015223.969 INFO             PET0       driver: IInitRealize extro {IS}:--- StateLog() start -----------------
20260910 015223.969 INFO             PET0       driver: IInitRealize extro {IS}:State object is invalid! Not created or deleted!
20260910 015223.969 INFO             PET0       driver: IInitRealize extro {IS}:--- StateLog() end -------------------
20260910 015223.969 INFO             PET0       driver: IInitRealize extro {ES}:--- StateLog() start -----------------
20260910 015223.969 INFO             PET0       driver: IInitRealize extro {ES}:State object is invalid! Not created or deleted!
20260910 015223.969 INFO             PET0       driver: IInitRealize extro {ES}:--- StateLog() end -------------------
20260910 015223.969 INFO             PET0     driver: IInitRealize extro.
20260910 015223.969 INFO             PET0     MODEL: InitializeIPDvXp07 intro.
20260910 015223.969 INFO             PET0       MODEL: InitializeIPDvXp07 intro {IS}:--- StateLog() start -----------------
20260910 015223.969 INFO             PET0       MODEL: InitializeIPDvXp07 intro {IS}:<name: MODEL-ImportState> <intent: ESMF_STATEINTENT_IMPORT> <itemCount:    0>
20260910 015223.969 INFO             PET0       MODEL: InitializeIPDvXp07 intro {IS}:--- StateLog() end -------------------
20260910 015223.969 INFO             PET0       MODEL: InitializeIPDvXp07 intro {ES}:--- StateLog() start -----------------
20260910 015223.969 INFO             PET0       MODEL: InitializeIPDvXp07 intro {ES}:<name: MODEL-ExportState> <intent: ESMF_STATEINTENT_EXPORT> <itemCount:    2>
20260910 015223.969 INFO             PET0       MODEL: InitializeIPDvXp07 intro {ES}:+-<item: 0001> <itemType: Field> <itemName: pmsl>
20260910 015223.969 INFO             PET0       MODEL: InitializeIPDvXp07 intro {ES}:!--- FieldLog() start -----------------
20260910 015223.969 INFO             PET0       MODEL: InitializeIPDvXp07 intro {ES}:! <name: pmsl> <fieldStatus: ESMF_FIELDSTATUS_COMPLETE>
20260910 015223.969 INFO             PET0       MODEL: InitializeIPDvXp07 intro {ES}:! 0x7fff865ed430 => 0x19fa580 => 0x19fa7a0
20260910 015223.970 INFO             PET0       MODEL: InitializeIPDvXp07 intro {ES}:! <typekind: Real*8> <rank:    2> <dimCount:    2>
20260910 015223.970 INFO             PET0       MODEL: InitializeIPDvXp07 intro {ES}:! ! --- Array::log() start -----------------------------------
20260910 015223.970 INFO             PET0       MODEL: InitializeIPDvXp07 intro {ES}:! ! 0x19fba10
20260910 015223.970 INFO             PET0       MODEL: InitializeIPDvXp07 intro {ES}:! ! <name: pmsl>
20260910 015223.970 INFO             PET0       MODEL: InitializeIPDvXp07 intro {ES}:! ! ! --- DistGrid::log() start --------------------------------
20260910 015223.970 INFO             PET0       MODEL: InitializeIPDvXp07 intro {ES}:! ! ! 0x19f74e0
20260910 015223.970 INFO             PET0       MODEL: InitializeIPDvXp07 intro {ES}:! ! ! DistGrid object is valid!<name: DG-Grid004-sloc:0>
20260910 015223.970 INFO             PET0       MODEL: InitializeIPDvXp07 intro {ES}:! ! ! --- DistGrid::log() end ----------------------------------
20260910 015223.970 INFO             PET0       MODEL: InitializeIPDvXp07 intro {ES}:! ! --- Array::log() end -------------------------------------
20260910 015223.970 INFO             PET0       MODEL: InitializeIPDvXp07 intro {ES}:!--- FieldLog() end -------------------
20260910 015223.970 INFO             PET0       MODEL: InitializeIPDvXp07 intro {ES}:+-<item: 0002> <itemType: Field> <itemName: rsns>
20260910 015223.970 INFO             PET0       MODEL: InitializeIPDvXp07 intro {ES}:!--- FieldLog() start -----------------
20260910 015223.970 INFO             PET0       MODEL: InitializeIPDvXp07 intro {ES}:! <name: rsns> <fieldStatus: ESMF_FIELDSTATUS_COMPLETE>
20260910 015223.970 INFO             PET0       MODEL: InitializeIPDvXp07 intro {ES}:! 0x7fff865ed430 => 0x19fd480 => 0x19fd6a0
20260910 015223.970 INFO             PET0       MODEL: InitializeIPDvXp07 intro {ES}:! <typekind: Real*8> <rank:    2> <dimCount:    2>
20260910 015223.970 INFO             PET0       MODEL: InitializeIPDvXp07 intro {ES}:! ! --- Array::log() start -----------------------------------
20260910 015223.970 INFO             PET0       MODEL: InitializeIPDvXp07 intro {ES}:! ! 0x19fe890
20260910 015223.970 INFO             PET0       MODEL: InitializeIPDvXp07 intro {ES}:! ! <name: rsns>
20260910 015223.970 INFO             PET0       MODEL: InitializeIPDvXp07 intro {ES}:! ! ! --- DistGrid::log() start --------------------------------
20260910 015223.970 INFO             PET0       MODEL: InitializeIPDvXp07 intro {ES}:! ! ! 0x19f74e0
20260910 015223.970 INFO             PET0       MODEL: InitializeIPDvXp07 intro {ES}:! ! ! DistGrid object is valid!<name: DG-Grid004-sloc:0>
20260910 015223.970 INFO             PET0       MODEL: InitializeIPDvXp07 intro {ES}:! ! ! --- DistGrid::log() end ----------------------------------
20260910 015223.970 INFO             PET0       MODEL: InitializeIPDvXp07 intro {ES}:! ! --- Array::log() end -------------------------------------
20260910 015223.970 INFO             PET0       MODEL: InitializeIPDvXp07 intro {ES}:!--- FieldLog() end -------------------
20260910 015223.970 INFO             PET0       MODEL: InitializeIPDvXp07 intro {ES}:--- StateLog() end -------------------
20260910 015223.970 INFO             PET0       >>>MODEL: entered Initialize (phase=IPDvXp07) without valid internal Clock.
20260910 015223.970 INFO             PET0       <<<MODEL: leaving Initialize (phase=IPDvXp07) with current time:    0  1  1  0  0  0   0
20260910 015223.970 INFO             PET0       MODEL: InitializeIPDvXp07 extro {IS}:--- StateLog() start -----------------
20260910 015223.970 INFO             PET0       MODEL: InitializeIPDvXp07 extro {IS}:<name: MODEL-ImportState> <intent: ESMF_STATEINTENT_IMPORT> <itemCount:    0>
20260910 015223.970 INFO             PET0       MODEL: InitializeIPDvXp07 extro {IS}:--- StateLog() end -------------------
20260910 015223.970 INFO             PET0       MODEL: InitializeIPDvXp07 extro {ES}:--- StateLog() start -----------------
20260910 015223.970 INFO             PET0       MODEL: InitializeIPDvXp07 extro {ES}:<name: MODEL-ExportState> <intent: ESMF_STATEINTENT_EXPORT> <itemCount:    2>
20260910 015223.970 INFO             PET0       MODEL: InitializeIPDvXp07 extro {ES}:+-<item: 0001> <itemType: Field> <itemName: pmsl>
20260910 015223.970 INFO             PET0       MODEL: InitializeIPDvXp07 extro {ES}:!--- FieldLog() start -----------------
20260910 015223.970 INFO             PET0       MODEL: InitializeIPDvXp07 extro {ES}:! <name: pmsl> <fieldStatus: ESMF_FIELDSTATUS_COMPLETE>
20260910 015223.970 INFO             PET0       MODEL: InitializeIPDvXp07 extro {ES}:! 0x7fff865ed6d0 => 0x19fa580 => 0x19fa7a0
20260910 015223.970 INFO             PET0       MODEL: InitializeIPDvXp07 extro {ES}:! <typekind: Real*8> <rank:    2> <dimCount:    2>
20260910 015223.970 INFO             PET0       MODEL: InitializeIPDvXp07 extro {ES}:! ! --- Array::log() start -----------------------------------
20260910 015223.970 INFO             PET0       MODEL: InitializeIPDvXp07 extro {ES}:! ! 0x19fba10
20260910 015223.970 INFO             PET0       MODEL: InitializeIPDvXp07 extro {ES}:! ! <name: pmsl>
20260910 015223.970 INFO             PET0       MODEL: InitializeIPDvXp07 extro {ES}:! ! ! --- DistGrid::log() start --------------------------------
20260910 015223.970 INFO             PET0       MODEL: InitializeIPDvXp07 extro {ES}:! ! ! 0x19f74e0
20260910 015223.970 INFO             PET0       MODEL: InitializeIPDvXp07 extro {ES}:! ! ! DistGrid object is valid!<name: DG-Grid004-sloc:0>
20260910 015223.970 INFO             PET0       MODEL: InitializeIPDvXp07 extro {ES}:! ! ! --- DistGrid::log() end ----------------------------------
20260910 015223.970 INFO             PET0       MODEL: InitializeIPDvXp07 extro {ES}:! ! --- Array::log() end -------------------------------------
20260910 015223.970 INFO             PET0       MODEL: InitializeIPDvXp07 extro {ES}:!--- FieldLog() end -------------------
20260910 015223.970 INFO             PET0       MODEL: InitializeIPDvXp07 extro {ES}:+-<item: 0002> <itemType: Field> <itemName: rsns>
20260910 015223.970 INFO             PET0       MODEL: InitializeIPDvXp07 extro {ES}:!--- FieldLog() start -----------------
20260910 015223.970 INFO             PET0       MODEL: InitializeIPDvXp07 extro {ES}:! <name: rsns> <fieldStatus: ESMF_FIELDSTATUS_COMPLETE>
20260910 015223.970 INFO             PET0       MODEL: InitializeIPDvXp07 extro {ES}:! 0x7fff865ed6d0 => 0x19fd480 => 0x19fd6a0
20260910 015223.970 INFO             PET0       MODEL: InitializeIPDvXp07 extro {ES}:! <typekind: Real*8> <rank:    2> <dimCount:    2>
20260910 015223.970 INFO             PET0       MODEL: InitializeIPDvXp07 extro {ES}:! ! --- Array::log() start -----------------------------------
20260910 015223.970 INFO             PET0       MODEL: InitializeIPDvXp07 extro {ES}:! ! 0x19fe890
20260910 015223.970 INFO             PET0       MODEL: InitializeIPDvXp07 extro {ES}:! ! <name: rsns>
20260910 015223.970 INFO             PET0       MODEL: InitializeIPDvXp07 extro {ES}:! ! ! --- DistGrid::log() start --------------------------------
20260910 015223.970 INFO             PET0       MODEL: InitializeIPDvXp07 extro {ES}:! ! ! 0x19f74e0
20260910 015223.970 INFO             PET0       MODEL: InitializeIPDvXp07 extro {ES}:! ! ! DistGrid object is valid!<name: DG-Grid004-sloc:0>
20260910 015223.970 INFO             PET0       MODEL: InitializeIPDvXp07 extro {ES}:! ! ! --- DistGrid::log() end ----------------------------------
20260910 015223.970 INFO             PET0       MODEL: InitializeIPDvXp07 extro {ES}:! ! --- Array::log() end -------------------------------------
20260910 015223.970 INFO             PET0       MODEL: InitializeIPDvXp07 extro {ES}:!--- FieldLog() end -------------------
20260910 015223.970 INFO             PET0       MODEL: InitializeIPDvXp07 extro {ES}:--- StateLog() end -------------------
20260910 015223.970 INFO             PET0     MODEL: InitializeIPDvXp07 extro.
20260910 015223.970 INFO             PET0     <<<driver: leaving Initialize (phase=<none>) with current time:    0  1  1  0  0  0   0
20260910 015223.970 INFO             PET0     driver: InitializeIPDv02p3 extro {IS}:--- StateLog() start -----------------
20260910 015223.970 INFO             PET0     driver: InitializeIPDv02p3 extro {IS}:State object is invalid! Not created or deleted!
20260910 015223.970 INFO             PET0     driver: InitializeIPDv02p3 extro {IS}:--- StateLog() end -------------------
20260910 015223.970 INFO             PET0     driver: InitializeIPDv02p3 extro {ES}:--- StateLog() start -----------------
20260910 015223.970 INFO             PET0     driver: InitializeIPDv02p3 extro {ES}:State object is invalid! Not created or deleted!
20260910 015223.970 INFO             PET0     driver: InitializeIPDv02p3 extro {ES}:--- StateLog() end -------------------
20260910 015223.970 INFO             PET0   driver: InitializeIPDv02p3 extro.
20260910 015223.970 INFO             PET0   driver: InitializeIPDv02p5 intro.
20260910 015223.970 INFO             PET0     driver: InitializeIPDv02p5 intro {IS}:--- StateLog() start -----------------
20260910 015223.970 INFO             PET0     driver: InitializeIPDv02p5 intro {IS}:State object is invalid! Not created or deleted!
20260910 015223.970 INFO             PET0     driver: InitializeIPDv02p5 intro {IS}:--- StateLog() end -------------------
20260910 015223.970 INFO             PET0     driver: InitializeIPDv02p5 intro {ES}:--- StateLog() start -----------------
20260910 015223.970 INFO             PET0     driver: InitializeIPDv02p5 intro {ES}:State object is invalid! Not created or deleted!
20260910 015223.970 INFO             PET0     driver: InitializeIPDv02p5 intro {ES}:--- StateLog() end -------------------
20260910 015223.970 INFO             PET0     >>>driver: entered Initialize (phase=<none>) with current time:    0  1  1  0  0  0   0
20260910 015223.970 INFO             PET0     driver: this is a top level driver, no 'Updated' and 'InitializeDataComplete' info on this level.
20260910 015223.970 INFO             PET0     driver: InitializeIPDv02p5Data intro.
20260910 015223.970 INFO             PET0       driver: InitializeIPDv02p5Data intro {IS}:--- StateLog() start -----------------
20260910 015223.970 INFO             PET0       driver: InitializeIPDv02p5Data intro {IS}:State object is invalid! Not created or deleted!
20260910 015223.970 INFO             PET0       driver: InitializeIPDv02p5Data intro {IS}:--- StateLog() end -------------------
20260910 015223.970 INFO             PET0       driver: InitializeIPDv02p5Data intro {ES}:--- StateLog() start -----------------
20260910 015223.970 INFO             PET0       driver: InitializeIPDv02p5Data intro {ES}:State object is invalid! Not created or deleted!
20260910 015223.970 INFO             PET0       driver: InitializeIPDv02p5Data intro {ES}:--- StateLog() end -------------------
20260910 015223.970 INFO             PET0       >>>driver: entered Initialize (phase=<none>) with current time:    0  1  1  0  0  0   0
20260910 015223.970 INFO             PET0       driver: InternalInitializeComplete intro.
20260910 015223.970 INFO             PET0         driver: InternalInitializeComplete intro {IS}:--- StateLog() start -----------------
20260910 015223.970 INFO             PET0         driver: InternalInitializeComplete intro {IS}:State object is invalid! Not created or deleted!
20260910 015223.971 INFO             PET0         driver: InternalInitializeComplete intro {IS}:--- StateLog() end -------------------
20260910 015223.971 INFO             PET0         driver: InternalInitializeComplete intro {ES}:--- StateLog() start -----------------
20260910 015223.971 INFO             PET0         driver: InternalInitializeComplete intro {ES}:State object is invalid! Not created or deleted!
20260910 015223.971 INFO             PET0         driver: InternalInitializeComplete intro {ES}:--- StateLog() end -------------------
20260910 015223.971 INFO             PET0         >>>driver: entered Initialize (phase=<none>) with current time:    0  1  1  0  0  0   0
20260910 015223.971 INFO             PET0         driver: InitializeDataComplete='true'
20260910 015223.971 INFO             PET0         <<<driver: leaving Initialize (phase=<none>) with current time:    0  1  1  0  0  0   0
20260910 015223.971 INFO             PET0         driver: InternalInitializeComplete extro {IS}:--- StateLog() start -----------------
20260910 015223.971 INFO             PET0         driver: InternalInitializeComplete extro {IS}:State object is invalid! Not created or deleted!
20260910 015223.971 INFO             PET0         driver: InternalInitializeComplete extro {IS}:--- StateLog() end -------------------
20260910 015223.971 INFO             PET0         driver: InternalInitializeComplete extro {ES}:--- StateLog() start -----------------
20260910 015223.971 INFO             PET0         driver: InternalInitializeComplete extro {ES}:State object is invalid! Not created or deleted!
20260910 015223.971 INFO             PET0         driver: InternalInitializeComplete extro {ES}:--- StateLog() end -------------------
20260910 015223.971 INFO             PET0       driver: InternalInitializeComplete extro.
20260910 015223.971 INFO             PET0       MODEL: InitializeIPDvXp08 intro.
20260910 015223.971 INFO             PET0         MODEL: InitializeIPDvXp08 intro {IS}:--- StateLog() start -----------------
20260910 015223.971 INFO             PET0         MODEL: InitializeIPDvXp08 intro {IS}:<name: MODEL-ImportState> <intent: ESMF_STATEINTENT_IMPORT> <itemCount:    0>
20260910 015223.971 INFO             PET0         MODEL: InitializeIPDvXp08 intro {IS}:--- StateLog() end -------------------
20260910 015223.971 INFO             PET0         MODEL: InitializeIPDvXp08 intro {ES}:--- StateLog() start -----------------
20260910 015223.971 INFO             PET0         MODEL: InitializeIPDvXp08 intro {ES}:<name: MODEL-ExportState> <intent: ESMF_STATEINTENT_EXPORT> <itemCount:    2>
20260910 015223.971 INFO             PET0         MODEL: InitializeIPDvXp08 intro {ES}:+-<item: 0001> <itemType: Field> <itemName: pmsl>
20260910 015223.971 INFO             PET0         MODEL: InitializeIPDvXp08 intro {ES}:!--- FieldLog() start -----------------
20260910 015223.971 INFO             PET0         MODEL: InitializeIPDvXp08 intro {ES}:! <name: pmsl> <fieldStatus: ESMF_FIELDSTATUS_COMPLETE>
20260910 015223.971 INFO             PET0         MODEL: InitializeIPDvXp08 intro {ES}:! 0x7fff865ec870 => 0x19fa580 => 0x19fa7a0
20260910 015223.971 INFO             PET0         MODEL: InitializeIPDvXp08 intro {ES}:! <typekind: Real*8> <rank:    2> <dimCount:    2>
20260910 015223.971 INFO             PET0         MODEL: InitializeIPDvXp08 intro {ES}:! ! --- Array::log() start -----------------------------------
20260910 015223.971 INFO             PET0         MODEL: InitializeIPDvXp08 intro {ES}:! ! 0x19fba10
20260910 015223.971 INFO             PET0         MODEL: InitializeIPDvXp08 intro {ES}:! ! <name: pmsl>
20260910 015223.971 INFO             PET0         MODEL: InitializeIPDvXp08 intro {ES}:! ! ! --- DistGrid::log() start --------------------------------
20260910 015223.971 INFO             PET0         MODEL: InitializeIPDvXp08 intro {ES}:! ! ! 0x19f74e0
20260910 015223.971 INFO             PET0         MODEL: InitializeIPDvXp08 intro {ES}:! ! ! DistGrid object is valid!<name: DG-Grid004-sloc:0>
20260910 015223.971 INFO             PET0         MODEL: InitializeIPDvXp08 intro {ES}:! ! ! --- DistGrid::log() end ----------------------------------
20260910 015223.971 INFO             PET0         MODEL: InitializeIPDvXp08 intro {ES}:! ! --- Array::log() end -------------------------------------
20260910 015223.971 INFO             PET0         MODEL: InitializeIPDvXp08 intro {ES}:!--- FieldLog() end -------------------
20260910 015223.971 INFO             PET0         MODEL: InitializeIPDvXp08 intro {ES}:+-<item: 0002> <itemType: Field> <itemName: rsns>
20260910 015223.971 INFO             PET0         MODEL: InitializeIPDvXp08 intro {ES}:!--- FieldLog() start -----------------
20260910 015223.971 INFO             PET0         MODEL: InitializeIPDvXp08 intro {ES}:! <name: rsns> <fieldStatus: ESMF_FIELDSTATUS_COMPLETE>
20260910 015223.971 INFO             PET0         MODEL: InitializeIPDvXp08 intro {ES}:! 0x7fff865ec870 => 0x19fd480 => 0x19fd6a0
20260910 015223.971 INFO             PET0         MODEL: InitializeIPDvXp08 intro {ES}:! <typekind: Real*8> <rank:    2> <dimCount:    2>
20260910 015223.971 INFO             PET0         MODEL: InitializeIPDvXp08 intro {ES}:! ! --- Array::log() start -----------------------------------
20260910 015223.971 INFO             PET0         MODEL: InitializeIPDvXp08 intro {ES}:! ! 0x19fe890
20260910 015223.971 INFO             PET0         MODEL: InitializeIPDvXp08 intro {ES}:! ! <name: rsns>
20260910 015223.971 INFO             PET0         MODEL: InitializeIPDvXp08 intro {ES}:! ! ! --- DistGrid::log() start --------------------------------
20260910 015223.971 INFO             PET0         MODEL: InitializeIPDvXp08 intro {ES}:! ! ! 0x19f74e0
20260910 015223.971 INFO             PET0         MODEL: InitializeIPDvXp08 intro {ES}:! ! ! DistGrid object is valid!<name: DG-Grid004-sloc:0>
20260910 015223.971 INFO             PET0         MODEL: InitializeIPDvXp08 intro {ES}:! ! ! --- DistGrid::log() end ----------------------------------
20260910 015223.971 INFO             PET0         MODEL: InitializeIPDvXp08 intro {ES}:! ! --- Array::log() end -------------------------------------
20260910 015223.971 INFO             PET0         MODEL: InitializeIPDvXp08 intro {ES}:!--- FieldLog() end -------------------
20260910 015223.971 INFO             PET0         MODEL: InitializeIPDvXp08 intro {ES}:--- StateLog() end -------------------
20260910 015223.971 INFO             PET0         >>>MODEL: entered Initialize (phase=IPDv05p8) with current time:    0  1  1  0  0  0   0
20260910 015223.971 INFO             PET0         MODEL: InitializeDataProgress='false', InitializeDataComplete='false'
20260910 015223.971 INFO             PET0         <<<MODEL: leaving Initialize (phase=IPDv05p8) with current time:    0  1  1  0  0  0   0
20260910 015223.971 INFO             PET0         MODEL: InitializeIPDvXp08 extro {IS}:--- StateLog() start -----------------
20260910 015223.971 INFO             PET0         MODEL: InitializeIPDvXp08 extro {IS}:<name: MODEL-ImportState> <intent: ESMF_STATEINTENT_IMPORT> <itemCount:    0>
20260910 015223.971 INFO             PET0         MODEL: InitializeIPDvXp08 extro {IS}:--- StateLog() end -------------------
20260910 015223.971 INFO             PET0         MODEL: InitializeIPDvXp08 extro {ES}:--- StateLog() start -----------------
20260910 015223.971 INFO             PET0         MODEL: InitializeIPDvXp08 extro {ES}:<name: MODEL-ExportState> <intent: ESMF_STATEINTENT_EXPORT> <itemCount:    2>
20260910 015223.971 INFO             PET0         MODEL: InitializeIPDvXp08 extro {ES}:+-<item: 0001> <itemType: Field> <itemName: pmsl>
20260910 015223.971 INFO             PET0         MODEL: InitializeIPDvXp08 extro {ES}:!--- FieldLog() start -----------------
20260910 015223.971 INFO             PET0         MODEL: InitializeIPDvXp08 extro {ES}:! <name: pmsl> <fieldStatus: ESMF_FIELDSTATUS_COMPLETE>
20260910 015223.971 INFO             PET0         MODEL: InitializeIPDvXp08 extro {ES}:! 0x7fff865ecb10 => 0x19fa580 => 0x19fa7a0
20260910 015223.971 INFO             PET0         MODEL: InitializeIPDvXp08 extro {ES}:! <typekind: Real*8> <rank:    2> <dimCount:    2>
20260910 015223.971 INFO             PET0         MODEL: InitializeIPDvXp08 extro {ES}:! ! --- Array::log() start -----------------------------------
20260910 015223.971 INFO             PET0         MODEL: InitializeIPDvXp08 extro {ES}:! ! 0x19fba10
20260910 015223.971 INFO             PET0         MODEL: InitializeIPDvXp08 extro {ES}:! ! <name: pmsl>
20260910 015223.971 INFO             PET0         MODEL: InitializeIPDvXp08 extro {ES}:! ! ! --- DistGrid::log() start --------------------------------
20260910 015223.971 INFO             PET0         MODEL: InitializeIPDvXp08 extro {ES}:! ! ! 0x19f74e0
20260910 015223.971 INFO             PET0         MODEL: InitializeIPDvXp08 extro {ES}:! ! ! DistGrid object is valid!<name: DG-Grid004-sloc:0>
20260910 015223.971 INFO             PET0         MODEL: InitializeIPDvXp08 extro {ES}:! ! ! --- DistGrid::log() end ----------------------------------
20260910 015223.971 INFO             PET0         MODEL: InitializeIPDvXp08 extro {ES}:! ! --- Array::log() end -------------------------------------
20260910 015223.971 INFO             PET0         MODEL: InitializeIPDvXp08 extro {ES}:!--- FieldLog() end -------------------
20260910 015223.971 INFO             PET0         MODEL: InitializeIPDvXp08 extro {ES}:+-<item: 0002> <itemType: Field> <itemName: rsns>
20260910 015223.971 INFO             PET0         MODEL: InitializeIPDvXp08 extro {ES}:!--- FieldLog() start -----------------
20260910 015223.971 INFO             PET0         MODEL: InitializeIPDvXp08 extro {ES}:! <name: rsns> <fieldStatus: ESMF_FIELDSTATUS_COMPLETE>
20260910 015223.971 INFO             PET0         MODEL: InitializeIPDvXp08 extro {ES}:! 0x7fff865ecb10 => 0x19fd480 => 0x19fd6a0
20260910 015223.971 INFO             PET0         MODEL: InitializeIPDvXp08 extro {ES}:! <typekind: Real*8> <rank:    2> <dimCount:    2>
20260910 015223.971 INFO             PET0         MODEL: InitializeIPDvXp08 extro {ES}:! ! --- Array::log() start -----------------------------------
20260910 015223.971 INFO             PET0         MODEL: InitializeIPDvXp08 extro {ES}:! ! 0x19fe890
20260910 015223.971 INFO             PET0         MODEL: InitializeIPDvXp08 extro {ES}:! ! <name: rsns>
20260910 015223.971 INFO             PET0         MODEL: InitializeIPDvXp08 extro {ES}:! ! ! --- DistGrid::log() start --------------------------------
20260910 015223.971 INFO             PET0         MODEL: InitializeIPDvXp08 extro {ES}:! ! ! 0x19f74e0
20260910 015223.971 INFO             PET0         MODEL: InitializeIPDvXp08 extro {ES}:! ! ! DistGrid object is valid!<name: DG-Grid004-sloc:0>
20260910 015223.971 INFO             PET0         MODEL: InitializeIPDvXp08 extro {ES}:! ! ! --- DistGrid::log() end ----------------------------------
20260910 015223.971 INFO             PET0         MODEL: InitializeIPDvXp08 extro {ES}:! ! --- Array::log() end -------------------------------------
20260910 015223.971 INFO             PET0         MODEL: InitializeIPDvXp08 extro {ES}:!--- FieldLog() end -------------------
20260910 015223.971 INFO             PET0         MODEL: InitializeIPDvXp08 extro {ES}:--- StateLog() end -------------------
20260910 015223.971 INFO             PET0       MODEL: InitializeIPDvXp08 extro.
20260910 015223.972 INFO             PET0       driver: components present that trigger loopDataDependentInitialize().
20260910 015223.972 INFO             PET0       driver: loopDataDependentInitialize intro.
20260910 015223.972 INFO             PET0         driver: loopDataDependentInitialize intro {IS}:--- StateLog() start -----------------
20260910 015223.972 INFO             PET0         driver: loopDataDependentInitialize intro {IS}:State object is invalid! Not created or deleted!
20260910 015223.972 INFO             PET0         driver: loopDataDependentInitialize intro {IS}:--- StateLog() end -------------------
20260910 015223.972 INFO             PET0         driver: loopDataDependentInitialize intro {ES}:--- StateLog() start -----------------
20260910 015223.972 INFO             PET0         driver: loopDataDependentInitialize intro {ES}:State object is invalid! Not created or deleted!
20260910 015223.972 INFO             PET0         driver: loopDataDependentInitialize intro {ES}:--- StateLog() end -------------------
20260910 015223.972 INFO             PET0         >>>driver: entered Initialize (phase=<none>) with current time:    0  1  1  0  0  0   0
20260910 015223.972 INFO             PET0         driver: component    0=driver, dataComplete (local): true
20260910 015223.972 INFO             PET0         driver: component    0=driver, dataComplete (global):  T
20260910 015223.972 INFO             PET0         driver: component    1=MODEL, dataComplete (local): false
20260910 015223.972 INFO             PET0         driver: component    1=MODEL, dataComplete (global):  F
20260910 015223.972 INFO             PET0         MODEL: InitializeIPDvXp08 intro.
20260910 015223.972 INFO             PET0           MODEL: InitializeIPDvXp08 intro {IS}:--- StateLog() start -----------------
20260910 015223.972 INFO             PET0           MODEL: InitializeIPDvXp08 intro {IS}:<name: MODEL-ImportState> <intent: ESMF_STATEINTENT_IMPORT> <itemCount:    0>
20260910 015223.972 INFO             PET0           MODEL: InitializeIPDvXp08 intro {IS}:--- StateLog() end -------------------
20260910 015223.972 INFO             PET0           MODEL: InitializeIPDvXp08 intro {ES}:--- StateLog() start -----------------
20260910 015223.972 INFO             PET0           MODEL: InitializeIPDvXp08 intro {ES}:<name: MODEL-ExportState> <intent: ESMF_STATEINTENT_EXPORT> <itemCount:    2>
20260910 015223.972 INFO             PET0           MODEL: InitializeIPDvXp08 intro {ES}:+-<item: 0001> <itemType: Field> <itemName: pmsl>
20260910 015223.972 INFO             PET0           MODEL: InitializeIPDvXp08 intro {ES}:!--- FieldLog() start -----------------
20260910 015223.972 INFO             PET0           MODEL: InitializeIPDvXp08 intro {ES}:! <name: pmsl> <fieldStatus: ESMF_FIELDSTATUS_COMPLETE>
20260910 015223.972 INFO             PET0           MODEL: InitializeIPDvXp08 intro {ES}:! 0x7fff865ec0e0 => 0x19fa580 => 0x19fa7a0
20260910 015223.972 INFO             PET0           MODEL: InitializeIPDvXp08 intro {ES}:! <typekind: Real*8> <rank:    2> <dimCount:    2>
20260910 015223.972 INFO             PET0           MODEL: InitializeIPDvXp08 intro {ES}:! ! --- Array::log() start -----------------------------------
20260910 015223.972 INFO             PET0           MODEL: InitializeIPDvXp08 intro {ES}:! ! 0x19fba10
20260910 015223.972 INFO             PET0           MODEL: InitializeIPDvXp08 intro {ES}:! ! <name: pmsl>
20260910 015223.972 INFO             PET0           MODEL: InitializeIPDvXp08 intro {ES}:! ! ! --- DistGrid::log() start --------------------------------
20260910 015223.972 INFO             PET0           MODEL: InitializeIPDvXp08 intro {ES}:! ! ! 0x19f74e0
20260910 015223.972 INFO             PET0           MODEL: InitializeIPDvXp08 intro {ES}:! ! ! DistGrid object is valid!<name: DG-Grid004-sloc:0>
20260910 015223.972 INFO             PET0           MODEL: InitializeIPDvXp08 intro {ES}:! ! ! --- DistGrid::log() end ----------------------------------
20260910 015223.972 INFO             PET0           MODEL: InitializeIPDvXp08 intro {ES}:! ! --- Array::log() end -------------------------------------
20260910 015223.972 INFO             PET0           MODEL: InitializeIPDvXp08 intro {ES}:!--- FieldLog() end -------------------
20260910 015223.972 INFO             PET0           MODEL: InitializeIPDvXp08 intro {ES}:+-<item: 0002> <itemType: Field> <itemName: rsns>
20260910 015223.972 INFO             PET0           MODEL: InitializeIPDvXp08 intro {ES}:!--- FieldLog() start -----------------
20260910 015223.972 INFO             PET0           MODEL: InitializeIPDvXp08 intro {ES}:! <name: rsns> <fieldStatus: ESMF_FIELDSTATUS_COMPLETE>
20260910 015223.972 INFO             PET0           MODEL: InitializeIPDvXp08 intro {ES}:! 0x7fff865ec0e0 => 0x19fd480 => 0x19fd6a0
20260910 015223.972 INFO             PET0           MODEL: InitializeIPDvXp08 intro {ES}:! <typekind: Real*8> <rank:    2> <dimCount:    2>
20260910 015223.972 INFO             PET0           MODEL: InitializeIPDvXp08 intro {ES}:! ! --- Array::log() start -----------------------------------
20260910 015223.972 INFO             PET0           MODEL: InitializeIPDvXp08 intro {ES}:! ! 0x19fe890
20260910 015223.972 INFO             PET0           MODEL: InitializeIPDvXp08 intro {ES}:! ! <name: rsns>
20260910 015223.972 INFO             PET0           MODEL: InitializeIPDvXp08 intro {ES}:! ! ! --- DistGrid::log() start --------------------------------
20260910 015223.972 INFO             PET0           MODEL: InitializeIPDvXp08 intro {ES}:! ! ! 0x19f74e0
20260910 015223.972 INFO             PET0           MODEL: InitializeIPDvXp08 intro {ES}:! ! ! DistGrid object is valid!<name: DG-Grid004-sloc:0>
20260910 015223.972 INFO             PET0           MODEL: InitializeIPDvXp08 intro {ES}:! ! ! --- DistGrid::log() end ----------------------------------
20260910 015223.972 INFO             PET0           MODEL: InitializeIPDvXp08 intro {ES}:! ! --- Array::log() end -------------------------------------
20260910 015223.972 INFO             PET0           MODEL: InitializeIPDvXp08 intro {ES}:!--- FieldLog() end -------------------
20260910 015223.972 INFO             PET0           MODEL: InitializeIPDvXp08 intro {ES}:--- StateLog() end -------------------
20260910 015223.972 INFO             PET0           >>>MODEL: entered Initialize (phase=IPDv05p8) with current time:    0  1  1  0  0  0   0
20260910 015223.972 INFO             PET0           MODEL: InitializeDataProgress='true', InitializeDataComplete='true'
20260910 015223.972 INFO             PET0           <<<MODEL: leaving Initialize (phase=IPDv05p8) with current time:    0  1  1  0  0  0   0
20260910 015223.972 INFO             PET0           MODEL: InitializeIPDvXp08 extro {IS}:--- StateLog() start -----------------
20260910 015223.972 INFO             PET0           MODEL: InitializeIPDvXp08 extro {IS}:<name: MODEL-ImportState> <intent: ESMF_STATEINTENT_IMPORT> <itemCount:    0>
20260910 015223.972 INFO             PET0           MODEL: InitializeIPDvXp08 extro {IS}:--- StateLog() end -------------------
20260910 015223.972 INFO             PET0           MODEL: InitializeIPDvXp08 extro {ES}:--- StateLog() start -----------------
20260910 015223.972 INFO             PET0           MODEL: InitializeIPDvXp08 extro {ES}:<name: MODEL-ExportState> <intent: ESMF_STATEINTENT_EXPORT> <itemCount:    2>
20260910 015223.972 INFO             PET0           MODEL: InitializeIPDvXp08 extro {ES}:+-<item: 0001> <itemType: Field> <itemName: pmsl>
20260910 015223.972 INFO             PET0           MODEL: InitializeIPDvXp08 extro {ES}:!--- FieldLog() start -----------------
20260910 015223.972 INFO             PET0           MODEL: InitializeIPDvXp08 extro {ES}:! <name: pmsl> <fieldStatus: ESMF_FIELDSTATUS_COMPLETE>
20260910 015223.972 INFO             PET0           MODEL: InitializeIPDvXp08 extro {ES}:! 0x7fff865ec380 => 0x19fa580 => 0x19fa7a0
20260910 015223.972 INFO             PET0           MODEL: InitializeIPDvXp08 extro {ES}:! <typekind: Real*8> <rank:    2> <dimCount:    2>
20260910 015223.972 INFO             PET0           MODEL: InitializeIPDvXp08 extro {ES}:! ! --- Array::log() start -----------------------------------
20260910 015223.972 INFO             PET0           MODEL: InitializeIPDvXp08 extro {ES}:! ! 0x19fba10
20260910 015223.972 INFO             PET0           MODEL: InitializeIPDvXp08 extro {ES}:! ! <name: pmsl>
20260910 015223.972 INFO             PET0           MODEL: InitializeIPDvXp08 extro {ES}:! ! ! --- DistGrid::log() start --------------------------------
20260910 015223.972 INFO             PET0           MODEL: InitializeIPDvXp08 extro {ES}:! ! ! 0x19f74e0
20260910 015223.972 INFO             PET0           MODEL: InitializeIPDvXp08 extro {ES}:! ! ! DistGrid object is valid!<name: DG-Grid004-sloc:0>
20260910 015223.972 INFO             PET0           MODEL: InitializeIPDvXp08 extro {ES}:! ! ! --- DistGrid::log() end ----------------------------------
20260910 015223.972 INFO             PET0           MODEL: InitializeIPDvXp08 extro {ES}:! ! --- Array::log() end -------------------------------------
20260910 015223.972 INFO             PET0           MODEL: InitializeIPDvXp08 extro {ES}:!--- FieldLog() end -------------------
20260910 015223.972 INFO             PET0           MODEL: InitializeIPDvXp08 extro {ES}:+-<item: 0002> <itemType: Field> <itemName: rsns>
20260910 015223.973 INFO             PET0           MODEL: InitializeIPDvXp08 extro {ES}:!--- FieldLog() start -----------------
20260910 015223.973 INFO             PET0           MODEL: InitializeIPDvXp08 extro {ES}:! <name: rsns> <fieldStatus: ESMF_FIELDSTATUS_COMPLETE>
20260910 015223.973 INFO             PET0           MODEL: InitializeIPDvXp08 extro {ES}:! 0x7fff865ec380 => 0x19fd480 => 0x19fd6a0
20260910 015223.973 INFO             PET0           MODEL: InitializeIPDvXp08 extro {ES}:! <typekind: Real*8> <rank:    2> <dimCount:    2>
20260910 015223.973 INFO             PET0           MODEL: InitializeIPDvXp08 extro {ES}:! ! --- Array::log() start -----------------------------------
20260910 015223.973 INFO             PET0           MODEL: InitializeIPDvXp08 extro {ES}:! ! 0x19fe890
20260910 015223.973 INFO             PET0           MODEL: InitializeIPDvXp08 extro {ES}:! ! <name: rsns>
20260910 015223.973 INFO             PET0           MODEL: InitializeIPDvXp08 extro {ES}:! ! ! --- DistGrid::log() start --------------------------------
20260910 015223.973 INFO             PET0           MODEL: InitializeIPDvXp08 extro {ES}:! ! ! 0x19f74e0
20260910 015223.973 INFO             PET0           MODEL: InitializeIPDvXp08 extro {ES}:! ! ! DistGrid object is valid!<name: DG-Grid004-sloc:0>
20260910 015223.973 INFO             PET0           MODEL: InitializeIPDvXp08 extro {ES}:! ! ! --- DistGrid::log() end ----------------------------------
20260910 015223.973 INFO             PET0           MODEL: InitializeIPDvXp08 extro {ES}:! ! --- Array::log() end -------------------------------------
20260910 015223.973 INFO             PET0           MODEL: InitializeIPDvXp08 extro {ES}:!--- FieldLog() end -------------------
20260910 015223.973 INFO             PET0           MODEL: InitializeIPDvXp08 extro {ES}:--- StateLog() end -------------------
20260910 015223.973 INFO             PET0         MODEL: InitializeIPDvXp08 extro.
20260910 015223.973 INFO             PET0         driver: component    1=MODEL, someProgress (local): true
20260910 015223.973 INFO             PET0         driver: component    1=MODEL, someProgress (global):  T
20260910 015223.973 INFO             PET0         driver: someProgress= T, allComplete= F, present(dataDepAllComplete)= T
20260910 015223.973 INFO             PET0         driver: component    0=driver, dataComplete (local): true
20260910 015223.973 INFO             PET0         driver: component    0=driver, dataComplete (global):  T
20260910 015223.973 INFO             PET0         driver: component    1=MODEL, dataComplete (local): true
20260910 015223.973 INFO             PET0         driver: component    1=MODEL, dataComplete (global):  T
20260910 015223.973 INFO             PET0         driver: someProgress= F, allComplete= T, present(dataDepAllComplete)= T
20260910 015223.973 INFO             PET0         driver: finished resolving initialize data dependencies on this level.
20260910 015223.973 INFO             PET0         <<<driver: leaving Initialize (phase=<none>) with current time:    0  1  1  0  0  0   0
20260910 015223.973 INFO             PET0         driver: loopDataDependentInitialize extro {IS}:--- StateLog() start -----------------
20260910 015223.973 INFO             PET0         driver: loopDataDependentInitialize extro {IS}:State object is invalid! Not created or deleted!
20260910 015223.973 INFO             PET0         driver: loopDataDependentInitialize extro {IS}:--- StateLog() end -------------------
20260910 015223.973 INFO             PET0         driver: loopDataDependentInitialize extro {ES}:--- StateLog() start -----------------
20260910 015223.973 INFO             PET0         driver: loopDataDependentInitialize extro {ES}:State object is invalid! Not created or deleted!
20260910 015223.973 INFO             PET0         driver: loopDataDependentInitialize extro {ES}:--- StateLog() end -------------------
20260910 015223.973 INFO             PET0       driver: loopDataDependentInitialize extro.
20260910 015223.973 INFO             PET0       driver: loopDataDependentInitialize() returned with dataDepAllComplete:  T
20260910 015223.973 INFO             PET0       <<<driver: leaving Initialize (phase=<none>) with current time:    0  1  1  0  0  0   0
20260910 015223.973 INFO             PET0       driver: InitializeIPDv02p5Data extro {IS}:--- StateLog() start -----------------
20260910 015223.973 INFO             PET0       driver: InitializeIPDv02p5Data extro {IS}:State object is invalid! Not created or deleted!
20260910 015223.973 INFO             PET0       driver: InitializeIPDv02p5Data extro {IS}:--- StateLog() end -------------------
20260910 015223.973 INFO             PET0       driver: InitializeIPDv02p5Data extro {ES}:--- StateLog() start -----------------
20260910 015223.973 INFO             PET0       driver: InitializeIPDv02p5Data extro {ES}:State object is invalid! Not created or deleted!
20260910 015223.973 INFO             PET0       driver: InitializeIPDv02p5Data extro {ES}:--- StateLog() end -------------------
20260910 015223.973 INFO             PET0     driver: InitializeIPDv02p5Data extro.
20260910 015223.973 INFO             PET0     <<<driver: leaving Initialize (phase=<none>) with current time:    0  1  1  0  0  0   0
20260910 015223.973 INFO             PET0     driver: InitializeIPDv02p5 extro {IS}:--- StateLog() start -----------------
20260910 015223.973 INFO             PET0     driver: InitializeIPDv02p5 extro {IS}:State object is invalid! Not created or deleted!
20260910 015223.973 INFO             PET0     driver: InitializeIPDv02p5 extro {IS}:--- StateLog() end -------------------
20260910 015223.973 INFO             PET0     driver: InitializeIPDv02p5 extro {ES}:--- StateLog() start -----------------
20260910 015223.973 INFO             PET0     driver: InitializeIPDv02p5 extro {ES}:State object is invalid! Not created or deleted!
20260910 015223.973 INFO             PET0     driver: InitializeIPDv02p5 extro {ES}:--- StateLog() end -------------------
20260910 015223.973 INFO             PET0   driver: InitializeIPDv02p5 extro.
20260910 015223.973 INFO             PET0   <<<driver: leaving Initialize (phase=<none>) with current time:    0  1  1  0  0  0   0
20260910 015223.973 INFO             PET0   driver: InitializeGeneric extro {IS}:--- StateLog() start -----------------
20260910 015223.973 INFO             PET0   driver: InitializeGeneric extro {IS}:State object is invalid! Not created or deleted!
20260910 015223.973 INFO             PET0   driver: InitializeGeneric extro {IS}:--- StateLog() end -------------------
20260910 015223.973 INFO             PET0   driver: InitializeGeneric extro {ES}:--- StateLog() start -----------------
20260910 015223.973 INFO             PET0   driver: InitializeGeneric extro {ES}:State object is invalid! Not created or deleted!
20260910 015223.973 INFO             PET0   driver: InitializeGeneric extro {ES}:--- StateLog() end -------------------
20260910 015223.973 INFO             PET0 driver: InitializeGeneric extro.
20260910 015223.973 INFO             PET0 driver: Run intro.
20260910 015223.973 INFO             PET0   driver: Run intro {IS}:--- StateLog() start -----------------
20260910 015223.973 INFO             PET0   driver: Run intro {IS}:State object is invalid! Not created or deleted!
20260910 015223.973 INFO             PET0   driver: Run intro {IS}:--- StateLog() end -------------------
20260910 015223.973 INFO             PET0   driver: Run intro {ES}:--- StateLog() start -----------------
20260910 015223.973 INFO             PET0   driver: Run intro {ES}:State object is invalid! Not created or deleted!
20260910 015223.973 INFO             PET0   driver: Run intro {ES}:--- StateLog() end -------------------
20260910 015223.973 INFO             PET0   >>>driver: entered Run (phase=RunPhase1) with current time:    0  1  1  0  0  0   0
20260910 015223.973 INFO             PET0   driver: after lable_SetRunClock, current time:    0  1  1  0  0  0   0
20260910 015223.973 INFO             PET0   driver: begin -------> RunSequence.
20260910 015223.973 INFO             PET0     driver: RunSequence event loopLevel=   1  levelMember=   1  loopIteration=   1, current time:    0  1  1  0  0  0   0
20260910 015223.973 INFO             PET0     MODEL: Run intro.
20260910 015223.973 INFO             PET0       MODEL: Run intro {IS}:--- StateLog() start -----------------
20260910 015223.973 INFO             PET0       MODEL: Run intro {IS}:<name: MODEL-ImportState> <intent: ESMF_STATEINTENT_IMPORT> <itemCount:    0>
20260910 015223.973 INFO             PET0       MODEL: Run intro {IS}:--- StateLog() end -------------------
20260910 015223.973 INFO             PET0       MODEL: Run intro {ES}:--- StateLog() start -----------------
20260910 015223.973 INFO             PET0       MODEL: Run intro {ES}:<name: MODEL-ExportState> <intent: ESMF_STATEINTENT_EXPORT> <itemCount:    2>
20260910 015223.973 INFO             PET0       MODEL: Run intro {ES}:+-<item: 0001> <itemType: Field> <itemName: pmsl>
20260910 015223.973 INFO             PET0       MODEL: Run intro {ES}:!--- FieldLog() start -----------------
20260910 015223.973 INFO             PET0       MODEL: Run intro {ES}:! <name: pmsl> <fieldStatus: ESMF_FIELDSTATUS_COMPLETE>
20260910 015223.974 INFO             PET0       MODEL: Run intro {ES}:! 0x7fff865ec8f0 => 0x19fa580 => 0x19fa7a0
20260910 015223.974 INFO             PET0       MODEL: Run intro {ES}:! <typekind: Real*8> <rank:    2> <dimCount:    2>
20260910 015223.974 INFO             PET0       MODEL: Run intro {ES}:! ! --- Array::log() start -----------------------------------
20260910 015223.974 INFO             PET0       MODEL: Run intro {ES}:! ! 0x19fba10
20260910 015223.974 INFO             PET0       MODEL: Run intro {ES}:! ! <name: pmsl>
20260910 015223.974 INFO             PET0       MODEL: Run intro {ES}:! ! ! --- DistGrid::log() start --------------------------------
20260910 015223.974 INFO             PET0       MODEL: Run intro {ES}:! ! ! 0x19f74e0
20260910 015223.974 INFO             PET0       MODEL: Run intro {ES}:! ! ! DistGrid object is valid!<name: DG-Grid004-sloc:0>
20260910 015223.974 INFO             PET0       MODEL: Run intro {ES}:! ! ! --- DistGrid::log() end ----------------------------------
20260910 015223.974 INFO             PET0       MODEL: Run intro {ES}:! ! --- Array::log() end -------------------------------------
20260910 015223.974 INFO             PET0       MODEL: Run intro {ES}:!--- FieldLog() end -------------------
20260910 015223.974 INFO             PET0       MODEL: Run intro {ES}:+-<item: 0002> <itemType: Field> <itemName: rsns>
20260910 015223.974 INFO             PET0       MODEL: Run intro {ES}:!--- FieldLog() start -----------------
20260910 015223.974 INFO             PET0       MODEL: Run intro {ES}:! <name: rsns> <fieldStatus: ESMF_FIELDSTATUS_COMPLETE>
20260910 015223.974 INFO             PET0       MODEL: Run intro {ES}:! 0x7fff865ec8f0 => 0x19fd480 => 0x19fd6a0
20260910 015223.974 INFO             PET0       MODEL: Run intro {ES}:! <typekind: Real*8> <rank:    2> <dimCount:    2>
20260910 015223.974 INFO             PET0       MODEL: Run intro {ES}:! ! --- Array::log() start -----------------------------------
20260910 015223.974 INFO             PET0       MODEL: Run intro {ES}:! ! 0x19fe890
20260910 015223.974 INFO             PET0       MODEL: Run intro {ES}:! ! <name: rsns>
20260910 015223.974 INFO             PET0       MODEL: Run intro {ES}:! ! ! --- DistGrid::log() start --------------------------------
20260910 015223.974 INFO             PET0       MODEL: Run intro {ES}:! ! ! 0x19f74e0
20260910 015223.974 INFO             PET0       MODEL: Run intro {ES}:! ! ! DistGrid object is valid!<name: DG-Grid004-sloc:0>
20260910 015223.974 INFO             PET0       MODEL: Run intro {ES}:! ! ! --- DistGrid::log() end ----------------------------------
20260910 015223.974 INFO             PET0       MODEL: Run intro {ES}:! ! --- Array::log() end -------------------------------------
20260910 015223.974 INFO             PET0       MODEL: Run intro {ES}:!--- FieldLog() end -------------------
20260910 015223.974 INFO             PET0       MODEL: Run intro {ES}:--- StateLog() end -------------------
20260910 015223.974 INFO             PET0       >>>MODEL: entered Run (phase=RunPhase1) with current time:    0  1  1  0  0  0   0
20260910 015223.974 INFO             PET0       MODEL: time step-loop starting, current time:    0  1  1  0  0  0   0
20260910 015223.989 INFO             PET0       thread_num=   0   currentSsiPe=   7   num_threads=   3   max_threads=   3   num_procs=   8
20260910 015223.989 INFO             PET0       thread_num=   2   currentSsiPe=   3   num_threads=   3   max_threads=   3   num_procs=   8
20260910 015224.000 INFO             PET0       thread_num=   1   currentSsiPe=   3   num_threads=   3   max_threads=   3   num_procs=   8
20260910 015224.000 INFO             PET0       ---->Advancing Model from:    0  1  1  0  0  0   0
20260910 015224.000 INFO             PET0       ---------------------> to:    0  1  1  0  0 30   0
20260910 015224.000 INFO             PET0       MODEL: time step-loop ending,   current time:    0  1  1  0  0 30   0
20260910 015224.000 INFO             PET0       <<<MODEL: leaving Run (phase=RunPhase1) with current time:    0  1  1  0  0 30   0
20260910 015224.000 INFO             PET0       MODEL: Run extro {IS}:--- StateLog() start -----------------
20260910 015224.000 INFO             PET0       MODEL: Run extro {IS}:<name: MODEL-ImportState> <intent: ESMF_STATEINTENT_IMPORT> <itemCount:    0>
20260910 015224.000 INFO             PET0       MODEL: Run extro {IS}:--- StateLog() end -------------------
20260910 015224.000 INFO             PET0       MODEL: Run extro {ES}:--- StateLog() start -----------------
20260910 015224.000 INFO             PET0       MODEL: Run extro {ES}:<name: MODEL-ExportState> <intent: ESMF_STATEINTENT_EXPORT> <itemCount:    2>
20260910 015224.000 INFO             PET0       MODEL: Run extro {ES}:+-<item: 0001> <itemType: Field> <itemName: pmsl>
20260910 015224.000 INFO             PET0       MODEL: Run extro {ES}:!--- FieldLog() start -----------------
20260910 015224.000 INFO             PET0       MODEL: Run extro {ES}:! <name: pmsl> <fieldStatus: ESMF_FIELDSTATUS_COMPLETE>
20260910 015224.000 INFO             PET0       MODEL: Run extro {ES}:! 0x7fff865ecb90 => 0x19fa580 => 0x19fa7a0
20260910 015224.000 INFO             PET0       MODEL: Run extro {ES}:! <typekind: Real*8> <rank:    2> <dimCount:    2>
20260910 015224.001 INFO             PET0       MODEL: Run extro {ES}:! ! --- Array::log() start -----------------------------------
20260910 015224.001 INFO             PET0       MODEL: Run extro {ES}:! ! 0x19fba10
20260910 015224.001 INFO             PET0       MODEL: Run extro {ES}:! ! <name: pmsl>
20260910 015224.001 INFO             PET0       MODEL: Run extro {ES}:! ! ! --- DistGrid::log() start --------------------------------
20260910 015224.001 INFO             PET0       MODEL: Run extro {ES}:! ! ! 0x19f74e0
20260910 015224.001 INFO             PET0       MODEL: Run extro {ES}:! ! ! DistGrid object is valid!<name: DG-Grid004-sloc:0>
20260910 015224.001 INFO             PET0       MODEL: Run extro {ES}:! ! ! --- DistGrid::log() end ----------------------------------
20260910 015224.001 INFO             PET0       MODEL: Run extro {ES}:! ! --- Array::log() end -------------------------------------
20260910 015224.001 INFO             PET0       MODEL: Run extro {ES}:!--- FieldLog() end -------------------
20260910 015224.001 INFO             PET0       MODEL: Run extro {ES}:+-<item: 0002> <itemType: Field> <itemName: rsns>
20260910 015224.001 INFO             PET0       MODEL: Run extro {ES}:!--- FieldLog() start -----------------
20260910 015224.001 INFO             PET0       MODEL: Run extro {ES}:! <name: rsns> <fieldStatus: ESMF_FIELDSTATUS_COMPLETE>
20260910 015224.001 INFO             PET0       MODEL: Run extro {ES}:! 0x7fff865ecb90 => 0x19fd480 => 0x19fd6a0
20260910 015224.001 INFO             PET0       MODEL: Run extro {ES}:! <typekind: Real*8> <rank:    2> <dimCount:    2>
20260910 015224.001 INFO             PET0       MODEL: Run extro {ES}:! ! --- Array::log() start -----------------------------------
20260910 015224.001 INFO             PET0       MODEL: Run extro {ES}:! ! 0x19fe890
20260910 015224.001 INFO             PET0       MODEL: Run extro {ES}:! ! <name: rsns>
20260910 015224.001 INFO             PET0       MODEL: Run extro {ES}:! ! ! --- DistGrid::log() start --------------------------------
20260910 015224.001 INFO             PET0       MODEL: Run extro {ES}:! ! ! 0x19f74e0
20260910 015224.001 INFO             PET0       MODEL: Run extro {ES}:! ! ! DistGrid object is valid!<name: DG-Grid004-sloc:0>
20260910 015224.001 INFO             PET0       MODEL: Run extro {ES}:! ! ! --- DistGrid::log() end ----------------------------------
20260910 015224.001 INFO             PET0       MODEL: Run extro {ES}:! ! --- Array::log() end -------------------------------------
20260910 015224.001 INFO             PET0       MODEL: Run extro {ES}:!--- FieldLog() end -------------------
20260910 015224.001 INFO             PET0       MODEL: Run extro {ES}:--- StateLog() end -------------------
20260910 015224.001 INFO             PET0     MODEL: Run extro.
20260910 015224.001 INFO             PET0     driver: RunSequence event loopLevel=   1  levelMember=   1  loopIteration=   2, current time:    0  1  1  0  0 30   0
20260910 015224.001 INFO             PET0     MODEL: Run intro.
20260910 015224.001 INFO             PET0       MODEL: Run intro {IS}:--- StateLog() start -----------------
20260910 015224.001 INFO             PET0       MODEL: Run intro {IS}:<name: MODEL-ImportState> <intent: ESMF_STATEINTENT_IMPORT> <itemCount:    0>
20260910 015224.001 INFO             PET0       MODEL: Run intro {IS}:--- StateLog() end -------------------
20260910 015224.001 INFO             PET0       MODEL: Run intro {ES}:--- StateLog() start -----------------
20260910 015224.001 INFO             PET0       MODEL: Run intro {ES}:<name: MODEL-ExportState> <intent: ESMF_STATEINTENT_EXPORT> <itemCount:    2>
20260910 015224.001 INFO             PET0       MODEL: Run intro {ES}:+-<item: 0001> <itemType: Field> <itemName: pmsl>
20260910 015224.001 INFO             PET0       MODEL: Run intro {ES}:!--- FieldLog() start -----------------
20260910 015224.001 INFO             PET0       MODEL: Run intro {ES}:! <name: pmsl> <fieldStatus: ESMF_FIELDSTATUS_COMPLETE>
20260910 015224.001 INFO             PET0       MODEL: Run intro {ES}:! 0x7fff865ec8f0 => 0x19fa580 => 0x19fa7a0
20260910 015224.001 INFO             PET0       MODEL: Run intro {ES}:! <typekind: Real*8> <rank:    2> <dimCount:    2>
20260910 015224.001 INFO             PET0       MODEL: Run intro {ES}:! ! --- Array::log() start -----------------------------------
20260910 015224.001 INFO             PET0       MODEL: Run intro {ES}:! ! 0x19fba10
20260910 015224.001 INFO             PET0       MODEL: Run intro {ES}:! ! <name: pmsl>
20260910 015224.001 INFO             PET0       MODEL: Run intro {ES}:! ! ! --- DistGrid::log() start --------------------------------
20260910 015224.001 INFO             PET0       MODEL: Run intro {ES}:! ! ! 0x19f74e0
20260910 015224.001 INFO             PET0       MODEL: Run intro {ES}:! ! ! DistGrid object is valid!<name: DG-Grid004-sloc:0>
20260910 015224.001 INFO             PET0       MODEL: Run intro {ES}:! ! ! --- DistGrid::log() end ----------------------------------
20260910 015224.001 INFO             PET0       MODEL: Run intro {ES}:! ! --- Array::log() end -------------------------------------
20260910 015224.001 INFO             PET0       MODEL: Run intro {ES}:!--- FieldLog() end -------------------
20260910 015224.001 INFO             PET0       MODEL: Run intro {ES}:+-<item: 0002> <itemType: Field> <itemName: rsns>
20260910 015224.001 INFO             PET0       MODEL: Run intro {ES}:!--- FieldLog() start -----------------
20260910 015224.001 INFO             PET0       MODEL: Run intro {ES}:! <name: rsns> <fieldStatus: ESMF_FIELDSTATUS_COMPLETE>
20260910 015224.001 INFO             PET0       MODEL: Run intro {ES}:! 0x7fff865ec8f0 => 0x19fd480 => 0x19fd6a0
20260910 015224.001 INFO             PET0       MODEL: Run intro {ES}:! <typekind: Real*8> <rank:    2> <dimCount:    2>
20260910 015224.001 INFO             PET0       MODEL: Run intro {ES}:! ! --- Array::log() start -----------------------------------
20260910 015224.001 INFO             PET0       MODEL: Run intro {ES}:! ! 0x19fe890
20260910 015224.001 INFO             PET0       MODEL: Run intro {ES}:! ! <name: rsns>
20260910 015224.001 INFO             PET0       MODEL: Run intro {ES}:! ! ! --- DistGrid::log() start --------------------------------
20260910 015224.001 INFO             PET0       MODEL: Run intro {ES}:! ! ! 0x19f74e0
20260910 015224.001 INFO             PET0       MODEL: Run intro {ES}:! ! ! DistGrid object is valid!<name: DG-Grid004-sloc:0>
20260910 015224.001 INFO             PET0       MODEL: Run intro {ES}:! ! ! --- DistGrid::log() end ----------------------------------
20260910 015224.001 INFO             PET0       MODEL: Run intro {ES}:! ! --- Array::log() end -------------------------------------
20260910 015224.001 INFO             PET0       MODEL: Run intro {ES}:!--- FieldLog() end -------------------
20260910 015224.001 INFO             PET0       MODEL: Run intro {ES}:--- StateLog() end -------------------
20260910 015224.001 INFO             PET0       >>>MODEL: entered Run (phase=RunPhase1) with current time:    0  1  1  0  0 30   0
20260910 015224.001 INFO             PET0       MODEL: time step-loop starting, current time:    0  1  1  0  0 30   0
20260910 015224.012 INFO             PET0       thread_num=   0   currentSsiPe=   7   num_threads=   3   max_threads=   3   num_procs=   8
20260910 015224.012 INFO             PET0       thread_num=   2   currentSsiPe=   3   num_threads=   3   max_threads=   3   num_procs=   8
20260910 015224.024 INFO             PET0       thread_num=   1   currentSsiPe=   3   num_threads=   3   max_threads=   3   num_procs=   8
20260910 015224.024 INFO             PET0       ---->Advancing Model from:    0  1  1  0  0 30   0
20260910 015224.024 INFO             PET0       ---------------------> to:    0  1  1  0  1  0   0
20260910 015224.024 INFO             PET0       MODEL: time step-loop ending,   current time:    0  1  1  0  1  0   0
20260910 015224.024 INFO             PET0       <<<MODEL: leaving Run (phase=RunPhase1) with current time:    0  1  1  0  1  0   0
20260910 015224.024 INFO             PET0       MODEL: Run extro {IS}:--- StateLog() start -----------------
20260910 015224.024 INFO             PET0       MODEL: Run extro {IS}:<name: MODEL-ImportState> <intent: ESMF_STATEINTENT_IMPORT> <itemCount:    0>
20260910 015224.024 INFO             PET0       MODEL: Run extro {IS}:--- StateLog() end -------------------
20260910 015224.024 INFO             PET0       MODEL: Run extro {ES}:--- StateLog() start -----------------
20260910 015224.024 INFO             PET0       MODEL: Run extro {ES}:<name: MODEL-ExportState> <intent: ESMF_STATEINTENT_EXPORT> <itemCount:    2>
20260910 015224.024 INFO             PET0       MODEL: Run extro {ES}:+-<item: 0001> <itemType: Field> <itemName: pmsl>
20260910 015224.024 INFO             PET0       MODEL: Run extro {ES}:!--- FieldLog() start -----------------
20260910 015224.024 INFO             PET0       MODEL: Run extro {ES}:! <name: pmsl> <fieldStatus: ESMF_FIELDSTATUS_COMPLETE>
20260910 015224.024 INFO             PET0       MODEL: Run extro {ES}:! 0x7fff865ecb90 => 0x19fa580 => 0x19fa7a0
20260910 015224.024 INFO             PET0       MODEL: Run extro {ES}:! <typekind: Real*8> <rank:    2> <dimCount:    2>
20260910 015224.024 INFO             PET0       MODEL: Run extro {ES}:! ! --- Array::log() start -----------------------------------
20260910 015224.024 INFO             PET0       MODEL: Run extro {ES}:! ! 0x19fba10
20260910 015224.024 INFO             PET0       MODEL: Run extro {ES}:! ! <name: pmsl>
20260910 015224.024 INFO             PET0       MODEL: Run extro {ES}:! ! ! --- DistGrid::log() start --------------------------------
20260910 015224.024 INFO             PET0       MODEL: Run extro {ES}:! ! ! 0x19f74e0
20260910 015224.024 INFO             PET0       MODEL: Run extro {ES}:! ! ! DistGrid object is valid!<name: DG-Grid004-sloc:0>
20260910 015224.025 INFO             PET0       MODEL: Run extro {ES}:! ! ! --- DistGrid::log() end ----------------------------------
20260910 015224.025 INFO             PET0       MODEL: Run extro {ES}:! ! --- Array::log() end -------------------------------------
20260910 015224.025 INFO             PET0       MODEL: Run extro {ES}:!--- FieldLog() end -------------------
20260910 015224.025 INFO             PET0       MODEL: Run extro {ES}:+-<item: 0002> <itemType: Field> <itemName: rsns>
20260910 015224.025 INFO             PET0       MODEL: Run extro {ES}:!--- FieldLog() start -----------------
20260910 015224.025 INFO             PET0       MODEL: Run extro {ES}:! <name: rsns> <fieldStatus: ESMF_FIELDSTATUS_COMPLETE>
20260910 015224.025 INFO             PET0       MODEL: Run extro {ES}:! 0x7fff865ecb90 => 0x19fd480 => 0x19fd6a0
20260910 015224.025 INFO             PET0       MODEL: Run extro {ES}:! <typekind: Real*8> <rank:    2> <dimCount:    2>
20260910 015224.025 INFO             PET0       MODEL: Run extro {ES}:! ! --- Array::log() start -----------------------------------
20260910 015224.025 INFO             PET0       MODEL: Run extro {ES}:! ! 0x19fe890
20260910 015224.025 INFO             PET0       MODEL: Run extro {ES}:! ! <name: rsns>
20260910 015224.025 INFO             PET0       MODEL: Run extro {ES}:! ! ! --- DistGrid::log() start --------------------------------
20260910 015224.025 INFO             PET0       MODEL: Run extro {ES}:! ! ! 0x19f74e0
20260910 015224.025 INFO             PET0       MODEL: Run extro {ES}:! ! ! DistGrid object is valid!<name: DG-Grid004-sloc:0>
20260910 015224.025 INFO             PET0       MODEL: Run extro {ES}:! ! ! --- DistGrid::log() end ----------------------------------
20260910 015224.025 INFO             PET0       MODEL: Run extro {ES}:! ! --- Array::log() end -------------------------------------
20260910 015224.025 INFO             PET0       MODEL: Run extro {ES}:!--- FieldLog() end -------------------
20260910 015224.025 INFO             PET0       MODEL: Run extro {ES}:--- StateLog() end -------------------
20260910 015224.025 INFO             PET0     MODEL: Run extro.
20260910 015224.025 INFO             PET0     driver: RunSequence event loopLevel=   1  levelMember=   1  loopIteration=   3, current time:    0  1  1  0  1  0   0
20260910 015224.025 INFO             PET0     MODEL: Run intro.
20260910 015224.025 INFO             PET0       MODEL: Run intro {IS}:--- StateLog() start -----------------
20260910 015224.025 INFO             PET0       MODEL: Run intro {IS}:<name: MODEL-ImportState> <intent: ESMF_STATEINTENT_IMPORT> <itemCount:    0>
20260910 015224.025 INFO             PET0       MODEL: Run intro {IS}:--- StateLog() end -------------------
20260910 015224.025 INFO             PET0       MODEL: Run intro {ES}:--- StateLog() start -----------------
20260910 015224.025 INFO             PET0       MODEL: Run intro {ES}:<name: MODEL-ExportState> <intent: ESMF_STATEINTENT_EXPORT> <itemCount:    2>
20260910 015224.025 INFO             PET0       MODEL: Run intro {ES}:+-<item: 0001> <itemType: Field> <itemName: pmsl>
20260910 015224.025 INFO             PET0       MODEL: Run intro {ES}:!--- FieldLog() start -----------------
20260910 015224.025 INFO             PET0       MODEL: Run intro {ES}:! <name: pmsl> <fieldStatus: ESMF_FIELDSTATUS_COMPLETE>
20260910 015224.025 INFO             PET0       MODEL: Run intro {ES}:! 0x7fff865ec8f0 => 0x19fa580 => 0x19fa7a0
20260910 015224.025 INFO             PET0       MODEL: Run intro {ES}:! <typekind: Real*8> <rank:    2> <dimCount:    2>
20260910 015224.025 INFO             PET0       MODEL: Run intro {ES}:! ! --- Array::log() start -----------------------------------
20260910 015224.025 INFO             PET0       MODEL: Run intro {ES}:! ! 0x19fba10
20260910 015224.025 INFO             PET0       MODEL: Run intro {ES}:! ! <name: pmsl>
20260910 015224.025 INFO             PET0       MODEL: Run intro {ES}:! ! ! --- DistGrid::log() start --------------------------------
20260910 015224.025 INFO             PET0       MODEL: Run intro {ES}:! ! ! 0x19f74e0
20260910 015224.025 INFO             PET0       MODEL: Run intro {ES}:! ! ! DistGrid object is valid!<name: DG-Grid004-sloc:0>
20260910 015224.025 INFO             PET0       MODEL: Run intro {ES}:! ! ! --- DistGrid::log() end ----------------------------------
20260910 015224.025 INFO             PET0       MODEL: Run intro {ES}:! ! --- Array::log() end -------------------------------------
20260910 015224.025 INFO             PET0       MODEL: Run intro {ES}:!--- FieldLog() end -------------------
20260910 015224.025 INFO             PET0       MODEL: Run intro {ES}:+-<item: 0002> <itemType: Field> <itemName: rsns>
20260910 015224.025 INFO             PET0       MODEL: Run intro {ES}:!--- FieldLog() start -----------------
20260910 015224.025 INFO             PET0       MODEL: Run intro {ES}:! <name: rsns> <fieldStatus: ESMF_FIELDSTATUS_COMPLETE>
20260910 015224.025 INFO             PET0       MODEL: Run intro {ES}:! 0x7fff865ec8f0 => 0x19fd480 => 0x19fd6a0
20260910 015224.025 INFO             PET0       MODEL: Run intro {ES}:! <typekind: Real*8> <rank:    2> <dimCount:    2>
20260910 015224.025 INFO             PET0       MODEL: Run intro {ES}:! ! --- Array::log() start -----------------------------------
20260910 015224.025 INFO             PET0       MODEL: Run intro {ES}:! ! 0x19fe890
20260910 015224.025 INFO             PET0       MODEL: Run intro {ES}:! ! <name: rsns>
20260910 015224.025 INFO             PET0       MODEL: Run intro {ES}:! ! ! --- DistGrid::log() start --------------------------------
20260910 015224.025 INFO             PET0       MODEL: Run intro {ES}:! ! ! 0x19f74e0
20260910 015224.025 INFO             PET0       MODEL: Run intro {ES}:! ! ! DistGrid object is valid!<name: DG-Grid004-sloc:0>
20260910 015224.025 INFO             PET0       MODEL: Run intro {ES}:! ! ! --- DistGrid::log() end ----------------------------------
20260910 015224.025 INFO             PET0       MODEL: Run intro {ES}:! ! --- Array::log() end -------------------------------------
20260910 015224.025 INFO             PET0       MODEL: Run intro {ES}:!--- FieldLog() end -------------------
20260910 015224.025 INFO             PET0       MODEL: Run intro {ES}:--- StateLog() end -------------------
20260910 015224.025 INFO             PET0       >>>MODEL: entered Run (phase=RunPhase1) with current time:    0  1  1  0  1  0   0
20260910 015224.025 INFO             PET0       MODEL: time step-loop starting, current time:    0  1  1  0  1  0   0
20260910 015224.036 INFO             PET0       thread_num=   0   currentSsiPe=   7   num_threads=   3   max_threads=   3   num_procs=   8
20260910 015224.036 INFO             PET0       thread_num=   2   currentSsiPe=   3   num_threads=   3   max_threads=   3   num_procs=   8
20260910 015224.048 INFO             PET0       thread_num=   1   currentSsiPe=   3   num_threads=   3   max_threads=   3   num_procs=   8
20260910 015224.048 INFO             PET0       ---->Advancing Model from:    0  1  1  0  1  0   0
20260910 015224.048 INFO             PET0       ---------------------> to:    0  1  1  0  1 30   0
20260910 015224.048 INFO             PET0       MODEL: time step-loop ending,   current time:    0  1  1  0  1 30   0
20260910 015224.048 INFO             PET0       <<<MODEL: leaving Run (phase=RunPhase1) with current time:    0  1  1  0  1 30   0
20260910 015224.048 INFO             PET0       MODEL: Run extro {IS}:--- StateLog() start -----------------
20260910 015224.048 INFO             PET0       MODEL: Run extro {IS}:<name: MODEL-ImportState> <intent: ESMF_STATEINTENT_IMPORT> <itemCount:    0>
20260910 015224.048 INFO             PET0       MODEL: Run extro {IS}:--- StateLog() end -------------------
20260910 015224.048 INFO             PET0       MODEL: Run extro {ES}:--- StateLog() start -----------------
20260910 015224.048 INFO             PET0       MODEL: Run extro {ES}:<name: MODEL-ExportState> <intent: ESMF_STATEINTENT_EXPORT> <itemCount:    2>
20260910 015224.048 INFO             PET0       MODEL: Run extro {ES}:+-<item: 0001> <itemType: Field> <itemName: pmsl>
20260910 015224.048 INFO             PET0       MODEL: Run extro {ES}:!--- FieldLog() start -----------------
20260910 015224.048 INFO             PET0       MODEL: Run extro {ES}:! <name: pmsl> <fieldStatus: ESMF_FIELDSTATUS_COMPLETE>
20260910 015224.048 INFO             PET0       MODEL: Run extro {ES}:! 0x7fff865ecb90 => 0x19fa580 => 0x19fa7a0
20260910 015224.048 INFO             PET0       MODEL: Run extro {ES}:! <typekind: Real*8> <rank:    2> <dimCount:    2>
20260910 015224.048 INFO             PET0       MODEL: Run extro {ES}:! ! --- Array::log() start -----------------------------------
20260910 015224.049 INFO             PET0       MODEL: Run extro {ES}:! ! 0x19fba10
20260910 015224.049 INFO             PET0       MODEL: Run extro {ES}:! ! <name: pmsl>
20260910 015224.049 INFO             PET0       MODEL: Run extro {ES}:! ! ! --- DistGrid::log() start --------------------------------
20260910 015224.049 INFO             PET0       MODEL: Run extro {ES}:! ! ! 0x19f74e0
20260910 015224.049 INFO             PET0       MODEL: Run extro {ES}:! ! ! DistGrid object is valid!<name: DG-Grid004-sloc:0>
20260910 015224.049 INFO             PET0       MODEL: Run extro {ES}:! ! ! --- DistGrid::log() end ----------------------------------
20260910 015224.049 INFO             PET0       MODEL: Run extro {ES}:! ! --- Array::log() end -------------------------------------
20260910 015224.049 INFO             PET0       MODEL: Run extro {ES}:!--- FieldLog() end -------------------
20260910 015224.049 INFO             PET0       MODEL: Run extro {ES}:+-<item: 0002> <itemType: Field> <itemName: rsns>
20260910 015224.049 INFO             PET0       MODEL: Run extro {ES}:!--- FieldLog() start -----------------
20260910 015224.049 INFO             PET0       MODEL: Run extro {ES}:! <name: rsns> <fieldStatus: ESMF_FIELDSTATUS_COMPLETE>
20260910 015224.049 INFO             PET0       MODEL: Run extro {ES}:! 0x7fff865ecb90 => 0x19fd480 => 0x19fd6a0
20260910 015224.049 INFO             PET0       MODEL: Run extro {ES}:! <typekind: Real*8> <rank:    2> <dimCount:    2>
20260910 015224.049 INFO             PET0       MODEL: Run extro {ES}:! ! --- Array::log() start -----------------------------------
20260910 015224.049 INFO             PET0       MODEL: Run extro {ES}:! ! 0x19fe890
20260910 015224.049 INFO             PET0       MODEL: Run extro {ES}:! ! <name: rsns>
20260910 015224.049 INFO             PET0       MODEL: Run extro {ES}:! ! ! --- DistGrid::log() start --------------------------------
20260910 015224.049 INFO             PET0       MODEL: Run extro {ES}:! ! ! 0x19f74e0
20260910 015224.049 INFO             PET0       MODEL: Run extro {ES}:! ! ! DistGrid object is valid!<name: DG-Grid004-sloc:0>
20260910 015224.049 INFO             PET0       MODEL: Run extro {ES}:! ! ! --- DistGrid::log() end ----------------------------------
20260910 015224.049 INFO             PET0       MODEL: Run extro {ES}:! ! --- Array::log() end -------------------------------------
20260910 015224.049 INFO             PET0       MODEL: Run extro {ES}:!--- FieldLog() end -------------------
20260910 015224.049 INFO             PET0       MODEL: Run extro {ES}:--- StateLog() end -------------------
20260910 015224.049 INFO             PET0     MODEL: Run extro.
20260910 015224.049 INFO             PET0     driver: RunSequence event loopLevel=   1  levelMember=   1  loopIteration=   4, current time:    0  1  1  0  1 30   0
20260910 015224.049 INFO             PET0     MODEL: Run intro.
20260910 015224.049 INFO             PET0       MODEL: Run intro {IS}:--- StateLog() start -----------------
20260910 015224.049 INFO             PET0       MODEL: Run intro {IS}:<name: MODEL-ImportState> <intent: ESMF_STATEINTENT_IMPORT> <itemCount:    0>
20260910 015224.049 INFO             PET0       MODEL: Run intro {IS}:--- StateLog() end -------------------
20260910 015224.049 INFO             PET0       MODEL: Run intro {ES}:--- StateLog() start -----------------
20260910 015224.049 INFO             PET0       MODEL: Run intro {ES}:<name: MODEL-ExportState> <intent: ESMF_STATEINTENT_EXPORT> <itemCount:    2>
20260910 015224.049 INFO             PET0       MODEL: Run intro {ES}:+-<item: 0001> <itemType: Field> <itemName: pmsl>
20260910 015224.049 INFO             PET0       MODEL: Run intro {ES}:!--- FieldLog() start -----------------
20260910 015224.049 INFO             PET0       MODEL: Run intro {ES}:! <name: pmsl> <fieldStatus: ESMF_FIELDSTATUS_COMPLETE>
20260910 015224.049 INFO             PET0       MODEL: Run intro {ES}:! 0x7fff865ec8f0 => 0x19fa580 => 0x19fa7a0
20260910 015224.049 INFO             PET0       MODEL: Run intro {ES}:! <typekind: Real*8> <rank:    2> <dimCount:    2>
20260910 015224.049 INFO             PET0       MODEL: Run intro {ES}:! ! --- Array::log() start -----------------------------------
20260910 015224.049 INFO             PET0       MODEL: Run intro {ES}:! ! 0x19fba10
20260910 015224.049 INFO             PET0       MODEL: Run intro {ES}:! ! <name: pmsl>
20260910 015224.049 INFO             PET0       MODEL: Run intro {ES}:! ! ! --- DistGrid::log() start --------------------------------
20260910 015224.049 INFO             PET0       MODEL: Run intro {ES}:! ! ! 0x19f74e0
20260910 015224.049 INFO             PET0       MODEL: Run intro {ES}:! ! ! DistGrid object is valid!<name: DG-Grid004-sloc:0>
20260910 015224.049 INFO             PET0       MODEL: Run intro {ES}:! ! ! --- DistGrid::log() end ----------------------------------
20260910 015224.049 INFO             PET0       MODEL: Run intro {ES}:! ! --- Array::log() end -------------------------------------
20260910 015224.049 INFO             PET0       MODEL: Run intro {ES}:!--- FieldLog() end -------------------
20260910 015224.049 INFO             PET0       MODEL: Run intro {ES}:+-<item: 0002> <itemType: Field> <itemName: rsns>
20260910 015224.049 INFO             PET0       MODEL: Run intro {ES}:!--- FieldLog() start -----------------
20260910 015224.049 INFO             PET0       MODEL: Run intro {ES}:! <name: rsns> <fieldStatus: ESMF_FIELDSTATUS_COMPLETE>
20260910 015224.049 INFO             PET0       MODEL: Run intro {ES}:! 0x7fff865ec8f0 => 0x19fd480 => 0x19fd6a0
20260910 015224.049 INFO             PET0       MODEL: Run intro {ES}:! <typekind: Real*8> <rank:    2> <dimCount:    2>
20260910 015224.049 INFO             PET0       MODEL: Run intro {ES}:! ! --- Array::log() start -----------------------------------
20260910 015224.049 INFO             PET0       MODEL: Run intro {ES}:! ! 0x19fe890
20260910 015224.049 INFO             PET0       MODEL: Run intro {ES}:! ! <name: rsns>
20260910 015224.049 INFO             PET0       MODEL: Run intro {ES}:! ! ! --- DistGrid::log() start --------------------------------
20260910 015224.049 INFO             PET0       MODEL: Run intro {ES}:! ! ! 0x19f74e0
20260910 015224.049 INFO             PET0       MODEL: Run intro {ES}:! ! ! DistGrid object is valid!<name: DG-Grid004-sloc:0>
20260910 015224.049 INFO             PET0       MODEL: Run intro {ES}:! ! ! --- DistGrid::log() end ----------------------------------
20260910 015224.049 INFO             PET0       MODEL: Run intro {ES}:! ! --- Array::log() end -------------------------------------
20260910 015224.049 INFO             PET0       MODEL: Run intro {ES}:!--- FieldLog() end -------------------
20260910 015224.049 INFO             PET0       MODEL: Run intro {ES}:--- StateLog() end -------------------
20260910 015224.049 INFO             PET0       >>>MODEL: entered Run (phase=RunPhase1) with current time:    0  1  1  0  1 30   0
20260910 015224.049 INFO             PET0       MODEL: time step-loop starting, current time:    0  1  1  0  1 30   0
20260910 015224.060 INFO             PET0       thread_num=   0   currentSsiPe=   7   num_threads=   3   max_threads=   3   num_procs=   8
20260910 015224.060 INFO             PET0       thread_num=   2   currentSsiPe=   3   num_threads=   3   max_threads=   3   num_procs=   8
20260910 015224.072 INFO             PET0       thread_num=   1   currentSsiPe=   3   num_threads=   3   max_threads=   3   num_procs=   8
20260910 015224.072 INFO             PET0       ---->Advancing Model from:    0  1  1  0  1 30   0
20260910 015224.072 INFO             PET0       ---------------------> to:    0  1  1  0  2  0   0
20260910 015224.072 INFO             PET0       MODEL: time step-loop ending,   current time:    0  1  1  0  2  0   0
20260910 015224.072 INFO             PET0       <<<MODEL: leaving Run (phase=RunPhase1) with current time:    0  1  1  0  2  0   0
20260910 015224.072 INFO             PET0       MODEL: Run extro {IS}:--- StateLog() start -----------------
20260910 015224.072 INFO             PET0       MODEL: Run extro {IS}:<name: MODEL-ImportState> <intent: ESMF_STATEINTENT_IMPORT> <itemCount:    0>
20260910 015224.072 INFO             PET0       MODEL: Run extro {IS}:--- StateLog() end -------------------
20260910 015224.072 INFO             PET0       MODEL: Run extro {ES}:--- StateLog() start -----------------
20260910 015224.072 INFO             PET0       MODEL: Run extro {ES}:<name: MODEL-ExportState> <intent: ESMF_STATEINTENT_EXPORT> <itemCount:    2>
20260910 015224.072 INFO             PET0       MODEL: Run extro {ES}:+-<item: 0001> <itemType: Field> <itemName: pmsl>
20260910 015224.072 INFO             PET0       MODEL: Run extro {ES}:!--- FieldLog() start -----------------
20260910 015224.072 INFO             PET0       MODEL: Run extro {ES}:! <name: pmsl> <fieldStatus: ESMF_FIELDSTATUS_COMPLETE>
20260910 015224.072 INFO             PET0       MODEL: Run extro {ES}:! 0x7fff865ecb90 => 0x19fa580 => 0x19fa7a0
20260910 015224.072 INFO             PET0       MODEL: Run extro {ES}:! <typekind: Real*8> <rank:    2> <dimCount:    2>
20260910 015224.072 INFO             PET0       MODEL: Run extro {ES}:! ! --- Array::log() start -----------------------------------
20260910 015224.072 INFO             PET0       MODEL: Run extro {ES}:! ! 0x19fba10
20260910 015224.072 INFO             PET0       MODEL: Run extro {ES}:! ! <name: pmsl>
20260910 015224.072 INFO             PET0       MODEL: Run extro {ES}:! ! ! --- DistGrid::log() start --------------------------------
20260910 015224.072 INFO             PET0       MODEL: Run extro {ES}:! ! ! 0x19f74e0
20260910 015224.072 INFO             PET0       MODEL: Run extro {ES}:! ! ! DistGrid object is valid!<name: DG-Grid004-sloc:0>
20260910 015224.072 INFO             PET0       MODEL: Run extro {ES}:! ! ! --- DistGrid::log() end ----------------------------------
20260910 015224.072 INFO             PET0       MODEL: Run extro {ES}:! ! --- Array::log() end -------------------------------------
20260910 015224.072 INFO             PET0       MODEL: Run extro {ES}:!--- FieldLog() end -------------------
20260910 015224.072 INFO             PET0       MODEL: Run extro {ES}:+-<item: 0002> <itemType: Field> <itemName: rsns>
20260910 015224.073 INFO             PET0       MODEL: Run extro {ES}:!--- FieldLog() start -----------------
20260910 015224.073 INFO             PET0       MODEL: Run extro {ES}:! <name: rsns> <fieldStatus: ESMF_FIELDSTATUS_COMPLETE>
20260910 015224.073 INFO             PET0       MODEL: Run extro {ES}:! 0x7fff865ecb90 => 0x19fd480 => 0x19fd6a0
20260910 015224.073 INFO             PET0       MODEL: Run extro {ES}:! <typekind: Real*8> <rank:    2> <dimCount:    2>
20260910 015224.073 INFO             PET0       MODEL: Run extro {ES}:! ! --- Array::log() start -----------------------------------
20260910 015224.073 INFO             PET0       MODEL: Run extro {ES}:! ! 0x19fe890
20260910 015224.073 INFO             PET0       MODEL: Run extro {ES}:! ! <name: rsns>
20260910 015224.073 INFO             PET0       MODEL: Run extro {ES}:! ! ! --- DistGrid::log() start --------------------------------
20260910 015224.073 INFO             PET0       MODEL: Run extro {ES}:! ! ! 0x19f74e0
20260910 015224.073 INFO             PET0       MODEL: Run extro {ES}:! ! ! DistGrid object is valid!<name: DG-Grid004-sloc:0>
20260910 015224.073 INFO             PET0       MODEL: Run extro {ES}:! ! ! --- DistGrid::log() end ----------------------------------
20260910 015224.073 INFO             PET0       MODEL: Run extro {ES}:! ! --- Array::log() end -------------------------------------
20260910 015224.073 INFO             PET0       MODEL: Run extro {ES}:!--- FieldLog() end -------------------
20260910 015224.073 INFO             PET0       MODEL: Run extro {ES}:--- StateLog() end -------------------
20260910 015224.073 INFO             PET0     MODEL: Run extro.
20260910 015224.073 INFO             PET0     driver: RunSequence event loopLevel=   1  levelMember=   1  loopIteration=   5, current time:    0  1  1  0  2  0   0
20260910 015224.073 INFO             PET0     MODEL: Run intro.
20260910 015224.073 INFO             PET0       MODEL: Run intro {IS}:--- StateLog() start -----------------
20260910 015224.073 INFO             PET0       MODEL: Run intro {IS}:<name: MODEL-ImportState> <intent: ESMF_STATEINTENT_IMPORT> <itemCount:    0>
20260910 015224.073 INFO             PET0       MODEL: Run intro {IS}:--- StateLog() end -------------------
20260910 015224.073 INFO             PET0       MODEL: Run intro {ES}:--- StateLog() start -----------------
20260910 015224.073 INFO             PET0       MODEL: Run intro {ES}:<name: MODEL-ExportState> <intent: ESMF_STATEINTENT_EXPORT> <itemCount:    2>
20260910 015224.073 INFO             PET0       MODEL: Run intro {ES}:+-<item: 0001> <itemType: Field> <itemName: pmsl>
20260910 015224.073 INFO             PET0       MODEL: Run intro {ES}:!--- FieldLog() start -----------------
20260910 015224.073 INFO             PET0       MODEL: Run intro {ES}:! <name: pmsl> <fieldStatus: ESMF_FIELDSTATUS_COMPLETE>
20260910 015224.073 INFO             PET0       MODEL: Run intro {ES}:! 0x7fff865ec8f0 => 0x19fa580 => 0x19fa7a0
20260910 015224.073 INFO             PET0       MODEL: Run intro {ES}:! <typekind: Real*8> <rank:    2> <dimCount:    2>
20260910 015224.073 INFO             PET0       MODEL: Run intro {ES}:! ! --- Array::log() start -----------------------------------
20260910 015224.073 INFO             PET0       MODEL: Run intro {ES}:! ! 0x19fba10
20260910 015224.073 INFO             PET0       MODEL: Run intro {ES}:! ! <name: pmsl>
20260910 015224.073 INFO             PET0       MODEL: Run intro {ES}:! ! ! --- DistGrid::log() start --------------------------------
20260910 015224.073 INFO             PET0       MODEL: Run intro {ES}:! ! ! 0x19f74e0
20260910 015224.073 INFO             PET0       MODEL: Run intro {ES}:! ! ! DistGrid object is valid!<name: DG-Grid004-sloc:0>
20260910 015224.073 INFO             PET0       MODEL: Run intro {ES}:! ! ! --- DistGrid::log() end ----------------------------------
20260910 015224.073 INFO             PET0       MODEL: Run intro {ES}:! ! --- Array::log() end -------------------------------------
20260910 015224.073 INFO             PET0       MODEL: Run intro {ES}:!--- FieldLog() end -------------------
20260910 015224.073 INFO             PET0       MODEL: Run intro {ES}:+-<item: 0002> <itemType: Field> <itemName: rsns>
20260910 015224.073 INFO             PET0       MODEL: Run intro {ES}:!--- FieldLog() start -----------------
20260910 015224.073 INFO             PET0       MODEL: Run intro {ES}:! <name: rsns> <fieldStatus: ESMF_FIELDSTATUS_COMPLETE>
20260910 015224.073 INFO             PET0       MODEL: Run intro {ES}:! 0x7fff865ec8f0 => 0x19fd480 => 0x19fd6a0
20260910 015224.073 INFO             PET0       MODEL: Run intro {ES}:! <typekind: Real*8> <rank:    2> <dimCount:    2>
20260910 015224.073 INFO             PET0       MODEL: Run intro {ES}:! ! --- Array::log() start -----------------------------------
20260910 015224.073 INFO             PET0       MODEL: Run intro {ES}:! ! 0x19fe890
20260910 015224.073 INFO             PET0       MODEL: Run intro {ES}:! ! <name: rsns>
20260910 015224.073 INFO             PET0       MODEL: Run intro {ES}:! ! ! --- DistGrid::log() start --------------------------------
20260910 015224.073 INFO             PET0       MODEL: Run intro {ES}:! ! ! 0x19f74e0
20260910 015224.073 INFO             PET0       MODEL: Run intro {ES}:! ! ! DistGrid object is valid!<name: DG-Grid004-sloc:0>
20260910 015224.073 INFO             PET0       MODEL: Run intro {ES}:! ! ! --- DistGrid::log() end ----------------------------------
20260910 015224.073 INFO             PET0       MODEL: Run intro {ES}:! ! --- Array::log() end -------------------------------------
20260910 015224.073 INFO             PET0       MODEL: Run intro {ES}:!--- FieldLog() end -------------------
20260910 015224.073 INFO             PET0       MODEL: Run intro {ES}:--- StateLog() end -------------------
20260910 015224.073 INFO             PET0       >>>MODEL: entered Run (phase=RunPhase1) with current time:    0  1  1  0  2  0   0
20260910 015224.073 INFO             PET0       MODEL: time step-loop starting, current time:    0  1  1  0  2  0   0
20260910 015224.084 INFO             PET0       thread_num=   0   currentSsiPe=   7   num_threads=   3   max_threads=   3   num_procs=   8
20260910 015224.084 INFO             PET0       thread_num=   2   currentSsiPe=   3   num_threads=   3   max_threads=   3   num_procs=   8
20260910 015224.096 INFO             PET0       thread_num=   1   currentSsiPe=   3   num_threads=   3   max_threads=   3   num_procs=   8
20260910 015224.096 INFO             PET0       ---->Advancing Model from:    0  1  1  0  2  0   0
20260910 015224.096 INFO             PET0       ---------------------> to:    0  1  1  0  2 30   0
20260910 015224.096 INFO             PET0       MODEL: time step-loop ending,   current time:    0  1  1  0  2 30   0
20260910 015224.096 INFO             PET0       <<<MODEL: leaving Run (phase=RunPhase1) with current time:    0  1  1  0  2 30   0
20260910 015224.096 INFO             PET0       MODEL: Run extro {IS}:--- StateLog() start -----------------
20260910 015224.096 INFO             PET0       MODEL: Run extro {IS}:<name: MODEL-ImportState> <intent: ESMF_STATEINTENT_IMPORT> <itemCount:    0>
20260910 015224.096 INFO             PET0       MODEL: Run extro {IS}:--- StateLog() end -------------------
20260910 015224.096 INFO             PET0       MODEL: Run extro {ES}:--- StateLog() start -----------------
20260910 015224.096 INFO             PET0       MODEL: Run extro {ES}:<name: MODEL-ExportState> <intent: ESMF_STATEINTENT_EXPORT> <itemCount:    2>
20260910 015224.096 INFO             PET0       MODEL: Run extro {ES}:+-<item: 0001> <itemType: Field> <itemName: pmsl>
20260910 015224.096 INFO             PET0       MODEL: Run extro {ES}:!--- FieldLog() start -----------------
20260910 015224.096 INFO             PET0       MODEL: Run extro {ES}:! <name: pmsl> <fieldStatus: ESMF_FIELDSTATUS_COMPLETE>
20260910 015224.096 INFO             PET0       MODEL: Run extro {ES}:! 0x7fff865ecb90 => 0x19fa580 => 0x19fa7a0
20260910 015224.097 INFO             PET0       MODEL: Run extro {ES}:! <typekind: Real*8> <rank:    2> <dimCount:    2>
20260910 015224.097 INFO             PET0       MODEL: Run extro {ES}:! ! --- Array::log() start -----------------------------------
20260910 015224.097 INFO             PET0       MODEL: Run extro {ES}:! ! 0x19fba10
20260910 015224.097 INFO             PET0       MODEL: Run extro {ES}:! ! <name: pmsl>
20260910 015224.097 INFO             PET0       MODEL: Run extro {ES}:! ! ! --- DistGrid::log() start --------------------------------
20260910 015224.097 INFO             PET0       MODEL: Run extro {ES}:! ! ! 0x19f74e0
20260910 015224.097 INFO             PET0       MODEL: Run extro {ES}:! ! ! DistGrid object is valid!<name: DG-Grid004-sloc:0>
20260910 015224.097 INFO             PET0       MODEL: Run extro {ES}:! ! ! --- DistGrid::log() end ----------------------------------
20260910 015224.097 INFO             PET0       MODEL: Run extro {ES}:! ! --- Array::log() end -------------------------------------
20260910 015224.097 INFO             PET0       MODEL: Run extro {ES}:!--- FieldLog() end -------------------
20260910 015224.097 INFO             PET0       MODEL: Run extro {ES}:+-<item: 0002> <itemType: Field> <itemName: rsns>
20260910 015224.097 INFO             PET0       MODEL: Run extro {ES}:!--- FieldLog() start -----------------
20260910 015224.097 INFO             PET0       MODEL: Run extro {ES}:! <name: rsns> <fieldStatus: ESMF_FIELDSTATUS_COMPLETE>
20260910 015224.097 INFO             PET0       MODEL: Run extro {ES}:! 0x7fff865ecb90 => 0x19fd480 => 0x19fd6a0
20260910 015224.097 INFO             PET0       MODEL: Run extro {ES}:! <typekind: Real*8> <rank:    2> <dimCount:    2>
20260910 015224.097 INFO             PET0       MODEL: Run extro {ES}:! ! --- Array::log() start -----------------------------------
20260910 015224.097 INFO             PET0       MODEL: Run extro {ES}:! ! 0x19fe890
20260910 015224.097 INFO             PET0       MODEL: Run extro {ES}:! ! <name: rsns>
20260910 015224.097 INFO             PET0       MODEL: Run extro {ES}:! ! ! --- DistGrid::log() start --------------------------------
20260910 015224.097 INFO             PET0       MODEL: Run extro {ES}:! ! ! 0x19f74e0
20260910 015224.097 INFO             PET0       MODEL: Run extro {ES}:! ! ! DistGrid object is valid!<name: DG-Grid004-sloc:0>
20260910 015224.097 INFO             PET0       MODEL: Run extro {ES}:! ! ! --- DistGrid::log() end ----------------------------------
20260910 015224.097 INFO             PET0       MODEL: Run extro {ES}:! ! --- Array::log() end -------------------------------------
20260910 015224.097 INFO             PET0       MODEL: Run extro {ES}:!--- FieldLog() end -------------------
20260910 015224.097 INFO             PET0       MODEL: Run extro {ES}:--- StateLog() end -------------------
20260910 015224.097 INFO             PET0     MODEL: Run extro.
20260910 015224.097 INFO             PET0   driver: end <--------- RunSequence
20260910 015224.097 INFO             PET0   <<<driver: leaving Run (phase=RunPhase1) with current time:    0  1  1  0  2 30   0
20260910 015224.097 INFO             PET0   driver: Run extro {IS}:--- StateLog() start -----------------
20260910 015224.097 INFO             PET0   driver: Run extro {IS}:State object is invalid! Not created or deleted!
20260910 015224.097 INFO             PET0   driver: Run extro {IS}:--- StateLog() end -------------------
20260910 015224.097 INFO             PET0   driver: Run extro {ES}:--- StateLog() start -----------------
20260910 015224.097 INFO             PET0   driver: Run extro {ES}:State object is invalid! Not created or deleted!
20260910 015224.097 INFO             PET0   driver: Run extro {ES}:--- StateLog() end -------------------
20260910 015224.097 INFO             PET0 driver: Run extro.
20260910 015224.097 INFO             PET0 driver: Finalize intro.
20260910 015224.097 INFO             PET0   driver: Finalize intro {IS}:--- StateLog() start -----------------
20260910 015224.097 INFO             PET0   driver: Finalize intro {IS}:State object is invalid! Not created or deleted!
20260910 015224.097 INFO             PET0   driver: Finalize intro {IS}:--- StateLog() end -------------------
20260910 015224.097 INFO             PET0   driver: Finalize intro {ES}:--- StateLog() start -----------------
20260910 015224.097 INFO             PET0   driver: Finalize intro {ES}:State object is invalid! Not created or deleted!
20260910 015224.097 INFO             PET0   driver: Finalize intro {ES}:--- StateLog() end -------------------
20260910 015224.097 INFO             PET0   >>>driver: entered Finalize (phase=FinalizePhase1) with current time:    0  1  1  0  2 30   0
20260910 015224.097 INFO             PET0   Calling Finalize phase 1 for modelComp: MODEL
20260910 015224.097 INFO             PET0   MODEL: Finalize intro.
20260910 015224.097 INFO             PET0     MODEL: Finalize intro {IS}:--- StateLog() start -----------------
20260910 015224.097 INFO             PET0     MODEL: Finalize intro {IS}:<name: MODEL-ImportState> <intent: ESMF_STATEINTENT_IMPORT> <itemCount:    0>
20260910 015224.097 INFO             PET0     MODEL: Finalize intro {IS}:--- StateLog() end -------------------
20260910 015224.097 INFO             PET0     MODEL: Finalize intro {ES}:--- StateLog() start -----------------
20260910 015224.097 INFO             PET0     MODEL: Finalize intro {ES}:<name: MODEL-ExportState> <intent: ESMF_STATEINTENT_EXPORT> <itemCount:    2>
20260910 015224.097 INFO             PET0     MODEL: Finalize intro {ES}:+-<item: 0001> <itemType: Field> <itemName: pmsl>
20260910 015224.097 INFO             PET0     MODEL: Finalize intro {ES}:!--- FieldLog() start -----------------
20260910 015224.097 INFO             PET0     MODEL: Finalize intro {ES}:! <name: pmsl> <fieldStatus: ESMF_FIELDSTATUS_COMPLETE>
20260910 015224.097 INFO             PET0     MODEL: Finalize intro {ES}:! 0x7fff865ed1e0 => 0x19fa580 => 0x19fa7a0
20260910 015224.097 INFO             PET0     MODEL: Finalize intro {ES}:! <typekind: Real*8> <rank:    2> <dimCount:    2>
20260910 015224.097 INFO             PET0     MODEL: Finalize intro {ES}:! ! --- Array::log() start -----------------------------------
20260910 015224.097 INFO             PET0     MODEL: Finalize intro {ES}:! ! 0x19fba10
20260910 015224.097 INFO             PET0     MODEL: Finalize intro {ES}:! ! <name: pmsl>
20260910 015224.097 INFO             PET0     MODEL: Finalize intro {ES}:! ! ! --- DistGrid::log() start --------------------------------
20260910 015224.097 INFO             PET0     MODEL: Finalize intro {ES}:! ! ! 0x19f74e0
20260910 015224.097 INFO             PET0     MODEL: Finalize intro {ES}:! ! ! DistGrid object is valid!<name: DG-Grid004-sloc:0>
20260910 015224.097 INFO             PET0     MODEL: Finalize intro {ES}:! ! ! --- DistGrid::log() end ----------------------------------
20260910 015224.097 INFO             PET0     MODEL: Finalize intro {ES}:! ! --- Array::log() end -------------------------------------
20260910 015224.097 INFO             PET0     MODEL: Finalize intro {ES}:!--- FieldLog() end -------------------
20260910 015224.097 INFO             PET0     MODEL: Finalize intro {ES}:+-<item: 0002> <itemType: Field> <itemName: rsns>
20260910 015224.097 INFO             PET0     MODEL: Finalize intro {ES}:!--- FieldLog() start -----------------
20260910 015224.097 INFO             PET0     MODEL: Finalize intro {ES}:! <name: rsns> <fieldStatus: ESMF_FIELDSTATUS_COMPLETE>
20260910 015224.097 INFO             PET0     MODEL: Finalize intro {ES}:! 0x7fff865ed1e0 => 0x19fd480 => 0x19fd6a0
20260910 015224.097 INFO             PET0     MODEL: Finalize intro {ES}:! <typekind: Real*8> <rank:    2> <dimCount:    2>
20260910 015224.097 INFO             PET0     MODEL: Finalize intro {ES}:! ! --- Array::log() start -----------------------------------
20260910 015224.097 INFO             PET0     MODEL: Finalize intro {ES}:! ! 0x19fe890
20260910 015224.097 INFO             PET0     MODEL: Finalize intro {ES}:! ! <name: rsns>
20260910 015224.097 INFO             PET0     MODEL: Finalize intro {ES}:! ! ! --- DistGrid::log() start --------------------------------
20260910 015224.097 INFO             PET0     MODEL: Finalize intro {ES}:! ! ! 0x19f74e0
20260910 015224.097 INFO             PET0     MODEL: Finalize intro {ES}:! ! ! DistGrid object is valid!<name: DG-Grid004-sloc:0>
20260910 015224.097 INFO             PET0     MODEL: Finalize intro {ES}:! ! ! --- DistGrid::log() end ----------------------------------
20260910 015224.097 INFO             PET0     MODEL: Finalize intro {ES}:! ! --- Array::log() end -------------------------------------
20260910 015224.097 INFO             PET0     MODEL: Finalize intro {ES}:!--- FieldLog() end -------------------
20260910 015224.097 INFO             PET0     MODEL: Finalize intro {ES}:--- StateLog() end -------------------
20260910 015224.097 INFO             PET0     >>>MODEL: entered Finalize (phase=FinalizePhase1) with current time:    0  1  1  0  2 30   0
20260910 015224.097 INFO             PET0     <<<MODEL: leaving Finalize (phase=FinalizePhase1) with current time:    0  1  1  0  2 30   0
20260910 015224.097 INFO             PET0   MODEL: Finalize extro.
20260910 015224.097 INFO             PET0   Delete modelComp: MODEL
20260910 015224.097 INFO             PET0   Delete Import-/Export State for modelComp: MODEL
20260910 015224.098 INFO             PET0   <<<driver: leaving Finalize (phase=FinalizePhase1) with current time:    0  1  1  0  2 30   0
20260910 015224.098 INFO             PET0 driver: Finalize extro.
20260910 015224.098 INFO             PET0 mainApp FINISHED
20260910 015224.098 INFO             PET0  Finalizing ESMF
20260910 015223.955 INFO             PET1 !!!!!!!!!!!!!!!!!!!!!!!!!!!!!!!!!!!!!!!!!!!!!!!!!!!!!!
20260910 015223.955 INFO             PET1 !!! THE ESMF_LOG IS SET TO OUTPUT ALL LOG MESSAGES !!!
20260910 015223.955 INFO             PET1 !!!     THIS MAY CAUSE SLOWDOWN IN PERFORMANCE     !!!
20260910 015223.955 INFO             PET1 !!! FOR PRODUCTION RUNS, USE:                      !!!
20260910 015223.955 INFO             PET1 !!!                   ESMF_LOGKIND_Multi_On_Error  !!!
20260910 015223.955 INFO             PET1 !!!!!!!!!!!!!!!!!!!!!!!!!!!!!!!!!!!!!!!!!!!!!!!!!!!!!!
20260910 015223.955 INFO             PET1 Running with ESMF Version   : develop+gc12f7f42f7
20260910 015223.955 INFO             PET1 ESMF library build date/time: "Sep 10 2026" "01:29:06"
20260910 015223.955 INFO             PET1 ESMF library build location : /home/gerhard/ESMF-Nightly-Testing/gfortran_7.4.0_mpich_O_develop/esmf
20260910 015223.955 INFO             PET1 ESMF_COMM                   : mpich
20260910 015223.955 INFO             PET1 ESMF_MOAB                   : enabled
20260910 015223.955 INFO             PET1 ESMF_LAPACK                 : enabled
20260910 015223.955 INFO             PET1 ESMF_NETCDF                 : enabled
20260910 015223.955 INFO             PET1 ESMF_PNETCDF                : disabled
20260910 015223.955 INFO             PET1 ESMF_PIO                    : enabled
20260910 015223.955 INFO             PET1 ESMF_YAMLCPP                : enabled
20260910 015223.955 INFO             PET1 mainApp STARTING
20260910 015223.958 INFO             PET1 driver: InitializeGeneric intro.
20260910 015223.958 INFO             PET1   driver: InitializeGeneric intro {IS}:--- StateLog() start -----------------
20260910 015223.958 INFO             PET1   driver: InitializeGeneric intro {IS}:State object is invalid! Not created or deleted!
20260910 015223.958 INFO             PET1   driver: InitializeGeneric intro {IS}:--- StateLog() end -------------------
20260910 015223.958 INFO             PET1   driver: InitializeGeneric intro {ES}:--- StateLog() start -----------------
20260910 015223.958 INFO             PET1   driver: InitializeGeneric intro {ES}:State object is invalid! Not created or deleted!
20260910 015223.958 INFO             PET1   driver: InitializeGeneric intro {ES}:--- StateLog() end -------------------
20260910 015223.958 INFO             PET1   >>>driver: entered Initialize (phase=<none>) without valid internal Clock.
20260910 015223.958 INFO             PET1   driver: InitializeP0 intro.
20260910 015223.958 INFO             PET1     driver: InitializeP0 intro {IS}:--- StateLog() start -----------------
20260910 015223.958 INFO             PET1     driver: InitializeP0 intro {IS}:State object is invalid! Not created or deleted!
20260910 015223.958 INFO             PET1     driver: InitializeP0 intro {IS}:--- StateLog() end -------------------
20260910 015223.958 INFO             PET1     driver: InitializeP0 intro {ES}:--- StateLog() start -----------------
20260910 015223.958 INFO             PET1     driver: InitializeP0 intro {ES}:State object is invalid! Not created or deleted!
20260910 015223.958 INFO             PET1     driver: InitializeP0 intro {ES}:--- StateLog() end -------------------
20260910 015223.958 INFO             PET1     >>>driver: entered Initialize (phase=<none>) without valid internal Clock.
20260910 015223.958 INFO             PET1     <<<driver: leaving Initialize (phase=<none>) without valid internal Clock.
20260910 015223.958 INFO             PET1     driver: InitializeP0 extro {IS}:--- StateLog() start -----------------
20260910 015223.958 INFO             PET1     driver: InitializeP0 extro {IS}:State object is invalid! Not created or deleted!
20260910 015223.958 INFO             PET1     driver: InitializeP0 extro {IS}:--- StateLog() end -------------------
20260910 015223.958 INFO             PET1     driver: InitializeP0 extro {ES}:--- StateLog() start -----------------
20260910 015223.958 INFO             PET1     driver: InitializeP0 extro {ES}:State object is invalid! Not created or deleted!
20260910 015223.958 INFO             PET1     driver: InitializeP0 extro {ES}:--- StateLog() end -------------------
20260910 015223.958 INFO             PET1   driver: InitializeP0 extro.
20260910 015223.959 INFO             PET1   driver: InitializeIPDv02p1 intro.
20260910 015223.959 INFO             PET1     driver: InitializeIPDv02p1 intro {IS}:--- StateLog() start -----------------
20260910 015223.959 INFO             PET1     driver: InitializeIPDv02p1 intro {IS}:State object is invalid! Not created or deleted!
20260910 015223.959 INFO             PET1     driver: InitializeIPDv02p1 intro {IS}:--- StateLog() end -------------------
20260910 015223.959 INFO             PET1     driver: InitializeIPDv02p1 intro {ES}:--- StateLog() start -----------------
20260910 015223.959 INFO             PET1     driver: InitializeIPDv02p1 intro {ES}:State object is invalid! Not created or deleted!
20260910 015223.959 INFO             PET1     driver: InitializeIPDv02p1 intro {ES}:--- StateLog() end -------------------
20260910 015223.959 INFO             PET1     >>>driver: entered Initialize (phase=<none>) without valid internal Clock.
20260910 015223.959 INFO             PET1     driver - Creating model component MODEL without petList.
20260910 015223.961 INFO             PET1      GridCompIsPetLocal:  T
20260910 015223.961 INFO             PET1      VmIsCreated:  T
20260910 015223.961 INFO             PET1      valid MPI_COMM with size=           4
20260910 015223.961 INFO             PET1     driver - Creating state: modelComp 1 Import State
20260910 015223.961 INFO             PET1     driver - Creating state: modelComp 1 Export State
20260910 015223.961 INFO             PET1     MODEL: InitializeP0 intro.
20260910 015223.962 INFO             PET1       MODEL: InitializeP0 intro {IS}:--- StateLog() start -----------------
20260910 015223.962 INFO             PET1       MODEL: InitializeP0 intro {IS}:<name: MODEL-ImportState> <intent: ESMF_STATEINTENT_IMPORT> <itemCount:    0>
20260910 015223.962 INFO             PET1       MODEL: InitializeP0 intro {IS}:--- StateLog() end -------------------
20260910 015223.962 INFO             PET1       MODEL: InitializeP0 intro {ES}:--- StateLog() start -----------------
20260910 015223.962 INFO             PET1       MODEL: InitializeP0 intro {ES}:<name: MODEL-ExportState> <intent: ESMF_STATEINTENT_EXPORT> <itemCount:    0>
20260910 015223.962 INFO             PET1       MODEL: InitializeP0 intro {ES}:--- StateLog() end -------------------
20260910 015223.962 INFO             PET1       >>>MODEL: entered Initialize (phase=<none>) without valid internal Clock.
20260910 015223.962 INFO             PET1       <<<MODEL: leaving Initialize (phase=<none>) without valid internal Clock.
20260910 015223.962 INFO             PET1       MODEL: InitializeP0 extro {IS}:--- StateLog() start -----------------
20260910 015223.962 INFO             PET1       MODEL: InitializeP0 extro {IS}:<name: MODEL-ImportState> <intent: ESMF_STATEINTENT_IMPORT> <itemCount:    0>
20260910 015223.962 INFO             PET1       MODEL: InitializeP0 extro {IS}:--- StateLog() end -------------------
20260910 015223.962 INFO             PET1       MODEL: InitializeP0 extro {ES}:--- StateLog() start -----------------
20260910 015223.962 INFO             PET1       MODEL: InitializeP0 extro {ES}:<name: MODEL-ExportState> <intent: ESMF_STATEINTENT_EXPORT> <itemCount:    0>
20260910 015223.962 INFO             PET1       MODEL: InitializeP0 extro {ES}:--- StateLog() end -------------------
20260910 015223.962 INFO             PET1     MODEL: InitializeP0 extro.
20260910 015223.963 INFO             PET1     driver: IInitAdvertise intro.
20260910 015223.963 INFO             PET1       driver: IInitAdvertise intro {IS}:--- StateLog() start -----------------
20260910 015223.963 INFO             PET1       driver: IInitAdvertise intro {IS}:State object is invalid! Not created or deleted!
20260910 015223.963 INFO             PET1       driver: IInitAdvertise intro {IS}:--- StateLog() end -------------------
20260910 015223.963 INFO             PET1       driver: IInitAdvertise intro {ES}:--- StateLog() start -----------------
20260910 015223.963 INFO             PET1       driver: IInitAdvertise intro {ES}:State object is invalid! Not created or deleted!
20260910 015223.963 INFO             PET1       driver: IInitAdvertise intro {ES}:--- StateLog() end -------------------
20260910 015223.963 INFO             PET1       >>>driver: entered Initialize (phase=<none>) with current time:    0  1  1  0  0  0   0
20260910 015223.963 INFO             PET1       <<<driver: leaving Initialize (phase=<none>) with current time:    0  1  1  0  0  0   0
20260910 015223.963 INFO             PET1       driver: IInitAdvertise extro {IS}:--- StateLog() start -----------------
20260910 015223.963 INFO             PET1       driver: IInitAdvertise extro {IS}:State object is invalid! Not created or deleted!
20260910 015223.963 INFO             PET1       driver: IInitAdvertise extro {IS}:--- StateLog() end -------------------
20260910 015223.963 INFO             PET1       driver: IInitAdvertise extro {ES}:--- StateLog() start -----------------
20260910 015223.963 INFO             PET1       driver: IInitAdvertise extro {ES}:State object is invalid! Not created or deleted!
20260910 015223.963 INFO             PET1       driver: IInitAdvertise extro {ES}:--- StateLog() end -------------------
20260910 015223.963 INFO             PET1     driver: IInitAdvertise extro.
20260910 015223.963 INFO             PET1     MODEL: InitializeIPDvXp01 intro.
20260910 015223.963 INFO             PET1       MODEL: InitializeIPDvXp01 intro {IS}:--- StateLog() start -----------------
20260910 015223.963 INFO             PET1       MODEL: InitializeIPDvXp01 intro {IS}:<name: MODEL-ImportState> <intent: ESMF_STATEINTENT_IMPORT> <itemCount:    0>
20260910 015223.963 INFO             PET1       MODEL: InitializeIPDvXp01 intro {IS}:--- StateLog() end -------------------
20260910 015223.963 INFO             PET1       MODEL: InitializeIPDvXp01 intro {ES}:--- StateLog() start -----------------
20260910 015223.963 INFO             PET1       MODEL: InitializeIPDvXp01 intro {ES}:<name: MODEL-ExportState> <intent: ESMF_STATEINTENT_EXPORT> <itemCount:    0>
20260910 015223.963 INFO             PET1       MODEL: InitializeIPDvXp01 intro {ES}:--- StateLog() end -------------------
20260910 015223.963 INFO             PET1       >>>MODEL: entered Initialize (phase=IPDvXp01) without valid internal Clock.
20260910 015223.964 INFO             PET1       <<<MODEL: leaving Initialize (phase=IPDvXp01) without valid internal Clock.
20260910 015223.965 INFO             PET1       MODEL: InitializeIPDvXp01 extro {IS}:--- StateLog() start -----------------
20260910 015223.965 INFO             PET1       MODEL: InitializeIPDvXp01 extro {IS}:<name: MODEL-ImportState> <intent: ESMF_STATEINTENT_IMPORT> <itemCount:    0>
20260910 015223.965 INFO             PET1       MODEL: InitializeIPDvXp01 extro {IS}:--- StateLog() end -------------------
20260910 015223.965 INFO             PET1       MODEL: InitializeIPDvXp01 extro {ES}:--- StateLog() start -----------------
20260910 015223.965 INFO             PET1       MODEL: InitializeIPDvXp01 extro {ES}:<name: MODEL-ExportState> <intent: ESMF_STATEINTENT_EXPORT> <itemCount:    2>
20260910 015223.965 INFO             PET1       MODEL: InitializeIPDvXp01 extro {ES}:+-<item: 0001> <itemType: Field> <itemName: pmsl>
20260910 015223.965 INFO             PET1       MODEL: InitializeIPDvXp01 extro {ES}:!--- FieldLog() start -----------------
20260910 015223.965 INFO             PET1       MODEL: InitializeIPDvXp01 extro {ES}:! <name: pmsl> <fieldStatus: ESMF_FIELDSTATUS_EMPTY>
20260910 015223.965 INFO             PET1       MODEL: InitializeIPDvXp01 extro {ES}:! 0x7fff5b8cced0 => 0x98a2a0 => 0x991750
20260910 015223.965 INFO             PET1       MODEL: InitializeIPDvXp01 extro {ES}:!--- FieldLog() end -------------------
20260910 015223.965 INFO             PET1       MODEL: InitializeIPDvXp01 extro {ES}:+-<item: 0002> <itemType: Field> <itemName: rsns>
20260910 015223.965 INFO             PET1       MODEL: InitializeIPDvXp01 extro {ES}:!--- FieldLog() start -----------------
20260910 015223.965 INFO             PET1       MODEL: InitializeIPDvXp01 extro {ES}:! <name: rsns> <fieldStatus: ESMF_FIELDSTATUS_EMPTY>
20260910 015223.965 INFO             PET1       MODEL: InitializeIPDvXp01 extro {ES}:! 0x7fff5b8cced0 => 0x9958f0 => 0x995b10
20260910 015223.965 INFO             PET1       MODEL: InitializeIPDvXp01 extro {ES}:!--- FieldLog() end -------------------
20260910 015223.965 INFO             PET1       MODEL: InitializeIPDvXp01 extro {ES}:--- StateLog() end -------------------
20260910 015223.965 INFO             PET1     MODEL: InitializeIPDvXp01 extro.
20260910 015223.965 INFO             PET1     driver: IInitAdvertiseFinish intro.
20260910 015223.965 INFO             PET1       driver: IInitAdvertiseFinish intro {IS}:--- StateLog() start -----------------
20260910 015223.965 INFO             PET1       driver: IInitAdvertiseFinish intro {IS}:State object is invalid! Not created or deleted!
20260910 015223.965 INFO             PET1       driver: IInitAdvertiseFinish intro {IS}:--- StateLog() end -------------------
20260910 015223.965 INFO             PET1       driver: IInitAdvertiseFinish intro {ES}:--- StateLog() start -----------------
20260910 015223.965 INFO             PET1       driver: IInitAdvertiseFinish intro {ES}:State object is invalid! Not created or deleted!
20260910 015223.965 INFO             PET1       driver: IInitAdvertiseFinish intro {ES}:--- StateLog() end -------------------
20260910 015223.965 INFO             PET1       >>>driver: entered Initialize (phase=<none>) with current time:    0  1  1  0  0  0   0
20260910 015223.966 INFO             PET1       <<<driver: leaving Initialize (phase=<none>) with current time:    0  1  1  0  0  0   0
20260910 015223.966 INFO             PET1       driver: IInitAdvertiseFinish extro {IS}:--- StateLog() start -----------------
20260910 015223.966 INFO             PET1       driver: IInitAdvertiseFinish extro {IS}:State object is invalid! Not created or deleted!
20260910 015223.966 INFO             PET1       driver: IInitAdvertiseFinish extro {IS}:--- StateLog() end -------------------
20260910 015223.966 INFO             PET1       driver: IInitAdvertiseFinish extro {ES}:--- StateLog() start -----------------
20260910 015223.966 INFO             PET1       driver: IInitAdvertiseFinish extro {ES}:State object is invalid! Not created or deleted!
20260910 015223.966 INFO             PET1       driver: IInitAdvertiseFinish extro {ES}:--- StateLog() end -------------------
20260910 015223.966 INFO             PET1     driver: IInitAdvertiseFinish extro.
20260910 015223.966 INFO             PET1     driver: IInitModifyCplLists intro.
20260910 015223.966 INFO             PET1       driver: IInitModifyCplLists intro {IS}:--- StateLog() start -----------------
20260910 015223.966 INFO             PET1       driver: IInitModifyCplLists intro {IS}:State object is invalid! Not created or deleted!
20260910 015223.966 INFO             PET1       driver: IInitModifyCplLists intro {IS}:--- StateLog() end -------------------
20260910 015223.966 INFO             PET1       driver: IInitModifyCplLists intro {ES}:--- StateLog() start -----------------
20260910 015223.966 INFO             PET1       driver: IInitModifyCplLists intro {ES}:State object is invalid! Not created or deleted!
20260910 015223.966 INFO             PET1       driver: IInitModifyCplLists intro {ES}:--- StateLog() end -------------------
20260910 015223.966 INFO             PET1       >>>driver: entered Initialize (phase=<none>) with current time:    0  1  1  0  0  0   0
20260910 015223.966 INFO             PET1       <<<driver: leaving Initialize (phase=<none>) with current time:    0  1  1  0  0  0   0
20260910 015223.966 INFO             PET1       driver: IInitModifyCplLists extro {IS}:--- StateLog() start -----------------
20260910 015223.966 INFO             PET1       driver: IInitModifyCplLists extro {IS}:State object is invalid! Not created or deleted!
20260910 015223.966 INFO             PET1       driver: IInitModifyCplLists extro {IS}:--- StateLog() end -------------------
20260910 015223.966 INFO             PET1       driver: IInitModifyCplLists extro {ES}:--- StateLog() start -----------------
20260910 015223.966 INFO             PET1       driver: IInitModifyCplLists extro {ES}:State object is invalid! Not created or deleted!
20260910 015223.966 INFO             PET1       driver: IInitModifyCplLists extro {ES}:--- StateLog() end -------------------
20260910 015223.966 INFO             PET1     driver: IInitModifyCplLists extro.
20260910 015223.966 INFO             PET1     <<<driver: leaving Initialize (phase=<none>) with current time:    0  1  1  0  0  0   0
20260910 015223.966 INFO             PET1     driver: InitializeIPDv02p1 extro {IS}:--- StateLog() start -----------------
20260910 015223.966 INFO             PET1     driver: InitializeIPDv02p1 extro {IS}:State object is invalid! Not created or deleted!
20260910 015223.966 INFO             PET1     driver: InitializeIPDv02p1 extro {IS}:--- StateLog() end -------------------
20260910 015223.966 INFO             PET1     driver: InitializeIPDv02p1 extro {ES}:--- StateLog() start -----------------
20260910 015223.966 INFO             PET1     driver: InitializeIPDv02p1 extro {ES}:State object is invalid! Not created or deleted!
20260910 015223.966 INFO             PET1     driver: InitializeIPDv02p1 extro {ES}:--- StateLog() end -------------------
20260910 015223.966 INFO             PET1   driver: InitializeIPDv02p1 extro.
20260910 015223.966 INFO             PET1   driver: InitializeIPDv02p3 intro.
20260910 015223.966 INFO             PET1     driver: InitializeIPDv02p3 intro {IS}:--- StateLog() start -----------------
20260910 015223.966 INFO             PET1     driver: InitializeIPDv02p3 intro {IS}:State object is invalid! Not created or deleted!
20260910 015223.966 INFO             PET1     driver: InitializeIPDv02p3 intro {IS}:--- StateLog() end -------------------
20260910 015223.966 INFO             PET1     driver: InitializeIPDv02p3 intro {ES}:--- StateLog() start -----------------
20260910 015223.966 INFO             PET1     driver: InitializeIPDv02p3 intro {ES}:State object is invalid! Not created or deleted!
20260910 015223.966 INFO             PET1     driver: InitializeIPDv02p3 intro {ES}:--- StateLog() end -------------------
20260910 015223.966 INFO             PET1     >>>driver: entered Initialize (phase=<none>) with current time:    0  1  1  0  0  0   0
20260910 015223.966 INFO             PET1     driver: IInitCheck intro.
20260910 015223.966 INFO             PET1       driver: IInitCheck intro {IS}:--- StateLog() start -----------------
20260910 015223.966 INFO             PET1       driver: IInitCheck intro {IS}:State object is invalid! Not created or deleted!
20260910 015223.966 INFO             PET1       driver: IInitCheck intro {IS}:--- StateLog() end -------------------
20260910 015223.966 INFO             PET1       driver: IInitCheck intro {ES}:--- StateLog() start -----------------
20260910 015223.966 INFO             PET1       driver: IInitCheck intro {ES}:State object is invalid! Not created or deleted!
20260910 015223.966 INFO             PET1       driver: IInitCheck intro {ES}:--- StateLog() end -------------------
20260910 015223.966 INFO             PET1       >>>driver: entered Initialize (phase=<none>) with current time:    0  1  1  0  0  0   0
20260910 015223.966 INFO             PET1       <<<driver: leaving Initialize (phase=<none>) with current time:    0  1  1  0  0  0   0
20260910 015223.966 INFO             PET1       driver: IInitCheck extro {IS}:--- StateLog() start -----------------
20260910 015223.966 INFO             PET1       driver: IInitCheck extro {IS}:State object is invalid! Not created or deleted!
20260910 015223.966 INFO             PET1       driver: IInitCheck extro {IS}:--- StateLog() end -------------------
20260910 015223.966 INFO             PET1       driver: IInitCheck extro {ES}:--- StateLog() start -----------------
20260910 015223.966 INFO             PET1       driver: IInitCheck extro {ES}:State object is invalid! Not created or deleted!
20260910 015223.966 INFO             PET1       driver: IInitCheck extro {ES}:--- StateLog() end -------------------
20260910 015223.966 INFO             PET1     driver: IInitCheck extro.
20260910 015223.967 INFO             PET1     MODEL: InitializeIPDvXp04 intro.
20260910 015223.967 INFO             PET1       MODEL: InitializeIPDvXp04 intro {IS}:--- StateLog() start -----------------
20260910 015223.967 INFO             PET1       MODEL: InitializeIPDvXp04 intro {IS}:<name: MODEL-ImportState> <intent: ESMF_STATEINTENT_IMPORT> <itemCount:    0>
20260910 015223.967 INFO             PET1       MODEL: InitializeIPDvXp04 intro {IS}:--- StateLog() end -------------------
20260910 015223.967 INFO             PET1       MODEL: InitializeIPDvXp04 intro {ES}:--- StateLog() start -----------------
20260910 015223.967 INFO             PET1       MODEL: InitializeIPDvXp04 intro {ES}:<name: MODEL-ExportState> <intent: ESMF_STATEINTENT_EXPORT> <itemCount:    2>
20260910 015223.967 INFO             PET1       MODEL: InitializeIPDvXp04 intro {ES}:+-<item: 0001> <itemType: Field> <itemName: pmsl>
20260910 015223.967 INFO             PET1       MODEL: InitializeIPDvXp04 intro {ES}:!--- FieldLog() start -----------------
20260910 015223.967 INFO             PET1       MODEL: InitializeIPDvXp04 intro {ES}:! <name: pmsl> <fieldStatus: ESMF_FIELDSTATUS_EMPTY>
20260910 015223.967 INFO             PET1       MODEL: InitializeIPDvXp04 intro {ES}:! 0x7fff5b8ce370 => 0x98a2a0 => 0x991750
20260910 015223.967 INFO             PET1       MODEL: InitializeIPDvXp04 intro {ES}:!--- FieldLog() end -------------------
20260910 015223.967 INFO             PET1       MODEL: InitializeIPDvXp04 intro {ES}:+-<item: 0002> <itemType: Field> <itemName: rsns>
20260910 015223.967 INFO             PET1       MODEL: InitializeIPDvXp04 intro {ES}:!--- FieldLog() start -----------------
20260910 015223.967 INFO             PET1       MODEL: InitializeIPDvXp04 intro {ES}:! <name: rsns> <fieldStatus: ESMF_FIELDSTATUS_EMPTY>
20260910 015223.967 INFO             PET1       MODEL: InitializeIPDvXp04 intro {ES}:! 0x7fff5b8ce370 => 0x9958f0 => 0x995b10
20260910 015223.967 INFO             PET1       MODEL: InitializeIPDvXp04 intro {ES}:!--- FieldLog() end -------------------
20260910 015223.967 INFO             PET1       MODEL: InitializeIPDvXp04 intro {ES}:--- StateLog() end -------------------
20260910 015223.967 INFO             PET1       >>>MODEL: entered Initialize (phase=IPDvXp04) without valid internal Clock.
20260910 015223.968 INFO             PET1       After Realize: - MemInfo: [/proc/meminfo - SSI]	MemTotal:        7836652 kB
20260910 015223.968 INFO             PET1       After Realize: - MemInfo: [/proc/meminfo - SSI]	MemFree:         4020400 kB
20260910 015223.968 INFO             PET1       After Realize: - MemInfo: [/proc/meminfo - SSI]	MemAvailable:    6349312 kB
20260910 015223.968 INFO             PET1       After Realize: - MemInfo: [/proc/meminfo - SSI]	Committed_AS:    7446560 kB
20260910 015223.968 INFO             PET1       After Realize: - MemInfo: [/proc/meminfo - SSI]	CommittedPercent: 95.0222 %
20260910 015223.968 INFO             PET1       After Realize: - MemInfo: [/proc/self/status]	VmPeak:	  108440 kB
20260910 015223.968 INFO             PET1       After Realize: - MemInfo: [/proc/self/status]	VmSize:	  108440 kB
20260910 015223.968 INFO             PET1       After Realize: - MemInfo: [/proc/self/status]	VmLck:	       0 kB
20260910 015223.968 INFO             PET1       After Realize: - MemInfo: [/proc/self/status]	VmPin:	       0 kB
20260910 015223.968 INFO             PET1       After Realize: - MemInfo: [/proc/self/status]	VmHWM:	   28296 kB
20260910 015223.968 INFO             PET1       After Realize: - MemInfo: [/proc/self/status]	VmRSS:	   28296 kB
20260910 015223.968 INFO             PET1       After Realize: - MemInfo: [/proc/self/status]	VmData:	   10120 kB
20260910 015223.968 INFO             PET1       After Realize: - MemInfo: [/proc/self/status]	VmStk:	     136 kB
20260910 015223.968 INFO             PET1       After Realize: - MemInfo: [/proc/self/status]	VmExe:	     180 kB
20260910 015223.968 INFO             PET1       After Realize: - MemInfo: [/proc/self/status]	VmLib:	   41452 kB
20260910 015223.968 INFO             PET1       After Realize: - MemInfo: [/proc/self/status]	VmPTE:	     228 kB
20260910 015223.968 INFO             PET1       After Realize: - MemInfo: [/proc/self/status]	VmSwap:	       0 kB
20260910 015223.968 INFO             PET1       After Realize: - MemInfo: [/proc/self/status]	VmRSSPercent: 0.361073 %
20260910 015223.968 INFO             PET1       After Realize: - MemInfo: [malloc] Non-mmapped space allocated:                 1024000 Byte
20260910 015223.968 INFO             PET1       After Realize: - MemInfo: [malloc] Space allocated in mmapped regions:          6012928 Byte
20260910 015223.968 INFO             PET1       After Realize: - MemInfo: [malloc] Maximum total allocated space:                     0 Byte
20260910 015223.968 INFO             PET1       After Realize: - MemInfo: [malloc] Space in freed fastbin blocks:                   480 Byte
20260910 015223.968 INFO             PET1       After Realize: - MemInfo: [malloc] Total allocated space:                        902176 Byte
20260910 015223.968 INFO             PET1       After Realize: - MemInfo: [malloc] Total free space:                             121824 Byte
20260910 015223.968 INFO             PET1       After Realize: - MemInfo: [malloc] Top-most, releasable space:                   121344 Byte
20260910 015223.968 INFO             PET1       After Realize: - MemInfo: [malloc] Total space in use, mmap + non-mmap:         6915104 Byte
20260910 015223.968 INFO             PET1       After Realize: - MemInfo: [malloc] Total space held (mmap + non-mmap):          7036928 Byte
20260910 015223.968 INFO             PET1       After Realize: - MemInfo: [malloc] Total space used (mmap + non-mmap):          6923968 Byte
20260910 015223.968 INFO             PET1       After Realize: - MemInfo: Wall-clock time since execution start:               0.015635 seconds
20260910 015223.968 INFO             PET1       <<<MODEL: leaving Initialize (phase=IPDvXp04) without valid internal Clock.
20260910 015223.968 INFO             PET1       MODEL: InitializeIPDvXp04 extro {IS}:--- StateLog() start -----------------
20260910 015223.969 INFO             PET1       MODEL: InitializeIPDvXp04 extro {IS}:<name: MODEL-ImportState> <intent: ESMF_STATEINTENT_IMPORT> <itemCount:    0>
20260910 015223.969 INFO             PET1       MODEL: InitializeIPDvXp04 extro {IS}:--- StateLog() end -------------------
20260910 015223.969 INFO             PET1       MODEL: InitializeIPDvXp04 extro {ES}:--- StateLog() start -----------------
20260910 015223.969 INFO             PET1       MODEL: InitializeIPDvXp04 extro {ES}:<name: MODEL-ExportState> <intent: ESMF_STATEINTENT_EXPORT> <itemCount:    2>
20260910 015223.969 INFO             PET1       MODEL: InitializeIPDvXp04 extro {ES}:+-<item: 0001> <itemType: Field> <itemName: pmsl>
20260910 015223.969 INFO             PET1       MODEL: InitializeIPDvXp04 extro {ES}:!--- FieldLog() start -----------------
20260910 015223.969 INFO             PET1       MODEL: InitializeIPDvXp04 extro {ES}:! <name: pmsl> <fieldStatus: ESMF_FIELDSTATUS_COMPLETE>
20260910 015223.969 INFO             PET1       MODEL: InitializeIPDvXp04 extro {ES}:! 0x7fff5b8ce610 => 0x9ad470 => 0x9ad690
20260910 015223.969 INFO             PET1       MODEL: InitializeIPDvXp04 extro {ES}:! <typekind: Real*8> <rank:    2> <dimCount:    2>
20260910 015223.969 INFO             PET1       MODEL: InitializeIPDvXp04 extro {ES}:! ! --- Array::log() start -----------------------------------
20260910 015223.969 INFO             PET1       MODEL: InitializeIPDvXp04 extro {ES}:! ! 0x9ae900
20260910 015223.969 INFO             PET1       MODEL: InitializeIPDvXp04 extro {ES}:! ! <name: pmsl>
20260910 015223.969 INFO             PET1       MODEL: InitializeIPDvXp04 extro {ES}:! ! ! --- DistGrid::log() start --------------------------------
20260910 015223.969 INFO             PET1       MODEL: InitializeIPDvXp04 extro {ES}:! ! ! 0x9aa7d0
20260910 015223.969 INFO             PET1       MODEL: InitializeIPDvXp04 extro {ES}:! ! ! DistGrid object is valid!<name: DG-Grid004-sloc:0>
20260910 015223.969 INFO             PET1       MODEL: InitializeIPDvXp04 extro {ES}:! ! ! --- DistGrid::log() end ----------------------------------
20260910 015223.969 INFO             PET1       MODEL: InitializeIPDvXp04 extro {ES}:! ! --- Array::log() end -------------------------------------
20260910 015223.969 INFO             PET1       MODEL: InitializeIPDvXp04 extro {ES}:!--- FieldLog() end -------------------
20260910 015223.969 INFO             PET1       MODEL: InitializeIPDvXp04 extro {ES}:+-<item: 0002> <itemType: Field> <itemName: rsns>
20260910 015223.969 INFO             PET1       MODEL: InitializeIPDvXp04 extro {ES}:!--- FieldLog() start -----------------
20260910 015223.969 INFO             PET1       MODEL: InitializeIPDvXp04 extro {ES}:! <name: rsns> <fieldStatus: ESMF_FIELDSTATUS_COMPLETE>
20260910 015223.969 INFO             PET1       MODEL: InitializeIPDvXp04 extro {ES}:! 0x7fff5b8ce610 => 0x9b0370 => 0x9b0590
20260910 015223.969 INFO             PET1       MODEL: InitializeIPDvXp04 extro {ES}:! <typekind: Real*8> <rank:    2> <dimCount:    2>
20260910 015223.969 INFO             PET1       MODEL: InitializeIPDvXp04 extro {ES}:! ! --- Array::log() start -----------------------------------
20260910 015223.969 INFO             PET1       MODEL: InitializeIPDvXp04 extro {ES}:! ! 0x9b1780
20260910 015223.969 INFO             PET1       MODEL: InitializeIPDvXp04 extro {ES}:! ! <name: rsns>
20260910 015223.969 INFO             PET1       MODEL: InitializeIPDvXp04 extro {ES}:! ! ! --- DistGrid::log() start --------------------------------
20260910 015223.969 INFO             PET1       MODEL: InitializeIPDvXp04 extro {ES}:! ! ! 0x9aa7d0
20260910 015223.969 INFO             PET1       MODEL: InitializeIPDvXp04 extro {ES}:! ! ! DistGrid object is valid!<name: DG-Grid004-sloc:0>
20260910 015223.969 INFO             PET1       MODEL: InitializeIPDvXp04 extro {ES}:! ! ! --- DistGrid::log() end ----------------------------------
20260910 015223.969 INFO             PET1       MODEL: InitializeIPDvXp04 extro {ES}:! ! --- Array::log() end -------------------------------------
20260910 015223.969 INFO             PET1       MODEL: InitializeIPDvXp04 extro {ES}:!--- FieldLog() end -------------------
20260910 015223.969 INFO             PET1       MODEL: InitializeIPDvXp04 extro {ES}:--- StateLog() end -------------------
20260910 015223.969 INFO             PET1     MODEL: InitializeIPDvXp04 extro.
20260910 015223.969 INFO             PET1     driver: IInitRealize intro.
20260910 015223.969 INFO             PET1       driver: IInitRealize intro {IS}:--- StateLog() start -----------------
20260910 015223.969 INFO             PET1       driver: IInitRealize intro {IS}:State object is invalid! Not created or deleted!
20260910 015223.969 INFO             PET1       driver: IInitRealize intro {IS}:--- StateLog() end -------------------
20260910 015223.969 INFO             PET1       driver: IInitRealize intro {ES}:--- StateLog() start -----------------
20260910 015223.969 INFO             PET1       driver: IInitRealize intro {ES}:State object is invalid! Not created or deleted!
20260910 015223.969 INFO             PET1       driver: IInitRealize intro {ES}:--- StateLog() end -------------------
20260910 015223.969 INFO             PET1       >>>driver: entered Initialize (phase=<none>) with current time:    0  1  1  0  0  0   0
20260910 015223.969 INFO             PET1       <<<driver: leaving Initialize (phase=<none>) with current time:    0  1  1  0  0  0   0
20260910 015223.969 INFO             PET1       driver: IInitRealize extro {IS}:--- StateLog() start -----------------
20260910 015223.969 INFO             PET1       driver: IInitRealize extro {IS}:State object is invalid! Not created or deleted!
20260910 015223.969 INFO             PET1       driver: IInitRealize extro {IS}:--- StateLog() end -------------------
20260910 015223.969 INFO             PET1       driver: IInitRealize extro {ES}:--- StateLog() start -----------------
20260910 015223.969 INFO             PET1       driver: IInitRealize extro {ES}:State object is invalid! Not created or deleted!
20260910 015223.969 INFO             PET1       driver: IInitRealize extro {ES}:--- StateLog() end -------------------
20260910 015223.969 INFO             PET1     driver: IInitRealize extro.
20260910 015223.970 INFO             PET1     MODEL: InitializeIPDvXp07 intro.
20260910 015223.970 INFO             PET1       MODEL: InitializeIPDvXp07 intro {IS}:--- StateLog() start -----------------
20260910 015223.970 INFO             PET1       MODEL: InitializeIPDvXp07 intro {IS}:<name: MODEL-ImportState> <intent: ESMF_STATEINTENT_IMPORT> <itemCount:    0>
20260910 015223.970 INFO             PET1       MODEL: InitializeIPDvXp07 intro {IS}:--- StateLog() end -------------------
20260910 015223.970 INFO             PET1       MODEL: InitializeIPDvXp07 intro {ES}:--- StateLog() start -----------------
20260910 015223.970 INFO             PET1       MODEL: InitializeIPDvXp07 intro {ES}:<name: MODEL-ExportState> <intent: ESMF_STATEINTENT_EXPORT> <itemCount:    2>
20260910 015223.970 INFO             PET1       MODEL: InitializeIPDvXp07 intro {ES}:+-<item: 0001> <itemType: Field> <itemName: pmsl>
20260910 015223.970 INFO             PET1       MODEL: InitializeIPDvXp07 intro {ES}:!--- FieldLog() start -----------------
20260910 015223.970 INFO             PET1       MODEL: InitializeIPDvXp07 intro {ES}:! <name: pmsl> <fieldStatus: ESMF_FIELDSTATUS_COMPLETE>
20260910 015223.970 INFO             PET1       MODEL: InitializeIPDvXp07 intro {ES}:! 0x7fff5b8ce270 => 0x9ad470 => 0x9ad690
20260910 015223.970 INFO             PET1       MODEL: InitializeIPDvXp07 intro {ES}:! <typekind: Real*8> <rank:    2> <dimCount:    2>
20260910 015223.970 INFO             PET1       MODEL: InitializeIPDvXp07 intro {ES}:! ! --- Array::log() start -----------------------------------
20260910 015223.970 INFO             PET1       MODEL: InitializeIPDvXp07 intro {ES}:! ! 0x9ae900
20260910 015223.970 INFO             PET1       MODEL: InitializeIPDvXp07 intro {ES}:! ! <name: pmsl>
20260910 015223.970 INFO             PET1       MODEL: InitializeIPDvXp07 intro {ES}:! ! ! --- DistGrid::log() start --------------------------------
20260910 015223.970 INFO             PET1       MODEL: InitializeIPDvXp07 intro {ES}:! ! ! 0x9aa7d0
20260910 015223.970 INFO             PET1       MODEL: InitializeIPDvXp07 intro {ES}:! ! ! DistGrid object is valid!<name: DG-Grid004-sloc:0>
20260910 015223.970 INFO             PET1       MODEL: InitializeIPDvXp07 intro {ES}:! ! ! --- DistGrid::log() end ----------------------------------
20260910 015223.970 INFO             PET1       MODEL: InitializeIPDvXp07 intro {ES}:! ! --- Array::log() end -------------------------------------
20260910 015223.970 INFO             PET1       MODEL: InitializeIPDvXp07 intro {ES}:!--- FieldLog() end -------------------
20260910 015223.970 INFO             PET1       MODEL: InitializeIPDvXp07 intro {ES}:+-<item: 0002> <itemType: Field> <itemName: rsns>
20260910 015223.970 INFO             PET1       MODEL: InitializeIPDvXp07 intro {ES}:!--- FieldLog() start -----------------
20260910 015223.970 INFO             PET1       MODEL: InitializeIPDvXp07 intro {ES}:! <name: rsns> <fieldStatus: ESMF_FIELDSTATUS_COMPLETE>
20260910 015223.970 INFO             PET1       MODEL: InitializeIPDvXp07 intro {ES}:! 0x7fff5b8ce270 => 0x9b0370 => 0x9b0590
20260910 015223.970 INFO             PET1       MODEL: InitializeIPDvXp07 intro {ES}:! <typekind: Real*8> <rank:    2> <dimCount:    2>
20260910 015223.970 INFO             PET1       MODEL: InitializeIPDvXp07 intro {ES}:! ! --- Array::log() start -----------------------------------
20260910 015223.970 INFO             PET1       MODEL: InitializeIPDvXp07 intro {ES}:! ! 0x9b1780
20260910 015223.970 INFO             PET1       MODEL: InitializeIPDvXp07 intro {ES}:! ! <name: rsns>
20260910 015223.970 INFO             PET1       MODEL: InitializeIPDvXp07 intro {ES}:! ! ! --- DistGrid::log() start --------------------------------
20260910 015223.970 INFO             PET1       MODEL: InitializeIPDvXp07 intro {ES}:! ! ! 0x9aa7d0
20260910 015223.970 INFO             PET1       MODEL: InitializeIPDvXp07 intro {ES}:! ! ! DistGrid object is valid!<name: DG-Grid004-sloc:0>
20260910 015223.970 INFO             PET1       MODEL: InitializeIPDvXp07 intro {ES}:! ! ! --- DistGrid::log() end ----------------------------------
20260910 015223.970 INFO             PET1       MODEL: InitializeIPDvXp07 intro {ES}:! ! --- Array::log() end -------------------------------------
20260910 015223.970 INFO             PET1       MODEL: InitializeIPDvXp07 intro {ES}:!--- FieldLog() end -------------------
20260910 015223.970 INFO             PET1       MODEL: InitializeIPDvXp07 intro {ES}:--- StateLog() end -------------------
20260910 015223.970 INFO             PET1       >>>MODEL: entered Initialize (phase=IPDvXp07) without valid internal Clock.
20260910 015223.970 INFO             PET1       <<<MODEL: leaving Initialize (phase=IPDvXp07) with current time:    0  1  1  0  0  0   0
20260910 015223.970 INFO             PET1       MODEL: InitializeIPDvXp07 extro {IS}:--- StateLog() start -----------------
20260910 015223.970 INFO             PET1       MODEL: InitializeIPDvXp07 extro {IS}:<name: MODEL-ImportState> <intent: ESMF_STATEINTENT_IMPORT> <itemCount:    0>
20260910 015223.970 INFO             PET1       MODEL: InitializeIPDvXp07 extro {IS}:--- StateLog() end -------------------
20260910 015223.970 INFO             PET1       MODEL: InitializeIPDvXp07 extro {ES}:--- StateLog() start -----------------
20260910 015223.970 INFO             PET1       MODEL: InitializeIPDvXp07 extro {ES}:<name: MODEL-ExportState> <intent: ESMF_STATEINTENT_EXPORT> <itemCount:    2>
20260910 015223.970 INFO             PET1       MODEL: InitializeIPDvXp07 extro {ES}:+-<item: 0001> <itemType: Field> <itemName: pmsl>
20260910 015223.970 INFO             PET1       MODEL: InitializeIPDvXp07 extro {ES}:!--- FieldLog() start -----------------
20260910 015223.970 INFO             PET1       MODEL: InitializeIPDvXp07 extro {ES}:! <name: pmsl> <fieldStatus: ESMF_FIELDSTATUS_COMPLETE>
20260910 015223.970 INFO             PET1       MODEL: InitializeIPDvXp07 extro {ES}:! 0x7fff5b8ce510 => 0x9ad470 => 0x9ad690
20260910 015223.970 INFO             PET1       MODEL: InitializeIPDvXp07 extro {ES}:! <typekind: Real*8> <rank:    2> <dimCount:    2>
20260910 015223.970 INFO             PET1       MODEL: InitializeIPDvXp07 extro {ES}:! ! --- Array::log() start -----------------------------------
20260910 015223.970 INFO             PET1       MODEL: InitializeIPDvXp07 extro {ES}:! ! 0x9ae900
20260910 015223.970 INFO             PET1       MODEL: InitializeIPDvXp07 extro {ES}:! ! <name: pmsl>
20260910 015223.970 INFO             PET1       MODEL: InitializeIPDvXp07 extro {ES}:! ! ! --- DistGrid::log() start --------------------------------
20260910 015223.970 INFO             PET1       MODEL: InitializeIPDvXp07 extro {ES}:! ! ! 0x9aa7d0
20260910 015223.970 INFO             PET1       MODEL: InitializeIPDvXp07 extro {ES}:! ! ! DistGrid object is valid!<name: DG-Grid004-sloc:0>
20260910 015223.970 INFO             PET1       MODEL: InitializeIPDvXp07 extro {ES}:! ! ! --- DistGrid::log() end ----------------------------------
20260910 015223.970 INFO             PET1       MODEL: InitializeIPDvXp07 extro {ES}:! ! --- Array::log() end -------------------------------------
20260910 015223.970 INFO             PET1       MODEL: InitializeIPDvXp07 extro {ES}:!--- FieldLog() end -------------------
20260910 015223.970 INFO             PET1       MODEL: InitializeIPDvXp07 extro {ES}:+-<item: 0002> <itemType: Field> <itemName: rsns>
20260910 015223.970 INFO             PET1       MODEL: InitializeIPDvXp07 extro {ES}:!--- FieldLog() start -----------------
20260910 015223.970 INFO             PET1       MODEL: InitializeIPDvXp07 extro {ES}:! <name: rsns> <fieldStatus: ESMF_FIELDSTATUS_COMPLETE>
20260910 015223.970 INFO             PET1       MODEL: InitializeIPDvXp07 extro {ES}:! 0x7fff5b8ce510 => 0x9b0370 => 0x9b0590
20260910 015223.970 INFO             PET1       MODEL: InitializeIPDvXp07 extro {ES}:! <typekind: Real*8> <rank:    2> <dimCount:    2>
20260910 015223.970 INFO             PET1       MODEL: InitializeIPDvXp07 extro {ES}:! ! --- Array::log() start -----------------------------------
20260910 015223.970 INFO             PET1       MODEL: InitializeIPDvXp07 extro {ES}:! ! 0x9b1780
20260910 015223.970 INFO             PET1       MODEL: InitializeIPDvXp07 extro {ES}:! ! <name: rsns>
20260910 015223.970 INFO             PET1       MODEL: InitializeIPDvXp07 extro {ES}:! ! ! --- DistGrid::log() start --------------------------------
20260910 015223.970 INFO             PET1       MODEL: InitializeIPDvXp07 extro {ES}:! ! ! 0x9aa7d0
20260910 015223.970 INFO             PET1       MODEL: InitializeIPDvXp07 extro {ES}:! ! ! DistGrid object is valid!<name: DG-Grid004-sloc:0>
20260910 015223.970 INFO             PET1       MODEL: InitializeIPDvXp07 extro {ES}:! ! ! --- DistGrid::log() end ----------------------------------
20260910 015223.970 INFO             PET1       MODEL: InitializeIPDvXp07 extro {ES}:! ! --- Array::log() end -------------------------------------
20260910 015223.970 INFO             PET1       MODEL: InitializeIPDvXp07 extro {ES}:!--- FieldLog() end -------------------
20260910 015223.970 INFO             PET1       MODEL: InitializeIPDvXp07 extro {ES}:--- StateLog() end -------------------
20260910 015223.970 INFO             PET1     MODEL: InitializeIPDvXp07 extro.
20260910 015223.970 INFO             PET1     <<<driver: leaving Initialize (phase=<none>) with current time:    0  1  1  0  0  0   0
20260910 015223.970 INFO             PET1     driver: InitializeIPDv02p3 extro {IS}:--- StateLog() start -----------------
20260910 015223.970 INFO             PET1     driver: InitializeIPDv02p3 extro {IS}:State object is invalid! Not created or deleted!
20260910 015223.970 INFO             PET1     driver: InitializeIPDv02p3 extro {IS}:--- StateLog() end -------------------
20260910 015223.970 INFO             PET1     driver: InitializeIPDv02p3 extro {ES}:--- StateLog() start -----------------
20260910 015223.970 INFO             PET1     driver: InitializeIPDv02p3 extro {ES}:State object is invalid! Not created or deleted!
20260910 015223.970 INFO             PET1     driver: InitializeIPDv02p3 extro {ES}:--- StateLog() end -------------------
20260910 015223.970 INFO             PET1   driver: InitializeIPDv02p3 extro.
20260910 015223.970 INFO             PET1   driver: InitializeIPDv02p5 intro.
20260910 015223.970 INFO             PET1     driver: InitializeIPDv02p5 intro {IS}:--- StateLog() start -----------------
20260910 015223.970 INFO             PET1     driver: InitializeIPDv02p5 intro {IS}:State object is invalid! Not created or deleted!
20260910 015223.970 INFO             PET1     driver: InitializeIPDv02p5 intro {IS}:--- StateLog() end -------------------
20260910 015223.970 INFO             PET1     driver: InitializeIPDv02p5 intro {ES}:--- StateLog() start -----------------
20260910 015223.970 INFO             PET1     driver: InitializeIPDv02p5 intro {ES}:State object is invalid! Not created or deleted!
20260910 015223.970 INFO             PET1     driver: InitializeIPDv02p5 intro {ES}:--- StateLog() end -------------------
20260910 015223.970 INFO             PET1     >>>driver: entered Initialize (phase=<none>) with current time:    0  1  1  0  0  0   0
20260910 015223.970 INFO             PET1     driver: this is a top level driver, no 'Updated' and 'InitializeDataComplete' info on this level.
20260910 015223.970 INFO             PET1     driver: InitializeIPDv02p5Data intro.
20260910 015223.970 INFO             PET1       driver: InitializeIPDv02p5Data intro {IS}:--- StateLog() start -----------------
20260910 015223.970 INFO             PET1       driver: InitializeIPDv02p5Data intro {IS}:State object is invalid! Not created or deleted!
20260910 015223.970 INFO             PET1       driver: InitializeIPDv02p5Data intro {IS}:--- StateLog() end -------------------
20260910 015223.970 INFO             PET1       driver: InitializeIPDv02p5Data intro {ES}:--- StateLog() start -----------------
20260910 015223.970 INFO             PET1       driver: InitializeIPDv02p5Data intro {ES}:State object is invalid! Not created or deleted!
20260910 015223.970 INFO             PET1       driver: InitializeIPDv02p5Data intro {ES}:--- StateLog() end -------------------
20260910 015223.970 INFO             PET1       >>>driver: entered Initialize (phase=<none>) with current time:    0  1  1  0  0  0   0
20260910 015223.971 INFO             PET1       driver: InternalInitializeComplete intro.
20260910 015223.971 INFO             PET1         driver: InternalInitializeComplete intro {IS}:--- StateLog() start -----------------
20260910 015223.971 INFO             PET1         driver: InternalInitializeComplete intro {IS}:State object is invalid! Not created or deleted!
20260910 015223.971 INFO             PET1         driver: InternalInitializeComplete intro {IS}:--- StateLog() end -------------------
20260910 015223.971 INFO             PET1         driver: InternalInitializeComplete intro {ES}:--- StateLog() start -----------------
20260910 015223.971 INFO             PET1         driver: InternalInitializeComplete intro {ES}:State object is invalid! Not created or deleted!
20260910 015223.971 INFO             PET1         driver: InternalInitializeComplete intro {ES}:--- StateLog() end -------------------
20260910 015223.971 INFO             PET1         >>>driver: entered Initialize (phase=<none>) with current time:    0  1  1  0  0  0   0
20260910 015223.971 INFO             PET1         driver: InitializeDataComplete='true'
20260910 015223.971 INFO             PET1         <<<driver: leaving Initialize (phase=<none>) with current time:    0  1  1  0  0  0   0
20260910 015223.971 INFO             PET1         driver: InternalInitializeComplete extro {IS}:--- StateLog() start -----------------
20260910 015223.971 INFO             PET1         driver: InternalInitializeComplete extro {IS}:State object is invalid! Not created or deleted!
20260910 015223.971 INFO             PET1         driver: InternalInitializeComplete extro {IS}:--- StateLog() end -------------------
20260910 015223.971 INFO             PET1         driver: InternalInitializeComplete extro {ES}:--- StateLog() start -----------------
20260910 015223.971 INFO             PET1         driver: InternalInitializeComplete extro {ES}:State object is invalid! Not created or deleted!
20260910 015223.971 INFO             PET1         driver: InternalInitializeComplete extro {ES}:--- StateLog() end -------------------
20260910 015223.971 INFO             PET1       driver: InternalInitializeComplete extro.
20260910 015223.971 INFO             PET1       MODEL: InitializeIPDvXp08 intro.
20260910 015223.971 INFO             PET1         MODEL: InitializeIPDvXp08 intro {IS}:--- StateLog() start -----------------
20260910 015223.971 INFO             PET1         MODEL: InitializeIPDvXp08 intro {IS}:<name: MODEL-ImportState> <intent: ESMF_STATEINTENT_IMPORT> <itemCount:    0>
20260910 015223.971 INFO             PET1         MODEL: InitializeIPDvXp08 intro {IS}:--- StateLog() end -------------------
20260910 015223.971 INFO             PET1         MODEL: InitializeIPDvXp08 intro {ES}:--- StateLog() start -----------------
20260910 015223.971 INFO             PET1         MODEL: InitializeIPDvXp08 intro {ES}:<name: MODEL-ExportState> <intent: ESMF_STATEINTENT_EXPORT> <itemCount:    2>
20260910 015223.971 INFO             PET1         MODEL: InitializeIPDvXp08 intro {ES}:+-<item: 0001> <itemType: Field> <itemName: pmsl>
20260910 015223.971 INFO             PET1         MODEL: InitializeIPDvXp08 intro {ES}:!--- FieldLog() start -----------------
20260910 015223.971 INFO             PET1         MODEL: InitializeIPDvXp08 intro {ES}:! <name: pmsl> <fieldStatus: ESMF_FIELDSTATUS_COMPLETE>
20260910 015223.971 INFO             PET1         MODEL: InitializeIPDvXp08 intro {ES}:! 0x7fff5b8cd6b0 => 0x9ad470 => 0x9ad690
20260910 015223.971 INFO             PET1         MODEL: InitializeIPDvXp08 intro {ES}:! <typekind: Real*8> <rank:    2> <dimCount:    2>
20260910 015223.971 INFO             PET1         MODEL: InitializeIPDvXp08 intro {ES}:! ! --- Array::log() start -----------------------------------
20260910 015223.971 INFO             PET1         MODEL: InitializeIPDvXp08 intro {ES}:! ! 0x9ae900
20260910 015223.971 INFO             PET1         MODEL: InitializeIPDvXp08 intro {ES}:! ! <name: pmsl>
20260910 015223.971 INFO             PET1         MODEL: InitializeIPDvXp08 intro {ES}:! ! ! --- DistGrid::log() start --------------------------------
20260910 015223.971 INFO             PET1         MODEL: InitializeIPDvXp08 intro {ES}:! ! ! 0x9aa7d0
20260910 015223.971 INFO             PET1         MODEL: InitializeIPDvXp08 intro {ES}:! ! ! DistGrid object is valid!<name: DG-Grid004-sloc:0>
20260910 015223.971 INFO             PET1         MODEL: InitializeIPDvXp08 intro {ES}:! ! ! --- DistGrid::log() end ----------------------------------
20260910 015223.971 INFO             PET1         MODEL: InitializeIPDvXp08 intro {ES}:! ! --- Array::log() end -------------------------------------
20260910 015223.971 INFO             PET1         MODEL: InitializeIPDvXp08 intro {ES}:!--- FieldLog() end -------------------
20260910 015223.971 INFO             PET1         MODEL: InitializeIPDvXp08 intro {ES}:+-<item: 0002> <itemType: Field> <itemName: rsns>
20260910 015223.971 INFO             PET1         MODEL: InitializeIPDvXp08 intro {ES}:!--- FieldLog() start -----------------
20260910 015223.971 INFO             PET1         MODEL: InitializeIPDvXp08 intro {ES}:! <name: rsns> <fieldStatus: ESMF_FIELDSTATUS_COMPLETE>
20260910 015223.971 INFO             PET1         MODEL: InitializeIPDvXp08 intro {ES}:! 0x7fff5b8cd6b0 => 0x9b0370 => 0x9b0590
20260910 015223.971 INFO             PET1         MODEL: InitializeIPDvXp08 intro {ES}:! <typekind: Real*8> <rank:    2> <dimCount:    2>
20260910 015223.971 INFO             PET1         MODEL: InitializeIPDvXp08 intro {ES}:! ! --- Array::log() start -----------------------------------
20260910 015223.971 INFO             PET1         MODEL: InitializeIPDvXp08 intro {ES}:! ! 0x9b1780
20260910 015223.971 INFO             PET1         MODEL: InitializeIPDvXp08 intro {ES}:! ! <name: rsns>
20260910 015223.971 INFO             PET1         MODEL: InitializeIPDvXp08 intro {ES}:! ! ! --- DistGrid::log() start --------------------------------
20260910 015223.971 INFO             PET1         MODEL: InitializeIPDvXp08 intro {ES}:! ! ! 0x9aa7d0
20260910 015223.971 INFO             PET1         MODEL: InitializeIPDvXp08 intro {ES}:! ! ! DistGrid object is valid!<name: DG-Grid004-sloc:0>
20260910 015223.971 INFO             PET1         MODEL: InitializeIPDvXp08 intro {ES}:! ! ! --- DistGrid::log() end ----------------------------------
20260910 015223.971 INFO             PET1         MODEL: InitializeIPDvXp08 intro {ES}:! ! --- Array::log() end -------------------------------------
20260910 015223.971 INFO             PET1         MODEL: InitializeIPDvXp08 intro {ES}:!--- FieldLog() end -------------------
20260910 015223.971 INFO             PET1         MODEL: InitializeIPDvXp08 intro {ES}:--- StateLog() end -------------------
20260910 015223.971 INFO             PET1         >>>MODEL: entered Initialize (phase=IPDv05p8) with current time:    0  1  1  0  0  0   0
20260910 015223.971 INFO             PET1         MODEL: InitializeDataProgress='false', InitializeDataComplete='false'
20260910 015223.971 INFO             PET1         <<<MODEL: leaving Initialize (phase=IPDv05p8) with current time:    0  1  1  0  0  0   0
20260910 015223.971 INFO             PET1         MODEL: InitializeIPDvXp08 extro {IS}:--- StateLog() start -----------------
20260910 015223.971 INFO             PET1         MODEL: InitializeIPDvXp08 extro {IS}:<name: MODEL-ImportState> <intent: ESMF_STATEINTENT_IMPORT> <itemCount:    0>
20260910 015223.971 INFO             PET1         MODEL: InitializeIPDvXp08 extro {IS}:--- StateLog() end -------------------
20260910 015223.971 INFO             PET1         MODEL: InitializeIPDvXp08 extro {ES}:--- StateLog() start -----------------
20260910 015223.971 INFO             PET1         MODEL: InitializeIPDvXp08 extro {ES}:<name: MODEL-ExportState> <intent: ESMF_STATEINTENT_EXPORT> <itemCount:    2>
20260910 015223.971 INFO             PET1         MODEL: InitializeIPDvXp08 extro {ES}:+-<item: 0001> <itemType: Field> <itemName: pmsl>
20260910 015223.971 INFO             PET1         MODEL: InitializeIPDvXp08 extro {ES}:!--- FieldLog() start -----------------
20260910 015223.971 INFO             PET1         MODEL: InitializeIPDvXp08 extro {ES}:! <name: pmsl> <fieldStatus: ESMF_FIELDSTATUS_COMPLETE>
20260910 015223.971 INFO             PET1         MODEL: InitializeIPDvXp08 extro {ES}:! 0x7fff5b8cd950 => 0x9ad470 => 0x9ad690
20260910 015223.971 INFO             PET1         MODEL: InitializeIPDvXp08 extro {ES}:! <typekind: Real*8> <rank:    2> <dimCount:    2>
20260910 015223.971 INFO             PET1         MODEL: InitializeIPDvXp08 extro {ES}:! ! --- Array::log() start -----------------------------------
20260910 015223.971 INFO             PET1         MODEL: InitializeIPDvXp08 extro {ES}:! ! 0x9ae900
20260910 015223.971 INFO             PET1         MODEL: InitializeIPDvXp08 extro {ES}:! ! <name: pmsl>
20260910 015223.971 INFO             PET1         MODEL: InitializeIPDvXp08 extro {ES}:! ! ! --- DistGrid::log() start --------------------------------
20260910 015223.971 INFO             PET1         MODEL: InitializeIPDvXp08 extro {ES}:! ! ! 0x9aa7d0
20260910 015223.971 INFO             PET1         MODEL: InitializeIPDvXp08 extro {ES}:! ! ! DistGrid object is valid!<name: DG-Grid004-sloc:0>
20260910 015223.971 INFO             PET1         MODEL: InitializeIPDvXp08 extro {ES}:! ! ! --- DistGrid::log() end ----------------------------------
20260910 015223.971 INFO             PET1         MODEL: InitializeIPDvXp08 extro {ES}:! ! --- Array::log() end -------------------------------------
20260910 015223.971 INFO             PET1         MODEL: InitializeIPDvXp08 extro {ES}:!--- FieldLog() end -------------------
20260910 015223.971 INFO             PET1         MODEL: InitializeIPDvXp08 extro {ES}:+-<item: 0002> <itemType: Field> <itemName: rsns>
20260910 015223.971 INFO             PET1         MODEL: InitializeIPDvXp08 extro {ES}:!--- FieldLog() start -----------------
20260910 015223.971 INFO             PET1         MODEL: InitializeIPDvXp08 extro {ES}:! <name: rsns> <fieldStatus: ESMF_FIELDSTATUS_COMPLETE>
20260910 015223.971 INFO             PET1         MODEL: InitializeIPDvXp08 extro {ES}:! 0x7fff5b8cd950 => 0x9b0370 => 0x9b0590
20260910 015223.971 INFO             PET1         MODEL: InitializeIPDvXp08 extro {ES}:! <typekind: Real*8> <rank:    2> <dimCount:    2>
20260910 015223.971 INFO             PET1         MODEL: InitializeIPDvXp08 extro {ES}:! ! --- Array::log() start -----------------------------------
20260910 015223.971 INFO             PET1         MODEL: InitializeIPDvXp08 extro {ES}:! ! 0x9b1780
20260910 015223.971 INFO             PET1         MODEL: InitializeIPDvXp08 extro {ES}:! ! <name: rsns>
20260910 015223.971 INFO             PET1         MODEL: InitializeIPDvXp08 extro {ES}:! ! ! --- DistGrid::log() start --------------------------------
20260910 015223.971 INFO             PET1         MODEL: InitializeIPDvXp08 extro {ES}:! ! ! 0x9aa7d0
20260910 015223.971 INFO             PET1         MODEL: InitializeIPDvXp08 extro {ES}:! ! ! DistGrid object is valid!<name: DG-Grid004-sloc:0>
20260910 015223.971 INFO             PET1         MODEL: InitializeIPDvXp08 extro {ES}:! ! ! --- DistGrid::log() end ----------------------------------
20260910 015223.971 INFO             PET1         MODEL: InitializeIPDvXp08 extro {ES}:! ! --- Array::log() end -------------------------------------
20260910 015223.971 INFO             PET1         MODEL: InitializeIPDvXp08 extro {ES}:!--- FieldLog() end -------------------
20260910 015223.971 INFO             PET1         MODEL: InitializeIPDvXp08 extro {ES}:--- StateLog() end -------------------
20260910 015223.971 INFO             PET1       MODEL: InitializeIPDvXp08 extro.
20260910 015223.972 INFO             PET1       driver: components present that trigger loopDataDependentInitialize().
20260910 015223.972 INFO             PET1       driver: loopDataDependentInitialize intro.
20260910 015223.972 INFO             PET1         driver: loopDataDependentInitialize intro {IS}:--- StateLog() start -----------------
20260910 015223.972 INFO             PET1         driver: loopDataDependentInitialize intro {IS}:State object is invalid! Not created or deleted!
20260910 015223.972 INFO             PET1         driver: loopDataDependentInitialize intro {IS}:--- StateLog() end -------------------
20260910 015223.972 INFO             PET1         driver: loopDataDependentInitialize intro {ES}:--- StateLog() start -----------------
20260910 015223.972 INFO             PET1         driver: loopDataDependentInitialize intro {ES}:State object is invalid! Not created or deleted!
20260910 015223.972 INFO             PET1         driver: loopDataDependentInitialize intro {ES}:--- StateLog() end -------------------
20260910 015223.972 INFO             PET1         >>>driver: entered Initialize (phase=<none>) with current time:    0  1  1  0  0  0   0
20260910 015223.972 INFO             PET1         driver: component    0=driver, dataComplete (local): true
20260910 015223.972 INFO             PET1         driver: component    0=driver, dataComplete (global):  T
20260910 015223.972 INFO             PET1         driver: component    1=MODEL, dataComplete (local): false
20260910 015223.972 INFO             PET1         driver: component    1=MODEL, dataComplete (global):  F
20260910 015223.972 INFO             PET1         MODEL: InitializeIPDvXp08 intro.
20260910 015223.972 INFO             PET1           MODEL: InitializeIPDvXp08 intro {IS}:--- StateLog() start -----------------
20260910 015223.972 INFO             PET1           MODEL: InitializeIPDvXp08 intro {IS}:<name: MODEL-ImportState> <intent: ESMF_STATEINTENT_IMPORT> <itemCount:    0>
20260910 015223.972 INFO             PET1           MODEL: InitializeIPDvXp08 intro {IS}:--- StateLog() end -------------------
20260910 015223.972 INFO             PET1           MODEL: InitializeIPDvXp08 intro {ES}:--- StateLog() start -----------------
20260910 015223.972 INFO             PET1           MODEL: InitializeIPDvXp08 intro {ES}:<name: MODEL-ExportState> <intent: ESMF_STATEINTENT_EXPORT> <itemCount:    2>
20260910 015223.972 INFO             PET1           MODEL: InitializeIPDvXp08 intro {ES}:+-<item: 0001> <itemType: Field> <itemName: pmsl>
20260910 015223.972 INFO             PET1           MODEL: InitializeIPDvXp08 intro {ES}:!--- FieldLog() start -----------------
20260910 015223.972 INFO             PET1           MODEL: InitializeIPDvXp08 intro {ES}:! <name: pmsl> <fieldStatus: ESMF_FIELDSTATUS_COMPLETE>
20260910 015223.972 INFO             PET1           MODEL: InitializeIPDvXp08 intro {ES}:! 0x7fff5b8ccf20 => 0x9ad470 => 0x9ad690
20260910 015223.972 INFO             PET1           MODEL: InitializeIPDvXp08 intro {ES}:! <typekind: Real*8> <rank:    2> <dimCount:    2>
20260910 015223.972 INFO             PET1           MODEL: InitializeIPDvXp08 intro {ES}:! ! --- Array::log() start -----------------------------------
20260910 015223.972 INFO             PET1           MODEL: InitializeIPDvXp08 intro {ES}:! ! 0x9ae900
20260910 015223.972 INFO             PET1           MODEL: InitializeIPDvXp08 intro {ES}:! ! <name: pmsl>
20260910 015223.972 INFO             PET1           MODEL: InitializeIPDvXp08 intro {ES}:! ! ! --- DistGrid::log() start --------------------------------
20260910 015223.972 INFO             PET1           MODEL: InitializeIPDvXp08 intro {ES}:! ! ! 0x9aa7d0
20260910 015223.972 INFO             PET1           MODEL: InitializeIPDvXp08 intro {ES}:! ! ! DistGrid object is valid!<name: DG-Grid004-sloc:0>
20260910 015223.972 INFO             PET1           MODEL: InitializeIPDvXp08 intro {ES}:! ! ! --- DistGrid::log() end ----------------------------------
20260910 015223.972 INFO             PET1           MODEL: InitializeIPDvXp08 intro {ES}:! ! --- Array::log() end -------------------------------------
20260910 015223.972 INFO             PET1           MODEL: InitializeIPDvXp08 intro {ES}:!--- FieldLog() end -------------------
20260910 015223.972 INFO             PET1           MODEL: InitializeIPDvXp08 intro {ES}:+-<item: 0002> <itemType: Field> <itemName: rsns>
20260910 015223.972 INFO             PET1           MODEL: InitializeIPDvXp08 intro {ES}:!--- FieldLog() start -----------------
20260910 015223.972 INFO             PET1           MODEL: InitializeIPDvXp08 intro {ES}:! <name: rsns> <fieldStatus: ESMF_FIELDSTATUS_COMPLETE>
20260910 015223.972 INFO             PET1           MODEL: InitializeIPDvXp08 intro {ES}:! 0x7fff5b8ccf20 => 0x9b0370 => 0x9b0590
20260910 015223.972 INFO             PET1           MODEL: InitializeIPDvXp08 intro {ES}:! <typekind: Real*8> <rank:    2> <dimCount:    2>
20260910 015223.972 INFO             PET1           MODEL: InitializeIPDvXp08 intro {ES}:! ! --- Array::log() start -----------------------------------
20260910 015223.972 INFO             PET1           MODEL: InitializeIPDvXp08 intro {ES}:! ! 0x9b1780
20260910 015223.972 INFO             PET1           MODEL: InitializeIPDvXp08 intro {ES}:! ! <name: rsns>
20260910 015223.972 INFO             PET1           MODEL: InitializeIPDvXp08 intro {ES}:! ! ! --- DistGrid::log() start --------------------------------
20260910 015223.972 INFO             PET1           MODEL: InitializeIPDvXp08 intro {ES}:! ! ! 0x9aa7d0
20260910 015223.972 INFO             PET1           MODEL: InitializeIPDvXp08 intro {ES}:! ! ! DistGrid object is valid!<name: DG-Grid004-sloc:0>
20260910 015223.972 INFO             PET1           MODEL: InitializeIPDvXp08 intro {ES}:! ! ! --- DistGrid::log() end ----------------------------------
20260910 015223.972 INFO             PET1           MODEL: InitializeIPDvXp08 intro {ES}:! ! --- Array::log() end -------------------------------------
20260910 015223.972 INFO             PET1           MODEL: InitializeIPDvXp08 intro {ES}:!--- FieldLog() end -------------------
20260910 015223.972 INFO             PET1           MODEL: InitializeIPDvXp08 intro {ES}:--- StateLog() end -------------------
20260910 015223.972 INFO             PET1           >>>MODEL: entered Initialize (phase=IPDv05p8) with current time:    0  1  1  0  0  0   0
20260910 015223.972 INFO             PET1           MODEL: InitializeDataProgress='true', InitializeDataComplete='true'
20260910 015223.972 INFO             PET1           <<<MODEL: leaving Initialize (phase=IPDv05p8) with current time:    0  1  1  0  0  0   0
20260910 015223.972 INFO             PET1           MODEL: InitializeIPDvXp08 extro {IS}:--- StateLog() start -----------------
20260910 015223.972 INFO             PET1           MODEL: InitializeIPDvXp08 extro {IS}:<name: MODEL-ImportState> <intent: ESMF_STATEINTENT_IMPORT> <itemCount:    0>
20260910 015223.972 INFO             PET1           MODEL: InitializeIPDvXp08 extro {IS}:--- StateLog() end -------------------
20260910 015223.972 INFO             PET1           MODEL: InitializeIPDvXp08 extro {ES}:--- StateLog() start -----------------
20260910 015223.972 INFO             PET1           MODEL: InitializeIPDvXp08 extro {ES}:<name: MODEL-ExportState> <intent: ESMF_STATEINTENT_EXPORT> <itemCount:    2>
20260910 015223.972 INFO             PET1           MODEL: InitializeIPDvXp08 extro {ES}:+-<item: 0001> <itemType: Field> <itemName: pmsl>
20260910 015223.972 INFO             PET1           MODEL: InitializeIPDvXp08 extro {ES}:!--- FieldLog() start -----------------
20260910 015223.972 INFO             PET1           MODEL: InitializeIPDvXp08 extro {ES}:! <name: pmsl> <fieldStatus: ESMF_FIELDSTATUS_COMPLETE>
20260910 015223.972 INFO             PET1           MODEL: InitializeIPDvXp08 extro {ES}:! 0x7fff5b8cd1c0 => 0x9ad470 => 0x9ad690
20260910 015223.972 INFO             PET1           MODEL: InitializeIPDvXp08 extro {ES}:! <typekind: Real*8> <rank:    2> <dimCount:    2>
20260910 015223.972 INFO             PET1           MODEL: InitializeIPDvXp08 extro {ES}:! ! --- Array::log() start -----------------------------------
20260910 015223.972 INFO             PET1           MODEL: InitializeIPDvXp08 extro {ES}:! ! 0x9ae900
20260910 015223.972 INFO             PET1           MODEL: InitializeIPDvXp08 extro {ES}:! ! <name: pmsl>
20260910 015223.972 INFO             PET1           MODEL: InitializeIPDvXp08 extro {ES}:! ! ! --- DistGrid::log() start --------------------------------
20260910 015223.972 INFO             PET1           MODEL: InitializeIPDvXp08 extro {ES}:! ! ! 0x9aa7d0
20260910 015223.972 INFO             PET1           MODEL: InitializeIPDvXp08 extro {ES}:! ! ! DistGrid object is valid!<name: DG-Grid004-sloc:0>
20260910 015223.972 INFO             PET1           MODEL: InitializeIPDvXp08 extro {ES}:! ! ! --- DistGrid::log() end ----------------------------------
20260910 015223.972 INFO             PET1           MODEL: InitializeIPDvXp08 extro {ES}:! ! --- Array::log() end -------------------------------------
20260910 015223.972 INFO             PET1           MODEL: InitializeIPDvXp08 extro {ES}:!--- FieldLog() end -------------------
20260910 015223.973 INFO             PET1           MODEL: InitializeIPDvXp08 extro {ES}:+-<item: 0002> <itemType: Field> <itemName: rsns>
20260910 015223.973 INFO             PET1           MODEL: InitializeIPDvXp08 extro {ES}:!--- FieldLog() start -----------------
20260910 015223.973 INFO             PET1           MODEL: InitializeIPDvXp08 extro {ES}:! <name: rsns> <fieldStatus: ESMF_FIELDSTATUS_COMPLETE>
20260910 015223.973 INFO             PET1           MODEL: InitializeIPDvXp08 extro {ES}:! 0x7fff5b8cd1c0 => 0x9b0370 => 0x9b0590
20260910 015223.973 INFO             PET1           MODEL: InitializeIPDvXp08 extro {ES}:! <typekind: Real*8> <rank:    2> <dimCount:    2>
20260910 015223.973 INFO             PET1           MODEL: InitializeIPDvXp08 extro {ES}:! ! --- Array::log() start -----------------------------------
20260910 015223.973 INFO             PET1           MODEL: InitializeIPDvXp08 extro {ES}:! ! 0x9b1780
20260910 015223.973 INFO             PET1           MODEL: InitializeIPDvXp08 extro {ES}:! ! <name: rsns>
20260910 015223.973 INFO             PET1           MODEL: InitializeIPDvXp08 extro {ES}:! ! ! --- DistGrid::log() start --------------------------------
20260910 015223.973 INFO             PET1           MODEL: InitializeIPDvXp08 extro {ES}:! ! ! 0x9aa7d0
20260910 015223.973 INFO             PET1           MODEL: InitializeIPDvXp08 extro {ES}:! ! ! DistGrid object is valid!<name: DG-Grid004-sloc:0>
20260910 015223.973 INFO             PET1           MODEL: InitializeIPDvXp08 extro {ES}:! ! ! --- DistGrid::log() end ----------------------------------
20260910 015223.973 INFO             PET1           MODEL: InitializeIPDvXp08 extro {ES}:! ! --- Array::log() end -------------------------------------
20260910 015223.973 INFO             PET1           MODEL: InitializeIPDvXp08 extro {ES}:!--- FieldLog() end -------------------
20260910 015223.973 INFO             PET1           MODEL: InitializeIPDvXp08 extro {ES}:--- StateLog() end -------------------
20260910 015223.973 INFO             PET1         MODEL: InitializeIPDvXp08 extro.
20260910 015223.973 INFO             PET1         driver: component    1=MODEL, someProgress (local): true
20260910 015223.973 INFO             PET1         driver: component    1=MODEL, someProgress (global):  T
20260910 015223.973 INFO             PET1         driver: someProgress= T, allComplete= F, present(dataDepAllComplete)= T
20260910 015223.973 INFO             PET1         driver: component    0=driver, dataComplete (local): true
20260910 015223.973 INFO             PET1         driver: component    0=driver, dataComplete (global):  T
20260910 015223.973 INFO             PET1         driver: component    1=MODEL, dataComplete (local): true
20260910 015223.973 INFO             PET1         driver: component    1=MODEL, dataComplete (global):  T
20260910 015223.973 INFO             PET1         driver: someProgress= F, allComplete= T, present(dataDepAllComplete)= T
20260910 015223.973 INFO             PET1         driver: finished resolving initialize data dependencies on this level.
20260910 015223.973 INFO             PET1         <<<driver: leaving Initialize (phase=<none>) with current time:    0  1  1  0  0  0   0
20260910 015223.973 INFO             PET1         driver: loopDataDependentInitialize extro {IS}:--- StateLog() start -----------------
20260910 015223.973 INFO             PET1         driver: loopDataDependentInitialize extro {IS}:State object is invalid! Not created or deleted!
20260910 015223.973 INFO             PET1         driver: loopDataDependentInitialize extro {IS}:--- StateLog() end -------------------
20260910 015223.973 INFO             PET1         driver: loopDataDependentInitialize extro {ES}:--- StateLog() start -----------------
20260910 015223.973 INFO             PET1         driver: loopDataDependentInitialize extro {ES}:State object is invalid! Not created or deleted!
20260910 015223.973 INFO             PET1         driver: loopDataDependentInitialize extro {ES}:--- StateLog() end -------------------
20260910 015223.973 INFO             PET1       driver: loopDataDependentInitialize extro.
20260910 015223.973 INFO             PET1       driver: loopDataDependentInitialize() returned with dataDepAllComplete:  T
20260910 015223.973 INFO             PET1       <<<driver: leaving Initialize (phase=<none>) with current time:    0  1  1  0  0  0   0
20260910 015223.973 INFO             PET1       driver: InitializeIPDv02p5Data extro {IS}:--- StateLog() start -----------------
20260910 015223.973 INFO             PET1       driver: InitializeIPDv02p5Data extro {IS}:State object is invalid! Not created or deleted!
20260910 015223.973 INFO             PET1       driver: InitializeIPDv02p5Data extro {IS}:--- StateLog() end -------------------
20260910 015223.973 INFO             PET1       driver: InitializeIPDv02p5Data extro {ES}:--- StateLog() start -----------------
20260910 015223.973 INFO             PET1       driver: InitializeIPDv02p5Data extro {ES}:State object is invalid! Not created or deleted!
20260910 015223.973 INFO             PET1       driver: InitializeIPDv02p5Data extro {ES}:--- StateLog() end -------------------
20260910 015223.973 INFO             PET1     driver: InitializeIPDv02p5Data extro.
20260910 015223.973 INFO             PET1     <<<driver: leaving Initialize (phase=<none>) with current time:    0  1  1  0  0  0   0
20260910 015223.973 INFO             PET1     driver: InitializeIPDv02p5 extro {IS}:--- StateLog() start -----------------
20260910 015223.973 INFO             PET1     driver: InitializeIPDv02p5 extro {IS}:State object is invalid! Not created or deleted!
20260910 015223.973 INFO             PET1     driver: InitializeIPDv02p5 extro {IS}:--- StateLog() end -------------------
20260910 015223.973 INFO             PET1     driver: InitializeIPDv02p5 extro {ES}:--- StateLog() start -----------------
20260910 015223.973 INFO             PET1     driver: InitializeIPDv02p5 extro {ES}:State object is invalid! Not created or deleted!
20260910 015223.973 INFO             PET1     driver: InitializeIPDv02p5 extro {ES}:--- StateLog() end -------------------
20260910 015223.973 INFO             PET1   driver: InitializeIPDv02p5 extro.
20260910 015223.973 INFO             PET1   <<<driver: leaving Initialize (phase=<none>) with current time:    0  1  1  0  0  0   0
20260910 015223.973 INFO             PET1   driver: InitializeGeneric extro {IS}:--- StateLog() start -----------------
20260910 015223.973 INFO             PET1   driver: InitializeGeneric extro {IS}:State object is invalid! Not created or deleted!
20260910 015223.973 INFO             PET1   driver: InitializeGeneric extro {IS}:--- StateLog() end -------------------
20260910 015223.973 INFO             PET1   driver: InitializeGeneric extro {ES}:--- StateLog() start -----------------
20260910 015223.973 INFO             PET1   driver: InitializeGeneric extro {ES}:State object is invalid! Not created or deleted!
20260910 015223.973 INFO             PET1   driver: InitializeGeneric extro {ES}:--- StateLog() end -------------------
20260910 015223.973 INFO             PET1 driver: InitializeGeneric extro.
20260910 015223.973 INFO             PET1 driver: Run intro.
20260910 015223.973 INFO             PET1   driver: Run intro {IS}:--- StateLog() start -----------------
20260910 015223.973 INFO             PET1   driver: Run intro {IS}:State object is invalid! Not created or deleted!
20260910 015223.973 INFO             PET1   driver: Run intro {IS}:--- StateLog() end -------------------
20260910 015223.973 INFO             PET1   driver: Run intro {ES}:--- StateLog() start -----------------
20260910 015223.973 INFO             PET1   driver: Run intro {ES}:State object is invalid! Not created or deleted!
20260910 015223.973 INFO             PET1   driver: Run intro {ES}:--- StateLog() end -------------------
20260910 015223.973 INFO             PET1   >>>driver: entered Run (phase=RunPhase1) with current time:    0  1  1  0  0  0   0
20260910 015223.973 INFO             PET1   driver: after lable_SetRunClock, current time:    0  1  1  0  0  0   0
20260910 015223.973 INFO             PET1   driver: begin -------> RunSequence.
20260910 015223.973 INFO             PET1     driver: RunSequence event loopLevel=   1  levelMember=   1  loopIteration=   1, current time:    0  1  1  0  0  0   0
20260910 015223.973 INFO             PET1     MODEL: Run intro.
20260910 015223.973 INFO             PET1       MODEL: Run intro {IS}:--- StateLog() start -----------------
20260910 015223.973 INFO             PET1       MODEL: Run intro {IS}:<name: MODEL-ImportState> <intent: ESMF_STATEINTENT_IMPORT> <itemCount:    0>
20260910 015223.973 INFO             PET1       MODEL: Run intro {IS}:--- StateLog() end -------------------
20260910 015223.973 INFO             PET1       MODEL: Run intro {ES}:--- StateLog() start -----------------
20260910 015223.973 INFO             PET1       MODEL: Run intro {ES}:<name: MODEL-ExportState> <intent: ESMF_STATEINTENT_EXPORT> <itemCount:    2>
20260910 015223.973 INFO             PET1       MODEL: Run intro {ES}:+-<item: 0001> <itemType: Field> <itemName: pmsl>
20260910 015223.973 INFO             PET1       MODEL: Run intro {ES}:!--- FieldLog() start -----------------
20260910 015223.974 INFO             PET1       MODEL: Run intro {ES}:! <name: pmsl> <fieldStatus: ESMF_FIELDSTATUS_COMPLETE>
20260910 015223.974 INFO             PET1       MODEL: Run intro {ES}:! 0x7fff5b8cd730 => 0x9ad470 => 0x9ad690
20260910 015223.974 INFO             PET1       MODEL: Run intro {ES}:! <typekind: Real*8> <rank:    2> <dimCount:    2>
20260910 015223.974 INFO             PET1       MODEL: Run intro {ES}:! ! --- Array::log() start -----------------------------------
20260910 015223.974 INFO             PET1       MODEL: Run intro {ES}:! ! 0x9ae900
20260910 015223.974 INFO             PET1       MODEL: Run intro {ES}:! ! <name: pmsl>
20260910 015223.974 INFO             PET1       MODEL: Run intro {ES}:! ! ! --- DistGrid::log() start --------------------------------
20260910 015223.974 INFO             PET1       MODEL: Run intro {ES}:! ! ! 0x9aa7d0
20260910 015223.974 INFO             PET1       MODEL: Run intro {ES}:! ! ! DistGrid object is valid!<name: DG-Grid004-sloc:0>
20260910 015223.974 INFO             PET1       MODEL: Run intro {ES}:! ! ! --- DistGrid::log() end ----------------------------------
20260910 015223.974 INFO             PET1       MODEL: Run intro {ES}:! ! --- Array::log() end -------------------------------------
20260910 015223.974 INFO             PET1       MODEL: Run intro {ES}:!--- FieldLog() end -------------------
20260910 015223.974 INFO             PET1       MODEL: Run intro {ES}:+-<item: 0002> <itemType: Field> <itemName: rsns>
20260910 015223.974 INFO             PET1       MODEL: Run intro {ES}:!--- FieldLog() start -----------------
20260910 015223.974 INFO             PET1       MODEL: Run intro {ES}:! <name: rsns> <fieldStatus: ESMF_FIELDSTATUS_COMPLETE>
20260910 015223.974 INFO             PET1       MODEL: Run intro {ES}:! 0x7fff5b8cd730 => 0x9b0370 => 0x9b0590
20260910 015223.974 INFO             PET1       MODEL: Run intro {ES}:! <typekind: Real*8> <rank:    2> <dimCount:    2>
20260910 015223.974 INFO             PET1       MODEL: Run intro {ES}:! ! --- Array::log() start -----------------------------------
20260910 015223.974 INFO             PET1       MODEL: Run intro {ES}:! ! 0x9b1780
20260910 015223.974 INFO             PET1       MODEL: Run intro {ES}:! ! <name: rsns>
20260910 015223.974 INFO             PET1       MODEL: Run intro {ES}:! ! ! --- DistGrid::log() start --------------------------------
20260910 015223.974 INFO             PET1       MODEL: Run intro {ES}:! ! ! 0x9aa7d0
20260910 015223.974 INFO             PET1       MODEL: Run intro {ES}:! ! ! DistGrid object is valid!<name: DG-Grid004-sloc:0>
20260910 015223.974 INFO             PET1       MODEL: Run intro {ES}:! ! ! --- DistGrid::log() end ----------------------------------
20260910 015223.974 INFO             PET1       MODEL: Run intro {ES}:! ! --- Array::log() end -------------------------------------
20260910 015223.974 INFO             PET1       MODEL: Run intro {ES}:!--- FieldLog() end -------------------
20260910 015223.974 INFO             PET1       MODEL: Run intro {ES}:--- StateLog() end -------------------
20260910 015223.974 INFO             PET1       >>>MODEL: entered Run (phase=RunPhase1) with current time:    0  1  1  0  0  0   0
20260910 015223.974 INFO             PET1       MODEL: time step-loop starting, current time:    0  1  1  0  0  0   0
20260910 015223.988 INFO             PET1       thread_num=   1   currentSsiPe=   1   num_threads=   3   max_threads=   3   num_procs=   8
20260910 015223.988 INFO             PET1       thread_num=   2   currentSsiPe=   5   num_threads=   3   max_threads=   3   num_procs=   8
20260910 015224.000 INFO             PET1       thread_num=   0   currentSsiPe=   5   num_threads=   3   max_threads=   3   num_procs=   8
20260910 015224.000 INFO             PET1       ---->Advancing Model from:    0  1  1  0  0  0   0
20260910 015224.000 INFO             PET1       ---------------------> to:    0  1  1  0  0 30   0
20260910 015224.000 INFO             PET1       MODEL: time step-loop ending,   current time:    0  1  1  0  0 30   0
20260910 015224.000 INFO             PET1       <<<MODEL: leaving Run (phase=RunPhase1) with current time:    0  1  1  0  0 30   0
20260910 015224.000 INFO             PET1       MODEL: Run extro {IS}:--- StateLog() start -----------------
20260910 015224.000 INFO             PET1       MODEL: Run extro {IS}:<name: MODEL-ImportState> <intent: ESMF_STATEINTENT_IMPORT> <itemCount:    0>
20260910 015224.000 INFO             PET1       MODEL: Run extro {IS}:--- StateLog() end -------------------
20260910 015224.000 INFO             PET1       MODEL: Run extro {ES}:--- StateLog() start -----------------
20260910 015224.000 INFO             PET1       MODEL: Run extro {ES}:<name: MODEL-ExportState> <intent: ESMF_STATEINTENT_EXPORT> <itemCount:    2>
20260910 015224.000 INFO             PET1       MODEL: Run extro {ES}:+-<item: 0001> <itemType: Field> <itemName: pmsl>
20260910 015224.000 INFO             PET1       MODEL: Run extro {ES}:!--- FieldLog() start -----------------
20260910 015224.000 INFO             PET1       MODEL: Run extro {ES}:! <name: pmsl> <fieldStatus: ESMF_FIELDSTATUS_COMPLETE>
20260910 015224.000 INFO             PET1       MODEL: Run extro {ES}:! 0x7fff5b8cd9d0 => 0x9ad470 => 0x9ad690
20260910 015224.000 INFO             PET1       MODEL: Run extro {ES}:! <typekind: Real*8> <rank:    2> <dimCount:    2>
20260910 015224.001 INFO             PET1       MODEL: Run extro {ES}:! ! --- Array::log() start -----------------------------------
20260910 015224.001 INFO             PET1       MODEL: Run extro {ES}:! ! 0x9ae900
20260910 015224.001 INFO             PET1       MODEL: Run extro {ES}:! ! <name: pmsl>
20260910 015224.001 INFO             PET1       MODEL: Run extro {ES}:! ! ! --- DistGrid::log() start --------------------------------
20260910 015224.001 INFO             PET1       MODEL: Run extro {ES}:! ! ! 0x9aa7d0
20260910 015224.001 INFO             PET1       MODEL: Run extro {ES}:! ! ! DistGrid object is valid!<name: DG-Grid004-sloc:0>
20260910 015224.001 INFO             PET1       MODEL: Run extro {ES}:! ! ! --- DistGrid::log() end ----------------------------------
20260910 015224.001 INFO             PET1       MODEL: Run extro {ES}:! ! --- Array::log() end -------------------------------------
20260910 015224.001 INFO             PET1       MODEL: Run extro {ES}:!--- FieldLog() end -------------------
20260910 015224.001 INFO             PET1       MODEL: Run extro {ES}:+-<item: 0002> <itemType: Field> <itemName: rsns>
20260910 015224.001 INFO             PET1       MODEL: Run extro {ES}:!--- FieldLog() start -----------------
20260910 015224.001 INFO             PET1       MODEL: Run extro {ES}:! <name: rsns> <fieldStatus: ESMF_FIELDSTATUS_COMPLETE>
20260910 015224.001 INFO             PET1       MODEL: Run extro {ES}:! 0x7fff5b8cd9d0 => 0x9b0370 => 0x9b0590
20260910 015224.001 INFO             PET1       MODEL: Run extro {ES}:! <typekind: Real*8> <rank:    2> <dimCount:    2>
20260910 015224.001 INFO             PET1       MODEL: Run extro {ES}:! ! --- Array::log() start -----------------------------------
20260910 015224.001 INFO             PET1       MODEL: Run extro {ES}:! ! 0x9b1780
20260910 015224.001 INFO             PET1       MODEL: Run extro {ES}:! ! <name: rsns>
20260910 015224.001 INFO             PET1       MODEL: Run extro {ES}:! ! ! --- DistGrid::log() start --------------------------------
20260910 015224.001 INFO             PET1       MODEL: Run extro {ES}:! ! ! 0x9aa7d0
20260910 015224.001 INFO             PET1       MODEL: Run extro {ES}:! ! ! DistGrid object is valid!<name: DG-Grid004-sloc:0>
20260910 015224.001 INFO             PET1       MODEL: Run extro {ES}:! ! ! --- DistGrid::log() end ----------------------------------
20260910 015224.001 INFO             PET1       MODEL: Run extro {ES}:! ! --- Array::log() end -------------------------------------
20260910 015224.001 INFO             PET1       MODEL: Run extro {ES}:!--- FieldLog() end -------------------
20260910 015224.001 INFO             PET1       MODEL: Run extro {ES}:--- StateLog() end -------------------
20260910 015224.001 INFO             PET1     MODEL: Run extro.
20260910 015224.001 INFO             PET1     driver: RunSequence event loopLevel=   1  levelMember=   1  loopIteration=   2, current time:    0  1  1  0  0 30   0
20260910 015224.001 INFO             PET1     MODEL: Run intro.
20260910 015224.001 INFO             PET1       MODEL: Run intro {IS}:--- StateLog() start -----------------
20260910 015224.001 INFO             PET1       MODEL: Run intro {IS}:<name: MODEL-ImportState> <intent: ESMF_STATEINTENT_IMPORT> <itemCount:    0>
20260910 015224.001 INFO             PET1       MODEL: Run intro {IS}:--- StateLog() end -------------------
20260910 015224.001 INFO             PET1       MODEL: Run intro {ES}:--- StateLog() start -----------------
20260910 015224.001 INFO             PET1       MODEL: Run intro {ES}:<name: MODEL-ExportState> <intent: ESMF_STATEINTENT_EXPORT> <itemCount:    2>
20260910 015224.001 INFO             PET1       MODEL: Run intro {ES}:+-<item: 0001> <itemType: Field> <itemName: pmsl>
20260910 015224.001 INFO             PET1       MODEL: Run intro {ES}:!--- FieldLog() start -----------------
20260910 015224.001 INFO             PET1       MODEL: Run intro {ES}:! <name: pmsl> <fieldStatus: ESMF_FIELDSTATUS_COMPLETE>
20260910 015224.001 INFO             PET1       MODEL: Run intro {ES}:! 0x7fff5b8cd730 => 0x9ad470 => 0x9ad690
20260910 015224.001 INFO             PET1       MODEL: Run intro {ES}:! <typekind: Real*8> <rank:    2> <dimCount:    2>
20260910 015224.001 INFO             PET1       MODEL: Run intro {ES}:! ! --- Array::log() start -----------------------------------
20260910 015224.001 INFO             PET1       MODEL: Run intro {ES}:! ! 0x9ae900
20260910 015224.001 INFO             PET1       MODEL: Run intro {ES}:! ! <name: pmsl>
20260910 015224.001 INFO             PET1       MODEL: Run intro {ES}:! ! ! --- DistGrid::log() start --------------------------------
20260910 015224.001 INFO             PET1       MODEL: Run intro {ES}:! ! ! 0x9aa7d0
20260910 015224.001 INFO             PET1       MODEL: Run intro {ES}:! ! ! DistGrid object is valid!<name: DG-Grid004-sloc:0>
20260910 015224.001 INFO             PET1       MODEL: Run intro {ES}:! ! ! --- DistGrid::log() end ----------------------------------
20260910 015224.001 INFO             PET1       MODEL: Run intro {ES}:! ! --- Array::log() end -------------------------------------
20260910 015224.001 INFO             PET1       MODEL: Run intro {ES}:!--- FieldLog() end -------------------
20260910 015224.001 INFO             PET1       MODEL: Run intro {ES}:+-<item: 0002> <itemType: Field> <itemName: rsns>
20260910 015224.001 INFO             PET1       MODEL: Run intro {ES}:!--- FieldLog() start -----------------
20260910 015224.001 INFO             PET1       MODEL: Run intro {ES}:! <name: rsns> <fieldStatus: ESMF_FIELDSTATUS_COMPLETE>
20260910 015224.001 INFO             PET1       MODEL: Run intro {ES}:! 0x7fff5b8cd730 => 0x9b0370 => 0x9b0590
20260910 015224.001 INFO             PET1       MODEL: Run intro {ES}:! <typekind: Real*8> <rank:    2> <dimCount:    2>
20260910 015224.001 INFO             PET1       MODEL: Run intro {ES}:! ! --- Array::log() start -----------------------------------
20260910 015224.001 INFO             PET1       MODEL: Run intro {ES}:! ! 0x9b1780
20260910 015224.001 INFO             PET1       MODEL: Run intro {ES}:! ! <name: rsns>
20260910 015224.001 INFO             PET1       MODEL: Run intro {ES}:! ! ! --- DistGrid::log() start --------------------------------
20260910 015224.001 INFO             PET1       MODEL: Run intro {ES}:! ! ! 0x9aa7d0
20260910 015224.001 INFO             PET1       MODEL: Run intro {ES}:! ! ! DistGrid object is valid!<name: DG-Grid004-sloc:0>
20260910 015224.001 INFO             PET1       MODEL: Run intro {ES}:! ! ! --- DistGrid::log() end ----------------------------------
20260910 015224.001 INFO             PET1       MODEL: Run intro {ES}:! ! --- Array::log() end -------------------------------------
20260910 015224.001 INFO             PET1       MODEL: Run intro {ES}:!--- FieldLog() end -------------------
20260910 015224.001 INFO             PET1       MODEL: Run intro {ES}:--- StateLog() end -------------------
20260910 015224.001 INFO             PET1       >>>MODEL: entered Run (phase=RunPhase1) with current time:    0  1  1  0  0 30   0
20260910 015224.001 INFO             PET1       MODEL: time step-loop starting, current time:    0  1  1  0  0 30   0
20260910 015224.012 INFO             PET1       thread_num=   1   currentSsiPe=   1   num_threads=   3   max_threads=   3   num_procs=   8
20260910 015224.012 INFO             PET1       thread_num=   2   currentSsiPe=   5   num_threads=   3   max_threads=   3   num_procs=   8
20260910 015224.024 INFO             PET1       thread_num=   0   currentSsiPe=   5   num_threads=   3   max_threads=   3   num_procs=   8
20260910 015224.024 INFO             PET1       ---->Advancing Model from:    0  1  1  0  0 30   0
20260910 015224.024 INFO             PET1       ---------------------> to:    0  1  1  0  1  0   0
20260910 015224.024 INFO             PET1       MODEL: time step-loop ending,   current time:    0  1  1  0  1  0   0
20260910 015224.024 INFO             PET1       <<<MODEL: leaving Run (phase=RunPhase1) with current time:    0  1  1  0  1  0   0
20260910 015224.024 INFO             PET1       MODEL: Run extro {IS}:--- StateLog() start -----------------
20260910 015224.024 INFO             PET1       MODEL: Run extro {IS}:<name: MODEL-ImportState> <intent: ESMF_STATEINTENT_IMPORT> <itemCount:    0>
20260910 015224.024 INFO             PET1       MODEL: Run extro {IS}:--- StateLog() end -------------------
20260910 015224.024 INFO             PET1       MODEL: Run extro {ES}:--- StateLog() start -----------------
20260910 015224.024 INFO             PET1       MODEL: Run extro {ES}:<name: MODEL-ExportState> <intent: ESMF_STATEINTENT_EXPORT> <itemCount:    2>
20260910 015224.024 INFO             PET1       MODEL: Run extro {ES}:+-<item: 0001> <itemType: Field> <itemName: pmsl>
20260910 015224.024 INFO             PET1       MODEL: Run extro {ES}:!--- FieldLog() start -----------------
20260910 015224.024 INFO             PET1       MODEL: Run extro {ES}:! <name: pmsl> <fieldStatus: ESMF_FIELDSTATUS_COMPLETE>
20260910 015224.024 INFO             PET1       MODEL: Run extro {ES}:! 0x7fff5b8cd9d0 => 0x9ad470 => 0x9ad690
20260910 015224.024 INFO             PET1       MODEL: Run extro {ES}:! <typekind: Real*8> <rank:    2> <dimCount:    2>
20260910 015224.024 INFO             PET1       MODEL: Run extro {ES}:! ! --- Array::log() start -----------------------------------
20260910 015224.024 INFO             PET1       MODEL: Run extro {ES}:! ! 0x9ae900
20260910 015224.024 INFO             PET1       MODEL: Run extro {ES}:! ! <name: pmsl>
20260910 015224.024 INFO             PET1       MODEL: Run extro {ES}:! ! ! --- DistGrid::log() start --------------------------------
20260910 015224.024 INFO             PET1       MODEL: Run extro {ES}:! ! ! 0x9aa7d0
20260910 015224.024 INFO             PET1       MODEL: Run extro {ES}:! ! ! DistGrid object is valid!<name: DG-Grid004-sloc:0>
20260910 015224.024 INFO             PET1       MODEL: Run extro {ES}:! ! ! --- DistGrid::log() end ----------------------------------
20260910 015224.025 INFO             PET1       MODEL: Run extro {ES}:! ! --- Array::log() end -------------------------------------
20260910 015224.025 INFO             PET1       MODEL: Run extro {ES}:!--- FieldLog() end -------------------
20260910 015224.025 INFO             PET1       MODEL: Run extro {ES}:+-<item: 0002> <itemType: Field> <itemName: rsns>
20260910 015224.025 INFO             PET1       MODEL: Run extro {ES}:!--- FieldLog() start -----------------
20260910 015224.025 INFO             PET1       MODEL: Run extro {ES}:! <name: rsns> <fieldStatus: ESMF_FIELDSTATUS_COMPLETE>
20260910 015224.025 INFO             PET1       MODEL: Run extro {ES}:! 0x7fff5b8cd9d0 => 0x9b0370 => 0x9b0590
20260910 015224.025 INFO             PET1       MODEL: Run extro {ES}:! <typekind: Real*8> <rank:    2> <dimCount:    2>
20260910 015224.025 INFO             PET1       MODEL: Run extro {ES}:! ! --- Array::log() start -----------------------------------
20260910 015224.025 INFO             PET1       MODEL: Run extro {ES}:! ! 0x9b1780
20260910 015224.025 INFO             PET1       MODEL: Run extro {ES}:! ! <name: rsns>
20260910 015224.025 INFO             PET1       MODEL: Run extro {ES}:! ! ! --- DistGrid::log() start --------------------------------
20260910 015224.025 INFO             PET1       MODEL: Run extro {ES}:! ! ! 0x9aa7d0
20260910 015224.025 INFO             PET1       MODEL: Run extro {ES}:! ! ! DistGrid object is valid!<name: DG-Grid004-sloc:0>
20260910 015224.025 INFO             PET1       MODEL: Run extro {ES}:! ! ! --- DistGrid::log() end ----------------------------------
20260910 015224.025 INFO             PET1       MODEL: Run extro {ES}:! ! --- Array::log() end -------------------------------------
20260910 015224.025 INFO             PET1       MODEL: Run extro {ES}:!--- FieldLog() end -------------------
20260910 015224.025 INFO             PET1       MODEL: Run extro {ES}:--- StateLog() end -------------------
20260910 015224.025 INFO             PET1     MODEL: Run extro.
20260910 015224.025 INFO             PET1     driver: RunSequence event loopLevel=   1  levelMember=   1  loopIteration=   3, current time:    0  1  1  0  1  0   0
20260910 015224.025 INFO             PET1     MODEL: Run intro.
20260910 015224.025 INFO             PET1       MODEL: Run intro {IS}:--- StateLog() start -----------------
20260910 015224.025 INFO             PET1       MODEL: Run intro {IS}:<name: MODEL-ImportState> <intent: ESMF_STATEINTENT_IMPORT> <itemCount:    0>
20260910 015224.025 INFO             PET1       MODEL: Run intro {IS}:--- StateLog() end -------------------
20260910 015224.025 INFO             PET1       MODEL: Run intro {ES}:--- StateLog() start -----------------
20260910 015224.025 INFO             PET1       MODEL: Run intro {ES}:<name: MODEL-ExportState> <intent: ESMF_STATEINTENT_EXPORT> <itemCount:    2>
20260910 015224.025 INFO             PET1       MODEL: Run intro {ES}:+-<item: 0001> <itemType: Field> <itemName: pmsl>
20260910 015224.025 INFO             PET1       MODEL: Run intro {ES}:!--- FieldLog() start -----------------
20260910 015224.025 INFO             PET1       MODEL: Run intro {ES}:! <name: pmsl> <fieldStatus: ESMF_FIELDSTATUS_COMPLETE>
20260910 015224.025 INFO             PET1       MODEL: Run intro {ES}:! 0x7fff5b8cd730 => 0x9ad470 => 0x9ad690
20260910 015224.025 INFO             PET1       MODEL: Run intro {ES}:! <typekind: Real*8> <rank:    2> <dimCount:    2>
20260910 015224.025 INFO             PET1       MODEL: Run intro {ES}:! ! --- Array::log() start -----------------------------------
20260910 015224.025 INFO             PET1       MODEL: Run intro {ES}:! ! 0x9ae900
20260910 015224.025 INFO             PET1       MODEL: Run intro {ES}:! ! <name: pmsl>
20260910 015224.025 INFO             PET1       MODEL: Run intro {ES}:! ! ! --- DistGrid::log() start --------------------------------
20260910 015224.025 INFO             PET1       MODEL: Run intro {ES}:! ! ! 0x9aa7d0
20260910 015224.025 INFO             PET1       MODEL: Run intro {ES}:! ! ! DistGrid object is valid!<name: DG-Grid004-sloc:0>
20260910 015224.025 INFO             PET1       MODEL: Run intro {ES}:! ! ! --- DistGrid::log() end ----------------------------------
20260910 015224.025 INFO             PET1       MODEL: Run intro {ES}:! ! --- Array::log() end -------------------------------------
20260910 015224.025 INFO             PET1       MODEL: Run intro {ES}:!--- FieldLog() end -------------------
20260910 015224.025 INFO             PET1       MODEL: Run intro {ES}:+-<item: 0002> <itemType: Field> <itemName: rsns>
20260910 015224.025 INFO             PET1       MODEL: Run intro {ES}:!--- FieldLog() start -----------------
20260910 015224.025 INFO             PET1       MODEL: Run intro {ES}:! <name: rsns> <fieldStatus: ESMF_FIELDSTATUS_COMPLETE>
20260910 015224.025 INFO             PET1       MODEL: Run intro {ES}:! 0x7fff5b8cd730 => 0x9b0370 => 0x9b0590
20260910 015224.025 INFO             PET1       MODEL: Run intro {ES}:! <typekind: Real*8> <rank:    2> <dimCount:    2>
20260910 015224.025 INFO             PET1       MODEL: Run intro {ES}:! ! --- Array::log() start -----------------------------------
20260910 015224.025 INFO             PET1       MODEL: Run intro {ES}:! ! 0x9b1780
20260910 015224.025 INFO             PET1       MODEL: Run intro {ES}:! ! <name: rsns>
20260910 015224.025 INFO             PET1       MODEL: Run intro {ES}:! ! ! --- DistGrid::log() start --------------------------------
20260910 015224.025 INFO             PET1       MODEL: Run intro {ES}:! ! ! 0x9aa7d0
20260910 015224.025 INFO             PET1       MODEL: Run intro {ES}:! ! ! DistGrid object is valid!<name: DG-Grid004-sloc:0>
20260910 015224.025 INFO             PET1       MODEL: Run intro {ES}:! ! ! --- DistGrid::log() end ----------------------------------
20260910 015224.025 INFO             PET1       MODEL: Run intro {ES}:! ! --- Array::log() end -------------------------------------
20260910 015224.025 INFO             PET1       MODEL: Run intro {ES}:!--- FieldLog() end -------------------
20260910 015224.025 INFO             PET1       MODEL: Run intro {ES}:--- StateLog() end -------------------
20260910 015224.025 INFO             PET1       >>>MODEL: entered Run (phase=RunPhase1) with current time:    0  1  1  0  1  0   0
20260910 015224.025 INFO             PET1       MODEL: time step-loop starting, current time:    0  1  1  0  1  0   0
20260910 015224.036 INFO             PET1       thread_num=   1   currentSsiPe=   1   num_threads=   3   max_threads=   3   num_procs=   8
20260910 015224.036 INFO             PET1       thread_num=   2   currentSsiPe=   5   num_threads=   3   max_threads=   3   num_procs=   8
20260910 015224.048 INFO             PET1       thread_num=   0   currentSsiPe=   5   num_threads=   3   max_threads=   3   num_procs=   8
20260910 015224.048 INFO             PET1       ---->Advancing Model from:    0  1  1  0  1  0   0
20260910 015224.048 INFO             PET1       ---------------------> to:    0  1  1  0  1 30   0
20260910 015224.048 INFO             PET1       MODEL: time step-loop ending,   current time:    0  1  1  0  1 30   0
20260910 015224.048 INFO             PET1       <<<MODEL: leaving Run (phase=RunPhase1) with current time:    0  1  1  0  1 30   0
20260910 015224.048 INFO             PET1       MODEL: Run extro {IS}:--- StateLog() start -----------------
20260910 015224.048 INFO             PET1       MODEL: Run extro {IS}:<name: MODEL-ImportState> <intent: ESMF_STATEINTENT_IMPORT> <itemCount:    0>
20260910 015224.048 INFO             PET1       MODEL: Run extro {IS}:--- StateLog() end -------------------
20260910 015224.048 INFO             PET1       MODEL: Run extro {ES}:--- StateLog() start -----------------
20260910 015224.048 INFO             PET1       MODEL: Run extro {ES}:<name: MODEL-ExportState> <intent: ESMF_STATEINTENT_EXPORT> <itemCount:    2>
20260910 015224.048 INFO             PET1       MODEL: Run extro {ES}:+-<item: 0001> <itemType: Field> <itemName: pmsl>
20260910 015224.048 INFO             PET1       MODEL: Run extro {ES}:!--- FieldLog() start -----------------
20260910 015224.048 INFO             PET1       MODEL: Run extro {ES}:! <name: pmsl> <fieldStatus: ESMF_FIELDSTATUS_COMPLETE>
20260910 015224.048 INFO             PET1       MODEL: Run extro {ES}:! 0x7fff5b8cd9d0 => 0x9ad470 => 0x9ad690
20260910 015224.048 INFO             PET1       MODEL: Run extro {ES}:! <typekind: Real*8> <rank:    2> <dimCount:    2>
20260910 015224.049 INFO             PET1       MODEL: Run extro {ES}:! ! --- Array::log() start -----------------------------------
20260910 015224.049 INFO             PET1       MODEL: Run extro {ES}:! ! 0x9ae900
20260910 015224.049 INFO             PET1       MODEL: Run extro {ES}:! ! <name: pmsl>
20260910 015224.049 INFO             PET1       MODEL: Run extro {ES}:! ! ! --- DistGrid::log() start --------------------------------
20260910 015224.049 INFO             PET1       MODEL: Run extro {ES}:! ! ! 0x9aa7d0
20260910 015224.049 INFO             PET1       MODEL: Run extro {ES}:! ! ! DistGrid object is valid!<name: DG-Grid004-sloc:0>
20260910 015224.049 INFO             PET1       MODEL: Run extro {ES}:! ! ! --- DistGrid::log() end ----------------------------------
20260910 015224.049 INFO             PET1       MODEL: Run extro {ES}:! ! --- Array::log() end -------------------------------------
20260910 015224.049 INFO             PET1       MODEL: Run extro {ES}:!--- FieldLog() end -------------------
20260910 015224.049 INFO             PET1       MODEL: Run extro {ES}:+-<item: 0002> <itemType: Field> <itemName: rsns>
20260910 015224.049 INFO             PET1       MODEL: Run extro {ES}:!--- FieldLog() start -----------------
20260910 015224.049 INFO             PET1       MODEL: Run extro {ES}:! <name: rsns> <fieldStatus: ESMF_FIELDSTATUS_COMPLETE>
20260910 015224.049 INFO             PET1       MODEL: Run extro {ES}:! 0x7fff5b8cd9d0 => 0x9b0370 => 0x9b0590
20260910 015224.049 INFO             PET1       MODEL: Run extro {ES}:! <typekind: Real*8> <rank:    2> <dimCount:    2>
20260910 015224.049 INFO             PET1       MODEL: Run extro {ES}:! ! --- Array::log() start -----------------------------------
20260910 015224.049 INFO             PET1       MODEL: Run extro {ES}:! ! 0x9b1780
20260910 015224.049 INFO             PET1       MODEL: Run extro {ES}:! ! <name: rsns>
20260910 015224.049 INFO             PET1       MODEL: Run extro {ES}:! ! ! --- DistGrid::log() start --------------------------------
20260910 015224.049 INFO             PET1       MODEL: Run extro {ES}:! ! ! 0x9aa7d0
20260910 015224.049 INFO             PET1       MODEL: Run extro {ES}:! ! ! DistGrid object is valid!<name: DG-Grid004-sloc:0>
20260910 015224.049 INFO             PET1       MODEL: Run extro {ES}:! ! ! --- DistGrid::log() end ----------------------------------
20260910 015224.049 INFO             PET1       MODEL: Run extro {ES}:! ! --- Array::log() end -------------------------------------
20260910 015224.049 INFO             PET1       MODEL: Run extro {ES}:!--- FieldLog() end -------------------
20260910 015224.049 INFO             PET1       MODEL: Run extro {ES}:--- StateLog() end -------------------
20260910 015224.049 INFO             PET1     MODEL: Run extro.
20260910 015224.049 INFO             PET1     driver: RunSequence event loopLevel=   1  levelMember=   1  loopIteration=   4, current time:    0  1  1  0  1 30   0
20260910 015224.049 INFO             PET1     MODEL: Run intro.
20260910 015224.049 INFO             PET1       MODEL: Run intro {IS}:--- StateLog() start -----------------
20260910 015224.049 INFO             PET1       MODEL: Run intro {IS}:<name: MODEL-ImportState> <intent: ESMF_STATEINTENT_IMPORT> <itemCount:    0>
20260910 015224.049 INFO             PET1       MODEL: Run intro {IS}:--- StateLog() end -------------------
20260910 015224.049 INFO             PET1       MODEL: Run intro {ES}:--- StateLog() start -----------------
20260910 015224.049 INFO             PET1       MODEL: Run intro {ES}:<name: MODEL-ExportState> <intent: ESMF_STATEINTENT_EXPORT> <itemCount:    2>
20260910 015224.049 INFO             PET1       MODEL: Run intro {ES}:+-<item: 0001> <itemType: Field> <itemName: pmsl>
20260910 015224.049 INFO             PET1       MODEL: Run intro {ES}:!--- FieldLog() start -----------------
20260910 015224.049 INFO             PET1       MODEL: Run intro {ES}:! <name: pmsl> <fieldStatus: ESMF_FIELDSTATUS_COMPLETE>
20260910 015224.049 INFO             PET1       MODEL: Run intro {ES}:! 0x7fff5b8cd730 => 0x9ad470 => 0x9ad690
20260910 015224.049 INFO             PET1       MODEL: Run intro {ES}:! <typekind: Real*8> <rank:    2> <dimCount:    2>
20260910 015224.049 INFO             PET1       MODEL: Run intro {ES}:! ! --- Array::log() start -----------------------------------
20260910 015224.049 INFO             PET1       MODEL: Run intro {ES}:! ! 0x9ae900
20260910 015224.049 INFO             PET1       MODEL: Run intro {ES}:! ! <name: pmsl>
20260910 015224.049 INFO             PET1       MODEL: Run intro {ES}:! ! ! --- DistGrid::log() start --------------------------------
20260910 015224.049 INFO             PET1       MODEL: Run intro {ES}:! ! ! 0x9aa7d0
20260910 015224.049 INFO             PET1       MODEL: Run intro {ES}:! ! ! DistGrid object is valid!<name: DG-Grid004-sloc:0>
20260910 015224.049 INFO             PET1       MODEL: Run intro {ES}:! ! ! --- DistGrid::log() end ----------------------------------
20260910 015224.049 INFO             PET1       MODEL: Run intro {ES}:! ! --- Array::log() end -------------------------------------
20260910 015224.049 INFO             PET1       MODEL: Run intro {ES}:!--- FieldLog() end -------------------
20260910 015224.049 INFO             PET1       MODEL: Run intro {ES}:+-<item: 0002> <itemType: Field> <itemName: rsns>
20260910 015224.049 INFO             PET1       MODEL: Run intro {ES}:!--- FieldLog() start -----------------
20260910 015224.049 INFO             PET1       MODEL: Run intro {ES}:! <name: rsns> <fieldStatus: ESMF_FIELDSTATUS_COMPLETE>
20260910 015224.049 INFO             PET1       MODEL: Run intro {ES}:! 0x7fff5b8cd730 => 0x9b0370 => 0x9b0590
20260910 015224.049 INFO             PET1       MODEL: Run intro {ES}:! <typekind: Real*8> <rank:    2> <dimCount:    2>
20260910 015224.049 INFO             PET1       MODEL: Run intro {ES}:! ! --- Array::log() start -----------------------------------
20260910 015224.049 INFO             PET1       MODEL: Run intro {ES}:! ! 0x9b1780
20260910 015224.049 INFO             PET1       MODEL: Run intro {ES}:! ! <name: rsns>
20260910 015224.049 INFO             PET1       MODEL: Run intro {ES}:! ! ! --- DistGrid::log() start --------------------------------
20260910 015224.049 INFO             PET1       MODEL: Run intro {ES}:! ! ! 0x9aa7d0
20260910 015224.049 INFO             PET1       MODEL: Run intro {ES}:! ! ! DistGrid object is valid!<name: DG-Grid004-sloc:0>
20260910 015224.049 INFO             PET1       MODEL: Run intro {ES}:! ! ! --- DistGrid::log() end ----------------------------------
20260910 015224.049 INFO             PET1       MODEL: Run intro {ES}:! ! --- Array::log() end -------------------------------------
20260910 015224.049 INFO             PET1       MODEL: Run intro {ES}:!--- FieldLog() end -------------------
20260910 015224.049 INFO             PET1       MODEL: Run intro {ES}:--- StateLog() end -------------------
20260910 015224.049 INFO             PET1       >>>MODEL: entered Run (phase=RunPhase1) with current time:    0  1  1  0  1 30   0
20260910 015224.049 INFO             PET1       MODEL: time step-loop starting, current time:    0  1  1  0  1 30   0
20260910 015224.060 INFO             PET1       thread_num=   1   currentSsiPe=   1   num_threads=   3   max_threads=   3   num_procs=   8
20260910 015224.060 INFO             PET1       thread_num=   2   currentSsiPe=   5   num_threads=   3   max_threads=   3   num_procs=   8
20260910 015224.072 INFO             PET1       thread_num=   0   currentSsiPe=   5   num_threads=   3   max_threads=   3   num_procs=   8
20260910 015224.072 INFO             PET1       ---->Advancing Model from:    0  1  1  0  1 30   0
20260910 015224.072 INFO             PET1       ---------------------> to:    0  1  1  0  2  0   0
20260910 015224.072 INFO             PET1       MODEL: time step-loop ending,   current time:    0  1  1  0  2  0   0
20260910 015224.072 INFO             PET1       <<<MODEL: leaving Run (phase=RunPhase1) with current time:    0  1  1  0  2  0   0
20260910 015224.072 INFO             PET1       MODEL: Run extro {IS}:--- StateLog() start -----------------
20260910 015224.072 INFO             PET1       MODEL: Run extro {IS}:<name: MODEL-ImportState> <intent: ESMF_STATEINTENT_IMPORT> <itemCount:    0>
20260910 015224.072 INFO             PET1       MODEL: Run extro {IS}:--- StateLog() end -------------------
20260910 015224.072 INFO             PET1       MODEL: Run extro {ES}:--- StateLog() start -----------------
20260910 015224.072 INFO             PET1       MODEL: Run extro {ES}:<name: MODEL-ExportState> <intent: ESMF_STATEINTENT_EXPORT> <itemCount:    2>
20260910 015224.072 INFO             PET1       MODEL: Run extro {ES}:+-<item: 0001> <itemType: Field> <itemName: pmsl>
20260910 015224.072 INFO             PET1       MODEL: Run extro {ES}:!--- FieldLog() start -----------------
20260910 015224.072 INFO             PET1       MODEL: Run extro {ES}:! <name: pmsl> <fieldStatus: ESMF_FIELDSTATUS_COMPLETE>
20260910 015224.072 INFO             PET1       MODEL: Run extro {ES}:! 0x7fff5b8cd9d0 => 0x9ad470 => 0x9ad690
20260910 015224.072 INFO             PET1       MODEL: Run extro {ES}:! <typekind: Real*8> <rank:    2> <dimCount:    2>
20260910 015224.072 INFO             PET1       MODEL: Run extro {ES}:! ! --- Array::log() start -----------------------------------
20260910 015224.072 INFO             PET1       MODEL: Run extro {ES}:! ! 0x9ae900
20260910 015224.072 INFO             PET1       MODEL: Run extro {ES}:! ! <name: pmsl>
20260910 015224.072 INFO             PET1       MODEL: Run extro {ES}:! ! ! --- DistGrid::log() start --------------------------------
20260910 015224.072 INFO             PET1       MODEL: Run extro {ES}:! ! ! 0x9aa7d0
20260910 015224.072 INFO             PET1       MODEL: Run extro {ES}:! ! ! DistGrid object is valid!<name: DG-Grid004-sloc:0>
20260910 015224.072 INFO             PET1       MODEL: Run extro {ES}:! ! ! --- DistGrid::log() end ----------------------------------
20260910 015224.072 INFO             PET1       MODEL: Run extro {ES}:! ! --- Array::log() end -------------------------------------
20260910 015224.072 INFO             PET1       MODEL: Run extro {ES}:!--- FieldLog() end -------------------
20260910 015224.073 INFO             PET1       MODEL: Run extro {ES}:+-<item: 0002> <itemType: Field> <itemName: rsns>
20260910 015224.073 INFO             PET1       MODEL: Run extro {ES}:!--- FieldLog() start -----------------
20260910 015224.073 INFO             PET1       MODEL: Run extro {ES}:! <name: rsns> <fieldStatus: ESMF_FIELDSTATUS_COMPLETE>
20260910 015224.073 INFO             PET1       MODEL: Run extro {ES}:! 0x7fff5b8cd9d0 => 0x9b0370 => 0x9b0590
20260910 015224.073 INFO             PET1       MODEL: Run extro {ES}:! <typekind: Real*8> <rank:    2> <dimCount:    2>
20260910 015224.073 INFO             PET1       MODEL: Run extro {ES}:! ! --- Array::log() start -----------------------------------
20260910 015224.073 INFO             PET1       MODEL: Run extro {ES}:! ! 0x9b1780
20260910 015224.073 INFO             PET1       MODEL: Run extro {ES}:! ! <name: rsns>
20260910 015224.073 INFO             PET1       MODEL: Run extro {ES}:! ! ! --- DistGrid::log() start --------------------------------
20260910 015224.073 INFO             PET1       MODEL: Run extro {ES}:! ! ! 0x9aa7d0
20260910 015224.073 INFO             PET1       MODEL: Run extro {ES}:! ! ! DistGrid object is valid!<name: DG-Grid004-sloc:0>
20260910 015224.073 INFO             PET1       MODEL: Run extro {ES}:! ! ! --- DistGrid::log() end ----------------------------------
20260910 015224.073 INFO             PET1       MODEL: Run extro {ES}:! ! --- Array::log() end -------------------------------------
20260910 015224.073 INFO             PET1       MODEL: Run extro {ES}:!--- FieldLog() end -------------------
20260910 015224.073 INFO             PET1       MODEL: Run extro {ES}:--- StateLog() end -------------------
20260910 015224.073 INFO             PET1     MODEL: Run extro.
20260910 015224.073 INFO             PET1     driver: RunSequence event loopLevel=   1  levelMember=   1  loopIteration=   5, current time:    0  1  1  0  2  0   0
20260910 015224.073 INFO             PET1     MODEL: Run intro.
20260910 015224.073 INFO             PET1       MODEL: Run intro {IS}:--- StateLog() start -----------------
20260910 015224.073 INFO             PET1       MODEL: Run intro {IS}:<name: MODEL-ImportState> <intent: ESMF_STATEINTENT_IMPORT> <itemCount:    0>
20260910 015224.073 INFO             PET1       MODEL: Run intro {IS}:--- StateLog() end -------------------
20260910 015224.073 INFO             PET1       MODEL: Run intro {ES}:--- StateLog() start -----------------
20260910 015224.073 INFO             PET1       MODEL: Run intro {ES}:<name: MODEL-ExportState> <intent: ESMF_STATEINTENT_EXPORT> <itemCount:    2>
20260910 015224.073 INFO             PET1       MODEL: Run intro {ES}:+-<item: 0001> <itemType: Field> <itemName: pmsl>
20260910 015224.073 INFO             PET1       MODEL: Run intro {ES}:!--- FieldLog() start -----------------
20260910 015224.073 INFO             PET1       MODEL: Run intro {ES}:! <name: pmsl> <fieldStatus: ESMF_FIELDSTATUS_COMPLETE>
20260910 015224.073 INFO             PET1       MODEL: Run intro {ES}:! 0x7fff5b8cd730 => 0x9ad470 => 0x9ad690
20260910 015224.073 INFO             PET1       MODEL: Run intro {ES}:! <typekind: Real*8> <rank:    2> <dimCount:    2>
20260910 015224.073 INFO             PET1       MODEL: Run intro {ES}:! ! --- Array::log() start -----------------------------------
20260910 015224.073 INFO             PET1       MODEL: Run intro {ES}:! ! 0x9ae900
20260910 015224.073 INFO             PET1       MODEL: Run intro {ES}:! ! <name: pmsl>
20260910 015224.073 INFO             PET1       MODEL: Run intro {ES}:! ! ! --- DistGrid::log() start --------------------------------
20260910 015224.073 INFO             PET1       MODEL: Run intro {ES}:! ! ! 0x9aa7d0
20260910 015224.073 INFO             PET1       MODEL: Run intro {ES}:! ! ! DistGrid object is valid!<name: DG-Grid004-sloc:0>
20260910 015224.073 INFO             PET1       MODEL: Run intro {ES}:! ! ! --- DistGrid::log() end ----------------------------------
20260910 015224.073 INFO             PET1       MODEL: Run intro {ES}:! ! --- Array::log() end -------------------------------------
20260910 015224.073 INFO             PET1       MODEL: Run intro {ES}:!--- FieldLog() end -------------------
20260910 015224.073 INFO             PET1       MODEL: Run intro {ES}:+-<item: 0002> <itemType: Field> <itemName: rsns>
20260910 015224.073 INFO             PET1       MODEL: Run intro {ES}:!--- FieldLog() start -----------------
20260910 015224.073 INFO             PET1       MODEL: Run intro {ES}:! <name: rsns> <fieldStatus: ESMF_FIELDSTATUS_COMPLETE>
20260910 015224.073 INFO             PET1       MODEL: Run intro {ES}:! 0x7fff5b8cd730 => 0x9b0370 => 0x9b0590
20260910 015224.073 INFO             PET1       MODEL: Run intro {ES}:! <typekind: Real*8> <rank:    2> <dimCount:    2>
20260910 015224.073 INFO             PET1       MODEL: Run intro {ES}:! ! --- Array::log() start -----------------------------------
20260910 015224.073 INFO             PET1       MODEL: Run intro {ES}:! ! 0x9b1780
20260910 015224.073 INFO             PET1       MODEL: Run intro {ES}:! ! <name: rsns>
20260910 015224.073 INFO             PET1       MODEL: Run intro {ES}:! ! ! --- DistGrid::log() start --------------------------------
20260910 015224.073 INFO             PET1       MODEL: Run intro {ES}:! ! ! 0x9aa7d0
20260910 015224.073 INFO             PET1       MODEL: Run intro {ES}:! ! ! DistGrid object is valid!<name: DG-Grid004-sloc:0>
20260910 015224.073 INFO             PET1       MODEL: Run intro {ES}:! ! ! --- DistGrid::log() end ----------------------------------
20260910 015224.073 INFO             PET1       MODEL: Run intro {ES}:! ! --- Array::log() end -------------------------------------
20260910 015224.073 INFO             PET1       MODEL: Run intro {ES}:!--- FieldLog() end -------------------
20260910 015224.073 INFO             PET1       MODEL: Run intro {ES}:--- StateLog() end -------------------
20260910 015224.073 INFO             PET1       >>>MODEL: entered Run (phase=RunPhase1) with current time:    0  1  1  0  2  0   0
20260910 015224.073 INFO             PET1       MODEL: time step-loop starting, current time:    0  1  1  0  2  0   0
20260910 015224.084 INFO             PET1       thread_num=   1   currentSsiPe=   1   num_threads=   3   max_threads=   3   num_procs=   8
20260910 015224.084 INFO             PET1       thread_num=   2   currentSsiPe=   5   num_threads=   3   max_threads=   3   num_procs=   8
20260910 015224.096 INFO             PET1       thread_num=   0   currentSsiPe=   5   num_threads=   3   max_threads=   3   num_procs=   8
20260910 015224.096 INFO             PET1       ---->Advancing Model from:    0  1  1  0  2  0   0
20260910 015224.096 INFO             PET1       ---------------------> to:    0  1  1  0  2 30   0
20260910 015224.096 INFO             PET1       MODEL: time step-loop ending,   current time:    0  1  1  0  2 30   0
20260910 015224.096 INFO             PET1       <<<MODEL: leaving Run (phase=RunPhase1) with current time:    0  1  1  0  2 30   0
20260910 015224.096 INFO             PET1       MODEL: Run extro {IS}:--- StateLog() start -----------------
20260910 015224.096 INFO             PET1       MODEL: Run extro {IS}:<name: MODEL-ImportState> <intent: ESMF_STATEINTENT_IMPORT> <itemCount:    0>
20260910 015224.096 INFO             PET1       MODEL: Run extro {IS}:--- StateLog() end -------------------
20260910 015224.096 INFO             PET1       MODEL: Run extro {ES}:--- StateLog() start -----------------
20260910 015224.096 INFO             PET1       MODEL: Run extro {ES}:<name: MODEL-ExportState> <intent: ESMF_STATEINTENT_EXPORT> <itemCount:    2>
20260910 015224.096 INFO             PET1       MODEL: Run extro {ES}:+-<item: 0001> <itemType: Field> <itemName: pmsl>
20260910 015224.096 INFO             PET1       MODEL: Run extro {ES}:!--- FieldLog() start -----------------
20260910 015224.096 INFO             PET1       MODEL: Run extro {ES}:! <name: pmsl> <fieldStatus: ESMF_FIELDSTATUS_COMPLETE>
20260910 015224.096 INFO             PET1       MODEL: Run extro {ES}:! 0x7fff5b8cd9d0 => 0x9ad470 => 0x9ad690
20260910 015224.097 INFO             PET1       MODEL: Run extro {ES}:! <typekind: Real*8> <rank:    2> <dimCount:    2>
20260910 015224.097 INFO             PET1       MODEL: Run extro {ES}:! ! --- Array::log() start -----------------------------------
20260910 015224.097 INFO             PET1       MODEL: Run extro {ES}:! ! 0x9ae900
20260910 015224.097 INFO             PET1       MODEL: Run extro {ES}:! ! <name: pmsl>
20260910 015224.097 INFO             PET1       MODEL: Run extro {ES}:! ! ! --- DistGrid::log() start --------------------------------
20260910 015224.097 INFO             PET1       MODEL: Run extro {ES}:! ! ! 0x9aa7d0
20260910 015224.097 INFO             PET1       MODEL: Run extro {ES}:! ! ! DistGrid object is valid!<name: DG-Grid004-sloc:0>
20260910 015224.097 INFO             PET1       MODEL: Run extro {ES}:! ! ! --- DistGrid::log() end ----------------------------------
20260910 015224.097 INFO             PET1       MODEL: Run extro {ES}:! ! --- Array::log() end -------------------------------------
20260910 015224.097 INFO             PET1       MODEL: Run extro {ES}:!--- FieldLog() end -------------------
20260910 015224.097 INFO             PET1       MODEL: Run extro {ES}:+-<item: 0002> <itemType: Field> <itemName: rsns>
20260910 015224.097 INFO             PET1       MODEL: Run extro {ES}:!--- FieldLog() start -----------------
20260910 015224.097 INFO             PET1       MODEL: Run extro {ES}:! <name: rsns> <fieldStatus: ESMF_FIELDSTATUS_COMPLETE>
20260910 015224.097 INFO             PET1       MODEL: Run extro {ES}:! 0x7fff5b8cd9d0 => 0x9b0370 => 0x9b0590
20260910 015224.097 INFO             PET1       MODEL: Run extro {ES}:! <typekind: Real*8> <rank:    2> <dimCount:    2>
20260910 015224.097 INFO             PET1       MODEL: Run extro {ES}:! ! --- Array::log() start -----------------------------------
20260910 015224.097 INFO             PET1       MODEL: Run extro {ES}:! ! 0x9b1780
20260910 015224.097 INFO             PET1       MODEL: Run extro {ES}:! ! <name: rsns>
20260910 015224.097 INFO             PET1       MODEL: Run extro {ES}:! ! ! --- DistGrid::log() start --------------------------------
20260910 015224.097 INFO             PET1       MODEL: Run extro {ES}:! ! ! 0x9aa7d0
20260910 015224.097 INFO             PET1       MODEL: Run extro {ES}:! ! ! DistGrid object is valid!<name: DG-Grid004-sloc:0>
20260910 015224.097 INFO             PET1       MODEL: Run extro {ES}:! ! ! --- DistGrid::log() end ----------------------------------
20260910 015224.097 INFO             PET1       MODEL: Run extro {ES}:! ! --- Array::log() end -------------------------------------
20260910 015224.097 INFO             PET1       MODEL: Run extro {ES}:!--- FieldLog() end -------------------
20260910 015224.097 INFO             PET1       MODEL: Run extro {ES}:--- StateLog() end -------------------
20260910 015224.097 INFO             PET1     MODEL: Run extro.
20260910 015224.097 INFO             PET1   driver: end <--------- RunSequence
20260910 015224.097 INFO             PET1   <<<driver: leaving Run (phase=RunPhase1) with current time:    0  1  1  0  2 30   0
20260910 015224.097 INFO             PET1   driver: Run extro {IS}:--- StateLog() start -----------------
20260910 015224.097 INFO             PET1   driver: Run extro {IS}:State object is invalid! Not created or deleted!
20260910 015224.097 INFO             PET1   driver: Run extro {IS}:--- StateLog() end -------------------
20260910 015224.097 INFO             PET1   driver: Run extro {ES}:--- StateLog() start -----------------
20260910 015224.097 INFO             PET1   driver: Run extro {ES}:State object is invalid! Not created or deleted!
20260910 015224.097 INFO             PET1   driver: Run extro {ES}:--- StateLog() end -------------------
20260910 015224.097 INFO             PET1 driver: Run extro.
20260910 015224.097 INFO             PET1 driver: Finalize intro.
20260910 015224.097 INFO             PET1   driver: Finalize intro {IS}:--- StateLog() start -----------------
20260910 015224.097 INFO             PET1   driver: Finalize intro {IS}:State object is invalid! Not created or deleted!
20260910 015224.097 INFO             PET1   driver: Finalize intro {IS}:--- StateLog() end -------------------
20260910 015224.097 INFO             PET1   driver: Finalize intro {ES}:--- StateLog() start -----------------
20260910 015224.097 INFO             PET1   driver: Finalize intro {ES}:State object is invalid! Not created or deleted!
20260910 015224.097 INFO             PET1   driver: Finalize intro {ES}:--- StateLog() end -------------------
20260910 015224.097 INFO             PET1   >>>driver: entered Finalize (phase=FinalizePhase1) with current time:    0  1  1  0  2 30   0
20260910 015224.097 INFO             PET1   Calling Finalize phase 1 for modelComp: MODEL
20260910 015224.097 INFO             PET1   MODEL: Finalize intro.
20260910 015224.097 INFO             PET1     MODEL: Finalize intro {IS}:--- StateLog() start -----------------
20260910 015224.097 INFO             PET1     MODEL: Finalize intro {IS}:<name: MODEL-ImportState> <intent: ESMF_STATEINTENT_IMPORT> <itemCount:    0>
20260910 015224.097 INFO             PET1     MODEL: Finalize intro {IS}:--- StateLog() end -------------------
20260910 015224.097 INFO             PET1     MODEL: Finalize intro {ES}:--- StateLog() start -----------------
20260910 015224.097 INFO             PET1     MODEL: Finalize intro {ES}:<name: MODEL-ExportState> <intent: ESMF_STATEINTENT_EXPORT> <itemCount:    2>
20260910 015224.097 INFO             PET1     MODEL: Finalize intro {ES}:+-<item: 0001> <itemType: Field> <itemName: pmsl>
20260910 015224.097 INFO             PET1     MODEL: Finalize intro {ES}:!--- FieldLog() start -----------------
20260910 015224.097 INFO             PET1     MODEL: Finalize intro {ES}:! <name: pmsl> <fieldStatus: ESMF_FIELDSTATUS_COMPLETE>
20260910 015224.097 INFO             PET1     MODEL: Finalize intro {ES}:! 0x7fff5b8ce020 => 0x9ad470 => 0x9ad690
20260910 015224.097 INFO             PET1     MODEL: Finalize intro {ES}:! <typekind: Real*8> <rank:    2> <dimCount:    2>
20260910 015224.097 INFO             PET1     MODEL: Finalize intro {ES}:! ! --- Array::log() start -----------------------------------
20260910 015224.097 INFO             PET1     MODEL: Finalize intro {ES}:! ! 0x9ae900
20260910 015224.097 INFO             PET1     MODEL: Finalize intro {ES}:! ! <name: pmsl>
20260910 015224.097 INFO             PET1     MODEL: Finalize intro {ES}:! ! ! --- DistGrid::log() start --------------------------------
20260910 015224.097 INFO             PET1     MODEL: Finalize intro {ES}:! ! ! 0x9aa7d0
20260910 015224.097 INFO             PET1     MODEL: Finalize intro {ES}:! ! ! DistGrid object is valid!<name: DG-Grid004-sloc:0>
20260910 015224.097 INFO             PET1     MODEL: Finalize intro {ES}:! ! ! --- DistGrid::log() end ----------------------------------
20260910 015224.097 INFO             PET1     MODEL: Finalize intro {ES}:! ! --- Array::log() end -------------------------------------
20260910 015224.097 INFO             PET1     MODEL: Finalize intro {ES}:!--- FieldLog() end -------------------
20260910 015224.097 INFO             PET1     MODEL: Finalize intro {ES}:+-<item: 0002> <itemType: Field> <itemName: rsns>
20260910 015224.097 INFO             PET1     MODEL: Finalize intro {ES}:!--- FieldLog() start -----------------
20260910 015224.097 INFO             PET1     MODEL: Finalize intro {ES}:! <name: rsns> <fieldStatus: ESMF_FIELDSTATUS_COMPLETE>
20260910 015224.097 INFO             PET1     MODEL: Finalize intro {ES}:! 0x7fff5b8ce020 => 0x9b0370 => 0x9b0590
20260910 015224.097 INFO             PET1     MODEL: Finalize intro {ES}:! <typekind: Real*8> <rank:    2> <dimCount:    2>
20260910 015224.097 INFO             PET1     MODEL: Finalize intro {ES}:! ! --- Array::log() start -----------------------------------
20260910 015224.097 INFO             PET1     MODEL: Finalize intro {ES}:! ! 0x9b1780
20260910 015224.097 INFO             PET1     MODEL: Finalize intro {ES}:! ! <name: rsns>
20260910 015224.097 INFO             PET1     MODEL: Finalize intro {ES}:! ! ! --- DistGrid::log() start --------------------------------
20260910 015224.097 INFO             PET1     MODEL: Finalize intro {ES}:! ! ! 0x9aa7d0
20260910 015224.097 INFO             PET1     MODEL: Finalize intro {ES}:! ! ! DistGrid object is valid!<name: DG-Grid004-sloc:0>
20260910 015224.097 INFO             PET1     MODEL: Finalize intro {ES}:! ! ! --- DistGrid::log() end ----------------------------------
20260910 015224.097 INFO             PET1     MODEL: Finalize intro {ES}:! ! --- Array::log() end -------------------------------------
20260910 015224.097 INFO             PET1     MODEL: Finalize intro {ES}:!--- FieldLog() end -------------------
20260910 015224.097 INFO             PET1     MODEL: Finalize intro {ES}:--- StateLog() end -------------------
20260910 015224.097 INFO             PET1     >>>MODEL: entered Finalize (phase=FinalizePhase1) with current time:    0  1  1  0  2 30   0
20260910 015224.097 INFO             PET1     <<<MODEL: leaving Finalize (phase=FinalizePhase1) with current time:    0  1  1  0  2 30   0
20260910 015224.097 INFO             PET1   MODEL: Finalize extro.
20260910 015224.097 INFO             PET1   Delete modelComp: MODEL
20260910 015224.097 INFO             PET1   Delete Import-/Export State for modelComp: MODEL
20260910 015224.098 INFO             PET1   <<<driver: leaving Finalize (phase=FinalizePhase1) with current time:    0  1  1  0  2 30   0
20260910 015224.098 INFO             PET1 driver: Finalize extro.
20260910 015224.098 INFO             PET1 mainApp FINISHED
20260910 015224.098 INFO             PET1  Finalizing ESMF
20260910 015223.955 INFO             PET2 !!!!!!!!!!!!!!!!!!!!!!!!!!!!!!!!!!!!!!!!!!!!!!!!!!!!!!
20260910 015223.955 INFO             PET2 !!! THE ESMF_LOG IS SET TO OUTPUT ALL LOG MESSAGES !!!
20260910 015223.955 INFO             PET2 !!!     THIS MAY CAUSE SLOWDOWN IN PERFORMANCE     !!!
20260910 015223.955 INFO             PET2 !!! FOR PRODUCTION RUNS, USE:                      !!!
20260910 015223.955 INFO             PET2 !!!                   ESMF_LOGKIND_Multi_On_Error  !!!
20260910 015223.955 INFO             PET2 !!!!!!!!!!!!!!!!!!!!!!!!!!!!!!!!!!!!!!!!!!!!!!!!!!!!!!
20260910 015223.955 INFO             PET2 Running with ESMF Version   : develop+gc12f7f42f7
20260910 015223.955 INFO             PET2 ESMF library build date/time: "Sep 10 2026" "01:29:06"
20260910 015223.955 INFO             PET2 ESMF library build location : /home/gerhard/ESMF-Nightly-Testing/gfortran_7.4.0_mpich_O_develop/esmf
20260910 015223.955 INFO             PET2 ESMF_COMM                   : mpich
20260910 015223.955 INFO             PET2 ESMF_MOAB                   : enabled
20260910 015223.955 INFO             PET2 ESMF_LAPACK                 : enabled
20260910 015223.955 INFO             PET2 ESMF_NETCDF                 : enabled
20260910 015223.955 INFO             PET2 ESMF_PNETCDF                : disabled
20260910 015223.955 INFO             PET2 ESMF_PIO                    : enabled
20260910 015223.955 INFO             PET2 ESMF_YAMLCPP                : enabled
20260910 015223.955 INFO             PET2 mainApp STARTING
20260910 015223.958 INFO             PET2 driver: InitializeGeneric intro.
20260910 015223.958 INFO             PET2   driver: InitializeGeneric intro {IS}:--- StateLog() start -----------------
20260910 015223.958 INFO             PET2   driver: InitializeGeneric intro {IS}:State object is invalid! Not created or deleted!
20260910 015223.958 INFO             PET2   driver: InitializeGeneric intro {IS}:--- StateLog() end -------------------
20260910 015223.958 INFO             PET2   driver: InitializeGeneric intro {ES}:--- StateLog() start -----------------
20260910 015223.958 INFO             PET2   driver: InitializeGeneric intro {ES}:State object is invalid! Not created or deleted!
20260910 015223.958 INFO             PET2   driver: InitializeGeneric intro {ES}:--- StateLog() end -------------------
20260910 015223.958 INFO             PET2   >>>driver: entered Initialize (phase=<none>) without valid internal Clock.
20260910 015223.958 INFO             PET2   driver: InitializeP0 intro.
20260910 015223.958 INFO             PET2     driver: InitializeP0 intro {IS}:--- StateLog() start -----------------
20260910 015223.958 INFO             PET2     driver: InitializeP0 intro {IS}:State object is invalid! Not created or deleted!
20260910 015223.958 INFO             PET2     driver: InitializeP0 intro {IS}:--- StateLog() end -------------------
20260910 015223.958 INFO             PET2     driver: InitializeP0 intro {ES}:--- StateLog() start -----------------
20260910 015223.958 INFO             PET2     driver: InitializeP0 intro {ES}:State object is invalid! Not created or deleted!
20260910 015223.958 INFO             PET2     driver: InitializeP0 intro {ES}:--- StateLog() end -------------------
20260910 015223.958 INFO             PET2     >>>driver: entered Initialize (phase=<none>) without valid internal Clock.
20260910 015223.958 INFO             PET2     <<<driver: leaving Initialize (phase=<none>) without valid internal Clock.
20260910 015223.958 INFO             PET2     driver: InitializeP0 extro {IS}:--- StateLog() start -----------------
20260910 015223.958 INFO             PET2     driver: InitializeP0 extro {IS}:State object is invalid! Not created or deleted!
20260910 015223.958 INFO             PET2     driver: InitializeP0 extro {IS}:--- StateLog() end -------------------
20260910 015223.958 INFO             PET2     driver: InitializeP0 extro {ES}:--- StateLog() start -----------------
20260910 015223.958 INFO             PET2     driver: InitializeP0 extro {ES}:State object is invalid! Not created or deleted!
20260910 015223.958 INFO             PET2     driver: InitializeP0 extro {ES}:--- StateLog() end -------------------
20260910 015223.958 INFO             PET2   driver: InitializeP0 extro.
20260910 015223.959 INFO             PET2   driver: InitializeIPDv02p1 intro.
20260910 015223.959 INFO             PET2     driver: InitializeIPDv02p1 intro {IS}:--- StateLog() start -----------------
20260910 015223.959 INFO             PET2     driver: InitializeIPDv02p1 intro {IS}:State object is invalid! Not created or deleted!
20260910 015223.959 INFO             PET2     driver: InitializeIPDv02p1 intro {IS}:--- StateLog() end -------------------
20260910 015223.959 INFO             PET2     driver: InitializeIPDv02p1 intro {ES}:--- StateLog() start -----------------
20260910 015223.959 INFO             PET2     driver: InitializeIPDv02p1 intro {ES}:State object is invalid! Not created or deleted!
20260910 015223.959 INFO             PET2     driver: InitializeIPDv02p1 intro {ES}:--- StateLog() end -------------------
20260910 015223.959 INFO             PET2     >>>driver: entered Initialize (phase=<none>) without valid internal Clock.
20260910 015223.959 INFO             PET2     driver - Creating model component MODEL without petList.
20260910 015223.961 INFO             PET2      GridCompIsPetLocal:  T
20260910 015223.961 INFO             PET2      VmIsCreated:  T
20260910 015223.961 INFO             PET2      valid MPI_COMM with size=           4
20260910 015223.961 INFO             PET2     driver - Creating state: modelComp 1 Import State
20260910 015223.961 INFO             PET2     driver - Creating state: modelComp 1 Export State
20260910 015223.962 INFO             PET2     MODEL: InitializeP0 intro.
20260910 015223.962 INFO             PET2       MODEL: InitializeP0 intro {IS}:--- StateLog() start -----------------
20260910 015223.962 INFO             PET2       MODEL: InitializeP0 intro {IS}:<name: MODEL-ImportState> <intent: ESMF_STATEINTENT_IMPORT> <itemCount:    0>
20260910 015223.962 INFO             PET2       MODEL: InitializeP0 intro {IS}:--- StateLog() end -------------------
20260910 015223.962 INFO             PET2       MODEL: InitializeP0 intro {ES}:--- StateLog() start -----------------
20260910 015223.962 INFO             PET2       MODEL: InitializeP0 intro {ES}:<name: MODEL-ExportState> <intent: ESMF_STATEINTENT_EXPORT> <itemCount:    0>
20260910 015223.962 INFO             PET2       MODEL: InitializeP0 intro {ES}:--- StateLog() end -------------------
20260910 015223.962 INFO             PET2       >>>MODEL: entered Initialize (phase=<none>) without valid internal Clock.
20260910 015223.962 INFO             PET2       <<<MODEL: leaving Initialize (phase=<none>) without valid internal Clock.
20260910 015223.962 INFO             PET2       MODEL: InitializeP0 extro {IS}:--- StateLog() start -----------------
20260910 015223.962 INFO             PET2       MODEL: InitializeP0 extro {IS}:<name: MODEL-ImportState> <intent: ESMF_STATEINTENT_IMPORT> <itemCount:    0>
20260910 015223.962 INFO             PET2       MODEL: InitializeP0 extro {IS}:--- StateLog() end -------------------
20260910 015223.962 INFO             PET2       MODEL: InitializeP0 extro {ES}:--- StateLog() start -----------------
20260910 015223.962 INFO             PET2       MODEL: InitializeP0 extro {ES}:<name: MODEL-ExportState> <intent: ESMF_STATEINTENT_EXPORT> <itemCount:    0>
20260910 015223.962 INFO             PET2       MODEL: InitializeP0 extro {ES}:--- StateLog() end -------------------
20260910 015223.962 INFO             PET2     MODEL: InitializeP0 extro.
20260910 015223.963 INFO             PET2     driver: IInitAdvertise intro.
20260910 015223.963 INFO             PET2       driver: IInitAdvertise intro {IS}:--- StateLog() start -----------------
20260910 015223.963 INFO             PET2       driver: IInitAdvertise intro {IS}:State object is invalid! Not created or deleted!
20260910 015223.963 INFO             PET2       driver: IInitAdvertise intro {IS}:--- StateLog() end -------------------
20260910 015223.963 INFO             PET2       driver: IInitAdvertise intro {ES}:--- StateLog() start -----------------
20260910 015223.963 INFO             PET2       driver: IInitAdvertise intro {ES}:State object is invalid! Not created or deleted!
20260910 015223.963 INFO             PET2       driver: IInitAdvertise intro {ES}:--- StateLog() end -------------------
20260910 015223.963 INFO             PET2       >>>driver: entered Initialize (phase=<none>) with current time:    0  1  1  0  0  0   0
20260910 015223.963 INFO             PET2       <<<driver: leaving Initialize (phase=<none>) with current time:    0  1  1  0  0  0   0
20260910 015223.963 INFO             PET2       driver: IInitAdvertise extro {IS}:--- StateLog() start -----------------
20260910 015223.963 INFO             PET2       driver: IInitAdvertise extro {IS}:State object is invalid! Not created or deleted!
20260910 015223.963 INFO             PET2       driver: IInitAdvertise extro {IS}:--- StateLog() end -------------------
20260910 015223.963 INFO             PET2       driver: IInitAdvertise extro {ES}:--- StateLog() start -----------------
20260910 015223.963 INFO             PET2       driver: IInitAdvertise extro {ES}:State object is invalid! Not created or deleted!
20260910 015223.963 INFO             PET2       driver: IInitAdvertise extro {ES}:--- StateLog() end -------------------
20260910 015223.963 INFO             PET2     driver: IInitAdvertise extro.
20260910 015223.963 INFO             PET2     MODEL: InitializeIPDvXp01 intro.
20260910 015223.963 INFO             PET2       MODEL: InitializeIPDvXp01 intro {IS}:--- StateLog() start -----------------
20260910 015223.963 INFO             PET2       MODEL: InitializeIPDvXp01 intro {IS}:<name: MODEL-ImportState> <intent: ESMF_STATEINTENT_IMPORT> <itemCount:    0>
20260910 015223.963 INFO             PET2       MODEL: InitializeIPDvXp01 intro {IS}:--- StateLog() end -------------------
20260910 015223.963 INFO             PET2       MODEL: InitializeIPDvXp01 intro {ES}:--- StateLog() start -----------------
20260910 015223.963 INFO             PET2       MODEL: InitializeIPDvXp01 intro {ES}:<name: MODEL-ExportState> <intent: ESMF_STATEINTENT_EXPORT> <itemCount:    0>
20260910 015223.963 INFO             PET2       MODEL: InitializeIPDvXp01 intro {ES}:--- StateLog() end -------------------
20260910 015223.963 INFO             PET2       >>>MODEL: entered Initialize (phase=IPDvXp01) without valid internal Clock.
20260910 015223.965 INFO             PET2       <<<MODEL: leaving Initialize (phase=IPDvXp01) without valid internal Clock.
20260910 015223.965 INFO             PET2       MODEL: InitializeIPDvXp01 extro {IS}:--- StateLog() start -----------------
20260910 015223.965 INFO             PET2       MODEL: InitializeIPDvXp01 extro {IS}:<name: MODEL-ImportState> <intent: ESMF_STATEINTENT_IMPORT> <itemCount:    0>
20260910 015223.965 INFO             PET2       MODEL: InitializeIPDvXp01 extro {IS}:--- StateLog() end -------------------
20260910 015223.965 INFO             PET2       MODEL: InitializeIPDvXp01 extro {ES}:--- StateLog() start -----------------
20260910 015223.965 INFO             PET2       MODEL: InitializeIPDvXp01 extro {ES}:<name: MODEL-ExportState> <intent: ESMF_STATEINTENT_EXPORT> <itemCount:    2>
20260910 015223.965 INFO             PET2       MODEL: InitializeIPDvXp01 extro {ES}:+-<item: 0001> <itemType: Field> <itemName: pmsl>
20260910 015223.965 INFO             PET2       MODEL: InitializeIPDvXp01 extro {ES}:!--- FieldLog() start -----------------
20260910 015223.965 INFO             PET2       MODEL: InitializeIPDvXp01 extro {ES}:! <name: pmsl> <fieldStatus: ESMF_FIELDSTATUS_EMPTY>
20260910 015223.965 INFO             PET2       MODEL: InitializeIPDvXp01 extro {ES}:! 0x7ffdf6fca270 => 0xf3e2a0 => 0xf45750
20260910 015223.965 INFO             PET2       MODEL: InitializeIPDvXp01 extro {ES}:!--- FieldLog() end -------------------
20260910 015223.965 INFO             PET2       MODEL: InitializeIPDvXp01 extro {ES}:+-<item: 0002> <itemType: Field> <itemName: rsns>
20260910 015223.965 INFO             PET2       MODEL: InitializeIPDvXp01 extro {ES}:!--- FieldLog() start -----------------
20260910 015223.965 INFO             PET2       MODEL: InitializeIPDvXp01 extro {ES}:! <name: rsns> <fieldStatus: ESMF_FIELDSTATUS_EMPTY>
20260910 015223.965 INFO             PET2       MODEL: InitializeIPDvXp01 extro {ES}:! 0x7ffdf6fca270 => 0xf498f0 => 0xf49b10
20260910 015223.965 INFO             PET2       MODEL: InitializeIPDvXp01 extro {ES}:!--- FieldLog() end -------------------
20260910 015223.965 INFO             PET2       MODEL: InitializeIPDvXp01 extro {ES}:--- StateLog() end -------------------
20260910 015223.965 INFO             PET2     MODEL: InitializeIPDvXp01 extro.
20260910 015223.965 INFO             PET2     driver: IInitAdvertiseFinish intro.
20260910 015223.965 INFO             PET2       driver: IInitAdvertiseFinish intro {IS}:--- StateLog() start -----------------
20260910 015223.965 INFO             PET2       driver: IInitAdvertiseFinish intro {IS}:State object is invalid! Not created or deleted!
20260910 015223.965 INFO             PET2       driver: IInitAdvertiseFinish intro {IS}:--- StateLog() end -------------------
20260910 015223.965 INFO             PET2       driver: IInitAdvertiseFinish intro {ES}:--- StateLog() start -----------------
20260910 015223.965 INFO             PET2       driver: IInitAdvertiseFinish intro {ES}:State object is invalid! Not created or deleted!
20260910 015223.965 INFO             PET2       driver: IInitAdvertiseFinish intro {ES}:--- StateLog() end -------------------
20260910 015223.965 INFO             PET2       >>>driver: entered Initialize (phase=<none>) with current time:    0  1  1  0  0  0   0
20260910 015223.965 INFO             PET2       <<<driver: leaving Initialize (phase=<none>) with current time:    0  1  1  0  0  0   0
20260910 015223.965 INFO             PET2       driver: IInitAdvertiseFinish extro {IS}:--- StateLog() start -----------------
20260910 015223.965 INFO             PET2       driver: IInitAdvertiseFinish extro {IS}:State object is invalid! Not created or deleted!
20260910 015223.965 INFO             PET2       driver: IInitAdvertiseFinish extro {IS}:--- StateLog() end -------------------
20260910 015223.965 INFO             PET2       driver: IInitAdvertiseFinish extro {ES}:--- StateLog() start -----------------
20260910 015223.965 INFO             PET2       driver: IInitAdvertiseFinish extro {ES}:State object is invalid! Not created or deleted!
20260910 015223.965 INFO             PET2       driver: IInitAdvertiseFinish extro {ES}:--- StateLog() end -------------------
20260910 015223.965 INFO             PET2     driver: IInitAdvertiseFinish extro.
20260910 015223.966 INFO             PET2     driver: IInitModifyCplLists intro.
20260910 015223.966 INFO             PET2       driver: IInitModifyCplLists intro {IS}:--- StateLog() start -----------------
20260910 015223.966 INFO             PET2       driver: IInitModifyCplLists intro {IS}:State object is invalid! Not created or deleted!
20260910 015223.966 INFO             PET2       driver: IInitModifyCplLists intro {IS}:--- StateLog() end -------------------
20260910 015223.966 INFO             PET2       driver: IInitModifyCplLists intro {ES}:--- StateLog() start -----------------
20260910 015223.966 INFO             PET2       driver: IInitModifyCplLists intro {ES}:State object is invalid! Not created or deleted!
20260910 015223.966 INFO             PET2       driver: IInitModifyCplLists intro {ES}:--- StateLog() end -------------------
20260910 015223.966 INFO             PET2       >>>driver: entered Initialize (phase=<none>) with current time:    0  1  1  0  0  0   0
20260910 015223.966 INFO             PET2       <<<driver: leaving Initialize (phase=<none>) with current time:    0  1  1  0  0  0   0
20260910 015223.966 INFO             PET2       driver: IInitModifyCplLists extro {IS}:--- StateLog() start -----------------
20260910 015223.966 INFO             PET2       driver: IInitModifyCplLists extro {IS}:State object is invalid! Not created or deleted!
20260910 015223.966 INFO             PET2       driver: IInitModifyCplLists extro {IS}:--- StateLog() end -------------------
20260910 015223.966 INFO             PET2       driver: IInitModifyCplLists extro {ES}:--- StateLog() start -----------------
20260910 015223.966 INFO             PET2       driver: IInitModifyCplLists extro {ES}:State object is invalid! Not created or deleted!
20260910 015223.966 INFO             PET2       driver: IInitModifyCplLists extro {ES}:--- StateLog() end -------------------
20260910 015223.966 INFO             PET2     driver: IInitModifyCplLists extro.
20260910 015223.966 INFO             PET2     <<<driver: leaving Initialize (phase=<none>) with current time:    0  1  1  0  0  0   0
20260910 015223.966 INFO             PET2     driver: InitializeIPDv02p1 extro {IS}:--- StateLog() start -----------------
20260910 015223.966 INFO             PET2     driver: InitializeIPDv02p1 extro {IS}:State object is invalid! Not created or deleted!
20260910 015223.966 INFO             PET2     driver: InitializeIPDv02p1 extro {IS}:--- StateLog() end -------------------
20260910 015223.966 INFO             PET2     driver: InitializeIPDv02p1 extro {ES}:--- StateLog() start -----------------
20260910 015223.966 INFO             PET2     driver: InitializeIPDv02p1 extro {ES}:State object is invalid! Not created or deleted!
20260910 015223.966 INFO             PET2     driver: InitializeIPDv02p1 extro {ES}:--- StateLog() end -------------------
20260910 015223.966 INFO             PET2   driver: InitializeIPDv02p1 extro.
20260910 015223.966 INFO             PET2   driver: InitializeIPDv02p3 intro.
20260910 015223.966 INFO             PET2     driver: InitializeIPDv02p3 intro {IS}:--- StateLog() start -----------------
20260910 015223.966 INFO             PET2     driver: InitializeIPDv02p3 intro {IS}:State object is invalid! Not created or deleted!
20260910 015223.966 INFO             PET2     driver: InitializeIPDv02p3 intro {IS}:--- StateLog() end -------------------
20260910 015223.966 INFO             PET2     driver: InitializeIPDv02p3 intro {ES}:--- StateLog() start -----------------
20260910 015223.966 INFO             PET2     driver: InitializeIPDv02p3 intro {ES}:State object is invalid! Not created or deleted!
20260910 015223.966 INFO             PET2     driver: InitializeIPDv02p3 intro {ES}:--- StateLog() end -------------------
20260910 015223.966 INFO             PET2     >>>driver: entered Initialize (phase=<none>) with current time:    0  1  1  0  0  0   0
20260910 015223.966 INFO             PET2     driver: IInitCheck intro.
20260910 015223.966 INFO             PET2       driver: IInitCheck intro {IS}:--- StateLog() start -----------------
20260910 015223.966 INFO             PET2       driver: IInitCheck intro {IS}:State object is invalid! Not created or deleted!
20260910 015223.966 INFO             PET2       driver: IInitCheck intro {IS}:--- StateLog() end -------------------
20260910 015223.966 INFO             PET2       driver: IInitCheck intro {ES}:--- StateLog() start -----------------
20260910 015223.966 INFO             PET2       driver: IInitCheck intro {ES}:State object is invalid! Not created or deleted!
20260910 015223.966 INFO             PET2       driver: IInitCheck intro {ES}:--- StateLog() end -------------------
20260910 015223.966 INFO             PET2       >>>driver: entered Initialize (phase=<none>) with current time:    0  1  1  0  0  0   0
20260910 015223.966 INFO             PET2       <<<driver: leaving Initialize (phase=<none>) with current time:    0  1  1  0  0  0   0
20260910 015223.966 INFO             PET2       driver: IInitCheck extro {IS}:--- StateLog() start -----------------
20260910 015223.966 INFO             PET2       driver: IInitCheck extro {IS}:State object is invalid! Not created or deleted!
20260910 015223.966 INFO             PET2       driver: IInitCheck extro {IS}:--- StateLog() end -------------------
20260910 015223.966 INFO             PET2       driver: IInitCheck extro {ES}:--- StateLog() start -----------------
20260910 015223.966 INFO             PET2       driver: IInitCheck extro {ES}:State object is invalid! Not created or deleted!
20260910 015223.966 INFO             PET2       driver: IInitCheck extro {ES}:--- StateLog() end -------------------
20260910 015223.966 INFO             PET2     driver: IInitCheck extro.
20260910 015223.966 INFO             PET2     MODEL: InitializeIPDvXp04 intro.
20260910 015223.966 INFO             PET2       MODEL: InitializeIPDvXp04 intro {IS}:--- StateLog() start -----------------
20260910 015223.966 INFO             PET2       MODEL: InitializeIPDvXp04 intro {IS}:<name: MODEL-ImportState> <intent: ESMF_STATEINTENT_IMPORT> <itemCount:    0>
20260910 015223.966 INFO             PET2       MODEL: InitializeIPDvXp04 intro {IS}:--- StateLog() end -------------------
20260910 015223.966 INFO             PET2       MODEL: InitializeIPDvXp04 intro {ES}:--- StateLog() start -----------------
20260910 015223.966 INFO             PET2       MODEL: InitializeIPDvXp04 intro {ES}:<name: MODEL-ExportState> <intent: ESMF_STATEINTENT_EXPORT> <itemCount:    2>
20260910 015223.966 INFO             PET2       MODEL: InitializeIPDvXp04 intro {ES}:+-<item: 0001> <itemType: Field> <itemName: pmsl>
20260910 015223.966 INFO             PET2       MODEL: InitializeIPDvXp04 intro {ES}:!--- FieldLog() start -----------------
20260910 015223.966 INFO             PET2       MODEL: InitializeIPDvXp04 intro {ES}:! <name: pmsl> <fieldStatus: ESMF_FIELDSTATUS_EMPTY>
20260910 015223.966 INFO             PET2       MODEL: InitializeIPDvXp04 intro {ES}:! 0x7ffdf6fcb710 => 0xf3e2a0 => 0xf45750
20260910 015223.966 INFO             PET2       MODEL: InitializeIPDvXp04 intro {ES}:!--- FieldLog() end -------------------
20260910 015223.966 INFO             PET2       MODEL: InitializeIPDvXp04 intro {ES}:+-<item: 0002> <itemType: Field> <itemName: rsns>
20260910 015223.966 INFO             PET2       MODEL: InitializeIPDvXp04 intro {ES}:!--- FieldLog() start -----------------
20260910 015223.966 INFO             PET2       MODEL: InitializeIPDvXp04 intro {ES}:! <name: rsns> <fieldStatus: ESMF_FIELDSTATUS_EMPTY>
20260910 015223.966 INFO             PET2       MODEL: InitializeIPDvXp04 intro {ES}:! 0x7ffdf6fcb710 => 0xf498f0 => 0xf49b10
20260910 015223.966 INFO             PET2       MODEL: InitializeIPDvXp04 intro {ES}:!--- FieldLog() end -------------------
20260910 015223.966 INFO             PET2       MODEL: InitializeIPDvXp04 intro {ES}:--- StateLog() end -------------------
20260910 015223.966 INFO             PET2       >>>MODEL: entered Initialize (phase=IPDvXp04) without valid internal Clock.
20260910 015223.968 INFO             PET2       After Realize: - MemInfo: [/proc/meminfo - SSI]	MemTotal:        7836652 kB
20260910 015223.968 INFO             PET2       After Realize: - MemInfo: [/proc/meminfo - SSI]	MemFree:         4020400 kB
20260910 015223.968 INFO             PET2       After Realize: - MemInfo: [/proc/meminfo - SSI]	MemAvailable:    6349312 kB
20260910 015223.968 INFO             PET2       After Realize: - MemInfo: [/proc/meminfo - SSI]	Committed_AS:    7446560 kB
20260910 015223.968 INFO             PET2       After Realize: - MemInfo: [/proc/meminfo - SSI]	CommittedPercent: 95.0222 %
20260910 015223.968 INFO             PET2       After Realize: - MemInfo: [/proc/self/status]	VmPeak:	  108440 kB
20260910 015223.968 INFO             PET2       After Realize: - MemInfo: [/proc/self/status]	VmSize:	  108440 kB
20260910 015223.968 INFO             PET2       After Realize: - MemInfo: [/proc/self/status]	VmLck:	       0 kB
20260910 015223.968 INFO             PET2       After Realize: - MemInfo: [/proc/self/status]	VmPin:	       0 kB
20260910 015223.968 INFO             PET2       After Realize: - MemInfo: [/proc/self/status]	VmHWM:	   28140 kB
20260910 015223.968 INFO             PET2       After Realize: - MemInfo: [/proc/self/status]	VmRSS:	   28140 kB
20260910 015223.968 INFO             PET2       After Realize: - MemInfo: [/proc/self/status]	VmData:	   10120 kB
20260910 015223.968 INFO             PET2       After Realize: - MemInfo: [/proc/self/status]	VmStk:	     136 kB
20260910 015223.968 INFO             PET2       After Realize: - MemInfo: [/proc/self/status]	VmExe:	     180 kB
20260910 015223.968 INFO             PET2       After Realize: - MemInfo: [/proc/self/status]	VmLib:	   41452 kB
20260910 015223.968 INFO             PET2       After Realize: - MemInfo: [/proc/self/status]	VmPTE:	     224 kB
20260910 015223.968 INFO             PET2       After Realize: - MemInfo: [/proc/self/status]	VmSwap:	       0 kB
20260910 015223.968 INFO             PET2       After Realize: - MemInfo: [/proc/self/status]	VmRSSPercent: 0.359082 %
20260910 015223.968 INFO             PET2       After Realize: - MemInfo: [malloc] Non-mmapped space allocated:                 1024000 Byte
20260910 015223.968 INFO             PET2       After Realize: - MemInfo: [malloc] Space allocated in mmapped regions:          6012928 Byte
20260910 015223.968 INFO             PET2       After Realize: - MemInfo: [malloc] Maximum total allocated space:                     0 Byte
20260910 015223.968 INFO             PET2       After Realize: - MemInfo: [malloc] Space in freed fastbin blocks:                   480 Byte
20260910 015223.968 INFO             PET2       After Realize: - MemInfo: [malloc] Total allocated space:                        900576 Byte
20260910 015223.968 INFO             PET2       After Realize: - MemInfo: [malloc] Total free space:                             123424 Byte
20260910 015223.968 INFO             PET2       After Realize: - MemInfo: [malloc] Top-most, releasable space:                   122944 Byte
20260910 015223.968 INFO             PET2       After Realize: - MemInfo: [malloc] Total space in use, mmap + non-mmap:         6913504 Byte
20260910 015223.968 INFO             PET2       After Realize: - MemInfo: [malloc] Total space held (mmap + non-mmap):          7036928 Byte
20260910 015223.968 INFO             PET2       After Realize: - MemInfo: [malloc] Total space used (mmap + non-mmap):          6922368 Byte
20260910 015223.968 INFO             PET2       After Realize: - MemInfo: Wall-clock time since execution start:               0.015491 seconds
20260910 015223.968 INFO             PET2       <<<MODEL: leaving Initialize (phase=IPDvXp04) without valid internal Clock.
20260910 015223.968 INFO             PET2       MODEL: InitializeIPDvXp04 extro {IS}:--- StateLog() start -----------------
20260910 015223.968 INFO             PET2       MODEL: InitializeIPDvXp04 extro {IS}:<name: MODEL-ImportState> <intent: ESMF_STATEINTENT_IMPORT> <itemCount:    0>
20260910 015223.968 INFO             PET2       MODEL: InitializeIPDvXp04 extro {IS}:--- StateLog() end -------------------
20260910 015223.968 INFO             PET2       MODEL: InitializeIPDvXp04 extro {ES}:--- StateLog() start -----------------
20260910 015223.968 INFO             PET2       MODEL: InitializeIPDvXp04 extro {ES}:<name: MODEL-ExportState> <intent: ESMF_STATEINTENT_EXPORT> <itemCount:    2>
20260910 015223.968 INFO             PET2       MODEL: InitializeIPDvXp04 extro {ES}:+-<item: 0001> <itemType: Field> <itemName: pmsl>
20260910 015223.968 INFO             PET2       MODEL: InitializeIPDvXp04 extro {ES}:!--- FieldLog() start -----------------
20260910 015223.968 INFO             PET2       MODEL: InitializeIPDvXp04 extro {ES}:! <name: pmsl> <fieldStatus: ESMF_FIELDSTATUS_COMPLETE>
20260910 015223.968 INFO             PET2       MODEL: InitializeIPDvXp04 extro {ES}:! 0x7ffdf6fcb9b0 => 0xf61470 => 0xf61690
20260910 015223.968 INFO             PET2       MODEL: InitializeIPDvXp04 extro {ES}:! <typekind: Real*8> <rank:    2> <dimCount:    2>
20260910 015223.968 INFO             PET2       MODEL: InitializeIPDvXp04 extro {ES}:! ! --- Array::log() start -----------------------------------
20260910 015223.968 INFO             PET2       MODEL: InitializeIPDvXp04 extro {ES}:! ! 0xf625e0
20260910 015223.969 INFO             PET2       MODEL: InitializeIPDvXp04 extro {ES}:! ! <name: pmsl>
20260910 015223.969 INFO             PET2       MODEL: InitializeIPDvXp04 extro {ES}:! ! ! --- DistGrid::log() start --------------------------------
20260910 015223.969 INFO             PET2       MODEL: InitializeIPDvXp04 extro {ES}:! ! ! 0xf5e7d0
20260910 015223.969 INFO             PET2       MODEL: InitializeIPDvXp04 extro {ES}:! ! ! DistGrid object is valid!<name: DG-Grid004-sloc:0>
20260910 015223.969 INFO             PET2       MODEL: InitializeIPDvXp04 extro {ES}:! ! ! --- DistGrid::log() end ----------------------------------
20260910 015223.969 INFO             PET2       MODEL: InitializeIPDvXp04 extro {ES}:! ! --- Array::log() end -------------------------------------
20260910 015223.969 INFO             PET2       MODEL: InitializeIPDvXp04 extro {ES}:!--- FieldLog() end -------------------
20260910 015223.969 INFO             PET2       MODEL: InitializeIPDvXp04 extro {ES}:+-<item: 0002> <itemType: Field> <itemName: rsns>
20260910 015223.969 INFO             PET2       MODEL: InitializeIPDvXp04 extro {ES}:!--- FieldLog() start -----------------
20260910 015223.969 INFO             PET2       MODEL: InitializeIPDvXp04 extro {ES}:! <name: rsns> <fieldStatus: ESMF_FIELDSTATUS_COMPLETE>
20260910 015223.969 INFO             PET2       MODEL: InitializeIPDvXp04 extro {ES}:! 0x7ffdf6fcb9b0 => 0xf64050 => 0xf64270
20260910 015223.969 INFO             PET2       MODEL: InitializeIPDvXp04 extro {ES}:! <typekind: Real*8> <rank:    2> <dimCount:    2>
20260910 015223.969 INFO             PET2       MODEL: InitializeIPDvXp04 extro {ES}:! ! --- Array::log() start -----------------------------------
20260910 015223.969 INFO             PET2       MODEL: InitializeIPDvXp04 extro {ES}:! ! 0xf65140
20260910 015223.969 INFO             PET2       MODEL: InitializeIPDvXp04 extro {ES}:! ! <name: rsns>
20260910 015223.969 INFO             PET2       MODEL: InitializeIPDvXp04 extro {ES}:! ! ! --- DistGrid::log() start --------------------------------
20260910 015223.969 INFO             PET2       MODEL: InitializeIPDvXp04 extro {ES}:! ! ! 0xf5e7d0
20260910 015223.969 INFO             PET2       MODEL: InitializeIPDvXp04 extro {ES}:! ! ! DistGrid object is valid!<name: DG-Grid004-sloc:0>
20260910 015223.969 INFO             PET2       MODEL: InitializeIPDvXp04 extro {ES}:! ! ! --- DistGrid::log() end ----------------------------------
20260910 015223.969 INFO             PET2       MODEL: InitializeIPDvXp04 extro {ES}:! ! --- Array::log() end -------------------------------------
20260910 015223.969 INFO             PET2       MODEL: InitializeIPDvXp04 extro {ES}:!--- FieldLog() end -------------------
20260910 015223.969 INFO             PET2       MODEL: InitializeIPDvXp04 extro {ES}:--- StateLog() end -------------------
20260910 015223.969 INFO             PET2     MODEL: InitializeIPDvXp04 extro.
20260910 015223.969 INFO             PET2     driver: IInitRealize intro.
20260910 015223.969 INFO             PET2       driver: IInitRealize intro {IS}:--- StateLog() start -----------------
20260910 015223.969 INFO             PET2       driver: IInitRealize intro {IS}:State object is invalid! Not created or deleted!
20260910 015223.969 INFO             PET2       driver: IInitRealize intro {IS}:--- StateLog() end -------------------
20260910 015223.969 INFO             PET2       driver: IInitRealize intro {ES}:--- StateLog() start -----------------
20260910 015223.969 INFO             PET2       driver: IInitRealize intro {ES}:State object is invalid! Not created or deleted!
20260910 015223.969 INFO             PET2       driver: IInitRealize intro {ES}:--- StateLog() end -------------------
20260910 015223.969 INFO             PET2       >>>driver: entered Initialize (phase=<none>) with current time:    0  1  1  0  0  0   0
20260910 015223.969 INFO             PET2       <<<driver: leaving Initialize (phase=<none>) with current time:    0  1  1  0  0  0   0
20260910 015223.969 INFO             PET2       driver: IInitRealize extro {IS}:--- StateLog() start -----------------
20260910 015223.969 INFO             PET2       driver: IInitRealize extro {IS}:State object is invalid! Not created or deleted!
20260910 015223.969 INFO             PET2       driver: IInitRealize extro {IS}:--- StateLog() end -------------------
20260910 015223.969 INFO             PET2       driver: IInitRealize extro {ES}:--- StateLog() start -----------------
20260910 015223.969 INFO             PET2       driver: IInitRealize extro {ES}:State object is invalid! Not created or deleted!
20260910 015223.969 INFO             PET2       driver: IInitRealize extro {ES}:--- StateLog() end -------------------
20260910 015223.969 INFO             PET2     driver: IInitRealize extro.
20260910 015223.969 INFO             PET2     MODEL: InitializeIPDvXp07 intro.
20260910 015223.969 INFO             PET2       MODEL: InitializeIPDvXp07 intro {IS}:--- StateLog() start -----------------
20260910 015223.969 INFO             PET2       MODEL: InitializeIPDvXp07 intro {IS}:<name: MODEL-ImportState> <intent: ESMF_STATEINTENT_IMPORT> <itemCount:    0>
20260910 015223.969 INFO             PET2       MODEL: InitializeIPDvXp07 intro {IS}:--- StateLog() end -------------------
20260910 015223.969 INFO             PET2       MODEL: InitializeIPDvXp07 intro {ES}:--- StateLog() start -----------------
20260910 015223.969 INFO             PET2       MODEL: InitializeIPDvXp07 intro {ES}:<name: MODEL-ExportState> <intent: ESMF_STATEINTENT_EXPORT> <itemCount:    2>
20260910 015223.969 INFO             PET2       MODEL: InitializeIPDvXp07 intro {ES}:+-<item: 0001> <itemType: Field> <itemName: pmsl>
20260910 015223.969 INFO             PET2       MODEL: InitializeIPDvXp07 intro {ES}:!--- FieldLog() start -----------------
20260910 015223.969 INFO             PET2       MODEL: InitializeIPDvXp07 intro {ES}:! <name: pmsl> <fieldStatus: ESMF_FIELDSTATUS_COMPLETE>
20260910 015223.969 INFO             PET2       MODEL: InitializeIPDvXp07 intro {ES}:! 0x7ffdf6fcb610 => 0xf61470 => 0xf61690
20260910 015223.970 INFO             PET2       MODEL: InitializeIPDvXp07 intro {ES}:! <typekind: Real*8> <rank:    2> <dimCount:    2>
20260910 015223.970 INFO             PET2       MODEL: InitializeIPDvXp07 intro {ES}:! ! --- Array::log() start -----------------------------------
20260910 015223.970 INFO             PET2       MODEL: InitializeIPDvXp07 intro {ES}:! ! 0xf625e0
20260910 015223.970 INFO             PET2       MODEL: InitializeIPDvXp07 intro {ES}:! ! <name: pmsl>
20260910 015223.970 INFO             PET2       MODEL: InitializeIPDvXp07 intro {ES}:! ! ! --- DistGrid::log() start --------------------------------
20260910 015223.970 INFO             PET2       MODEL: InitializeIPDvXp07 intro {ES}:! ! ! 0xf5e7d0
20260910 015223.970 INFO             PET2       MODEL: InitializeIPDvXp07 intro {ES}:! ! ! DistGrid object is valid!<name: DG-Grid004-sloc:0>
20260910 015223.970 INFO             PET2       MODEL: InitializeIPDvXp07 intro {ES}:! ! ! --- DistGrid::log() end ----------------------------------
20260910 015223.970 INFO             PET2       MODEL: InitializeIPDvXp07 intro {ES}:! ! --- Array::log() end -------------------------------------
20260910 015223.970 INFO             PET2       MODEL: InitializeIPDvXp07 intro {ES}:!--- FieldLog() end -------------------
20260910 015223.970 INFO             PET2       MODEL: InitializeIPDvXp07 intro {ES}:+-<item: 0002> <itemType: Field> <itemName: rsns>
20260910 015223.970 INFO             PET2       MODEL: InitializeIPDvXp07 intro {ES}:!--- FieldLog() start -----------------
20260910 015223.970 INFO             PET2       MODEL: InitializeIPDvXp07 intro {ES}:! <name: rsns> <fieldStatus: ESMF_FIELDSTATUS_COMPLETE>
20260910 015223.970 INFO             PET2       MODEL: InitializeIPDvXp07 intro {ES}:! 0x7ffdf6fcb610 => 0xf64050 => 0xf64270
20260910 015223.970 INFO             PET2       MODEL: InitializeIPDvXp07 intro {ES}:! <typekind: Real*8> <rank:    2> <dimCount:    2>
20260910 015223.970 INFO             PET2       MODEL: InitializeIPDvXp07 intro {ES}:! ! --- Array::log() start -----------------------------------
20260910 015223.970 INFO             PET2       MODEL: InitializeIPDvXp07 intro {ES}:! ! 0xf65140
20260910 015223.970 INFO             PET2       MODEL: InitializeIPDvXp07 intro {ES}:! ! <name: rsns>
20260910 015223.970 INFO             PET2       MODEL: InitializeIPDvXp07 intro {ES}:! ! ! --- DistGrid::log() start --------------------------------
20260910 015223.970 INFO             PET2       MODEL: InitializeIPDvXp07 intro {ES}:! ! ! 0xf5e7d0
20260910 015223.970 INFO             PET2       MODEL: InitializeIPDvXp07 intro {ES}:! ! ! DistGrid object is valid!<name: DG-Grid004-sloc:0>
20260910 015223.970 INFO             PET2       MODEL: InitializeIPDvXp07 intro {ES}:! ! ! --- DistGrid::log() end ----------------------------------
20260910 015223.970 INFO             PET2       MODEL: InitializeIPDvXp07 intro {ES}:! ! --- Array::log() end -------------------------------------
20260910 015223.970 INFO             PET2       MODEL: InitializeIPDvXp07 intro {ES}:!--- FieldLog() end -------------------
20260910 015223.970 INFO             PET2       MODEL: InitializeIPDvXp07 intro {ES}:--- StateLog() end -------------------
20260910 015223.970 INFO             PET2       >>>MODEL: entered Initialize (phase=IPDvXp07) without valid internal Clock.
20260910 015223.970 INFO             PET2       <<<MODEL: leaving Initialize (phase=IPDvXp07) with current time:    0  1  1  0  0  0   0
20260910 015223.970 INFO             PET2       MODEL: InitializeIPDvXp07 extro {IS}:--- StateLog() start -----------------
20260910 015223.970 INFO             PET2       MODEL: InitializeIPDvXp07 extro {IS}:<name: MODEL-ImportState> <intent: ESMF_STATEINTENT_IMPORT> <itemCount:    0>
20260910 015223.970 INFO             PET2       MODEL: InitializeIPDvXp07 extro {IS}:--- StateLog() end -------------------
20260910 015223.970 INFO             PET2       MODEL: InitializeIPDvXp07 extro {ES}:--- StateLog() start -----------------
20260910 015223.970 INFO             PET2       MODEL: InitializeIPDvXp07 extro {ES}:<name: MODEL-ExportState> <intent: ESMF_STATEINTENT_EXPORT> <itemCount:    2>
20260910 015223.970 INFO             PET2       MODEL: InitializeIPDvXp07 extro {ES}:+-<item: 0001> <itemType: Field> <itemName: pmsl>
20260910 015223.970 INFO             PET2       MODEL: InitializeIPDvXp07 extro {ES}:!--- FieldLog() start -----------------
20260910 015223.970 INFO             PET2       MODEL: InitializeIPDvXp07 extro {ES}:! <name: pmsl> <fieldStatus: ESMF_FIELDSTATUS_COMPLETE>
20260910 015223.970 INFO             PET2       MODEL: InitializeIPDvXp07 extro {ES}:! 0x7ffdf6fcb8b0 => 0xf61470 => 0xf61690
20260910 015223.970 INFO             PET2       MODEL: InitializeIPDvXp07 extro {ES}:! <typekind: Real*8> <rank:    2> <dimCount:    2>
20260910 015223.970 INFO             PET2       MODEL: InitializeIPDvXp07 extro {ES}:! ! --- Array::log() start -----------------------------------
20260910 015223.970 INFO             PET2       MODEL: InitializeIPDvXp07 extro {ES}:! ! 0xf625e0
20260910 015223.970 INFO             PET2       MODEL: InitializeIPDvXp07 extro {ES}:! ! <name: pmsl>
20260910 015223.970 INFO             PET2       MODEL: InitializeIPDvXp07 extro {ES}:! ! ! --- DistGrid::log() start --------------------------------
20260910 015223.970 INFO             PET2       MODEL: InitializeIPDvXp07 extro {ES}:! ! ! 0xf5e7d0
20260910 015223.970 INFO             PET2       MODEL: InitializeIPDvXp07 extro {ES}:! ! ! DistGrid object is valid!<name: DG-Grid004-sloc:0>
20260910 015223.970 INFO             PET2       MODEL: InitializeIPDvXp07 extro {ES}:! ! ! --- DistGrid::log() end ----------------------------------
20260910 015223.970 INFO             PET2       MODEL: InitializeIPDvXp07 extro {ES}:! ! --- Array::log() end -------------------------------------
20260910 015223.970 INFO             PET2       MODEL: InitializeIPDvXp07 extro {ES}:!--- FieldLog() end -------------------
20260910 015223.970 INFO             PET2       MODEL: InitializeIPDvXp07 extro {ES}:+-<item: 0002> <itemType: Field> <itemName: rsns>
20260910 015223.970 INFO             PET2       MODEL: InitializeIPDvXp07 extro {ES}:!--- FieldLog() start -----------------
20260910 015223.970 INFO             PET2       MODEL: InitializeIPDvXp07 extro {ES}:! <name: rsns> <fieldStatus: ESMF_FIELDSTATUS_COMPLETE>
20260910 015223.970 INFO             PET2       MODEL: InitializeIPDvXp07 extro {ES}:! 0x7ffdf6fcb8b0 => 0xf64050 => 0xf64270
20260910 015223.970 INFO             PET2       MODEL: InitializeIPDvXp07 extro {ES}:! <typekind: Real*8> <rank:    2> <dimCount:    2>
20260910 015223.970 INFO             PET2       MODEL: InitializeIPDvXp07 extro {ES}:! ! --- Array::log() start -----------------------------------
20260910 015223.970 INFO             PET2       MODEL: InitializeIPDvXp07 extro {ES}:! ! 0xf65140
20260910 015223.970 INFO             PET2       MODEL: InitializeIPDvXp07 extro {ES}:! ! <name: rsns>
20260910 015223.970 INFO             PET2       MODEL: InitializeIPDvXp07 extro {ES}:! ! ! --- DistGrid::log() start --------------------------------
20260910 015223.970 INFO             PET2       MODEL: InitializeIPDvXp07 extro {ES}:! ! ! 0xf5e7d0
20260910 015223.970 INFO             PET2       MODEL: InitializeIPDvXp07 extro {ES}:! ! ! DistGrid object is valid!<name: DG-Grid004-sloc:0>
20260910 015223.970 INFO             PET2       MODEL: InitializeIPDvXp07 extro {ES}:! ! ! --- DistGrid::log() end ----------------------------------
20260910 015223.970 INFO             PET2       MODEL: InitializeIPDvXp07 extro {ES}:! ! --- Array::log() end -------------------------------------
20260910 015223.970 INFO             PET2       MODEL: InitializeIPDvXp07 extro {ES}:!--- FieldLog() end -------------------
20260910 015223.970 INFO             PET2       MODEL: InitializeIPDvXp07 extro {ES}:--- StateLog() end -------------------
20260910 015223.970 INFO             PET2     MODEL: InitializeIPDvXp07 extro.
20260910 015223.970 INFO             PET2     <<<driver: leaving Initialize (phase=<none>) with current time:    0  1  1  0  0  0   0
20260910 015223.970 INFO             PET2     driver: InitializeIPDv02p3 extro {IS}:--- StateLog() start -----------------
20260910 015223.970 INFO             PET2     driver: InitializeIPDv02p3 extro {IS}:State object is invalid! Not created or deleted!
20260910 015223.970 INFO             PET2     driver: InitializeIPDv02p3 extro {IS}:--- StateLog() end -------------------
20260910 015223.970 INFO             PET2     driver: InitializeIPDv02p3 extro {ES}:--- StateLog() start -----------------
20260910 015223.970 INFO             PET2     driver: InitializeIPDv02p3 extro {ES}:State object is invalid! Not created or deleted!
20260910 015223.970 INFO             PET2     driver: InitializeIPDv02p3 extro {ES}:--- StateLog() end -------------------
20260910 015223.970 INFO             PET2   driver: InitializeIPDv02p3 extro.
20260910 015223.970 INFO             PET2   driver: InitializeIPDv02p5 intro.
20260910 015223.970 INFO             PET2     driver: InitializeIPDv02p5 intro {IS}:--- StateLog() start -----------------
20260910 015223.970 INFO             PET2     driver: InitializeIPDv02p5 intro {IS}:State object is invalid! Not created or deleted!
20260910 015223.970 INFO             PET2     driver: InitializeIPDv02p5 intro {IS}:--- StateLog() end -------------------
20260910 015223.970 INFO             PET2     driver: InitializeIPDv02p5 intro {ES}:--- StateLog() start -----------------
20260910 015223.970 INFO             PET2     driver: InitializeIPDv02p5 intro {ES}:State object is invalid! Not created or deleted!
20260910 015223.970 INFO             PET2     driver: InitializeIPDv02p5 intro {ES}:--- StateLog() end -------------------
20260910 015223.970 INFO             PET2     >>>driver: entered Initialize (phase=<none>) with current time:    0  1  1  0  0  0   0
20260910 015223.970 INFO             PET2     driver: this is a top level driver, no 'Updated' and 'InitializeDataComplete' info on this level.
20260910 015223.970 INFO             PET2     driver: InitializeIPDv02p5Data intro.
20260910 015223.970 INFO             PET2       driver: InitializeIPDv02p5Data intro {IS}:--- StateLog() start -----------------
20260910 015223.970 INFO             PET2       driver: InitializeIPDv02p5Data intro {IS}:State object is invalid! Not created or deleted!
20260910 015223.970 INFO             PET2       driver: InitializeIPDv02p5Data intro {IS}:--- StateLog() end -------------------
20260910 015223.970 INFO             PET2       driver: InitializeIPDv02p5Data intro {ES}:--- StateLog() start -----------------
20260910 015223.970 INFO             PET2       driver: InitializeIPDv02p5Data intro {ES}:State object is invalid! Not created or deleted!
20260910 015223.970 INFO             PET2       driver: InitializeIPDv02p5Data intro {ES}:--- StateLog() end -------------------
20260910 015223.970 INFO             PET2       >>>driver: entered Initialize (phase=<none>) with current time:    0  1  1  0  0  0   0
20260910 015223.970 INFO             PET2       driver: InternalInitializeComplete intro.
20260910 015223.970 INFO             PET2         driver: InternalInitializeComplete intro {IS}:--- StateLog() start -----------------
20260910 015223.970 INFO             PET2         driver: InternalInitializeComplete intro {IS}:State object is invalid! Not created or deleted!
20260910 015223.971 INFO             PET2         driver: InternalInitializeComplete intro {IS}:--- StateLog() end -------------------
20260910 015223.971 INFO             PET2         driver: InternalInitializeComplete intro {ES}:--- StateLog() start -----------------
20260910 015223.971 INFO             PET2         driver: InternalInitializeComplete intro {ES}:State object is invalid! Not created or deleted!
20260910 015223.971 INFO             PET2         driver: InternalInitializeComplete intro {ES}:--- StateLog() end -------------------
20260910 015223.971 INFO             PET2         >>>driver: entered Initialize (phase=<none>) with current time:    0  1  1  0  0  0   0
20260910 015223.971 INFO             PET2         driver: InitializeDataComplete='true'
20260910 015223.971 INFO             PET2         <<<driver: leaving Initialize (phase=<none>) with current time:    0  1  1  0  0  0   0
20260910 015223.971 INFO             PET2         driver: InternalInitializeComplete extro {IS}:--- StateLog() start -----------------
20260910 015223.971 INFO             PET2         driver: InternalInitializeComplete extro {IS}:State object is invalid! Not created or deleted!
20260910 015223.971 INFO             PET2         driver: InternalInitializeComplete extro {IS}:--- StateLog() end -------------------
20260910 015223.971 INFO             PET2         driver: InternalInitializeComplete extro {ES}:--- StateLog() start -----------------
20260910 015223.971 INFO             PET2         driver: InternalInitializeComplete extro {ES}:State object is invalid! Not created or deleted!
20260910 015223.971 INFO             PET2         driver: InternalInitializeComplete extro {ES}:--- StateLog() end -------------------
20260910 015223.971 INFO             PET2       driver: InternalInitializeComplete extro.
20260910 015223.971 INFO             PET2       MODEL: InitializeIPDvXp08 intro.
20260910 015223.971 INFO             PET2         MODEL: InitializeIPDvXp08 intro {IS}:--- StateLog() start -----------------
20260910 015223.971 INFO             PET2         MODEL: InitializeIPDvXp08 intro {IS}:<name: MODEL-ImportState> <intent: ESMF_STATEINTENT_IMPORT> <itemCount:    0>
20260910 015223.971 INFO             PET2         MODEL: InitializeIPDvXp08 intro {IS}:--- StateLog() end -------------------
20260910 015223.971 INFO             PET2         MODEL: InitializeIPDvXp08 intro {ES}:--- StateLog() start -----------------
20260910 015223.971 INFO             PET2         MODEL: InitializeIPDvXp08 intro {ES}:<name: MODEL-ExportState> <intent: ESMF_STATEINTENT_EXPORT> <itemCount:    2>
20260910 015223.971 INFO             PET2         MODEL: InitializeIPDvXp08 intro {ES}:+-<item: 0001> <itemType: Field> <itemName: pmsl>
20260910 015223.971 INFO             PET2         MODEL: InitializeIPDvXp08 intro {ES}:!--- FieldLog() start -----------------
20260910 015223.971 INFO             PET2         MODEL: InitializeIPDvXp08 intro {ES}:! <name: pmsl> <fieldStatus: ESMF_FIELDSTATUS_COMPLETE>
20260910 015223.971 INFO             PET2         MODEL: InitializeIPDvXp08 intro {ES}:! 0x7ffdf6fcaa50 => 0xf61470 => 0xf61690
20260910 015223.971 INFO             PET2         MODEL: InitializeIPDvXp08 intro {ES}:! <typekind: Real*8> <rank:    2> <dimCount:    2>
20260910 015223.971 INFO             PET2         MODEL: InitializeIPDvXp08 intro {ES}:! ! --- Array::log() start -----------------------------------
20260910 015223.971 INFO             PET2         MODEL: InitializeIPDvXp08 intro {ES}:! ! 0xf625e0
20260910 015223.971 INFO             PET2         MODEL: InitializeIPDvXp08 intro {ES}:! ! <name: pmsl>
20260910 015223.971 INFO             PET2         MODEL: InitializeIPDvXp08 intro {ES}:! ! ! --- DistGrid::log() start --------------------------------
20260910 015223.971 INFO             PET2         MODEL: InitializeIPDvXp08 intro {ES}:! ! ! 0xf5e7d0
20260910 015223.971 INFO             PET2         MODEL: InitializeIPDvXp08 intro {ES}:! ! ! DistGrid object is valid!<name: DG-Grid004-sloc:0>
20260910 015223.971 INFO             PET2         MODEL: InitializeIPDvXp08 intro {ES}:! ! ! --- DistGrid::log() end ----------------------------------
20260910 015223.971 INFO             PET2         MODEL: InitializeIPDvXp08 intro {ES}:! ! --- Array::log() end -------------------------------------
20260910 015223.971 INFO             PET2         MODEL: InitializeIPDvXp08 intro {ES}:!--- FieldLog() end -------------------
20260910 015223.971 INFO             PET2         MODEL: InitializeIPDvXp08 intro {ES}:+-<item: 0002> <itemType: Field> <itemName: rsns>
20260910 015223.971 INFO             PET2         MODEL: InitializeIPDvXp08 intro {ES}:!--- FieldLog() start -----------------
20260910 015223.971 INFO             PET2         MODEL: InitializeIPDvXp08 intro {ES}:! <name: rsns> <fieldStatus: ESMF_FIELDSTATUS_COMPLETE>
20260910 015223.971 INFO             PET2         MODEL: InitializeIPDvXp08 intro {ES}:! 0x7ffdf6fcaa50 => 0xf64050 => 0xf64270
20260910 015223.971 INFO             PET2         MODEL: InitializeIPDvXp08 intro {ES}:! <typekind: Real*8> <rank:    2> <dimCount:    2>
20260910 015223.971 INFO             PET2         MODEL: InitializeIPDvXp08 intro {ES}:! ! --- Array::log() start -----------------------------------
20260910 015223.971 INFO             PET2         MODEL: InitializeIPDvXp08 intro {ES}:! ! 0xf65140
20260910 015223.971 INFO             PET2         MODEL: InitializeIPDvXp08 intro {ES}:! ! <name: rsns>
20260910 015223.971 INFO             PET2         MODEL: InitializeIPDvXp08 intro {ES}:! ! ! --- DistGrid::log() start --------------------------------
20260910 015223.971 INFO             PET2         MODEL: InitializeIPDvXp08 intro {ES}:! ! ! 0xf5e7d0
20260910 015223.971 INFO             PET2         MODEL: InitializeIPDvXp08 intro {ES}:! ! ! DistGrid object is valid!<name: DG-Grid004-sloc:0>
20260910 015223.971 INFO             PET2         MODEL: InitializeIPDvXp08 intro {ES}:! ! ! --- DistGrid::log() end ----------------------------------
20260910 015223.971 INFO             PET2         MODEL: InitializeIPDvXp08 intro {ES}:! ! --- Array::log() end -------------------------------------
20260910 015223.971 INFO             PET2         MODEL: InitializeIPDvXp08 intro {ES}:!--- FieldLog() end -------------------
20260910 015223.971 INFO             PET2         MODEL: InitializeIPDvXp08 intro {ES}:--- StateLog() end -------------------
20260910 015223.971 INFO             PET2         >>>MODEL: entered Initialize (phase=IPDv05p8) with current time:    0  1  1  0  0  0   0
20260910 015223.971 INFO             PET2         MODEL: InitializeDataProgress='false', InitializeDataComplete='false'
20260910 015223.971 INFO             PET2         <<<MODEL: leaving Initialize (phase=IPDv05p8) with current time:    0  1  1  0  0  0   0
20260910 015223.971 INFO             PET2         MODEL: InitializeIPDvXp08 extro {IS}:--- StateLog() start -----------------
20260910 015223.971 INFO             PET2         MODEL: InitializeIPDvXp08 extro {IS}:<name: MODEL-ImportState> <intent: ESMF_STATEINTENT_IMPORT> <itemCount:    0>
20260910 015223.971 INFO             PET2         MODEL: InitializeIPDvXp08 extro {IS}:--- StateLog() end -------------------
20260910 015223.971 INFO             PET2         MODEL: InitializeIPDvXp08 extro {ES}:--- StateLog() start -----------------
20260910 015223.971 INFO             PET2         MODEL: InitializeIPDvXp08 extro {ES}:<name: MODEL-ExportState> <intent: ESMF_STATEINTENT_EXPORT> <itemCount:    2>
20260910 015223.971 INFO             PET2         MODEL: InitializeIPDvXp08 extro {ES}:+-<item: 0001> <itemType: Field> <itemName: pmsl>
20260910 015223.971 INFO             PET2         MODEL: InitializeIPDvXp08 extro {ES}:!--- FieldLog() start -----------------
20260910 015223.971 INFO             PET2         MODEL: InitializeIPDvXp08 extro {ES}:! <name: pmsl> <fieldStatus: ESMF_FIELDSTATUS_COMPLETE>
20260910 015223.971 INFO             PET2         MODEL: InitializeIPDvXp08 extro {ES}:! 0x7ffdf6fcacf0 => 0xf61470 => 0xf61690
20260910 015223.971 INFO             PET2         MODEL: InitializeIPDvXp08 extro {ES}:! <typekind: Real*8> <rank:    2> <dimCount:    2>
20260910 015223.971 INFO             PET2         MODEL: InitializeIPDvXp08 extro {ES}:! ! --- Array::log() start -----------------------------------
20260910 015223.971 INFO             PET2         MODEL: InitializeIPDvXp08 extro {ES}:! ! 0xf625e0
20260910 015223.971 INFO             PET2         MODEL: InitializeIPDvXp08 extro {ES}:! ! <name: pmsl>
20260910 015223.971 INFO             PET2         MODEL: InitializeIPDvXp08 extro {ES}:! ! ! --- DistGrid::log() start --------------------------------
20260910 015223.971 INFO             PET2         MODEL: InitializeIPDvXp08 extro {ES}:! ! ! 0xf5e7d0
20260910 015223.971 INFO             PET2         MODEL: InitializeIPDvXp08 extro {ES}:! ! ! DistGrid object is valid!<name: DG-Grid004-sloc:0>
20260910 015223.971 INFO             PET2         MODEL: InitializeIPDvXp08 extro {ES}:! ! ! --- DistGrid::log() end ----------------------------------
20260910 015223.971 INFO             PET2         MODEL: InitializeIPDvXp08 extro {ES}:! ! --- Array::log() end -------------------------------------
20260910 015223.971 INFO             PET2         MODEL: InitializeIPDvXp08 extro {ES}:!--- FieldLog() end -------------------
20260910 015223.971 INFO             PET2         MODEL: InitializeIPDvXp08 extro {ES}:+-<item: 0002> <itemType: Field> <itemName: rsns>
20260910 015223.971 INFO             PET2         MODEL: InitializeIPDvXp08 extro {ES}:!--- FieldLog() start -----------------
20260910 015223.971 INFO             PET2         MODEL: InitializeIPDvXp08 extro {ES}:! <name: rsns> <fieldStatus: ESMF_FIELDSTATUS_COMPLETE>
20260910 015223.971 INFO             PET2         MODEL: InitializeIPDvXp08 extro {ES}:! 0x7ffdf6fcacf0 => 0xf64050 => 0xf64270
20260910 015223.971 INFO             PET2         MODEL: InitializeIPDvXp08 extro {ES}:! <typekind: Real*8> <rank:    2> <dimCount:    2>
20260910 015223.971 INFO             PET2         MODEL: InitializeIPDvXp08 extro {ES}:! ! --- Array::log() start -----------------------------------
20260910 015223.971 INFO             PET2         MODEL: InitializeIPDvXp08 extro {ES}:! ! 0xf65140
20260910 015223.971 INFO             PET2         MODEL: InitializeIPDvXp08 extro {ES}:! ! <name: rsns>
20260910 015223.971 INFO             PET2         MODEL: InitializeIPDvXp08 extro {ES}:! ! ! --- DistGrid::log() start --------------------------------
20260910 015223.971 INFO             PET2         MODEL: InitializeIPDvXp08 extro {ES}:! ! ! 0xf5e7d0
20260910 015223.971 INFO             PET2         MODEL: InitializeIPDvXp08 extro {ES}:! ! ! DistGrid object is valid!<name: DG-Grid004-sloc:0>
20260910 015223.971 INFO             PET2         MODEL: InitializeIPDvXp08 extro {ES}:! ! ! --- DistGrid::log() end ----------------------------------
20260910 015223.971 INFO             PET2         MODEL: InitializeIPDvXp08 extro {ES}:! ! --- Array::log() end -------------------------------------
20260910 015223.971 INFO             PET2         MODEL: InitializeIPDvXp08 extro {ES}:!--- FieldLog() end -------------------
20260910 015223.971 INFO             PET2         MODEL: InitializeIPDvXp08 extro {ES}:--- StateLog() end -------------------
20260910 015223.971 INFO             PET2       MODEL: InitializeIPDvXp08 extro.
20260910 015223.972 INFO             PET2       driver: components present that trigger loopDataDependentInitialize().
20260910 015223.972 INFO             PET2       driver: loopDataDependentInitialize intro.
20260910 015223.972 INFO             PET2         driver: loopDataDependentInitialize intro {IS}:--- StateLog() start -----------------
20260910 015223.972 INFO             PET2         driver: loopDataDependentInitialize intro {IS}:State object is invalid! Not created or deleted!
20260910 015223.972 INFO             PET2         driver: loopDataDependentInitialize intro {IS}:--- StateLog() end -------------------
20260910 015223.972 INFO             PET2         driver: loopDataDependentInitialize intro {ES}:--- StateLog() start -----------------
20260910 015223.972 INFO             PET2         driver: loopDataDependentInitialize intro {ES}:State object is invalid! Not created or deleted!
20260910 015223.972 INFO             PET2         driver: loopDataDependentInitialize intro {ES}:--- StateLog() end -------------------
20260910 015223.972 INFO             PET2         >>>driver: entered Initialize (phase=<none>) with current time:    0  1  1  0  0  0   0
20260910 015223.972 INFO             PET2         driver: component    0=driver, dataComplete (local): true
20260910 015223.972 INFO             PET2         driver: component    0=driver, dataComplete (global):  T
20260910 015223.972 INFO             PET2         driver: component    1=MODEL, dataComplete (local): false
20260910 015223.972 INFO             PET2         driver: component    1=MODEL, dataComplete (global):  F
20260910 015223.972 INFO             PET2         MODEL: InitializeIPDvXp08 intro.
20260910 015223.972 INFO             PET2           MODEL: InitializeIPDvXp08 intro {IS}:--- StateLog() start -----------------
20260910 015223.972 INFO             PET2           MODEL: InitializeIPDvXp08 intro {IS}:<name: MODEL-ImportState> <intent: ESMF_STATEINTENT_IMPORT> <itemCount:    0>
20260910 015223.972 INFO             PET2           MODEL: InitializeIPDvXp08 intro {IS}:--- StateLog() end -------------------
20260910 015223.972 INFO             PET2           MODEL: InitializeIPDvXp08 intro {ES}:--- StateLog() start -----------------
20260910 015223.972 INFO             PET2           MODEL: InitializeIPDvXp08 intro {ES}:<name: MODEL-ExportState> <intent: ESMF_STATEINTENT_EXPORT> <itemCount:    2>
20260910 015223.972 INFO             PET2           MODEL: InitializeIPDvXp08 intro {ES}:+-<item: 0001> <itemType: Field> <itemName: pmsl>
20260910 015223.972 INFO             PET2           MODEL: InitializeIPDvXp08 intro {ES}:!--- FieldLog() start -----------------
20260910 015223.972 INFO             PET2           MODEL: InitializeIPDvXp08 intro {ES}:! <name: pmsl> <fieldStatus: ESMF_FIELDSTATUS_COMPLETE>
20260910 015223.972 INFO             PET2           MODEL: InitializeIPDvXp08 intro {ES}:! 0x7ffdf6fca2c0 => 0xf61470 => 0xf61690
20260910 015223.972 INFO             PET2           MODEL: InitializeIPDvXp08 intro {ES}:! <typekind: Real*8> <rank:    2> <dimCount:    2>
20260910 015223.972 INFO             PET2           MODEL: InitializeIPDvXp08 intro {ES}:! ! --- Array::log() start -----------------------------------
20260910 015223.972 INFO             PET2           MODEL: InitializeIPDvXp08 intro {ES}:! ! 0xf625e0
20260910 015223.972 INFO             PET2           MODEL: InitializeIPDvXp08 intro {ES}:! ! <name: pmsl>
20260910 015223.972 INFO             PET2           MODEL: InitializeIPDvXp08 intro {ES}:! ! ! --- DistGrid::log() start --------------------------------
20260910 015223.972 INFO             PET2           MODEL: InitializeIPDvXp08 intro {ES}:! ! ! 0xf5e7d0
20260910 015223.972 INFO             PET2           MODEL: InitializeIPDvXp08 intro {ES}:! ! ! DistGrid object is valid!<name: DG-Grid004-sloc:0>
20260910 015223.972 INFO             PET2           MODEL: InitializeIPDvXp08 intro {ES}:! ! ! --- DistGrid::log() end ----------------------------------
20260910 015223.972 INFO             PET2           MODEL: InitializeIPDvXp08 intro {ES}:! ! --- Array::log() end -------------------------------------
20260910 015223.972 INFO             PET2           MODEL: InitializeIPDvXp08 intro {ES}:!--- FieldLog() end -------------------
20260910 015223.972 INFO             PET2           MODEL: InitializeIPDvXp08 intro {ES}:+-<item: 0002> <itemType: Field> <itemName: rsns>
20260910 015223.972 INFO             PET2           MODEL: InitializeIPDvXp08 intro {ES}:!--- FieldLog() start -----------------
20260910 015223.972 INFO             PET2           MODEL: InitializeIPDvXp08 intro {ES}:! <name: rsns> <fieldStatus: ESMF_FIELDSTATUS_COMPLETE>
20260910 015223.972 INFO             PET2           MODEL: InitializeIPDvXp08 intro {ES}:! 0x7ffdf6fca2c0 => 0xf64050 => 0xf64270
20260910 015223.972 INFO             PET2           MODEL: InitializeIPDvXp08 intro {ES}:! <typekind: Real*8> <rank:    2> <dimCount:    2>
20260910 015223.972 INFO             PET2           MODEL: InitializeIPDvXp08 intro {ES}:! ! --- Array::log() start -----------------------------------
20260910 015223.972 INFO             PET2           MODEL: InitializeIPDvXp08 intro {ES}:! ! 0xf65140
20260910 015223.972 INFO             PET2           MODEL: InitializeIPDvXp08 intro {ES}:! ! <name: rsns>
20260910 015223.972 INFO             PET2           MODEL: InitializeIPDvXp08 intro {ES}:! ! ! --- DistGrid::log() start --------------------------------
20260910 015223.972 INFO             PET2           MODEL: InitializeIPDvXp08 intro {ES}:! ! ! 0xf5e7d0
20260910 015223.972 INFO             PET2           MODEL: InitializeIPDvXp08 intro {ES}:! ! ! DistGrid object is valid!<name: DG-Grid004-sloc:0>
20260910 015223.972 INFO             PET2           MODEL: InitializeIPDvXp08 intro {ES}:! ! ! --- DistGrid::log() end ----------------------------------
20260910 015223.972 INFO             PET2           MODEL: InitializeIPDvXp08 intro {ES}:! ! --- Array::log() end -------------------------------------
20260910 015223.972 INFO             PET2           MODEL: InitializeIPDvXp08 intro {ES}:!--- FieldLog() end -------------------
20260910 015223.972 INFO             PET2           MODEL: InitializeIPDvXp08 intro {ES}:--- StateLog() end -------------------
20260910 015223.972 INFO             PET2           >>>MODEL: entered Initialize (phase=IPDv05p8) with current time:    0  1  1  0  0  0   0
20260910 015223.972 INFO             PET2           MODEL: InitializeDataProgress='true', InitializeDataComplete='true'
20260910 015223.972 INFO             PET2           <<<MODEL: leaving Initialize (phase=IPDv05p8) with current time:    0  1  1  0  0  0   0
20260910 015223.972 INFO             PET2           MODEL: InitializeIPDvXp08 extro {IS}:--- StateLog() start -----------------
20260910 015223.972 INFO             PET2           MODEL: InitializeIPDvXp08 extro {IS}:<name: MODEL-ImportState> <intent: ESMF_STATEINTENT_IMPORT> <itemCount:    0>
20260910 015223.972 INFO             PET2           MODEL: InitializeIPDvXp08 extro {IS}:--- StateLog() end -------------------
20260910 015223.972 INFO             PET2           MODEL: InitializeIPDvXp08 extro {ES}:--- StateLog() start -----------------
20260910 015223.972 INFO             PET2           MODEL: InitializeIPDvXp08 extro {ES}:<name: MODEL-ExportState> <intent: ESMF_STATEINTENT_EXPORT> <itemCount:    2>
20260910 015223.972 INFO             PET2           MODEL: InitializeIPDvXp08 extro {ES}:+-<item: 0001> <itemType: Field> <itemName: pmsl>
20260910 015223.972 INFO             PET2           MODEL: InitializeIPDvXp08 extro {ES}:!--- FieldLog() start -----------------
20260910 015223.972 INFO             PET2           MODEL: InitializeIPDvXp08 extro {ES}:! <name: pmsl> <fieldStatus: ESMF_FIELDSTATUS_COMPLETE>
20260910 015223.972 INFO             PET2           MODEL: InitializeIPDvXp08 extro {ES}:! 0x7ffdf6fca560 => 0xf61470 => 0xf61690
20260910 015223.972 INFO             PET2           MODEL: InitializeIPDvXp08 extro {ES}:! <typekind: Real*8> <rank:    2> <dimCount:    2>
20260910 015223.972 INFO             PET2           MODEL: InitializeIPDvXp08 extro {ES}:! ! --- Array::log() start -----------------------------------
20260910 015223.972 INFO             PET2           MODEL: InitializeIPDvXp08 extro {ES}:! ! 0xf625e0
20260910 015223.972 INFO             PET2           MODEL: InitializeIPDvXp08 extro {ES}:! ! <name: pmsl>
20260910 015223.972 INFO             PET2           MODEL: InitializeIPDvXp08 extro {ES}:! ! ! --- DistGrid::log() start --------------------------------
20260910 015223.972 INFO             PET2           MODEL: InitializeIPDvXp08 extro {ES}:! ! ! 0xf5e7d0
20260910 015223.972 INFO             PET2           MODEL: InitializeIPDvXp08 extro {ES}:! ! ! DistGrid object is valid!<name: DG-Grid004-sloc:0>
20260910 015223.972 INFO             PET2           MODEL: InitializeIPDvXp08 extro {ES}:! ! ! --- DistGrid::log() end ----------------------------------
20260910 015223.972 INFO             PET2           MODEL: InitializeIPDvXp08 extro {ES}:! ! --- Array::log() end -------------------------------------
20260910 015223.972 INFO             PET2           MODEL: InitializeIPDvXp08 extro {ES}:!--- FieldLog() end -------------------
20260910 015223.973 INFO             PET2           MODEL: InitializeIPDvXp08 extro {ES}:+-<item: 0002> <itemType: Field> <itemName: rsns>
20260910 015223.973 INFO             PET2           MODEL: InitializeIPDvXp08 extro {ES}:!--- FieldLog() start -----------------
20260910 015223.973 INFO             PET2           MODEL: InitializeIPDvXp08 extro {ES}:! <name: rsns> <fieldStatus: ESMF_FIELDSTATUS_COMPLETE>
20260910 015223.973 INFO             PET2           MODEL: InitializeIPDvXp08 extro {ES}:! 0x7ffdf6fca560 => 0xf64050 => 0xf64270
20260910 015223.973 INFO             PET2           MODEL: InitializeIPDvXp08 extro {ES}:! <typekind: Real*8> <rank:    2> <dimCount:    2>
20260910 015223.973 INFO             PET2           MODEL: InitializeIPDvXp08 extro {ES}:! ! --- Array::log() start -----------------------------------
20260910 015223.973 INFO             PET2           MODEL: InitializeIPDvXp08 extro {ES}:! ! 0xf65140
20260910 015223.973 INFO             PET2           MODEL: InitializeIPDvXp08 extro {ES}:! ! <name: rsns>
20260910 015223.973 INFO             PET2           MODEL: InitializeIPDvXp08 extro {ES}:! ! ! --- DistGrid::log() start --------------------------------
20260910 015223.973 INFO             PET2           MODEL: InitializeIPDvXp08 extro {ES}:! ! ! 0xf5e7d0
20260910 015223.973 INFO             PET2           MODEL: InitializeIPDvXp08 extro {ES}:! ! ! DistGrid object is valid!<name: DG-Grid004-sloc:0>
20260910 015223.973 INFO             PET2           MODEL: InitializeIPDvXp08 extro {ES}:! ! ! --- DistGrid::log() end ----------------------------------
20260910 015223.973 INFO             PET2           MODEL: InitializeIPDvXp08 extro {ES}:! ! --- Array::log() end -------------------------------------
20260910 015223.973 INFO             PET2           MODEL: InitializeIPDvXp08 extro {ES}:!--- FieldLog() end -------------------
20260910 015223.973 INFO             PET2           MODEL: InitializeIPDvXp08 extro {ES}:--- StateLog() end -------------------
20260910 015223.973 INFO             PET2         MODEL: InitializeIPDvXp08 extro.
20260910 015223.973 INFO             PET2         driver: component    1=MODEL, someProgress (local): true
20260910 015223.973 INFO             PET2         driver: component    1=MODEL, someProgress (global):  T
20260910 015223.973 INFO             PET2         driver: someProgress= T, allComplete= F, present(dataDepAllComplete)= T
20260910 015223.973 INFO             PET2         driver: component    0=driver, dataComplete (local): true
20260910 015223.973 INFO             PET2         driver: component    0=driver, dataComplete (global):  T
20260910 015223.973 INFO             PET2         driver: component    1=MODEL, dataComplete (local): true
20260910 015223.973 INFO             PET2         driver: component    1=MODEL, dataComplete (global):  T
20260910 015223.973 INFO             PET2         driver: someProgress= F, allComplete= T, present(dataDepAllComplete)= T
20260910 015223.973 INFO             PET2         driver: finished resolving initialize data dependencies on this level.
20260910 015223.973 INFO             PET2         <<<driver: leaving Initialize (phase=<none>) with current time:    0  1  1  0  0  0   0
20260910 015223.973 INFO             PET2         driver: loopDataDependentInitialize extro {IS}:--- StateLog() start -----------------
20260910 015223.973 INFO             PET2         driver: loopDataDependentInitialize extro {IS}:State object is invalid! Not created or deleted!
20260910 015223.973 INFO             PET2         driver: loopDataDependentInitialize extro {IS}:--- StateLog() end -------------------
20260910 015223.973 INFO             PET2         driver: loopDataDependentInitialize extro {ES}:--- StateLog() start -----------------
20260910 015223.973 INFO             PET2         driver: loopDataDependentInitialize extro {ES}:State object is invalid! Not created or deleted!
20260910 015223.973 INFO             PET2         driver: loopDataDependentInitialize extro {ES}:--- StateLog() end -------------------
20260910 015223.973 INFO             PET2       driver: loopDataDependentInitialize extro.
20260910 015223.973 INFO             PET2       driver: loopDataDependentInitialize() returned with dataDepAllComplete:  T
20260910 015223.973 INFO             PET2       <<<driver: leaving Initialize (phase=<none>) with current time:    0  1  1  0  0  0   0
20260910 015223.973 INFO             PET2       driver: InitializeIPDv02p5Data extro {IS}:--- StateLog() start -----------------
20260910 015223.973 INFO             PET2       driver: InitializeIPDv02p5Data extro {IS}:State object is invalid! Not created or deleted!
20260910 015223.973 INFO             PET2       driver: InitializeIPDv02p5Data extro {IS}:--- StateLog() end -------------------
20260910 015223.973 INFO             PET2       driver: InitializeIPDv02p5Data extro {ES}:--- StateLog() start -----------------
20260910 015223.973 INFO             PET2       driver: InitializeIPDv02p5Data extro {ES}:State object is invalid! Not created or deleted!
20260910 015223.973 INFO             PET2       driver: InitializeIPDv02p5Data extro {ES}:--- StateLog() end -------------------
20260910 015223.973 INFO             PET2     driver: InitializeIPDv02p5Data extro.
20260910 015223.973 INFO             PET2     <<<driver: leaving Initialize (phase=<none>) with current time:    0  1  1  0  0  0   0
20260910 015223.973 INFO             PET2     driver: InitializeIPDv02p5 extro {IS}:--- StateLog() start -----------------
20260910 015223.973 INFO             PET2     driver: InitializeIPDv02p5 extro {IS}:State object is invalid! Not created or deleted!
20260910 015223.973 INFO             PET2     driver: InitializeIPDv02p5 extro {IS}:--- StateLog() end -------------------
20260910 015223.973 INFO             PET2     driver: InitializeIPDv02p5 extro {ES}:--- StateLog() start -----------------
20260910 015223.973 INFO             PET2     driver: InitializeIPDv02p5 extro {ES}:State object is invalid! Not created or deleted!
20260910 015223.973 INFO             PET2     driver: InitializeIPDv02p5 extro {ES}:--- StateLog() end -------------------
20260910 015223.973 INFO             PET2   driver: InitializeIPDv02p5 extro.
20260910 015223.973 INFO             PET2   <<<driver: leaving Initialize (phase=<none>) with current time:    0  1  1  0  0  0   0
20260910 015223.973 INFO             PET2   driver: InitializeGeneric extro {IS}:--- StateLog() start -----------------
20260910 015223.973 INFO             PET2   driver: InitializeGeneric extro {IS}:State object is invalid! Not created or deleted!
20260910 015223.973 INFO             PET2   driver: InitializeGeneric extro {IS}:--- StateLog() end -------------------
20260910 015223.973 INFO             PET2   driver: InitializeGeneric extro {ES}:--- StateLog() start -----------------
20260910 015223.973 INFO             PET2   driver: InitializeGeneric extro {ES}:State object is invalid! Not created or deleted!
20260910 015223.973 INFO             PET2   driver: InitializeGeneric extro {ES}:--- StateLog() end -------------------
20260910 015223.973 INFO             PET2 driver: InitializeGeneric extro.
20260910 015223.973 INFO             PET2 driver: Run intro.
20260910 015223.973 INFO             PET2   driver: Run intro {IS}:--- StateLog() start -----------------
20260910 015223.973 INFO             PET2   driver: Run intro {IS}:State object is invalid! Not created or deleted!
20260910 015223.973 INFO             PET2   driver: Run intro {IS}:--- StateLog() end -------------------
20260910 015223.973 INFO             PET2   driver: Run intro {ES}:--- StateLog() start -----------------
20260910 015223.973 INFO             PET2   driver: Run intro {ES}:State object is invalid! Not created or deleted!
20260910 015223.973 INFO             PET2   driver: Run intro {ES}:--- StateLog() end -------------------
20260910 015223.973 INFO             PET2   >>>driver: entered Run (phase=RunPhase1) with current time:    0  1  1  0  0  0   0
20260910 015223.973 INFO             PET2   driver: after lable_SetRunClock, current time:    0  1  1  0  0  0   0
20260910 015223.973 INFO             PET2   driver: begin -------> RunSequence.
20260910 015223.973 INFO             PET2     driver: RunSequence event loopLevel=   1  levelMember=   1  loopIteration=   1, current time:    0  1  1  0  0  0   0
20260910 015223.973 INFO             PET2     MODEL: Run intro.
20260910 015223.973 INFO             PET2       MODEL: Run intro {IS}:--- StateLog() start -----------------
20260910 015223.973 INFO             PET2       MODEL: Run intro {IS}:<name: MODEL-ImportState> <intent: ESMF_STATEINTENT_IMPORT> <itemCount:    0>
20260910 015223.973 INFO             PET2       MODEL: Run intro {IS}:--- StateLog() end -------------------
20260910 015223.973 INFO             PET2       MODEL: Run intro {ES}:--- StateLog() start -----------------
20260910 015223.973 INFO             PET2       MODEL: Run intro {ES}:<name: MODEL-ExportState> <intent: ESMF_STATEINTENT_EXPORT> <itemCount:    2>
20260910 015223.973 INFO             PET2       MODEL: Run intro {ES}:+-<item: 0001> <itemType: Field> <itemName: pmsl>
20260910 015223.973 INFO             PET2       MODEL: Run intro {ES}:!--- FieldLog() start -----------------
20260910 015223.974 INFO             PET2       MODEL: Run intro {ES}:! <name: pmsl> <fieldStatus: ESMF_FIELDSTATUS_COMPLETE>
20260910 015223.974 INFO             PET2       MODEL: Run intro {ES}:! 0x7ffdf6fcaad0 => 0xf61470 => 0xf61690
20260910 015223.974 INFO             PET2       MODEL: Run intro {ES}:! <typekind: Real*8> <rank:    2> <dimCount:    2>
20260910 015223.974 INFO             PET2       MODEL: Run intro {ES}:! ! --- Array::log() start -----------------------------------
20260910 015223.974 INFO             PET2       MODEL: Run intro {ES}:! ! 0xf625e0
20260910 015223.974 INFO             PET2       MODEL: Run intro {ES}:! ! <name: pmsl>
20260910 015223.974 INFO             PET2       MODEL: Run intro {ES}:! ! ! --- DistGrid::log() start --------------------------------
20260910 015223.974 INFO             PET2       MODEL: Run intro {ES}:! ! ! 0xf5e7d0
20260910 015223.974 INFO             PET2       MODEL: Run intro {ES}:! ! ! DistGrid object is valid!<name: DG-Grid004-sloc:0>
20260910 015223.974 INFO             PET2       MODEL: Run intro {ES}:! ! ! --- DistGrid::log() end ----------------------------------
20260910 015223.974 INFO             PET2       MODEL: Run intro {ES}:! ! --- Array::log() end -------------------------------------
20260910 015223.974 INFO             PET2       MODEL: Run intro {ES}:!--- FieldLog() end -------------------
20260910 015223.974 INFO             PET2       MODEL: Run intro {ES}:+-<item: 0002> <itemType: Field> <itemName: rsns>
20260910 015223.974 INFO             PET2       MODEL: Run intro {ES}:!--- FieldLog() start -----------------
20260910 015223.974 INFO             PET2       MODEL: Run intro {ES}:! <name: rsns> <fieldStatus: ESMF_FIELDSTATUS_COMPLETE>
20260910 015223.974 INFO             PET2       MODEL: Run intro {ES}:! 0x7ffdf6fcaad0 => 0xf64050 => 0xf64270
20260910 015223.974 INFO             PET2       MODEL: Run intro {ES}:! <typekind: Real*8> <rank:    2> <dimCount:    2>
20260910 015223.974 INFO             PET2       MODEL: Run intro {ES}:! ! --- Array::log() start -----------------------------------
20260910 015223.974 INFO             PET2       MODEL: Run intro {ES}:! ! 0xf65140
20260910 015223.974 INFO             PET2       MODEL: Run intro {ES}:! ! <name: rsns>
20260910 015223.974 INFO             PET2       MODEL: Run intro {ES}:! ! ! --- DistGrid::log() start --------------------------------
20260910 015223.974 INFO             PET2       MODEL: Run intro {ES}:! ! ! 0xf5e7d0
20260910 015223.974 INFO             PET2       MODEL: Run intro {ES}:! ! ! DistGrid object is valid!<name: DG-Grid004-sloc:0>
20260910 015223.974 INFO             PET2       MODEL: Run intro {ES}:! ! ! --- DistGrid::log() end ----------------------------------
20260910 015223.974 INFO             PET2       MODEL: Run intro {ES}:! ! --- Array::log() end -------------------------------------
20260910 015223.974 INFO             PET2       MODEL: Run intro {ES}:!--- FieldLog() end -------------------
20260910 015223.974 INFO             PET2       MODEL: Run intro {ES}:--- StateLog() end -------------------
20260910 015223.974 INFO             PET2       >>>MODEL: entered Run (phase=RunPhase1) with current time:    0  1  1  0  0  0   0
20260910 015223.974 INFO             PET2       MODEL: time step-loop starting, current time:    0  1  1  0  0  0   0
20260910 015223.988 INFO             PET2       thread_num=   1   currentSsiPe=   2   num_threads=   3   max_threads=   3   num_procs=   8
20260910 015223.988 INFO             PET2       thread_num=   2   currentSsiPe=   6   num_threads=   3   max_threads=   3   num_procs=   8
20260910 015224.003 INFO             PET2       thread_num=   0   currentSsiPe=   2   num_threads=   3   max_threads=   3   num_procs=   8
20260910 015224.003 INFO             PET2       ---->Advancing Model from:    0  1  1  0  0  0   0
20260910 015224.003 INFO             PET2       ---------------------> to:    0  1  1  0  0 30   0
20260910 015224.003 INFO             PET2       MODEL: time step-loop ending,   current time:    0  1  1  0  0 30   0
20260910 015224.003 INFO             PET2       <<<MODEL: leaving Run (phase=RunPhase1) with current time:    0  1  1  0  0 30   0
20260910 015224.003 INFO             PET2       MODEL: Run extro {IS}:--- StateLog() start -----------------
20260910 015224.003 INFO             PET2       MODEL: Run extro {IS}:<name: MODEL-ImportState> <intent: ESMF_STATEINTENT_IMPORT> <itemCount:    0>
20260910 015224.003 INFO             PET2       MODEL: Run extro {IS}:--- StateLog() end -------------------
20260910 015224.003 INFO             PET2       MODEL: Run extro {ES}:--- StateLog() start -----------------
20260910 015224.003 INFO             PET2       MODEL: Run extro {ES}:<name: MODEL-ExportState> <intent: ESMF_STATEINTENT_EXPORT> <itemCount:    2>
20260910 015224.003 INFO             PET2       MODEL: Run extro {ES}:+-<item: 0001> <itemType: Field> <itemName: pmsl>
20260910 015224.003 INFO             PET2       MODEL: Run extro {ES}:!--- FieldLog() start -----------------
20260910 015224.003 INFO             PET2       MODEL: Run extro {ES}:! <name: pmsl> <fieldStatus: ESMF_FIELDSTATUS_COMPLETE>
20260910 015224.003 INFO             PET2       MODEL: Run extro {ES}:! 0x7ffdf6fcad70 => 0xf61470 => 0xf61690
20260910 015224.003 INFO             PET2       MODEL: Run extro {ES}:! <typekind: Real*8> <rank:    2> <dimCount:    2>
20260910 015224.003 INFO             PET2       MODEL: Run extro {ES}:! ! --- Array::log() start -----------------------------------
20260910 015224.003 INFO             PET2       MODEL: Run extro {ES}:! ! 0xf625e0
20260910 015224.003 INFO             PET2       MODEL: Run extro {ES}:! ! <name: pmsl>
20260910 015224.003 INFO             PET2       MODEL: Run extro {ES}:! ! ! --- DistGrid::log() start --------------------------------
20260910 015224.003 INFO             PET2       MODEL: Run extro {ES}:! ! ! 0xf5e7d0
20260910 015224.003 INFO             PET2       MODEL: Run extro {ES}:! ! ! DistGrid object is valid!<name: DG-Grid004-sloc:0>
20260910 015224.003 INFO             PET2       MODEL: Run extro {ES}:! ! ! --- DistGrid::log() end ----------------------------------
20260910 015224.003 INFO             PET2       MODEL: Run extro {ES}:! ! --- Array::log() end -------------------------------------
20260910 015224.003 INFO             PET2       MODEL: Run extro {ES}:!--- FieldLog() end -------------------
20260910 015224.003 INFO             PET2       MODEL: Run extro {ES}:+-<item: 0002> <itemType: Field> <itemName: rsns>
20260910 015224.004 INFO             PET2       MODEL: Run extro {ES}:!--- FieldLog() start -----------------
20260910 015224.004 INFO             PET2       MODEL: Run extro {ES}:! <name: rsns> <fieldStatus: ESMF_FIELDSTATUS_COMPLETE>
20260910 015224.004 INFO             PET2       MODEL: Run extro {ES}:! 0x7ffdf6fcad70 => 0xf64050 => 0xf64270
20260910 015224.004 INFO             PET2       MODEL: Run extro {ES}:! <typekind: Real*8> <rank:    2> <dimCount:    2>
20260910 015224.004 INFO             PET2       MODEL: Run extro {ES}:! ! --- Array::log() start -----------------------------------
20260910 015224.004 INFO             PET2       MODEL: Run extro {ES}:! ! 0xf65140
20260910 015224.004 INFO             PET2       MODEL: Run extro {ES}:! ! <name: rsns>
20260910 015224.004 INFO             PET2       MODEL: Run extro {ES}:! ! ! --- DistGrid::log() start --------------------------------
20260910 015224.004 INFO             PET2       MODEL: Run extro {ES}:! ! ! 0xf5e7d0
20260910 015224.004 INFO             PET2       MODEL: Run extro {ES}:! ! ! DistGrid object is valid!<name: DG-Grid004-sloc:0>
20260910 015224.004 INFO             PET2       MODEL: Run extro {ES}:! ! ! --- DistGrid::log() end ----------------------------------
20260910 015224.004 INFO             PET2       MODEL: Run extro {ES}:! ! --- Array::log() end -------------------------------------
20260910 015224.004 INFO             PET2       MODEL: Run extro {ES}:!--- FieldLog() end -------------------
20260910 015224.004 INFO             PET2       MODEL: Run extro {ES}:--- StateLog() end -------------------
20260910 015224.004 INFO             PET2     MODEL: Run extro.
20260910 015224.004 INFO             PET2     driver: RunSequence event loopLevel=   1  levelMember=   1  loopIteration=   2, current time:    0  1  1  0  0 30   0
20260910 015224.004 INFO             PET2     MODEL: Run intro.
20260910 015224.004 INFO             PET2       MODEL: Run intro {IS}:--- StateLog() start -----------------
20260910 015224.004 INFO             PET2       MODEL: Run intro {IS}:<name: MODEL-ImportState> <intent: ESMF_STATEINTENT_IMPORT> <itemCount:    0>
20260910 015224.004 INFO             PET2       MODEL: Run intro {IS}:--- StateLog() end -------------------
20260910 015224.004 INFO             PET2       MODEL: Run intro {ES}:--- StateLog() start -----------------
20260910 015224.004 INFO             PET2       MODEL: Run intro {ES}:<name: MODEL-ExportState> <intent: ESMF_STATEINTENT_EXPORT> <itemCount:    2>
20260910 015224.004 INFO             PET2       MODEL: Run intro {ES}:+-<item: 0001> <itemType: Field> <itemName: pmsl>
20260910 015224.004 INFO             PET2       MODEL: Run intro {ES}:!--- FieldLog() start -----------------
20260910 015224.004 INFO             PET2       MODEL: Run intro {ES}:! <name: pmsl> <fieldStatus: ESMF_FIELDSTATUS_COMPLETE>
20260910 015224.004 INFO             PET2       MODEL: Run intro {ES}:! 0x7ffdf6fcaad0 => 0xf61470 => 0xf61690
20260910 015224.004 INFO             PET2       MODEL: Run intro {ES}:! <typekind: Real*8> <rank:    2> <dimCount:    2>
20260910 015224.004 INFO             PET2       MODEL: Run intro {ES}:! ! --- Array::log() start -----------------------------------
20260910 015224.004 INFO             PET2       MODEL: Run intro {ES}:! ! 0xf625e0
20260910 015224.004 INFO             PET2       MODEL: Run intro {ES}:! ! <name: pmsl>
20260910 015224.004 INFO             PET2       MODEL: Run intro {ES}:! ! ! --- DistGrid::log() start --------------------------------
20260910 015224.004 INFO             PET2       MODEL: Run intro {ES}:! ! ! 0xf5e7d0
20260910 015224.004 INFO             PET2       MODEL: Run intro {ES}:! ! ! DistGrid object is valid!<name: DG-Grid004-sloc:0>
20260910 015224.004 INFO             PET2       MODEL: Run intro {ES}:! ! ! --- DistGrid::log() end ----------------------------------
20260910 015224.004 INFO             PET2       MODEL: Run intro {ES}:! ! --- Array::log() end -------------------------------------
20260910 015224.004 INFO             PET2       MODEL: Run intro {ES}:!--- FieldLog() end -------------------
20260910 015224.004 INFO             PET2       MODEL: Run intro {ES}:+-<item: 0002> <itemType: Field> <itemName: rsns>
20260910 015224.004 INFO             PET2       MODEL: Run intro {ES}:!--- FieldLog() start -----------------
20260910 015224.004 INFO             PET2       MODEL: Run intro {ES}:! <name: rsns> <fieldStatus: ESMF_FIELDSTATUS_COMPLETE>
20260910 015224.004 INFO             PET2       MODEL: Run intro {ES}:! 0x7ffdf6fcaad0 => 0xf64050 => 0xf64270
20260910 015224.004 INFO             PET2       MODEL: Run intro {ES}:! <typekind: Real*8> <rank:    2> <dimCount:    2>
20260910 015224.004 INFO             PET2       MODEL: Run intro {ES}:! ! --- Array::log() start -----------------------------------
20260910 015224.004 INFO             PET2       MODEL: Run intro {ES}:! ! 0xf65140
20260910 015224.004 INFO             PET2       MODEL: Run intro {ES}:! ! <name: rsns>
20260910 015224.004 INFO             PET2       MODEL: Run intro {ES}:! ! ! --- DistGrid::log() start --------------------------------
20260910 015224.004 INFO             PET2       MODEL: Run intro {ES}:! ! ! 0xf5e7d0
20260910 015224.004 INFO             PET2       MODEL: Run intro {ES}:! ! ! DistGrid object is valid!<name: DG-Grid004-sloc:0>
20260910 015224.004 INFO             PET2       MODEL: Run intro {ES}:! ! ! --- DistGrid::log() end ----------------------------------
20260910 015224.004 INFO             PET2       MODEL: Run intro {ES}:! ! --- Array::log() end -------------------------------------
20260910 015224.004 INFO             PET2       MODEL: Run intro {ES}:!--- FieldLog() end -------------------
20260910 015224.004 INFO             PET2       MODEL: Run intro {ES}:--- StateLog() end -------------------
20260910 015224.004 INFO             PET2       >>>MODEL: entered Run (phase=RunPhase1) with current time:    0  1  1  0  0 30   0
20260910 015224.004 INFO             PET2       MODEL: time step-loop starting, current time:    0  1  1  0  0 30   0
20260910 015224.008 INFO             PET2       thread_num=   2   currentSsiPe=   6   num_threads=   3   max_threads=   3   num_procs=   8
20260910 015224.008 INFO             PET2       thread_num=   1   currentSsiPe=   2   num_threads=   3   max_threads=   3   num_procs=   8
20260910 015224.020 INFO             PET2       thread_num=   0   currentSsiPe=   2   num_threads=   3   max_threads=   3   num_procs=   8
20260910 015224.020 INFO             PET2       ---->Advancing Model from:    0  1  1  0  0 30   0
20260910 015224.020 INFO             PET2       ---------------------> to:    0  1  1  0  1  0   0
20260910 015224.020 INFO             PET2       MODEL: time step-loop ending,   current time:    0  1  1  0  1  0   0
20260910 015224.020 INFO             PET2       <<<MODEL: leaving Run (phase=RunPhase1) with current time:    0  1  1  0  1  0   0
20260910 015224.020 INFO             PET2       MODEL: Run extro {IS}:--- StateLog() start -----------------
20260910 015224.020 INFO             PET2       MODEL: Run extro {IS}:<name: MODEL-ImportState> <intent: ESMF_STATEINTENT_IMPORT> <itemCount:    0>
20260910 015224.020 INFO             PET2       MODEL: Run extro {IS}:--- StateLog() end -------------------
20260910 015224.020 INFO             PET2       MODEL: Run extro {ES}:--- StateLog() start -----------------
20260910 015224.020 INFO             PET2       MODEL: Run extro {ES}:<name: MODEL-ExportState> <intent: ESMF_STATEINTENT_EXPORT> <itemCount:    2>
20260910 015224.020 INFO             PET2       MODEL: Run extro {ES}:+-<item: 0001> <itemType: Field> <itemName: pmsl>
20260910 015224.020 INFO             PET2       MODEL: Run extro {ES}:!--- FieldLog() start -----------------
20260910 015224.020 INFO             PET2       MODEL: Run extro {ES}:! <name: pmsl> <fieldStatus: ESMF_FIELDSTATUS_COMPLETE>
20260910 015224.020 INFO             PET2       MODEL: Run extro {ES}:! 0x7ffdf6fcad70 => 0xf61470 => 0xf61690
20260910 015224.020 INFO             PET2       MODEL: Run extro {ES}:! <typekind: Real*8> <rank:    2> <dimCount:    2>
20260910 015224.020 INFO             PET2       MODEL: Run extro {ES}:! ! --- Array::log() start -----------------------------------
20260910 015224.020 INFO             PET2       MODEL: Run extro {ES}:! ! 0xf625e0
20260910 015224.020 INFO             PET2       MODEL: Run extro {ES}:! ! <name: pmsl>
20260910 015224.020 INFO             PET2       MODEL: Run extro {ES}:! ! ! --- DistGrid::log() start --------------------------------
20260910 015224.020 INFO             PET2       MODEL: Run extro {ES}:! ! ! 0xf5e7d0
20260910 015224.020 INFO             PET2       MODEL: Run extro {ES}:! ! ! DistGrid object is valid!<name: DG-Grid004-sloc:0>
20260910 015224.020 INFO             PET2       MODEL: Run extro {ES}:! ! ! --- DistGrid::log() end ----------------------------------
20260910 015224.020 INFO             PET2       MODEL: Run extro {ES}:! ! --- Array::log() end -------------------------------------
20260910 015224.021 INFO             PET2       MODEL: Run extro {ES}:!--- FieldLog() end -------------------
20260910 015224.021 INFO             PET2       MODEL: Run extro {ES}:+-<item: 0002> <itemType: Field> <itemName: rsns>
20260910 015224.021 INFO             PET2       MODEL: Run extro {ES}:!--- FieldLog() start -----------------
20260910 015224.021 INFO             PET2       MODEL: Run extro {ES}:! <name: rsns> <fieldStatus: ESMF_FIELDSTATUS_COMPLETE>
20260910 015224.021 INFO             PET2       MODEL: Run extro {ES}:! 0x7ffdf6fcad70 => 0xf64050 => 0xf64270
20260910 015224.021 INFO             PET2       MODEL: Run extro {ES}:! <typekind: Real*8> <rank:    2> <dimCount:    2>
20260910 015224.021 INFO             PET2       MODEL: Run extro {ES}:! ! --- Array::log() start -----------------------------------
20260910 015224.021 INFO             PET2       MODEL: Run extro {ES}:! ! 0xf65140
20260910 015224.021 INFO             PET2       MODEL: Run extro {ES}:! ! <name: rsns>
20260910 015224.021 INFO             PET2       MODEL: Run extro {ES}:! ! ! --- DistGrid::log() start --------------------------------
20260910 015224.021 INFO             PET2       MODEL: Run extro {ES}:! ! ! 0xf5e7d0
20260910 015224.021 INFO             PET2       MODEL: Run extro {ES}:! ! ! DistGrid object is valid!<name: DG-Grid004-sloc:0>
20260910 015224.021 INFO             PET2       MODEL: Run extro {ES}:! ! ! --- DistGrid::log() end ----------------------------------
20260910 015224.021 INFO             PET2       MODEL: Run extro {ES}:! ! --- Array::log() end -------------------------------------
20260910 015224.021 INFO             PET2       MODEL: Run extro {ES}:!--- FieldLog() end -------------------
20260910 015224.021 INFO             PET2       MODEL: Run extro {ES}:--- StateLog() end -------------------
20260910 015224.021 INFO             PET2     MODEL: Run extro.
20260910 015224.021 INFO             PET2     driver: RunSequence event loopLevel=   1  levelMember=   1  loopIteration=   3, current time:    0  1  1  0  1  0   0
20260910 015224.021 INFO             PET2     MODEL: Run intro.
20260910 015224.021 INFO             PET2       MODEL: Run intro {IS}:--- StateLog() start -----------------
20260910 015224.021 INFO             PET2       MODEL: Run intro {IS}:<name: MODEL-ImportState> <intent: ESMF_STATEINTENT_IMPORT> <itemCount:    0>
20260910 015224.021 INFO             PET2       MODEL: Run intro {IS}:--- StateLog() end -------------------
20260910 015224.021 INFO             PET2       MODEL: Run intro {ES}:--- StateLog() start -----------------
20260910 015224.021 INFO             PET2       MODEL: Run intro {ES}:<name: MODEL-ExportState> <intent: ESMF_STATEINTENT_EXPORT> <itemCount:    2>
20260910 015224.021 INFO             PET2       MODEL: Run intro {ES}:+-<item: 0001> <itemType: Field> <itemName: pmsl>
20260910 015224.021 INFO             PET2       MODEL: Run intro {ES}:!--- FieldLog() start -----------------
20260910 015224.021 INFO             PET2       MODEL: Run intro {ES}:! <name: pmsl> <fieldStatus: ESMF_FIELDSTATUS_COMPLETE>
20260910 015224.021 INFO             PET2       MODEL: Run intro {ES}:! 0x7ffdf6fcaad0 => 0xf61470 => 0xf61690
20260910 015224.021 INFO             PET2       MODEL: Run intro {ES}:! <typekind: Real*8> <rank:    2> <dimCount:    2>
20260910 015224.021 INFO             PET2       MODEL: Run intro {ES}:! ! --- Array::log() start -----------------------------------
20260910 015224.021 INFO             PET2       MODEL: Run intro {ES}:! ! 0xf625e0
20260910 015224.021 INFO             PET2       MODEL: Run intro {ES}:! ! <name: pmsl>
20260910 015224.021 INFO             PET2       MODEL: Run intro {ES}:! ! ! --- DistGrid::log() start --------------------------------
20260910 015224.021 INFO             PET2       MODEL: Run intro {ES}:! ! ! 0xf5e7d0
20260910 015224.021 INFO             PET2       MODEL: Run intro {ES}:! ! ! DistGrid object is valid!<name: DG-Grid004-sloc:0>
20260910 015224.021 INFO             PET2       MODEL: Run intro {ES}:! ! ! --- DistGrid::log() end ----------------------------------
20260910 015224.021 INFO             PET2       MODEL: Run intro {ES}:! ! --- Array::log() end -------------------------------------
20260910 015224.021 INFO             PET2       MODEL: Run intro {ES}:!--- FieldLog() end -------------------
20260910 015224.021 INFO             PET2       MODEL: Run intro {ES}:+-<item: 0002> <itemType: Field> <itemName: rsns>
20260910 015224.021 INFO             PET2       MODEL: Run intro {ES}:!--- FieldLog() start -----------------
20260910 015224.021 INFO             PET2       MODEL: Run intro {ES}:! <name: rsns> <fieldStatus: ESMF_FIELDSTATUS_COMPLETE>
20260910 015224.021 INFO             PET2       MODEL: Run intro {ES}:! 0x7ffdf6fcaad0 => 0xf64050 => 0xf64270
20260910 015224.021 INFO             PET2       MODEL: Run intro {ES}:! <typekind: Real*8> <rank:    2> <dimCount:    2>
20260910 015224.021 INFO             PET2       MODEL: Run intro {ES}:! ! --- Array::log() start -----------------------------------
20260910 015224.021 INFO             PET2       MODEL: Run intro {ES}:! ! 0xf65140
20260910 015224.021 INFO             PET2       MODEL: Run intro {ES}:! ! <name: rsns>
20260910 015224.021 INFO             PET2       MODEL: Run intro {ES}:! ! ! --- DistGrid::log() start --------------------------------
20260910 015224.021 INFO             PET2       MODEL: Run intro {ES}:! ! ! 0xf5e7d0
20260910 015224.021 INFO             PET2       MODEL: Run intro {ES}:! ! ! DistGrid object is valid!<name: DG-Grid004-sloc:0>
20260910 015224.021 INFO             PET2       MODEL: Run intro {ES}:! ! ! --- DistGrid::log() end ----------------------------------
20260910 015224.021 INFO             PET2       MODEL: Run intro {ES}:! ! --- Array::log() end -------------------------------------
20260910 015224.021 INFO             PET2       MODEL: Run intro {ES}:!--- FieldLog() end -------------------
20260910 015224.021 INFO             PET2       MODEL: Run intro {ES}:--- StateLog() end -------------------
20260910 015224.021 INFO             PET2       >>>MODEL: entered Run (phase=RunPhase1) with current time:    0  1  1  0  1  0   0
20260910 015224.021 INFO             PET2       MODEL: time step-loop starting, current time:    0  1  1  0  1  0   0
20260910 015224.032 INFO             PET2       thread_num=   2   currentSsiPe=   6   num_threads=   3   max_threads=   3   num_procs=   8
20260910 015224.032 INFO             PET2       thread_num=   1   currentSsiPe=   2   num_threads=   3   max_threads=   3   num_procs=   8
20260910 015224.044 INFO             PET2       thread_num=   0   currentSsiPe=   2   num_threads=   3   max_threads=   3   num_procs=   8
20260910 015224.044 INFO             PET2       ---->Advancing Model from:    0  1  1  0  1  0   0
20260910 015224.044 INFO             PET2       ---------------------> to:    0  1  1  0  1 30   0
20260910 015224.044 INFO             PET2       MODEL: time step-loop ending,   current time:    0  1  1  0  1 30   0
20260910 015224.044 INFO             PET2       <<<MODEL: leaving Run (phase=RunPhase1) with current time:    0  1  1  0  1 30   0
20260910 015224.044 INFO             PET2       MODEL: Run extro {IS}:--- StateLog() start -----------------
20260910 015224.044 INFO             PET2       MODEL: Run extro {IS}:<name: MODEL-ImportState> <intent: ESMF_STATEINTENT_IMPORT> <itemCount:    0>
20260910 015224.044 INFO             PET2       MODEL: Run extro {IS}:--- StateLog() end -------------------
20260910 015224.044 INFO             PET2       MODEL: Run extro {ES}:--- StateLog() start -----------------
20260910 015224.044 INFO             PET2       MODEL: Run extro {ES}:<name: MODEL-ExportState> <intent: ESMF_STATEINTENT_EXPORT> <itemCount:    2>
20260910 015224.044 INFO             PET2       MODEL: Run extro {ES}:+-<item: 0001> <itemType: Field> <itemName: pmsl>
20260910 015224.044 INFO             PET2       MODEL: Run extro {ES}:!--- FieldLog() start -----------------
20260910 015224.044 INFO             PET2       MODEL: Run extro {ES}:! <name: pmsl> <fieldStatus: ESMF_FIELDSTATUS_COMPLETE>
20260910 015224.044 INFO             PET2       MODEL: Run extro {ES}:! 0x7ffdf6fcad70 => 0xf61470 => 0xf61690
20260910 015224.044 INFO             PET2       MODEL: Run extro {ES}:! <typekind: Real*8> <rank:    2> <dimCount:    2>
20260910 015224.044 INFO             PET2       MODEL: Run extro {ES}:! ! --- Array::log() start -----------------------------------
20260910 015224.045 INFO             PET2       MODEL: Run extro {ES}:! ! 0xf625e0
20260910 015224.045 INFO             PET2       MODEL: Run extro {ES}:! ! <name: pmsl>
20260910 015224.045 INFO             PET2       MODEL: Run extro {ES}:! ! ! --- DistGrid::log() start --------------------------------
20260910 015224.045 INFO             PET2       MODEL: Run extro {ES}:! ! ! 0xf5e7d0
20260910 015224.045 INFO             PET2       MODEL: Run extro {ES}:! ! ! DistGrid object is valid!<name: DG-Grid004-sloc:0>
20260910 015224.045 INFO             PET2       MODEL: Run extro {ES}:! ! ! --- DistGrid::log() end ----------------------------------
20260910 015224.045 INFO             PET2       MODEL: Run extro {ES}:! ! --- Array::log() end -------------------------------------
20260910 015224.045 INFO             PET2       MODEL: Run extro {ES}:!--- FieldLog() end -------------------
20260910 015224.045 INFO             PET2       MODEL: Run extro {ES}:+-<item: 0002> <itemType: Field> <itemName: rsns>
20260910 015224.045 INFO             PET2       MODEL: Run extro {ES}:!--- FieldLog() start -----------------
20260910 015224.045 INFO             PET2       MODEL: Run extro {ES}:! <name: rsns> <fieldStatus: ESMF_FIELDSTATUS_COMPLETE>
20260910 015224.045 INFO             PET2       MODEL: Run extro {ES}:! 0x7ffdf6fcad70 => 0xf64050 => 0xf64270
20260910 015224.045 INFO             PET2       MODEL: Run extro {ES}:! <typekind: Real*8> <rank:    2> <dimCount:    2>
20260910 015224.045 INFO             PET2       MODEL: Run extro {ES}:! ! --- Array::log() start -----------------------------------
20260910 015224.045 INFO             PET2       MODEL: Run extro {ES}:! ! 0xf65140
20260910 015224.045 INFO             PET2       MODEL: Run extro {ES}:! ! <name: rsns>
20260910 015224.045 INFO             PET2       MODEL: Run extro {ES}:! ! ! --- DistGrid::log() start --------------------------------
20260910 015224.045 INFO             PET2       MODEL: Run extro {ES}:! ! ! 0xf5e7d0
20260910 015224.045 INFO             PET2       MODEL: Run extro {ES}:! ! ! DistGrid object is valid!<name: DG-Grid004-sloc:0>
20260910 015224.045 INFO             PET2       MODEL: Run extro {ES}:! ! ! --- DistGrid::log() end ----------------------------------
20260910 015224.045 INFO             PET2       MODEL: Run extro {ES}:! ! --- Array::log() end -------------------------------------
20260910 015224.045 INFO             PET2       MODEL: Run extro {ES}:!--- FieldLog() end -------------------
20260910 015224.045 INFO             PET2       MODEL: Run extro {ES}:--- StateLog() end -------------------
20260910 015224.045 INFO             PET2     MODEL: Run extro.
20260910 015224.045 INFO             PET2     driver: RunSequence event loopLevel=   1  levelMember=   1  loopIteration=   4, current time:    0  1  1  0  1 30   0
20260910 015224.045 INFO             PET2     MODEL: Run intro.
20260910 015224.045 INFO             PET2       MODEL: Run intro {IS}:--- StateLog() start -----------------
20260910 015224.045 INFO             PET2       MODEL: Run intro {IS}:<name: MODEL-ImportState> <intent: ESMF_STATEINTENT_IMPORT> <itemCount:    0>
20260910 015224.045 INFO             PET2       MODEL: Run intro {IS}:--- StateLog() end -------------------
20260910 015224.045 INFO             PET2       MODEL: Run intro {ES}:--- StateLog() start -----------------
20260910 015224.045 INFO             PET2       MODEL: Run intro {ES}:<name: MODEL-ExportState> <intent: ESMF_STATEINTENT_EXPORT> <itemCount:    2>
20260910 015224.045 INFO             PET2       MODEL: Run intro {ES}:+-<item: 0001> <itemType: Field> <itemName: pmsl>
20260910 015224.045 INFO             PET2       MODEL: Run intro {ES}:!--- FieldLog() start -----------------
20260910 015224.045 INFO             PET2       MODEL: Run intro {ES}:! <name: pmsl> <fieldStatus: ESMF_FIELDSTATUS_COMPLETE>
20260910 015224.045 INFO             PET2       MODEL: Run intro {ES}:! 0x7ffdf6fcaad0 => 0xf61470 => 0xf61690
20260910 015224.045 INFO             PET2       MODEL: Run intro {ES}:! <typekind: Real*8> <rank:    2> <dimCount:    2>
20260910 015224.045 INFO             PET2       MODEL: Run intro {ES}:! ! --- Array::log() start -----------------------------------
20260910 015224.045 INFO             PET2       MODEL: Run intro {ES}:! ! 0xf625e0
20260910 015224.045 INFO             PET2       MODEL: Run intro {ES}:! ! <name: pmsl>
20260910 015224.045 INFO             PET2       MODEL: Run intro {ES}:! ! ! --- DistGrid::log() start --------------------------------
20260910 015224.045 INFO             PET2       MODEL: Run intro {ES}:! ! ! 0xf5e7d0
20260910 015224.045 INFO             PET2       MODEL: Run intro {ES}:! ! ! DistGrid object is valid!<name: DG-Grid004-sloc:0>
20260910 015224.045 INFO             PET2       MODEL: Run intro {ES}:! ! ! --- DistGrid::log() end ----------------------------------
20260910 015224.045 INFO             PET2       MODEL: Run intro {ES}:! ! --- Array::log() end -------------------------------------
20260910 015224.045 INFO             PET2       MODEL: Run intro {ES}:!--- FieldLog() end -------------------
20260910 015224.045 INFO             PET2       MODEL: Run intro {ES}:+-<item: 0002> <itemType: Field> <itemName: rsns>
20260910 015224.045 INFO             PET2       MODEL: Run intro {ES}:!--- FieldLog() start -----------------
20260910 015224.045 INFO             PET2       MODEL: Run intro {ES}:! <name: rsns> <fieldStatus: ESMF_FIELDSTATUS_COMPLETE>
20260910 015224.045 INFO             PET2       MODEL: Run intro {ES}:! 0x7ffdf6fcaad0 => 0xf64050 => 0xf64270
20260910 015224.045 INFO             PET2       MODEL: Run intro {ES}:! <typekind: Real*8> <rank:    2> <dimCount:    2>
20260910 015224.045 INFO             PET2       MODEL: Run intro {ES}:! ! --- Array::log() start -----------------------------------
20260910 015224.045 INFO             PET2       MODEL: Run intro {ES}:! ! 0xf65140
20260910 015224.045 INFO             PET2       MODEL: Run intro {ES}:! ! <name: rsns>
20260910 015224.045 INFO             PET2       MODEL: Run intro {ES}:! ! ! --- DistGrid::log() start --------------------------------
20260910 015224.045 INFO             PET2       MODEL: Run intro {ES}:! ! ! 0xf5e7d0
20260910 015224.045 INFO             PET2       MODEL: Run intro {ES}:! ! ! DistGrid object is valid!<name: DG-Grid004-sloc:0>
20260910 015224.045 INFO             PET2       MODEL: Run intro {ES}:! ! ! --- DistGrid::log() end ----------------------------------
20260910 015224.045 INFO             PET2       MODEL: Run intro {ES}:! ! --- Array::log() end -------------------------------------
20260910 015224.045 INFO             PET2       MODEL: Run intro {ES}:!--- FieldLog() end -------------------
20260910 015224.045 INFO             PET2       MODEL: Run intro {ES}:--- StateLog() end -------------------
20260910 015224.045 INFO             PET2       >>>MODEL: entered Run (phase=RunPhase1) with current time:    0  1  1  0  1 30   0
20260910 015224.045 INFO             PET2       MODEL: time step-loop starting, current time:    0  1  1  0  1 30   0
20260910 015224.056 INFO             PET2       thread_num=   2   currentSsiPe=   6   num_threads=   3   max_threads=   3   num_procs=   8
20260910 015224.056 INFO             PET2       thread_num=   1   currentSsiPe=   2   num_threads=   3   max_threads=   3   num_procs=   8
20260910 015224.068 INFO             PET2       thread_num=   0   currentSsiPe=   2   num_threads=   3   max_threads=   3   num_procs=   8
20260910 015224.068 INFO             PET2       ---->Advancing Model from:    0  1  1  0  1 30   0
20260910 015224.068 INFO             PET2       ---------------------> to:    0  1  1  0  2  0   0
20260910 015224.068 INFO             PET2       MODEL: time step-loop ending,   current time:    0  1  1  0  2  0   0
20260910 015224.068 INFO             PET2       <<<MODEL: leaving Run (phase=RunPhase1) with current time:    0  1  1  0  2  0   0
20260910 015224.068 INFO             PET2       MODEL: Run extro {IS}:--- StateLog() start -----------------
20260910 015224.068 INFO             PET2       MODEL: Run extro {IS}:<name: MODEL-ImportState> <intent: ESMF_STATEINTENT_IMPORT> <itemCount:    0>
20260910 015224.068 INFO             PET2       MODEL: Run extro {IS}:--- StateLog() end -------------------
20260910 015224.068 INFO             PET2       MODEL: Run extro {ES}:--- StateLog() start -----------------
20260910 015224.068 INFO             PET2       MODEL: Run extro {ES}:<name: MODEL-ExportState> <intent: ESMF_STATEINTENT_EXPORT> <itemCount:    2>
20260910 015224.068 INFO             PET2       MODEL: Run extro {ES}:+-<item: 0001> <itemType: Field> <itemName: pmsl>
20260910 015224.068 INFO             PET2       MODEL: Run extro {ES}:!--- FieldLog() start -----------------
20260910 015224.068 INFO             PET2       MODEL: Run extro {ES}:! <name: pmsl> <fieldStatus: ESMF_FIELDSTATUS_COMPLETE>
20260910 015224.068 INFO             PET2       MODEL: Run extro {ES}:! 0x7ffdf6fcad70 => 0xf61470 => 0xf61690
20260910 015224.068 INFO             PET2       MODEL: Run extro {ES}:! <typekind: Real*8> <rank:    2> <dimCount:    2>
20260910 015224.068 INFO             PET2       MODEL: Run extro {ES}:! ! --- Array::log() start -----------------------------------
20260910 015224.068 INFO             PET2       MODEL: Run extro {ES}:! ! 0xf625e0
20260910 015224.068 INFO             PET2       MODEL: Run extro {ES}:! ! <name: pmsl>
20260910 015224.068 INFO             PET2       MODEL: Run extro {ES}:! ! ! --- DistGrid::log() start --------------------------------
20260910 015224.069 INFO             PET2       MODEL: Run extro {ES}:! ! ! 0xf5e7d0
20260910 015224.069 INFO             PET2       MODEL: Run extro {ES}:! ! ! DistGrid object is valid!<name: DG-Grid004-sloc:0>
20260910 015224.069 INFO             PET2       MODEL: Run extro {ES}:! ! ! --- DistGrid::log() end ----------------------------------
20260910 015224.069 INFO             PET2       MODEL: Run extro {ES}:! ! --- Array::log() end -------------------------------------
20260910 015224.069 INFO             PET2       MODEL: Run extro {ES}:!--- FieldLog() end -------------------
20260910 015224.069 INFO             PET2       MODEL: Run extro {ES}:+-<item: 0002> <itemType: Field> <itemName: rsns>
20260910 015224.069 INFO             PET2       MODEL: Run extro {ES}:!--- FieldLog() start -----------------
20260910 015224.069 INFO             PET2       MODEL: Run extro {ES}:! <name: rsns> <fieldStatus: ESMF_FIELDSTATUS_COMPLETE>
20260910 015224.069 INFO             PET2       MODEL: Run extro {ES}:! 0x7ffdf6fcad70 => 0xf64050 => 0xf64270
20260910 015224.069 INFO             PET2       MODEL: Run extro {ES}:! <typekind: Real*8> <rank:    2> <dimCount:    2>
20260910 015224.069 INFO             PET2       MODEL: Run extro {ES}:! ! --- Array::log() start -----------------------------------
20260910 015224.069 INFO             PET2       MODEL: Run extro {ES}:! ! 0xf65140
20260910 015224.069 INFO             PET2       MODEL: Run extro {ES}:! ! <name: rsns>
20260910 015224.069 INFO             PET2       MODEL: Run extro {ES}:! ! ! --- DistGrid::log() start --------------------------------
20260910 015224.069 INFO             PET2       MODEL: Run extro {ES}:! ! ! 0xf5e7d0
20260910 015224.069 INFO             PET2       MODEL: Run extro {ES}:! ! ! DistGrid object is valid!<name: DG-Grid004-sloc:0>
20260910 015224.069 INFO             PET2       MODEL: Run extro {ES}:! ! ! --- DistGrid::log() end ----------------------------------
20260910 015224.069 INFO             PET2       MODEL: Run extro {ES}:! ! --- Array::log() end -------------------------------------
20260910 015224.069 INFO             PET2       MODEL: Run extro {ES}:!--- FieldLog() end -------------------
20260910 015224.069 INFO             PET2       MODEL: Run extro {ES}:--- StateLog() end -------------------
20260910 015224.069 INFO             PET2     MODEL: Run extro.
20260910 015224.069 INFO             PET2     driver: RunSequence event loopLevel=   1  levelMember=   1  loopIteration=   5, current time:    0  1  1  0  2  0   0
20260910 015224.069 INFO             PET2     MODEL: Run intro.
20260910 015224.069 INFO             PET2       MODEL: Run intro {IS}:--- StateLog() start -----------------
20260910 015224.069 INFO             PET2       MODEL: Run intro {IS}:<name: MODEL-ImportState> <intent: ESMF_STATEINTENT_IMPORT> <itemCount:    0>
20260910 015224.069 INFO             PET2       MODEL: Run intro {IS}:--- StateLog() end -------------------
20260910 015224.069 INFO             PET2       MODEL: Run intro {ES}:--- StateLog() start -----------------
20260910 015224.069 INFO             PET2       MODEL: Run intro {ES}:<name: MODEL-ExportState> <intent: ESMF_STATEINTENT_EXPORT> <itemCount:    2>
20260910 015224.069 INFO             PET2       MODEL: Run intro {ES}:+-<item: 0001> <itemType: Field> <itemName: pmsl>
20260910 015224.069 INFO             PET2       MODEL: Run intro {ES}:!--- FieldLog() start -----------------
20260910 015224.069 INFO             PET2       MODEL: Run intro {ES}:! <name: pmsl> <fieldStatus: ESMF_FIELDSTATUS_COMPLETE>
20260910 015224.069 INFO             PET2       MODEL: Run intro {ES}:! 0x7ffdf6fcaad0 => 0xf61470 => 0xf61690
20260910 015224.069 INFO             PET2       MODEL: Run intro {ES}:! <typekind: Real*8> <rank:    2> <dimCount:    2>
20260910 015224.069 INFO             PET2       MODEL: Run intro {ES}:! ! --- Array::log() start -----------------------------------
20260910 015224.069 INFO             PET2       MODEL: Run intro {ES}:! ! 0xf625e0
20260910 015224.069 INFO             PET2       MODEL: Run intro {ES}:! ! <name: pmsl>
20260910 015224.069 INFO             PET2       MODEL: Run intro {ES}:! ! ! --- DistGrid::log() start --------------------------------
20260910 015224.069 INFO             PET2       MODEL: Run intro {ES}:! ! ! 0xf5e7d0
20260910 015224.069 INFO             PET2       MODEL: Run intro {ES}:! ! ! DistGrid object is valid!<name: DG-Grid004-sloc:0>
20260910 015224.069 INFO             PET2       MODEL: Run intro {ES}:! ! ! --- DistGrid::log() end ----------------------------------
20260910 015224.069 INFO             PET2       MODEL: Run intro {ES}:! ! --- Array::log() end -------------------------------------
20260910 015224.069 INFO             PET2       MODEL: Run intro {ES}:!--- FieldLog() end -------------------
20260910 015224.069 INFO             PET2       MODEL: Run intro {ES}:+-<item: 0002> <itemType: Field> <itemName: rsns>
20260910 015224.069 INFO             PET2       MODEL: Run intro {ES}:!--- FieldLog() start -----------------
20260910 015224.069 INFO             PET2       MODEL: Run intro {ES}:! <name: rsns> <fieldStatus: ESMF_FIELDSTATUS_COMPLETE>
20260910 015224.069 INFO             PET2       MODEL: Run intro {ES}:! 0x7ffdf6fcaad0 => 0xf64050 => 0xf64270
20260910 015224.069 INFO             PET2       MODEL: Run intro {ES}:! <typekind: Real*8> <rank:    2> <dimCount:    2>
20260910 015224.069 INFO             PET2       MODEL: Run intro {ES}:! ! --- Array::log() start -----------------------------------
20260910 015224.069 INFO             PET2       MODEL: Run intro {ES}:! ! 0xf65140
20260910 015224.069 INFO             PET2       MODEL: Run intro {ES}:! ! <name: rsns>
20260910 015224.069 INFO             PET2       MODEL: Run intro {ES}:! ! ! --- DistGrid::log() start --------------------------------
20260910 015224.069 INFO             PET2       MODEL: Run intro {ES}:! ! ! 0xf5e7d0
20260910 015224.069 INFO             PET2       MODEL: Run intro {ES}:! ! ! DistGrid object is valid!<name: DG-Grid004-sloc:0>
20260910 015224.069 INFO             PET2       MODEL: Run intro {ES}:! ! ! --- DistGrid::log() end ----------------------------------
20260910 015224.069 INFO             PET2       MODEL: Run intro {ES}:! ! --- Array::log() end -------------------------------------
20260910 015224.069 INFO             PET2       MODEL: Run intro {ES}:!--- FieldLog() end -------------------
20260910 015224.069 INFO             PET2       MODEL: Run intro {ES}:--- StateLog() end -------------------
20260910 015224.069 INFO             PET2       >>>MODEL: entered Run (phase=RunPhase1) with current time:    0  1  1  0  2  0   0
20260910 015224.069 INFO             PET2       MODEL: time step-loop starting, current time:    0  1  1  0  2  0   0
20260910 015224.080 INFO             PET2       thread_num=   2   currentSsiPe=   6   num_threads=   3   max_threads=   3   num_procs=   8
20260910 015224.080 INFO             PET2       thread_num=   1   currentSsiPe=   2   num_threads=   3   max_threads=   3   num_procs=   8
20260910 015224.092 INFO             PET2       thread_num=   0   currentSsiPe=   2   num_threads=   3   max_threads=   3   num_procs=   8
20260910 015224.092 INFO             PET2       ---->Advancing Model from:    0  1  1  0  2  0   0
20260910 015224.092 INFO             PET2       ---------------------> to:    0  1  1  0  2 30   0
20260910 015224.092 INFO             PET2       MODEL: time step-loop ending,   current time:    0  1  1  0  2 30   0
20260910 015224.092 INFO             PET2       <<<MODEL: leaving Run (phase=RunPhase1) with current time:    0  1  1  0  2 30   0
20260910 015224.092 INFO             PET2       MODEL: Run extro {IS}:--- StateLog() start -----------------
20260910 015224.092 INFO             PET2       MODEL: Run extro {IS}:<name: MODEL-ImportState> <intent: ESMF_STATEINTENT_IMPORT> <itemCount:    0>
20260910 015224.092 INFO             PET2       MODEL: Run extro {IS}:--- StateLog() end -------------------
20260910 015224.092 INFO             PET2       MODEL: Run extro {ES}:--- StateLog() start -----------------
20260910 015224.093 INFO             PET2       MODEL: Run extro {ES}:<name: MODEL-ExportState> <intent: ESMF_STATEINTENT_EXPORT> <itemCount:    2>
20260910 015224.093 INFO             PET2       MODEL: Run extro {ES}:+-<item: 0001> <itemType: Field> <itemName: pmsl>
20260910 015224.093 INFO             PET2       MODEL: Run extro {ES}:!--- FieldLog() start -----------------
20260910 015224.093 INFO             PET2       MODEL: Run extro {ES}:! <name: pmsl> <fieldStatus: ESMF_FIELDSTATUS_COMPLETE>
20260910 015224.093 INFO             PET2       MODEL: Run extro {ES}:! 0x7ffdf6fcad70 => 0xf61470 => 0xf61690
20260910 015224.093 INFO             PET2       MODEL: Run extro {ES}:! <typekind: Real*8> <rank:    2> <dimCount:    2>
20260910 015224.093 INFO             PET2       MODEL: Run extro {ES}:! ! --- Array::log() start -----------------------------------
20260910 015224.093 INFO             PET2       MODEL: Run extro {ES}:! ! 0xf625e0
20260910 015224.093 INFO             PET2       MODEL: Run extro {ES}:! ! <name: pmsl>
20260910 015224.093 INFO             PET2       MODEL: Run extro {ES}:! ! ! --- DistGrid::log() start --------------------------------
20260910 015224.093 INFO             PET2       MODEL: Run extro {ES}:! ! ! 0xf5e7d0
20260910 015224.093 INFO             PET2       MODEL: Run extro {ES}:! ! ! DistGrid object is valid!<name: DG-Grid004-sloc:0>
20260910 015224.093 INFO             PET2       MODEL: Run extro {ES}:! ! ! --- DistGrid::log() end ----------------------------------
20260910 015224.093 INFO             PET2       MODEL: Run extro {ES}:! ! --- Array::log() end -------------------------------------
20260910 015224.093 INFO             PET2       MODEL: Run extro {ES}:!--- FieldLog() end -------------------
20260910 015224.093 INFO             PET2       MODEL: Run extro {ES}:+-<item: 0002> <itemType: Field> <itemName: rsns>
20260910 015224.093 INFO             PET2       MODEL: Run extro {ES}:!--- FieldLog() start -----------------
20260910 015224.093 INFO             PET2       MODEL: Run extro {ES}:! <name: rsns> <fieldStatus: ESMF_FIELDSTATUS_COMPLETE>
20260910 015224.093 INFO             PET2       MODEL: Run extro {ES}:! 0x7ffdf6fcad70 => 0xf64050 => 0xf64270
20260910 015224.093 INFO             PET2       MODEL: Run extro {ES}:! <typekind: Real*8> <rank:    2> <dimCount:    2>
20260910 015224.093 INFO             PET2       MODEL: Run extro {ES}:! ! --- Array::log() start -----------------------------------
20260910 015224.093 INFO             PET2       MODEL: Run extro {ES}:! ! 0xf65140
20260910 015224.093 INFO             PET2       MODEL: Run extro {ES}:! ! <name: rsns>
20260910 015224.093 INFO             PET2       MODEL: Run extro {ES}:! ! ! --- DistGrid::log() start --------------------------------
20260910 015224.093 INFO             PET2       MODEL: Run extro {ES}:! ! ! 0xf5e7d0
20260910 015224.093 INFO             PET2       MODEL: Run extro {ES}:! ! ! DistGrid object is valid!<name: DG-Grid004-sloc:0>
20260910 015224.093 INFO             PET2       MODEL: Run extro {ES}:! ! ! --- DistGrid::log() end ----------------------------------
20260910 015224.093 INFO             PET2       MODEL: Run extro {ES}:! ! --- Array::log() end -------------------------------------
20260910 015224.093 INFO             PET2       MODEL: Run extro {ES}:!--- FieldLog() end -------------------
20260910 015224.093 INFO             PET2       MODEL: Run extro {ES}:--- StateLog() end -------------------
20260910 015224.093 INFO             PET2     MODEL: Run extro.
20260910 015224.093 INFO             PET2   driver: end <--------- RunSequence
20260910 015224.093 INFO             PET2   <<<driver: leaving Run (phase=RunPhase1) with current time:    0  1  1  0  2 30   0
20260910 015224.093 INFO             PET2   driver: Run extro {IS}:--- StateLog() start -----------------
20260910 015224.093 INFO             PET2   driver: Run extro {IS}:State object is invalid! Not created or deleted!
20260910 015224.093 INFO             PET2   driver: Run extro {IS}:--- StateLog() end -------------------
20260910 015224.093 INFO             PET2   driver: Run extro {ES}:--- StateLog() start -----------------
20260910 015224.093 INFO             PET2   driver: Run extro {ES}:State object is invalid! Not created or deleted!
20260910 015224.093 INFO             PET2   driver: Run extro {ES}:--- StateLog() end -------------------
20260910 015224.093 INFO             PET2 driver: Run extro.
20260910 015224.093 INFO             PET2 driver: Finalize intro.
20260910 015224.093 INFO             PET2   driver: Finalize intro {IS}:--- StateLog() start -----------------
20260910 015224.093 INFO             PET2   driver: Finalize intro {IS}:State object is invalid! Not created or deleted!
20260910 015224.093 INFO             PET2   driver: Finalize intro {IS}:--- StateLog() end -------------------
20260910 015224.093 INFO             PET2   driver: Finalize intro {ES}:--- StateLog() start -----------------
20260910 015224.093 INFO             PET2   driver: Finalize intro {ES}:State object is invalid! Not created or deleted!
20260910 015224.093 INFO             PET2   driver: Finalize intro {ES}:--- StateLog() end -------------------
20260910 015224.093 INFO             PET2   >>>driver: entered Finalize (phase=FinalizePhase1) with current time:    0  1  1  0  2 30   0
20260910 015224.093 INFO             PET2   Calling Finalize phase 1 for modelComp: MODEL
20260910 015224.093 INFO             PET2   MODEL: Finalize intro.
20260910 015224.093 INFO             PET2     MODEL: Finalize intro {IS}:--- StateLog() start -----------------
20260910 015224.093 INFO             PET2     MODEL: Finalize intro {IS}:<name: MODEL-ImportState> <intent: ESMF_STATEINTENT_IMPORT> <itemCount:    0>
20260910 015224.093 INFO             PET2     MODEL: Finalize intro {IS}:--- StateLog() end -------------------
20260910 015224.093 INFO             PET2     MODEL: Finalize intro {ES}:--- StateLog() start -----------------
20260910 015224.093 INFO             PET2     MODEL: Finalize intro {ES}:<name: MODEL-ExportState> <intent: ESMF_STATEINTENT_EXPORT> <itemCount:    2>
20260910 015224.093 INFO             PET2     MODEL: Finalize intro {ES}:+-<item: 0001> <itemType: Field> <itemName: pmsl>
20260910 015224.093 INFO             PET2     MODEL: Finalize intro {ES}:!--- FieldLog() start -----------------
20260910 015224.093 INFO             PET2     MODEL: Finalize intro {ES}:! <name: pmsl> <fieldStatus: ESMF_FIELDSTATUS_COMPLETE>
20260910 015224.093 INFO             PET2     MODEL: Finalize intro {ES}:! 0x7ffdf6fcb3c0 => 0xf61470 => 0xf61690
20260910 015224.093 INFO             PET2     MODEL: Finalize intro {ES}:! <typekind: Real*8> <rank:    2> <dimCount:    2>
20260910 015224.093 INFO             PET2     MODEL: Finalize intro {ES}:! ! --- Array::log() start -----------------------------------
20260910 015224.093 INFO             PET2     MODEL: Finalize intro {ES}:! ! 0xf625e0
20260910 015224.093 INFO             PET2     MODEL: Finalize intro {ES}:! ! <name: pmsl>
20260910 015224.093 INFO             PET2     MODEL: Finalize intro {ES}:! ! ! --- DistGrid::log() start --------------------------------
20260910 015224.093 INFO             PET2     MODEL: Finalize intro {ES}:! ! ! 0xf5e7d0
20260910 015224.093 INFO             PET2     MODEL: Finalize intro {ES}:! ! ! DistGrid object is valid!<name: DG-Grid004-sloc:0>
20260910 015224.093 INFO             PET2     MODEL: Finalize intro {ES}:! ! ! --- DistGrid::log() end ----------------------------------
20260910 015224.093 INFO             PET2     MODEL: Finalize intro {ES}:! ! --- Array::log() end -------------------------------------
20260910 015224.093 INFO             PET2     MODEL: Finalize intro {ES}:!--- FieldLog() end -------------------
20260910 015224.093 INFO             PET2     MODEL: Finalize intro {ES}:+-<item: 0002> <itemType: Field> <itemName: rsns>
20260910 015224.093 INFO             PET2     MODEL: Finalize intro {ES}:!--- FieldLog() start -----------------
20260910 015224.093 INFO             PET2     MODEL: Finalize intro {ES}:! <name: rsns> <fieldStatus: ESMF_FIELDSTATUS_COMPLETE>
20260910 015224.093 INFO             PET2     MODEL: Finalize intro {ES}:! 0x7ffdf6fcb3c0 => 0xf64050 => 0xf64270
20260910 015224.093 INFO             PET2     MODEL: Finalize intro {ES}:! <typekind: Real*8> <rank:    2> <dimCount:    2>
20260910 015224.093 INFO             PET2     MODEL: Finalize intro {ES}:! ! --- Array::log() start -----------------------------------
20260910 015224.093 INFO             PET2     MODEL: Finalize intro {ES}:! ! 0xf65140
20260910 015224.093 INFO             PET2     MODEL: Finalize intro {ES}:! ! <name: rsns>
20260910 015224.093 INFO             PET2     MODEL: Finalize intro {ES}:! ! ! --- DistGrid::log() start --------------------------------
20260910 015224.093 INFO             PET2     MODEL: Finalize intro {ES}:! ! ! 0xf5e7d0
20260910 015224.093 INFO             PET2     MODEL: Finalize intro {ES}:! ! ! DistGrid object is valid!<name: DG-Grid004-sloc:0>
20260910 015224.093 INFO             PET2     MODEL: Finalize intro {ES}:! ! ! --- DistGrid::log() end ----------------------------------
20260910 015224.093 INFO             PET2     MODEL: Finalize intro {ES}:! ! --- Array::log() end -------------------------------------
20260910 015224.093 INFO             PET2     MODEL: Finalize intro {ES}:!--- FieldLog() end -------------------
20260910 015224.093 INFO             PET2     MODEL: Finalize intro {ES}:--- StateLog() end -------------------
20260910 015224.093 INFO             PET2     >>>MODEL: entered Finalize (phase=FinalizePhase1) with current time:    0  1  1  0  2 30   0
20260910 015224.093 INFO             PET2     <<<MODEL: leaving Finalize (phase=FinalizePhase1) with current time:    0  1  1  0  2 30   0
20260910 015224.093 INFO             PET2   MODEL: Finalize extro.
20260910 015224.094 INFO             PET2   Delete modelComp: MODEL
20260910 015224.094 INFO             PET2   Delete Import-/Export State for modelComp: MODEL
20260910 015224.094 INFO             PET2   <<<driver: leaving Finalize (phase=FinalizePhase1) with current time:    0  1  1  0  2 30   0
20260910 015224.094 INFO             PET2 driver: Finalize extro.
20260910 015224.094 INFO             PET2 mainApp FINISHED
20260910 015224.094 INFO             PET2  Finalizing ESMF
20260910 015223.955 INFO             PET3 !!!!!!!!!!!!!!!!!!!!!!!!!!!!!!!!!!!!!!!!!!!!!!!!!!!!!!
20260910 015223.955 INFO             PET3 !!! THE ESMF_LOG IS SET TO OUTPUT ALL LOG MESSAGES !!!
20260910 015223.955 INFO             PET3 !!!     THIS MAY CAUSE SLOWDOWN IN PERFORMANCE     !!!
20260910 015223.955 INFO             PET3 !!! FOR PRODUCTION RUNS, USE:                      !!!
20260910 015223.955 INFO             PET3 !!!                   ESMF_LOGKIND_Multi_On_Error  !!!
20260910 015223.955 INFO             PET3 !!!!!!!!!!!!!!!!!!!!!!!!!!!!!!!!!!!!!!!!!!!!!!!!!!!!!!
20260910 015223.955 INFO             PET3 Running with ESMF Version   : develop+gc12f7f42f7
20260910 015223.955 INFO             PET3 ESMF library build date/time: "Sep 10 2026" "01:29:06"
20260910 015223.955 INFO             PET3 ESMF library build location : /home/gerhard/ESMF-Nightly-Testing/gfortran_7.4.0_mpich_O_develop/esmf
20260910 015223.955 INFO             PET3 ESMF_COMM                   : mpich
20260910 015223.955 INFO             PET3 ESMF_MOAB                   : enabled
20260910 015223.955 INFO             PET3 ESMF_LAPACK                 : enabled
20260910 015223.955 INFO             PET3 ESMF_NETCDF                 : enabled
20260910 015223.955 INFO             PET3 ESMF_PNETCDF                : disabled
20260910 015223.955 INFO             PET3 ESMF_PIO                    : enabled
20260910 015223.955 INFO             PET3 ESMF_YAMLCPP                : enabled
20260910 015223.955 INFO             PET3 mainApp STARTING
20260910 015223.958 INFO             PET3 driver: InitializeGeneric intro.
20260910 015223.958 INFO             PET3   driver: InitializeGeneric intro {IS}:--- StateLog() start -----------------
20260910 015223.958 INFO             PET3   driver: InitializeGeneric intro {IS}:State object is invalid! Not created or deleted!
20260910 015223.958 INFO             PET3   driver: InitializeGeneric intro {IS}:--- StateLog() end -------------------
20260910 015223.958 INFO             PET3   driver: InitializeGeneric intro {ES}:--- StateLog() start -----------------
20260910 015223.958 INFO             PET3   driver: InitializeGeneric intro {ES}:State object is invalid! Not created or deleted!
20260910 015223.958 INFO             PET3   driver: InitializeGeneric intro {ES}:--- StateLog() end -------------------
20260910 015223.958 INFO             PET3   >>>driver: entered Initialize (phase=<none>) without valid internal Clock.
20260910 015223.958 INFO             PET3   driver: InitializeP0 intro.
20260910 015223.958 INFO             PET3     driver: InitializeP0 intro {IS}:--- StateLog() start -----------------
20260910 015223.958 INFO             PET3     driver: InitializeP0 intro {IS}:State object is invalid! Not created or deleted!
20260910 015223.958 INFO             PET3     driver: InitializeP0 intro {IS}:--- StateLog() end -------------------
20260910 015223.958 INFO             PET3     driver: InitializeP0 intro {ES}:--- StateLog() start -----------------
20260910 015223.958 INFO             PET3     driver: InitializeP0 intro {ES}:State object is invalid! Not created or deleted!
20260910 015223.958 INFO             PET3     driver: InitializeP0 intro {ES}:--- StateLog() end -------------------
20260910 015223.958 INFO             PET3     >>>driver: entered Initialize (phase=<none>) without valid internal Clock.
20260910 015223.958 INFO             PET3     <<<driver: leaving Initialize (phase=<none>) without valid internal Clock.
20260910 015223.958 INFO             PET3     driver: InitializeP0 extro {IS}:--- StateLog() start -----------------
20260910 015223.958 INFO             PET3     driver: InitializeP0 extro {IS}:State object is invalid! Not created or deleted!
20260910 015223.958 INFO             PET3     driver: InitializeP0 extro {IS}:--- StateLog() end -------------------
20260910 015223.958 INFO             PET3     driver: InitializeP0 extro {ES}:--- StateLog() start -----------------
20260910 015223.958 INFO             PET3     driver: InitializeP0 extro {ES}:State object is invalid! Not created or deleted!
20260910 015223.958 INFO             PET3     driver: InitializeP0 extro {ES}:--- StateLog() end -------------------
20260910 015223.958 INFO             PET3   driver: InitializeP0 extro.
20260910 015223.959 INFO             PET3   driver: InitializeIPDv02p1 intro.
20260910 015223.959 INFO             PET3     driver: InitializeIPDv02p1 intro {IS}:--- StateLog() start -----------------
20260910 015223.959 INFO             PET3     driver: InitializeIPDv02p1 intro {IS}:State object is invalid! Not created or deleted!
20260910 015223.959 INFO             PET3     driver: InitializeIPDv02p1 intro {IS}:--- StateLog() end -------------------
20260910 015223.959 INFO             PET3     driver: InitializeIPDv02p1 intro {ES}:--- StateLog() start -----------------
20260910 015223.959 INFO             PET3     driver: InitializeIPDv02p1 intro {ES}:State object is invalid! Not created or deleted!
20260910 015223.959 INFO             PET3     driver: InitializeIPDv02p1 intro {ES}:--- StateLog() end -------------------
20260910 015223.959 INFO             PET3     >>>driver: entered Initialize (phase=<none>) without valid internal Clock.
20260910 015223.959 INFO             PET3     driver - Creating model component MODEL without petList.
20260910 015223.961 INFO             PET3      GridCompIsPetLocal:  T
20260910 015223.961 INFO             PET3      VmIsCreated:  T
20260910 015223.961 INFO             PET3      valid MPI_COMM with size=           4
20260910 015223.961 INFO             PET3     driver - Creating state: modelComp 1 Import State
20260910 015223.961 INFO             PET3     driver - Creating state: modelComp 1 Export State
20260910 015223.961 INFO             PET3     MODEL: InitializeP0 intro.
20260910 015223.962 INFO             PET3       MODEL: InitializeP0 intro {IS}:--- StateLog() start -----------------
20260910 015223.962 INFO             PET3       MODEL: InitializeP0 intro {IS}:<name: MODEL-ImportState> <intent: ESMF_STATEINTENT_IMPORT> <itemCount:    0>
20260910 015223.962 INFO             PET3       MODEL: InitializeP0 intro {IS}:--- StateLog() end -------------------
20260910 015223.962 INFO             PET3       MODEL: InitializeP0 intro {ES}:--- StateLog() start -----------------
20260910 015223.962 INFO             PET3       MODEL: InitializeP0 intro {ES}:<name: MODEL-ExportState> <intent: ESMF_STATEINTENT_EXPORT> <itemCount:    0>
20260910 015223.962 INFO             PET3       MODEL: InitializeP0 intro {ES}:--- StateLog() end -------------------
20260910 015223.962 INFO             PET3       >>>MODEL: entered Initialize (phase=<none>) without valid internal Clock.
20260910 015223.962 INFO             PET3       <<<MODEL: leaving Initialize (phase=<none>) without valid internal Clock.
20260910 015223.962 INFO             PET3       MODEL: InitializeP0 extro {IS}:--- StateLog() start -----------------
20260910 015223.962 INFO             PET3       MODEL: InitializeP0 extro {IS}:<name: MODEL-ImportState> <intent: ESMF_STATEINTENT_IMPORT> <itemCount:    0>
20260910 015223.962 INFO             PET3       MODEL: InitializeP0 extro {IS}:--- StateLog() end -------------------
20260910 015223.962 INFO             PET3       MODEL: InitializeP0 extro {ES}:--- StateLog() start -----------------
20260910 015223.962 INFO             PET3       MODEL: InitializeP0 extro {ES}:<name: MODEL-ExportState> <intent: ESMF_STATEINTENT_EXPORT> <itemCount:    0>
20260910 015223.962 INFO             PET3       MODEL: InitializeP0 extro {ES}:--- StateLog() end -------------------
20260910 015223.962 INFO             PET3     MODEL: InitializeP0 extro.
20260910 015223.963 INFO             PET3     driver: IInitAdvertise intro.
20260910 015223.963 INFO             PET3       driver: IInitAdvertise intro {IS}:--- StateLog() start -----------------
20260910 015223.963 INFO             PET3       driver: IInitAdvertise intro {IS}:State object is invalid! Not created or deleted!
20260910 015223.963 INFO             PET3       driver: IInitAdvertise intro {IS}:--- StateLog() end -------------------
20260910 015223.963 INFO             PET3       driver: IInitAdvertise intro {ES}:--- StateLog() start -----------------
20260910 015223.963 INFO             PET3       driver: IInitAdvertise intro {ES}:State object is invalid! Not created or deleted!
20260910 015223.963 INFO             PET3       driver: IInitAdvertise intro {ES}:--- StateLog() end -------------------
20260910 015223.963 INFO             PET3       >>>driver: entered Initialize (phase=<none>) with current time:    0  1  1  0  0  0   0
20260910 015223.963 INFO             PET3       <<<driver: leaving Initialize (phase=<none>) with current time:    0  1  1  0  0  0   0
20260910 015223.963 INFO             PET3       driver: IInitAdvertise extro {IS}:--- StateLog() start -----------------
20260910 015223.963 INFO             PET3       driver: IInitAdvertise extro {IS}:State object is invalid! Not created or deleted!
20260910 015223.963 INFO             PET3       driver: IInitAdvertise extro {IS}:--- StateLog() end -------------------
20260910 015223.963 INFO             PET3       driver: IInitAdvertise extro {ES}:--- StateLog() start -----------------
20260910 015223.963 INFO             PET3       driver: IInitAdvertise extro {ES}:State object is invalid! Not created or deleted!
20260910 015223.963 INFO             PET3       driver: IInitAdvertise extro {ES}:--- StateLog() end -------------------
20260910 015223.963 INFO             PET3     driver: IInitAdvertise extro.
20260910 015223.963 INFO             PET3     MODEL: InitializeIPDvXp01 intro.
20260910 015223.963 INFO             PET3       MODEL: InitializeIPDvXp01 intro {IS}:--- StateLog() start -----------------
20260910 015223.963 INFO             PET3       MODEL: InitializeIPDvXp01 intro {IS}:<name: MODEL-ImportState> <intent: ESMF_STATEINTENT_IMPORT> <itemCount:    0>
20260910 015223.963 INFO             PET3       MODEL: InitializeIPDvXp01 intro {IS}:--- StateLog() end -------------------
20260910 015223.963 INFO             PET3       MODEL: InitializeIPDvXp01 intro {ES}:--- StateLog() start -----------------
20260910 015223.963 INFO             PET3       MODEL: InitializeIPDvXp01 intro {ES}:<name: MODEL-ExportState> <intent: ESMF_STATEINTENT_EXPORT> <itemCount:    0>
20260910 015223.963 INFO             PET3       MODEL: InitializeIPDvXp01 intro {ES}:--- StateLog() end -------------------
20260910 015223.963 INFO             PET3       >>>MODEL: entered Initialize (phase=IPDvXp01) without valid internal Clock.
20260910 015223.964 INFO             PET3       <<<MODEL: leaving Initialize (phase=IPDvXp01) without valid internal Clock.
20260910 015223.965 INFO             PET3       MODEL: InitializeIPDvXp01 extro {IS}:--- StateLog() start -----------------
20260910 015223.965 INFO             PET3       MODEL: InitializeIPDvXp01 extro {IS}:<name: MODEL-ImportState> <intent: ESMF_STATEINTENT_IMPORT> <itemCount:    0>
20260910 015223.965 INFO             PET3       MODEL: InitializeIPDvXp01 extro {IS}:--- StateLog() end -------------------
20260910 015223.965 INFO             PET3       MODEL: InitializeIPDvXp01 extro {ES}:--- StateLog() start -----------------
20260910 015223.965 INFO             PET3       MODEL: InitializeIPDvXp01 extro {ES}:<name: MODEL-ExportState> <intent: ESMF_STATEINTENT_EXPORT> <itemCount:    2>
20260910 015223.965 INFO             PET3       MODEL: InitializeIPDvXp01 extro {ES}:+-<item: 0001> <itemType: Field> <itemName: pmsl>
20260910 015223.965 INFO             PET3       MODEL: InitializeIPDvXp01 extro {ES}:!--- FieldLog() start -----------------
20260910 015223.965 INFO             PET3       MODEL: InitializeIPDvXp01 extro {ES}:! <name: pmsl> <fieldStatus: ESMF_FIELDSTATUS_EMPTY>
20260910 015223.965 INFO             PET3       MODEL: InitializeIPDvXp01 extro {ES}:! 0x7ffd5eef9670 => 0x25c42a0 => 0x25cb750
20260910 015223.965 INFO             PET3       MODEL: InitializeIPDvXp01 extro {ES}:!--- FieldLog() end -------------------
20260910 015223.965 INFO             PET3       MODEL: InitializeIPDvXp01 extro {ES}:+-<item: 0002> <itemType: Field> <itemName: rsns>
20260910 015223.965 INFO             PET3       MODEL: InitializeIPDvXp01 extro {ES}:!--- FieldLog() start -----------------
20260910 015223.965 INFO             PET3       MODEL: InitializeIPDvXp01 extro {ES}:! <name: rsns> <fieldStatus: ESMF_FIELDSTATUS_EMPTY>
20260910 015223.965 INFO             PET3       MODEL: InitializeIPDvXp01 extro {ES}:! 0x7ffd5eef9670 => 0x25cf8f0 => 0x25cfb10
20260910 015223.965 INFO             PET3       MODEL: InitializeIPDvXp01 extro {ES}:!--- FieldLog() end -------------------
20260910 015223.965 INFO             PET3       MODEL: InitializeIPDvXp01 extro {ES}:--- StateLog() end -------------------
20260910 015223.965 INFO             PET3     MODEL: InitializeIPDvXp01 extro.
20260910 015223.965 INFO             PET3     driver: IInitAdvertiseFinish intro.
20260910 015223.965 INFO             PET3       driver: IInitAdvertiseFinish intro {IS}:--- StateLog() start -----------------
20260910 015223.965 INFO             PET3       driver: IInitAdvertiseFinish intro {IS}:State object is invalid! Not created or deleted!
20260910 015223.965 INFO             PET3       driver: IInitAdvertiseFinish intro {IS}:--- StateLog() end -------------------
20260910 015223.965 INFO             PET3       driver: IInitAdvertiseFinish intro {ES}:--- StateLog() start -----------------
20260910 015223.965 INFO             PET3       driver: IInitAdvertiseFinish intro {ES}:State object is invalid! Not created or deleted!
20260910 015223.965 INFO             PET3       driver: IInitAdvertiseFinish intro {ES}:--- StateLog() end -------------------
20260910 015223.965 INFO             PET3       >>>driver: entered Initialize (phase=<none>) with current time:    0  1  1  0  0  0   0
20260910 015223.965 INFO             PET3       <<<driver: leaving Initialize (phase=<none>) with current time:    0  1  1  0  0  0   0
20260910 015223.965 INFO             PET3       driver: IInitAdvertiseFinish extro {IS}:--- StateLog() start -----------------
20260910 015223.965 INFO             PET3       driver: IInitAdvertiseFinish extro {IS}:State object is invalid! Not created or deleted!
20260910 015223.965 INFO             PET3       driver: IInitAdvertiseFinish extro {IS}:--- StateLog() end -------------------
20260910 015223.965 INFO             PET3       driver: IInitAdvertiseFinish extro {ES}:--- StateLog() start -----------------
20260910 015223.965 INFO             PET3       driver: IInitAdvertiseFinish extro {ES}:State object is invalid! Not created or deleted!
20260910 015223.965 INFO             PET3       driver: IInitAdvertiseFinish extro {ES}:--- StateLog() end -------------------
20260910 015223.965 INFO             PET3     driver: IInitAdvertiseFinish extro.
20260910 015223.966 INFO             PET3     driver: IInitModifyCplLists intro.
20260910 015223.966 INFO             PET3       driver: IInitModifyCplLists intro {IS}:--- StateLog() start -----------------
20260910 015223.966 INFO             PET3       driver: IInitModifyCplLists intro {IS}:State object is invalid! Not created or deleted!
20260910 015223.966 INFO             PET3       driver: IInitModifyCplLists intro {IS}:--- StateLog() end -------------------
20260910 015223.966 INFO             PET3       driver: IInitModifyCplLists intro {ES}:--- StateLog() start -----------------
20260910 015223.966 INFO             PET3       driver: IInitModifyCplLists intro {ES}:State object is invalid! Not created or deleted!
20260910 015223.966 INFO             PET3       driver: IInitModifyCplLists intro {ES}:--- StateLog() end -------------------
20260910 015223.966 INFO             PET3       >>>driver: entered Initialize (phase=<none>) with current time:    0  1  1  0  0  0   0
20260910 015223.966 INFO             PET3       <<<driver: leaving Initialize (phase=<none>) with current time:    0  1  1  0  0  0   0
20260910 015223.966 INFO             PET3       driver: IInitModifyCplLists extro {IS}:--- StateLog() start -----------------
20260910 015223.966 INFO             PET3       driver: IInitModifyCplLists extro {IS}:State object is invalid! Not created or deleted!
20260910 015223.966 INFO             PET3       driver: IInitModifyCplLists extro {IS}:--- StateLog() end -------------------
20260910 015223.966 INFO             PET3       driver: IInitModifyCplLists extro {ES}:--- StateLog() start -----------------
20260910 015223.966 INFO             PET3       driver: IInitModifyCplLists extro {ES}:State object is invalid! Not created or deleted!
20260910 015223.966 INFO             PET3       driver: IInitModifyCplLists extro {ES}:--- StateLog() end -------------------
20260910 015223.966 INFO             PET3     driver: IInitModifyCplLists extro.
20260910 015223.966 INFO             PET3     <<<driver: leaving Initialize (phase=<none>) with current time:    0  1  1  0  0  0   0
20260910 015223.966 INFO             PET3     driver: InitializeIPDv02p1 extro {IS}:--- StateLog() start -----------------
20260910 015223.966 INFO             PET3     driver: InitializeIPDv02p1 extro {IS}:State object is invalid! Not created or deleted!
20260910 015223.966 INFO             PET3     driver: InitializeIPDv02p1 extro {IS}:--- StateLog() end -------------------
20260910 015223.966 INFO             PET3     driver: InitializeIPDv02p1 extro {ES}:--- StateLog() start -----------------
20260910 015223.966 INFO             PET3     driver: InitializeIPDv02p1 extro {ES}:State object is invalid! Not created or deleted!
20260910 015223.966 INFO             PET3     driver: InitializeIPDv02p1 extro {ES}:--- StateLog() end -------------------
20260910 015223.966 INFO             PET3   driver: InitializeIPDv02p1 extro.
20260910 015223.966 INFO             PET3   driver: InitializeIPDv02p3 intro.
20260910 015223.966 INFO             PET3     driver: InitializeIPDv02p3 intro {IS}:--- StateLog() start -----------------
20260910 015223.966 INFO             PET3     driver: InitializeIPDv02p3 intro {IS}:State object is invalid! Not created or deleted!
20260910 015223.966 INFO             PET3     driver: InitializeIPDv02p3 intro {IS}:--- StateLog() end -------------------
20260910 015223.966 INFO             PET3     driver: InitializeIPDv02p3 intro {ES}:--- StateLog() start -----------------
20260910 015223.966 INFO             PET3     driver: InitializeIPDv02p3 intro {ES}:State object is invalid! Not created or deleted!
20260910 015223.966 INFO             PET3     driver: InitializeIPDv02p3 intro {ES}:--- StateLog() end -------------------
20260910 015223.966 INFO             PET3     >>>driver: entered Initialize (phase=<none>) with current time:    0  1  1  0  0  0   0
20260910 015223.966 INFO             PET3     driver: IInitCheck intro.
20260910 015223.966 INFO             PET3       driver: IInitCheck intro {IS}:--- StateLog() start -----------------
20260910 015223.966 INFO             PET3       driver: IInitCheck intro {IS}:State object is invalid! Not created or deleted!
20260910 015223.966 INFO             PET3       driver: IInitCheck intro {IS}:--- StateLog() end -------------------
20260910 015223.966 INFO             PET3       driver: IInitCheck intro {ES}:--- StateLog() start -----------------
20260910 015223.966 INFO             PET3       driver: IInitCheck intro {ES}:State object is invalid! Not created or deleted!
20260910 015223.966 INFO             PET3       driver: IInitCheck intro {ES}:--- StateLog() end -------------------
20260910 015223.966 INFO             PET3       >>>driver: entered Initialize (phase=<none>) with current time:    0  1  1  0  0  0   0
20260910 015223.966 INFO             PET3       <<<driver: leaving Initialize (phase=<none>) with current time:    0  1  1  0  0  0   0
20260910 015223.966 INFO             PET3       driver: IInitCheck extro {IS}:--- StateLog() start -----------------
20260910 015223.966 INFO             PET3       driver: IInitCheck extro {IS}:State object is invalid! Not created or deleted!
20260910 015223.966 INFO             PET3       driver: IInitCheck extro {IS}:--- StateLog() end -------------------
20260910 015223.966 INFO             PET3       driver: IInitCheck extro {ES}:--- StateLog() start -----------------
20260910 015223.966 INFO             PET3       driver: IInitCheck extro {ES}:State object is invalid! Not created or deleted!
20260910 015223.966 INFO             PET3       driver: IInitCheck extro {ES}:--- StateLog() end -------------------
20260910 015223.966 INFO             PET3     driver: IInitCheck extro.
20260910 015223.966 INFO             PET3     MODEL: InitializeIPDvXp04 intro.
20260910 015223.966 INFO             PET3       MODEL: InitializeIPDvXp04 intro {IS}:--- StateLog() start -----------------
20260910 015223.966 INFO             PET3       MODEL: InitializeIPDvXp04 intro {IS}:<name: MODEL-ImportState> <intent: ESMF_STATEINTENT_IMPORT> <itemCount:    0>
20260910 015223.966 INFO             PET3       MODEL: InitializeIPDvXp04 intro {IS}:--- StateLog() end -------------------
20260910 015223.966 INFO             PET3       MODEL: InitializeIPDvXp04 intro {ES}:--- StateLog() start -----------------
20260910 015223.966 INFO             PET3       MODEL: InitializeIPDvXp04 intro {ES}:<name: MODEL-ExportState> <intent: ESMF_STATEINTENT_EXPORT> <itemCount:    2>
20260910 015223.966 INFO             PET3       MODEL: InitializeIPDvXp04 intro {ES}:+-<item: 0001> <itemType: Field> <itemName: pmsl>
20260910 015223.966 INFO             PET3       MODEL: InitializeIPDvXp04 intro {ES}:!--- FieldLog() start -----------------
20260910 015223.966 INFO             PET3       MODEL: InitializeIPDvXp04 intro {ES}:! <name: pmsl> <fieldStatus: ESMF_FIELDSTATUS_EMPTY>
20260910 015223.966 INFO             PET3       MODEL: InitializeIPDvXp04 intro {ES}:! 0x7ffd5eefab10 => 0x25c42a0 => 0x25cb750
20260910 015223.966 INFO             PET3       MODEL: InitializeIPDvXp04 intro {ES}:!--- FieldLog() end -------------------
20260910 015223.966 INFO             PET3       MODEL: InitializeIPDvXp04 intro {ES}:+-<item: 0002> <itemType: Field> <itemName: rsns>
20260910 015223.966 INFO             PET3       MODEL: InitializeIPDvXp04 intro {ES}:!--- FieldLog() start -----------------
20260910 015223.966 INFO             PET3       MODEL: InitializeIPDvXp04 intro {ES}:! <name: rsns> <fieldStatus: ESMF_FIELDSTATUS_EMPTY>
20260910 015223.966 INFO             PET3       MODEL: InitializeIPDvXp04 intro {ES}:! 0x7ffd5eefab10 => 0x25cf8f0 => 0x25cfb10
20260910 015223.966 INFO             PET3       MODEL: InitializeIPDvXp04 intro {ES}:!--- FieldLog() end -------------------
20260910 015223.966 INFO             PET3       MODEL: InitializeIPDvXp04 intro {ES}:--- StateLog() end -------------------
20260910 015223.966 INFO             PET3       >>>MODEL: entered Initialize (phase=IPDvXp04) without valid internal Clock.
20260910 015223.968 INFO             PET3       After Realize: - MemInfo: [/proc/meminfo - SSI]	MemTotal:        7836652 kB
20260910 015223.968 INFO             PET3       After Realize: - MemInfo: [/proc/meminfo - SSI]	MemFree:         4020400 kB
20260910 015223.968 INFO             PET3       After Realize: - MemInfo: [/proc/meminfo - SSI]	MemAvailable:    6349312 kB
20260910 015223.968 INFO             PET3       After Realize: - MemInfo: [/proc/meminfo - SSI]	Committed_AS:    7446560 kB
20260910 015223.968 INFO             PET3       After Realize: - MemInfo: [/proc/meminfo - SSI]	CommittedPercent: 95.0222 %
20260910 015223.968 INFO             PET3       After Realize: - MemInfo: [/proc/self/status]	VmPeak:	  108440 kB
20260910 015223.968 INFO             PET3       After Realize: - MemInfo: [/proc/self/status]	VmSize:	  108440 kB
20260910 015223.968 INFO             PET3       After Realize: - MemInfo: [/proc/self/status]	VmLck:	       0 kB
20260910 015223.968 INFO             PET3       After Realize: - MemInfo: [/proc/self/status]	VmPin:	       0 kB
20260910 015223.968 INFO             PET3       After Realize: - MemInfo: [/proc/self/status]	VmHWM:	   30124 kB
20260910 015223.968 INFO             PET3       After Realize: - MemInfo: [/proc/self/status]	VmRSS:	   30124 kB
20260910 015223.968 INFO             PET3       After Realize: - MemInfo: [/proc/self/status]	VmData:	   10120 kB
20260910 015223.968 INFO             PET3       After Realize: - MemInfo: [/proc/self/status]	VmStk:	     136 kB
20260910 015223.968 INFO             PET3       After Realize: - MemInfo: [/proc/self/status]	VmExe:	     180 kB
20260910 015223.968 INFO             PET3       After Realize: - MemInfo: [/proc/self/status]	VmLib:	   41452 kB
20260910 015223.968 INFO             PET3       After Realize: - MemInfo: [/proc/self/status]	VmPTE:	     220 kB
20260910 015223.968 INFO             PET3       After Realize: - MemInfo: [/proc/self/status]	VmSwap:	       0 kB
20260910 015223.968 INFO             PET3       After Realize: - MemInfo: [/proc/self/status]	VmRSSPercent: 0.384399 %
20260910 015223.968 INFO             PET3       After Realize: - MemInfo: [malloc] Non-mmapped space allocated:                 1024000 Byte
20260910 015223.968 INFO             PET3       After Realize: - MemInfo: [malloc] Space allocated in mmapped regions:          6012928 Byte
20260910 015223.968 INFO             PET3       After Realize: - MemInfo: [malloc] Maximum total allocated space:                     0 Byte
20260910 015223.968 INFO             PET3       After Realize: - MemInfo: [malloc] Space in freed fastbin blocks:                   480 Byte
20260910 015223.968 INFO             PET3       After Realize: - MemInfo: [malloc] Total allocated space:                        900560 Byte
20260910 015223.968 INFO             PET3       After Realize: - MemInfo: [malloc] Total free space:                             123440 Byte
20260910 015223.968 INFO             PET3       After Realize: - MemInfo: [malloc] Top-most, releasable space:                   122960 Byte
20260910 015223.968 INFO             PET3       After Realize: - MemInfo: [malloc] Total space in use, mmap + non-mmap:         6913488 Byte
20260910 015223.968 INFO             PET3       After Realize: - MemInfo: [malloc] Total space held (mmap + non-mmap):          7036928 Byte
20260910 015223.968 INFO             PET3       After Realize: - MemInfo: [malloc] Total space used (mmap + non-mmap):          6922352 Byte
20260910 015223.968 INFO             PET3       After Realize: - MemInfo: Wall-clock time since execution start:               0.015502 seconds
20260910 015223.968 INFO             PET3       <<<MODEL: leaving Initialize (phase=IPDvXp04) without valid internal Clock.
20260910 015223.968 INFO             PET3       MODEL: InitializeIPDvXp04 extro {IS}:--- StateLog() start -----------------
20260910 015223.968 INFO             PET3       MODEL: InitializeIPDvXp04 extro {IS}:<name: MODEL-ImportState> <intent: ESMF_STATEINTENT_IMPORT> <itemCount:    0>
20260910 015223.968 INFO             PET3       MODEL: InitializeIPDvXp04 extro {IS}:--- StateLog() end -------------------
20260910 015223.968 INFO             PET3       MODEL: InitializeIPDvXp04 extro {ES}:--- StateLog() start -----------------
20260910 015223.968 INFO             PET3       MODEL: InitializeIPDvXp04 extro {ES}:<name: MODEL-ExportState> <intent: ESMF_STATEINTENT_EXPORT> <itemCount:    2>
20260910 015223.968 INFO             PET3       MODEL: InitializeIPDvXp04 extro {ES}:+-<item: 0001> <itemType: Field> <itemName: pmsl>
20260910 015223.968 INFO             PET3       MODEL: InitializeIPDvXp04 extro {ES}:!--- FieldLog() start -----------------
20260910 015223.968 INFO             PET3       MODEL: InitializeIPDvXp04 extro {ES}:! <name: pmsl> <fieldStatus: ESMF_FIELDSTATUS_COMPLETE>
20260910 015223.968 INFO             PET3       MODEL: InitializeIPDvXp04 extro {ES}:! 0x7ffd5eefadb0 => 0x25e7460 => 0x25e7680
20260910 015223.968 INFO             PET3       MODEL: InitializeIPDvXp04 extro {ES}:! <typekind: Real*8> <rank:    2> <dimCount:    2>
20260910 015223.968 INFO             PET3       MODEL: InitializeIPDvXp04 extro {ES}:! ! --- Array::log() start -----------------------------------
20260910 015223.969 INFO             PET3       MODEL: InitializeIPDvXp04 extro {ES}:! ! 0x25e85d0
20260910 015223.969 INFO             PET3       MODEL: InitializeIPDvXp04 extro {ES}:! ! <name: pmsl>
20260910 015223.969 INFO             PET3       MODEL: InitializeIPDvXp04 extro {ES}:! ! ! --- DistGrid::log() start --------------------------------
20260910 015223.969 INFO             PET3       MODEL: InitializeIPDvXp04 extro {ES}:! ! ! 0x25e47d0
20260910 015223.969 INFO             PET3       MODEL: InitializeIPDvXp04 extro {ES}:! ! ! DistGrid object is valid!<name: DG-Grid004-sloc:0>
20260910 015223.969 INFO             PET3       MODEL: InitializeIPDvXp04 extro {ES}:! ! ! --- DistGrid::log() end ----------------------------------
20260910 015223.969 INFO             PET3       MODEL: InitializeIPDvXp04 extro {ES}:! ! --- Array::log() end -------------------------------------
20260910 015223.969 INFO             PET3       MODEL: InitializeIPDvXp04 extro {ES}:!--- FieldLog() end -------------------
20260910 015223.969 INFO             PET3       MODEL: InitializeIPDvXp04 extro {ES}:+-<item: 0002> <itemType: Field> <itemName: rsns>
20260910 015223.969 INFO             PET3       MODEL: InitializeIPDvXp04 extro {ES}:!--- FieldLog() start -----------------
20260910 015223.969 INFO             PET3       MODEL: InitializeIPDvXp04 extro {ES}:! <name: rsns> <fieldStatus: ESMF_FIELDSTATUS_COMPLETE>
20260910 015223.969 INFO             PET3       MODEL: InitializeIPDvXp04 extro {ES}:! 0x7ffd5eefadb0 => 0x25ea040 => 0x25ea260
20260910 015223.969 INFO             PET3       MODEL: InitializeIPDvXp04 extro {ES}:! <typekind: Real*8> <rank:    2> <dimCount:    2>
20260910 015223.969 INFO             PET3       MODEL: InitializeIPDvXp04 extro {ES}:! ! --- Array::log() start -----------------------------------
20260910 015223.969 INFO             PET3       MODEL: InitializeIPDvXp04 extro {ES}:! ! 0x25eb130
20260910 015223.969 INFO             PET3       MODEL: InitializeIPDvXp04 extro {ES}:! ! <name: rsns>
20260910 015223.969 INFO             PET3       MODEL: InitializeIPDvXp04 extro {ES}:! ! ! --- DistGrid::log() start --------------------------------
20260910 015223.969 INFO             PET3       MODEL: InitializeIPDvXp04 extro {ES}:! ! ! 0x25e47d0
20260910 015223.969 INFO             PET3       MODEL: InitializeIPDvXp04 extro {ES}:! ! ! DistGrid object is valid!<name: DG-Grid004-sloc:0>
20260910 015223.969 INFO             PET3       MODEL: InitializeIPDvXp04 extro {ES}:! ! ! --- DistGrid::log() end ----------------------------------
20260910 015223.969 INFO             PET3       MODEL: InitializeIPDvXp04 extro {ES}:! ! --- Array::log() end -------------------------------------
20260910 015223.969 INFO             PET3       MODEL: InitializeIPDvXp04 extro {ES}:!--- FieldLog() end -------------------
20260910 015223.969 INFO             PET3       MODEL: InitializeIPDvXp04 extro {ES}:--- StateLog() end -------------------
20260910 015223.969 INFO             PET3     MODEL: InitializeIPDvXp04 extro.
20260910 015223.969 INFO             PET3     driver: IInitRealize intro.
20260910 015223.969 INFO             PET3       driver: IInitRealize intro {IS}:--- StateLog() start -----------------
20260910 015223.969 INFO             PET3       driver: IInitRealize intro {IS}:State object is invalid! Not created or deleted!
20260910 015223.969 INFO             PET3       driver: IInitRealize intro {IS}:--- StateLog() end -------------------
20260910 015223.969 INFO             PET3       driver: IInitRealize intro {ES}:--- StateLog() start -----------------
20260910 015223.969 INFO             PET3       driver: IInitRealize intro {ES}:State object is invalid! Not created or deleted!
20260910 015223.969 INFO             PET3       driver: IInitRealize intro {ES}:--- StateLog() end -------------------
20260910 015223.969 INFO             PET3       >>>driver: entered Initialize (phase=<none>) with current time:    0  1  1  0  0  0   0
20260910 015223.969 INFO             PET3       <<<driver: leaving Initialize (phase=<none>) with current time:    0  1  1  0  0  0   0
20260910 015223.969 INFO             PET3       driver: IInitRealize extro {IS}:--- StateLog() start -----------------
20260910 015223.969 INFO             PET3       driver: IInitRealize extro {IS}:State object is invalid! Not created or deleted!
20260910 015223.969 INFO             PET3       driver: IInitRealize extro {IS}:--- StateLog() end -------------------
20260910 015223.969 INFO             PET3       driver: IInitRealize extro {ES}:--- StateLog() start -----------------
20260910 015223.969 INFO             PET3       driver: IInitRealize extro {ES}:State object is invalid! Not created or deleted!
20260910 015223.969 INFO             PET3       driver: IInitRealize extro {ES}:--- StateLog() end -------------------
20260910 015223.969 INFO             PET3     driver: IInitRealize extro.
20260910 015223.969 INFO             PET3     MODEL: InitializeIPDvXp07 intro.
20260910 015223.969 INFO             PET3       MODEL: InitializeIPDvXp07 intro {IS}:--- StateLog() start -----------------
20260910 015223.969 INFO             PET3       MODEL: InitializeIPDvXp07 intro {IS}:<name: MODEL-ImportState> <intent: ESMF_STATEINTENT_IMPORT> <itemCount:    0>
20260910 015223.969 INFO             PET3       MODEL: InitializeIPDvXp07 intro {IS}:--- StateLog() end -------------------
20260910 015223.969 INFO             PET3       MODEL: InitializeIPDvXp07 intro {ES}:--- StateLog() start -----------------
20260910 015223.969 INFO             PET3       MODEL: InitializeIPDvXp07 intro {ES}:<name: MODEL-ExportState> <intent: ESMF_STATEINTENT_EXPORT> <itemCount:    2>
20260910 015223.969 INFO             PET3       MODEL: InitializeIPDvXp07 intro {ES}:+-<item: 0001> <itemType: Field> <itemName: pmsl>
20260910 015223.969 INFO             PET3       MODEL: InitializeIPDvXp07 intro {ES}:!--- FieldLog() start -----------------
20260910 015223.969 INFO             PET3       MODEL: InitializeIPDvXp07 intro {ES}:! <name: pmsl> <fieldStatus: ESMF_FIELDSTATUS_COMPLETE>
20260910 015223.969 INFO             PET3       MODEL: InitializeIPDvXp07 intro {ES}:! 0x7ffd5eefaa10 => 0x25e7460 => 0x25e7680
20260910 015223.970 INFO             PET3       MODEL: InitializeIPDvXp07 intro {ES}:! <typekind: Real*8> <rank:    2> <dimCount:    2>
20260910 015223.970 INFO             PET3       MODEL: InitializeIPDvXp07 intro {ES}:! ! --- Array::log() start -----------------------------------
20260910 015223.970 INFO             PET3       MODEL: InitializeIPDvXp07 intro {ES}:! ! 0x25e85d0
20260910 015223.970 INFO             PET3       MODEL: InitializeIPDvXp07 intro {ES}:! ! <name: pmsl>
20260910 015223.970 INFO             PET3       MODEL: InitializeIPDvXp07 intro {ES}:! ! ! --- DistGrid::log() start --------------------------------
20260910 015223.970 INFO             PET3       MODEL: InitializeIPDvXp07 intro {ES}:! ! ! 0x25e47d0
20260910 015223.970 INFO             PET3       MODEL: InitializeIPDvXp07 intro {ES}:! ! ! DistGrid object is valid!<name: DG-Grid004-sloc:0>
20260910 015223.970 INFO             PET3       MODEL: InitializeIPDvXp07 intro {ES}:! ! ! --- DistGrid::log() end ----------------------------------
20260910 015223.970 INFO             PET3       MODEL: InitializeIPDvXp07 intro {ES}:! ! --- Array::log() end -------------------------------------
20260910 015223.970 INFO             PET3       MODEL: InitializeIPDvXp07 intro {ES}:!--- FieldLog() end -------------------
20260910 015223.970 INFO             PET3       MODEL: InitializeIPDvXp07 intro {ES}:+-<item: 0002> <itemType: Field> <itemName: rsns>
20260910 015223.970 INFO             PET3       MODEL: InitializeIPDvXp07 intro {ES}:!--- FieldLog() start -----------------
20260910 015223.970 INFO             PET3       MODEL: InitializeIPDvXp07 intro {ES}:! <name: rsns> <fieldStatus: ESMF_FIELDSTATUS_COMPLETE>
20260910 015223.970 INFO             PET3       MODEL: InitializeIPDvXp07 intro {ES}:! 0x7ffd5eefaa10 => 0x25ea040 => 0x25ea260
20260910 015223.970 INFO             PET3       MODEL: InitializeIPDvXp07 intro {ES}:! <typekind: Real*8> <rank:    2> <dimCount:    2>
20260910 015223.970 INFO             PET3       MODEL: InitializeIPDvXp07 intro {ES}:! ! --- Array::log() start -----------------------------------
20260910 015223.970 INFO             PET3       MODEL: InitializeIPDvXp07 intro {ES}:! ! 0x25eb130
20260910 015223.970 INFO             PET3       MODEL: InitializeIPDvXp07 intro {ES}:! ! <name: rsns>
20260910 015223.970 INFO             PET3       MODEL: InitializeIPDvXp07 intro {ES}:! ! ! --- DistGrid::log() start --------------------------------
20260910 015223.970 INFO             PET3       MODEL: InitializeIPDvXp07 intro {ES}:! ! ! 0x25e47d0
20260910 015223.970 INFO             PET3       MODEL: InitializeIPDvXp07 intro {ES}:! ! ! DistGrid object is valid!<name: DG-Grid004-sloc:0>
20260910 015223.970 INFO             PET3       MODEL: InitializeIPDvXp07 intro {ES}:! ! ! --- DistGrid::log() end ----------------------------------
20260910 015223.970 INFO             PET3       MODEL: InitializeIPDvXp07 intro {ES}:! ! --- Array::log() end -------------------------------------
20260910 015223.970 INFO             PET3       MODEL: InitializeIPDvXp07 intro {ES}:!--- FieldLog() end -------------------
20260910 015223.970 INFO             PET3       MODEL: InitializeIPDvXp07 intro {ES}:--- StateLog() end -------------------
20260910 015223.970 INFO             PET3       >>>MODEL: entered Initialize (phase=IPDvXp07) without valid internal Clock.
20260910 015223.970 INFO             PET3       <<<MODEL: leaving Initialize (phase=IPDvXp07) with current time:    0  1  1  0  0  0   0
20260910 015223.970 INFO             PET3       MODEL: InitializeIPDvXp07 extro {IS}:--- StateLog() start -----------------
20260910 015223.970 INFO             PET3       MODEL: InitializeIPDvXp07 extro {IS}:<name: MODEL-ImportState> <intent: ESMF_STATEINTENT_IMPORT> <itemCount:    0>
20260910 015223.970 INFO             PET3       MODEL: InitializeIPDvXp07 extro {IS}:--- StateLog() end -------------------
20260910 015223.970 INFO             PET3       MODEL: InitializeIPDvXp07 extro {ES}:--- StateLog() start -----------------
20260910 015223.970 INFO             PET3       MODEL: InitializeIPDvXp07 extro {ES}:<name: MODEL-ExportState> <intent: ESMF_STATEINTENT_EXPORT> <itemCount:    2>
20260910 015223.970 INFO             PET3       MODEL: InitializeIPDvXp07 extro {ES}:+-<item: 0001> <itemType: Field> <itemName: pmsl>
20260910 015223.970 INFO             PET3       MODEL: InitializeIPDvXp07 extro {ES}:!--- FieldLog() start -----------------
20260910 015223.970 INFO             PET3       MODEL: InitializeIPDvXp07 extro {ES}:! <name: pmsl> <fieldStatus: ESMF_FIELDSTATUS_COMPLETE>
20260910 015223.970 INFO             PET3       MODEL: InitializeIPDvXp07 extro {ES}:! 0x7ffd5eefacb0 => 0x25e7460 => 0x25e7680
20260910 015223.970 INFO             PET3       MODEL: InitializeIPDvXp07 extro {ES}:! <typekind: Real*8> <rank:    2> <dimCount:    2>
20260910 015223.970 INFO             PET3       MODEL: InitializeIPDvXp07 extro {ES}:! ! --- Array::log() start -----------------------------------
20260910 015223.970 INFO             PET3       MODEL: InitializeIPDvXp07 extro {ES}:! ! 0x25e85d0
20260910 015223.970 INFO             PET3       MODEL: InitializeIPDvXp07 extro {ES}:! ! <name: pmsl>
20260910 015223.970 INFO             PET3       MODEL: InitializeIPDvXp07 extro {ES}:! ! ! --- DistGrid::log() start --------------------------------
20260910 015223.970 INFO             PET3       MODEL: InitializeIPDvXp07 extro {ES}:! ! ! 0x25e47d0
20260910 015223.970 INFO             PET3       MODEL: InitializeIPDvXp07 extro {ES}:! ! ! DistGrid object is valid!<name: DG-Grid004-sloc:0>
20260910 015223.970 INFO             PET3       MODEL: InitializeIPDvXp07 extro {ES}:! ! ! --- DistGrid::log() end ----------------------------------
20260910 015223.970 INFO             PET3       MODEL: InitializeIPDvXp07 extro {ES}:! ! --- Array::log() end -------------------------------------
20260910 015223.970 INFO             PET3       MODEL: InitializeIPDvXp07 extro {ES}:!--- FieldLog() end -------------------
20260910 015223.970 INFO             PET3       MODEL: InitializeIPDvXp07 extro {ES}:+-<item: 0002> <itemType: Field> <itemName: rsns>
20260910 015223.970 INFO             PET3       MODEL: InitializeIPDvXp07 extro {ES}:!--- FieldLog() start -----------------
20260910 015223.970 INFO             PET3       MODEL: InitializeIPDvXp07 extro {ES}:! <name: rsns> <fieldStatus: ESMF_FIELDSTATUS_COMPLETE>
20260910 015223.970 INFO             PET3       MODEL: InitializeIPDvXp07 extro {ES}:! 0x7ffd5eefacb0 => 0x25ea040 => 0x25ea260
20260910 015223.970 INFO             PET3       MODEL: InitializeIPDvXp07 extro {ES}:! <typekind: Real*8> <rank:    2> <dimCount:    2>
20260910 015223.970 INFO             PET3       MODEL: InitializeIPDvXp07 extro {ES}:! ! --- Array::log() start -----------------------------------
20260910 015223.970 INFO             PET3       MODEL: InitializeIPDvXp07 extro {ES}:! ! 0x25eb130
20260910 015223.970 INFO             PET3       MODEL: InitializeIPDvXp07 extro {ES}:! ! <name: rsns>
20260910 015223.970 INFO             PET3       MODEL: InitializeIPDvXp07 extro {ES}:! ! ! --- DistGrid::log() start --------------------------------
20260910 015223.970 INFO             PET3       MODEL: InitializeIPDvXp07 extro {ES}:! ! ! 0x25e47d0
20260910 015223.970 INFO             PET3       MODEL: InitializeIPDvXp07 extro {ES}:! ! ! DistGrid object is valid!<name: DG-Grid004-sloc:0>
20260910 015223.970 INFO             PET3       MODEL: InitializeIPDvXp07 extro {ES}:! ! ! --- DistGrid::log() end ----------------------------------
20260910 015223.970 INFO             PET3       MODEL: InitializeIPDvXp07 extro {ES}:! ! --- Array::log() end -------------------------------------
20260910 015223.970 INFO             PET3       MODEL: InitializeIPDvXp07 extro {ES}:!--- FieldLog() end -------------------
20260910 015223.970 INFO             PET3       MODEL: InitializeIPDvXp07 extro {ES}:--- StateLog() end -------------------
20260910 015223.970 INFO             PET3     MODEL: InitializeIPDvXp07 extro.
20260910 015223.970 INFO             PET3     <<<driver: leaving Initialize (phase=<none>) with current time:    0  1  1  0  0  0   0
20260910 015223.970 INFO             PET3     driver: InitializeIPDv02p3 extro {IS}:--- StateLog() start -----------------
20260910 015223.970 INFO             PET3     driver: InitializeIPDv02p3 extro {IS}:State object is invalid! Not created or deleted!
20260910 015223.970 INFO             PET3     driver: InitializeIPDv02p3 extro {IS}:--- StateLog() end -------------------
20260910 015223.970 INFO             PET3     driver: InitializeIPDv02p3 extro {ES}:--- StateLog() start -----------------
20260910 015223.970 INFO             PET3     driver: InitializeIPDv02p3 extro {ES}:State object is invalid! Not created or deleted!
20260910 015223.970 INFO             PET3     driver: InitializeIPDv02p3 extro {ES}:--- StateLog() end -------------------
20260910 015223.970 INFO             PET3   driver: InitializeIPDv02p3 extro.
20260910 015223.970 INFO             PET3   driver: InitializeIPDv02p5 intro.
20260910 015223.970 INFO             PET3     driver: InitializeIPDv02p5 intro {IS}:--- StateLog() start -----------------
20260910 015223.970 INFO             PET3     driver: InitializeIPDv02p5 intro {IS}:State object is invalid! Not created or deleted!
20260910 015223.970 INFO             PET3     driver: InitializeIPDv02p5 intro {IS}:--- StateLog() end -------------------
20260910 015223.970 INFO             PET3     driver: InitializeIPDv02p5 intro {ES}:--- StateLog() start -----------------
20260910 015223.970 INFO             PET3     driver: InitializeIPDv02p5 intro {ES}:State object is invalid! Not created or deleted!
20260910 015223.970 INFO             PET3     driver: InitializeIPDv02p5 intro {ES}:--- StateLog() end -------------------
20260910 015223.970 INFO             PET3     >>>driver: entered Initialize (phase=<none>) with current time:    0  1  1  0  0  0   0
20260910 015223.970 INFO             PET3     driver: this is a top level driver, no 'Updated' and 'InitializeDataComplete' info on this level.
20260910 015223.970 INFO             PET3     driver: InitializeIPDv02p5Data intro.
20260910 015223.970 INFO             PET3       driver: InitializeIPDv02p5Data intro {IS}:--- StateLog() start -----------------
20260910 015223.970 INFO             PET3       driver: InitializeIPDv02p5Data intro {IS}:State object is invalid! Not created or deleted!
20260910 015223.970 INFO             PET3       driver: InitializeIPDv02p5Data intro {IS}:--- StateLog() end -------------------
20260910 015223.970 INFO             PET3       driver: InitializeIPDv02p5Data intro {ES}:--- StateLog() start -----------------
20260910 015223.970 INFO             PET3       driver: InitializeIPDv02p5Data intro {ES}:State object is invalid! Not created or deleted!
20260910 015223.970 INFO             PET3       driver: InitializeIPDv02p5Data intro {ES}:--- StateLog() end -------------------
20260910 015223.970 INFO             PET3       >>>driver: entered Initialize (phase=<none>) with current time:    0  1  1  0  0  0   0
20260910 015223.970 INFO             PET3       driver: InternalInitializeComplete intro.
20260910 015223.970 INFO             PET3         driver: InternalInitializeComplete intro {IS}:--- StateLog() start -----------------
20260910 015223.970 INFO             PET3         driver: InternalInitializeComplete intro {IS}:State object is invalid! Not created or deleted!
20260910 015223.971 INFO             PET3         driver: InternalInitializeComplete intro {IS}:--- StateLog() end -------------------
20260910 015223.971 INFO             PET3         driver: InternalInitializeComplete intro {ES}:--- StateLog() start -----------------
20260910 015223.971 INFO             PET3         driver: InternalInitializeComplete intro {ES}:State object is invalid! Not created or deleted!
20260910 015223.971 INFO             PET3         driver: InternalInitializeComplete intro {ES}:--- StateLog() end -------------------
20260910 015223.971 INFO             PET3         >>>driver: entered Initialize (phase=<none>) with current time:    0  1  1  0  0  0   0
20260910 015223.971 INFO             PET3         driver: InitializeDataComplete='true'
20260910 015223.971 INFO             PET3         <<<driver: leaving Initialize (phase=<none>) with current time:    0  1  1  0  0  0   0
20260910 015223.971 INFO             PET3         driver: InternalInitializeComplete extro {IS}:--- StateLog() start -----------------
20260910 015223.971 INFO             PET3         driver: InternalInitializeComplete extro {IS}:State object is invalid! Not created or deleted!
20260910 015223.971 INFO             PET3         driver: InternalInitializeComplete extro {IS}:--- StateLog() end -------------------
20260910 015223.971 INFO             PET3         driver: InternalInitializeComplete extro {ES}:--- StateLog() start -----------------
20260910 015223.971 INFO             PET3         driver: InternalInitializeComplete extro {ES}:State object is invalid! Not created or deleted!
20260910 015223.971 INFO             PET3         driver: InternalInitializeComplete extro {ES}:--- StateLog() end -------------------
20260910 015223.971 INFO             PET3       driver: InternalInitializeComplete extro.
20260910 015223.971 INFO             PET3       MODEL: InitializeIPDvXp08 intro.
20260910 015223.971 INFO             PET3         MODEL: InitializeIPDvXp08 intro {IS}:--- StateLog() start -----------------
20260910 015223.971 INFO             PET3         MODEL: InitializeIPDvXp08 intro {IS}:<name: MODEL-ImportState> <intent: ESMF_STATEINTENT_IMPORT> <itemCount:    0>
20260910 015223.971 INFO             PET3         MODEL: InitializeIPDvXp08 intro {IS}:--- StateLog() end -------------------
20260910 015223.971 INFO             PET3         MODEL: InitializeIPDvXp08 intro {ES}:--- StateLog() start -----------------
20260910 015223.971 INFO             PET3         MODEL: InitializeIPDvXp08 intro {ES}:<name: MODEL-ExportState> <intent: ESMF_STATEINTENT_EXPORT> <itemCount:    2>
20260910 015223.971 INFO             PET3         MODEL: InitializeIPDvXp08 intro {ES}:+-<item: 0001> <itemType: Field> <itemName: pmsl>
20260910 015223.971 INFO             PET3         MODEL: InitializeIPDvXp08 intro {ES}:!--- FieldLog() start -----------------
20260910 015223.971 INFO             PET3         MODEL: InitializeIPDvXp08 intro {ES}:! <name: pmsl> <fieldStatus: ESMF_FIELDSTATUS_COMPLETE>
20260910 015223.971 INFO             PET3         MODEL: InitializeIPDvXp08 intro {ES}:! 0x7ffd5eef9e50 => 0x25e7460 => 0x25e7680
20260910 015223.971 INFO             PET3         MODEL: InitializeIPDvXp08 intro {ES}:! <typekind: Real*8> <rank:    2> <dimCount:    2>
20260910 015223.971 INFO             PET3         MODEL: InitializeIPDvXp08 intro {ES}:! ! --- Array::log() start -----------------------------------
20260910 015223.971 INFO             PET3         MODEL: InitializeIPDvXp08 intro {ES}:! ! 0x25e85d0
20260910 015223.971 INFO             PET3         MODEL: InitializeIPDvXp08 intro {ES}:! ! <name: pmsl>
20260910 015223.971 INFO             PET3         MODEL: InitializeIPDvXp08 intro {ES}:! ! ! --- DistGrid::log() start --------------------------------
20260910 015223.971 INFO             PET3         MODEL: InitializeIPDvXp08 intro {ES}:! ! ! 0x25e47d0
20260910 015223.971 INFO             PET3         MODEL: InitializeIPDvXp08 intro {ES}:! ! ! DistGrid object is valid!<name: DG-Grid004-sloc:0>
20260910 015223.971 INFO             PET3         MODEL: InitializeIPDvXp08 intro {ES}:! ! ! --- DistGrid::log() end ----------------------------------
20260910 015223.971 INFO             PET3         MODEL: InitializeIPDvXp08 intro {ES}:! ! --- Array::log() end -------------------------------------
20260910 015223.971 INFO             PET3         MODEL: InitializeIPDvXp08 intro {ES}:!--- FieldLog() end -------------------
20260910 015223.971 INFO             PET3         MODEL: InitializeIPDvXp08 intro {ES}:+-<item: 0002> <itemType: Field> <itemName: rsns>
20260910 015223.971 INFO             PET3         MODEL: InitializeIPDvXp08 intro {ES}:!--- FieldLog() start -----------------
20260910 015223.971 INFO             PET3         MODEL: InitializeIPDvXp08 intro {ES}:! <name: rsns> <fieldStatus: ESMF_FIELDSTATUS_COMPLETE>
20260910 015223.971 INFO             PET3         MODEL: InitializeIPDvXp08 intro {ES}:! 0x7ffd5eef9e50 => 0x25ea040 => 0x25ea260
20260910 015223.971 INFO             PET3         MODEL: InitializeIPDvXp08 intro {ES}:! <typekind: Real*8> <rank:    2> <dimCount:    2>
20260910 015223.971 INFO             PET3         MODEL: InitializeIPDvXp08 intro {ES}:! ! --- Array::log() start -----------------------------------
20260910 015223.971 INFO             PET3         MODEL: InitializeIPDvXp08 intro {ES}:! ! 0x25eb130
20260910 015223.971 INFO             PET3         MODEL: InitializeIPDvXp08 intro {ES}:! ! <name: rsns>
20260910 015223.971 INFO             PET3         MODEL: InitializeIPDvXp08 intro {ES}:! ! ! --- DistGrid::log() start --------------------------------
20260910 015223.971 INFO             PET3         MODEL: InitializeIPDvXp08 intro {ES}:! ! ! 0x25e47d0
20260910 015223.971 INFO             PET3         MODEL: InitializeIPDvXp08 intro {ES}:! ! ! DistGrid object is valid!<name: DG-Grid004-sloc:0>
20260910 015223.971 INFO             PET3         MODEL: InitializeIPDvXp08 intro {ES}:! ! ! --- DistGrid::log() end ----------------------------------
20260910 015223.971 INFO             PET3         MODEL: InitializeIPDvXp08 intro {ES}:! ! --- Array::log() end -------------------------------------
20260910 015223.971 INFO             PET3         MODEL: InitializeIPDvXp08 intro {ES}:!--- FieldLog() end -------------------
20260910 015223.971 INFO             PET3         MODEL: InitializeIPDvXp08 intro {ES}:--- StateLog() end -------------------
20260910 015223.971 INFO             PET3         >>>MODEL: entered Initialize (phase=IPDv05p8) with current time:    0  1  1  0  0  0   0
20260910 015223.971 INFO             PET3         MODEL: InitializeDataProgress='false', InitializeDataComplete='false'
20260910 015223.971 INFO             PET3         <<<MODEL: leaving Initialize (phase=IPDv05p8) with current time:    0  1  1  0  0  0   0
20260910 015223.971 INFO             PET3         MODEL: InitializeIPDvXp08 extro {IS}:--- StateLog() start -----------------
20260910 015223.971 INFO             PET3         MODEL: InitializeIPDvXp08 extro {IS}:<name: MODEL-ImportState> <intent: ESMF_STATEINTENT_IMPORT> <itemCount:    0>
20260910 015223.971 INFO             PET3         MODEL: InitializeIPDvXp08 extro {IS}:--- StateLog() end -------------------
20260910 015223.971 INFO             PET3         MODEL: InitializeIPDvXp08 extro {ES}:--- StateLog() start -----------------
20260910 015223.971 INFO             PET3         MODEL: InitializeIPDvXp08 extro {ES}:<name: MODEL-ExportState> <intent: ESMF_STATEINTENT_EXPORT> <itemCount:    2>
20260910 015223.971 INFO             PET3         MODEL: InitializeIPDvXp08 extro {ES}:+-<item: 0001> <itemType: Field> <itemName: pmsl>
20260910 015223.971 INFO             PET3         MODEL: InitializeIPDvXp08 extro {ES}:!--- FieldLog() start -----------------
20260910 015223.971 INFO             PET3         MODEL: InitializeIPDvXp08 extro {ES}:! <name: pmsl> <fieldStatus: ESMF_FIELDSTATUS_COMPLETE>
20260910 015223.971 INFO             PET3         MODEL: InitializeIPDvXp08 extro {ES}:! 0x7ffd5eefa0f0 => 0x25e7460 => 0x25e7680
20260910 015223.971 INFO             PET3         MODEL: InitializeIPDvXp08 extro {ES}:! <typekind: Real*8> <rank:    2> <dimCount:    2>
20260910 015223.971 INFO             PET3         MODEL: InitializeIPDvXp08 extro {ES}:! ! --- Array::log() start -----------------------------------
20260910 015223.971 INFO             PET3         MODEL: InitializeIPDvXp08 extro {ES}:! ! 0x25e85d0
20260910 015223.971 INFO             PET3         MODEL: InitializeIPDvXp08 extro {ES}:! ! <name: pmsl>
20260910 015223.971 INFO             PET3         MODEL: InitializeIPDvXp08 extro {ES}:! ! ! --- DistGrid::log() start --------------------------------
20260910 015223.971 INFO             PET3         MODEL: InitializeIPDvXp08 extro {ES}:! ! ! 0x25e47d0
20260910 015223.971 INFO             PET3         MODEL: InitializeIPDvXp08 extro {ES}:! ! ! DistGrid object is valid!<name: DG-Grid004-sloc:0>
20260910 015223.971 INFO             PET3         MODEL: InitializeIPDvXp08 extro {ES}:! ! ! --- DistGrid::log() end ----------------------------------
20260910 015223.971 INFO             PET3         MODEL: InitializeIPDvXp08 extro {ES}:! ! --- Array::log() end -------------------------------------
20260910 015223.971 INFO             PET3         MODEL: InitializeIPDvXp08 extro {ES}:!--- FieldLog() end -------------------
20260910 015223.971 INFO             PET3         MODEL: InitializeIPDvXp08 extro {ES}:+-<item: 0002> <itemType: Field> <itemName: rsns>
20260910 015223.971 INFO             PET3         MODEL: InitializeIPDvXp08 extro {ES}:!--- FieldLog() start -----------------
20260910 015223.971 INFO             PET3         MODEL: InitializeIPDvXp08 extro {ES}:! <name: rsns> <fieldStatus: ESMF_FIELDSTATUS_COMPLETE>
20260910 015223.971 INFO             PET3         MODEL: InitializeIPDvXp08 extro {ES}:! 0x7ffd5eefa0f0 => 0x25ea040 => 0x25ea260
20260910 015223.971 INFO             PET3         MODEL: InitializeIPDvXp08 extro {ES}:! <typekind: Real*8> <rank:    2> <dimCount:    2>
20260910 015223.971 INFO             PET3         MODEL: InitializeIPDvXp08 extro {ES}:! ! --- Array::log() start -----------------------------------
20260910 015223.971 INFO             PET3         MODEL: InitializeIPDvXp08 extro {ES}:! ! 0x25eb130
20260910 015223.971 INFO             PET3         MODEL: InitializeIPDvXp08 extro {ES}:! ! <name: rsns>
20260910 015223.971 INFO             PET3         MODEL: InitializeIPDvXp08 extro {ES}:! ! ! --- DistGrid::log() start --------------------------------
20260910 015223.971 INFO             PET3         MODEL: InitializeIPDvXp08 extro {ES}:! ! ! 0x25e47d0
20260910 015223.971 INFO             PET3         MODEL: InitializeIPDvXp08 extro {ES}:! ! ! DistGrid object is valid!<name: DG-Grid004-sloc:0>
20260910 015223.971 INFO             PET3         MODEL: InitializeIPDvXp08 extro {ES}:! ! ! --- DistGrid::log() end ----------------------------------
20260910 015223.971 INFO             PET3         MODEL: InitializeIPDvXp08 extro {ES}:! ! --- Array::log() end -------------------------------------
20260910 015223.971 INFO             PET3         MODEL: InitializeIPDvXp08 extro {ES}:!--- FieldLog() end -------------------
20260910 015223.971 INFO             PET3         MODEL: InitializeIPDvXp08 extro {ES}:--- StateLog() end -------------------
20260910 015223.971 INFO             PET3       MODEL: InitializeIPDvXp08 extro.
20260910 015223.972 INFO             PET3       driver: components present that trigger loopDataDependentInitialize().
20260910 015223.972 INFO             PET3       driver: loopDataDependentInitialize intro.
20260910 015223.972 INFO             PET3         driver: loopDataDependentInitialize intro {IS}:--- StateLog() start -----------------
20260910 015223.972 INFO             PET3         driver: loopDataDependentInitialize intro {IS}:State object is invalid! Not created or deleted!
20260910 015223.972 INFO             PET3         driver: loopDataDependentInitialize intro {IS}:--- StateLog() end -------------------
20260910 015223.972 INFO             PET3         driver: loopDataDependentInitialize intro {ES}:--- StateLog() start -----------------
20260910 015223.972 INFO             PET3         driver: loopDataDependentInitialize intro {ES}:State object is invalid! Not created or deleted!
20260910 015223.972 INFO             PET3         driver: loopDataDependentInitialize intro {ES}:--- StateLog() end -------------------
20260910 015223.972 INFO             PET3         >>>driver: entered Initialize (phase=<none>) with current time:    0  1  1  0  0  0   0
20260910 015223.972 INFO             PET3         driver: component    0=driver, dataComplete (local): true
20260910 015223.972 INFO             PET3         driver: component    0=driver, dataComplete (global):  T
20260910 015223.972 INFO             PET3         driver: component    1=MODEL, dataComplete (local): false
20260910 015223.972 INFO             PET3         driver: component    1=MODEL, dataComplete (global):  F
20260910 015223.972 INFO             PET3         MODEL: InitializeIPDvXp08 intro.
20260910 015223.972 INFO             PET3           MODEL: InitializeIPDvXp08 intro {IS}:--- StateLog() start -----------------
20260910 015223.972 INFO             PET3           MODEL: InitializeIPDvXp08 intro {IS}:<name: MODEL-ImportState> <intent: ESMF_STATEINTENT_IMPORT> <itemCount:    0>
20260910 015223.972 INFO             PET3           MODEL: InitializeIPDvXp08 intro {IS}:--- StateLog() end -------------------
20260910 015223.972 INFO             PET3           MODEL: InitializeIPDvXp08 intro {ES}:--- StateLog() start -----------------
20260910 015223.972 INFO             PET3           MODEL: InitializeIPDvXp08 intro {ES}:<name: MODEL-ExportState> <intent: ESMF_STATEINTENT_EXPORT> <itemCount:    2>
20260910 015223.972 INFO             PET3           MODEL: InitializeIPDvXp08 intro {ES}:+-<item: 0001> <itemType: Field> <itemName: pmsl>
20260910 015223.972 INFO             PET3           MODEL: InitializeIPDvXp08 intro {ES}:!--- FieldLog() start -----------------
20260910 015223.972 INFO             PET3           MODEL: InitializeIPDvXp08 intro {ES}:! <name: pmsl> <fieldStatus: ESMF_FIELDSTATUS_COMPLETE>
20260910 015223.972 INFO             PET3           MODEL: InitializeIPDvXp08 intro {ES}:! 0x7ffd5eef96c0 => 0x25e7460 => 0x25e7680
20260910 015223.972 INFO             PET3           MODEL: InitializeIPDvXp08 intro {ES}:! <typekind: Real*8> <rank:    2> <dimCount:    2>
20260910 015223.972 INFO             PET3           MODEL: InitializeIPDvXp08 intro {ES}:! ! --- Array::log() start -----------------------------------
20260910 015223.972 INFO             PET3           MODEL: InitializeIPDvXp08 intro {ES}:! ! 0x25e85d0
20260910 015223.972 INFO             PET3           MODEL: InitializeIPDvXp08 intro {ES}:! ! <name: pmsl>
20260910 015223.972 INFO             PET3           MODEL: InitializeIPDvXp08 intro {ES}:! ! ! --- DistGrid::log() start --------------------------------
20260910 015223.972 INFO             PET3           MODEL: InitializeIPDvXp08 intro {ES}:! ! ! 0x25e47d0
20260910 015223.972 INFO             PET3           MODEL: InitializeIPDvXp08 intro {ES}:! ! ! DistGrid object is valid!<name: DG-Grid004-sloc:0>
20260910 015223.972 INFO             PET3           MODEL: InitializeIPDvXp08 intro {ES}:! ! ! --- DistGrid::log() end ----------------------------------
20260910 015223.972 INFO             PET3           MODEL: InitializeIPDvXp08 intro {ES}:! ! --- Array::log() end -------------------------------------
20260910 015223.972 INFO             PET3           MODEL: InitializeIPDvXp08 intro {ES}:!--- FieldLog() end -------------------
20260910 015223.972 INFO             PET3           MODEL: InitializeIPDvXp08 intro {ES}:+-<item: 0002> <itemType: Field> <itemName: rsns>
20260910 015223.972 INFO             PET3           MODEL: InitializeIPDvXp08 intro {ES}:!--- FieldLog() start -----------------
20260910 015223.972 INFO             PET3           MODEL: InitializeIPDvXp08 intro {ES}:! <name: rsns> <fieldStatus: ESMF_FIELDSTATUS_COMPLETE>
20260910 015223.972 INFO             PET3           MODEL: InitializeIPDvXp08 intro {ES}:! 0x7ffd5eef96c0 => 0x25ea040 => 0x25ea260
20260910 015223.972 INFO             PET3           MODEL: InitializeIPDvXp08 intro {ES}:! <typekind: Real*8> <rank:    2> <dimCount:    2>
20260910 015223.972 INFO             PET3           MODEL: InitializeIPDvXp08 intro {ES}:! ! --- Array::log() start -----------------------------------
20260910 015223.972 INFO             PET3           MODEL: InitializeIPDvXp08 intro {ES}:! ! 0x25eb130
20260910 015223.972 INFO             PET3           MODEL: InitializeIPDvXp08 intro {ES}:! ! <name: rsns>
20260910 015223.972 INFO             PET3           MODEL: InitializeIPDvXp08 intro {ES}:! ! ! --- DistGrid::log() start --------------------------------
20260910 015223.972 INFO             PET3           MODEL: InitializeIPDvXp08 intro {ES}:! ! ! 0x25e47d0
20260910 015223.972 INFO             PET3           MODEL: InitializeIPDvXp08 intro {ES}:! ! ! DistGrid object is valid!<name: DG-Grid004-sloc:0>
20260910 015223.972 INFO             PET3           MODEL: InitializeIPDvXp08 intro {ES}:! ! ! --- DistGrid::log() end ----------------------------------
20260910 015223.972 INFO             PET3           MODEL: InitializeIPDvXp08 intro {ES}:! ! --- Array::log() end -------------------------------------
20260910 015223.972 INFO             PET3           MODEL: InitializeIPDvXp08 intro {ES}:!--- FieldLog() end -------------------
20260910 015223.972 INFO             PET3           MODEL: InitializeIPDvXp08 intro {ES}:--- StateLog() end -------------------
20260910 015223.972 INFO             PET3           >>>MODEL: entered Initialize (phase=IPDv05p8) with current time:    0  1  1  0  0  0   0
20260910 015223.972 INFO             PET3           MODEL: InitializeDataProgress='true', InitializeDataComplete='true'
20260910 015223.972 INFO             PET3           <<<MODEL: leaving Initialize (phase=IPDv05p8) with current time:    0  1  1  0  0  0   0
20260910 015223.972 INFO             PET3           MODEL: InitializeIPDvXp08 extro {IS}:--- StateLog() start -----------------
20260910 015223.972 INFO             PET3           MODEL: InitializeIPDvXp08 extro {IS}:<name: MODEL-ImportState> <intent: ESMF_STATEINTENT_IMPORT> <itemCount:    0>
20260910 015223.972 INFO             PET3           MODEL: InitializeIPDvXp08 extro {IS}:--- StateLog() end -------------------
20260910 015223.972 INFO             PET3           MODEL: InitializeIPDvXp08 extro {ES}:--- StateLog() start -----------------
20260910 015223.972 INFO             PET3           MODEL: InitializeIPDvXp08 extro {ES}:<name: MODEL-ExportState> <intent: ESMF_STATEINTENT_EXPORT> <itemCount:    2>
20260910 015223.972 INFO             PET3           MODEL: InitializeIPDvXp08 extro {ES}:+-<item: 0001> <itemType: Field> <itemName: pmsl>
20260910 015223.972 INFO             PET3           MODEL: InitializeIPDvXp08 extro {ES}:!--- FieldLog() start -----------------
20260910 015223.972 INFO             PET3           MODEL: InitializeIPDvXp08 extro {ES}:! <name: pmsl> <fieldStatus: ESMF_FIELDSTATUS_COMPLETE>
20260910 015223.972 INFO             PET3           MODEL: InitializeIPDvXp08 extro {ES}:! 0x7ffd5eef9960 => 0x25e7460 => 0x25e7680
20260910 015223.972 INFO             PET3           MODEL: InitializeIPDvXp08 extro {ES}:! <typekind: Real*8> <rank:    2> <dimCount:    2>
20260910 015223.972 INFO             PET3           MODEL: InitializeIPDvXp08 extro {ES}:! ! --- Array::log() start -----------------------------------
20260910 015223.972 INFO             PET3           MODEL: InitializeIPDvXp08 extro {ES}:! ! 0x25e85d0
20260910 015223.972 INFO             PET3           MODEL: InitializeIPDvXp08 extro {ES}:! ! <name: pmsl>
20260910 015223.972 INFO             PET3           MODEL: InitializeIPDvXp08 extro {ES}:! ! ! --- DistGrid::log() start --------------------------------
20260910 015223.972 INFO             PET3           MODEL: InitializeIPDvXp08 extro {ES}:! ! ! 0x25e47d0
20260910 015223.972 INFO             PET3           MODEL: InitializeIPDvXp08 extro {ES}:! ! ! DistGrid object is valid!<name: DG-Grid004-sloc:0>
20260910 015223.972 INFO             PET3           MODEL: InitializeIPDvXp08 extro {ES}:! ! ! --- DistGrid::log() end ----------------------------------
20260910 015223.972 INFO             PET3           MODEL: InitializeIPDvXp08 extro {ES}:! ! --- Array::log() end -------------------------------------
20260910 015223.972 INFO             PET3           MODEL: InitializeIPDvXp08 extro {ES}:!--- FieldLog() end -------------------
20260910 015223.972 INFO             PET3           MODEL: InitializeIPDvXp08 extro {ES}:+-<item: 0002> <itemType: Field> <itemName: rsns>
20260910 015223.973 INFO             PET3           MODEL: InitializeIPDvXp08 extro {ES}:!--- FieldLog() start -----------------
20260910 015223.973 INFO             PET3           MODEL: InitializeIPDvXp08 extro {ES}:! <name: rsns> <fieldStatus: ESMF_FIELDSTATUS_COMPLETE>
20260910 015223.973 INFO             PET3           MODEL: InitializeIPDvXp08 extro {ES}:! 0x7ffd5eef9960 => 0x25ea040 => 0x25ea260
20260910 015223.973 INFO             PET3           MODEL: InitializeIPDvXp08 extro {ES}:! <typekind: Real*8> <rank:    2> <dimCount:    2>
20260910 015223.973 INFO             PET3           MODEL: InitializeIPDvXp08 extro {ES}:! ! --- Array::log() start -----------------------------------
20260910 015223.973 INFO             PET3           MODEL: InitializeIPDvXp08 extro {ES}:! ! 0x25eb130
20260910 015223.973 INFO             PET3           MODEL: InitializeIPDvXp08 extro {ES}:! ! <name: rsns>
20260910 015223.973 INFO             PET3           MODEL: InitializeIPDvXp08 extro {ES}:! ! ! --- DistGrid::log() start --------------------------------
20260910 015223.973 INFO             PET3           MODEL: InitializeIPDvXp08 extro {ES}:! ! ! 0x25e47d0
20260910 015223.973 INFO             PET3           MODEL: InitializeIPDvXp08 extro {ES}:! ! ! DistGrid object is valid!<name: DG-Grid004-sloc:0>
20260910 015223.973 INFO             PET3           MODEL: InitializeIPDvXp08 extro {ES}:! ! ! --- DistGrid::log() end ----------------------------------
20260910 015223.973 INFO             PET3           MODEL: InitializeIPDvXp08 extro {ES}:! ! --- Array::log() end -------------------------------------
20260910 015223.973 INFO             PET3           MODEL: InitializeIPDvXp08 extro {ES}:!--- FieldLog() end -------------------
20260910 015223.973 INFO             PET3           MODEL: InitializeIPDvXp08 extro {ES}:--- StateLog() end -------------------
20260910 015223.973 INFO             PET3         MODEL: InitializeIPDvXp08 extro.
20260910 015223.973 INFO             PET3         driver: component    1=MODEL, someProgress (local): true
20260910 015223.973 INFO             PET3         driver: component    1=MODEL, someProgress (global):  T
20260910 015223.973 INFO             PET3         driver: someProgress= T, allComplete= F, present(dataDepAllComplete)= T
20260910 015223.973 INFO             PET3         driver: component    0=driver, dataComplete (local): true
20260910 015223.973 INFO             PET3         driver: component    0=driver, dataComplete (global):  T
20260910 015223.973 INFO             PET3         driver: component    1=MODEL, dataComplete (local): true
20260910 015223.973 INFO             PET3         driver: component    1=MODEL, dataComplete (global):  T
20260910 015223.973 INFO             PET3         driver: someProgress= F, allComplete= T, present(dataDepAllComplete)= T
20260910 015223.973 INFO             PET3         driver: finished resolving initialize data dependencies on this level.
20260910 015223.973 INFO             PET3         <<<driver: leaving Initialize (phase=<none>) with current time:    0  1  1  0  0  0   0
20260910 015223.973 INFO             PET3         driver: loopDataDependentInitialize extro {IS}:--- StateLog() start -----------------
20260910 015223.973 INFO             PET3         driver: loopDataDependentInitialize extro {IS}:State object is invalid! Not created or deleted!
20260910 015223.973 INFO             PET3         driver: loopDataDependentInitialize extro {IS}:--- StateLog() end -------------------
20260910 015223.973 INFO             PET3         driver: loopDataDependentInitialize extro {ES}:--- StateLog() start -----------------
20260910 015223.973 INFO             PET3         driver: loopDataDependentInitialize extro {ES}:State object is invalid! Not created or deleted!
20260910 015223.973 INFO             PET3         driver: loopDataDependentInitialize extro {ES}:--- StateLog() end -------------------
20260910 015223.973 INFO             PET3       driver: loopDataDependentInitialize extro.
20260910 015223.973 INFO             PET3       driver: loopDataDependentInitialize() returned with dataDepAllComplete:  T
20260910 015223.973 INFO             PET3       <<<driver: leaving Initialize (phase=<none>) with current time:    0  1  1  0  0  0   0
20260910 015223.973 INFO             PET3       driver: InitializeIPDv02p5Data extro {IS}:--- StateLog() start -----------------
20260910 015223.973 INFO             PET3       driver: InitializeIPDv02p5Data extro {IS}:State object is invalid! Not created or deleted!
20260910 015223.973 INFO             PET3       driver: InitializeIPDv02p5Data extro {IS}:--- StateLog() end -------------------
20260910 015223.973 INFO             PET3       driver: InitializeIPDv02p5Data extro {ES}:--- StateLog() start -----------------
20260910 015223.973 INFO             PET3       driver: InitializeIPDv02p5Data extro {ES}:State object is invalid! Not created or deleted!
20260910 015223.973 INFO             PET3       driver: InitializeIPDv02p5Data extro {ES}:--- StateLog() end -------------------
20260910 015223.973 INFO             PET3     driver: InitializeIPDv02p5Data extro.
20260910 015223.973 INFO             PET3     <<<driver: leaving Initialize (phase=<none>) with current time:    0  1  1  0  0  0   0
20260910 015223.973 INFO             PET3     driver: InitializeIPDv02p5 extro {IS}:--- StateLog() start -----------------
20260910 015223.973 INFO             PET3     driver: InitializeIPDv02p5 extro {IS}:State object is invalid! Not created or deleted!
20260910 015223.973 INFO             PET3     driver: InitializeIPDv02p5 extro {IS}:--- StateLog() end -------------------
20260910 015223.973 INFO             PET3     driver: InitializeIPDv02p5 extro {ES}:--- StateLog() start -----------------
20260910 015223.973 INFO             PET3     driver: InitializeIPDv02p5 extro {ES}:State object is invalid! Not created or deleted!
20260910 015223.973 INFO             PET3     driver: InitializeIPDv02p5 extro {ES}:--- StateLog() end -------------------
20260910 015223.973 INFO             PET3   driver: InitializeIPDv02p5 extro.
20260910 015223.973 INFO             PET3   <<<driver: leaving Initialize (phase=<none>) with current time:    0  1  1  0  0  0   0
20260910 015223.973 INFO             PET3   driver: InitializeGeneric extro {IS}:--- StateLog() start -----------------
20260910 015223.973 INFO             PET3   driver: InitializeGeneric extro {IS}:State object is invalid! Not created or deleted!
20260910 015223.973 INFO             PET3   driver: InitializeGeneric extro {IS}:--- StateLog() end -------------------
20260910 015223.973 INFO             PET3   driver: InitializeGeneric extro {ES}:--- StateLog() start -----------------
20260910 015223.973 INFO             PET3   driver: InitializeGeneric extro {ES}:State object is invalid! Not created or deleted!
20260910 015223.973 INFO             PET3   driver: InitializeGeneric extro {ES}:--- StateLog() end -------------------
20260910 015223.973 INFO             PET3 driver: InitializeGeneric extro.
20260910 015223.973 INFO             PET3 driver: Run intro.
20260910 015223.973 INFO             PET3   driver: Run intro {IS}:--- StateLog() start -----------------
20260910 015223.973 INFO             PET3   driver: Run intro {IS}:State object is invalid! Not created or deleted!
20260910 015223.973 INFO             PET3   driver: Run intro {IS}:--- StateLog() end -------------------
20260910 015223.973 INFO             PET3   driver: Run intro {ES}:--- StateLog() start -----------------
20260910 015223.973 INFO             PET3   driver: Run intro {ES}:State object is invalid! Not created or deleted!
20260910 015223.973 INFO             PET3   driver: Run intro {ES}:--- StateLog() end -------------------
20260910 015223.973 INFO             PET3   >>>driver: entered Run (phase=RunPhase1) with current time:    0  1  1  0  0  0   0
20260910 015223.973 INFO             PET3   driver: after lable_SetRunClock, current time:    0  1  1  0  0  0   0
20260910 015223.973 INFO             PET3   driver: begin -------> RunSequence.
20260910 015223.973 INFO             PET3     driver: RunSequence event loopLevel=   1  levelMember=   1  loopIteration=   1, current time:    0  1  1  0  0  0   0
20260910 015223.973 INFO             PET3     MODEL: Run intro.
20260910 015223.973 INFO             PET3       MODEL: Run intro {IS}:--- StateLog() start -----------------
20260910 015223.973 INFO             PET3       MODEL: Run intro {IS}:<name: MODEL-ImportState> <intent: ESMF_STATEINTENT_IMPORT> <itemCount:    0>
20260910 015223.973 INFO             PET3       MODEL: Run intro {IS}:--- StateLog() end -------------------
20260910 015223.973 INFO             PET3       MODEL: Run intro {ES}:--- StateLog() start -----------------
20260910 015223.973 INFO             PET3       MODEL: Run intro {ES}:<name: MODEL-ExportState> <intent: ESMF_STATEINTENT_EXPORT> <itemCount:    2>
20260910 015223.973 INFO             PET3       MODEL: Run intro {ES}:+-<item: 0001> <itemType: Field> <itemName: pmsl>
20260910 015223.973 INFO             PET3       MODEL: Run intro {ES}:!--- FieldLog() start -----------------
20260910 015223.974 INFO             PET3       MODEL: Run intro {ES}:! <name: pmsl> <fieldStatus: ESMF_FIELDSTATUS_COMPLETE>
20260910 015223.974 INFO             PET3       MODEL: Run intro {ES}:! 0x7ffd5eef9ed0 => 0x25e7460 => 0x25e7680
20260910 015223.974 INFO             PET3       MODEL: Run intro {ES}:! <typekind: Real*8> <rank:    2> <dimCount:    2>
20260910 015223.974 INFO             PET3       MODEL: Run intro {ES}:! ! --- Array::log() start -----------------------------------
20260910 015223.974 INFO             PET3       MODEL: Run intro {ES}:! ! 0x25e85d0
20260910 015223.974 INFO             PET3       MODEL: Run intro {ES}:! ! <name: pmsl>
20260910 015223.974 INFO             PET3       MODEL: Run intro {ES}:! ! ! --- DistGrid::log() start --------------------------------
20260910 015223.974 INFO             PET3       MODEL: Run intro {ES}:! ! ! 0x25e47d0
20260910 015223.974 INFO             PET3       MODEL: Run intro {ES}:! ! ! DistGrid object is valid!<name: DG-Grid004-sloc:0>
20260910 015223.974 INFO             PET3       MODEL: Run intro {ES}:! ! ! --- DistGrid::log() end ----------------------------------
20260910 015223.974 INFO             PET3       MODEL: Run intro {ES}:! ! --- Array::log() end -------------------------------------
20260910 015223.974 INFO             PET3       MODEL: Run intro {ES}:!--- FieldLog() end -------------------
20260910 015223.974 INFO             PET3       MODEL: Run intro {ES}:+-<item: 0002> <itemType: Field> <itemName: rsns>
20260910 015223.974 INFO             PET3       MODEL: Run intro {ES}:!--- FieldLog() start -----------------
20260910 015223.974 INFO             PET3       MODEL: Run intro {ES}:! <name: rsns> <fieldStatus: ESMF_FIELDSTATUS_COMPLETE>
20260910 015223.974 INFO             PET3       MODEL: Run intro {ES}:! 0x7ffd5eef9ed0 => 0x25ea040 => 0x25ea260
20260910 015223.974 INFO             PET3       MODEL: Run intro {ES}:! <typekind: Real*8> <rank:    2> <dimCount:    2>
20260910 015223.974 INFO             PET3       MODEL: Run intro {ES}:! ! --- Array::log() start -----------------------------------
20260910 015223.974 INFO             PET3       MODEL: Run intro {ES}:! ! 0x25eb130
20260910 015223.974 INFO             PET3       MODEL: Run intro {ES}:! ! <name: rsns>
20260910 015223.974 INFO             PET3       MODEL: Run intro {ES}:! ! ! --- DistGrid::log() start --------------------------------
20260910 015223.974 INFO             PET3       MODEL: Run intro {ES}:! ! ! 0x25e47d0
20260910 015223.974 INFO             PET3       MODEL: Run intro {ES}:! ! ! DistGrid object is valid!<name: DG-Grid004-sloc:0>
20260910 015223.974 INFO             PET3       MODEL: Run intro {ES}:! ! ! --- DistGrid::log() end ----------------------------------
20260910 015223.974 INFO             PET3       MODEL: Run intro {ES}:! ! --- Array::log() end -------------------------------------
20260910 015223.974 INFO             PET3       MODEL: Run intro {ES}:!--- FieldLog() end -------------------
20260910 015223.974 INFO             PET3       MODEL: Run intro {ES}:--- StateLog() end -------------------
20260910 015223.974 INFO             PET3       >>>MODEL: entered Run (phase=RunPhase1) with current time:    0  1  1  0  0  0   0
20260910 015223.974 INFO             PET3       MODEL: time step-loop starting, current time:    0  1  1  0  0  0   0
20260910 015223.988 INFO             PET3       thread_num=   2   currentSsiPe=   0   num_threads=   3   max_threads=   3   num_procs=   8
20260910 015223.988 INFO             PET3       thread_num=   1   currentSsiPe=   4   num_threads=   3   max_threads=   3   num_procs=   8
20260910 015224.000 INFO             PET3       thread_num=   0   currentSsiPe=   0   num_threads=   3   max_threads=   3   num_procs=   8
20260910 015224.000 INFO             PET3       ---->Advancing Model from:    0  1  1  0  0  0   0
20260910 015224.000 INFO             PET3       ---------------------> to:    0  1  1  0  0 30   0
20260910 015224.000 INFO             PET3       MODEL: time step-loop ending,   current time:    0  1  1  0  0 30   0
20260910 015224.000 INFO             PET3       <<<MODEL: leaving Run (phase=RunPhase1) with current time:    0  1  1  0  0 30   0
20260910 015224.000 INFO             PET3       MODEL: Run extro {IS}:--- StateLog() start -----------------
20260910 015224.000 INFO             PET3       MODEL: Run extro {IS}:<name: MODEL-ImportState> <intent: ESMF_STATEINTENT_IMPORT> <itemCount:    0>
20260910 015224.000 INFO             PET3       MODEL: Run extro {IS}:--- StateLog() end -------------------
20260910 015224.000 INFO             PET3       MODEL: Run extro {ES}:--- StateLog() start -----------------
20260910 015224.000 INFO             PET3       MODEL: Run extro {ES}:<name: MODEL-ExportState> <intent: ESMF_STATEINTENT_EXPORT> <itemCount:    2>
20260910 015224.000 INFO             PET3       MODEL: Run extro {ES}:+-<item: 0001> <itemType: Field> <itemName: pmsl>
20260910 015224.000 INFO             PET3       MODEL: Run extro {ES}:!--- FieldLog() start -----------------
20260910 015224.000 INFO             PET3       MODEL: Run extro {ES}:! <name: pmsl> <fieldStatus: ESMF_FIELDSTATUS_COMPLETE>
20260910 015224.000 INFO             PET3       MODEL: Run extro {ES}:! 0x7ffd5eefa170 => 0x25e7460 => 0x25e7680
20260910 015224.000 INFO             PET3       MODEL: Run extro {ES}:! <typekind: Real*8> <rank:    2> <dimCount:    2>
20260910 015224.001 INFO             PET3       MODEL: Run extro {ES}:! ! --- Array::log() start -----------------------------------
20260910 015224.001 INFO             PET3       MODEL: Run extro {ES}:! ! 0x25e85d0
20260910 015224.001 INFO             PET3       MODEL: Run extro {ES}:! ! <name: pmsl>
20260910 015224.001 INFO             PET3       MODEL: Run extro {ES}:! ! ! --- DistGrid::log() start --------------------------------
20260910 015224.001 INFO             PET3       MODEL: Run extro {ES}:! ! ! 0x25e47d0
20260910 015224.001 INFO             PET3       MODEL: Run extro {ES}:! ! ! DistGrid object is valid!<name: DG-Grid004-sloc:0>
20260910 015224.001 INFO             PET3       MODEL: Run extro {ES}:! ! ! --- DistGrid::log() end ----------------------------------
20260910 015224.001 INFO             PET3       MODEL: Run extro {ES}:! ! --- Array::log() end -------------------------------------
20260910 015224.001 INFO             PET3       MODEL: Run extro {ES}:!--- FieldLog() end -------------------
20260910 015224.001 INFO             PET3       MODEL: Run extro {ES}:+-<item: 0002> <itemType: Field> <itemName: rsns>
20260910 015224.001 INFO             PET3       MODEL: Run extro {ES}:!--- FieldLog() start -----------------
20260910 015224.001 INFO             PET3       MODEL: Run extro {ES}:! <name: rsns> <fieldStatus: ESMF_FIELDSTATUS_COMPLETE>
20260910 015224.001 INFO             PET3       MODEL: Run extro {ES}:! 0x7ffd5eefa170 => 0x25ea040 => 0x25ea260
20260910 015224.001 INFO             PET3       MODEL: Run extro {ES}:! <typekind: Real*8> <rank:    2> <dimCount:    2>
20260910 015224.001 INFO             PET3       MODEL: Run extro {ES}:! ! --- Array::log() start -----------------------------------
20260910 015224.001 INFO             PET3       MODEL: Run extro {ES}:! ! 0x25eb130
20260910 015224.001 INFO             PET3       MODEL: Run extro {ES}:! ! <name: rsns>
20260910 015224.001 INFO             PET3       MODEL: Run extro {ES}:! ! ! --- DistGrid::log() start --------------------------------
20260910 015224.001 INFO             PET3       MODEL: Run extro {ES}:! ! ! 0x25e47d0
20260910 015224.001 INFO             PET3       MODEL: Run extro {ES}:! ! ! DistGrid object is valid!<name: DG-Grid004-sloc:0>
20260910 015224.001 INFO             PET3       MODEL: Run extro {ES}:! ! ! --- DistGrid::log() end ----------------------------------
20260910 015224.001 INFO             PET3       MODEL: Run extro {ES}:! ! --- Array::log() end -------------------------------------
20260910 015224.001 INFO             PET3       MODEL: Run extro {ES}:!--- FieldLog() end -------------------
20260910 015224.001 INFO             PET3       MODEL: Run extro {ES}:--- StateLog() end -------------------
20260910 015224.001 INFO             PET3     MODEL: Run extro.
20260910 015224.001 INFO             PET3     driver: RunSequence event loopLevel=   1  levelMember=   1  loopIteration=   2, current time:    0  1  1  0  0 30   0
20260910 015224.001 INFO             PET3     MODEL: Run intro.
20260910 015224.001 INFO             PET3       MODEL: Run intro {IS}:--- StateLog() start -----------------
20260910 015224.001 INFO             PET3       MODEL: Run intro {IS}:<name: MODEL-ImportState> <intent: ESMF_STATEINTENT_IMPORT> <itemCount:    0>
20260910 015224.001 INFO             PET3       MODEL: Run intro {IS}:--- StateLog() end -------------------
20260910 015224.001 INFO             PET3       MODEL: Run intro {ES}:--- StateLog() start -----------------
20260910 015224.001 INFO             PET3       MODEL: Run intro {ES}:<name: MODEL-ExportState> <intent: ESMF_STATEINTENT_EXPORT> <itemCount:    2>
20260910 015224.001 INFO             PET3       MODEL: Run intro {ES}:+-<item: 0001> <itemType: Field> <itemName: pmsl>
20260910 015224.001 INFO             PET3       MODEL: Run intro {ES}:!--- FieldLog() start -----------------
20260910 015224.001 INFO             PET3       MODEL: Run intro {ES}:! <name: pmsl> <fieldStatus: ESMF_FIELDSTATUS_COMPLETE>
20260910 015224.001 INFO             PET3       MODEL: Run intro {ES}:! 0x7ffd5eef9ed0 => 0x25e7460 => 0x25e7680
20260910 015224.001 INFO             PET3       MODEL: Run intro {ES}:! <typekind: Real*8> <rank:    2> <dimCount:    2>
20260910 015224.001 INFO             PET3       MODEL: Run intro {ES}:! ! --- Array::log() start -----------------------------------
20260910 015224.001 INFO             PET3       MODEL: Run intro {ES}:! ! 0x25e85d0
20260910 015224.001 INFO             PET3       MODEL: Run intro {ES}:! ! <name: pmsl>
20260910 015224.001 INFO             PET3       MODEL: Run intro {ES}:! ! ! --- DistGrid::log() start --------------------------------
20260910 015224.001 INFO             PET3       MODEL: Run intro {ES}:! ! ! 0x25e47d0
20260910 015224.001 INFO             PET3       MODEL: Run intro {ES}:! ! ! DistGrid object is valid!<name: DG-Grid004-sloc:0>
20260910 015224.001 INFO             PET3       MODEL: Run intro {ES}:! ! ! --- DistGrid::log() end ----------------------------------
20260910 015224.001 INFO             PET3       MODEL: Run intro {ES}:! ! --- Array::log() end -------------------------------------
20260910 015224.001 INFO             PET3       MODEL: Run intro {ES}:!--- FieldLog() end -------------------
20260910 015224.001 INFO             PET3       MODEL: Run intro {ES}:+-<item: 0002> <itemType: Field> <itemName: rsns>
20260910 015224.001 INFO             PET3       MODEL: Run intro {ES}:!--- FieldLog() start -----------------
20260910 015224.001 INFO             PET3       MODEL: Run intro {ES}:! <name: rsns> <fieldStatus: ESMF_FIELDSTATUS_COMPLETE>
20260910 015224.001 INFO             PET3       MODEL: Run intro {ES}:! 0x7ffd5eef9ed0 => 0x25ea040 => 0x25ea260
20260910 015224.001 INFO             PET3       MODEL: Run intro {ES}:! <typekind: Real*8> <rank:    2> <dimCount:    2>
20260910 015224.001 INFO             PET3       MODEL: Run intro {ES}:! ! --- Array::log() start -----------------------------------
20260910 015224.001 INFO             PET3       MODEL: Run intro {ES}:! ! 0x25eb130
20260910 015224.001 INFO             PET3       MODEL: Run intro {ES}:! ! <name: rsns>
20260910 015224.001 INFO             PET3       MODEL: Run intro {ES}:! ! ! --- DistGrid::log() start --------------------------------
20260910 015224.001 INFO             PET3       MODEL: Run intro {ES}:! ! ! 0x25e47d0
20260910 015224.001 INFO             PET3       MODEL: Run intro {ES}:! ! ! DistGrid object is valid!<name: DG-Grid004-sloc:0>
20260910 015224.001 INFO             PET3       MODEL: Run intro {ES}:! ! ! --- DistGrid::log() end ----------------------------------
20260910 015224.001 INFO             PET3       MODEL: Run intro {ES}:! ! --- Array::log() end -------------------------------------
20260910 015224.001 INFO             PET3       MODEL: Run intro {ES}:!--- FieldLog() end -------------------
20260910 015224.001 INFO             PET3       MODEL: Run intro {ES}:--- StateLog() end -------------------
20260910 015224.001 INFO             PET3       >>>MODEL: entered Run (phase=RunPhase1) with current time:    0  1  1  0  0 30   0
20260910 015224.001 INFO             PET3       MODEL: time step-loop starting, current time:    0  1  1  0  0 30   0
20260910 015224.012 INFO             PET3       thread_num=   1   currentSsiPe=   4   num_threads=   3   max_threads=   3   num_procs=   8
20260910 015224.012 INFO             PET3       thread_num=   2   currentSsiPe=   0   num_threads=   3   max_threads=   3   num_procs=   8
20260910 015224.024 INFO             PET3       thread_num=   0   currentSsiPe=   0   num_threads=   3   max_threads=   3   num_procs=   8
20260910 015224.024 INFO             PET3       ---->Advancing Model from:    0  1  1  0  0 30   0
20260910 015224.024 INFO             PET3       ---------------------> to:    0  1  1  0  1  0   0
20260910 015224.024 INFO             PET3       MODEL: time step-loop ending,   current time:    0  1  1  0  1  0   0
20260910 015224.024 INFO             PET3       <<<MODEL: leaving Run (phase=RunPhase1) with current time:    0  1  1  0  1  0   0
20260910 015224.024 INFO             PET3       MODEL: Run extro {IS}:--- StateLog() start -----------------
20260910 015224.024 INFO             PET3       MODEL: Run extro {IS}:<name: MODEL-ImportState> <intent: ESMF_STATEINTENT_IMPORT> <itemCount:    0>
20260910 015224.024 INFO             PET3       MODEL: Run extro {IS}:--- StateLog() end -------------------
20260910 015224.024 INFO             PET3       MODEL: Run extro {ES}:--- StateLog() start -----------------
20260910 015224.024 INFO             PET3       MODEL: Run extro {ES}:<name: MODEL-ExportState> <intent: ESMF_STATEINTENT_EXPORT> <itemCount:    2>
20260910 015224.024 INFO             PET3       MODEL: Run extro {ES}:+-<item: 0001> <itemType: Field> <itemName: pmsl>
20260910 015224.024 INFO             PET3       MODEL: Run extro {ES}:!--- FieldLog() start -----------------
20260910 015224.024 INFO             PET3       MODEL: Run extro {ES}:! <name: pmsl> <fieldStatus: ESMF_FIELDSTATUS_COMPLETE>
20260910 015224.024 INFO             PET3       MODEL: Run extro {ES}:! 0x7ffd5eefa170 => 0x25e7460 => 0x25e7680
20260910 015224.024 INFO             PET3       MODEL: Run extro {ES}:! <typekind: Real*8> <rank:    2> <dimCount:    2>
20260910 015224.024 INFO             PET3       MODEL: Run extro {ES}:! ! --- Array::log() start -----------------------------------
20260910 015224.024 INFO             PET3       MODEL: Run extro {ES}:! ! 0x25e85d0
20260910 015224.024 INFO             PET3       MODEL: Run extro {ES}:! ! <name: pmsl>
20260910 015224.024 INFO             PET3       MODEL: Run extro {ES}:! ! ! --- DistGrid::log() start --------------------------------
20260910 015224.024 INFO             PET3       MODEL: Run extro {ES}:! ! ! 0x25e47d0
20260910 015224.024 INFO             PET3       MODEL: Run extro {ES}:! ! ! DistGrid object is valid!<name: DG-Grid004-sloc:0>
20260910 015224.024 INFO             PET3       MODEL: Run extro {ES}:! ! ! --- DistGrid::log() end ----------------------------------
20260910 015224.025 INFO             PET3       MODEL: Run extro {ES}:! ! --- Array::log() end -------------------------------------
20260910 015224.025 INFO             PET3       MODEL: Run extro {ES}:!--- FieldLog() end -------------------
20260910 015224.025 INFO             PET3       MODEL: Run extro {ES}:+-<item: 0002> <itemType: Field> <itemName: rsns>
20260910 015224.025 INFO             PET3       MODEL: Run extro {ES}:!--- FieldLog() start -----------------
20260910 015224.025 INFO             PET3       MODEL: Run extro {ES}:! <name: rsns> <fieldStatus: ESMF_FIELDSTATUS_COMPLETE>
20260910 015224.025 INFO             PET3       MODEL: Run extro {ES}:! 0x7ffd5eefa170 => 0x25ea040 => 0x25ea260
20260910 015224.025 INFO             PET3       MODEL: Run extro {ES}:! <typekind: Real*8> <rank:    2> <dimCount:    2>
20260910 015224.025 INFO             PET3       MODEL: Run extro {ES}:! ! --- Array::log() start -----------------------------------
20260910 015224.025 INFO             PET3       MODEL: Run extro {ES}:! ! 0x25eb130
20260910 015224.025 INFO             PET3       MODEL: Run extro {ES}:! ! <name: rsns>
20260910 015224.025 INFO             PET3       MODEL: Run extro {ES}:! ! ! --- DistGrid::log() start --------------------------------
20260910 015224.025 INFO             PET3       MODEL: Run extro {ES}:! ! ! 0x25e47d0
20260910 015224.025 INFO             PET3       MODEL: Run extro {ES}:! ! ! DistGrid object is valid!<name: DG-Grid004-sloc:0>
20260910 015224.025 INFO             PET3       MODEL: Run extro {ES}:! ! ! --- DistGrid::log() end ----------------------------------
20260910 015224.025 INFO             PET3       MODEL: Run extro {ES}:! ! --- Array::log() end -------------------------------------
20260910 015224.025 INFO             PET3       MODEL: Run extro {ES}:!--- FieldLog() end -------------------
20260910 015224.025 INFO             PET3       MODEL: Run extro {ES}:--- StateLog() end -------------------
20260910 015224.025 INFO             PET3     MODEL: Run extro.
20260910 015224.025 INFO             PET3     driver: RunSequence event loopLevel=   1  levelMember=   1  loopIteration=   3, current time:    0  1  1  0  1  0   0
20260910 015224.025 INFO             PET3     MODEL: Run intro.
20260910 015224.025 INFO             PET3       MODEL: Run intro {IS}:--- StateLog() start -----------------
20260910 015224.025 INFO             PET3       MODEL: Run intro {IS}:<name: MODEL-ImportState> <intent: ESMF_STATEINTENT_IMPORT> <itemCount:    0>
20260910 015224.025 INFO             PET3       MODEL: Run intro {IS}:--- StateLog() end -------------------
20260910 015224.025 INFO             PET3       MODEL: Run intro {ES}:--- StateLog() start -----------------
20260910 015224.025 INFO             PET3       MODEL: Run intro {ES}:<name: MODEL-ExportState> <intent: ESMF_STATEINTENT_EXPORT> <itemCount:    2>
20260910 015224.025 INFO             PET3       MODEL: Run intro {ES}:+-<item: 0001> <itemType: Field> <itemName: pmsl>
20260910 015224.025 INFO             PET3       MODEL: Run intro {ES}:!--- FieldLog() start -----------------
20260910 015224.025 INFO             PET3       MODEL: Run intro {ES}:! <name: pmsl> <fieldStatus: ESMF_FIELDSTATUS_COMPLETE>
20260910 015224.025 INFO             PET3       MODEL: Run intro {ES}:! 0x7ffd5eef9ed0 => 0x25e7460 => 0x25e7680
20260910 015224.025 INFO             PET3       MODEL: Run intro {ES}:! <typekind: Real*8> <rank:    2> <dimCount:    2>
20260910 015224.025 INFO             PET3       MODEL: Run intro {ES}:! ! --- Array::log() start -----------------------------------
20260910 015224.025 INFO             PET3       MODEL: Run intro {ES}:! ! 0x25e85d0
20260910 015224.025 INFO             PET3       MODEL: Run intro {ES}:! ! <name: pmsl>
20260910 015224.025 INFO             PET3       MODEL: Run intro {ES}:! ! ! --- DistGrid::log() start --------------------------------
20260910 015224.025 INFO             PET3       MODEL: Run intro {ES}:! ! ! 0x25e47d0
20260910 015224.025 INFO             PET3       MODEL: Run intro {ES}:! ! ! DistGrid object is valid!<name: DG-Grid004-sloc:0>
20260910 015224.025 INFO             PET3       MODEL: Run intro {ES}:! ! ! --- DistGrid::log() end ----------------------------------
20260910 015224.025 INFO             PET3       MODEL: Run intro {ES}:! ! --- Array::log() end -------------------------------------
20260910 015224.025 INFO             PET3       MODEL: Run intro {ES}:!--- FieldLog() end -------------------
20260910 015224.025 INFO             PET3       MODEL: Run intro {ES}:+-<item: 0002> <itemType: Field> <itemName: rsns>
20260910 015224.025 INFO             PET3       MODEL: Run intro {ES}:!--- FieldLog() start -----------------
20260910 015224.025 INFO             PET3       MODEL: Run intro {ES}:! <name: rsns> <fieldStatus: ESMF_FIELDSTATUS_COMPLETE>
20260910 015224.025 INFO             PET3       MODEL: Run intro {ES}:! 0x7ffd5eef9ed0 => 0x25ea040 => 0x25ea260
20260910 015224.025 INFO             PET3       MODEL: Run intro {ES}:! <typekind: Real*8> <rank:    2> <dimCount:    2>
20260910 015224.025 INFO             PET3       MODEL: Run intro {ES}:! ! --- Array::log() start -----------------------------------
20260910 015224.025 INFO             PET3       MODEL: Run intro {ES}:! ! 0x25eb130
20260910 015224.025 INFO             PET3       MODEL: Run intro {ES}:! ! <name: rsns>
20260910 015224.025 INFO             PET3       MODEL: Run intro {ES}:! ! ! --- DistGrid::log() start --------------------------------
20260910 015224.025 INFO             PET3       MODEL: Run intro {ES}:! ! ! 0x25e47d0
20260910 015224.025 INFO             PET3       MODEL: Run intro {ES}:! ! ! DistGrid object is valid!<name: DG-Grid004-sloc:0>
20260910 015224.025 INFO             PET3       MODEL: Run intro {ES}:! ! ! --- DistGrid::log() end ----------------------------------
20260910 015224.025 INFO             PET3       MODEL: Run intro {ES}:! ! --- Array::log() end -------------------------------------
20260910 015224.025 INFO             PET3       MODEL: Run intro {ES}:!--- FieldLog() end -------------------
20260910 015224.025 INFO             PET3       MODEL: Run intro {ES}:--- StateLog() end -------------------
20260910 015224.025 INFO             PET3       >>>MODEL: entered Run (phase=RunPhase1) with current time:    0  1  1  0  1  0   0
20260910 015224.025 INFO             PET3       MODEL: time step-loop starting, current time:    0  1  1  0  1  0   0
20260910 015224.039 INFO             PET3       thread_num=   0   currentSsiPe=   0   num_threads=   3   max_threads=   3   num_procs=   8
20260910 015224.039 INFO             PET3       thread_num=   2   currentSsiPe=   4   num_threads=   3   max_threads=   3   num_procs=   8
20260910 015224.048 INFO             PET3       thread_num=   1   currentSsiPe=   4   num_threads=   3   max_threads=   3   num_procs=   8
20260910 015224.048 INFO             PET3       ---->Advancing Model from:    0  1  1  0  1  0   0
20260910 015224.048 INFO             PET3       ---------------------> to:    0  1  1  0  1 30   0
20260910 015224.048 INFO             PET3       MODEL: time step-loop ending,   current time:    0  1  1  0  1 30   0
20260910 015224.048 INFO             PET3       <<<MODEL: leaving Run (phase=RunPhase1) with current time:    0  1  1  0  1 30   0
20260910 015224.048 INFO             PET3       MODEL: Run extro {IS}:--- StateLog() start -----------------
20260910 015224.048 INFO             PET3       MODEL: Run extro {IS}:<name: MODEL-ImportState> <intent: ESMF_STATEINTENT_IMPORT> <itemCount:    0>
20260910 015224.048 INFO             PET3       MODEL: Run extro {IS}:--- StateLog() end -------------------
20260910 015224.048 INFO             PET3       MODEL: Run extro {ES}:--- StateLog() start -----------------
20260910 015224.048 INFO             PET3       MODEL: Run extro {ES}:<name: MODEL-ExportState> <intent: ESMF_STATEINTENT_EXPORT> <itemCount:    2>
20260910 015224.048 INFO             PET3       MODEL: Run extro {ES}:+-<item: 0001> <itemType: Field> <itemName: pmsl>
20260910 015224.048 INFO             PET3       MODEL: Run extro {ES}:!--- FieldLog() start -----------------
20260910 015224.048 INFO             PET3       MODEL: Run extro {ES}:! <name: pmsl> <fieldStatus: ESMF_FIELDSTATUS_COMPLETE>
20260910 015224.048 INFO             PET3       MODEL: Run extro {ES}:! 0x7ffd5eefa170 => 0x25e7460 => 0x25e7680
20260910 015224.048 INFO             PET3       MODEL: Run extro {ES}:! <typekind: Real*8> <rank:    2> <dimCount:    2>
20260910 015224.049 INFO             PET3       MODEL: Run extro {ES}:! ! --- Array::log() start -----------------------------------
20260910 015224.049 INFO             PET3       MODEL: Run extro {ES}:! ! 0x25e85d0
20260910 015224.049 INFO             PET3       MODEL: Run extro {ES}:! ! <name: pmsl>
20260910 015224.049 INFO             PET3       MODEL: Run extro {ES}:! ! ! --- DistGrid::log() start --------------------------------
20260910 015224.049 INFO             PET3       MODEL: Run extro {ES}:! ! ! 0x25e47d0
20260910 015224.049 INFO             PET3       MODEL: Run extro {ES}:! ! ! DistGrid object is valid!<name: DG-Grid004-sloc:0>
20260910 015224.049 INFO             PET3       MODEL: Run extro {ES}:! ! ! --- DistGrid::log() end ----------------------------------
20260910 015224.049 INFO             PET3       MODEL: Run extro {ES}:! ! --- Array::log() end -------------------------------------
20260910 015224.049 INFO             PET3       MODEL: Run extro {ES}:!--- FieldLog() end -------------------
20260910 015224.049 INFO             PET3       MODEL: Run extro {ES}:+-<item: 0002> <itemType: Field> <itemName: rsns>
20260910 015224.049 INFO             PET3       MODEL: Run extro {ES}:!--- FieldLog() start -----------------
20260910 015224.049 INFO             PET3       MODEL: Run extro {ES}:! <name: rsns> <fieldStatus: ESMF_FIELDSTATUS_COMPLETE>
20260910 015224.049 INFO             PET3       MODEL: Run extro {ES}:! 0x7ffd5eefa170 => 0x25ea040 => 0x25ea260
20260910 015224.049 INFO             PET3       MODEL: Run extro {ES}:! <typekind: Real*8> <rank:    2> <dimCount:    2>
20260910 015224.049 INFO             PET3       MODEL: Run extro {ES}:! ! --- Array::log() start -----------------------------------
20260910 015224.049 INFO             PET3       MODEL: Run extro {ES}:! ! 0x25eb130
20260910 015224.049 INFO             PET3       MODEL: Run extro {ES}:! ! <name: rsns>
20260910 015224.049 INFO             PET3       MODEL: Run extro {ES}:! ! ! --- DistGrid::log() start --------------------------------
20260910 015224.049 INFO             PET3       MODEL: Run extro {ES}:! ! ! 0x25e47d0
20260910 015224.049 INFO             PET3       MODEL: Run extro {ES}:! ! ! DistGrid object is valid!<name: DG-Grid004-sloc:0>
20260910 015224.049 INFO             PET3       MODEL: Run extro {ES}:! ! ! --- DistGrid::log() end ----------------------------------
20260910 015224.049 INFO             PET3       MODEL: Run extro {ES}:! ! --- Array::log() end -------------------------------------
20260910 015224.049 INFO             PET3       MODEL: Run extro {ES}:!--- FieldLog() end -------------------
20260910 015224.049 INFO             PET3       MODEL: Run extro {ES}:--- StateLog() end -------------------
20260910 015224.049 INFO             PET3     MODEL: Run extro.
20260910 015224.049 INFO             PET3     driver: RunSequence event loopLevel=   1  levelMember=   1  loopIteration=   4, current time:    0  1  1  0  1 30   0
20260910 015224.049 INFO             PET3     MODEL: Run intro.
20260910 015224.049 INFO             PET3       MODEL: Run intro {IS}:--- StateLog() start -----------------
20260910 015224.049 INFO             PET3       MODEL: Run intro {IS}:<name: MODEL-ImportState> <intent: ESMF_STATEINTENT_IMPORT> <itemCount:    0>
20260910 015224.049 INFO             PET3       MODEL: Run intro {IS}:--- StateLog() end -------------------
20260910 015224.049 INFO             PET3       MODEL: Run intro {ES}:--- StateLog() start -----------------
20260910 015224.049 INFO             PET3       MODEL: Run intro {ES}:<name: MODEL-ExportState> <intent: ESMF_STATEINTENT_EXPORT> <itemCount:    2>
20260910 015224.049 INFO             PET3       MODEL: Run intro {ES}:+-<item: 0001> <itemType: Field> <itemName: pmsl>
20260910 015224.049 INFO             PET3       MODEL: Run intro {ES}:!--- FieldLog() start -----------------
20260910 015224.049 INFO             PET3       MODEL: Run intro {ES}:! <name: pmsl> <fieldStatus: ESMF_FIELDSTATUS_COMPLETE>
20260910 015224.049 INFO             PET3       MODEL: Run intro {ES}:! 0x7ffd5eef9ed0 => 0x25e7460 => 0x25e7680
20260910 015224.049 INFO             PET3       MODEL: Run intro {ES}:! <typekind: Real*8> <rank:    2> <dimCount:    2>
20260910 015224.049 INFO             PET3       MODEL: Run intro {ES}:! ! --- Array::log() start -----------------------------------
20260910 015224.049 INFO             PET3       MODEL: Run intro {ES}:! ! 0x25e85d0
20260910 015224.049 INFO             PET3       MODEL: Run intro {ES}:! ! <name: pmsl>
20260910 015224.049 INFO             PET3       MODEL: Run intro {ES}:! ! ! --- DistGrid::log() start --------------------------------
20260910 015224.049 INFO             PET3       MODEL: Run intro {ES}:! ! ! 0x25e47d0
20260910 015224.049 INFO             PET3       MODEL: Run intro {ES}:! ! ! DistGrid object is valid!<name: DG-Grid004-sloc:0>
20260910 015224.049 INFO             PET3       MODEL: Run intro {ES}:! ! ! --- DistGrid::log() end ----------------------------------
20260910 015224.049 INFO             PET3       MODEL: Run intro {ES}:! ! --- Array::log() end -------------------------------------
20260910 015224.049 INFO             PET3       MODEL: Run intro {ES}:!--- FieldLog() end -------------------
20260910 015224.049 INFO             PET3       MODEL: Run intro {ES}:+-<item: 0002> <itemType: Field> <itemName: rsns>
20260910 015224.049 INFO             PET3       MODEL: Run intro {ES}:!--- FieldLog() start -----------------
20260910 015224.049 INFO             PET3       MODEL: Run intro {ES}:! <name: rsns> <fieldStatus: ESMF_FIELDSTATUS_COMPLETE>
20260910 015224.049 INFO             PET3       MODEL: Run intro {ES}:! 0x7ffd5eef9ed0 => 0x25ea040 => 0x25ea260
20260910 015224.049 INFO             PET3       MODEL: Run intro {ES}:! <typekind: Real*8> <rank:    2> <dimCount:    2>
20260910 015224.049 INFO             PET3       MODEL: Run intro {ES}:! ! --- Array::log() start -----------------------------------
20260910 015224.049 INFO             PET3       MODEL: Run intro {ES}:! ! 0x25eb130
20260910 015224.049 INFO             PET3       MODEL: Run intro {ES}:! ! <name: rsns>
20260910 015224.049 INFO             PET3       MODEL: Run intro {ES}:! ! ! --- DistGrid::log() start --------------------------------
20260910 015224.049 INFO             PET3       MODEL: Run intro {ES}:! ! ! 0x25e47d0
20260910 015224.049 INFO             PET3       MODEL: Run intro {ES}:! ! ! DistGrid object is valid!<name: DG-Grid004-sloc:0>
20260910 015224.049 INFO             PET3       MODEL: Run intro {ES}:! ! ! --- DistGrid::log() end ----------------------------------
20260910 015224.049 INFO             PET3       MODEL: Run intro {ES}:! ! --- Array::log() end -------------------------------------
20260910 015224.049 INFO             PET3       MODEL: Run intro {ES}:!--- FieldLog() end -------------------
20260910 015224.049 INFO             PET3       MODEL: Run intro {ES}:--- StateLog() end -------------------
20260910 015224.049 INFO             PET3       >>>MODEL: entered Run (phase=RunPhase1) with current time:    0  1  1  0  1 30   0
20260910 015224.049 INFO             PET3       MODEL: time step-loop starting, current time:    0  1  1  0  1 30   0
20260910 015224.060 INFO             PET3       thread_num=   0   currentSsiPe=   0   num_threads=   3   max_threads=   3   num_procs=   8
20260910 015224.060 INFO             PET3       thread_num=   2   currentSsiPe=   4   num_threads=   3   max_threads=   3   num_procs=   8
20260910 015224.072 INFO             PET3       thread_num=   1   currentSsiPe=   4   num_threads=   3   max_threads=   3   num_procs=   8
20260910 015224.072 INFO             PET3       ---->Advancing Model from:    0  1  1  0  1 30   0
20260910 015224.072 INFO             PET3       ---------------------> to:    0  1  1  0  2  0   0
20260910 015224.072 INFO             PET3       MODEL: time step-loop ending,   current time:    0  1  1  0  2  0   0
20260910 015224.072 INFO             PET3       <<<MODEL: leaving Run (phase=RunPhase1) with current time:    0  1  1  0  2  0   0
20260910 015224.072 INFO             PET3       MODEL: Run extro {IS}:--- StateLog() start -----------------
20260910 015224.072 INFO             PET3       MODEL: Run extro {IS}:<name: MODEL-ImportState> <intent: ESMF_STATEINTENT_IMPORT> <itemCount:    0>
20260910 015224.072 INFO             PET3       MODEL: Run extro {IS}:--- StateLog() end -------------------
20260910 015224.072 INFO             PET3       MODEL: Run extro {ES}:--- StateLog() start -----------------
20260910 015224.072 INFO             PET3       MODEL: Run extro {ES}:<name: MODEL-ExportState> <intent: ESMF_STATEINTENT_EXPORT> <itemCount:    2>
20260910 015224.072 INFO             PET3       MODEL: Run extro {ES}:+-<item: 0001> <itemType: Field> <itemName: pmsl>
20260910 015224.072 INFO             PET3       MODEL: Run extro {ES}:!--- FieldLog() start -----------------
20260910 015224.072 INFO             PET3       MODEL: Run extro {ES}:! <name: pmsl> <fieldStatus: ESMF_FIELDSTATUS_COMPLETE>
20260910 015224.072 INFO             PET3       MODEL: Run extro {ES}:! 0x7ffd5eefa170 => 0x25e7460 => 0x25e7680
20260910 015224.072 INFO             PET3       MODEL: Run extro {ES}:! <typekind: Real*8> <rank:    2> <dimCount:    2>
20260910 015224.072 INFO             PET3       MODEL: Run extro {ES}:! ! --- Array::log() start -----------------------------------
20260910 015224.072 INFO             PET3       MODEL: Run extro {ES}:! ! 0x25e85d0
20260910 015224.072 INFO             PET3       MODEL: Run extro {ES}:! ! <name: pmsl>
20260910 015224.072 INFO             PET3       MODEL: Run extro {ES}:! ! ! --- DistGrid::log() start --------------------------------
20260910 015224.072 INFO             PET3       MODEL: Run extro {ES}:! ! ! 0x25e47d0
20260910 015224.072 INFO             PET3       MODEL: Run extro {ES}:! ! ! DistGrid object is valid!<name: DG-Grid004-sloc:0>
20260910 015224.072 INFO             PET3       MODEL: Run extro {ES}:! ! ! --- DistGrid::log() end ----------------------------------
20260910 015224.072 INFO             PET3       MODEL: Run extro {ES}:! ! --- Array::log() end -------------------------------------
20260910 015224.072 INFO             PET3       MODEL: Run extro {ES}:!--- FieldLog() end -------------------
20260910 015224.072 INFO             PET3       MODEL: Run extro {ES}:+-<item: 0002> <itemType: Field> <itemName: rsns>
20260910 015224.073 INFO             PET3       MODEL: Run extro {ES}:!--- FieldLog() start -----------------
20260910 015224.073 INFO             PET3       MODEL: Run extro {ES}:! <name: rsns> <fieldStatus: ESMF_FIELDSTATUS_COMPLETE>
20260910 015224.073 INFO             PET3       MODEL: Run extro {ES}:! 0x7ffd5eefa170 => 0x25ea040 => 0x25ea260
20260910 015224.073 INFO             PET3       MODEL: Run extro {ES}:! <typekind: Real*8> <rank:    2> <dimCount:    2>
20260910 015224.073 INFO             PET3       MODEL: Run extro {ES}:! ! --- Array::log() start -----------------------------------
20260910 015224.073 INFO             PET3       MODEL: Run extro {ES}:! ! 0x25eb130
20260910 015224.073 INFO             PET3       MODEL: Run extro {ES}:! ! <name: rsns>
20260910 015224.073 INFO             PET3       MODEL: Run extro {ES}:! ! ! --- DistGrid::log() start --------------------------------
20260910 015224.073 INFO             PET3       MODEL: Run extro {ES}:! ! ! 0x25e47d0
20260910 015224.073 INFO             PET3       MODEL: Run extro {ES}:! ! ! DistGrid object is valid!<name: DG-Grid004-sloc:0>
20260910 015224.073 INFO             PET3       MODEL: Run extro {ES}:! ! ! --- DistGrid::log() end ----------------------------------
20260910 015224.073 INFO             PET3       MODEL: Run extro {ES}:! ! --- Array::log() end -------------------------------------
20260910 015224.073 INFO             PET3       MODEL: Run extro {ES}:!--- FieldLog() end -------------------
20260910 015224.073 INFO             PET3       MODEL: Run extro {ES}:--- StateLog() end -------------------
20260910 015224.073 INFO             PET3     MODEL: Run extro.
20260910 015224.073 INFO             PET3     driver: RunSequence event loopLevel=   1  levelMember=   1  loopIteration=   5, current time:    0  1  1  0  2  0   0
20260910 015224.073 INFO             PET3     MODEL: Run intro.
20260910 015224.073 INFO             PET3       MODEL: Run intro {IS}:--- StateLog() start -----------------
20260910 015224.073 INFO             PET3       MODEL: Run intro {IS}:<name: MODEL-ImportState> <intent: ESMF_STATEINTENT_IMPORT> <itemCount:    0>
20260910 015224.073 INFO             PET3       MODEL: Run intro {IS}:--- StateLog() end -------------------
20260910 015224.073 INFO             PET3       MODEL: Run intro {ES}:--- StateLog() start -----------------
20260910 015224.073 INFO             PET3       MODEL: Run intro {ES}:<name: MODEL-ExportState> <intent: ESMF_STATEINTENT_EXPORT> <itemCount:    2>
20260910 015224.073 INFO             PET3       MODEL: Run intro {ES}:+-<item: 0001> <itemType: Field> <itemName: pmsl>
20260910 015224.073 INFO             PET3       MODEL: Run intro {ES}:!--- FieldLog() start -----------------
20260910 015224.073 INFO             PET3       MODEL: Run intro {ES}:! <name: pmsl> <fieldStatus: ESMF_FIELDSTATUS_COMPLETE>
20260910 015224.073 INFO             PET3       MODEL: Run intro {ES}:! 0x7ffd5eef9ed0 => 0x25e7460 => 0x25e7680
20260910 015224.073 INFO             PET3       MODEL: Run intro {ES}:! <typekind: Real*8> <rank:    2> <dimCount:    2>
20260910 015224.073 INFO             PET3       MODEL: Run intro {ES}:! ! --- Array::log() start -----------------------------------
20260910 015224.073 INFO             PET3       MODEL: Run intro {ES}:! ! 0x25e85d0
20260910 015224.073 INFO             PET3       MODEL: Run intro {ES}:! ! <name: pmsl>
20260910 015224.073 INFO             PET3       MODEL: Run intro {ES}:! ! ! --- DistGrid::log() start --------------------------------
20260910 015224.073 INFO             PET3       MODEL: Run intro {ES}:! ! ! 0x25e47d0
20260910 015224.073 INFO             PET3       MODEL: Run intro {ES}:! ! ! DistGrid object is valid!<name: DG-Grid004-sloc:0>
20260910 015224.073 INFO             PET3       MODEL: Run intro {ES}:! ! ! --- DistGrid::log() end ----------------------------------
20260910 015224.073 INFO             PET3       MODEL: Run intro {ES}:! ! --- Array::log() end -------------------------------------
20260910 015224.073 INFO             PET3       MODEL: Run intro {ES}:!--- FieldLog() end -------------------
20260910 015224.073 INFO             PET3       MODEL: Run intro {ES}:+-<item: 0002> <itemType: Field> <itemName: rsns>
20260910 015224.073 INFO             PET3       MODEL: Run intro {ES}:!--- FieldLog() start -----------------
20260910 015224.073 INFO             PET3       MODEL: Run intro {ES}:! <name: rsns> <fieldStatus: ESMF_FIELDSTATUS_COMPLETE>
20260910 015224.073 INFO             PET3       MODEL: Run intro {ES}:! 0x7ffd5eef9ed0 => 0x25ea040 => 0x25ea260
20260910 015224.073 INFO             PET3       MODEL: Run intro {ES}:! <typekind: Real*8> <rank:    2> <dimCount:    2>
20260910 015224.073 INFO             PET3       MODEL: Run intro {ES}:! ! --- Array::log() start -----------------------------------
20260910 015224.073 INFO             PET3       MODEL: Run intro {ES}:! ! 0x25eb130
20260910 015224.073 INFO             PET3       MODEL: Run intro {ES}:! ! <name: rsns>
20260910 015224.073 INFO             PET3       MODEL: Run intro {ES}:! ! ! --- DistGrid::log() start --------------------------------
20260910 015224.073 INFO             PET3       MODEL: Run intro {ES}:! ! ! 0x25e47d0
20260910 015224.073 INFO             PET3       MODEL: Run intro {ES}:! ! ! DistGrid object is valid!<name: DG-Grid004-sloc:0>
20260910 015224.073 INFO             PET3       MODEL: Run intro {ES}:! ! ! --- DistGrid::log() end ----------------------------------
20260910 015224.073 INFO             PET3       MODEL: Run intro {ES}:! ! --- Array::log() end -------------------------------------
20260910 015224.073 INFO             PET3       MODEL: Run intro {ES}:!--- FieldLog() end -------------------
20260910 015224.073 INFO             PET3       MODEL: Run intro {ES}:--- StateLog() end -------------------
20260910 015224.073 INFO             PET3       >>>MODEL: entered Run (phase=RunPhase1) with current time:    0  1  1  0  2  0   0
20260910 015224.073 INFO             PET3       MODEL: time step-loop starting, current time:    0  1  1  0  2  0   0
20260910 015224.084 INFO             PET3       thread_num=   0   currentSsiPe=   0   num_threads=   3   max_threads=   3   num_procs=   8
20260910 015224.084 INFO             PET3       thread_num=   2   currentSsiPe=   4   num_threads=   3   max_threads=   3   num_procs=   8
20260910 015224.094 INFO             PET3       thread_num=   1   currentSsiPe=   4   num_threads=   3   max_threads=   3   num_procs=   8
20260910 015224.094 INFO             PET3       ---->Advancing Model from:    0  1  1  0  2  0   0
20260910 015224.094 INFO             PET3       ---------------------> to:    0  1  1  0  2 30   0
20260910 015224.094 INFO             PET3       MODEL: time step-loop ending,   current time:    0  1  1  0  2 30   0
20260910 015224.094 INFO             PET3       <<<MODEL: leaving Run (phase=RunPhase1) with current time:    0  1  1  0  2 30   0
20260910 015224.094 INFO             PET3       MODEL: Run extro {IS}:--- StateLog() start -----------------
20260910 015224.094 INFO             PET3       MODEL: Run extro {IS}:<name: MODEL-ImportState> <intent: ESMF_STATEINTENT_IMPORT> <itemCount:    0>
20260910 015224.094 INFO             PET3       MODEL: Run extro {IS}:--- StateLog() end -------------------
20260910 015224.094 INFO             PET3       MODEL: Run extro {ES}:--- StateLog() start -----------------
20260910 015224.094 INFO             PET3       MODEL: Run extro {ES}:<name: MODEL-ExportState> <intent: ESMF_STATEINTENT_EXPORT> <itemCount:    2>
20260910 015224.094 INFO             PET3       MODEL: Run extro {ES}:+-<item: 0001> <itemType: Field> <itemName: pmsl>
20260910 015224.094 INFO             PET3       MODEL: Run extro {ES}:!--- FieldLog() start -----------------
20260910 015224.094 INFO             PET3       MODEL: Run extro {ES}:! <name: pmsl> <fieldStatus: ESMF_FIELDSTATUS_COMPLETE>
20260910 015224.094 INFO             PET3       MODEL: Run extro {ES}:! 0x7ffd5eefa170 => 0x25e7460 => 0x25e7680
20260910 015224.094 INFO             PET3       MODEL: Run extro {ES}:! <typekind: Real*8> <rank:    2> <dimCount:    2>
20260910 015224.094 INFO             PET3       MODEL: Run extro {ES}:! ! --- Array::log() start -----------------------------------
20260910 015224.094 INFO             PET3       MODEL: Run extro {ES}:! ! 0x25e85d0
20260910 015224.094 INFO             PET3       MODEL: Run extro {ES}:! ! <name: pmsl>
20260910 015224.094 INFO             PET3       MODEL: Run extro {ES}:! ! ! --- DistGrid::log() start --------------------------------
20260910 015224.094 INFO             PET3       MODEL: Run extro {ES}:! ! ! 0x25e47d0
20260910 015224.094 INFO             PET3       MODEL: Run extro {ES}:! ! ! DistGrid object is valid!<name: DG-Grid004-sloc:0>
20260910 015224.094 INFO             PET3       MODEL: Run extro {ES}:! ! ! --- DistGrid::log() end ----------------------------------
20260910 015224.094 INFO             PET3       MODEL: Run extro {ES}:! ! --- Array::log() end -------------------------------------
20260910 015224.094 INFO             PET3       MODEL: Run extro {ES}:!--- FieldLog() end -------------------
20260910 015224.094 INFO             PET3       MODEL: Run extro {ES}:+-<item: 0002> <itemType: Field> <itemName: rsns>
20260910 015224.094 INFO             PET3       MODEL: Run extro {ES}:!--- FieldLog() start -----------------
20260910 015224.094 INFO             PET3       MODEL: Run extro {ES}:! <name: rsns> <fieldStatus: ESMF_FIELDSTATUS_COMPLETE>
20260910 015224.094 INFO             PET3       MODEL: Run extro {ES}:! 0x7ffd5eefa170 => 0x25ea040 => 0x25ea260
20260910 015224.094 INFO             PET3       MODEL: Run extro {ES}:! <typekind: Real*8> <rank:    2> <dimCount:    2>
20260910 015224.094 INFO             PET3       MODEL: Run extro {ES}:! ! --- Array::log() start -----------------------------------
20260910 015224.094 INFO             PET3       MODEL: Run extro {ES}:! ! 0x25eb130
20260910 015224.094 INFO             PET3       MODEL: Run extro {ES}:! ! <name: rsns>
20260910 015224.094 INFO             PET3       MODEL: Run extro {ES}:! ! ! --- DistGrid::log() start --------------------------------
20260910 015224.094 INFO             PET3       MODEL: Run extro {ES}:! ! ! 0x25e47d0
20260910 015224.094 INFO             PET3       MODEL: Run extro {ES}:! ! ! DistGrid object is valid!<name: DG-Grid004-sloc:0>
20260910 015224.094 INFO             PET3       MODEL: Run extro {ES}:! ! ! --- DistGrid::log() end ----------------------------------
20260910 015224.094 INFO             PET3       MODEL: Run extro {ES}:! ! --- Array::log() end -------------------------------------
20260910 015224.094 INFO             PET3       MODEL: Run extro {ES}:!--- FieldLog() end -------------------
20260910 015224.094 INFO             PET3       MODEL: Run extro {ES}:--- StateLog() end -------------------
20260910 015224.094 INFO             PET3     MODEL: Run extro.
20260910 015224.094 INFO             PET3   driver: end <--------- RunSequence
20260910 015224.094 INFO             PET3   <<<driver: leaving Run (phase=RunPhase1) with current time:    0  1  1  0  2 30   0
20260910 015224.094 INFO             PET3   driver: Run extro {IS}:--- StateLog() start -----------------
20260910 015224.094 INFO             PET3   driver: Run extro {IS}:State object is invalid! Not created or deleted!
20260910 015224.094 INFO             PET3   driver: Run extro {IS}:--- StateLog() end -------------------
20260910 015224.094 INFO             PET3   driver: Run extro {ES}:--- StateLog() start -----------------
20260910 015224.094 INFO             PET3   driver: Run extro {ES}:State object is invalid! Not created or deleted!
20260910 015224.094 INFO             PET3   driver: Run extro {ES}:--- StateLog() end -------------------
20260910 015224.094 INFO             PET3 driver: Run extro.
20260910 015224.094 INFO             PET3 driver: Finalize intro.
20260910 015224.094 INFO             PET3   driver: Finalize intro {IS}:--- StateLog() start -----------------
20260910 015224.094 INFO             PET3   driver: Finalize intro {IS}:State object is invalid! Not created or deleted!
20260910 015224.094 INFO             PET3   driver: Finalize intro {IS}:--- StateLog() end -------------------
20260910 015224.094 INFO             PET3   driver: Finalize intro {ES}:--- StateLog() start -----------------
20260910 015224.094 INFO             PET3   driver: Finalize intro {ES}:State object is invalid! Not created or deleted!
20260910 015224.094 INFO             PET3   driver: Finalize intro {ES}:--- StateLog() end -------------------
20260910 015224.094 INFO             PET3   >>>driver: entered Finalize (phase=FinalizePhase1) with current time:    0  1  1  0  2 30   0
20260910 015224.094 INFO             PET3   Calling Finalize phase 1 for modelComp: MODEL
20260910 015224.094 INFO             PET3   MODEL: Finalize intro.
20260910 015224.094 INFO             PET3     MODEL: Finalize intro {IS}:--- StateLog() start -----------------
20260910 015224.094 INFO             PET3     MODEL: Finalize intro {IS}:<name: MODEL-ImportState> <intent: ESMF_STATEINTENT_IMPORT> <itemCount:    0>
20260910 015224.094 INFO             PET3     MODEL: Finalize intro {IS}:--- StateLog() end -------------------
20260910 015224.094 INFO             PET3     MODEL: Finalize intro {ES}:--- StateLog() start -----------------
20260910 015224.094 INFO             PET3     MODEL: Finalize intro {ES}:<name: MODEL-ExportState> <intent: ESMF_STATEINTENT_EXPORT> <itemCount:    2>
20260910 015224.094 INFO             PET3     MODEL: Finalize intro {ES}:+-<item: 0001> <itemType: Field> <itemName: pmsl>
20260910 015224.094 INFO             PET3     MODEL: Finalize intro {ES}:!--- FieldLog() start -----------------
20260910 015224.094 INFO             PET3     MODEL: Finalize intro {ES}:! <name: pmsl> <fieldStatus: ESMF_FIELDSTATUS_COMPLETE>
20260910 015224.094 INFO             PET3     MODEL: Finalize intro {ES}:! 0x7ffd5eefa7c0 => 0x25e7460 => 0x25e7680
20260910 015224.094 INFO             PET3     MODEL: Finalize intro {ES}:! <typekind: Real*8> <rank:    2> <dimCount:    2>
20260910 015224.094 INFO             PET3     MODEL: Finalize intro {ES}:! ! --- Array::log() start -----------------------------------
20260910 015224.094 INFO             PET3     MODEL: Finalize intro {ES}:! ! 0x25e85d0
20260910 015224.094 INFO             PET3     MODEL: Finalize intro {ES}:! ! <name: pmsl>
20260910 015224.094 INFO             PET3     MODEL: Finalize intro {ES}:! ! ! --- DistGrid::log() start --------------------------------
20260910 015224.094 INFO             PET3     MODEL: Finalize intro {ES}:! ! ! 0x25e47d0
20260910 015224.094 INFO             PET3     MODEL: Finalize intro {ES}:! ! ! DistGrid object is valid!<name: DG-Grid004-sloc:0>
20260910 015224.094 INFO             PET3     MODEL: Finalize intro {ES}:! ! ! --- DistGrid::log() end ----------------------------------
20260910 015224.094 INFO             PET3     MODEL: Finalize intro {ES}:! ! --- Array::log() end -------------------------------------
20260910 015224.094 INFO             PET3     MODEL: Finalize intro {ES}:!--- FieldLog() end -------------------
20260910 015224.094 INFO             PET3     MODEL: Finalize intro {ES}:+-<item: 0002> <itemType: Field> <itemName: rsns>
20260910 015224.094 INFO             PET3     MODEL: Finalize intro {ES}:!--- FieldLog() start -----------------
20260910 015224.094 INFO             PET3     MODEL: Finalize intro {ES}:! <name: rsns> <fieldStatus: ESMF_FIELDSTATUS_COMPLETE>
20260910 015224.094 INFO             PET3     MODEL: Finalize intro {ES}:! 0x7ffd5eefa7c0 => 0x25ea040 => 0x25ea260
20260910 015224.094 INFO             PET3     MODEL: Finalize intro {ES}:! <typekind: Real*8> <rank:    2> <dimCount:    2>
20260910 015224.094 INFO             PET3     MODEL: Finalize intro {ES}:! ! --- Array::log() start -----------------------------------
20260910 015224.094 INFO             PET3     MODEL: Finalize intro {ES}:! ! 0x25eb130
20260910 015224.094 INFO             PET3     MODEL: Finalize intro {ES}:! ! <name: rsns>
20260910 015224.094 INFO             PET3     MODEL: Finalize intro {ES}:! ! ! --- DistGrid::log() start --------------------------------
20260910 015224.094 INFO             PET3     MODEL: Finalize intro {ES}:! ! ! 0x25e47d0
20260910 015224.094 INFO             PET3     MODEL: Finalize intro {ES}:! ! ! DistGrid object is valid!<name: DG-Grid004-sloc:0>
20260910 015224.094 INFO             PET3     MODEL: Finalize intro {ES}:! ! ! --- DistGrid::log() end ----------------------------------
20260910 015224.094 INFO             PET3     MODEL: Finalize intro {ES}:! ! --- Array::log() end -------------------------------------
20260910 015224.094 INFO             PET3     MODEL: Finalize intro {ES}:!--- FieldLog() end -------------------
20260910 015224.094 INFO             PET3     MODEL: Finalize intro {ES}:--- StateLog() end -------------------
20260910 015224.094 INFO             PET3     >>>MODEL: entered Finalize (phase=FinalizePhase1) with current time:    0  1  1  0  2 30   0
20260910 015224.095 INFO             PET3     <<<MODEL: leaving Finalize (phase=FinalizePhase1) with current time:    0  1  1  0  2 30   0
20260910 015224.095 INFO             PET3   MODEL: Finalize extro.
20260910 015224.095 INFO             PET3   Delete modelComp: MODEL
20260910 015224.095 INFO             PET3   Delete Import-/Export State for modelComp: MODEL
20260910 015224.095 INFO             PET3   <<<driver: leaving Finalize (phase=FinalizePhase1) with current time:    0  1  1  0  2 30   0
20260910 015224.095 INFO             PET3 driver: Finalize extro.
20260910 015224.095 INFO             PET3 mainApp FINISHED
20260910 015224.095 INFO             PET3  Finalizing ESMF
